id,title,author,pub_date,venue,volume,issue,page,type,publisher,editor
omid:br/0601016198 doi:10.15468/dl.iao1ag,GBIF Occurrence Download,Occdownload Gbif.Org [omid:ra/0602935261],2018,,,,,dataset,The Global Biodiversity Information Facility [omid:ra/0602935262],
omid:br/0601016199 doi:10.15468/dl.iao4vb,GBIF Occurrence Download,Occdownload Gbif.Org [omid:ra/0602935263],2016,,,,,dataset,The Global Biodiversity Information Facility [omid:ra/0602935264],
omid:br/06010162 doi:10.15468/dl.xxzz46,Occurrence Download,Occdownload Gbif.Org [omid:ra/06029512],2021,,,,,dataset,The Global Biodiversity Information Facility [omid:ra/06029513],
omid:br/060101620 doi:10.1594/pangaea.186528,Nutrients Measured On Water Bottle Samples At Station FLUPAC_002,"Rodier, Martine [omid:ra/061507194 orcid:0000-0003-0339-7587]; Blain, Stéphane [omid:ra/060219516]; Eldin, Gérard [omid:ra/060219517]",2004,,,,,dataset,Pangaea - Data Publisher For Earth & Environmental Science [omid:ra/060219518],
omid:br/0601016200 doi:10.15468/dl.iao8m3,Occurrence Download,Occdownload Gbif.Org [omid:ra/0602935265],2019,,,,,dataset,The Global Biodiversity Information Facility [omid:ra/0602935266],
omid:br/0601016201 doi:10.15468/dl.iao8yn,GBIF Occurrence Download,Occdownload Gbif.Org [omid:ra/0602935267],2018,,,,,dataset,The Global Biodiversity Information Facility [omid:ra/0602935268],
omid:br/0601016202 doi:10.15468/dl.iaoali,GBIF Occurrence Download,Occdownload Gbif.Org [omid:ra/0602935269],2019,,,,,dataset,The Global Biodiversity Information Facility [omid:ra/0602935270],
omid:br/0601016203 doi:10.15468/dl.iaoat3,GBIF Occurrence Download,Occdownload Gbif.Org [omid:ra/0602935271],2017,,,,,dataset,The Global Biodiversity Information Facility [omid:ra/0602935272],
omid:br/0601016204 doi:10.15468/dl.iaoekh,GBIF Occurrence Download,Occdownload Gbif.Org [omid:ra/0602935273],2016,,,,,dataset,The Global Biodiversity Information Facility [omid:ra/0602935274],
omid:br/0601016205 doi:10.15468/dl.iaoela,GBIF Occurrence Download,Occdownload Gbif.Org [omid:ra/0602935275],2015,,,,,dataset,The Global Biodiversity Information Facility [omid:ra/0602935276],
omid:br/0601016206 doi:10.15468/dl.iaoeme,GBIF Occurrence Download,Occdownload Gbif.Org [omid:ra/0602935277],2018,,,,,dataset,The Global Biodiversity Information Facility [omid:ra/0602935278],
omid:br/0601016207 doi:10.15468/dl.iaoep5,GBIF Occurrence Download,Occdownload Gbif.Org [omid:ra/0602935279],2017,,,,,dataset,The Global Biodiversity Information Facility [omid:ra/0602935280],
omid:br/0601016208 doi:10.15468/dl.iaoixt,GBIF Occurrence Download,Occdownload Gbif.Org [omid:ra/0602935281],2019,,,,,dataset,The Global Biodiversity Information Facility [omid:ra/0602935282],
omid:br/0601016209 doi:10.15468/dl.iaojqw,Occurrence Download,Occdownload Gbif.Org [omid:ra/0602935283],2020,,,,,dataset,The Global Biodiversity Information Facility [omid:ra/0602935284],
omid:br/060101621 doi:10.1594/pangaea.186529,Nutrients Measured On Water Bottle Samples At Station FLUPAC_003,"Rodier, Martine [omid:ra/061507194 orcid:0000-0003-0339-7587]; Blain, Stéphane [omid:ra/060219519]; Eldin, Gérard [omid:ra/060219520]",2004,,,,,dataset,Pangaea - Data Publisher For Earth & Environmental Science [omid:ra/060219521],
omid:br/0601016210 doi:10.15468/dl.iaokwr,Occurrence Download,Occdownload Gbif.Org [omid:ra/0602935285],2020,,,,,dataset,The Global Biodiversity Information Facility [omid:ra/0602935286],
omid:br/0601016211 doi:10.15468/dl.iaol2j,GBIF Occurrence Download,Occdownload Gbif.Org [omid:ra/0602935287],2018,,,,,dataset,The Global Biodiversity Information Facility [omid:ra/0602935288],
omid:br/0601016212 doi:10.15468/dl.iaoluo,Occurrence Download,Occdownload Gbif.Org [omid:ra/0602935289],2019,,,,,dataset,The Global Biodiversity Information Facility [omid:ra/0602935290],
omid:br/0601016213 doi:10.15468/dl.iaomnz,GBIF Occurrence Download,Occdownload Gbif.Org [omid:ra/0602935291],2018,,,,,dataset,The Global Biodiversity Information Facility [omid:ra/0602935292],
omid:br/0601016214 doi:10.15468/dl.iaongj,GBIF Occurrence Download,Occdownload Gbif.Org [omid:ra/0602935293],2019,,,,,dataset,The Global Biodiversity Information Facility [omid:ra/0602935294],
omid:br/0601016215 doi:10.15468/dl.iaoq5n,GBIF Occurrence Download,Occdownload Gbif.Org [omid:ra/0602935295],2018,,,,,dataset,The Global Biodiversity Information Facility [omid:ra/0602935296],
omid:br/0601016216 doi:10.15468/dl.iaor2s,GBIF Occurrence Download,Occdownload Gbif.Org [omid:ra/0602935297],2017,,,,,dataset,The Global Biodiversity Information Facility [omid:ra/0602935298],
omid:br/0601016217 doi:10.15468/dl.iaosb6,GBIF Occurrence Download,Occdownload Gbif.Org [omid:ra/0602935299],2019,,,,,dataset,The Global Biodiversity Information Facility [omid:ra/0602935300],
omid:br/0601016218 doi:10.15468/dl.iaosm4,GBIF Occurrence Download,Occdownload Gbif.Org [omid:ra/0602935301],2016,,,,,dataset,The Global Biodiversity Information Facility [omid:ra/0602935302],
omid:br/0601016219 doi:10.15468/dl.iaottp,Occurrence Download,Occdownload Gbif.Org [omid:ra/0602935303],2020,,,,,dataset,The Global Biodiversity Information Facility [omid:ra/0602935304],
omid:br/060101622 doi:10.1594/pangaea.186530,Nutrients Measured On Water Bottle Samples At Station FLUPAC_004,"Rodier, Martine [omid:ra/061507194 orcid:0000-0003-0339-7587]; Blain, Stéphane [omid:ra/060219522]; Eldin, Gérard [omid:ra/060219523]",2004,,,,,dataset,Pangaea - Data Publisher For Earth & Environmental Science [omid:ra/060219524],
omid:br/0601016220 doi:10.15468/dl.iaou4c,GBIF Occurrence Download,Occdownload Gbif.Org [omid:ra/0602935305],2019,,,,,dataset,The Global Biodiversity Information Facility [omid:ra/0602935306],
omid:br/0601016221 doi:10.15468/dl.iaouml,GBIF Occurrence Download,Occdownload Gbif.Org [omid:ra/0602935307],2017,,,,,dataset,The Global Biodiversity Information Facility [omid:ra/0602935308],
omid:br/0601016222 doi:10.15468/dl.iaov3k,GBIF Occurrence Download,Occdownload Gbif.Org [omid:ra/0602935309],2016,,,,,dataset,The Global Biodiversity Information Facility [omid:ra/0602935310],
omid:br/0601016223 doi:10.15468/dl.iaowhd,GBIF Occurrence Download,Occdownload Gbif.Org [omid:ra/0602935311],2015,,,,,dataset,The Global Biodiversity Information Facility [omid:ra/0602935312],
omid:br/0601016224 doi:10.15468/dl.iaowi1,GBIF Occurrence Download,Occdownload Gbif.Org [omid:ra/0602935313],2017,,,,,dataset,The Global Biodiversity Information Facility [omid:ra/0602935314],
omid:br/0601016225 doi:10.15468/dl.iaoz0g,GBIF Occurrence Download,Occdownload Gbif.Org [omid:ra/0602935315],2019,,,,,dataset,The Global Biodiversity Information Facility [omid:ra/0602935316],
omid:br/0601016226 doi:10.15468/dl.iap6tw,GBIF Occurrence Download,Occdownload Gbif.Org [omid:ra/0602935317],2017,,,,,dataset,The Global Biodiversity Information Facility [omid:ra/0602935318],
omid:br/0601016227 doi:10.15468/dl.iap8cw,GBIF Occurrence Download,Occdownload Gbif.Org [omid:ra/0602935319],2018,,,,,dataset,The Global Biodiversity Information Facility [omid:ra/0602935320],
omid:br/0601016228 doi:10.15468/dl.iap8im,GBIF Occurrence Download,Occdownload Gbif.Org [omid:ra/0602935321],2018,,,,,dataset,The Global Biodiversity Information Facility [omid:ra/0602935322],
omid:br/0601016229 doi:10.15468/dl.iap8xc,GBIF Occurrence Download,Occdownload Gbif.Org [omid:ra/0602935323],2017,,,,,dataset,The Global Biodiversity Information Facility [omid:ra/0602935324],
omid:br/060101623 doi:10.1594/pangaea.186531,Nutrients Measured On Water Bottle Samples At Station FLUPAC_005,"Rodier, Martine [omid:ra/061507194 orcid:0000-0003-0339-7587]; Blain, Stéphane [omid:ra/060219525]; Eldin, Gérard [omid:ra/060219526]",2004,,,,,dataset,Pangaea - Data Publisher For Earth & Environmental Science [omid:ra/060219527],
omid:br/0601016230 doi:10.15468/dl.iap9sz,Occurrence Download,Occdownload Gbif.Org [omid:ra/0602935325],2020,,,,,dataset,The Global Biodiversity Information Facility [omid:ra/0602935326],
omid:br/0601016231 doi:10.15468/dl.iapdte,GBIF Occurrence Download,Occdownload Gbif.Org [omid:ra/0602935327],2015,,,,,dataset,The Global Biodiversity Information Facility [omid:ra/0602935328],
omid:br/0601016232 doi:10.15468/dl.iapgqs,GBIF Occurrence Download,Occdownload Gbif.Org [omid:ra/0602935329],2019,,,,,dataset,The Global Biodiversity Information Facility [omid:ra/0602935330],
omid:br/0601016233 doi:10.15468/dl.iapiwm,GBIF Occurrence Download,Occdownload Gbif.Org [omid:ra/0602935331],2017,,,,,dataset,The Global Biodiversity Information Facility [omid:ra/0602935332],
omid:br/0601016234 doi:10.15468/dl.iapjsm,GBIF Occurrence Download,Occdownload Gbif.Org [omid:ra/0602935333],2015,,,,,dataset,The Global Biodiversity Information Facility [omid:ra/0602935334],
omid:br/0601016235 doi:10.15468/dl.iapkak,GBIF Occurrence Download,Occdownload Gbif.Org [omid:ra/0602935335],2019,,,,,dataset,The Global Biodiversity Information Facility [omid:ra/0602935336],
omid:br/0601016236 doi:10.15468/dl.iapkl5,GBIF Occurrence Download,Occdownload Gbif.Org [omid:ra/0602935337],2016,,,,,dataset,The Global Biodiversity Information Facility [omid:ra/0602935338],
omid:br/0601016237 doi:10.15468/dl.iaplud,GBIF Occurrence Download,Occdownload Gbif.Org [omid:ra/0602935339],2016,,,,,dataset,The Global Biodiversity Information Facility [omid:ra/0602935340],
omid:br/0601016238 doi:10.15468/dl.iapnkn,GBIF Occurrence Download,Occdownload Gbif.Org [omid:ra/0602935341],2018,,,,,dataset,The Global Biodiversity Information Facility [omid:ra/0602935342],
omid:br/0601016239 doi:10.15468/dl.iappvt,GBIF Occurrence Download,Occdownload Gbif.Org [omid:ra/0602935343],2018,,,,,dataset,The Global Biodiversity Information Facility [omid:ra/0602935344],
omid:br/060101624 doi:10.1594/pangaea.186532,Nutrients Measured On Water Bottle Samples At Station FLUPAC_006,"Rodier, Martine [omid:ra/061507194 orcid:0000-0003-0339-7587]; Blain, Stéphane [omid:ra/060219528]; Eldin, Gérard [omid:ra/060219529]",2004,,,,,dataset,Pangaea - Data Publisher For Earth & Environmental Science [omid:ra/060219530],
omid:br/0601016240 doi:10.15468/dl.iapryu,Occurrence Download,Occdownload Gbif.Org [omid:ra/0602935345],2020,,,,,dataset,The Global Biodiversity Information Facility [omid:ra/0602935346],
omid:br/0601016241 doi:10.15468/dl.iaptfz,GBIF Occurrence Download,Occdownload Gbif.Org [omid:ra/0602935347],2016,,,,,dataset,The Global Biodiversity Information Facility [omid:ra/0602935348],
omid:br/0601016242 doi:10.15468/dl.iapv2m,GBIF Occurrence Download,Occdownload Gbif.Org [omid:ra/0602935349],2018,,,,,dataset,The Global Biodiversity Information Facility [omid:ra/0602935350],
omid:br/0601016243 doi:10.15468/dl.iapxjc,GBIF Occurrence Download,Occdownload Gbif.Org [omid:ra/0602935351],2016,,,,,dataset,The Global Biodiversity Information Facility [omid:ra/0602935352],
omid:br/0601016244 doi:10.15468/dl.iapzw9,GBIF Occurrence Download,Occdownload Gbif.Org [omid:ra/0602935353],2015,,,,,dataset,The Global Biodiversity Information Facility [omid:ra/0602935354],
omid:br/0601016245 doi:10.15468/dl.iaq2qh,Occurrence Download,Occdownload Gbif.Org [omid:ra/0602935355],2019,,,,,dataset,The Global Biodiversity Information Facility [omid:ra/0602935356],
omid:br/0601016246 doi:10.15468/dl.iaq31a,Occurrence Download,Occdownload Gbif.Org [omid:ra/0602935357],2020,,,,,dataset,The Global Biodiversity Information Facility [omid:ra/0602935358],
omid:br/0601016247 doi:10.15468/dl.iaq5oy,GBIF Occurrence Download,Occdownload Gbif.Org [omid:ra/0602935359],2018,,,,,dataset,The Global Biodiversity Information Facility [omid:ra/0602935360],
omid:br/0601016248 doi:10.15468/dl.iaq7gn,GBIF Occurrence Download,Occdownload Gbif.Org [omid:ra/0602935361],2018,,,,,dataset,The Global Biodiversity Information Facility [omid:ra/0602935362],
omid:br/0601016249 doi:10.15468/dl.iaq87h,GBIF Occurrence Download,Occdownload Gbif.Org [omid:ra/0602935363],2017,,,,,dataset,The Global Biodiversity Information Facility [omid:ra/0602935364],
omid:br/060101625 doi:10.1594/pangaea.186533,Nutrients Measured On Water Bottle Samples At Station FLUPAC_007,"Rodier, Martine [omid:ra/061507194 orcid:0000-0003-0339-7587]; Blain, Stéphane [omid:ra/060219531]; Eldin, Gérard [omid:ra/060219532]",2004,,,,,dataset,Pangaea - Data Publisher For Earth & Environmental Science [omid:ra/060219533],
omid:br/0601016250 doi:10.15468/dl.iaq9uw,GBIF Occurrence Download,Occdownload Gbif.Org [omid:ra/0602935365],2017,,,,,dataset,The Global Biodiversity Information Facility [omid:ra/0602935366],
omid:br/0601016251 doi:10.15468/dl.iaqbc4,GBIF Occurrence Download,Occdownload Gbif.Org [omid:ra/0602935367],2016,,,,,dataset,The Global Biodiversity Information Facility [omid:ra/0602935368],
omid:br/0601016252 doi:10.15468/dl.iaqbea,GBIF Occurrence Download,Occdownload Gbif.Org [omid:ra/0602935369],2018,,,,,dataset,The Global Biodiversity Information Facility [omid:ra/0602935370],
omid:br/0601016253 doi:10.15468/dl.iaqcen,GBIF Occurrence Download,Occdownload Gbif.Org [omid:ra/0602935371],2016,,,,,dataset,The Global Biodiversity Information Facility [omid:ra/0602935372],
omid:br/0601016254 doi:10.15468/dl.iaqdcr,GBIF Occurrence Download,Occdownload Gbif.Org [omid:ra/0602935373],2016,,,,,dataset,The Global Biodiversity Information Facility [omid:ra/0602935374],
omid:br/0601016255 doi:10.15468/dl.iaqdgg,GBIF Occurrence Download,Occdownload Gbif.Org [omid:ra/0602935375],2019,,,,,dataset,The Global Biodiversity Information Facility [omid:ra/0602935376],
omid:br/0601016256 doi:10.15468/dl.iaqdum,GBIF Occurrence Download,Occdownload Gbif.Org [omid:ra/0602935377],2015,,,,,dataset,The Global Biodiversity Information Facility [omid:ra/0602935378],
omid:br/0601016257 doi:10.15468/dl.iaqhbh,GBIF Occurrence Download,Occdownload Gbif.Org [omid:ra/0602935379],2017,,,,,dataset,The Global Biodiversity Information Facility [omid:ra/0602935380],
omid:br/0601016258 doi:10.15468/dl.iaqhqe,GBIF Occurrence Download,Occdownload Gbif.Org [omid:ra/0602935381],2017,,,,,dataset,The Global Biodiversity Information Facility [omid:ra/0602935382],
omid:br/0601016259 doi:10.15468/dl.iaqjuv,GBIF Occurrence Download,Occdownload Gbif.Org [omid:ra/0602935383],2017,,,,,dataset,The Global Biodiversity Information Facility [omid:ra/0602935384],
omid:br/060101626 doi:10.1594/pangaea.186534,Nutrients Measured On Water Bottle Samples At Station FLUPAC_008,"Rodier, Martine [omid:ra/061507194 orcid:0000-0003-0339-7587]; Blain, Stéphane [omid:ra/060219534]; Eldin, Gérard [omid:ra/060219535]",2004,,,,,dataset,Pangaea - Data Publisher For Earth & Environmental Science [omid:ra/060219536],
omid:br/0601016260 doi:10.15468/dl.iaqoft,GBIF Occurrence Download,Occdownload Gbif.Org [omid:ra/0602935385],2018,,,,,dataset,The Global Biodiversity Information Facility [omid:ra/0602935386],
omid:br/0601016261 doi:10.15468/dl.iaqpgv,GBIF Occurrence Download,Occdownload Gbif.Org [omid:ra/0602935387],2017,,,,,dataset,The Global Biodiversity Information Facility [omid:ra/0602935388],
omid:br/0601016262 doi:10.15468/dl.iaqroc,Occurrence Download,Occdownload Gbif.Org [omid:ra/0602935389],2020,,,,,dataset,The Global Biodiversity Information Facility [omid:ra/0602935390],
omid:br/0601016263 doi:10.15468/dl.iaqvma,GBIF Occurrence Download,Occdownload Gbif.Org [omid:ra/0602935391],2019,,,,,dataset,The Global Biodiversity Information Facility [omid:ra/0602935392],
omid:br/0601016264 doi:10.15468/dl.iaqwpo,GBIF Occurrence Download,Occdownload Gbif.Org [omid:ra/0602935393],2016,,,,,dataset,The Global Biodiversity Information Facility [omid:ra/0602935394],
omid:br/0601016265 doi:10.15468/dl.iaqxjo,GBIF Occurrence Download,Occdownload Gbif.Org [omid:ra/0602935395],2018,,,,,dataset,The Global Biodiversity Information Facility [omid:ra/0602935396],
omid:br/0601016266 doi:10.15468/dl.iaqxjy,GBIF Occurrence Download,Occdownload Gbif.Org [omid:ra/0602935397],2019,,,,,dataset,The Global Biodiversity Information Facility [omid:ra/0602935398],
omid:br/0601016267 doi:10.15468/dl.iaqxom,GBIF Occurrence Download,Occdownload Gbif.Org [omid:ra/0602935399],2017,,,,,dataset,The Global Biodiversity Information Facility [omid:ra/0602935400],
omid:br/0601016268 doi:10.15468/dl.iaqxvl,GBIF Occurrence Download,Occdownload Gbif.Org [omid:ra/0602935401],2019,,,,,dataset,The Global Biodiversity Information Facility [omid:ra/0602935402],
omid:br/0601016269 doi:10.15468/dl.iaqy3o,GBIF Occurrence Download,Occdownload Gbif.Org [omid:ra/0602935403],2018,,,,,dataset,The Global Biodiversity Information Facility [omid:ra/0602935404],
omid:br/060101627 doi:10.1594/pangaea.186535,Nutrients Measured On Water Bottle Samples At Station FLUPAC_009,"Rodier, Martine [omid:ra/061507194 orcid:0000-0003-0339-7587]; Blain, Stéphane [omid:ra/060219537]; Eldin, Gérard [omid:ra/060219538]",2004,,,,,dataset,Pangaea - Data Publisher For Earth & Environmental Science [omid:ra/060219539],
omid:br/0601016270 doi:10.15468/dl.iaqyr2,GBIF Occurrence Download,Occdownload Gbif.Org [omid:ra/0602935405],2017,,,,,dataset,The Global Biodiversity Information Facility [omid:ra/0602935406],
omid:br/0601016271 doi:10.15468/dl.iaqzup,GBIF Occurrence Download,Occdownload Gbif.Org [omid:ra/0602935407],2015,,,,,dataset,The Global Biodiversity Information Facility [omid:ra/0602935408],
omid:br/0601016272 doi:10.15468/dl.iar0eg,GBIF Occurrence Download,Occdownload Gbif.Org [omid:ra/0602935409],2017,,,,,dataset,The Global Biodiversity Information Facility [omid:ra/0602935410],
omid:br/0601016273 doi:10.15468/dl.iar6w2,GBIF Occurrence Download,Occdownload Gbif.Org [omid:ra/0602935411],2016,,,,,dataset,The Global Biodiversity Information Facility [omid:ra/0602935412],
omid:br/0601016274 doi:10.15468/dl.iaravd,GBIF Occurrence Download,Occdownload Gbif.Org [omid:ra/0602935413],2015,,,,,dataset,The Global Biodiversity Information Facility [omid:ra/0602935414],
omid:br/0601016275 doi:10.15468/dl.iarcbr,GBIF Occurrence Download,Occdownload Gbif.Org [omid:ra/0602935415],2017,,,,,dataset,The Global Biodiversity Information Facility [omid:ra/0602935416],
omid:br/0601016276 doi:10.15468/dl.iarchk,GBIF Occurrence Download,Occdownload Gbif.Org [omid:ra/0602935417],2019,,,,,dataset,The Global Biodiversity Information Facility [omid:ra/0602935418],
omid:br/0601016277 doi:10.15468/dl.iaremp,GBIF Occurrence Download,Occdownload Gbif.Org [omid:ra/0602935419],2019,,,,,dataset,The Global Biodiversity Information Facility [omid:ra/0602935420],
omid:br/0601016278 doi:10.15468/dl.iarff7,Occurrence Download,Occdownload Gbif.Org [omid:ra/0602935421],2020,,,,,dataset,The Global Biodiversity Information Facility [omid:ra/0602935422],
omid:br/0601016279 doi:10.15468/dl.iarg1n,GBIF Occurrence Download,Occdownload Gbif.Org [omid:ra/0602935423],2018,,,,,dataset,The Global Biodiversity Information Facility [omid:ra/0602935424],
omid:br/060101628 doi:10.1594/pangaea.186536,Nutrients Measured On Water Bottle Samples At Station FLUPAC_010,"Rodier, Martine [omid:ra/061507194 orcid:0000-0003-0339-7587]; Blain, Stéphane [omid:ra/060219540]; Eldin, Gérard [omid:ra/060219541]",2004,,,,,dataset,Pangaea - Data Publisher For Earth & Environmental Science [omid:ra/060219542],
omid:br/0601016280 doi:10.15468/dl.iargr3,GBIF Occurrence Download,Occdownload Gbif.Org [omid:ra/0602935425],2017,,,,,dataset,The Global Biodiversity Information Facility [omid:ra/0602935426],
omid:br/0601016281 doi:10.15468/dl.iarhnd,GBIF Occurrence Download,Occdownload Gbif.Org [omid:ra/0602935427],2018,,,,,dataset,The Global Biodiversity Information Facility [omid:ra/0602935428],
omid:br/0601016282 doi:10.15468/dl.iarkfo,GBIF Occurrence Download,Occdownload Gbif.Org [omid:ra/0602935429],2019,,,,,dataset,The Global Biodiversity Information Facility [omid:ra/0602935430],
omid:br/0601016283 doi:10.15468/dl.iarknl,GBIF Occurrence Download,Occdownload Gbif.Org [omid:ra/0602935431],2015,,,,,dataset,The Global Biodiversity Information Facility [omid:ra/0602935432],
omid:br/0601016284 doi:10.15468/dl.iarmkv,GBIF Occurrence Download,Occdownload Gbif.Org [omid:ra/0602935433],2019,,,,,dataset,The Global Biodiversity Information Facility [omid:ra/0602935434],
omid:br/0601016285 doi:10.15468/dl.iarobe,GBIF Occurrence Download,Occdownload Gbif.Org [omid:ra/0602935435],2017,,,,,dataset,The Global Biodiversity Information Facility [omid:ra/0602935436],
omid:br/0601016286 doi:10.15468/dl.iarojv,GBIF Occurrence Download,Occdownload Gbif.Org [omid:ra/0602935437],2019,,,,,dataset,The Global Biodiversity Information Facility [omid:ra/0602935438],
omid:br/0601016287 doi:10.15468/dl.iarpb4,GBIF Occurrence Download,Occdownload Gbif.Org [omid:ra/0602935439],2018,,,,,dataset,The Global Biodiversity Information Facility [omid:ra/0602935440],
omid:br/0601016288 doi:10.15468/dl.iarpw0,GBIF Occurrence Download,Occdownload Gbif.Org [omid:ra/0602935441],2019,,,,,dataset,The Global Biodiversity Information Facility [omid:ra/0602935442],
omid:br/0601016289 doi:10.15468/dl.iarpyw,GBIF Occurrence Download,Occdownload Gbif.Org [omid:ra/0602935443],2017,,,,,dataset,The Global Biodiversity Information Facility [omid:ra/0602935444],
omid:br/060101629 doi:10.1594/pangaea.186537,Nutrients Measured On Water Bottle Samples At Station FLUPAC_011,"Rodier, Martine [omid:ra/061507194 orcid:0000-0003-0339-7587]; Blain, Stéphane [omid:ra/060219543]; Eldin, Gérard [omid:ra/060219544]",2004,,,,,dataset,Pangaea - Data Publisher For Earth & Environmental Science [omid:ra/060219545],
omid:br/0601016290 doi:10.15468/dl.iarqaf,GBIF Occurrence Download,Occdownload Gbif.Org [omid:ra/0602935445],2017,,,,,dataset,The Global Biodiversity Information Facility [omid:ra/0602935446],
omid:br/0601016291 doi:10.15468/dl.iarqmy,GBIF Occurrence Download,Occdownload Gbif.Org [omid:ra/0602935447],2016,,,,,dataset,The Global Biodiversity Information Facility [omid:ra/0602935448],
omid:br/0601016292 doi:10.15468/dl.iarrzj,Occurrence Download,Occdownload Gbif.Org [omid:ra/0602935449],2020,,,,,dataset,The Global Biodiversity Information Facility [omid:ra/0602935450],
omid:br/0601016293 doi:10.15468/dl.iaruci,Occurrence Download,Occdownload Gbif.Org [omid:ra/0602935451],2019,,,,,dataset,The Global Biodiversity Information Facility [omid:ra/0602935452],
omid:br/0601016294 doi:10.15468/dl.iarwc5,GBIF Occurrence Download,Occdownload Gbif.Org [omid:ra/0602935453],2016,,,,,dataset,The Global Biodiversity Information Facility [omid:ra/0602935454],
omid:br/0601016295 doi:10.15468/dl.iarxbq,GBIF Occurrence Download,Occdownload Gbif.Org [omid:ra/0602935455],2015,,,,,dataset,The Global Biodiversity Information Facility [omid:ra/0602935456],
omid:br/0601016296 doi:10.15468/dl.iaryuv,GBIF Occurrence Download,Occdownload Gbif.Org [omid:ra/0602935457],2019,,,,,dataset,The Global Biodiversity Information Facility [omid:ra/0602935458],
omid:br/0601016297 doi:10.15468/dl.ias6pr,GBIF Occurrence Download,Occdownload Gbif.Org [omid:ra/0602935459],2019,,,,,dataset,The Global Biodiversity Information Facility [omid:ra/0602935460],
omid:br/0601016298 doi:10.15468/dl.iasanl,GBIF Occurrence Download,Occdownload Gbif.Org [omid:ra/0602935461],2017,,,,,dataset,The Global Biodiversity Information Facility [omid:ra/0602935462],
omid:br/0601016299 doi:10.15468/dl.iasas6,GBIF Occurrence Download,Occdownload Gbif.Org [omid:ra/0602935463],2016,,,,,dataset,The Global Biodiversity Information Facility [omid:ra/0602935464],
omid:br/06010163 doi:10.15468/dl.xxzz7d,GBIF Occurrence Download,Occdownload Gbif.Org [omid:ra/06029514],2017,,,,,dataset,The Global Biodiversity Information Facility [omid:ra/06029515],
omid:br/060101630 doi:10.1594/pangaea.186538,Nutrients Measured On Water Bottle Samples At Station FLUPAC_012,"Rodier, Martine [omid:ra/061507194 orcid:0000-0003-0339-7587]; Blain, Stéphane [omid:ra/060219546]; Eldin, Gérard [omid:ra/060219547]",2004,,,,,dataset,Pangaea - Data Publisher For Earth & Environmental Science [omid:ra/060219548],
omid:br/0601016300 doi:10.15468/dl.iasbqs,GBIF Occurrence Download,Occdownload Gbif.Org [omid:ra/0602935465],2019,,,,,dataset,The Global Biodiversity Information Facility [omid:ra/0602935466],
omid:br/0601016301 doi:10.15468/dl.iasg00,Occurrence Download,Occdownload Gbif.Org [omid:ra/0602935467],2020,,,,,dataset,The Global Biodiversity Information Facility [omid:ra/0602935468],
omid:br/0601016302 doi:10.15468/dl.iasgvc,Occurrence Download,Occdownload Gbif.Org [omid:ra/0602935469],2020,,,,,dataset,The Global Biodiversity Information Facility [omid:ra/0602935470],
omid:br/0601016303 doi:10.15468/dl.iashfi,GBIF Occurrence Download,Occdownload Gbif.Org [omid:ra/0602935471],2015,,,,,dataset,The Global Biodiversity Information Facility [omid:ra/0602935472],
omid:br/0601016304 doi:10.15468/dl.iasi4h,GBIF Occurrence Download,Occdownload Gbif.Org [omid:ra/0602935473],2019,,,,,dataset,The Global Biodiversity Information Facility [omid:ra/0602935474],
omid:br/0601016305 doi:10.15468/dl.iasico,Occurrence Download,Occdownload Gbif.Org [omid:ra/0602935475],2019,,,,,dataset,The Global Biodiversity Information Facility [omid:ra/0602935476],
omid:br/0601016306 doi:10.15468/dl.iasisk,GBIF Occurrence Download,Occdownload Gbif.Org [omid:ra/0602935477],2017,,,,,dataset,The Global Biodiversity Information Facility [omid:ra/0602935478],
omid:br/0601016307 doi:10.15468/dl.iasjad,GBIF Occurrence Download,Occdownload Gbif.Org [omid:ra/0602935479],2016,,,,,dataset,The Global Biodiversity Information Facility [omid:ra/0602935480],
omid:br/0601016308 doi:10.15468/dl.iasjkt,GBIF Occurrence Download,Occdownload Gbif.Org [omid:ra/0602935481],2017,,,,,dataset,The Global Biodiversity Information Facility [omid:ra/0602935482],
omid:br/0601016309 doi:10.15468/dl.iasjwy,Occurrence Download,Occdownload Gbif.Org [omid:ra/0602935483],2020,,,,,dataset,The Global Biodiversity Information Facility [omid:ra/0602935484],
omid:br/060101631 doi:10.1594/pangaea.186539,Nutrients Measured On Water Bottle Samples At Station FLUPAC_013,"Rodier, Martine [omid:ra/061507194 orcid:0000-0003-0339-7587]; Blain, Stéphane [omid:ra/060219549]; Eldin, Gérard [omid:ra/060219550]",2004,,,,,dataset,Pangaea - Data Publisher For Earth & Environmental Science [omid:ra/060219551],
omid:br/0601016310 doi:10.15468/dl.iasl2z,GBIF Occurrence Download,Occdownload Gbif.Org [omid:ra/0602935485],2018,,,,,dataset,The Global Biodiversity Information Facility [omid:ra/0602935486],
omid:br/0601016311 doi:10.15468/dl.iaslgw,GBIF Occurrence Download,Occdownload Gbif.Org [omid:ra/0602935487],2018,,,,,dataset,The Global Biodiversity Information Facility [omid:ra/0602935488],
omid:br/0601016312 doi:10.15468/dl.iaslnc,GBIF Occurrence Download,Occdownload Gbif.Org [omid:ra/0602935489],2016,,,,,dataset,The Global Biodiversity Information Facility [omid:ra/0602935490],
omid:br/0601016313 doi:10.15468/dl.iasmwq,GBIF Occurrence Download,Occdownload Gbif.Org [omid:ra/0602935491],2018,,,,,dataset,The Global Biodiversity Information Facility [omid:ra/0602935492],
omid:br/0601016314 doi:10.15468/dl.iasmzb,Occurrence Download,Occdownload Gbif.Org [omid:ra/0602935493],2020,,,,,dataset,The Global Biodiversity Information Facility [omid:ra/0602935494],
omid:br/0601016315 doi:10.15468/dl.iasoat,GBIF Occurrence Download,Occdownload Gbif.Org [omid:ra/0602935495],2015,,,,,dataset,The Global Biodiversity Information Facility [omid:ra/0602935496],
omid:br/0601016316 doi:10.15468/dl.iasps0,GBIF Occurrence Download,Occdownload Gbif.Org [omid:ra/0602935497],2018,,,,,dataset,The Global Biodiversity Information Facility [omid:ra/0602935498],
omid:br/0601016317 doi:10.15468/dl.iasqw5,GBIF Occurrence Download,Occdownload Gbif.Org [omid:ra/0602935499],2016,,,,,dataset,The Global Biodiversity Information Facility [omid:ra/0602935500],
omid:br/0601016318 doi:10.15468/dl.iasrcz,GBIF Occurrence Download,Occdownload Gbif.Org [omid:ra/0602935501],2019,,,,,dataset,The Global Biodiversity Information Facility [omid:ra/0602935502],
omid:br/0601016319 doi:10.15468/dl.iasrgc,GBIF Occurrence Download,Occdownload Gbif.Org [omid:ra/0602935503],2018,,,,,dataset,The Global Biodiversity Information Facility [omid:ra/0602935504],
omid:br/060101632 doi:10.1594/pangaea.186540,Nutrients Measured On Water Bottle Samples At Station FLUPAC_014,"Rodier, Martine [omid:ra/061507194 orcid:0000-0003-0339-7587]; Blain, Stéphane [omid:ra/060219552]; Eldin, Gérard [omid:ra/060219553]",2004,,,,,dataset,Pangaea - Data Publisher For Earth & Environmental Science [omid:ra/060219554],
omid:br/0601016320 doi:10.15468/dl.iat1fl,GBIF Occurrence Download,Occdownload Gbif.Org [omid:ra/0602935505],2018,,,,,dataset,The Global Biodiversity Information Facility [omid:ra/0602935506],
omid:br/0601016321 doi:10.15468/dl.iat1hz,GBIF Occurrence Download,Occdownload Gbif.Org [omid:ra/0602935507],2017,,,,,dataset,The Global Biodiversity Information Facility [omid:ra/0602935508],
omid:br/0601016322 doi:10.15468/dl.iat3js,GBIF Occurrence Download,Occdownload Gbif.Org [omid:ra/0602935509],2019,,,,,dataset,The Global Biodiversity Information Facility [omid:ra/0602935510],
omid:br/0601016323 doi:10.15468/dl.iat71p,GBIF Occurrence Download,Occdownload Gbif.Org [omid:ra/0602935511],2017,,,,,dataset,The Global Biodiversity Information Facility [omid:ra/0602935512],
omid:br/0601016324 doi:10.15468/dl.iat9fr,GBIF Occurrence Download,Occdownload Gbif.Org [omid:ra/0602935513],2018,,,,,dataset,The Global Biodiversity Information Facility [omid:ra/0602935514],
omid:br/0601016325 doi:10.15468/dl.iatdxe,GBIF Occurrence Download,Occdownload Gbif.Org [omid:ra/0602935515],2017,,,,,dataset,The Global Biodiversity Information Facility [omid:ra/0602935516],
omid:br/0601016326 doi:10.15468/dl.iatfgr,GBIF Occurrence Download,Occdownload Gbif.Org [omid:ra/0602935517],2018,,,,,dataset,The Global Biodiversity Information Facility [omid:ra/0602935518],
omid:br/0601016327 doi:10.15468/dl.iatfse,GBIF Occurrence Download,Occdownload Gbif.Org [omid:ra/0602935519],2019,,,,,dataset,The Global Biodiversity Information Facility [omid:ra/0602935520],
omid:br/0601016328 doi:10.15468/dl.iatfxl,GBIF Occurrence Download,Occdownload Gbif.Org [omid:ra/0602935521],2019,,,,,dataset,The Global Biodiversity Information Facility [omid:ra/0602935522],
omid:br/0601016329 doi:10.15468/dl.iatgnz,GBIF Occurrence Download,Occdownload Gbif.Org [omid:ra/0602935523],2019,,,,,dataset,The Global Biodiversity Information Facility [omid:ra/0602935524],
omid:br/060101633 doi:10.1594/pangaea.186541,Nutrients Measured On Water Bottle Samples At Station FLUPAC_015,"Rodier, Martine [omid:ra/061507194 orcid:0000-0003-0339-7587]; Blain, Stéphane [omid:ra/060219555]; Eldin, Gérard [omid:ra/060219556]",2004,,,,,dataset,Pangaea - Data Publisher For Earth & Environmental Science [omid:ra/060219557],
omid:br/0601016330 doi:10.15468/dl.iathut,GBIF Occurrence Download,Occdownload Gbif.Org [omid:ra/0602935525],2018,,,,,dataset,The Global Biodiversity Information Facility [omid:ra/0602935526],
omid:br/0601016331 doi:10.15468/dl.iatinm,GBIF Occurrence Download,Occdownload Gbif.Org [omid:ra/0602935527],2018,,,,,dataset,The Global Biodiversity Information Facility [omid:ra/0602935528],
omid:br/0601016332 doi:10.15468/dl.iatiu7,Occurrence Download,Occdownload Gbif.Org [omid:ra/0602935529],2019,,,,,dataset,The Global Biodiversity Information Facility [omid:ra/0602935530],
omid:br/0601016333 doi:10.15468/dl.iatjal,GBIF Occurrence Download,Occdownload Gbif.Org [omid:ra/0602935531],2017,,,,,dataset,The Global Biodiversity Information Facility [omid:ra/0602935532],
omid:br/0601016334 doi:10.15468/dl.iatl5i,GBIF Occurrence Download,Occdownload Gbif.Org [omid:ra/0602935533],2018,,,,,dataset,The Global Biodiversity Information Facility [omid:ra/0602935534],
omid:br/0601016335 doi:10.15468/dl.iatlzq,GBIF Occurrence Download,Occdownload Gbif.Org [omid:ra/0602935535],2016,,,,,dataset,The Global Biodiversity Information Facility [omid:ra/0602935536],
omid:br/0601016336 doi:10.15468/dl.iatmbs,GBIF Occurrence Download,Occdownload Gbif.Org [omid:ra/0602935537],2018,,,,,dataset,The Global Biodiversity Information Facility [omid:ra/0602935538],
omid:br/0601016337 doi:10.15468/dl.iatmkl,GBIF Occurrence Download,Occdownload Gbif.Org [omid:ra/0602935539],2016,,,,,dataset,The Global Biodiversity Information Facility [omid:ra/0602935540],
omid:br/0601016338 doi:10.15468/dl.iatngh,GBIF Occurrence Download,Occdownload Gbif.Org [omid:ra/0602935541],2016,,,,,dataset,The Global Biodiversity Information Facility [omid:ra/0602935542],
omid:br/0601016339 doi:10.15468/dl.iatox8,GBIF Occurrence Download,Occdownload Gbif.Org [omid:ra/0602935543],2019,,,,,dataset,The Global Biodiversity Information Facility [omid:ra/0602935544],
omid:br/060101634 doi:10.1594/pangaea.186542,Nutrients Measured On Water Bottle Samples At Station FLUPAC_016,"Rodier, Martine [omid:ra/061507194 orcid:0000-0003-0339-7587]; Blain, Stéphane [omid:ra/060219558]; Eldin, Gérard [omid:ra/060219559]",2004,,,,,dataset,Pangaea - Data Publisher For Earth & Environmental Science [omid:ra/060219560],
omid:br/0601016340 doi:10.15468/dl.iatqsg,Occurrence Download,Occdownload Gbif.Org [omid:ra/0602935545],2020,,,,,dataset,The Global Biodiversity Information Facility [omid:ra/0602935546],
omid:br/0601016341 doi:10.15468/dl.iatrbi,GBIF Occurrence Download,Occdownload Gbif.Org [omid:ra/0602935547],2017,,,,,dataset,The Global Biodiversity Information Facility [omid:ra/0602935548],
omid:br/0601016342 doi:10.15468/dl.iatrdo,Occurrence Download,Occdownload Gbif.Org [omid:ra/0602935549],2020,,,,,dataset,The Global Biodiversity Information Facility [omid:ra/0602935550],
omid:br/0601016343 doi:10.15468/dl.iatrps,GBIF Occurrence Download,Occdownload Gbif.Org [omid:ra/0602935551],2018,,,,,dataset,The Global Biodiversity Information Facility [omid:ra/0602935552],
omid:br/0601016344 doi:10.15468/dl.iatruu,GBIF Occurrence Download,Occdownload Gbif.Org [omid:ra/0602935553],2015,,,,,dataset,The Global Biodiversity Information Facility [omid:ra/0602935554],
omid:br/0601016345 doi:10.15468/dl.iatsku,GBIF Occurrence Download,Occdownload Gbif.Org [omid:ra/0602935555],2019,,,,,dataset,The Global Biodiversity Information Facility [omid:ra/0602935556],
omid:br/0601016346 doi:10.15468/dl.iatsmd,GBIF Occurrence Download,Occdownload Gbif.Org [omid:ra/0602935557],2019,,,,,dataset,The Global Biodiversity Information Facility [omid:ra/0602935558],
omid:br/0601016347 doi:10.15468/dl.iatsry,GBIF Occurrence Download,Occdownload Gbif.Org [omid:ra/0602935559],2016,,,,,dataset,The Global Biodiversity Information Facility [omid:ra/0602935560],
omid:br/0601016348 doi:10.15468/dl.iatth5,GBIF Occurrence Download,Occdownload Gbif.Org [omid:ra/0602935561],2017,,,,,dataset,The Global Biodiversity Information Facility [omid:ra/0602935562],
omid:br/0601016349 doi:10.15468/dl.iatw1w,GBIF Occurrence Download,Occdownload Gbif.Org [omid:ra/0602935563],2016,,,,,dataset,The Global Biodiversity Information Facility [omid:ra/0602935564],
omid:br/060101635 doi:10.1594/pangaea.186543,Nutrients Measured On Water Bottle Samples At Station FLUPAC_017,"Rodier, Martine [omid:ra/061507194 orcid:0000-0003-0339-7587]; Blain, Stéphane [omid:ra/060219561]; Eldin, Gérard [omid:ra/060219562]",2004,,,,,dataset,Pangaea - Data Publisher For Earth & Environmental Science [omid:ra/060219563],
omid:br/0601016350 doi:10.15468/dl.iatwvw,GBIF Occurrence Download,Occdownload Gbif.Org [omid:ra/0602935565],2015,,,,,dataset,The Global Biodiversity Information Facility [omid:ra/0602935566],
omid:br/0601016351 doi:10.15468/dl.iatzdy,GBIF Occurrence Download,Occdownload Gbif.Org [omid:ra/0602935567],2019,,,,,dataset,The Global Biodiversity Information Facility [omid:ra/0602935568],
omid:br/0601016352 doi:10.15468/dl.iau0fl,GBIF Occurrence Download,Occdownload Gbif.Org [omid:ra/0602935569],2018,,,,,dataset,The Global Biodiversity Information Facility [omid:ra/0602935570],
omid:br/0601016353 doi:10.15468/dl.iau1md,GBIF Occurrence Download,Occdownload Gbif.Org [omid:ra/0602935571],2016,,,,,dataset,The Global Biodiversity Information Facility [omid:ra/0602935572],
omid:br/0601016354 doi:10.15468/dl.iau1x3,Occurrence Download,Occdownload Gbif.Org [omid:ra/0602935573],2020,,,,,dataset,The Global Biodiversity Information Facility [omid:ra/0602935574],
omid:br/0601016355 doi:10.15468/dl.iau2ym,GBIF Occurrence Download,Occdownload Gbif.Org [omid:ra/0602935575],2018,,,,,dataset,The Global Biodiversity Information Facility [omid:ra/0602935576],
omid:br/0601016356 doi:10.15468/dl.iauac3,GBIF Occurrence Download,Occdownload Gbif.Org [omid:ra/0602935577],2018,,,,,dataset,The Global Biodiversity Information Facility [omid:ra/0602935578],
omid:br/0601016357 doi:10.15468/dl.iaubo0,GBIF Occurrence Download,Occdownload Gbif.Org [omid:ra/0602935579],2016,,,,,dataset,The Global Biodiversity Information Facility [omid:ra/0602935580],
omid:br/0601016358 doi:10.15468/dl.iaue4j,GBIF Occurrence Download,Occdownload Gbif.Org [omid:ra/0602935581],2015,,,,,dataset,The Global Biodiversity Information Facility [omid:ra/0602935582],
omid:br/0601016359 doi:10.15468/dl.iaujlv,GBIF Occurrence Download,Occdownload Gbif.Org [omid:ra/0602935583],2015,,,,,dataset,The Global Biodiversity Information Facility [omid:ra/0602935584],
omid:br/060101636 doi:10.1594/pangaea.186544,Nutrients Measured On Water Bottle Samples At Station FLUPAC_018,"Rodier, Martine [omid:ra/061507194 orcid:0000-0003-0339-7587]; Blain, Stéphane [omid:ra/060219564]; Eldin, Gérard [omid:ra/060219565]",2004,,,,,dataset,Pangaea - Data Publisher For Earth & Environmental Science [omid:ra/060219566],
omid:br/0601016360 doi:10.15468/dl.iaulcu,GBIF Occurrence Download,Occdownload Gbif.Org [omid:ra/0602935585],2015,,,,,dataset,The Global Biodiversity Information Facility [omid:ra/0602935586],
omid:br/0601016361 doi:10.15468/dl.iaumzt,GBIF Occurrence Download,Occdownload Gbif.Org [omid:ra/0602935587],2018,,,,,dataset,The Global Biodiversity Information Facility [omid:ra/0602935588],
omid:br/0601016362 doi:10.15468/dl.iaunot,GBIF Occurrence Download,Occdownload Gbif.Org [omid:ra/0602935589],2017,,,,,dataset,The Global Biodiversity Information Facility [omid:ra/0602935590],
omid:br/0601016363 doi:10.15468/dl.iauodq,GBIF Occurrence Download,Occdownload Gbif.Org [omid:ra/0602935591],2017,,,,,dataset,The Global Biodiversity Information Facility [omid:ra/0602935592],
omid:br/0601016364 doi:10.15468/dl.iauok3,GBIF Occurrence Download,Occdownload Gbif.Org [omid:ra/0602935593],2018,,,,,dataset,The Global Biodiversity Information Facility [omid:ra/0602935594],
omid:br/0601016365 doi:10.15468/dl.iaup2j,Occurrence Download,Occdownload Gbif.Org [omid:ra/0602935595],2019,,,,,dataset,The Global Biodiversity Information Facility [omid:ra/0602935596],
omid:br/0601016366 doi:10.15468/dl.iaut3q,GBIF Occurrence Download,Occdownload Gbif.Org [omid:ra/0602935597],2017,,,,,dataset,The Global Biodiversity Information Facility [omid:ra/0602935598],
omid:br/0601016367 doi:10.15468/dl.iauthf,GBIF Occurrence Download,Occdownload Gbif.Org [omid:ra/0602935599],2019,,,,,dataset,The Global Biodiversity Information Facility [omid:ra/0602935600],
omid:br/0601016368 doi:10.15468/dl.iauu53,GBIF Occurrence Download,Occdownload Gbif.Org [omid:ra/0602935601],2018,,,,,dataset,The Global Biodiversity Information Facility [omid:ra/0602935602],
omid:br/0601016369 doi:10.15468/dl.iauze3,GBIF Occurrence Download,Occdownload Gbif.Org [omid:ra/0602935603],2017,,,,,dataset,The Global Biodiversity Information Facility [omid:ra/0602935604],
omid:br/060101637 doi:10.1594/pangaea.186545,Nutrients Measured On Water Bottle Samples At Station FLUPAC_019,"Rodier, Martine [omid:ra/061507194 orcid:0000-0003-0339-7587]; Blain, Stéphane [omid:ra/060219567]; Eldin, Gérard [omid:ra/060219568]",2004,,,,,dataset,Pangaea - Data Publisher For Earth & Environmental Science [omid:ra/060219569],
omid:br/0601016370 doi:10.15468/dl.iauzik,Occurrence Download,Occdownload Gbif.Org [omid:ra/0602935605],2019,,,,,dataset,The Global Biodiversity Information Facility [omid:ra/0602935606],
omid:br/0601016371 doi:10.15468/dl.iav1zf,GBIF Occurrence Download,Occdownload Gbif.Org [omid:ra/0602935607],2017,,,,,dataset,The Global Biodiversity Information Facility [omid:ra/0602935608],
omid:br/0601016372 doi:10.15468/dl.iav2sg,GBIF Occurrence Download,Occdownload Gbif.Org [omid:ra/0602935609],2018,,,,,dataset,The Global Biodiversity Information Facility [omid:ra/0602935610],
omid:br/0601016373 doi:10.15468/dl.iav6xt,GBIF Occurrence Download,Occdownload Gbif.Org [omid:ra/0602935611],2017,,,,,dataset,The Global Biodiversity Information Facility [omid:ra/0602935612],
omid:br/0601016374 doi:10.15468/dl.iav8hq,Occurrence Download,Occdownload Gbif.Org [omid:ra/0602935613],2020,,,,,dataset,The Global Biodiversity Information Facility [omid:ra/0602935614],
omid:br/0601016375 doi:10.15468/dl.iav9nz,GBIF Occurrence Download,Occdownload Gbif.Org [omid:ra/0602935615],2019,,,,,dataset,The Global Biodiversity Information Facility [omid:ra/0602935616],
omid:br/0601016376 doi:10.15468/dl.iav9tl,GBIF Occurrence Download,Occdownload Gbif.Org [omid:ra/0602935617],2017,,,,,dataset,The Global Biodiversity Information Facility [omid:ra/0602935618],
omid:br/0601016377 doi:10.15468/dl.iavb2w,GBIF Occurrence Download,Occdownload Gbif.Org [omid:ra/0602935619],2019,,,,,dataset,The Global Biodiversity Information Facility [omid:ra/0602935620],
omid:br/0601016378 doi:10.15468/dl.iavcac,GBIF Occurrence Download,Occdownload Gbif.Org [omid:ra/0602935621],2018,,,,,dataset,The Global Biodiversity Information Facility [omid:ra/0602935622],
omid:br/0601016379 doi:10.15468/dl.iavcnc,GBIF Occurrence Download,Occdownload Gbif.Org [omid:ra/0602935623],2017,,,,,dataset,The Global Biodiversity Information Facility [omid:ra/0602935624],
omid:br/060101638 doi:10.1594/pangaea.186546,Nutrients Measured On Water Bottle Samples At Station FLUPAC_020,"Rodier, Martine [omid:ra/061507194 orcid:0000-0003-0339-7587]; Blain, Stéphane [omid:ra/060219570]; Eldin, Gérard [omid:ra/060219571]",2004,,,,,dataset,Pangaea - Data Publisher For Earth & Environmental Science [omid:ra/060219572],
omid:br/0601016380 doi:10.15468/dl.iavdvb,GBIF Occurrence Download,Occdownload Gbif.Org [omid:ra/0602935625],2018,,,,,dataset,The Global Biodiversity Information Facility [omid:ra/0602935626],
omid:br/0601016381 doi:10.15468/dl.iavile,GBIF Occurrence Download,Occdownload Gbif.Org [omid:ra/0602935627],2018,,,,,dataset,The Global Biodiversity Information Facility [omid:ra/0602935628],
omid:br/0601016382 doi:10.15468/dl.iavm3t,GBIF Occurrence Download,Occdownload Gbif.Org [omid:ra/0602935629],2018,,,,,dataset,The Global Biodiversity Information Facility [omid:ra/0602935630],
omid:br/0601016383 doi:10.15468/dl.iavmui,GBIF Occurrence Download,Occdownload Gbif.Org [omid:ra/0602935631],2019,,,,,dataset,The Global Biodiversity Information Facility [omid:ra/0602935632],
omid:br/0601016384 doi:10.15468/dl.iavqvj,GBIF Occurrence Download,Occdownload Gbif.Org [omid:ra/0602935633],2018,,,,,dataset,The Global Biodiversity Information Facility [omid:ra/0602935634],
omid:br/0601016385 doi:10.15468/dl.iavre9,GBIF Occurrence Download,Occdownload Gbif.Org [omid:ra/0602935635],2016,,,,,dataset,The Global Biodiversity Information Facility [omid:ra/0602935636],
omid:br/0601016386 doi:10.15468/dl.iavsf9,GBIF Occurrence Download,Occdownload Gbif.Org [omid:ra/0602935637],2018,,,,,dataset,The Global Biodiversity Information Facility [omid:ra/0602935638],
omid:br/0601016387 doi:10.15468/dl.iavud3,GBIF Occurrence Download,Occdownload Gbif.Org [omid:ra/0602935639],2016,,,,,dataset,The Global Biodiversity Information Facility [omid:ra/0602935640],
omid:br/0601016388 doi:10.15468/dl.iavuoh,GBIF Occurrence Download,Occdownload Gbif.Org [omid:ra/0602935641],2017,,,,,dataset,The Global Biodiversity Information Facility [omid:ra/0602935642],
omid:br/0601016389 doi:10.15468/dl.iavyy6,GBIF Occurrence Download,Occdownload Gbif.Org [omid:ra/0602935643],2015,,,,,dataset,The Global Biodiversity Information Facility [omid:ra/0602935644],
omid:br/060101639 doi:10.1594/pangaea.186547,Nutrients Measured On Water Bottle Samples At Station FLUPAC_021,"Rodier, Martine [omid:ra/061507194 orcid:0000-0003-0339-7587]; Blain, Stéphane [omid:ra/060219573]; Eldin, Gérard [omid:ra/060219574]",2004,,,,,dataset,Pangaea - Data Publisher For Earth & Environmental Science [omid:ra/060219575],
omid:br/0601016390 doi:10.15468/dl.iavzf0,GBIF Occurrence Download,Occdownload Gbif.Org [omid:ra/0602935645],2016,,,,,dataset,The Global Biodiversity Information Facility [omid:ra/0602935646],
omid:br/0601016391 doi:10.15468/dl.iaw02y,GBIF Occurrence Download,Occdownload Gbif.Org [omid:ra/0602935647],2015,,,,,dataset,The Global Biodiversity Information Facility [omid:ra/0602935648],
omid:br/0601016392 doi:10.15468/dl.iaw1k0,GBIF Occurrence Download,Occdownload Gbif.Org [omid:ra/0602935649],2019,,,,,dataset,The Global Biodiversity Information Facility [omid:ra/0602935650],
omid:br/0601016393 doi:10.15468/dl.iaw2t8,Occurrence Download,Occdownload Gbif.Org [omid:ra/0602935651],2020,,,,,dataset,The Global Biodiversity Information Facility [omid:ra/0602935652],
omid:br/0601016394 doi:10.15468/dl.iaw560,GBIF Occurrence Download,Occdownload Gbif.Org [omid:ra/0602935653],2019,,,,,dataset,The Global Biodiversity Information Facility [omid:ra/0602935654],
omid:br/0601016395 doi:10.15468/dl.iaw5o6,GBIF Occurrence Download,Occdownload Gbif.Org [omid:ra/0602935655],2019,,,,,dataset,The Global Biodiversity Information Facility [omid:ra/0602935656],
omid:br/0601016396 doi:10.15468/dl.iaw66m,GBIF Occurrence Download,Occdownload Gbif.Org [omid:ra/0602935657],2016,,,,,dataset,The Global Biodiversity Information Facility [omid:ra/0602935658],
omid:br/0601016397 doi:10.15468/dl.iaw6km,GBIF Occurrence Download,Occdownload Gbif.Org [omid:ra/0602935659],2015,,,,,dataset,The Global Biodiversity Information Facility [omid:ra/0602935660],
omid:br/0601016398 doi:10.15468/dl.iawb9s,GBIF Occurrence Download,Occdownload Gbif.Org [omid:ra/0602935661],2016,,,,,dataset,The Global Biodiversity Information Facility [omid:ra/0602935662],
omid:br/0601016399 doi:10.15468/dl.iawbxw,GBIF Occurrence Download,Occdownload Gbif.Org [omid:ra/0602935663],2018,,,,,dataset,The Global Biodiversity Information Facility [omid:ra/0602935664],
omid:br/06010164 doi:10.15468/dl.xxzzyb,Occurrence Download,Occdownload Gbif.Org [omid:ra/06029516],2020,,,,,dataset,The Global Biodiversity Information Facility [omid:ra/06029517],
omid:br/060101640 doi:10.1594/pangaea.186548,Nutrients Measured On Water Bottle Samples At Station FLUPAC_022,"Rodier, Martine [omid:ra/061507194 orcid:0000-0003-0339-7587]; Blain, Stéphane [omid:ra/060219576]; Eldin, Gérard [omid:ra/060219577]",2004,,,,,dataset,Pangaea - Data Publisher For Earth & Environmental Science [omid:ra/060219578],
omid:br/0601016400 doi:10.15468/dl.iawd0j,GBIF Occurrence Download,Occdownload Gbif.Org [omid:ra/0602935665],2019,,,,,dataset,The Global Biodiversity Information Facility [omid:ra/0602935666],
omid:br/0601016401 doi:10.15468/dl.iawfmb,GBIF Occurrence Download,Occdownload Gbif.Org [omid:ra/0602935667],2017,,,,,dataset,The Global Biodiversity Information Facility [omid:ra/0602935668],
omid:br/0601016402 doi:10.15468/dl.iawhvv,GBIF Occurrence Download,Occdownload Gbif.Org [omid:ra/0602935669],2015,,,,,dataset,The Global Biodiversity Information Facility [omid:ra/0602935670],
omid:br/0601016403 doi:10.15468/dl.iawhwz,GBIF Occurrence Download,Occdownload Gbif.Org [omid:ra/0602935671],2017,,,,,dataset,The Global Biodiversity Information Facility [omid:ra/0602935672],
omid:br/0601016404 doi:10.15468/dl.iawiie,GBIF Occurrence Download,Occdownload Gbif.Org [omid:ra/0602935673],2019,,,,,dataset,The Global Biodiversity Information Facility [omid:ra/0602935674],
omid:br/0601016405 doi:10.15468/dl.iawle8,GBIF Occurrence Download,Occdownload Gbif.Org [omid:ra/0602935675],2015,,,,,dataset,The Global Biodiversity Information Facility [omid:ra/0602935676],
omid:br/0601016406 doi:10.15468/dl.iawnjz,Occurrence Download,Occdownload Gbif.Org [omid:ra/0602935677],2019,,,,,dataset,The Global Biodiversity Information Facility [omid:ra/0602935678],
omid:br/0601016407 doi:10.15468/dl.iawolv,Occurrence Download,Occdownload Gbif.Org [omid:ra/0602935679],2020,,,,,dataset,The Global Biodiversity Information Facility [omid:ra/0602935680],
omid:br/0601016408 doi:10.15468/dl.iawp2a,GBIF Occurrence Download,Occdownload Gbif.Org [omid:ra/0602935681],2015,,,,,dataset,The Global Biodiversity Information Facility [omid:ra/0602935682],
omid:br/0601016409 doi:10.15468/dl.iawsev,GBIF Occurrence Download,Occdownload Gbif.Org [omid:ra/0602935683],2019,,,,,dataset,The Global Biodiversity Information Facility [omid:ra/0602935684],
omid:br/060101641 doi:10.1594/pangaea.186549,Nutrients Measured On Water Bottle Samples At Station FLUPAC_023,"Rodier, Martine [omid:ra/061507194 orcid:0000-0003-0339-7587]; Blain, Stéphane [omid:ra/060219579]; Eldin, Gérard [omid:ra/060219580]",2004,,,,,dataset,Pangaea - Data Publisher For Earth & Environmental Science [omid:ra/060219581],
omid:br/0601016410 doi:10.15468/dl.iawvql,GBIF Occurrence Download,Occdownload Gbif.Org [omid:ra/0602935685],2018,,,,,dataset,The Global Biodiversity Information Facility [omid:ra/0602935686],
omid:br/0601016411 doi:10.15468/dl.iawydf,GBIF Occurrence Download,Occdownload Gbif.Org [omid:ra/0602935687],2017,,,,,dataset,The Global Biodiversity Information Facility [omid:ra/0602935688],
omid:br/0601016412 doi:10.15468/dl.iawzc4,GBIF Occurrence Download,Occdownload Gbif.Org [omid:ra/0602935689],2015,,,,,dataset,The Global Biodiversity Information Facility [omid:ra/0602935690],
omid:br/0601016413 doi:10.15468/dl.iax0xz,GBIF Occurrence Download,Occdownload Gbif.Org [omid:ra/0602935691],2018,,,,,dataset,The Global Biodiversity Information Facility [omid:ra/0602935692],
omid:br/0601016414 doi:10.15468/dl.iax1j0,GBIF Occurrence Download,Occdownload Gbif.Org [omid:ra/0602935693],2015,,,,,dataset,The Global Biodiversity Information Facility [omid:ra/0602935694],
omid:br/0601016415 doi:10.15468/dl.iax2nt,GBIF Occurrence Download,Occdownload Gbif.Org [omid:ra/0602935695],2018,,,,,dataset,The Global Biodiversity Information Facility [omid:ra/0602935696],
omid:br/0601016416 doi:10.15468/dl.iax7gl,GBIF Occurrence Download,Occdownload Gbif.Org [omid:ra/0602935697],2017,,,,,dataset,The Global Biodiversity Information Facility [omid:ra/0602935698],
omid:br/0601016417 doi:10.15468/dl.iax7is,GBIF Occurrence Download,Occdownload Gbif.Org [omid:ra/0602935699],2019,,,,,dataset,The Global Biodiversity Information Facility [omid:ra/0602935700],
omid:br/0601016418 doi:10.15468/dl.iax8it,GBIF Occurrence Download,Occdownload Gbif.Org [omid:ra/0602935701],2019,,,,,dataset,The Global Biodiversity Information Facility [omid:ra/0602935702],
omid:br/0601016419 doi:10.15468/dl.iax8wa,GBIF Occurrence Download,Occdownload Gbif.Org [omid:ra/0602935703],2019,,,,,dataset,The Global Biodiversity Information Facility [omid:ra/0602935704],
omid:br/060101642 doi:10.1594/pangaea.186550,Nutrients Measured On Water Bottle Samples At Station FLUPAC_024,"Rodier, Martine [omid:ra/061507194 orcid:0000-0003-0339-7587]; Blain, Stéphane [omid:ra/060219582]; Eldin, Gérard [omid:ra/060219583]",2004,,,,,dataset,Pangaea - Data Publisher For Earth & Environmental Science [omid:ra/060219584],
omid:br/0601016420 doi:10.15468/dl.iaxb3e,Occurrence Download,Occdownload Gbif.Org [omid:ra/0602935705],2020,,,,,dataset,The Global Biodiversity Information Facility [omid:ra/0602935706],
omid:br/0601016421 doi:10.15468/dl.iaxck0,GBIF Occurrence Download,Occdownload Gbif.Org [omid:ra/0602935707],2018,,,,,dataset,The Global Biodiversity Information Facility [omid:ra/0602935708],
omid:br/0601016422 doi:10.15468/dl.iaxcnh,GBIF Occurrence Download,Occdownload Gbif.Org [omid:ra/0602935709],2017,,,,,dataset,The Global Biodiversity Information Facility [omid:ra/0602935710],
omid:br/0601016423 doi:10.15468/dl.iaxdpy,GBIF Occurrence Download,Occdownload Gbif.Org [omid:ra/0602935711],2016,,,,,dataset,The Global Biodiversity Information Facility [omid:ra/0602935712],
omid:br/0601016424 doi:10.15468/dl.iaxfsi,GBIF Occurrence Download,Occdownload Gbif.Org [omid:ra/0602935713],2015,,,,,dataset,The Global Biodiversity Information Facility [omid:ra/0602935714],
omid:br/0601016425 doi:10.15468/dl.iaxfxa,GBIF Occurrence Download,Occdownload Gbif.Org [omid:ra/0602935715],2017,,,,,dataset,The Global Biodiversity Information Facility [omid:ra/0602935716],
omid:br/0601016426 doi:10.15468/dl.iaxfxu,GBIF Occurrence Download,Occdownload Gbif.Org [omid:ra/0602935717],2017,,,,,dataset,The Global Biodiversity Information Facility [omid:ra/0602935718],
omid:br/0601016427 doi:10.15468/dl.iaxg8d,GBIF Occurrence Download,Occdownload Gbif.Org [omid:ra/0602935719],2017,,,,,dataset,The Global Biodiversity Information Facility [omid:ra/0602935720],
omid:br/0601016428 doi:10.15468/dl.iaxhv8,GBIF Occurrence Download,Occdownload Gbif.Org [omid:ra/0602935721],2016,,,,,dataset,The Global Biodiversity Information Facility [omid:ra/0602935722],
omid:br/0601016429 doi:10.15468/dl.iaxhyg,GBIF Occurrence Download,Occdownload Gbif.Org [omid:ra/0602935723],2017,,,,,dataset,The Global Biodiversity Information Facility [omid:ra/0602935724],
omid:br/060101643 doi:10.1594/pangaea.186551,Nutrients Measured On Water Bottle Samples At Station FLUPAC_025,"Rodier, Martine [omid:ra/061507194 orcid:0000-0003-0339-7587]; Blain, Stéphane [omid:ra/060219585]; Eldin, Gérard [omid:ra/060219586]",2004,,,,,dataset,Pangaea - Data Publisher For Earth & Environmental Science [omid:ra/060219587],
omid:br/0601016430 doi:10.15468/dl.iaxohl,GBIF Occurrence Download,Occdownload Gbif.Org [omid:ra/0602935725],2019,,,,,dataset,The Global Biodiversity Information Facility [omid:ra/0602935726],
omid:br/0601016431 doi:10.15468/dl.iaxqhv,Occurrence Download,Occdownload Gbif.Org [omid:ra/0602935727],2020,,,,,dataset,The Global Biodiversity Information Facility [omid:ra/0602935728],
omid:br/0601016432 doi:10.15468/dl.iaxtql,GBIF Occurrence Download,Occdownload Gbif.Org [omid:ra/0602935729],2018,,,,,dataset,The Global Biodiversity Information Facility [omid:ra/0602935730],
omid:br/0601016433 doi:10.15468/dl.iaxwbh,GBIF Occurrence Download,Occdownload Gbif.Org [omid:ra/0602935731],2015,,,,,dataset,The Global Biodiversity Information Facility [omid:ra/0602935732],
omid:br/0601016434 doi:10.15468/dl.iaxzsq,Occurrence Download,Occdownload Gbif.Org [omid:ra/0602935733],2019,,,,,dataset,The Global Biodiversity Information Facility [omid:ra/0602935734],
omid:br/0601016435 doi:10.15468/dl.iay3je,Occurrence Download,Occdownload Gbif.Org [omid:ra/0602935735],2020,,,,,dataset,The Global Biodiversity Information Facility [omid:ra/0602935736],
omid:br/0601016436 doi:10.15468/dl.iay4tg,Occurrence Download,Occdownload Gbif.Org [omid:ra/0602935737],2019,,,,,dataset,The Global Biodiversity Information Facility [omid:ra/0602935738],
omid:br/0601016437 doi:10.15468/dl.iay4yt,GBIF Occurrence Download,Occdownload Gbif.Org [omid:ra/0602935739],2017,,,,,dataset,The Global Biodiversity Information Facility [omid:ra/0602935740],
omid:br/0601016438 doi:10.15468/dl.iay7xh,Occurrence Download,Occdownload Gbif.Org [omid:ra/0602935741],2019,,,,,dataset,The Global Biodiversity Information Facility [omid:ra/0602935742],
omid:br/0601016439 doi:10.15468/dl.iay8gl,GBIF Occurrence Download,Occdownload Gbif.Org [omid:ra/0602935743],2015,,,,,dataset,The Global Biodiversity Information Facility [omid:ra/0602935744],
omid:br/060101644 doi:10.1594/pangaea.186552,Nutrients Measured On Water Bottle Samples At Station FLUPAC_026,"Rodier, Martine [omid:ra/061507194 orcid:0000-0003-0339-7587]; Blain, Stéphane [omid:ra/060219588]; Eldin, Gérard [omid:ra/060219589]",2004,,,,,dataset,Pangaea - Data Publisher For Earth & Environmental Science [omid:ra/060219590],
omid:br/0601016440 doi:10.15468/dl.iayaqg,GBIF Occurrence Download,Occdownload Gbif.Org [omid:ra/0602935745],2016,,,,,dataset,The Global Biodiversity Information Facility [omid:ra/0602935746],
omid:br/0601016441 doi:10.15468/dl.iaydix,GBIF Occurrence Download,Occdownload Gbif.Org [omid:ra/0602935747],2018,,,,,dataset,The Global Biodiversity Information Facility [omid:ra/0602935748],
omid:br/0601016442 doi:10.15468/dl.iayg2n,GBIF Occurrence Download,Occdownload Gbif.Org [omid:ra/0602935749],2018,,,,,dataset,The Global Biodiversity Information Facility [omid:ra/0602935750],
omid:br/0601016443 doi:10.15468/dl.iayjmz,Occurrence Download,Occdownload Gbif.Org [omid:ra/0602935751],2020,,,,,dataset,The Global Biodiversity Information Facility [omid:ra/0602935752],
omid:br/0601016444 doi:10.15468/dl.iayjxm,GBIF Occurrence Download,Occdownload Gbif.Org [omid:ra/0602935753],2019,,,,,dataset,The Global Biodiversity Information Facility [omid:ra/0602935754],
omid:br/0601016445 doi:10.15468/dl.iaymxt,GBIF Occurrence Download,Occdownload Gbif.Org [omid:ra/0602935755],2018,,,,,dataset,The Global Biodiversity Information Facility [omid:ra/0602935756],
omid:br/0601016446 doi:10.15468/dl.iaynxf,GBIF Occurrence Download,Occdownload Gbif.Org [omid:ra/0602935757],2015,,,,,dataset,The Global Biodiversity Information Facility [omid:ra/0602935758],
omid:br/0601016447 doi:10.15468/dl.iays1i,GBIF Occurrence Download,Occdownload Gbif.Org [omid:ra/0602935759],2019,,,,,dataset,The Global Biodiversity Information Facility [omid:ra/0602935760],
omid:br/0601016448 doi:10.15468/dl.iays69,Occurrence Download,Occdownload Gbif.Org [omid:ra/0602935761],2019,,,,,dataset,The Global Biodiversity Information Facility [omid:ra/0602935762],
omid:br/0601016449 doi:10.15468/dl.iaysmb,GBIF Occurrence Download,Occdownload Gbif.Org [omid:ra/0602935763],2017,,,,,dataset,The Global Biodiversity Information Facility [omid:ra/0602935764],
omid:br/060101645 doi:10.1594/pangaea.186553,Nutrients Measured On Water Bottle Samples At Station FLUPAC_027,"Rodier, Martine [omid:ra/061507194 orcid:0000-0003-0339-7587]; Blain, Stéphane [omid:ra/060219591]; Eldin, Gérard [omid:ra/060219592]",2004,,,,,dataset,Pangaea - Data Publisher For Earth & Environmental Science [omid:ra/060219593],
omid:br/0601016450 doi:10.15468/dl.iaytbf,Occurrence Download,Occdownload Gbif.Org [omid:ra/0602935765],2020,,,,,dataset,The Global Biodiversity Information Facility [omid:ra/0602935766],
omid:br/0601016451 doi:10.15468/dl.iaytie,GBIF Occurrence Download,Occdownload Gbif.Org [omid:ra/0602935767],2016,,,,,dataset,The Global Biodiversity Information Facility [omid:ra/0602935768],
omid:br/0601016452 doi:10.15468/dl.iaytuc,Occurrence Download,Occdownload Gbif.Org [omid:ra/0602935769],2020,,,,,dataset,The Global Biodiversity Information Facility [omid:ra/0602935770],
omid:br/0601016453 doi:10.15468/dl.iayvum,GBIF Occurrence Download,Occdownload Gbif.Org [omid:ra/0602935771],2015,,,,,dataset,The Global Biodiversity Information Facility [omid:ra/0602935772],
omid:br/0601016454 doi:10.15468/dl.iayx3q,GBIF Occurrence Download,Occdownload Gbif.Org [omid:ra/0602935773],2018,,,,,dataset,The Global Biodiversity Information Facility [omid:ra/0602935774],
omid:br/0601016455 doi:10.15468/dl.iayzxd,GBIF Occurrence Download,Occdownload Gbif.Org [omid:ra/0602935775],2017,,,,,dataset,The Global Biodiversity Information Facility [omid:ra/0602935776],
omid:br/0601016456 doi:10.15468/dl.iaz0mx,GBIF Occurrence Download,Occdownload Gbif.Org [omid:ra/0602935777],2018,,,,,dataset,The Global Biodiversity Information Facility [omid:ra/0602935778],
omid:br/0601016457 doi:10.15468/dl.iaz22e,GBIF Occurrence Download,Occdownload Gbif.Org [omid:ra/0602935779],2017,,,,,dataset,The Global Biodiversity Information Facility [omid:ra/0602935780],
omid:br/0601016458 doi:10.15468/dl.iaz6nh,GBIF Occurrence Download,Occdownload Gbif.Org [omid:ra/0602935781],2017,,,,,dataset,The Global Biodiversity Information Facility [omid:ra/0602935782],
omid:br/0601016459 doi:10.15468/dl.iaz6rb,GBIF Occurrence Download,Occdownload Gbif.Org [omid:ra/0602935783],2018,,,,,dataset,The Global Biodiversity Information Facility [omid:ra/0602935784],
omid:br/060101646 doi:10.1594/pangaea.186554,Nutrients Measured On Water Bottle Samples At Station FLUPAC_028,"Rodier, Martine [omid:ra/061507194 orcid:0000-0003-0339-7587]; Blain, Stéphane [omid:ra/060219594]; Eldin, Gérard [omid:ra/060219595]",2004,,,,,dataset,Pangaea - Data Publisher For Earth & Environmental Science [omid:ra/060219596],
omid:br/0601016460 doi:10.15468/dl.iazboy,GBIF Occurrence Download,Occdownload Gbif.Org [omid:ra/0602935785],2019,,,,,dataset,The Global Biodiversity Information Facility [omid:ra/0602935786],
omid:br/0601016461 doi:10.15468/dl.iazbrf,GBIF Occurrence Download,Occdownload Gbif.Org [omid:ra/0602935787],2017,,,,,dataset,The Global Biodiversity Information Facility [omid:ra/0602935788],
omid:br/0601016462 doi:10.15468/dl.iazdb3,GBIF Occurrence Download,Occdownload Gbif.Org [omid:ra/0602935789],2019,,,,,dataset,The Global Biodiversity Information Facility [omid:ra/0602935790],
omid:br/0601016463 doi:10.15468/dl.iazdx5,GBIF Occurrence Download,Occdownload Gbif.Org [omid:ra/0602935791],2016,,,,,dataset,The Global Biodiversity Information Facility [omid:ra/0602935792],
omid:br/0601016464 doi:10.15468/dl.iaze6x,Occurrence Download,Occdownload Gbif.Org [omid:ra/0602935793],2019,,,,,dataset,The Global Biodiversity Information Facility [omid:ra/0602935794],
omid:br/0601016465 doi:10.15468/dl.iazfpr,GBIF Occurrence Download,Occdownload Gbif.Org [omid:ra/0602935795],2018,,,,,dataset,The Global Biodiversity Information Facility [omid:ra/0602935796],
omid:br/0601016466 doi:10.15468/dl.iazgu9,GBIF Occurrence Download,Occdownload Gbif.Org [omid:ra/0602935797],2018,,,,,dataset,The Global Biodiversity Information Facility [omid:ra/0602935798],
omid:br/0601016467 doi:10.15468/dl.iazivc,GBIF Occurrence Download,Occdownload Gbif.Org [omid:ra/0602935799],2018,,,,,dataset,The Global Biodiversity Information Facility [omid:ra/0602935800],
omid:br/0601016468 doi:10.15468/dl.iazleh,Occurrence Download,Occdownload Gbif.Org [omid:ra/0602935801],2019,,,,,dataset,The Global Biodiversity Information Facility [omid:ra/0602935802],
omid:br/0601016469 doi:10.15468/dl.iaznic,GBIF Occurrence Download,Occdownload Gbif.Org [omid:ra/0602935803],2018,,,,,dataset,The Global Biodiversity Information Facility [omid:ra/0602935804],
omid:br/060101647 doi:10.1594/pangaea.186555,Nutrients Measured On Water Bottle Samples At Station FLUPAC_029,"Rodier, Martine [omid:ra/061507194 orcid:0000-0003-0339-7587]; Blain, Stéphane [omid:ra/060219597]; Eldin, Gérard [omid:ra/060219598]",2004,,,,,dataset,Pangaea - Data Publisher For Earth & Environmental Science [omid:ra/060219599],
omid:br/0601016470 doi:10.15468/dl.iazo2w,GBIF Occurrence Download,Occdownload Gbif.Org [omid:ra/0602935805],2019,,,,,dataset,The Global Biodiversity Information Facility [omid:ra/0602935806],
omid:br/0601016471 doi:10.15468/dl.iazotc,GBIF Occurrence Download,Occdownload Gbif.Org [omid:ra/0602935807],2019,,,,,dataset,The Global Biodiversity Information Facility [omid:ra/0602935808],
omid:br/0601016472 doi:10.15468/dl.iazpai,Occurrence Download,Occdownload Gbif.Org [omid:ra/0602935809],2019,,,,,dataset,The Global Biodiversity Information Facility [omid:ra/0602935810],
omid:br/0601016473 doi:10.15468/dl.iazpyf,GBIF Occurrence Download,Occdownload Gbif.Org [omid:ra/0602935811],2018,,,,,dataset,The Global Biodiversity Information Facility [omid:ra/0602935812],
omid:br/0601016474 doi:10.15468/dl.iazqva,GBIF Occurrence Download,Occdownload Gbif.Org [omid:ra/0602935813],2015,,,,,dataset,The Global Biodiversity Information Facility [omid:ra/0602935814],
omid:br/0601016475 doi:10.15468/dl.iazr9m,Occurrence Download,Occdownload Gbif.Org [omid:ra/0602935815],2020,,,,,dataset,The Global Biodiversity Information Facility [omid:ra/0602935816],
omid:br/0601016476 doi:10.15468/dl.iazsic,GBIF Occurrence Download,Occdownload Gbif.Org [omid:ra/0602935817],2016,,,,,dataset,The Global Biodiversity Information Facility [omid:ra/0602935818],
omid:br/0601016477 doi:10.15468/dl.iazskq,GBIF Occurrence Download,Occdownload Gbif.Org [omid:ra/0602935819],2017,,,,,dataset,The Global Biodiversity Information Facility [omid:ra/0602935820],
omid:br/0601016478 doi:10.15468/dl.iazuv1,GBIF Occurrence Download,Occdownload Gbif.Org [omid:ra/0602935821],2018,,,,,dataset,The Global Biodiversity Information Facility [omid:ra/0602935822],
omid:br/0601016479 doi:10.15468/dl.iazvok,GBIF Occurrence Download,Occdownload Gbif.Org [omid:ra/0602935823],2015,,,,,dataset,The Global Biodiversity Information Facility [omid:ra/0602935824],
omid:br/060101648 doi:10.1594/pangaea.186556 openalex:W3128672513,Nutrients Measured On Water Bottle Samples At Station FLUPAC_030,"Rodier, Martine [omid:ra/061507194 orcid:0000-0003-0339-7587]; Blain, Stéphane [omid:ra/060219600]; Eldin, Gérard [omid:ra/060219601]",2004,,,,,dataset,Pangaea - Data Publisher For Earth & Environmental Science [omid:ra/060219602],
omid:br/0601016480 doi:10.15468/dl.iazwdt,GBIF Occurrence Download,Occdownload Gbif.Org [omid:ra/0602935825],2016,,,,,dataset,The Global Biodiversity Information Facility [omid:ra/0602935826],
omid:br/0601016481 doi:10.15468/dl.iazzym,GBIF Occurrence Download,Occdownload Gbif.Org [omid:ra/0602935827],2016,,,,,dataset,The Global Biodiversity Information Facility [omid:ra/0602935828],
omid:br/0601016482 doi:10.15468/dl.ib00lj,Occurrence Download,Occdownload Gbif.Org [omid:ra/0602935829],2019,,,,,dataset,The Global Biodiversity Information Facility [omid:ra/0602935830],
omid:br/0601016483 doi:10.15468/dl.ib04eg,GBIF Occurrence Download,Occdownload Gbif.Org [omid:ra/0602935831],2017,,,,,dataset,The Global Biodiversity Information Facility [omid:ra/0602935832],
omid:br/0601016484 doi:10.15468/dl.ib06ah,GBIF Occurrence Download,Occdownload Gbif.Org [omid:ra/0602935833],2017,,,,,dataset,The Global Biodiversity Information Facility [omid:ra/0602935834],
omid:br/0601016485 doi:10.15468/dl.ib0afj,GBIF Occurrence Download,Occdownload Gbif.Org [omid:ra/0602935835],2016,,,,,dataset,The Global Biodiversity Information Facility [omid:ra/0602935836],
omid:br/0601016486 doi:10.15468/dl.ib0arf,GBIF Occurrence Download,Occdownload Gbif.Org [omid:ra/0602935837],2015,,,,,dataset,The Global Biodiversity Information Facility [omid:ra/0602935838],
omid:br/0601016487 doi:10.15468/dl.ib0dfw,GBIF Occurrence Download,Occdownload Gbif.Org [omid:ra/0602935839],2019,,,,,dataset,The Global Biodiversity Information Facility [omid:ra/0602935840],
omid:br/0601016488 doi:10.15468/dl.ib0gfo,GBIF Occurrence Download,Occdownload Gbif.Org [omid:ra/0602935841],2018,,,,,dataset,The Global Biodiversity Information Facility [omid:ra/0602935842],
omid:br/0601016489 doi:10.15468/dl.ib0gvh,GBIF Occurrence Download,Occdownload Gbif.Org [omid:ra/0602935843],2016,,,,,dataset,The Global Biodiversity Information Facility [omid:ra/0602935844],
omid:br/060101649 doi:10.1594/pangaea.186557,Nutrients Measured On Water Bottle Samples At Station FLUPAC_031,"Rodier, Martine [omid:ra/061507194 orcid:0000-0003-0339-7587]; Blain, Stéphane [omid:ra/060219603]; Eldin, Gérard [omid:ra/060219604]",2004,,,,,dataset,Pangaea - Data Publisher For Earth & Environmental Science [omid:ra/060219605],
omid:br/0601016490 doi:10.15468/dl.ib0hrk,GBIF Occurrence Download,Occdownload Gbif.Org [omid:ra/0602935845],2019,,,,,dataset,The Global Biodiversity Information Facility [omid:ra/0602935846],
omid:br/0601016491 doi:10.15468/dl.ib0htg,GBIF Occurrence Download,Occdownload Gbif.Org [omid:ra/0602935847],2016,,,,,dataset,The Global Biodiversity Information Facility [omid:ra/0602935848],
omid:br/0601016492 doi:10.15468/dl.ib0kze,GBIF Occurrence Download,Occdownload Gbif.Org [omid:ra/0602935849],2015,,,,,dataset,The Global Biodiversity Information Facility [omid:ra/0602935850],
omid:br/0601016493 doi:10.15468/dl.ib0o10,Occurrence Download,Occdownload Gbif.Org [omid:ra/0602935851],2019,,,,,dataset,The Global Biodiversity Information Facility [omid:ra/0602935852],
omid:br/0601016494 doi:10.15468/dl.ib0pcd,GBIF Occurrence Download,Occdownload Gbif.Org [omid:ra/0602935853],2017,,,,,dataset,The Global Biodiversity Information Facility [omid:ra/0602935854],
omid:br/0601016495 doi:10.15468/dl.ib0qxa,Occurrence Download,Occdownload Gbif.Org [omid:ra/0602935855],2019,,,,,dataset,The Global Biodiversity Information Facility [omid:ra/0602935856],
omid:br/0601016496 doi:10.15468/dl.ib0u01,GBIF Occurrence Download,Occdownload Gbif.Org [omid:ra/0602935857],2019,,,,,dataset,The Global Biodiversity Information Facility [omid:ra/0602935858],
omid:br/0601016497 doi:10.15468/dl.ib0vap,GBIF Occurrence Download,Occdownload Gbif.Org [omid:ra/0602935859],2016,,,,,dataset,The Global Biodiversity Information Facility [omid:ra/0602935860],
omid:br/0601016498 doi:10.15468/dl.ib0vf1,Occurrence Download,Occdownload Gbif.Org [omid:ra/0602935861],2019,,,,,dataset,The Global Biodiversity Information Facility [omid:ra/0602935862],
omid:br/0601016499 doi:10.15468/dl.ib0x3x,GBIF Occurrence Download,Occdownload Gbif.Org [omid:ra/0602935863],2018,,,,,dataset,The Global Biodiversity Information Facility [omid:ra/0602935864],
omid:br/06010165 doi:10.15468/dl.xy04vl,GBIF Occurrence Download,Occdownload Gbif.Org [omid:ra/06029518],2018,,,,,dataset,The Global Biodiversity Information Facility [omid:ra/06029519],
omid:br/060101650 doi:10.1594/pangaea.186558,Nutrients Measured On Water Bottle Samples At Station FLUPAC_032,"Rodier, Martine [omid:ra/061507194 orcid:0000-0003-0339-7587]; Blain, Stéphane [omid:ra/060219606]; Eldin, Gérard [omid:ra/060219607]",2004,,,,,dataset,Pangaea - Data Publisher For Earth & Environmental Science [omid:ra/060219608],
omid:br/0601016500 doi:10.15468/dl.ib0xtn,GBIF Occurrence Download,Occdownload Gbif.Org [omid:ra/0602935865],2019,,,,,dataset,The Global Biodiversity Information Facility [omid:ra/0602935866],
omid:br/0601016501 doi:10.15468/dl.ib0y2j,GBIF Occurrence Download,Occdownload Gbif.Org [omid:ra/0602935867],2018,,,,,dataset,The Global Biodiversity Information Facility [omid:ra/0602935868],
omid:br/0601016502 doi:10.15468/dl.ib18ig,Occurrence Download,Occdownload Gbif.Org [omid:ra/0602935869],2020,,,,,dataset,The Global Biodiversity Information Facility [omid:ra/0602935870],
omid:br/0601016503 doi:10.15468/dl.ib1dfg,GBIF Occurrence Download,Occdownload Gbif.Org [omid:ra/0602935871],2018,,,,,dataset,The Global Biodiversity Information Facility [omid:ra/0602935872],
omid:br/0601016504 doi:10.15468/dl.ib1hv7,GBIF Occurrence Download,Occdownload Gbif.Org [omid:ra/0602935873],2018,,,,,dataset,The Global Biodiversity Information Facility [omid:ra/0602935874],
omid:br/0601016505 doi:10.15468/dl.ib1jqf,Occurrence Download,Occdownload Gbif.Org [omid:ra/0602935875],2020,,,,,dataset,The Global Biodiversity Information Facility [omid:ra/0602935876],
omid:br/0601016506 doi:10.15468/dl.ib1myi,GBIF Occurrence Download,Occdownload Gbif.Org [omid:ra/0602935877],2017,,,,,dataset,The Global Biodiversity Information Facility [omid:ra/0602935878],
omid:br/0601016507 doi:10.15468/dl.ib1oed,Occurrence Download,Occdownload Gbif.Org [omid:ra/0602935879],2019,,,,,dataset,The Global Biodiversity Information Facility [omid:ra/0602935880],
omid:br/0601016508 doi:10.15468/dl.ib1sti,GBIF Occurrence Download,Occdownload Gbif.Org [omid:ra/0602935881],2015,,,,,dataset,The Global Biodiversity Information Facility [omid:ra/0602935882],
omid:br/0601016509 doi:10.15468/dl.ib1tli,GBIF Occurrence Download,Occdownload Gbif.Org [omid:ra/0602935883],2015,,,,,dataset,The Global Biodiversity Information Facility [omid:ra/0602935884],
omid:br/060101651 doi:10.1594/pangaea.186559,Nutrients Measured On Water Bottle Samples At Station FLUPAC_033,"Rodier, Martine [omid:ra/061507194 orcid:0000-0003-0339-7587]; Blain, Stéphane [omid:ra/060219609]; Eldin, Gérard [omid:ra/060219610]",2004,,,,,dataset,Pangaea - Data Publisher For Earth & Environmental Science [omid:ra/060219611],
omid:br/0601016510 doi:10.15468/dl.ib1ykh,GBIF Occurrence Download,Occdownload Gbif.Org [omid:ra/0602935885],2016,,,,,dataset,The Global Biodiversity Information Facility [omid:ra/0602935886],
omid:br/0601016511 doi:10.15468/dl.ib2bsx,GBIF Occurrence Download,Occdownload Gbif.Org [omid:ra/0602935887],2018,,,,,dataset,The Global Biodiversity Information Facility [omid:ra/0602935888],
omid:br/0601016512 doi:10.15468/dl.ib2ef8,GBIF Occurrence Download,Occdownload Gbif.Org [omid:ra/0602935889],2015,,,,,dataset,The Global Biodiversity Information Facility [omid:ra/0602935890],
omid:br/0601016513 doi:10.15468/dl.ib2jcl,GBIF Occurrence Download,Occdownload Gbif.Org [omid:ra/0602935891],2016,,,,,dataset,The Global Biodiversity Information Facility [omid:ra/0602935892],
omid:br/0601016514 doi:10.15468/dl.ib2mns,GBIF Occurrence Download,Occdownload Gbif.Org [omid:ra/0602935893],2018,,,,,dataset,The Global Biodiversity Information Facility [omid:ra/0602935894],
omid:br/0601016515 doi:10.15468/dl.ib2nzt,Occurrence Download,Occdownload Gbif.Org [omid:ra/0602935895],2019,,,,,dataset,The Global Biodiversity Information Facility [omid:ra/0602935896],
omid:br/0601016516 doi:10.15468/dl.ib2phq,GBIF Occurrence Download,Occdownload Gbif.Org [omid:ra/0602935897],2018,,,,,dataset,The Global Biodiversity Information Facility [omid:ra/0602935898],
omid:br/0601016517 doi:10.15468/dl.ib2sjh,Occurrence Download,Occdownload Gbif.Org [omid:ra/0602935899],2019,,,,,dataset,The Global Biodiversity Information Facility [omid:ra/0602935900],
omid:br/0601016518 doi:10.15468/dl.ib2taj,GBIF Occurrence Download,Occdownload Gbif.Org [omid:ra/0602935901],2016,,,,,dataset,The Global Biodiversity Information Facility [omid:ra/0602935902],
omid:br/0601016519 doi:10.15468/dl.ib2wlp,GBIF Occurrence Download,Occdownload Gbif.Org [omid:ra/0602935903],2019,,,,,dataset,The Global Biodiversity Information Facility [omid:ra/0602935904],
omid:br/060101652 doi:10.1594/pangaea.186560,Nutrients Measured On Water Bottle Samples At Station FLUPAC_034,"Rodier, Martine [omid:ra/061507194 orcid:0000-0003-0339-7587]; Blain, Stéphane [omid:ra/060219612]; Eldin, Gérard [omid:ra/060219613]",2004,,,,,dataset,Pangaea - Data Publisher For Earth & Environmental Science [omid:ra/060219614],
omid:br/0601016520 doi:10.15468/dl.ib334i,Occurrence Download,Occdownload Gbif.Org [omid:ra/0602935905],2019,,,,,dataset,The Global Biodiversity Information Facility [omid:ra/0602935906],
omid:br/0601016521 doi:10.15468/dl.ib36uf,GBIF Occurrence Download,Occdownload Gbif.Org [omid:ra/0602935907],2018,,,,,dataset,The Global Biodiversity Information Facility [omid:ra/0602935908],
omid:br/0601016522 doi:10.15468/dl.ib38oh,GBIF Occurrence Download,Occdownload Gbif.Org [omid:ra/0602935909],2019,,,,,dataset,The Global Biodiversity Information Facility [omid:ra/0602935910],
omid:br/0601016523 doi:10.15468/dl.ib3asq,GBIF Occurrence Download,Occdownload Gbif.Org [omid:ra/0602935911],2018,,,,,dataset,The Global Biodiversity Information Facility [omid:ra/0602935912],
omid:br/0601016524 doi:10.15468/dl.ib3cbi,Occurrence Download,Occdownload Gbif.Org [omid:ra/0602935913],2019,,,,,dataset,The Global Biodiversity Information Facility [omid:ra/0602935914],
omid:br/0601016525 doi:10.15468/dl.ib3cmd,Occurrence Download,Occdownload Gbif.Org [omid:ra/0602935915],2019,,,,,dataset,The Global Biodiversity Information Facility [omid:ra/0602935916],
omid:br/0601016526 doi:10.15468/dl.ib3ihj,GBIF Occurrence Download,Occdownload Gbif.Org [omid:ra/0602935917],2018,,,,,dataset,The Global Biodiversity Information Facility [omid:ra/0602935918],
omid:br/0601016527 doi:10.15468/dl.ib3lyg,Occurrence Download,Occdownload Gbif.Org [omid:ra/0602935919],2020,,,,,dataset,The Global Biodiversity Information Facility [omid:ra/0602935920],
omid:br/0601016528 doi:10.15468/dl.ib3org,GBIF Occurrence Download,Occdownload Gbif.Org [omid:ra/0602935921],2017,,,,,dataset,The Global Biodiversity Information Facility [omid:ra/0602935922],
omid:br/0601016529 doi:10.15468/dl.ib3os7,GBIF Occurrence Download,Occdownload Gbif.Org [omid:ra/0602935923],2017,,,,,dataset,The Global Biodiversity Information Facility [omid:ra/0602935924],
omid:br/060101653 doi:10.1594/pangaea.186561,Nutrients Measured On Water Bottle Samples At Station FLUPAC_035,"Rodier, Martine [omid:ra/061507194 orcid:0000-0003-0339-7587]; Blain, Stéphane [omid:ra/060219615]; Eldin, Gérard [omid:ra/060219616]",2004,,,,,dataset,Pangaea - Data Publisher For Earth & Environmental Science [omid:ra/060219617],
omid:br/0601016530 doi:10.15468/dl.ib3pth,GBIF Occurrence Download,Occdownload Gbif.Org [omid:ra/0602935925],2017,,,,,dataset,The Global Biodiversity Information Facility [omid:ra/0602935926],
omid:br/0601016531 doi:10.15468/dl.ib3utb,GBIF Occurrence Download,Occdownload Gbif.Org [omid:ra/0602935927],2018,,,,,dataset,The Global Biodiversity Information Facility [omid:ra/0602935928],
omid:br/0601016532 doi:10.15468/dl.ib3vky,Occurrence Download,Occdownload Gbif.Org [omid:ra/0602935929],2019,,,,,dataset,The Global Biodiversity Information Facility [omid:ra/0602935930],
omid:br/0601016533 doi:10.15468/dl.ib3xnz,GBIF Occurrence Download,Occdownload Gbif.Org [omid:ra/0602935931],2016,,,,,dataset,The Global Biodiversity Information Facility [omid:ra/0602935932],
omid:br/0601016534 doi:10.15468/dl.ib3yqx,Occurrence Download,Occdownload Gbif.Org [omid:ra/0602935933],2020,,,,,dataset,The Global Biodiversity Information Facility [omid:ra/0602935934],
omid:br/0601016535 doi:10.15468/dl.ib42x1,Occurrence Download,Occdownload Gbif.Org [omid:ra/0602935935],2019,,,,,dataset,The Global Biodiversity Information Facility [omid:ra/0602935936],
omid:br/0601016536 doi:10.15468/dl.ib47v0,GBIF Occurrence Download,Occdownload Gbif.Org [omid:ra/0602935937],2019,,,,,dataset,The Global Biodiversity Information Facility [omid:ra/0602935938],
omid:br/0601016537 doi:10.15468/dl.ib4g76,GBIF Occurrence Download,Occdownload Gbif.Org [omid:ra/0602935939],2019,,,,,dataset,The Global Biodiversity Information Facility [omid:ra/0602935940],
omid:br/0601016538 doi:10.15468/dl.ib4jni,Occurrence Download,Occdownload Gbif.Org [omid:ra/0602935941],2019,,,,,dataset,The Global Biodiversity Information Facility [omid:ra/0602935942],
omid:br/0601016539 doi:10.15468/dl.ib4q8h,GBIF Occurrence Download,Occdownload Gbif.Org [omid:ra/0602935943],2015,,,,,dataset,The Global Biodiversity Information Facility [omid:ra/0602935944],
omid:br/060101654 doi:10.1594/pangaea.186562,Nutrients Measured On Water Bottle Samples At Station FLUPAC_036,"Rodier, Martine [omid:ra/061507194 orcid:0000-0003-0339-7587]; Blain, Stéphane [omid:ra/060219618]; Eldin, Gérard [omid:ra/060219619]",2004,,,,,dataset,Pangaea - Data Publisher For Earth & Environmental Science [omid:ra/060219620],
omid:br/0601016540 doi:10.15468/dl.ib4tif,GBIF Occurrence Download,Occdownload Gbif.Org [omid:ra/0602935945],2017,,,,,dataset,The Global Biodiversity Information Facility [omid:ra/0602935946],
omid:br/0601016541 doi:10.15468/dl.ib4v8i,GBIF Occurrence Download,Occdownload Gbif.Org [omid:ra/0602935947],2017,,,,,dataset,The Global Biodiversity Information Facility [omid:ra/0602935948],
omid:br/0601016542 doi:10.15468/dl.ib4xeh,Occurrence Download,Occdownload Gbif.Org [omid:ra/0602935949],2019,,,,,dataset,The Global Biodiversity Information Facility [omid:ra/0602935950],
omid:br/0601016543 doi:10.15468/dl.ib4zhi,GBIF Occurrence Download,Occdownload Gbif.Org [omid:ra/0602935951],2019,,,,,dataset,The Global Biodiversity Information Facility [omid:ra/0602935952],
omid:br/0601016544 doi:10.15468/dl.ib53bv,GBIF Occurrence Download,Occdownload Gbif.Org [omid:ra/0602935953],2015,,,,,dataset,The Global Biodiversity Information Facility [omid:ra/0602935954],
omid:br/0601016545 doi:10.15468/dl.ib5dkv,Occurrence Download,Occdownload Gbif.Org [omid:ra/0602935955],2020,,,,,dataset,The Global Biodiversity Information Facility [omid:ra/0602935956],
omid:br/0601016546 doi:10.15468/dl.ib5g39,GBIF Occurrence Download,Occdownload Gbif.Org [omid:ra/0602935957],2017,,,,,dataset,The Global Biodiversity Information Facility [omid:ra/0602935958],
omid:br/0601016547 doi:10.15468/dl.ib5gc7,GBIF Occurrence Download,Occdownload Gbif.Org [omid:ra/0602935959],2016,,,,,dataset,The Global Biodiversity Information Facility [omid:ra/0602935960],
omid:br/0601016548 doi:10.15468/dl.ib5hci,Occurrence Download,Occdownload Gbif.Org [omid:ra/0602935961],2020,,,,,dataset,The Global Biodiversity Information Facility [omid:ra/0602935962],
omid:br/0601016549 doi:10.15468/dl.ib5kew,GBIF Occurrence Download,Occdownload Gbif.Org [omid:ra/0602935963],2018,,,,,dataset,The Global Biodiversity Information Facility [omid:ra/0602935964],
omid:br/060101655 doi:10.1594/pangaea.186563,Nutrients Measured On Water Bottle Samples At Station FLUPAC_037,"Rodier, Martine [omid:ra/061507194 orcid:0000-0003-0339-7587]; Blain, Stéphane [omid:ra/060219621]; Eldin, Gérard [omid:ra/060219622]",2004,,,,,dataset,Pangaea - Data Publisher For Earth & Environmental Science [omid:ra/060219623],
omid:br/0601016550 doi:10.15468/dl.ib5nrh,GBIF Occurrence Download,Occdownload Gbif.Org [omid:ra/0602935965],2019,,,,,dataset,The Global Biodiversity Information Facility [omid:ra/0602935966],
omid:br/0601016551 doi:10.15468/dl.ib5rbl,GBIF Occurrence Download,Occdownload Gbif.Org [omid:ra/0602935967],2017,,,,,dataset,The Global Biodiversity Information Facility [omid:ra/0602935968],
omid:br/0601016552 doi:10.15468/dl.ib5wqq,GBIF Occurrence Download,Occdownload Gbif.Org [omid:ra/0602935969],2018,,,,,dataset,The Global Biodiversity Information Facility [omid:ra/0602935970],
omid:br/0601016553 doi:10.15468/dl.ib5wy2,GBIF Occurrence Download,Occdownload Gbif.Org [omid:ra/0602935971],2016,,,,,dataset,The Global Biodiversity Information Facility [omid:ra/0602935972],
omid:br/0601016554 doi:10.15468/dl.ib5xbm,GBIF Occurrence Download,Occdownload Gbif.Org [omid:ra/0602935973],2017,,,,,dataset,The Global Biodiversity Information Facility [omid:ra/0602935974],
omid:br/0601016555 doi:10.15468/dl.ib5xv6,Occurrence Download,Occdownload Gbif.Org [omid:ra/0602935975],2020,,,,,dataset,The Global Biodiversity Information Facility [omid:ra/0602935976],
omid:br/0601016556 doi:10.15468/dl.ib6bic,GBIF Occurrence Download,Occdownload Gbif.Org [omid:ra/0602935977],2019,,,,,dataset,The Global Biodiversity Information Facility [omid:ra/0602935978],
omid:br/0601016557 doi:10.15468/dl.ib6jp3,Occurrence Download,Occdownload Gbif.Org [omid:ra/0602935979],2020,,,,,dataset,The Global Biodiversity Information Facility [omid:ra/0602935980],
omid:br/0601016558 doi:10.15468/dl.ib6l8m,Occurrence Download,Occdownload Gbif.Org [omid:ra/0602935981],2019,,,,,dataset,The Global Biodiversity Information Facility [omid:ra/0602935982],
omid:br/0601016559 doi:10.15468/dl.ib6wzf,GBIF Occurrence Download,Occdownload Gbif.Org [omid:ra/0602935983],2017,,,,,dataset,The Global Biodiversity Information Facility [omid:ra/0602935984],
omid:br/060101656 doi:10.1594/pangaea.186564,Nutrients Measured On Water Bottle Samples At Station FLUPAC_038,"Rodier, Martine [omid:ra/061507194 orcid:0000-0003-0339-7587]; Blain, Stéphane [omid:ra/060219624]; Eldin, Gérard [omid:ra/060219625]",2004,,,,,dataset,Pangaea - Data Publisher For Earth & Environmental Science [omid:ra/060219626],
omid:br/0601016560 doi:10.15468/dl.ib72pc,GBIF Occurrence Download,Occdownload Gbif.Org [omid:ra/0602935985],2016,,,,,dataset,The Global Biodiversity Information Facility [omid:ra/0602935986],
omid:br/0601016561 doi:10.15468/dl.ib75fp,GBIF Occurrence Download,Occdownload Gbif.Org [omid:ra/0602935987],2018,,,,,dataset,The Global Biodiversity Information Facility [omid:ra/0602935988],
omid:br/0601016562 doi:10.15468/dl.ib78ox,Occurrence Download,Occdownload Gbif.Org [omid:ra/0602935989],2019,,,,,dataset,The Global Biodiversity Information Facility [omid:ra/0602935990],
omid:br/0601016563 doi:10.15468/dl.ib7bft,Occurrence Download,Occdownload Gbif.Org [omid:ra/0602935991],2020,,,,,dataset,The Global Biodiversity Information Facility [omid:ra/0602935992],
omid:br/0601016564 doi:10.15468/dl.ib7emv,GBIF Occurrence Download,Occdownload Gbif.Org [omid:ra/0602935993],2019,,,,,dataset,The Global Biodiversity Information Facility [omid:ra/0602935994],
omid:br/0601016565 doi:10.15468/dl.ib7fsv,GBIF Occurrence Download,Occdownload Gbif.Org [omid:ra/0602935995],2017,,,,,dataset,The Global Biodiversity Information Facility [omid:ra/0602935996],
omid:br/0601016566 doi:10.15468/dl.ib7g28,GBIF Occurrence Download,Occdownload Gbif.Org [omid:ra/0602935997],2018,,,,,dataset,The Global Biodiversity Information Facility [omid:ra/0602935998],
omid:br/0601016567 doi:10.15468/dl.ib7syn,Occurrence Download,Occdownload Gbif.Org [omid:ra/0602935999],2020,,,,,dataset,The Global Biodiversity Information Facility [omid:ra/0602936000],
omid:br/0601016568 doi:10.15468/dl.ib7uha,GBIF Occurrence Download,Occdownload Gbif.Org [omid:ra/0602936001],2015,,,,,dataset,The Global Biodiversity Information Facility [omid:ra/0602936002],
omid:br/0601016569 doi:10.15468/dl.ib7xue,GBIF Occurrence Download,Occdownload Gbif.Org [omid:ra/0602936003],2018,,,,,dataset,The Global Biodiversity Information Facility [omid:ra/0602936004],
omid:br/060101657 doi:10.1594/pangaea.186565,Nutrients Measured On Water Bottle Samples At Station FLUPAC_039,"Rodier, Martine [omid:ra/061507194 orcid:0000-0003-0339-7587]; Blain, Stéphane [omid:ra/060219627]; Eldin, Gérard [omid:ra/060219628]",2004,,,,,dataset,Pangaea - Data Publisher For Earth & Environmental Science [omid:ra/060219629],
omid:br/0601016570 doi:10.15468/dl.ib8aio,GBIF Occurrence Download,Occdownload Gbif.Org [omid:ra/0602936005],2016,,,,,dataset,The Global Biodiversity Information Facility [omid:ra/0602936006],
omid:br/0601016571 doi:10.15468/dl.ib8bne,GBIF Occurrence Download,Occdownload Gbif.Org [omid:ra/0602936007],2017,,,,,dataset,The Global Biodiversity Information Facility [omid:ra/0602936008],
omid:br/0601016572 doi:10.15468/dl.ib8elg,GBIF Occurrence Download,Occdownload Gbif.Org [omid:ra/0602936009],2019,,,,,dataset,The Global Biodiversity Information Facility [omid:ra/0602936010],
omid:br/0601016573 doi:10.15468/dl.ib8hkc,GBIF Occurrence Download,Occdownload Gbif.Org [omid:ra/0602936011],2018,,,,,dataset,The Global Biodiversity Information Facility [omid:ra/0602936012],
omid:br/0601016574 doi:10.15468/dl.ib8joc,GBIF Occurrence Download,Occdownload Gbif.Org [omid:ra/0602936013],2016,,,,,dataset,The Global Biodiversity Information Facility [omid:ra/0602936014],
omid:br/0601016575 doi:10.15468/dl.ib8lvf,GBIF Occurrence Download,Occdownload Gbif.Org [omid:ra/0602936015],2016,,,,,dataset,The Global Biodiversity Information Facility [omid:ra/0602936016],
omid:br/0601016576 doi:10.15468/dl.ib8q8v,GBIF Occurrence Download,Occdownload Gbif.Org [omid:ra/0602936017],2019,,,,,dataset,The Global Biodiversity Information Facility [omid:ra/0602936018],
omid:br/0601016577 doi:10.15468/dl.ib8qqe,Occurrence Download,Occdownload Gbif.Org [omid:ra/0602936019],2020,,,,,dataset,The Global Biodiversity Information Facility [omid:ra/0602936020],
omid:br/0601016578 doi:10.15468/dl.ib8snd,Occurrence Download,Occdownload Gbif.Org [omid:ra/0602936021],2020,,,,,dataset,The Global Biodiversity Information Facility [omid:ra/0602936022],
omid:br/0601016579 doi:10.15468/dl.ib8wkh,Occurrence Download,Occdownload Gbif.Org [omid:ra/0602936023],2020,,,,,dataset,The Global Biodiversity Information Facility [omid:ra/0602936024],
omid:br/060101658 doi:10.1594/pangaea.186566,Nutrients Measured On Water Bottle Samples At Station FLUPAC_040,"Rodier, Martine [omid:ra/061507194 orcid:0000-0003-0339-7587]; Blain, Stéphane [omid:ra/060219630]; Eldin, Gérard [omid:ra/060219631]",2004,,,,,dataset,Pangaea - Data Publisher For Earth & Environmental Science [omid:ra/060219632],
omid:br/0601016580 doi:10.15468/dl.ib8wq6,GBIF Occurrence Download,Occdownload Gbif.Org [omid:ra/0602936025],2016,,,,,dataset,The Global Biodiversity Information Facility [omid:ra/0602936026],
omid:br/0601016581 doi:10.15468/dl.ib8zau,GBIF Occurrence Download,Occdownload Gbif.Org [omid:ra/0602936027],2018,,,,,dataset,The Global Biodiversity Information Facility [omid:ra/0602936028],
omid:br/0601016582 doi:10.15468/dl.ib8zdu,GBIF Occurrence Download,Occdownload Gbif.Org [omid:ra/0602936029],2019,,,,,dataset,The Global Biodiversity Information Facility [omid:ra/0602936030],
omid:br/0601016583 doi:10.15468/dl.ib92l9,Occurrence Download,Occdownload Gbif.Org [omid:ra/0602936031],2019,,,,,dataset,The Global Biodiversity Information Facility [omid:ra/0602936032],
omid:br/0601016584 doi:10.15468/dl.ib961c,Occurrence Download,Occdownload Gbif.Org [omid:ra/0602936033],2019,,,,,dataset,The Global Biodiversity Information Facility [omid:ra/0602936034],
omid:br/0601016585 doi:10.15468/dl.ib98y0,GBIF Occurrence Download,Occdownload Gbif.Org [omid:ra/0602936035],2015,,,,,dataset,The Global Biodiversity Information Facility [omid:ra/0602936036],
omid:br/0601016586 doi:10.15468/dl.ib99a4,GBIF Occurrence Download,Occdownload Gbif.Org [omid:ra/0602936037],2015,,,,,dataset,The Global Biodiversity Information Facility [omid:ra/0602936038],
omid:br/0601016587 doi:10.15468/dl.ib9fcd,GBIF Occurrence Download,Occdownload Gbif.Org [omid:ra/0602936039],2016,,,,,dataset,The Global Biodiversity Information Facility [omid:ra/0602936040],
omid:br/0601016588 doi:10.15468/dl.ib9ftc,GBIF Occurrence Download,Occdownload Gbif.Org [omid:ra/0602936041],2017,,,,,dataset,The Global Biodiversity Information Facility [omid:ra/0602936042],
omid:br/0601016589 doi:10.15468/dl.ib9hyl,Occurrence Download,Occdownload Gbif.Org [omid:ra/0602936043],2020,,,,,dataset,The Global Biodiversity Information Facility [omid:ra/0602936044],
omid:br/060101659 doi:10.1594/pangaea.186567,Nutrients Measured On Water Bottle Samples At Station FLUPAC_041,"Rodier, Martine [omid:ra/061507194 orcid:0000-0003-0339-7587]; Blain, Stéphane [omid:ra/060219633]; Eldin, Gérard [omid:ra/060219634]",2004,,,,,dataset,Pangaea - Data Publisher For Earth & Environmental Science [omid:ra/060219635],
omid:br/0601016590 doi:10.15468/dl.ib9pkz,Occurrence Download,Occdownload Gbif.Org [omid:ra/0602936045],2020,,,,,dataset,The Global Biodiversity Information Facility [omid:ra/0602936046],
omid:br/0601016591 doi:10.15468/dl.ib9rj8,GBIF Occurrence Download,Occdownload Gbif.Org [omid:ra/0602936047],2017,,,,,dataset,The Global Biodiversity Information Facility [omid:ra/0602936048],
omid:br/0601016592 doi:10.15468/dl.ib9rnh,GBIF Occurrence Download,Occdownload Gbif.Org [omid:ra/0602936049],2018,,,,,dataset,The Global Biodiversity Information Facility [omid:ra/0602936050],
omid:br/0601016593 doi:10.15468/dl.ib9ugs,Occurrence Download,Occdownload Gbif.Org [omid:ra/0602936051],2019,,,,,dataset,The Global Biodiversity Information Facility [omid:ra/0602936052],
omid:br/0601016594 doi:10.15468/dl.ib9vcx,GBIF Occurrence Download,Occdownload Gbif.Org [omid:ra/0602936053],2016,,,,,dataset,The Global Biodiversity Information Facility [omid:ra/0602936054],
omid:br/0601016595 doi:10.15468/dl.ib9ya3,GBIF Occurrence Download,Occdownload Gbif.Org [omid:ra/0602936055],2019,,,,,dataset,The Global Biodiversity Information Facility [omid:ra/0602936056],
omid:br/0601016596 doi:10.15468/dl.ib9yy9,GBIF Occurrence Download,Occdownload Gbif.Org [omid:ra/0602936057],2019,,,,,dataset,The Global Biodiversity Information Facility [omid:ra/0602936058],
omid:br/0601016597 doi:10.15468/dl.ib9zbf,GBIF Occurrence Download,Occdownload Gbif.Org [omid:ra/0602936059],2019,,,,,dataset,The Global Biodiversity Information Facility [omid:ra/0602936060],
omid:br/0601016598 doi:10.15468/dl.iba0d9,Occurrence Download,Occdownload Gbif.Org [omid:ra/0602936061],2020,,,,,dataset,The Global Biodiversity Information Facility [omid:ra/0602936062],
omid:br/0601016599 doi:10.15468/dl.iba1di,Occurrence Download,Occdownload Gbif.Org [omid:ra/0602936063],2020,,,,,dataset,The Global Biodiversity Information Facility [omid:ra/0602936064],
omid:br/06010166 doi:10.15468/dl.xy06x2,GBIF Occurrence Download,Occdownload Gbif.Org [omid:ra/06029520],2019,,,,,dataset,The Global Biodiversity Information Facility [omid:ra/06029521],
omid:br/060101660 doi:10.1594/pangaea.186568 openalex:W3123053991,Nutrients Measured On Water Bottle Samples At Station FLUPAC_042,"Rodier, Martine [omid:ra/061507194 orcid:0000-0003-0339-7587]; Blain, Stéphane [omid:ra/060219636]; Eldin, Gérard [omid:ra/060219637]",2004,,,,,dataset,Pangaea - Data Publisher For Earth & Environmental Science [omid:ra/060219638],
omid:br/0601016600 doi:10.15468/dl.iba3az,GBIF Occurrence Download,Occdownload Gbif.Org [omid:ra/0602936065],2017,,,,,dataset,The Global Biodiversity Information Facility [omid:ra/0602936066],
omid:br/0601016601 doi:10.15468/dl.iba75k,Occurrence Download,Occdownload Gbif.Org [omid:ra/0602936067],2019,,,,,dataset,The Global Biodiversity Information Facility [omid:ra/0602936068],
omid:br/0601016602 doi:10.15468/dl.ibabph,GBIF Occurrence Download,Occdownload Gbif.Org [omid:ra/0602936069],2017,,,,,dataset,The Global Biodiversity Information Facility [omid:ra/0602936070],
omid:br/0601016603 doi:10.15468/dl.ibacdz,Occurrence Download,Occdownload Gbif.Org [omid:ra/0602936071],2019,,,,,dataset,The Global Biodiversity Information Facility [omid:ra/0602936072],
omid:br/0601016604 doi:10.15468/dl.ibaeqf,GBIF Occurrence Download,Occdownload Gbif.Org [omid:ra/0602936073],2017,,,,,dataset,The Global Biodiversity Information Facility [omid:ra/0602936074],
omid:br/0601016605 doi:10.15468/dl.ibah96,GBIF Occurrence Download,Occdownload Gbif.Org [omid:ra/0602936075],2019,,,,,dataset,The Global Biodiversity Information Facility [omid:ra/0602936076],
omid:br/0601016606 doi:10.15468/dl.ibajot,Occurrence Download,Occdownload Gbif.Org [omid:ra/0602936077],2020,,,,,dataset,The Global Biodiversity Information Facility [omid:ra/0602936078],
omid:br/0601016607 doi:10.15468/dl.ibakb9,GBIF Occurrence Download,Occdownload Gbif.Org [omid:ra/0602936079],2017,,,,,dataset,The Global Biodiversity Information Facility [omid:ra/0602936080],
omid:br/0601016608 doi:10.15468/dl.ibakh2,GBIF Occurrence Download,Occdownload Gbif.Org [omid:ra/0602936081],2018,,,,,dataset,The Global Biodiversity Information Facility [omid:ra/0602936082],
omid:br/0601016609 doi:10.15468/dl.ibalbf,GBIF Occurrence Download,Occdownload Gbif.Org [omid:ra/0602936083],2016,,,,,dataset,The Global Biodiversity Information Facility [omid:ra/0602936084],
omid:br/060101661 doi:10.1594/pangaea.186569,Nutrients Measured On Water Bottle Samples At Station FLUPAC_043,"Rodier, Martine [omid:ra/061507194 orcid:0000-0003-0339-7587]; Blain, Stéphane [omid:ra/060219639]; Eldin, Gérard [omid:ra/060219640]",2004,,,,,dataset,Pangaea - Data Publisher For Earth & Environmental Science [omid:ra/060219641],
omid:br/0601016610 doi:10.15468/dl.ibamip,GBIF Occurrence Download,Occdownload Gbif.Org [omid:ra/0602936085],2017,,,,,dataset,The Global Biodiversity Information Facility [omid:ra/0602936086],
omid:br/0601016611 doi:10.15468/dl.ibanhq,GBIF Occurrence Download,Occdownload Gbif.Org [omid:ra/0602936087],2019,,,,,dataset,The Global Biodiversity Information Facility [omid:ra/0602936088],
omid:br/0601016612 doi:10.15468/dl.ibap0u,Occurrence Download,Occdownload Gbif.Org [omid:ra/0602936089],2020,,,,,dataset,The Global Biodiversity Information Facility [omid:ra/0602936090],
omid:br/0601016613 doi:10.15468/dl.ibaplt,GBIF Occurrence Download,Occdownload Gbif.Org [omid:ra/0602936091],2019,,,,,dataset,The Global Biodiversity Information Facility [omid:ra/0602936092],
omid:br/0601016614 doi:10.15468/dl.ibaue5,Occurrence Download,Occdownload Gbif.Org [omid:ra/0602936093],2019,,,,,dataset,The Global Biodiversity Information Facility [omid:ra/0602936094],
omid:br/0601016615 doi:10.15468/dl.ibaveq,GBIF Occurrence Download,Occdownload Gbif.Org [omid:ra/0602936095],2019,,,,,dataset,The Global Biodiversity Information Facility [omid:ra/0602936096],
omid:br/0601016616 doi:10.15468/dl.ibavyv,GBIF Occurrence Download,Occdownload Gbif.Org [omid:ra/0602936097],2015,,,,,dataset,The Global Biodiversity Information Facility [omid:ra/0602936098],
omid:br/0601016617 doi:10.15468/dl.ibaw9k,GBIF Occurrence Download,Occdownload Gbif.Org [omid:ra/0602936099],2018,,,,,dataset,The Global Biodiversity Information Facility [omid:ra/0602936100],
omid:br/0601016618 doi:10.15468/dl.ibayr2,GBIF Occurrence Download,Occdownload Gbif.Org [omid:ra/0602936101],2015,,,,,dataset,The Global Biodiversity Information Facility [omid:ra/0602936102],
omid:br/0601016619 doi:10.15468/dl.ibb5bo,GBIF Occurrence Download,Occdownload Gbif.Org [omid:ra/0602936103],2016,,,,,dataset,The Global Biodiversity Information Facility [omid:ra/0602936104],
omid:br/060101662 doi:10.1594/pangaea.186570,Nutrients Measured On Water Bottle Samples At Station FLUPAC_044,"Rodier, Martine [omid:ra/061507194 orcid:0000-0003-0339-7587]; Blain, Stéphane [omid:ra/060219642]; Eldin, Gérard [omid:ra/060219643]",2004,,,,,dataset,Pangaea - Data Publisher For Earth & Environmental Science [omid:ra/060219644],
omid:br/0601016620 doi:10.15468/dl.ibb6x1,Occurrence Download,Occdownload Gbif.Org [omid:ra/0602936105],2019,,,,,dataset,The Global Biodiversity Information Facility [omid:ra/0602936106],
omid:br/0601016621 doi:10.15468/dl.ibb7r0,GBIF Occurrence Download,Occdownload Gbif.Org [omid:ra/0602936107],2019,,,,,dataset,The Global Biodiversity Information Facility [omid:ra/0602936108],
omid:br/0601016622 doi:10.15468/dl.ibbatc,GBIF Occurrence Download,Occdownload Gbif.Org [omid:ra/0602936109],2015,,,,,dataset,The Global Biodiversity Information Facility [omid:ra/0602936110],
omid:br/0601016623 doi:10.15468/dl.ibbbsn,GBIF Occurrence Download,Occdownload Gbif.Org [omid:ra/0602936111],2017,,,,,dataset,The Global Biodiversity Information Facility [omid:ra/0602936112],
omid:br/0601016624 doi:10.15468/dl.ibbc41,GBIF Occurrence Download,Occdownload Gbif.Org [omid:ra/0602936113],2016,,,,,dataset,The Global Biodiversity Information Facility [omid:ra/0602936114],
omid:br/0601016625 doi:10.15468/dl.ibbd1d,GBIF Occurrence Download,Occdownload Gbif.Org [omid:ra/0602936115],2018,,,,,dataset,The Global Biodiversity Information Facility [omid:ra/0602936116],
omid:br/0601016626 doi:10.15468/dl.ibbd7d,GBIF Occurrence Download,Occdownload Gbif.Org [omid:ra/0602936117],2015,,,,,dataset,The Global Biodiversity Information Facility [omid:ra/0602936118],
omid:br/0601016627 doi:10.15468/dl.ibbfqm,GBIF Occurrence Download,Occdownload Gbif.Org [omid:ra/0602936119],2015,,,,,dataset,The Global Biodiversity Information Facility [omid:ra/0602936120],
omid:br/0601016628 doi:10.15468/dl.ibbhew,GBIF Occurrence Download,Occdownload Gbif.Org [omid:ra/0602936121],2019,,,,,dataset,The Global Biodiversity Information Facility [omid:ra/0602936122],
omid:br/0601016629 doi:10.15468/dl.ibbiku,GBIF Occurrence Download,Occdownload Gbif.Org [omid:ra/0602936123],2017,,,,,dataset,The Global Biodiversity Information Facility [omid:ra/0602936124],
omid:br/060101663 doi:10.1594/pangaea.186571,Nutrients Measured On Water Bottle Samples At Station FLUPAC_045,"Rodier, Martine [omid:ra/061507194 orcid:0000-0003-0339-7587]; Blain, Stéphane [omid:ra/060219645]; Eldin, Gérard [omid:ra/060219646]",2004,,,,,dataset,Pangaea - Data Publisher For Earth & Environmental Science [omid:ra/060219647],
omid:br/0601016630 doi:10.15468/dl.ibbjlj,GBIF Occurrence Download,Occdownload Gbif.Org [omid:ra/0602936125],2015,,,,,dataset,The Global Biodiversity Information Facility [omid:ra/0602936126],
omid:br/0601016631 doi:10.15468/dl.ibbken,GBIF Occurrence Download,Occdownload Gbif.Org [omid:ra/0602936127],2015,,,,,dataset,The Global Biodiversity Information Facility [omid:ra/0602936128],
omid:br/0601016632 doi:10.15468/dl.ibbkup,GBIF Occurrence Download,Occdownload Gbif.Org [omid:ra/0602936129],2017,,,,,dataset,The Global Biodiversity Information Facility [omid:ra/0602936130],
omid:br/0601016633 doi:10.15468/dl.ibbmtw,Occurrence Download,Occdownload Gbif.Org [omid:ra/0602936131],2020,,,,,dataset,The Global Biodiversity Information Facility [omid:ra/0602936132],
omid:br/0601016634 doi:10.15468/dl.ibbmym,Occurrence Download,Occdownload Gbif.Org [omid:ra/0602936133],2020,,,,,dataset,The Global Biodiversity Information Facility [omid:ra/0602936134],
omid:br/0601016635 doi:10.15468/dl.ibbonw,GBIF Occurrence Download,Occdownload Gbif.Org [omid:ra/0602936135],2015,,,,,dataset,The Global Biodiversity Information Facility [omid:ra/0602936136],
omid:br/0601016636 doi:10.15468/dl.ibbqbt,GBIF Occurrence Download,Occdownload Gbif.Org [omid:ra/0602936137],2019,,,,,dataset,The Global Biodiversity Information Facility [omid:ra/0602936138],
omid:br/0601016637 doi:10.15468/dl.ibbvcc,GBIF Occurrence Download,Occdownload Gbif.Org [omid:ra/0602936139],2018,,,,,dataset,The Global Biodiversity Information Facility [omid:ra/0602936140],
omid:br/0601016638 doi:10.15468/dl.ibbxhw,Occurrence Download,Occdownload Gbif.Org [omid:ra/0602936141],2020,,,,,dataset,The Global Biodiversity Information Facility [omid:ra/0602936142],
omid:br/0601016639 doi:10.15468/dl.ibbxis,Occurrence Download,Occdownload Gbif.Org [omid:ra/0602936143],2020,,,,,dataset,The Global Biodiversity Information Facility [omid:ra/0602936144],
omid:br/060101664 doi:10.1594/pangaea.186572,Nutrients Measured On Water Bottle Samples At Station FLUPAC_046,"Rodier, Martine [omid:ra/061507194 orcid:0000-0003-0339-7587]; Blain, Stéphane [omid:ra/060219648]; Eldin, Gérard [omid:ra/060219649]",2004,,,,,dataset,Pangaea - Data Publisher For Earth & Environmental Science [omid:ra/060219650],
omid:br/0601016640 doi:10.15468/dl.ibc6h1,GBIF Occurrence Download,Occdownload Gbif.Org [omid:ra/0602936145],2018,,,,,dataset,The Global Biodiversity Information Facility [omid:ra/0602936146],
omid:br/0601016641 doi:10.15468/dl.ibc8my,Occurrence Download,Occdownload Gbif.Org [omid:ra/0602936147],2019,,,,,dataset,The Global Biodiversity Information Facility [omid:ra/0602936148],
omid:br/0601016642 doi:10.15468/dl.ibcavu,Occurrence Download,Occdownload Gbif.Org [omid:ra/0602936149],2019,,,,,dataset,The Global Biodiversity Information Facility [omid:ra/0602936150],
omid:br/0601016643 doi:10.15468/dl.ibcc7u,GBIF Occurrence Download,Occdownload Gbif.Org [omid:ra/0602936151],2017,,,,,dataset,The Global Biodiversity Information Facility [omid:ra/0602936152],
omid:br/0601016644 doi:10.15468/dl.ibce2a,GBIF Occurrence Download,Occdownload Gbif.Org [omid:ra/0602936153],2017,,,,,dataset,The Global Biodiversity Information Facility [omid:ra/0602936154],
omid:br/0601016645 doi:10.15468/dl.ibcetv,Occurrence Download,Occdownload Gbif.Org [omid:ra/0602936155],2020,,,,,dataset,The Global Biodiversity Information Facility [omid:ra/0602936156],
omid:br/0601016646 doi:10.15468/dl.ibcfht,GBIF Occurrence Download,Occdownload Gbif.Org [omid:ra/0602936157],2017,,,,,dataset,The Global Biodiversity Information Facility [omid:ra/0602936158],
omid:br/0601016647 doi:10.15468/dl.ibcfz6,GBIF Occurrence Download,Occdownload Gbif.Org [omid:ra/0602936159],2019,,,,,dataset,The Global Biodiversity Information Facility [omid:ra/0602936160],
omid:br/0601016648 doi:10.15468/dl.ibcgmb,GBIF Occurrence Download,Occdownload Gbif.Org [omid:ra/0602936161],2018,,,,,dataset,The Global Biodiversity Information Facility [omid:ra/0602936162],
omid:br/0601016649 doi:10.15468/dl.ibcgvs,GBIF Occurrence Download,Occdownload Gbif.Org [omid:ra/0602936163],2015,,,,,dataset,The Global Biodiversity Information Facility [omid:ra/0602936164],
omid:br/060101665 doi:10.1594/pangaea.186573,Nutrients Measured On Water Bottle Samples At Station FLUPAC_047,"Rodier, Martine [omid:ra/061507194 orcid:0000-0003-0339-7587]; Blain, Stéphane [omid:ra/060219651]; Eldin, Gérard [omid:ra/060219652]",2004,,,,,dataset,Pangaea - Data Publisher For Earth & Environmental Science [omid:ra/060219653],
omid:br/0601016650 doi:10.15468/dl.ibcjmm,Occurrence Download,Occdownload Gbif.Org [omid:ra/0602936165],2019,,,,,dataset,The Global Biodiversity Information Facility [omid:ra/0602936166],
omid:br/0601016651 doi:10.15468/dl.ibckh7,GBIF Occurrence Download,Occdownload Gbif.Org [omid:ra/0602936167],2017,,,,,dataset,The Global Biodiversity Information Facility [omid:ra/0602936168],
omid:br/0601016652 doi:10.15468/dl.ibclx5,GBIF Occurrence Download,Occdownload Gbif.Org [omid:ra/0602936169],2018,,,,,dataset,The Global Biodiversity Information Facility [omid:ra/0602936170],
omid:br/0601016653 doi:10.15468/dl.ibcmgw,Occurrence Download,Occdownload Gbif.Org [omid:ra/0602936171],2020,,,,,dataset,The Global Biodiversity Information Facility [omid:ra/0602936172],
omid:br/0601016654 doi:10.15468/dl.ibcnsc,GBIF Occurrence Download,Occdownload Gbif.Org [omid:ra/0602936173],2016,,,,,dataset,The Global Biodiversity Information Facility [omid:ra/0602936174],
omid:br/0601016655 doi:10.15468/dl.ibcnwl,GBIF Occurrence Download,Occdownload Gbif.Org [omid:ra/0602936175],2016,,,,,dataset,The Global Biodiversity Information Facility [omid:ra/0602936176],
omid:br/0601016656 doi:10.15468/dl.ibcr8s,GBIF Occurrence Download,Occdownload Gbif.Org [omid:ra/0602936177],2019,,,,,dataset,The Global Biodiversity Information Facility [omid:ra/0602936178],
omid:br/0601016657 doi:10.15468/dl.ibcrqe,Occurrence Download,Occdownload Gbif.Org [omid:ra/0602936179],2020,,,,,dataset,The Global Biodiversity Information Facility [omid:ra/0602936180],
omid:br/0601016658 doi:10.15468/dl.ibcsmi,GBIF Occurrence Download,Occdownload Gbif.Org [omid:ra/0602936181],2018,,,,,dataset,The Global Biodiversity Information Facility [omid:ra/0602936182],
omid:br/0601016659 doi:10.15468/dl.ibcsxv,GBIF Occurrence Download,Occdownload Gbif.Org [omid:ra/0602936183],2019,,,,,dataset,The Global Biodiversity Information Facility [omid:ra/0602936184],
omid:br/060101666 doi:10.1594/pangaea.186574,Nutrients Measured On Water Bottle Samples At Station FLUPAC_048,"Rodier, Martine [omid:ra/061507194 orcid:0000-0003-0339-7587]; Blain, Stéphane [omid:ra/060219654]; Eldin, Gérard [omid:ra/060219655]",2004,,,,,dataset,Pangaea - Data Publisher For Earth & Environmental Science [omid:ra/060219656],
omid:br/0601016660 doi:10.15468/dl.ibctjn,GBIF Occurrence Download,Occdownload Gbif.Org [omid:ra/0602936185],2017,,,,,dataset,The Global Biodiversity Information Facility [omid:ra/0602936186],
omid:br/0601016661 doi:10.15468/dl.ibcuod,GBIF Occurrence Download,Occdownload Gbif.Org [omid:ra/0602936187],2017,,,,,dataset,The Global Biodiversity Information Facility [omid:ra/0602936188],
omid:br/0601016662 doi:10.15468/dl.ibcurl,GBIF Occurrence Download,Occdownload Gbif.Org [omid:ra/0602936189],2016,,,,,dataset,The Global Biodiversity Information Facility [omid:ra/0602936190],
omid:br/0601016663 doi:10.15468/dl.ibcvwm,GBIF Occurrence Download,Occdownload Gbif.Org [omid:ra/0602936191],2017,,,,,dataset,The Global Biodiversity Information Facility [omid:ra/0602936192],
omid:br/0601016664 doi:10.15468/dl.ibcw7s,GBIF Occurrence Download,Occdownload Gbif.Org [omid:ra/0602936193],2019,,,,,dataset,The Global Biodiversity Information Facility [omid:ra/0602936194],
omid:br/0601016665 doi:10.15468/dl.ibcwic,GBIF Occurrence Download,Occdownload Gbif.Org [omid:ra/0602936195],2016,,,,,dataset,The Global Biodiversity Information Facility [omid:ra/0602936196],
omid:br/0601016666 doi:10.15468/dl.ibcxty,GBIF Occurrence Download,Occdownload Gbif.Org [omid:ra/0602936197],2019,,,,,dataset,The Global Biodiversity Information Facility [omid:ra/0602936198],
omid:br/0601016667 doi:10.15468/dl.ibczat,GBIF Occurrence Download,Occdownload Gbif.Org [omid:ra/0602936199],2016,,,,,dataset,The Global Biodiversity Information Facility [omid:ra/0602936200],
omid:br/0601016668 doi:10.15468/dl.ibd0w2,GBIF Occurrence Download,Occdownload Gbif.Org [omid:ra/0602936201],2015,,,,,dataset,The Global Biodiversity Information Facility [omid:ra/0602936202],
omid:br/0601016669 doi:10.15468/dl.ibd4xf,GBIF Occurrence Download,Occdownload Gbif.Org [omid:ra/0602936203],2019,,,,,dataset,The Global Biodiversity Information Facility [omid:ra/0602936204],
omid:br/060101667 doi:10.1594/pangaea.186575,Nutrients Measured On Water Bottle Samples At Station FLUPAC_049,"Rodier, Martine [omid:ra/061507194 orcid:0000-0003-0339-7587]; Blain, Stéphane [omid:ra/060219657]; Eldin, Gérard [omid:ra/060219658]",2004,,,,,dataset,Pangaea - Data Publisher For Earth & Environmental Science [omid:ra/060219659],
omid:br/0601016670 doi:10.15468/dl.ibd4xm,GBIF Occurrence Download,Occdownload Gbif.Org [omid:ra/0602936205],2019,,,,,dataset,The Global Biodiversity Information Facility [omid:ra/0602936206],
omid:br/0601016671 doi:10.15468/dl.ibd9jj,GBIF Occurrence Download,Occdownload Gbif.Org [omid:ra/0602936207],2016,,,,,dataset,The Global Biodiversity Information Facility [omid:ra/0602936208],
omid:br/0601016672 doi:10.15468/dl.ibdavf,GBIF Occurrence Download,Occdownload Gbif.Org [omid:ra/0602936209],2019,,,,,dataset,The Global Biodiversity Information Facility [omid:ra/0602936210],
omid:br/0601016673 doi:10.15468/dl.ibdb0y,GBIF Occurrence Download,Occdownload Gbif.Org [omid:ra/0602936211],2016,,,,,dataset,The Global Biodiversity Information Facility [omid:ra/0602936212],
omid:br/0601016674 doi:10.15468/dl.ibdctu,GBIF Occurrence Download,Occdownload Gbif.Org [omid:ra/0602936213],2019,,,,,dataset,The Global Biodiversity Information Facility [omid:ra/0602936214],
omid:br/0601016675 doi:10.15468/dl.ibddwf,GBIF Occurrence Download,Occdownload Gbif.Org [omid:ra/0602936215],2018,,,,,dataset,The Global Biodiversity Information Facility [omid:ra/0602936216],
omid:br/0601016676 doi:10.15468/dl.ibdexj,GBIF Occurrence Download,Occdownload Gbif.Org [omid:ra/0602936217],2018,,,,,dataset,The Global Biodiversity Information Facility [omid:ra/0602936218],
omid:br/0601016677 doi:10.15468/dl.ibdhik,GBIF Occurrence Download,Occdownload Gbif.Org [omid:ra/0602936219],2018,,,,,dataset,The Global Biodiversity Information Facility [omid:ra/0602936220],
omid:br/0601016678 doi:10.15468/dl.ibdl5s,GBIF Occurrence Download,Occdownload Gbif.Org [omid:ra/0602936221],2017,,,,,dataset,The Global Biodiversity Information Facility [omid:ra/0602936222],
omid:br/0601016679 doi:10.15468/dl.ibdqg1,GBIF Occurrence Download,Occdownload Gbif.Org [omid:ra/0602936223],2016,,,,,dataset,The Global Biodiversity Information Facility [omid:ra/0602936224],
omid:br/060101668 doi:10.1594/pangaea.186576,Nutrients Measured On Water Bottle Samples At Station FLUPAC_050,"Rodier, Martine [omid:ra/061507194 orcid:0000-0003-0339-7587]; Blain, Stéphane [omid:ra/060219660]; Eldin, Gérard [omid:ra/060219661]",2004,,,,,dataset,Pangaea - Data Publisher For Earth & Environmental Science [omid:ra/060219662],
omid:br/0601016680 doi:10.15468/dl.ibdrul,GBIF Occurrence Download,Occdownload Gbif.Org [omid:ra/0602936225],2018,,,,,dataset,The Global Biodiversity Information Facility [omid:ra/0602936226],
omid:br/0601016681 doi:10.15468/dl.ibdrwf,GBIF Occurrence Download,Occdownload Gbif.Org [omid:ra/0602936227],2016,,,,,dataset,The Global Biodiversity Information Facility [omid:ra/0602936228],
omid:br/0601016682 doi:10.15468/dl.ibduu9,GBIF Occurrence Download,Occdownload Gbif.Org [omid:ra/0602936229],2018,,,,,dataset,The Global Biodiversity Information Facility [omid:ra/0602936230],
omid:br/0601016683 doi:10.15468/dl.ibduwb,GBIF Occurrence Download,Occdownload Gbif.Org [omid:ra/0602936231],2018,,,,,dataset,The Global Biodiversity Information Facility [omid:ra/0602936232],
omid:br/0601016684 doi:10.15468/dl.ibdvtc,GBIF Occurrence Download,Occdownload Gbif.Org [omid:ra/0602936233],2018,,,,,dataset,The Global Biodiversity Information Facility [omid:ra/0602936234],
omid:br/0601016685 doi:10.15468/dl.ibdx3v,GBIF Occurrence Download,Occdownload Gbif.Org [omid:ra/0602936235],2019,,,,,dataset,The Global Biodiversity Information Facility [omid:ra/0602936236],
omid:br/0601016686 doi:10.15468/dl.ibe0wn,GBIF Occurrence Download,Occdownload Gbif.Org [omid:ra/0602936237],2019,,,,,dataset,The Global Biodiversity Information Facility [omid:ra/0602936238],
omid:br/0601016687 doi:10.15468/dl.ibe3lm,GBIF Occurrence Download,Occdownload Gbif.Org [omid:ra/0602936239],2017,,,,,dataset,The Global Biodiversity Information Facility [omid:ra/0602936240],
omid:br/0601016688 doi:10.15468/dl.ibe4bm,GBIF Occurrence Download,Occdownload Gbif.Org [omid:ra/0602936241],2018,,,,,dataset,The Global Biodiversity Information Facility [omid:ra/0602936242],
omid:br/0601016689 doi:10.15468/dl.ibe5j0,GBIF Occurrence Download,Occdownload Gbif.Org [omid:ra/0602936243],2018,,,,,dataset,The Global Biodiversity Information Facility [omid:ra/0602936244],
omid:br/060101669 doi:10.1594/pangaea.186577,Nutrients Measured On Water Bottle Samples At Station FLUPAC_051,"Rodier, Martine [omid:ra/061507194 orcid:0000-0003-0339-7587]; Blain, Stéphane [omid:ra/060219663]; Eldin, Gérard [omid:ra/060219664]",2004,,,,,dataset,Pangaea - Data Publisher For Earth & Environmental Science [omid:ra/060219665],
omid:br/0601016690 doi:10.15468/dl.ibe6ij,GBIF Occurrence Download,Occdownload Gbif.Org [omid:ra/0602936245],2018,,,,,dataset,The Global Biodiversity Information Facility [omid:ra/0602936246],
omid:br/0601016691 doi:10.15468/dl.ibeayd,GBIF Occurrence Download,Occdownload Gbif.Org [omid:ra/0602936247],2015,,,,,dataset,The Global Biodiversity Information Facility [omid:ra/0602936248],
omid:br/0601016692 doi:10.15468/dl.ibedfz,GBIF Occurrence Download,Occdownload Gbif.Org [omid:ra/0602936249],2018,,,,,dataset,The Global Biodiversity Information Facility [omid:ra/0602936250],
omid:br/0601016693 doi:10.15468/dl.ibedon,GBIF Occurrence Download,Occdownload Gbif.Org [omid:ra/0602936251],2016,,,,,dataset,The Global Biodiversity Information Facility [omid:ra/0602936252],
omid:br/0601016694 doi:10.15468/dl.ibee1m,GBIF Occurrence Download,Occdownload Gbif.Org [omid:ra/0602936253],2017,,,,,dataset,The Global Biodiversity Information Facility [omid:ra/0602936254],
omid:br/0601016695 doi:10.15468/dl.ibefpa,GBIF Occurrence Download,Occdownload Gbif.Org [omid:ra/0602936255],2017,,,,,dataset,The Global Biodiversity Information Facility [omid:ra/0602936256],
omid:br/0601016696 doi:10.15468/dl.ibenhs,GBIF Occurrence Download,Occdownload Gbif.Org [omid:ra/0602936257],2016,,,,,dataset,The Global Biodiversity Information Facility [omid:ra/0602936258],
omid:br/0601016697 doi:10.15468/dl.ibeq2w,GBIF Occurrence Download,Occdownload Gbif.Org [omid:ra/0602936259],2016,,,,,dataset,The Global Biodiversity Information Facility [omid:ra/0602936260],
omid:br/0601016698 doi:10.15468/dl.ibeqoj,GBIF Occurrence Download,Occdownload Gbif.Org [omid:ra/0602936261],2018,,,,,dataset,The Global Biodiversity Information Facility [omid:ra/0602936262],
omid:br/0601016699 doi:10.15468/dl.iberkb,Occurrence Download,Occdownload Gbif.Org [omid:ra/0602936263],2019,,,,,dataset,The Global Biodiversity Information Facility [omid:ra/0602936264],
omid:br/06010167 doi:10.15468/dl.xy09nt,GBIF Occurrence Download,Occdownload Gbif.Org [omid:ra/06029522],2019,,,,,dataset,The Global Biodiversity Information Facility [omid:ra/06029523],
omid:br/060101670 doi:10.1594/pangaea.186578,Nutrients Measured On Water Bottle Samples At Station FLUPAC_052,"Rodier, Martine [omid:ra/061507194 orcid:0000-0003-0339-7587]; Blain, Stéphane [omid:ra/060219666]; Eldin, Gérard [omid:ra/060219667]",2004,,,,,dataset,Pangaea - Data Publisher For Earth & Environmental Science [omid:ra/060219668],
omid:br/0601016700 doi:10.15468/dl.iberok,GBIF Occurrence Download,Occdownload Gbif.Org [omid:ra/0602936265],2018,,,,,dataset,The Global Biodiversity Information Facility [omid:ra/0602936266],
omid:br/0601016701 doi:10.15468/dl.ibetkq,GBIF Occurrence Download,Occdownload Gbif.Org [omid:ra/0602936267],2017,,,,,dataset,The Global Biodiversity Information Facility [omid:ra/0602936268],
omid:br/0601016702 doi:10.15468/dl.ibeva6,GBIF Occurrence Download,Occdownload Gbif.Org [omid:ra/0602936269],2017,,,,,dataset,The Global Biodiversity Information Facility [omid:ra/0602936270],
omid:br/0601016703 doi:10.15468/dl.ibevac,Occurrence Download,Occdownload Gbif.Org [omid:ra/0602936271],2020,,,,,dataset,The Global Biodiversity Information Facility [omid:ra/0602936272],
omid:br/0601016704 doi:10.15468/dl.ibevui,GBIF Occurrence Download,Occdownload Gbif.Org [omid:ra/0602936273],2015,,,,,dataset,The Global Biodiversity Information Facility [omid:ra/0602936274],
omid:br/0601016705 doi:10.15468/dl.ibevzy,GBIF Occurrence Download,Occdownload Gbif.Org [omid:ra/0602936275],2018,,,,,dataset,The Global Biodiversity Information Facility [omid:ra/0602936276],
omid:br/0601016706 doi:10.15468/dl.ibewn2,GBIF Occurrence Download,Occdownload Gbif.Org [omid:ra/0602936277],2019,,,,,dataset,The Global Biodiversity Information Facility [omid:ra/0602936278],
omid:br/0601016707 doi:10.15468/dl.ibex2m,GBIF Occurrence Download,Occdownload Gbif.Org [omid:ra/0602936279],2017,,,,,dataset,The Global Biodiversity Information Facility [omid:ra/0602936280],
omid:br/0601016708 doi:10.15468/dl.ibf4jd,GBIF Occurrence Download,Occdownload Gbif.Org [omid:ra/0602936281],2015,,,,,dataset,The Global Biodiversity Information Facility [omid:ra/0602936282],
omid:br/0601016709 doi:10.15468/dl.ibf7ec,GBIF Occurrence Download,Occdownload Gbif.Org [omid:ra/0602936283],2017,,,,,dataset,The Global Biodiversity Information Facility [omid:ra/0602936284],
omid:br/060101671 doi:10.1594/pangaea.186579,Nutrients Measured On Water Bottle Samples At Station FLUPAC_053,"Rodier, Martine [omid:ra/061507194 orcid:0000-0003-0339-7587]; Blain, Stéphane [omid:ra/060219669]; Eldin, Gérard [omid:ra/060219670]",2004,,,,,dataset,Pangaea - Data Publisher For Earth & Environmental Science [omid:ra/060219671],
omid:br/0601016710 doi:10.15468/dl.ibf7fu,GBIF Occurrence Download,Occdownload Gbif.Org [omid:ra/0602936285],2019,,,,,dataset,The Global Biodiversity Information Facility [omid:ra/0602936286],
omid:br/0601016711 doi:10.15468/dl.ibf9k1,GBIF Occurrence Download,Occdownload Gbif.Org [omid:ra/0602936287],2018,,,,,dataset,The Global Biodiversity Information Facility [omid:ra/0602936288],
omid:br/0601016712 doi:10.15468/dl.ibfazu,GBIF Occurrence Download,Occdownload Gbif.Org [omid:ra/0602936289],2019,,,,,dataset,The Global Biodiversity Information Facility [omid:ra/0602936290],
omid:br/0601016713 doi:10.15468/dl.ibfcct,GBIF Occurrence Download,Occdownload Gbif.Org [omid:ra/0602936291],2016,,,,,dataset,The Global Biodiversity Information Facility [omid:ra/0602936292],
omid:br/0601016714 doi:10.15468/dl.ibffd1,GBIF Occurrence Download,Occdownload Gbif.Org [omid:ra/0602936293],2018,,,,,dataset,The Global Biodiversity Information Facility [omid:ra/0602936294],
omid:br/0601016715 doi:10.15468/dl.ibffpy,GBIF Occurrence Download,Occdownload Gbif.Org [omid:ra/0602936295],2015,,,,,dataset,The Global Biodiversity Information Facility [omid:ra/0602936296],
omid:br/0601016716 doi:10.15468/dl.ibfhmp,GBIF Occurrence Download,Occdownload Gbif.Org [omid:ra/0602936297],2017,,,,,dataset,The Global Biodiversity Information Facility [omid:ra/0602936298],
omid:br/0601016717 doi:10.15468/dl.ibfixt,GBIF Occurrence Download,Occdownload Gbif.Org [omid:ra/0602936299],2018,,,,,dataset,The Global Biodiversity Information Facility [omid:ra/0602936300],
omid:br/0601016718 doi:10.15468/dl.ibfj0o,GBIF Occurrence Download,Occdownload Gbif.Org [omid:ra/0602936301],2018,,,,,dataset,The Global Biodiversity Information Facility [omid:ra/0602936302],
omid:br/0601016719 doi:10.15468/dl.ibfjl8,Occurrence Download,Occdownload Gbif.Org [omid:ra/0602936303],2020,,,,,dataset,The Global Biodiversity Information Facility [omid:ra/0602936304],
omid:br/060101672 doi:10.1594/pangaea.186580,Nutrients Measured On Water Bottle Samples At Station FLUPAC_054,"Rodier, Martine [omid:ra/061507194 orcid:0000-0003-0339-7587]; Blain, Stéphane [omid:ra/060219672]; Eldin, Gérard [omid:ra/060219673]",2004,,,,,dataset,Pangaea - Data Publisher For Earth & Environmental Science [omid:ra/060219674],
omid:br/0601016720 doi:10.15468/dl.ibfjq4,GBIF Occurrence Download,Occdownload Gbif.Org [omid:ra/0602936305],2018,,,,,dataset,The Global Biodiversity Information Facility [omid:ra/0602936306],
omid:br/0601016721 doi:10.15468/dl.ibflb7,GBIF Occurrence Download,Occdownload Gbif.Org [omid:ra/0602936307],2017,,,,,dataset,The Global Biodiversity Information Facility [omid:ra/0602936308],
omid:br/0601016722 doi:10.15468/dl.ibflzn,Occurrence Download,Occdownload Gbif.Org [omid:ra/0602936309],2020,,,,,dataset,The Global Biodiversity Information Facility [omid:ra/0602936310],
omid:br/0601016723 doi:10.15468/dl.ibfmsv,GBIF Occurrence Download,Occdownload Gbif.Org [omid:ra/0602936311],2015,,,,,dataset,The Global Biodiversity Information Facility [omid:ra/0602936312],
omid:br/0601016724 doi:10.15468/dl.ibfmyr,GBIF Occurrence Download,Occdownload Gbif.Org [omid:ra/0602936313],2019,,,,,dataset,The Global Biodiversity Information Facility [omid:ra/0602936314],
omid:br/0601016725 doi:10.15468/dl.ibfo9m,GBIF Occurrence Download,Occdownload Gbif.Org [omid:ra/0602936315],2019,,,,,dataset,The Global Biodiversity Information Facility [omid:ra/0602936316],
omid:br/0601016726 doi:10.15468/dl.ibfomt,GBIF Occurrence Download,Occdownload Gbif.Org [omid:ra/0602936317],2018,,,,,dataset,The Global Biodiversity Information Facility [omid:ra/0602936318],
omid:br/0601016727 doi:10.15468/dl.ibfpdk,GBIF Occurrence Download,Occdownload Gbif.Org [omid:ra/0602936319],2017,,,,,dataset,The Global Biodiversity Information Facility [omid:ra/0602936320],
omid:br/0601016728 doi:10.15468/dl.ibfpjv,GBIF Occurrence Download,Occdownload Gbif.Org [omid:ra/0602936321],2018,,,,,dataset,The Global Biodiversity Information Facility [omid:ra/0602936322],
omid:br/0601016729 doi:10.15468/dl.ibfqdk,GBIF Occurrence Download,Occdownload Gbif.Org [omid:ra/0602936323],2016,,,,,dataset,The Global Biodiversity Information Facility [omid:ra/0602936324],
omid:br/060101673 doi:10.1594/pangaea.186581,Nutrients Measured On Water Bottle Samples At Station FLUPAC_055,"Rodier, Martine [omid:ra/061507194 orcid:0000-0003-0339-7587]; Blain, Stéphane [omid:ra/060219675]; Eldin, Gérard [omid:ra/060219676]",2004,,,,,dataset,Pangaea - Data Publisher For Earth & Environmental Science [omid:ra/060219677],
omid:br/0601016730 doi:10.15468/dl.ibfqvs,GBIF Occurrence Download,Occdownload Gbif.Org [omid:ra/0602936325],2018,,,,,dataset,The Global Biodiversity Information Facility [omid:ra/0602936326],
omid:br/0601016731 doi:10.15468/dl.ibfsrk,GBIF Occurrence Download,Occdownload Gbif.Org [omid:ra/0602936327],2019,,,,,dataset,The Global Biodiversity Information Facility [omid:ra/0602936328],
omid:br/0601016732 doi:10.15468/dl.ibfst7,Occurrence Download,Occdownload Gbif.Org [omid:ra/0602936329],2020,,,,,dataset,The Global Biodiversity Information Facility [omid:ra/0602936330],
omid:br/0601016733 doi:10.15468/dl.ibfuqk,GBIF Occurrence Download,Occdownload Gbif.Org [omid:ra/0602936331],2016,,,,,dataset,The Global Biodiversity Information Facility [omid:ra/0602936332],
omid:br/0601016734 doi:10.15468/dl.ibfzrj,GBIF Occurrence Download,Occdownload Gbif.Org [omid:ra/0602936333],2019,,,,,dataset,The Global Biodiversity Information Facility [omid:ra/0602936334],
omid:br/0601016735 doi:10.15468/dl.ibg4nm,GBIF Occurrence Download,Occdownload Gbif.Org [omid:ra/0602936335],2018,,,,,dataset,The Global Biodiversity Information Facility [omid:ra/0602936336],
omid:br/0601016736 doi:10.15468/dl.ibg7bn,GBIF Occurrence Download,Occdownload Gbif.Org [omid:ra/0602936337],2017,,,,,dataset,The Global Biodiversity Information Facility [omid:ra/0602936338],
omid:br/0601016737 doi:10.15468/dl.ibg9ar,GBIF Occurrence Download,Occdownload Gbif.Org [omid:ra/0602936339],2018,,,,,dataset,The Global Biodiversity Information Facility [omid:ra/0602936340],
omid:br/0601016738 doi:10.15468/dl.ibg9c6,Occurrence Download,Occdownload Gbif.Org [omid:ra/0602936341],2020,,,,,dataset,The Global Biodiversity Information Facility [omid:ra/0602936342],
omid:br/0601016739 doi:10.15468/dl.ibgayr,GBIF Occurrence Download,Occdownload Gbif.Org [omid:ra/0602936343],2018,,,,,dataset,The Global Biodiversity Information Facility [omid:ra/0602936344],
omid:br/060101674 doi:10.1594/pangaea.186582,Nutrients Measured On Water Bottle Samples At Station FLUPAC_057,"Rodier, Martine [omid:ra/061507194 orcid:0000-0003-0339-7587]; Blain, Stéphane [omid:ra/060219678]; Eldin, Gérard [omid:ra/060219679]",2004,,,,,dataset,Pangaea - Data Publisher For Earth & Environmental Science [omid:ra/060219680],
omid:br/0601016740 doi:10.15468/dl.ibgbyg,GBIF Occurrence Download,Occdownload Gbif.Org [omid:ra/0602936345],2017,,,,,dataset,The Global Biodiversity Information Facility [omid:ra/0602936346],
omid:br/0601016741 doi:10.15468/dl.ibggax,GBIF Occurrence Download,Occdownload Gbif.Org [omid:ra/0602936347],2015,,,,,dataset,The Global Biodiversity Information Facility [omid:ra/0602936348],
omid:br/0601016742 doi:10.15468/dl.ibggfd,GBIF Occurrence Download,Occdownload Gbif.Org [omid:ra/0602936349],2017,,,,,dataset,The Global Biodiversity Information Facility [omid:ra/0602936350],
omid:br/0601016743 doi:10.15468/dl.ibggg8,GBIF Occurrence Download,Occdownload Gbif.Org [omid:ra/0602936351],2017,,,,,dataset,The Global Biodiversity Information Facility [omid:ra/0602936352],
omid:br/0601016744 doi:10.15468/dl.ibgiyn,GBIF Occurrence Download,Occdownload Gbif.Org [omid:ra/0602936353],2017,,,,,dataset,The Global Biodiversity Information Facility [omid:ra/0602936354],
omid:br/0601016745 doi:10.15468/dl.ibgjyg,GBIF Occurrence Download,Occdownload Gbif.Org [omid:ra/0602936355],2019,,,,,dataset,The Global Biodiversity Information Facility [omid:ra/0602936356],
omid:br/0601016746 doi:10.15468/dl.ibgkun,GBIF Occurrence Download,Occdownload Gbif.Org [omid:ra/0602936357],2017,,,,,dataset,The Global Biodiversity Information Facility [omid:ra/0602936358],
omid:br/0601016747 doi:10.15468/dl.ibgl8s,GBIF Occurrence Download,Occdownload Gbif.Org [omid:ra/0602936359],2018,,,,,dataset,The Global Biodiversity Information Facility [omid:ra/0602936360],
omid:br/0601016748 doi:10.15468/dl.ibglad,Occurrence Download,Occdownload Gbif.Org [omid:ra/0602936361],2019,,,,,dataset,The Global Biodiversity Information Facility [omid:ra/0602936362],
omid:br/0601016749 doi:10.15468/dl.ibglzn,Occurrence Download,Occdownload Gbif.Org [omid:ra/0602936363],2020,,,,,dataset,The Global Biodiversity Information Facility [omid:ra/0602936364],
omid:br/060101675 doi:10.1594/pangaea.186583,Nutrients Measured On Water Bottle Samples At Station FLUPAC_059,"Rodier, Martine [omid:ra/061507194 orcid:0000-0003-0339-7587]; Blain, Stéphane [omid:ra/060219681]; Eldin, Gérard [omid:ra/060219682]",2004,,,,,dataset,Pangaea - Data Publisher For Earth & Environmental Science [omid:ra/060219683],
omid:br/0601016750 doi:10.15468/dl.ibgodi,GBIF Occurrence Download,Occdownload Gbif.Org [omid:ra/0602936365],2019,,,,,dataset,The Global Biodiversity Information Facility [omid:ra/0602936366],
omid:br/0601016751 doi:10.15468/dl.ibgofp,Occurrence Download,Occdownload Gbif.Org [omid:ra/0602936367],2020,,,,,dataset,The Global Biodiversity Information Facility [omid:ra/0602936368],
omid:br/0601016752 doi:10.15468/dl.ibgrdw,Occurrence Download,Occdownload Gbif.Org [omid:ra/0602936369],2020,,,,,dataset,The Global Biodiversity Information Facility [omid:ra/0602936370],
omid:br/0601016753 doi:10.15468/dl.ibgslr,Occurrence Download,Occdownload Gbif.Org [omid:ra/0602936371],2020,,,,,dataset,The Global Biodiversity Information Facility [omid:ra/0602936372],
omid:br/0601016754 doi:10.15468/dl.ibgtyb,GBIF Occurrence Download,Occdownload Gbif.Org [omid:ra/0602936373],2018,,,,,dataset,The Global Biodiversity Information Facility [omid:ra/0602936374],
omid:br/0601016755 doi:10.15468/dl.ibgusr,GBIF Occurrence Download,Occdownload Gbif.Org [omid:ra/0602936375],2018,,,,,dataset,The Global Biodiversity Information Facility [omid:ra/0602936376],
omid:br/0601016756 doi:10.15468/dl.ibgvr6,Occurrence Download,Occdownload Gbif.Org [omid:ra/0602936377],2019,,,,,dataset,The Global Biodiversity Information Facility [omid:ra/0602936378],
omid:br/0601016757 doi:10.15468/dl.ibgwx3,GBIF Occurrence Download,Occdownload Gbif.Org [omid:ra/0602936379],2019,,,,,dataset,The Global Biodiversity Information Facility [omid:ra/0602936380],
omid:br/0601016758 doi:10.15468/dl.ibh0nz,GBIF Occurrence Download,Occdownload Gbif.Org [omid:ra/0602936381],2019,,,,,dataset,The Global Biodiversity Information Facility [omid:ra/0602936382],
omid:br/0601016759 doi:10.15468/dl.ibh3ai,GBIF Occurrence Download,Occdownload Gbif.Org [omid:ra/0602936383],2017,,,,,dataset,The Global Biodiversity Information Facility [omid:ra/0602936384],
omid:br/060101676 doi:10.1594/pangaea.186584,Nutrients Measured On Water Bottle Samples At Station FLUPAC_061,"Rodier, Martine [omid:ra/061507194 orcid:0000-0003-0339-7587]; Blain, Stéphane [omid:ra/060219684]; Eldin, Gérard [omid:ra/060219685]",2004,,,,,dataset,Pangaea - Data Publisher For Earth & Environmental Science [omid:ra/060219686],
omid:br/0601016760 doi:10.15468/dl.ibh5n4,GBIF Occurrence Download,Occdownload Gbif.Org [omid:ra/0602936385],2018,,,,,dataset,The Global Biodiversity Information Facility [omid:ra/0602936386],
omid:br/0601016761 doi:10.15468/dl.ibhcc4,Occurrence Download,Occdownload Gbif.Org [omid:ra/0602936387],2019,,,,,dataset,The Global Biodiversity Information Facility [omid:ra/0602936388],
omid:br/0601016762 doi:10.15468/dl.ibhcgf,GBIF Occurrence Download,Occdownload Gbif.Org [omid:ra/0602936389],2018,,,,,dataset,The Global Biodiversity Information Facility [omid:ra/0602936390],
omid:br/0601016763 doi:10.15468/dl.ibhedq,GBIF Occurrence Download,Occdownload Gbif.Org [omid:ra/0602936391],2018,,,,,dataset,The Global Biodiversity Information Facility [omid:ra/0602936392],
omid:br/0601016764 doi:10.15468/dl.ibhepp,GBIF Occurrence Download,Occdownload Gbif.Org [omid:ra/0602936393],2015,,,,,dataset,The Global Biodiversity Information Facility [omid:ra/0602936394],
omid:br/0601016765 doi:10.15468/dl.ibhfs7,GBIF Occurrence Download,Occdownload Gbif.Org [omid:ra/0602936395],2017,,,,,dataset,The Global Biodiversity Information Facility [omid:ra/0602936396],
omid:br/0601016766 doi:10.15468/dl.ibhjhe,GBIF Occurrence Download,Occdownload Gbif.Org [omid:ra/0602936397],2016,,,,,dataset,The Global Biodiversity Information Facility [omid:ra/0602936398],
omid:br/0601016767 doi:10.15468/dl.ibhkzv,Occurrence Download,Occdownload Gbif.Org [omid:ra/0602936399],2019,,,,,dataset,The Global Biodiversity Information Facility [omid:ra/0602936400],
omid:br/0601016768 doi:10.15468/dl.ibhmq6,Occurrence Download,Occdownload Gbif.Org [omid:ra/0602936401],2020,,,,,dataset,The Global Biodiversity Information Facility [omid:ra/0602936402],
omid:br/0601016769 doi:10.15468/dl.ibhp36,GBIF Occurrence Download,Occdownload Gbif.Org [omid:ra/0602936403],2018,,,,,dataset,The Global Biodiversity Information Facility [omid:ra/0602936404],
omid:br/060101677 doi:10.1594/pangaea.186585,Nutrients Measured On Water Bottle Samples At Station FLUPAC_062,"Rodier, Martine [omid:ra/061507194 orcid:0000-0003-0339-7587]; Blain, Stéphane [omid:ra/060219687]; Eldin, Gérard [omid:ra/060219688]",2004,,,,,dataset,Pangaea - Data Publisher For Earth & Environmental Science [omid:ra/060219689],
omid:br/0601016770 doi:10.15468/dl.ibhpgl,GBIF Occurrence Download,Occdownload Gbif.Org [omid:ra/0602936405],2016,,,,,dataset,The Global Biodiversity Information Facility [omid:ra/0602936406],
omid:br/0601016771 doi:10.15468/dl.ibhqpb,GBIF Occurrence Download,Occdownload Gbif.Org [omid:ra/0602936407],2018,,,,,dataset,The Global Biodiversity Information Facility [omid:ra/0602936408],
omid:br/0601016772 doi:10.15468/dl.ibhrc0,GBIF Occurrence Download,Occdownload Gbif.Org [omid:ra/0602936409],2015,,,,,dataset,The Global Biodiversity Information Facility [omid:ra/0602936410],
omid:br/0601016773 doi:10.15468/dl.ibhrns,GBIF Occurrence Download,Occdownload Gbif.Org [omid:ra/0602936411],2018,,,,,dataset,The Global Biodiversity Information Facility [omid:ra/0602936412],
omid:br/0601016774 doi:10.15468/dl.ibhrtq,GBIF Occurrence Download,Occdownload Gbif.Org [omid:ra/0602936413],2017,,,,,dataset,The Global Biodiversity Information Facility [omid:ra/0602936414],
omid:br/0601016775 doi:10.15468/dl.ibhsk1,GBIF Occurrence Download,Occdownload Gbif.Org [omid:ra/0602936415],2017,,,,,dataset,The Global Biodiversity Information Facility [omid:ra/0602936416],
omid:br/0601016776 doi:10.15468/dl.ibhsyj,GBIF Occurrence Download,Occdownload Gbif.Org [omid:ra/0602936417],2018,,,,,dataset,The Global Biodiversity Information Facility [omid:ra/0602936418],
omid:br/0601016777 doi:10.15468/dl.ibhv36,GBIF Occurrence Download,Occdownload Gbif.Org [omid:ra/0602936419],2016,,,,,dataset,The Global Biodiversity Information Facility [omid:ra/0602936420],
omid:br/0601016778 doi:10.15468/dl.ibhwaq,GBIF Occurrence Download,Occdownload Gbif.Org [omid:ra/0602936421],2016,,,,,dataset,The Global Biodiversity Information Facility [omid:ra/0602936422],
omid:br/0601016779 doi:10.15468/dl.ibhwq6,GBIF Occurrence Download,Occdownload Gbif.Org [omid:ra/0602936423],2018,,,,,dataset,The Global Biodiversity Information Facility [omid:ra/0602936424],
omid:br/060101678 doi:10.1594/pangaea.186586,Nutrients Measured On Water Bottle Samples At Station FLUPAC_063,"Rodier, Martine [omid:ra/061507194 orcid:0000-0003-0339-7587]; Blain, Stéphane [omid:ra/060219690]; Eldin, Gérard [omid:ra/060219691]",2004,,,,,dataset,Pangaea - Data Publisher For Earth & Environmental Science [omid:ra/060219692],
omid:br/0601016780 doi:10.15468/dl.ibhxmj,GBIF Occurrence Download,Occdownload Gbif.Org [omid:ra/0602936425],2016,,,,,dataset,The Global Biodiversity Information Facility [omid:ra/0602936426],
omid:br/0601016781 doi:10.15468/dl.ibhyjj,GBIF Occurrence Download,Occdownload Gbif.Org [omid:ra/0602936427],2019,,,,,dataset,The Global Biodiversity Information Facility [omid:ra/0602936428],
omid:br/0601016782 doi:10.15468/dl.ibhyls,Occurrence Download,Occdownload Gbif.Org [omid:ra/0602936429],2019,,,,,dataset,The Global Biodiversity Information Facility [omid:ra/0602936430],
omid:br/0601016783 doi:10.15468/dl.ibhzi5,GBIF Occurrence Download,Occdownload Gbif.Org [omid:ra/0602936431],2015,,,,,dataset,The Global Biodiversity Information Facility [omid:ra/0602936432],
omid:br/0601016784 doi:10.15468/dl.ibhzid,GBIF Occurrence Download,Occdownload Gbif.Org [omid:ra/0602936433],2016,,,,,dataset,The Global Biodiversity Information Facility [omid:ra/0602936434],
omid:br/0601016785 doi:10.15468/dl.ibi3c4,GBIF Occurrence Download,Occdownload Gbif.Org [omid:ra/0602936435],2018,,,,,dataset,The Global Biodiversity Information Facility [omid:ra/0602936436],
omid:br/0601016786 doi:10.15468/dl.ibi8ch,GBIF Occurrence Download,Occdownload Gbif.Org [omid:ra/0602936437],2018,,,,,dataset,The Global Biodiversity Information Facility [omid:ra/0602936438],
omid:br/0601016787 doi:10.15468/dl.ibiadc,Occurrence Download,Occdownload Gbif.Org [omid:ra/0602936439],2020,,,,,dataset,The Global Biodiversity Information Facility [omid:ra/0602936440],
omid:br/0601016788 doi:10.15468/dl.ibie0r,GBIF Occurrence Download,Occdownload Gbif.Org [omid:ra/0602936441],2017,,,,,dataset,The Global Biodiversity Information Facility [omid:ra/0602936442],
omid:br/0601016789 doi:10.15468/dl.ibifbu,Occurrence Download,Occdownload Gbif.Org [omid:ra/0602936443],2019,,,,,dataset,The Global Biodiversity Information Facility [omid:ra/0602936444],
omid:br/060101679 doi:10.1594/pangaea.186587,Nutrients Measured On Water Bottle Samples At Station FLUPAC_064,"Rodier, Martine [omid:ra/061507194 orcid:0000-0003-0339-7587]; Blain, Stéphane [omid:ra/060219693]; Eldin, Gérard [omid:ra/060219694]",2004,,,,,dataset,Pangaea - Data Publisher For Earth & Environmental Science [omid:ra/060219695],
omid:br/0601016790 doi:10.15468/dl.ibiicv,GBIF Occurrence Download,Occdownload Gbif.Org [omid:ra/0602936445],2015,,,,,dataset,The Global Biodiversity Information Facility [omid:ra/0602936446],
omid:br/0601016791 doi:10.15468/dl.ibimah,GBIF Occurrence Download,Occdownload Gbif.Org [omid:ra/0602936447],2018,,,,,dataset,The Global Biodiversity Information Facility [omid:ra/0602936448],
omid:br/0601016792 doi:10.15468/dl.ibimy3,GBIF Occurrence Download,Occdownload Gbif.Org [omid:ra/0602936449],2018,,,,,dataset,The Global Biodiversity Information Facility [omid:ra/0602936450],
omid:br/0601016793 doi:10.15468/dl.ibinbr,GBIF Occurrence Download,Occdownload Gbif.Org [omid:ra/0602936451],2015,,,,,dataset,The Global Biodiversity Information Facility [omid:ra/0602936452],
omid:br/0601016794 doi:10.15468/dl.ibincf,GBIF Occurrence Download,Occdownload Gbif.Org [omid:ra/0602936453],2018,,,,,dataset,The Global Biodiversity Information Facility [omid:ra/0602936454],
omid:br/0601016795 doi:10.15468/dl.ibiofs,GBIF Occurrence Download,Occdownload Gbif.Org [omid:ra/0602936455],2015,,,,,dataset,The Global Biodiversity Information Facility [omid:ra/0602936456],
omid:br/0601016796 doi:10.15468/dl.ibipr9,GBIF Occurrence Download,Occdownload Gbif.Org [omid:ra/0602936457],2018,,,,,dataset,The Global Biodiversity Information Facility [omid:ra/0602936458],
omid:br/0601016797 doi:10.15468/dl.ibisgn,GBIF Occurrence Download,Occdownload Gbif.Org [omid:ra/0602936459],2017,,,,,dataset,The Global Biodiversity Information Facility [omid:ra/0602936460],
omid:br/0601016798 doi:10.15468/dl.ibiskt,GBIF Occurrence Download,Occdownload Gbif.Org [omid:ra/0602936461],2017,,,,,dataset,The Global Biodiversity Information Facility [omid:ra/0602936462],
omid:br/0601016799 doi:10.15468/dl.ibitky,GBIF Occurrence Download,Occdownload Gbif.Org [omid:ra/0602936463],2015,,,,,dataset,The Global Biodiversity Information Facility [omid:ra/0602936464],
omid:br/06010168 doi:10.15468/dl.xy0een,GBIF Occurrence Download,Occdownload Gbif.Org [omid:ra/06029524],2016,,,,,dataset,The Global Biodiversity Information Facility [omid:ra/06029525],
omid:br/060101680 doi:10.1594/pangaea.186588,Nutrients Measured On Water Bottle Samples At Station FLUPAC_065,"Rodier, Martine [omid:ra/061507194 orcid:0000-0003-0339-7587]; Blain, Stéphane [omid:ra/060219696]; Eldin, Gérard [omid:ra/060219697]",2004,,,,,dataset,Pangaea - Data Publisher For Earth & Environmental Science [omid:ra/060219698],
omid:br/0601016800 doi:10.15468/dl.ibiul7,GBIF Occurrence Download,Occdownload Gbif.Org [omid:ra/0602936465],2015,,,,,dataset,The Global Biodiversity Information Facility [omid:ra/0602936466],
omid:br/0601016801 doi:10.15468/dl.ibiuwy,GBIF Occurrence Download,Occdownload Gbif.Org [omid:ra/0602936467],2016,,,,,dataset,The Global Biodiversity Information Facility [omid:ra/0602936468],
omid:br/0601016802 doi:10.15468/dl.ibivjf,GBIF Occurrence Download,Occdownload Gbif.Org [omid:ra/0602936469],2015,,,,,dataset,The Global Biodiversity Information Facility [omid:ra/0602936470],
omid:br/0601016803 doi:10.15468/dl.ibiw1z,GBIF Occurrence Download,Occdownload Gbif.Org [omid:ra/0602936471],2017,,,,,dataset,The Global Biodiversity Information Facility [omid:ra/0602936472],
omid:br/0601016804 doi:10.15468/dl.ibiwuf,GBIF Occurrence Download,Occdownload Gbif.Org [omid:ra/0602936473],2019,,,,,dataset,The Global Biodiversity Information Facility [omid:ra/0602936474],
omid:br/0601016805 doi:10.15468/dl.ibixsu,GBIF Occurrence Download,Occdownload Gbif.Org [omid:ra/0602936475],2019,,,,,dataset,The Global Biodiversity Information Facility [omid:ra/0602936476],
omid:br/0601016806 doi:10.15468/dl.ibizdx,Occurrence Download,Occdownload Gbif.Org [omid:ra/0602936477],2019,,,,,dataset,The Global Biodiversity Information Facility [omid:ra/0602936478],
omid:br/0601016807 doi:10.15468/dl.ibizul,GBIF Occurrence Download,Occdownload Gbif.Org [omid:ra/0602936479],2016,,,,,dataset,The Global Biodiversity Information Facility [omid:ra/0602936480],
omid:br/0601016808 doi:10.15468/dl.ibj1hc,Occurrence Download,Occdownload Gbif.Org [omid:ra/0602936481],2019,,,,,dataset,The Global Biodiversity Information Facility [omid:ra/0602936482],
omid:br/0601016809 doi:10.15468/dl.ibj5mo,GBIF Occurrence Download,Occdownload Gbif.Org [omid:ra/0602936483],2018,,,,,dataset,The Global Biodiversity Information Facility [omid:ra/0602936484],
omid:br/060101681 doi:10.1594/pangaea.186589,Nutrients Measured On Water Bottle Samples At Station FLUPAC_066,"Rodier, Martine [omid:ra/061507194 orcid:0000-0003-0339-7587]; Blain, Stéphane [omid:ra/060219699]; Eldin, Gérard [omid:ra/060219700]",2004,,,,,dataset,Pangaea - Data Publisher For Earth & Environmental Science [omid:ra/060219701],
omid:br/0601016810 doi:10.15468/dl.ibj6fx,GBIF Occurrence Download,Occdownload Gbif.Org [omid:ra/0602936485],2018,,,,,dataset,The Global Biodiversity Information Facility [omid:ra/0602936486],
omid:br/0601016811 doi:10.15468/dl.ibj6qy,GBIF Occurrence Download,Occdownload Gbif.Org [omid:ra/0602936487],2019,,,,,dataset,The Global Biodiversity Information Facility [omid:ra/0602936488],
omid:br/0601016812 doi:10.15468/dl.ibjayu,Occurrence Download,Occdownload Gbif.Org [omid:ra/0602936489],2020,,,,,dataset,The Global Biodiversity Information Facility [omid:ra/0602936490],
omid:br/0601016813 doi:10.15468/dl.ibjbjv,GBIF Occurrence Download,Occdownload Gbif.Org [omid:ra/0602936491],2017,,,,,dataset,The Global Biodiversity Information Facility [omid:ra/0602936492],
omid:br/0601016814 doi:10.15468/dl.ibje6l,Occurrence Download,Occdownload Gbif.Org [omid:ra/0602936493],2019,,,,,dataset,The Global Biodiversity Information Facility [omid:ra/0602936494],
omid:br/0601016815 doi:10.15468/dl.ibje9y,GBIF Occurrence Download,Occdownload Gbif.Org [omid:ra/0602936495],2018,,,,,dataset,The Global Biodiversity Information Facility [omid:ra/0602936496],
omid:br/0601016816 doi:10.15468/dl.ibjeey,Occurrence Download,Occdownload Gbif.Org [omid:ra/0602936497],2020,,,,,dataset,The Global Biodiversity Information Facility [omid:ra/0602936498],
omid:br/0601016817 doi:10.15468/dl.ibjexm,Occurrence Download,Occdownload Gbif.Org [omid:ra/0602936499],2020,,,,,dataset,The Global Biodiversity Information Facility [omid:ra/0602936500],
omid:br/0601016818 doi:10.15468/dl.ibjg12,GBIF Occurrence Download,Occdownload Gbif.Org [omid:ra/0602936501],2017,,,,,dataset,The Global Biodiversity Information Facility [omid:ra/0602936502],
omid:br/0601016819 doi:10.15468/dl.ibjghh,Occurrence Download,Occdownload Gbif.Org [omid:ra/0602936503],2019,,,,,dataset,The Global Biodiversity Information Facility [omid:ra/0602936504],
omid:br/060101682 doi:10.1594/pangaea.186590,Nutrients Measured On Water Bottle Samples At Station FLUPAC_067,"Rodier, Martine [omid:ra/061507194 orcid:0000-0003-0339-7587]; Blain, Stéphane [omid:ra/060219702]; Eldin, Gérard [omid:ra/060219703]",2004,,,,,dataset,Pangaea - Data Publisher For Earth & Environmental Science [omid:ra/060219704],
omid:br/0601016820 doi:10.15468/dl.ibjjf1,GBIF Occurrence Download,Occdownload Gbif.Org [omid:ra/0602936505],2017,,,,,dataset,The Global Biodiversity Information Facility [omid:ra/0602936506],
omid:br/0601016821 doi:10.15468/dl.ibjjn3,GBIF Occurrence Download,Occdownload Gbif.Org [omid:ra/0602936507],2017,,,,,dataset,The Global Biodiversity Information Facility [omid:ra/0602936508],
omid:br/0601016822 doi:10.15468/dl.ibjk2l,GBIF Occurrence Download,Occdownload Gbif.Org [omid:ra/0602936509],2018,,,,,dataset,The Global Biodiversity Information Facility [omid:ra/0602936510],
omid:br/0601016823 doi:10.15468/dl.ibjnlh,GBIF Occurrence Download,Occdownload Gbif.Org [omid:ra/0602936511],2016,,,,,dataset,The Global Biodiversity Information Facility [omid:ra/0602936512],
omid:br/0601016824 doi:10.15468/dl.ibjp7w,GBIF Occurrence Download,Occdownload Gbif.Org [omid:ra/0602936513],2018,,,,,dataset,The Global Biodiversity Information Facility [omid:ra/0602936514],
omid:br/0601016825 doi:10.15468/dl.ibjria,GBIF Occurrence Download,Occdownload Gbif.Org [omid:ra/0602936515],2018,,,,,dataset,The Global Biodiversity Information Facility [omid:ra/0602936516],
omid:br/0601016826 doi:10.15468/dl.ibjsn7,Occurrence Download,Occdownload Gbif.Org [omid:ra/0602936517],2020,,,,,dataset,The Global Biodiversity Information Facility [omid:ra/0602936518],
omid:br/0601016827 doi:10.15468/dl.ibju3x,GBIF Occurrence Download,Occdownload Gbif.Org [omid:ra/0602936519],2015,,,,,dataset,The Global Biodiversity Information Facility [omid:ra/0602936520],
omid:br/0601016828 doi:10.15468/dl.ibjuu2,GBIF Occurrence Download,Occdownload Gbif.Org [omid:ra/0602936521],2019,,,,,dataset,The Global Biodiversity Information Facility [omid:ra/0602936522],
omid:br/0601016829 doi:10.15468/dl.ibjxvh,GBIF Occurrence Download,Occdownload Gbif.Org [omid:ra/0602936523],2018,,,,,dataset,The Global Biodiversity Information Facility [omid:ra/0602936524],
omid:br/060101683 doi:10.1594/pangaea.186591,Nutrients Measured On Water Bottle Samples At Station FLUPAC_068,"Rodier, Martine [omid:ra/061507194 orcid:0000-0003-0339-7587]; Blain, Stéphane [omid:ra/060219705]; Eldin, Gérard [omid:ra/060219706]",2004,,,,,dataset,Pangaea - Data Publisher For Earth & Environmental Science [omid:ra/060219707],
omid:br/0601016830 doi:10.15468/dl.ibjypj,GBIF Occurrence Download,Occdownload Gbif.Org [omid:ra/0602936525],2019,,,,,dataset,The Global Biodiversity Information Facility [omid:ra/0602936526],
omid:br/0601016831 doi:10.15468/dl.ibjyqp,Occurrence Download,Occdownload Gbif.Org [omid:ra/0602936527],2020,,,,,dataset,The Global Biodiversity Information Facility [omid:ra/0602936528],
omid:br/0601016832 doi:10.15468/dl.ibjzgq,GBIF Occurrence Download,Occdownload Gbif.Org [omid:ra/0602936529],2016,,,,,dataset,The Global Biodiversity Information Facility [omid:ra/0602936530],
omid:br/0601016833 doi:10.15468/dl.ibk0hx,GBIF Occurrence Download,Occdownload Gbif.Org [omid:ra/0602936531],2019,,,,,dataset,The Global Biodiversity Information Facility [omid:ra/0602936532],
omid:br/0601016834 doi:10.15468/dl.ibk1ef,GBIF Occurrence Download,Occdownload Gbif.Org [omid:ra/0602936533],2017,,,,,dataset,The Global Biodiversity Information Facility [omid:ra/0602936534],
omid:br/0601016835 doi:10.15468/dl.ibk7da,GBIF Occurrence Download,Occdownload Gbif.Org [omid:ra/0602936535],2019,,,,,dataset,The Global Biodiversity Information Facility [omid:ra/0602936536],
omid:br/0601016836 doi:10.15468/dl.ibk9r6,GBIF Occurrence Download,Occdownload Gbif.Org [omid:ra/0602936537],2019,,,,,dataset,The Global Biodiversity Information Facility [omid:ra/0602936538],
omid:br/0601016837 doi:10.15468/dl.ibkapi,GBIF Occurrence Download,Occdownload Gbif.Org [omid:ra/0602936539],2017,,,,,dataset,The Global Biodiversity Information Facility [omid:ra/0602936540],
omid:br/0601016838 doi:10.15468/dl.ibkasr,GBIF Occurrence Download,Occdownload Gbif.Org [omid:ra/0602936541],2015,,,,,dataset,The Global Biodiversity Information Facility [omid:ra/0602936542],
omid:br/0601016839 doi:10.15468/dl.ibkbzp,GBIF Occurrence Download,Occdownload Gbif.Org [omid:ra/0602936543],2017,,,,,dataset,The Global Biodiversity Information Facility [omid:ra/0602936544],
omid:br/060101684 doi:10.1594/pangaea.186592,Nutrients Measured On Water Bottle Samples At Station FLUPAC_069,"Rodier, Martine [omid:ra/061507194 orcid:0000-0003-0339-7587]; Blain, Stéphane [omid:ra/060219708]; Eldin, Gérard [omid:ra/060219709]",2004,,,,,dataset,Pangaea - Data Publisher For Earth & Environmental Science [omid:ra/060219710],
omid:br/0601016840 doi:10.15468/dl.ibkfhn,GBIF Occurrence Download,Occdownload Gbif.Org [omid:ra/0602936545],2018,,,,,dataset,The Global Biodiversity Information Facility [omid:ra/0602936546],
omid:br/0601016841 doi:10.15468/dl.ibklbd,GBIF Occurrence Download,Occdownload Gbif.Org [omid:ra/0602936547],2018,,,,,dataset,The Global Biodiversity Information Facility [omid:ra/0602936548],
omid:br/0601016842 doi:10.15468/dl.ibkmtf,GBIF Occurrence Download,Occdownload Gbif.Org [omid:ra/0602936549],2016,,,,,dataset,The Global Biodiversity Information Facility [omid:ra/0602936550],
omid:br/0601016843 doi:10.15468/dl.ibkogo,GBIF Occurrence Download,Occdownload Gbif.Org [omid:ra/0602936551],2016,,,,,dataset,The Global Biodiversity Information Facility [omid:ra/0602936552],
omid:br/0601016844 doi:10.15468/dl.ibkp9e,GBIF Occurrence Download,Occdownload Gbif.Org [omid:ra/0602936553],2018,,,,,dataset,The Global Biodiversity Information Facility [omid:ra/0602936554],
omid:br/0601016845 doi:10.15468/dl.ibkprc,GBIF Occurrence Download,Occdownload Gbif.Org [omid:ra/0602936555],2019,,,,,dataset,The Global Biodiversity Information Facility [omid:ra/0602936556],
omid:br/0601016846 doi:10.15468/dl.ibkr37,Occurrence Download,Occdownload Gbif.Org [omid:ra/0602936557],2020,,,,,dataset,The Global Biodiversity Information Facility [omid:ra/0602936558],
omid:br/0601016847 doi:10.15468/dl.ibksjn,GBIF Occurrence Download,Occdownload Gbif.Org [omid:ra/0602936559],2019,,,,,dataset,The Global Biodiversity Information Facility [omid:ra/0602936560],
omid:br/0601016848 doi:10.15468/dl.ibksmy,Occurrence Download,Occdownload Gbif.Org [omid:ra/0602936561],2019,,,,,dataset,The Global Biodiversity Information Facility [omid:ra/0602936562],
omid:br/0601016849 doi:10.15468/dl.ibkvab,GBIF Occurrence Download,Occdownload Gbif.Org [omid:ra/0602936563],2016,,,,,dataset,The Global Biodiversity Information Facility [omid:ra/0602936564],
omid:br/060101685 doi:10.1594/pangaea.186593,Nutrients Measured On Water Bottle Samples At Station FLUPAC_070,"Rodier, Martine [omid:ra/061507194 orcid:0000-0003-0339-7587]; Blain, Stéphane [omid:ra/060219711]; Eldin, Gérard [omid:ra/060219712]",2004,,,,,dataset,Pangaea - Data Publisher For Earth & Environmental Science [omid:ra/060219713],
omid:br/0601016850 doi:10.15468/dl.ibkvby,GBIF Occurrence Download,Occdownload Gbif.Org [omid:ra/0602936565],2018,,,,,dataset,The Global Biodiversity Information Facility [omid:ra/0602936566],
omid:br/0601016851 doi:10.15468/dl.ibkvk7,GBIF Occurrence Download,Occdownload Gbif.Org [omid:ra/0602936567],2019,,,,,dataset,The Global Biodiversity Information Facility [omid:ra/0602936568],
omid:br/0601016852 doi:10.15468/dl.ibkw0f,GBIF Occurrence Download,Occdownload Gbif.Org [omid:ra/0602936569],2018,,,,,dataset,The Global Biodiversity Information Facility [omid:ra/0602936570],
omid:br/0601016853 doi:10.15468/dl.ibkwin,GBIF Occurrence Download,Occdownload Gbif.Org [omid:ra/0602936571],2016,,,,,dataset,The Global Biodiversity Information Facility [omid:ra/0602936572],
omid:br/0601016854 doi:10.15468/dl.ibkx0t,GBIF Occurrence Download,Occdownload Gbif.Org [omid:ra/0602936573],2018,,,,,dataset,The Global Biodiversity Information Facility [omid:ra/0602936574],
omid:br/0601016855 doi:10.15468/dl.ibl1rq,GBIF Occurrence Download,Occdownload Gbif.Org [omid:ra/0602936575],2018,,,,,dataset,The Global Biodiversity Information Facility [omid:ra/0602936576],
omid:br/0601016856 doi:10.15468/dl.ibl3y6,GBIF Occurrence Download,Occdownload Gbif.Org [omid:ra/0602936577],2016,,,,,dataset,The Global Biodiversity Information Facility [omid:ra/0602936578],
omid:br/0601016857 doi:10.15468/dl.ibl57k,GBIF Occurrence Download,Occdownload Gbif.Org [omid:ra/0602936579],2019,,,,,dataset,The Global Biodiversity Information Facility [omid:ra/0602936580],
omid:br/0601016858 doi:10.15468/dl.ibl6vw,GBIF Occurrence Download,Occdownload Gbif.Org [omid:ra/0602936581],2016,,,,,dataset,The Global Biodiversity Information Facility [omid:ra/0602936582],
omid:br/0601016859 doi:10.15468/dl.ibl8gd,GBIF Occurrence Download,Occdownload Gbif.Org [omid:ra/0602936583],2018,,,,,dataset,The Global Biodiversity Information Facility [omid:ra/0602936584],
omid:br/060101686 doi:10.1594/pangaea.186594,Nutrients Measured On Water Bottle Samples At Station FLUPAC_071,"Rodier, Martine [omid:ra/061507194 orcid:0000-0003-0339-7587]; Blain, Stéphane [omid:ra/060219714]; Eldin, Gérard [omid:ra/060219715]",2004,,,,,dataset,Pangaea - Data Publisher For Earth & Environmental Science [omid:ra/060219716],
omid:br/0601016860 doi:10.15468/dl.ibl9qp,GBIF Occurrence Download,Occdownload Gbif.Org [omid:ra/0602936585],2019,,,,,dataset,The Global Biodiversity Information Facility [omid:ra/0602936586],
omid:br/0601016861 doi:10.15468/dl.iblbj9,GBIF Occurrence Download,Occdownload Gbif.Org [omid:ra/0602936587],2015,,,,,dataset,The Global Biodiversity Information Facility [omid:ra/0602936588],
omid:br/0601016862 doi:10.15468/dl.iblfab,Occurrence Download,Occdownload Gbif.Org [omid:ra/0602936589],2020,,,,,dataset,The Global Biodiversity Information Facility [omid:ra/0602936590],
omid:br/0601016863 doi:10.15468/dl.iblg3g,GBIF Occurrence Download,Occdownload Gbif.Org [omid:ra/0602936591],2017,,,,,dataset,The Global Biodiversity Information Facility [omid:ra/0602936592],
omid:br/0601016864 doi:10.15468/dl.iblidc,GBIF Occurrence Download,Occdownload Gbif.Org [omid:ra/0602936593],2016,,,,,dataset,The Global Biodiversity Information Facility [omid:ra/0602936594],
omid:br/0601016865 doi:10.15468/dl.iblim3,GBIF Occurrence Download,Occdownload Gbif.Org [omid:ra/0602936595],2019,,,,,dataset,The Global Biodiversity Information Facility [omid:ra/0602936596],
omid:br/0601016866 doi:10.15468/dl.iblinj,GBIF Occurrence Download,Occdownload Gbif.Org [omid:ra/0602936597],2016,,,,,dataset,The Global Biodiversity Information Facility [omid:ra/0602936598],
omid:br/0601016867 doi:10.15468/dl.ibliyq,GBIF Occurrence Download,Occdownload Gbif.Org [omid:ra/0602936599],2016,,,,,dataset,The Global Biodiversity Information Facility [omid:ra/0602936600],
omid:br/0601016868 doi:10.15468/dl.iblj15,GBIF Occurrence Download,Occdownload Gbif.Org [omid:ra/0602936601],2018,,,,,dataset,The Global Biodiversity Information Facility [omid:ra/0602936602],
omid:br/0601016869 doi:10.15468/dl.iblkl4,GBIF Occurrence Download,Occdownload Gbif.Org [omid:ra/0602936603],2015,,,,,dataset,The Global Biodiversity Information Facility [omid:ra/0602936604],
omid:br/060101687 doi:10.1594/pangaea.186595,Nutrients Measured On Water Bottle Samples At Station FLUPAC_072,"Rodier, Martine [omid:ra/061507194 orcid:0000-0003-0339-7587]; Blain, Stéphane [omid:ra/060219717]; Eldin, Gérard [omid:ra/060219718]",2004,,,,,dataset,Pangaea - Data Publisher For Earth & Environmental Science [omid:ra/060219719],
omid:br/0601016870 doi:10.15468/dl.ibllnb,GBIF Occurrence Download,Occdownload Gbif.Org [omid:ra/0602936605],2019,,,,,dataset,The Global Biodiversity Information Facility [omid:ra/0602936606],
omid:br/0601016871 doi:10.15468/dl.ibloav,GBIF Occurrence Download,Occdownload Gbif.Org [omid:ra/0602936607],2015,,,,,dataset,The Global Biodiversity Information Facility [omid:ra/0602936608],
omid:br/0601016872 doi:10.15468/dl.iblpek,GBIF Occurrence Download,Occdownload Gbif.Org [omid:ra/0602936609],2018,,,,,dataset,The Global Biodiversity Information Facility [omid:ra/0602936610],
omid:br/0601016873 doi:10.15468/dl.iblpho,Occurrence Download,Occdownload Gbif.Org [omid:ra/0602936611],2019,,,,,dataset,The Global Biodiversity Information Facility [omid:ra/0602936612],
omid:br/0601016874 doi:10.15468/dl.iblqsz,GBIF Occurrence Download,Occdownload Gbif.Org [omid:ra/0602936613],2019,,,,,dataset,The Global Biodiversity Information Facility [omid:ra/0602936614],
omid:br/0601016875 doi:10.15468/dl.iblrgy,GBIF Occurrence Download,Occdownload Gbif.Org [omid:ra/0602936615],2016,,,,,dataset,The Global Biodiversity Information Facility [omid:ra/0602936616],
omid:br/0601016876 doi:10.15468/dl.iblrks,GBIF Occurrence Download,Occdownload Gbif.Org [omid:ra/0602936617],2018,,,,,dataset,The Global Biodiversity Information Facility [omid:ra/0602936618],
omid:br/0601016877 doi:10.15468/dl.iblsfg,GBIF Occurrence Download,Occdownload Gbif.Org [omid:ra/0602936619],2019,,,,,dataset,The Global Biodiversity Information Facility [omid:ra/0602936620],
omid:br/0601016878 doi:10.15468/dl.ibltma,GBIF Occurrence Download,Occdownload Gbif.Org [omid:ra/0602936621],2015,,,,,dataset,The Global Biodiversity Information Facility [omid:ra/0602936622],
omid:br/0601016879 doi:10.15468/dl.ibluok,Occurrence Download,Occdownload Gbif.Org [omid:ra/0602936623],2020,,,,,dataset,The Global Biodiversity Information Facility [omid:ra/0602936624],
omid:br/060101688 doi:10.1594/pangaea.186596,Nutrients Measured On Water Bottle Samples At Station FLUPAC_073,"Rodier, Martine [omid:ra/061507194 orcid:0000-0003-0339-7587]; Blain, Stéphane [omid:ra/060219720]; Eldin, Gérard [omid:ra/060219721]",2004,,,,,dataset,Pangaea - Data Publisher For Earth & Environmental Science [omid:ra/060219722],
omid:br/0601016880 doi:10.15468/dl.ibluwq,GBIF Occurrence Download,Occdownload Gbif.Org [omid:ra/0602936625],2017,,,,,dataset,The Global Biodiversity Information Facility [omid:ra/0602936626],
omid:br/0601016881 doi:10.15468/dl.ibluyq,GBIF Occurrence Download,Occdownload Gbif.Org [omid:ra/0602936627],2018,,,,,dataset,The Global Biodiversity Information Facility [omid:ra/0602936628],
omid:br/0601016882 doi:10.15468/dl.iblvlb,Occurrence Download,Occdownload Gbif.Org [omid:ra/0602936629],2019,,,,,dataset,The Global Biodiversity Information Facility [omid:ra/0602936630],
omid:br/0601016883 doi:10.15468/dl.ibly3s,GBIF Occurrence Download,Occdownload Gbif.Org [omid:ra/0602936631],2017,,,,,dataset,The Global Biodiversity Information Facility [omid:ra/0602936632],
omid:br/0601016884 doi:10.15468/dl.ibly89,GBIF Occurrence Download,Occdownload Gbif.Org [omid:ra/0602936633],2015,,,,,dataset,The Global Biodiversity Information Facility [omid:ra/0602936634],
omid:br/0601016885 doi:10.15468/dl.ibm13r,GBIF Occurrence Download,Occdownload Gbif.Org [omid:ra/0602936635],2018,,,,,dataset,The Global Biodiversity Information Facility [omid:ra/0602936636],
omid:br/0601016886 doi:10.15468/dl.ibm1av,GBIF Occurrence Download,Occdownload Gbif.Org [omid:ra/0602936637],2019,,,,,dataset,The Global Biodiversity Information Facility [omid:ra/0602936638],
omid:br/0601016887 doi:10.15468/dl.ibm1j9,GBIF Occurrence Download,Occdownload Gbif.Org [omid:ra/0602936639],2019,,,,,dataset,The Global Biodiversity Information Facility [omid:ra/0602936640],
omid:br/0601016888 doi:10.15468/dl.ibm2bg,GBIF Occurrence Download,Occdownload Gbif.Org [omid:ra/0602936641],2019,,,,,dataset,The Global Biodiversity Information Facility [omid:ra/0602936642],
omid:br/0601016889 doi:10.15468/dl.ibm2hc,GBIF Occurrence Download,Occdownload Gbif.Org [omid:ra/0602936643],2019,,,,,dataset,The Global Biodiversity Information Facility [omid:ra/0602936644],
omid:br/060101689 doi:10.1594/pangaea.186597,Nutrients Measured On Water Bottle Samples At Station FLUPAC_074,"Rodier, Martine [omid:ra/061507194 orcid:0000-0003-0339-7587]; Blain, Stéphane [omid:ra/060219723]; Eldin, Gérard [omid:ra/060219724]",2004,,,,,dataset,Pangaea - Data Publisher For Earth & Environmental Science [omid:ra/060219725],
omid:br/0601016890 doi:10.15468/dl.ibm3pb,Occurrence Download,Occdownload Gbif.Org [omid:ra/0602936645],2020,,,,,dataset,The Global Biodiversity Information Facility [omid:ra/0602936646],
omid:br/0601016891 doi:10.15468/dl.ibm859,GBIF Occurrence Download,Occdownload Gbif.Org [omid:ra/0602936647],2016,,,,,dataset,The Global Biodiversity Information Facility [omid:ra/0602936648],
omid:br/0601016892 doi:10.15468/dl.ibm8xp,GBIF Occurrence Download,Occdownload Gbif.Org [omid:ra/0602936649],2019,,,,,dataset,The Global Biodiversity Information Facility [omid:ra/0602936650],
omid:br/0601016893 doi:10.15468/dl.ibm8xs,GBIF Occurrence Download,Occdownload Gbif.Org [omid:ra/0602936651],2017,,,,,dataset,The Global Biodiversity Information Facility [omid:ra/0602936652],
omid:br/0601016894 doi:10.15468/dl.ibma5n,GBIF Occurrence Download,Occdownload Gbif.Org [omid:ra/0602936653],2016,,,,,dataset,The Global Biodiversity Information Facility [omid:ra/0602936654],
omid:br/0601016895 doi:10.15468/dl.ibmaae,Occurrence Download,Occdownload Gbif.Org [omid:ra/0602936655],2019,,,,,dataset,The Global Biodiversity Information Facility [omid:ra/0602936656],
omid:br/0601016896 doi:10.15468/dl.ibmafz,Occurrence Download,Occdownload Gbif.Org [omid:ra/0602936657],2019,,,,,dataset,The Global Biodiversity Information Facility [omid:ra/0602936658],
omid:br/0601016897 doi:10.15468/dl.ibmbhi,GBIF Occurrence Download,Occdownload Gbif.Org [omid:ra/0602936659],2018,,,,,dataset,The Global Biodiversity Information Facility [omid:ra/0602936660],
omid:br/0601016898 doi:10.15468/dl.ibmcpj,GBIF Occurrence Download,Occdownload Gbif.Org [omid:ra/0602936661],2016,,,,,dataset,The Global Biodiversity Information Facility [omid:ra/0602936662],
omid:br/0601016899 doi:10.15468/dl.ibmcxi,GBIF Occurrence Download,Occdownload Gbif.Org [omid:ra/0602936663],2018,,,,,dataset,The Global Biodiversity Information Facility [omid:ra/0602936664],
omid:br/06010169 doi:10.15468/dl.xy0ldl,GBIF Occurrence Download,Occdownload Gbif.Org [omid:ra/06029526],2019,,,,,dataset,The Global Biodiversity Information Facility [omid:ra/06029527],
omid:br/060101690 doi:10.1594/pangaea.186598,Nutrients Measured On Water Bottle Samples At Station FLUPAC_075,"Rodier, Martine [omid:ra/061507194 orcid:0000-0003-0339-7587]; Blain, Stéphane [omid:ra/060219726]; Eldin, Gérard [omid:ra/060219727]",2004,,,,,dataset,Pangaea - Data Publisher For Earth & Environmental Science [omid:ra/060219728],
omid:br/0601016900 doi:10.15468/dl.ibmcxl,GBIF Occurrence Download,Occdownload Gbif.Org [omid:ra/0602936665],2018,,,,,dataset,The Global Biodiversity Information Facility [omid:ra/0602936666],
omid:br/0601016901 doi:10.15468/dl.ibmdjj,GBIF Occurrence Download,Occdownload Gbif.Org [omid:ra/0602936667],2018,,,,,dataset,The Global Biodiversity Information Facility [omid:ra/0602936668],
omid:br/0601016902 doi:10.15468/dl.ibmdsh,GBIF Occurrence Download,Occdownload Gbif.Org [omid:ra/0602936669],2015,,,,,dataset,The Global Biodiversity Information Facility [omid:ra/0602936670],
omid:br/0601016903 doi:10.15468/dl.ibmfbc,GBIF Occurrence Download,Occdownload Gbif.Org [omid:ra/0602936671],2015,,,,,dataset,The Global Biodiversity Information Facility [omid:ra/0602936672],
omid:br/0601016904 doi:10.15468/dl.ibmfe9,GBIF Occurrence Download,Occdownload Gbif.Org [omid:ra/0602936673],2019,,,,,dataset,The Global Biodiversity Information Facility [omid:ra/0602936674],
omid:br/0601016905 doi:10.15468/dl.ibmfvg,GBIF Occurrence Download,Occdownload Gbif.Org [omid:ra/0602936675],2018,,,,,dataset,The Global Biodiversity Information Facility [omid:ra/0602936676],
omid:br/0601016906 doi:10.15468/dl.ibmggy,GBIF Occurrence Download,Occdownload Gbif.Org [omid:ra/0602936677],2017,,,,,dataset,The Global Biodiversity Information Facility [omid:ra/0602936678],
omid:br/0601016907 doi:10.15468/dl.ibmgth,GBIF Occurrence Download,Occdownload Gbif.Org [omid:ra/0602936679],2018,,,,,dataset,The Global Biodiversity Information Facility [omid:ra/0602936680],
omid:br/0601016908 doi:10.15468/dl.ibmgx7,GBIF Occurrence Download,Occdownload Gbif.Org [omid:ra/0602936681],2017,,,,,dataset,The Global Biodiversity Information Facility [omid:ra/0602936682],
omid:br/0601016909 doi:10.15468/dl.ibmilv,GBIF Occurrence Download,Occdownload Gbif.Org [omid:ra/0602936683],2015,,,,,dataset,The Global Biodiversity Information Facility [omid:ra/0602936684],
omid:br/060101691 doi:10.1594/pangaea.186599,Nutrients Measured On Water Bottle Samples At Station FLUPAC_076,"Rodier, Martine [omid:ra/061507194 orcid:0000-0003-0339-7587]; Blain, Stéphane [omid:ra/060219729]; Eldin, Gérard [omid:ra/060219730]",2004,,,,,dataset,Pangaea - Data Publisher For Earth & Environmental Science [omid:ra/060219731],
omid:br/0601016910 doi:10.15468/dl.ibmipa,Occurrence Download,Occdownload Gbif.Org [omid:ra/0602936685],2019,,,,,dataset,The Global Biodiversity Information Facility [omid:ra/0602936686],
omid:br/0601016911 doi:10.15468/dl.ibmj4j,Occurrence Download,Occdownload Gbif.Org [omid:ra/0602936687],2019,,,,,dataset,The Global Biodiversity Information Facility [omid:ra/0602936688],
omid:br/0601016912 doi:10.15468/dl.ibmlaz,Occurrence Download,Occdownload Gbif.Org [omid:ra/0602936689],2019,,,,,dataset,The Global Biodiversity Information Facility [omid:ra/0602936690],
omid:br/0601016913 doi:10.15468/dl.ibmmth,GBIF Occurrence Download,Occdownload Gbif.Org [omid:ra/0602936691],2016,,,,,dataset,The Global Biodiversity Information Facility [omid:ra/0602936692],
omid:br/0601016914 doi:10.15468/dl.ibmpfj,GBIF Occurrence Download,Occdownload Gbif.Org [omid:ra/0602936693],2018,,,,,dataset,The Global Biodiversity Information Facility [omid:ra/0602936694],
omid:br/0601016915 doi:10.15468/dl.ibmtfq,GBIF Occurrence Download,Occdownload Gbif.Org [omid:ra/0602936695],2015,,,,,dataset,The Global Biodiversity Information Facility [omid:ra/0602936696],
omid:br/0601016916 doi:10.15468/dl.ibmtl6,Occurrence Download,Occdownload Gbif.Org [omid:ra/0602936697],2019,,,,,dataset,The Global Biodiversity Information Facility [omid:ra/0602936698],
omid:br/0601016917 doi:10.15468/dl.ibmvez,GBIF Occurrence Download,Occdownload Gbif.Org [omid:ra/0602936699],2017,,,,,dataset,The Global Biodiversity Information Facility [omid:ra/0602936700],
omid:br/0601016918 doi:10.15468/dl.ibmxej,GBIF Occurrence Download,Occdownload Gbif.Org [omid:ra/0602936701],2015,,,,,dataset,The Global Biodiversity Information Facility [omid:ra/0602936702],
omid:br/0601016919 doi:10.15468/dl.ibmyj3,GBIF Occurrence Download,Occdownload Gbif.Org [omid:ra/0602936703],2017,,,,,dataset,The Global Biodiversity Information Facility [omid:ra/0602936704],
omid:br/060101692 doi:10.1594/pangaea.186600,Nutrients Measured On Water Bottle Samples At Station FLUPAC_077,"Rodier, Martine [omid:ra/061507194 orcid:0000-0003-0339-7587]; Blain, Stéphane [omid:ra/060219732]; Eldin, Gérard [omid:ra/060219733]",2004,,,,,dataset,Pangaea - Data Publisher For Earth & Environmental Science [omid:ra/060219734],
omid:br/0601016920 doi:10.15468/dl.ibmyxy,GBIF Occurrence Download,Occdownload Gbif.Org [omid:ra/0602936705],2016,,,,,dataset,The Global Biodiversity Information Facility [omid:ra/0602936706],
omid:br/0601016921 doi:10.15468/dl.ibn5e0,GBIF Occurrence Download,Occdownload Gbif.Org [omid:ra/0602936707],2018,,,,,dataset,The Global Biodiversity Information Facility [omid:ra/0602936708],
omid:br/0601016922 doi:10.15468/dl.ibn8hj,GBIF Occurrence Download,Occdownload Gbif.Org [omid:ra/0602936709],2018,,,,,dataset,The Global Biodiversity Information Facility [omid:ra/0602936710],
omid:br/0601016923 doi:10.15468/dl.ibnaz8,GBIF Occurrence Download,Occdownload Gbif.Org [omid:ra/0602936711],2019,,,,,dataset,The Global Biodiversity Information Facility [omid:ra/0602936712],
omid:br/0601016924 doi:10.15468/dl.ibnedr,GBIF Occurrence Download,Occdownload Gbif.Org [omid:ra/0602936713],2019,,,,,dataset,The Global Biodiversity Information Facility [omid:ra/0602936714],
omid:br/0601016925 doi:10.15468/dl.ibnfuf,GBIF Occurrence Download,Occdownload Gbif.Org [omid:ra/0602936715],2018,,,,,dataset,The Global Biodiversity Information Facility [omid:ra/0602936716],
omid:br/0601016926 doi:10.15468/dl.ibnfwy,GBIF Occurrence Download,Occdownload Gbif.Org [omid:ra/0602936717],2016,,,,,dataset,The Global Biodiversity Information Facility [omid:ra/0602936718],
omid:br/0601016927 doi:10.15468/dl.ibnhfq,GBIF Occurrence Download,Occdownload Gbif.Org [omid:ra/0602936719],2016,,,,,dataset,The Global Biodiversity Information Facility [omid:ra/0602936720],
omid:br/0601016928 doi:10.15468/dl.ibnhi3,Occurrence Download,Occdownload Gbif.Org [omid:ra/0602936721],2020,,,,,dataset,The Global Biodiversity Information Facility [omid:ra/0602936722],
omid:br/0601016929 doi:10.15468/dl.ibnhu7,GBIF Occurrence Download,Occdownload Gbif.Org [omid:ra/0602936723],2019,,,,,dataset,The Global Biodiversity Information Facility [omid:ra/0602936724],
omid:br/060101693 doi:10.1594/pangaea.186601,Nutrients Measured On Water Bottle Samples At Station FLUPAC_078,"Rodier, Martine [omid:ra/061507194 orcid:0000-0003-0339-7587]; Blain, Stéphane [omid:ra/060219735]; Eldin, Gérard [omid:ra/060219736]",2004,,,,,dataset,Pangaea - Data Publisher For Earth & Environmental Science [omid:ra/060219737],
omid:br/0601016930 doi:10.15468/dl.ibnieg,GBIF Occurrence Download,Occdownload Gbif.Org [omid:ra/0602936725],2015,,,,,dataset,The Global Biodiversity Information Facility [omid:ra/0602936726],
omid:br/0601016931 doi:10.15468/dl.ibnixk,Occurrence Download,Occdownload Gbif.Org [omid:ra/0602936727],2020,,,,,dataset,The Global Biodiversity Information Facility [omid:ra/0602936728],
omid:br/0601016932 doi:10.15468/dl.ibnkgk,GBIF Occurrence Download,Occdownload Gbif.Org [omid:ra/0602936729],2019,,,,,dataset,The Global Biodiversity Information Facility [omid:ra/0602936730],
omid:br/0601016933 doi:10.15468/dl.ibnlfe,GBIF Occurrence Download,Occdownload Gbif.Org [omid:ra/0602936731],2018,,,,,dataset,The Global Biodiversity Information Facility [omid:ra/0602936732],
omid:br/0601016934 doi:10.15468/dl.ibnlgq,GBIF Occurrence Download,Occdownload Gbif.Org [omid:ra/0602936733],2018,,,,,dataset,The Global Biodiversity Information Facility [omid:ra/0602936734],
omid:br/0601016935 doi:10.15468/dl.ibnmve,GBIF Occurrence Download,Occdownload Gbif.Org [omid:ra/0602936735],2015,,,,,dataset,The Global Biodiversity Information Facility [omid:ra/0602936736],
omid:br/0601016936 doi:10.15468/dl.ibnmzw,GBIF Occurrence Download,Occdownload Gbif.Org [omid:ra/0602936737],2018,,,,,dataset,The Global Biodiversity Information Facility [omid:ra/0602936738],
omid:br/0601016937 doi:10.15468/dl.ibnnhp,Occurrence Download,Occdownload Gbif.Org [omid:ra/0602936739],2020,,,,,dataset,The Global Biodiversity Information Facility [omid:ra/0602936740],
omid:br/0601016938 doi:10.15468/dl.ibnnnd,GBIF Occurrence Download,Occdownload Gbif.Org [omid:ra/0602936741],2016,,,,,dataset,The Global Biodiversity Information Facility [omid:ra/0602936742],
omid:br/0601016939 doi:10.15468/dl.ibnofi,GBIF Occurrence Download,Occdownload Gbif.Org [omid:ra/0602936743],2018,,,,,dataset,The Global Biodiversity Information Facility [omid:ra/0602936744],
omid:br/060101694 doi:10.1594/pangaea.186602,Nutrients Measured On Water Bottle Samples At Station FLUPAC_079,"Rodier, Martine [omid:ra/061507194 orcid:0000-0003-0339-7587]; Blain, Stéphane [omid:ra/060219738]; Eldin, Gérard [omid:ra/060219739]",2004,,,,,dataset,Pangaea - Data Publisher For Earth & Environmental Science [omid:ra/060219740],
omid:br/0601016940 doi:10.15468/dl.ibnq73,GBIF Occurrence Download,Occdownload Gbif.Org [omid:ra/0602936745],2016,,,,,dataset,The Global Biodiversity Information Facility [omid:ra/0602936746],
omid:br/0601016941 doi:10.15468/dl.ibntdr,GBIF Occurrence Download,Occdownload Gbif.Org [omid:ra/0602936747],2019,,,,,dataset,The Global Biodiversity Information Facility [omid:ra/0602936748],
omid:br/0601016942 doi:10.15468/dl.ibnunj,GBIF Occurrence Download,Occdownload Gbif.Org [omid:ra/0602936749],2016,,,,,dataset,The Global Biodiversity Information Facility [omid:ra/0602936750],
omid:br/0601016943 doi:10.15468/dl.ibnurn,Occurrence Download,Occdownload Gbif.Org [omid:ra/0602936751],2020,,,,,dataset,The Global Biodiversity Information Facility [omid:ra/0602936752],
omid:br/0601016944 doi:10.15468/dl.ibnvpd,GBIF Occurrence Download,Occdownload Gbif.Org [omid:ra/0602936753],2018,,,,,dataset,The Global Biodiversity Information Facility [omid:ra/0602936754],
omid:br/0601016945 doi:10.15468/dl.ibnyuo,Occurrence Download,Occdownload Gbif.Org [omid:ra/0602936755],2020,,,,,dataset,The Global Biodiversity Information Facility [omid:ra/0602936756],
omid:br/0601016946 doi:10.15468/dl.ibo8bv,GBIF Occurrence Download,Occdownload Gbif.Org [omid:ra/0602936757],2018,,,,,dataset,The Global Biodiversity Information Facility [omid:ra/0602936758],
omid:br/0601016947 doi:10.15468/dl.ibo9mp,GBIF Occurrence Download,Occdownload Gbif.Org [omid:ra/0602936759],2018,,,,,dataset,The Global Biodiversity Information Facility [omid:ra/0602936760],
omid:br/0601016948 doi:10.15468/dl.iboajr,GBIF Occurrence Download,Occdownload Gbif.Org [omid:ra/0602936761],2019,,,,,dataset,The Global Biodiversity Information Facility [omid:ra/0602936762],
omid:br/0601016949 doi:10.15468/dl.iboe9t,Occurrence Download,Occdownload Gbif.Org [omid:ra/0602936763],2020,,,,,dataset,The Global Biodiversity Information Facility [omid:ra/0602936764],
omid:br/060101695 doi:10.1594/pangaea.186603,Nutrients Measured On Water Bottle Samples At Station FLUPAC_080,"Rodier, Martine [omid:ra/061507194 orcid:0000-0003-0339-7587]; Blain, Stéphane [omid:ra/060219741]; Eldin, Gérard [omid:ra/060219742]",2004,,,,,dataset,Pangaea - Data Publisher For Earth & Environmental Science [omid:ra/060219743],
omid:br/0601016950 doi:10.15468/dl.iboesb,GBIF Occurrence Download,Occdownload Gbif.Org [omid:ra/0602936765],2018,,,,,dataset,The Global Biodiversity Information Facility [omid:ra/0602936766],
omid:br/0601016951 doi:10.15468/dl.iboizq,Occurrence Download,Occdownload Gbif.Org [omid:ra/0602936767],2019,,,,,dataset,The Global Biodiversity Information Facility [omid:ra/0602936768],
omid:br/0601016952 doi:10.15468/dl.ibokku,GBIF Occurrence Download,Occdownload Gbif.Org [omid:ra/0602936769],2015,,,,,dataset,The Global Biodiversity Information Facility [omid:ra/0602936770],
omid:br/0601016953 doi:10.15468/dl.ibokze,GBIF Occurrence Download,Occdownload Gbif.Org [omid:ra/0602936771],2018,,,,,dataset,The Global Biodiversity Information Facility [omid:ra/0602936772],
omid:br/0601016954 doi:10.15468/dl.ibom4f,GBIF Occurrence Download,Occdownload Gbif.Org [omid:ra/0602936773],2019,,,,,dataset,The Global Biodiversity Information Facility [omid:ra/0602936774],
omid:br/0601016955 doi:10.15468/dl.ibompp,GBIF Occurrence Download,Occdownload Gbif.Org [omid:ra/0602936775],2015,,,,,dataset,The Global Biodiversity Information Facility [omid:ra/0602936776],
omid:br/0601016956 doi:10.15468/dl.ibon7h,Occurrence Download,Occdownload Gbif.Org [omid:ra/0602936777],2020,,,,,dataset,The Global Biodiversity Information Facility [omid:ra/0602936778],
omid:br/0601016957 doi:10.15468/dl.iboolf,Occurrence Download,Occdownload Gbif.Org [omid:ra/0602936779],2019,,,,,dataset,The Global Biodiversity Information Facility [omid:ra/0602936780],
omid:br/0601016958 doi:10.15468/dl.ibooxw,GBIF Occurrence Download,Occdownload Gbif.Org [omid:ra/0602936781],2016,,,,,dataset,The Global Biodiversity Information Facility [omid:ra/0602936782],
omid:br/0601016959 doi:10.15468/dl.iboppp,GBIF Occurrence Download,Occdownload Gbif.Org [omid:ra/0602936783],2015,,,,,dataset,The Global Biodiversity Information Facility [omid:ra/0602936784],
omid:br/060101696 doi:10.1594/pangaea.186604,Nutrients Measured On Water Bottle Samples At Station FLUPAC_081,"Rodier, Martine [omid:ra/061507194 orcid:0000-0003-0339-7587]; Blain, Stéphane [omid:ra/060219744]; Eldin, Gérard [omid:ra/060219745]",2004,,,,,dataset,Pangaea - Data Publisher For Earth & Environmental Science [omid:ra/060219746],
omid:br/0601016960 doi:10.15468/dl.ibopwf,GBIF Occurrence Download,Occdownload Gbif.Org [omid:ra/0602936785],2015,,,,,dataset,The Global Biodiversity Information Facility [omid:ra/0602936786],
omid:br/0601016961 doi:10.15468/dl.ibor6e,GBIF Occurrence Download,Occdownload Gbif.Org [omid:ra/0602936787],2019,,,,,dataset,The Global Biodiversity Information Facility [omid:ra/0602936788],
omid:br/0601016962 doi:10.15468/dl.iboswa,GBIF Occurrence Download,Occdownload Gbif.Org [omid:ra/0602936789],2015,,,,,dataset,The Global Biodiversity Information Facility [omid:ra/0602936790],
omid:br/0601016963 doi:10.15468/dl.ibot47,GBIF Occurrence Download,Occdownload Gbif.Org [omid:ra/0602936791],2018,,,,,dataset,The Global Biodiversity Information Facility [omid:ra/0602936792],
omid:br/0601016964 doi:10.15468/dl.ibougb,GBIF Occurrence Download,Occdownload Gbif.Org [omid:ra/0602936793],2015,,,,,dataset,The Global Biodiversity Information Facility [omid:ra/0602936794],
omid:br/0601016965 doi:10.15468/dl.iboytt,GBIF Occurrence Download,Occdownload Gbif.Org [omid:ra/0602936795],2015,,,,,dataset,The Global Biodiversity Information Facility [omid:ra/0602936796],
omid:br/0601016966 doi:10.15468/dl.iboyze,GBIF Occurrence Download,Occdownload Gbif.Org [omid:ra/0602936797],2019,,,,,dataset,The Global Biodiversity Information Facility [omid:ra/0602936798],
omid:br/0601016967 doi:10.15468/dl.ibp9dc,GBIF Occurrence Download,Occdownload Gbif.Org [omid:ra/0602936799],2018,,,,,dataset,The Global Biodiversity Information Facility [omid:ra/0602936800],
omid:br/0601016968 doi:10.15468/dl.ibp9wo,GBIF Occurrence Download,Occdownload Gbif.Org [omid:ra/0602936801],2017,,,,,dataset,The Global Biodiversity Information Facility [omid:ra/0602936802],
omid:br/0601016969 doi:10.15468/dl.ibpb72,GBIF Occurrence Download,Occdownload Gbif.Org [omid:ra/0602936803],2017,,,,,dataset,The Global Biodiversity Information Facility [omid:ra/0602936804],
omid:br/060101697 doi:10.1594/pangaea.186605,Nutrients Measured On Water Bottle Samples At Station FLUPAC_082,"Rodier, Martine [omid:ra/061507194 orcid:0000-0003-0339-7587]; Blain, Stéphane [omid:ra/060219747]; Eldin, Gérard [omid:ra/060219748]",2004,,,,,dataset,Pangaea - Data Publisher For Earth & Environmental Science [omid:ra/060219749],
omid:br/0601016970 doi:10.15468/dl.ibpcqj,GBIF Occurrence Download,Occdownload Gbif.Org [omid:ra/0602936805],2017,,,,,dataset,The Global Biodiversity Information Facility [omid:ra/0602936806],
omid:br/0601016971 doi:10.15468/dl.ibpdre,GBIF Occurrence Download,Occdownload Gbif.Org [omid:ra/0602936807],2019,,,,,dataset,The Global Biodiversity Information Facility [omid:ra/0602936808],
omid:br/0601016972 doi:10.15468/dl.ibpeof,GBIF Occurrence Download,Occdownload Gbif.Org [omid:ra/0602936809],2018,,,,,dataset,The Global Biodiversity Information Facility [omid:ra/0602936810],
omid:br/0601016973 doi:10.15468/dl.ibpfax,GBIF Occurrence Download,Occdownload Gbif.Org [omid:ra/0602936811],2017,,,,,dataset,The Global Biodiversity Information Facility [omid:ra/0602936812],
omid:br/0601016974 doi:10.15468/dl.ibphht,GBIF Occurrence Download,Occdownload Gbif.Org [omid:ra/0602936813],2017,,,,,dataset,The Global Biodiversity Information Facility [omid:ra/0602936814],
omid:br/0601016975 doi:10.15468/dl.ibpifg,GBIF Occurrence Download,Occdownload Gbif.Org [omid:ra/0602936815],2016,,,,,dataset,The Global Biodiversity Information Facility [omid:ra/0602936816],
omid:br/0601016976 doi:10.15468/dl.ibpigq,GBIF Occurrence Download,Occdownload Gbif.Org [omid:ra/0602936817],2016,,,,,dataset,The Global Biodiversity Information Facility [omid:ra/0602936818],
omid:br/0601016977 doi:10.15468/dl.ibpixp,GBIF Occurrence Download,Occdownload Gbif.Org [omid:ra/0602936819],2016,,,,,dataset,The Global Biodiversity Information Facility [omid:ra/0602936820],
omid:br/0601016978 doi:10.15468/dl.ibpjsr,GBIF Occurrence Download,Occdownload Gbif.Org [omid:ra/0602936821],2016,,,,,dataset,The Global Biodiversity Information Facility [omid:ra/0602936822],
omid:br/0601016979 doi:10.15468/dl.ibpkvg,GBIF Occurrence Download,Occdownload Gbif.Org [omid:ra/0602936823],2019,,,,,dataset,The Global Biodiversity Information Facility [omid:ra/0602936824],
omid:br/060101698 doi:10.1594/pangaea.186606,Nutrients Measured On Water Bottle Samples At Station FLUPAC_083,"Rodier, Martine [omid:ra/061507194 orcid:0000-0003-0339-7587]; Blain, Stéphane [omid:ra/060219750]; Eldin, Gérard [omid:ra/060219751]",2004,,,,,dataset,Pangaea - Data Publisher For Earth & Environmental Science [omid:ra/060219752],
omid:br/0601016980 doi:10.15468/dl.ibppup,GBIF Occurrence Download,Occdownload Gbif.Org [omid:ra/0602936825],2018,,,,,dataset,The Global Biodiversity Information Facility [omid:ra/0602936826],
omid:br/0601016981 doi:10.15468/dl.ibppx0,Occurrence Download,Occdownload Gbif.Org [omid:ra/0602936827],2019,,,,,dataset,The Global Biodiversity Information Facility [omid:ra/0602936828],
omid:br/0601016982 doi:10.15468/dl.ibpqsq,GBIF Occurrence Download,Occdownload Gbif.Org [omid:ra/0602936829],2018,,,,,dataset,The Global Biodiversity Information Facility [omid:ra/0602936830],
omid:br/0601016983 doi:10.15468/dl.ibpqxz,GBIF Occurrence Download,Occdownload Gbif.Org [omid:ra/0602936831],2017,,,,,dataset,The Global Biodiversity Information Facility [omid:ra/0602936832],
omid:br/0601016984 doi:10.15468/dl.ibpsk7,GBIF Occurrence Download,Occdownload Gbif.Org [omid:ra/0602936833],2017,,,,,dataset,The Global Biodiversity Information Facility [omid:ra/0602936834],
omid:br/0601016985 doi:10.15468/dl.ibptau,GBIF Occurrence Download,Occdownload Gbif.Org [omid:ra/0602936835],2019,,,,,dataset,The Global Biodiversity Information Facility [omid:ra/0602936836],
omid:br/0601016986 doi:10.15468/dl.ibpva4,GBIF Occurrence Download,Occdownload Gbif.Org [omid:ra/0602936837],2016,,,,,dataset,The Global Biodiversity Information Facility [omid:ra/0602936838],
omid:br/0601016987 doi:10.15468/dl.ibpvia,Occurrence Download,Occdownload Gbif.Org [omid:ra/0602936839],2019,,,,,dataset,The Global Biodiversity Information Facility [omid:ra/0602936840],
omid:br/0601016988 doi:10.15468/dl.ibpvtc,GBIF Occurrence Download,Occdownload Gbif.Org [omid:ra/0602936841],2017,,,,,dataset,The Global Biodiversity Information Facility [omid:ra/0602936842],
omid:br/0601016989 doi:10.15468/dl.ibpwon,GBIF Occurrence Download,Occdownload Gbif.Org [omid:ra/0602936843],2019,,,,,dataset,The Global Biodiversity Information Facility [omid:ra/0602936844],
omid:br/060101699 doi:10.1594/pangaea.186607,Nutrients Measured On Water Bottle Samples At Station FLUPAC_084,"Rodier, Martine [omid:ra/061507194 orcid:0000-0003-0339-7587]; Blain, Stéphane [omid:ra/060219753]; Eldin, Gérard [omid:ra/060219754]",2004,,,,,dataset,Pangaea - Data Publisher For Earth & Environmental Science [omid:ra/060219755],
omid:br/0601016990 doi:10.15468/dl.ibpxhp,GBIF Occurrence Download,Occdownload Gbif.Org [omid:ra/0602936845],2019,,,,,dataset,The Global Biodiversity Information Facility [omid:ra/0602936846],
omid:br/0601016991 doi:10.15468/dl.ibpyhl,GBIF Occurrence Download,Occdownload Gbif.Org [omid:ra/0602936847],2018,,,,,dataset,The Global Biodiversity Information Facility [omid:ra/0602936848],
omid:br/0601016992 doi:10.15468/dl.ibpzkl,GBIF Occurrence Download,Occdownload Gbif.Org [omid:ra/0602936849],2015,,,,,dataset,The Global Biodiversity Information Facility [omid:ra/0602936850],
omid:br/0601016993 doi:10.15468/dl.ibq355,GBIF Occurrence Download,Occdownload Gbif.Org [omid:ra/0602936851],2017,,,,,dataset,The Global Biodiversity Information Facility [omid:ra/0602936852],
omid:br/0601016994 doi:10.15468/dl.ibq69m,GBIF Occurrence Download,Occdownload Gbif.Org [omid:ra/0602936853],2015,,,,,dataset,The Global Biodiversity Information Facility [omid:ra/0602936854],
omid:br/0601016995 doi:10.15468/dl.ibq9sa,Occurrence Download,Occdownload Gbif.Org [omid:ra/0602936855],2020,,,,,dataset,The Global Biodiversity Information Facility [omid:ra/0602936856],
omid:br/0601016996 doi:10.15468/dl.ibqbcb,GBIF Occurrence Download,Occdownload Gbif.Org [omid:ra/0602936857],2017,,,,,dataset,The Global Biodiversity Information Facility [omid:ra/0602936858],
omid:br/0601016997 doi:10.15468/dl.ibqfpl,GBIF Occurrence Download,Occdownload Gbif.Org [omid:ra/0602936859],2017,,,,,dataset,The Global Biodiversity Information Facility [omid:ra/0602936860],
omid:br/0601016998 doi:10.15468/dl.ibqgvs,GBIF Occurrence Download,Occdownload Gbif.Org [omid:ra/0602936861],2016,,,,,dataset,The Global Biodiversity Information Facility [omid:ra/0602936862],
omid:br/0601016999 doi:10.15468/dl.ibqka4,GBIF Occurrence Download,Occdownload Gbif.Org [omid:ra/0602936863],2015,,,,,dataset,The Global Biodiversity Information Facility [omid:ra/0602936864],
omid:br/0601017 doi:10.4230/lipics.icalp.2020.55 openalex:W3037511829,Cryptographic Reverse Firewalls For Interactive Proof Systems,"Ganesh, Chaya [omid:ra/0607758]; Magri, Bernardo [omid:ra/0607759]; Venturi, Daniele [omid:ra/0607760]",2020,LIPIcs : Leibniz International Proceedings In Informatics [omid:br/060182 issn:1868-8969],,,,report,Schloss Dagstuhl - Leibniz-Zentrum Für Informatik [omid:ra/0607761],"Czumaj, Artur [omid:ra/0607590 orcid:0000-0002-7743-438X]; Dawar, Anuj [omid:ra/067073847 orcid:0000-0003-4014-8248]; Merelli, Emanuela [omid:ra/068015430 orcid:0000-0002-1321-4134]"
omid:br/06010170 doi:10.15468/dl.xy0osc,GBIF Occurrence Download,Occdownload Gbif.Org [omid:ra/06029528],2015,,,,,dataset,The Global Biodiversity Information Facility [omid:ra/06029529],
omid:br/060101700 doi:10.1594/pangaea.186608,Nutrients Measured On Water Bottle Samples At Station FLUPAC_085,"Rodier, Martine [omid:ra/061507194 orcid:0000-0003-0339-7587]; Blain, Stéphane [omid:ra/060219756]; Eldin, Gérard [omid:ra/060219757]",2004,,,,,dataset,Pangaea - Data Publisher For Earth & Environmental Science [omid:ra/060219758],
omid:br/0601017000 doi:10.15468/dl.ibqmuz,GBIF Occurrence Download,Occdownload Gbif.Org [omid:ra/0602936865],2016,,,,,dataset,The Global Biodiversity Information Facility [omid:ra/0602936866],
omid:br/0601017001 doi:10.15468/dl.ibqnw3,Occurrence Download,Occdownload Gbif.Org [omid:ra/0602936867],2019,,,,,dataset,The Global Biodiversity Information Facility [omid:ra/0602936868],
omid:br/0601017002 doi:10.15468/dl.ibqnwl,GBIF Occurrence Download,Occdownload Gbif.Org [omid:ra/0602936869],2019,,,,,dataset,The Global Biodiversity Information Facility [omid:ra/0602936870],
omid:br/0601017003 doi:10.15468/dl.ibqove,Occurrence Download,Occdownload Gbif.Org [omid:ra/0602936871],2019,,,,,dataset,The Global Biodiversity Information Facility [omid:ra/0602936872],
omid:br/0601017004 doi:10.15468/dl.ibqqhu,Occurrence Download,Occdownload Gbif.Org [omid:ra/0602936873],2020,,,,,dataset,The Global Biodiversity Information Facility [omid:ra/0602936874],
omid:br/0601017005 doi:10.15468/dl.ibqro4,GBIF Occurrence Download,Occdownload Gbif.Org [omid:ra/0602936875],2015,,,,,dataset,The Global Biodiversity Information Facility [omid:ra/0602936876],
omid:br/0601017006 doi:10.15468/dl.ibqrtd,GBIF Occurrence Download,Occdownload Gbif.Org [omid:ra/0602936877],2017,,,,,dataset,The Global Biodiversity Information Facility [omid:ra/0602936878],
omid:br/0601017007 doi:10.15468/dl.ibqsld,GBIF Occurrence Download,Occdownload Gbif.Org [omid:ra/0602936879],2018,,,,,dataset,The Global Biodiversity Information Facility [omid:ra/0602936880],
omid:br/0601017008 doi:10.15468/dl.ibqth3,GBIF Occurrence Download,Occdownload Gbif.Org [omid:ra/0602936881],2018,,,,,dataset,The Global Biodiversity Information Facility [omid:ra/0602936882],
omid:br/0601017009 doi:10.15468/dl.ibqutx,GBIF Occurrence Download,Occdownload Gbif.Org [omid:ra/0602936883],2018,,,,,dataset,The Global Biodiversity Information Facility [omid:ra/0602936884],
omid:br/060101701 doi:10.1594/pangaea.186609,Nutrients Measured On Water Bottle Samples At Station FLUPAC_086,"Rodier, Martine [omid:ra/061507194 orcid:0000-0003-0339-7587]; Blain, Stéphane [omid:ra/060219759]; Eldin, Gérard [omid:ra/060219760]",2004,,,,,dataset,Pangaea - Data Publisher For Earth & Environmental Science [omid:ra/060219761],
omid:br/0601017010 doi:10.15468/dl.ibqvcz,GBIF Occurrence Download,Occdownload Gbif.Org [omid:ra/0602936885],2018,,,,,dataset,The Global Biodiversity Information Facility [omid:ra/0602936886],
omid:br/0601017011 doi:10.15468/dl.ibqvm6,GBIF Occurrence Download,Occdownload Gbif.Org [omid:ra/0602936887],2018,,,,,dataset,The Global Biodiversity Information Facility [omid:ra/0602936888],
omid:br/0601017012 doi:10.15468/dl.ibqwyl,GBIF Occurrence Download,Occdownload Gbif.Org [omid:ra/0602936889],2015,,,,,dataset,The Global Biodiversity Information Facility [omid:ra/0602936890],
omid:br/0601017013 doi:10.15468/dl.ibqxh6,Occurrence Download,Occdownload Gbif.Org [omid:ra/0602936891],2019,,,,,dataset,The Global Biodiversity Information Facility [omid:ra/0602936892],
omid:br/0601017014 doi:10.15468/dl.ibqxj3,GBIF Occurrence Download,Occdownload Gbif.Org [omid:ra/0602936893],2016,,,,,dataset,The Global Biodiversity Information Facility [omid:ra/0602936894],
omid:br/0601017015 doi:10.15468/dl.ibqxst,GBIF Occurrence Download,Occdownload Gbif.Org [omid:ra/0602936895],2018,,,,,dataset,The Global Biodiversity Information Facility [omid:ra/0602936896],
omid:br/0601017016 doi:10.15468/dl.ibqxw1,Occurrence Download,Occdownload Gbif.Org [omid:ra/0602936897],2020,,,,,dataset,The Global Biodiversity Information Facility [omid:ra/0602936898],
omid:br/0601017017 doi:10.15468/dl.ibr0fe,GBIF Occurrence Download,Occdownload Gbif.Org [omid:ra/0602936899],2018,,,,,dataset,The Global Biodiversity Information Facility [omid:ra/0602936900],
omid:br/0601017018 doi:10.15468/dl.ibr1z2,Occurrence Download,Occdownload Gbif.Org [omid:ra/0602936901],2020,,,,,dataset,The Global Biodiversity Information Facility [omid:ra/0602936902],
omid:br/0601017019 doi:10.15468/dl.ibr3fx,GBIF Occurrence Download,Occdownload Gbif.Org [omid:ra/0602936903],2019,,,,,dataset,The Global Biodiversity Information Facility [omid:ra/0602936904],
omid:br/060101702 doi:10.1594/pangaea.186610,Nutrients Measured On Water Bottle Samples At Station FLUPAC_087,"Rodier, Martine [omid:ra/061507194 orcid:0000-0003-0339-7587]; Blain, Stéphane [omid:ra/060219762]; Eldin, Gérard [omid:ra/060219763]",2004,,,,,dataset,Pangaea - Data Publisher For Earth & Environmental Science [omid:ra/060219764],
omid:br/0601017020 doi:10.15468/dl.ibr4xd,GBIF Occurrence Download,Occdownload Gbif.Org [omid:ra/0602936905],2019,,,,,dataset,The Global Biodiversity Information Facility [omid:ra/0602936906],
omid:br/0601017021 doi:10.15468/dl.ibr9cx,GBIF Occurrence Download,Occdownload Gbif.Org [omid:ra/0602936907],2019,,,,,dataset,The Global Biodiversity Information Facility [omid:ra/0602936908],
omid:br/0601017022 doi:10.15468/dl.ibrbmx,GBIF Occurrence Download,Occdownload Gbif.Org [omid:ra/0602936909],2017,,,,,dataset,The Global Biodiversity Information Facility [omid:ra/0602936910],
omid:br/0601017023 doi:10.15468/dl.ibreil,GBIF Occurrence Download,Occdownload Gbif.Org [omid:ra/0602936911],2018,,,,,dataset,The Global Biodiversity Information Facility [omid:ra/0602936912],
omid:br/0601017024 doi:10.15468/dl.ibrg3h,GBIF Occurrence Download,Occdownload Gbif.Org [omid:ra/0602936913],2016,,,,,dataset,The Global Biodiversity Information Facility [omid:ra/0602936914],
omid:br/0601017025 doi:10.15468/dl.ibrgyn,GBIF Occurrence Download,Occdownload Gbif.Org [omid:ra/0602936915],2015,,,,,dataset,The Global Biodiversity Information Facility [omid:ra/0602936916],
omid:br/0601017026 doi:10.15468/dl.ibrihq,Occurrence Download,Occdownload Gbif.Org [omid:ra/0602936917],2019,,,,,dataset,The Global Biodiversity Information Facility [omid:ra/0602936918],
omid:br/0601017027 doi:10.15468/dl.ibrjjx,GBIF Occurrence Download,Occdownload Gbif.Org [omid:ra/0602936919],2019,,,,,dataset,The Global Biodiversity Information Facility [omid:ra/0602936920],
omid:br/0601017028 doi:10.15468/dl.ibrjww,GBIF Occurrence Download,Occdownload Gbif.Org [omid:ra/0602936921],2019,,,,,dataset,The Global Biodiversity Information Facility [omid:ra/0602936922],
omid:br/0601017029 doi:10.15468/dl.ibrkcv,GBIF Occurrence Download,Occdownload Gbif.Org [omid:ra/0602936923],2016,,,,,dataset,The Global Biodiversity Information Facility [omid:ra/0602936924],
omid:br/060101703 doi:10.1594/pangaea.186611,Nutrients Measured On Water Bottle Samples At Station FLUPAC_088,"Rodier, Martine [omid:ra/061507194 orcid:0000-0003-0339-7587]; Blain, Stéphane [omid:ra/060219765]; Eldin, Gérard [omid:ra/060219766]",2004,,,,,dataset,Pangaea - Data Publisher For Earth & Environmental Science [omid:ra/060219767],
omid:br/0601017030 doi:10.15468/dl.ibrlgw,GBIF Occurrence Download,Occdownload Gbif.Org [omid:ra/0602936925],2018,,,,,dataset,The Global Biodiversity Information Facility [omid:ra/0602936926],
omid:br/0601017031 doi:10.15468/dl.ibrom7,GBIF Occurrence Download,Occdownload Gbif.Org [omid:ra/0602936927],2018,,,,,dataset,The Global Biodiversity Information Facility [omid:ra/0602936928],
omid:br/0601017032 doi:10.15468/dl.ibrrad,GBIF Occurrence Download,Occdownload Gbif.Org [omid:ra/0602936929],2019,,,,,dataset,The Global Biodiversity Information Facility [omid:ra/0602936930],
omid:br/0601017033 doi:10.15468/dl.ibrrib,GBIF Occurrence Download,Occdownload Gbif.Org [omid:ra/0602936931],2016,,,,,dataset,The Global Biodiversity Information Facility [omid:ra/0602936932],
omid:br/0601017034 doi:10.15468/dl.ibrrsu,GBIF Occurrence Download,Occdownload Gbif.Org [omid:ra/0602936933],2017,,,,,dataset,The Global Biodiversity Information Facility [omid:ra/0602936934],
omid:br/0601017035 doi:10.15468/dl.ibrtau,GBIF Occurrence Download,Occdownload Gbif.Org [omid:ra/0602936935],2015,,,,,dataset,The Global Biodiversity Information Facility [omid:ra/0602936936],
omid:br/0601017036 doi:10.15468/dl.ibrtht,GBIF Occurrence Download,Occdownload Gbif.Org [omid:ra/0602936937],2019,,,,,dataset,The Global Biodiversity Information Facility [omid:ra/0602936938],
omid:br/0601017037 doi:10.15468/dl.ibrtji,GBIF Occurrence Download,Occdownload Gbif.Org [omid:ra/0602936939],2017,,,,,dataset,The Global Biodiversity Information Facility [omid:ra/0602936940],
omid:br/0601017038 doi:10.15468/dl.ibrucb,GBIF Occurrence Download,Occdownload Gbif.Org [omid:ra/0602936941],2016,,,,,dataset,The Global Biodiversity Information Facility [omid:ra/0602936942],
omid:br/0601017039 doi:10.15468/dl.ibrv0h,GBIF Occurrence Download,Occdownload Gbif.Org [omid:ra/0602936943],2018,,,,,dataset,The Global Biodiversity Information Facility [omid:ra/0602936944],
omid:br/060101704 doi:10.1594/pangaea.186612,Nutrients Measured On Water Bottle Samples At Station FLUPAC_089,"Rodier, Martine [omid:ra/061507194 orcid:0000-0003-0339-7587]; Blain, Stéphane [omid:ra/060219768]; Eldin, Gérard [omid:ra/060219769]",2004,,,,,dataset,Pangaea - Data Publisher For Earth & Environmental Science [omid:ra/060219770],
omid:br/0601017040 doi:10.15468/dl.ibrxgy,GBIF Occurrence Download,Occdownload Gbif.Org [omid:ra/0602936945],2018,,,,,dataset,The Global Biodiversity Information Facility [omid:ra/0602936946],
omid:br/0601017041 doi:10.15468/dl.ibrxjb,GBIF Occurrence Download,Occdownload Gbif.Org [omid:ra/0602936947],2015,,,,,dataset,The Global Biodiversity Information Facility [omid:ra/0602936948],
omid:br/0601017042 doi:10.15468/dl.ibrxlp,Occurrence Download,Occdownload Gbif.Org [omid:ra/0602936949],2019,,,,,dataset,The Global Biodiversity Information Facility [omid:ra/0602936950],
omid:br/0601017043 doi:10.15468/dl.ibs2j7,GBIF Occurrence Download,Occdownload Gbif.Org [omid:ra/0602936951],2018,,,,,dataset,The Global Biodiversity Information Facility [omid:ra/0602936952],
omid:br/0601017044 doi:10.15468/dl.ibs6te,GBIF Occurrence Download,Occdownload Gbif.Org [omid:ra/0602936953],2016,,,,,dataset,The Global Biodiversity Information Facility [omid:ra/0602936954],
omid:br/0601017045 doi:10.15468/dl.ibsclv,GBIF Occurrence Download,Occdownload Gbif.Org [omid:ra/0602936955],2018,,,,,dataset,The Global Biodiversity Information Facility [omid:ra/0602936956],
omid:br/0601017046 doi:10.15468/dl.ibsexb,GBIF Occurrence Download,Occdownload Gbif.Org [omid:ra/0602936957],2019,,,,,dataset,The Global Biodiversity Information Facility [omid:ra/0602936958],
omid:br/0601017047 doi:10.15468/dl.ibsezj,GBIF Occurrence Download,Occdownload Gbif.Org [omid:ra/0602936959],2016,,,,,dataset,The Global Biodiversity Information Facility [omid:ra/0602936960],
omid:br/0601017048 doi:10.15468/dl.ibsh9f,Occurrence Download,Occdownload Gbif.Org [omid:ra/0602936961],2019,,,,,dataset,The Global Biodiversity Information Facility [omid:ra/0602936962],
omid:br/0601017049 doi:10.15468/dl.ibsheh,GBIF Occurrence Download,Occdownload Gbif.Org [omid:ra/0602936963],2017,,,,,dataset,The Global Biodiversity Information Facility [omid:ra/0602936964],
omid:br/060101705 doi:10.1594/pangaea.186613,Nutrients Measured On Water Bottle Samples At Station FLUPAC_090,"Rodier, Martine [omid:ra/061507194 orcid:0000-0003-0339-7587]; Blain, Stéphane [omid:ra/060219771]; Eldin, Gérard [omid:ra/060219772]",2004,,,,,dataset,Pangaea - Data Publisher For Earth & Environmental Science [omid:ra/060219773],
omid:br/0601017050 doi:10.15468/dl.ibsjd8,GBIF Occurrence Download,Occdownload Gbif.Org [omid:ra/0602936965],2018,,,,,dataset,The Global Biodiversity Information Facility [omid:ra/0602936966],
omid:br/0601017051 doi:10.15468/dl.ibsndo,Occurrence Download,Occdownload Gbif.Org [omid:ra/0602936967],2019,,,,,dataset,The Global Biodiversity Information Facility [omid:ra/0602936968],
omid:br/0601017052 doi:10.15468/dl.ibso15,GBIF Occurrence Download,Occdownload Gbif.Org [omid:ra/0602936969],2015,,,,,dataset,The Global Biodiversity Information Facility [omid:ra/0602936970],
omid:br/0601017053 doi:10.15468/dl.ibso91,GBIF Occurrence Download,Occdownload Gbif.Org [omid:ra/0602936971],2016,,,,,dataset,The Global Biodiversity Information Facility [omid:ra/0602936972],
omid:br/0601017054 doi:10.15468/dl.ibsorl,GBIF Occurrence Download,Occdownload Gbif.Org [omid:ra/0602936973],2018,,,,,dataset,The Global Biodiversity Information Facility [omid:ra/0602936974],
omid:br/0601017055 doi:10.15468/dl.ibsqpd,GBIF Occurrence Download,Occdownload Gbif.Org [omid:ra/0602936975],2015,,,,,dataset,The Global Biodiversity Information Facility [omid:ra/0602936976],
omid:br/0601017056 doi:10.15468/dl.ibsr9o,GBIF Occurrence Download,Occdownload Gbif.Org [omid:ra/0602936977],2015,,,,,dataset,The Global Biodiversity Information Facility [omid:ra/0602936978],
omid:br/0601017057 doi:10.15468/dl.ibsrpu,GBIF Occurrence Download,Occdownload Gbif.Org [omid:ra/0602936979],2016,,,,,dataset,The Global Biodiversity Information Facility [omid:ra/0602936980],
omid:br/0601017058 doi:10.15468/dl.ibsw0e,Occurrence Download,Occdownload Gbif.Org [omid:ra/0602936981],2020,,,,,dataset,The Global Biodiversity Information Facility [omid:ra/0602936982],
omid:br/0601017059 doi:10.15468/dl.ibsw6m,GBIF Occurrence Download,Occdownload Gbif.Org [omid:ra/0602936983],2018,,,,,dataset,The Global Biodiversity Information Facility [omid:ra/0602936984],
omid:br/060101706 doi:10.1594/pangaea.186614,Nutrients Measured On Water Bottle Samples At Station FLUPAC_091,"Rodier, Martine [omid:ra/061507194 orcid:0000-0003-0339-7587]; Blain, Stéphane [omid:ra/060219774]; Eldin, Gérard [omid:ra/060219775]",2004,,,,,dataset,Pangaea - Data Publisher For Earth & Environmental Science [omid:ra/060219776],
omid:br/0601017060 doi:10.15468/dl.ibsxkf,GBIF Occurrence Download,Occdownload Gbif.Org [omid:ra/0602936985],2019,,,,,dataset,The Global Biodiversity Information Facility [omid:ra/0602936986],
omid:br/0601017061 doi:10.15468/dl.ibt0yk,GBIF Occurrence Download,Occdownload Gbif.Org [omid:ra/0602936987],2019,,,,,dataset,The Global Biodiversity Information Facility [omid:ra/0602936988],
omid:br/0601017062 doi:10.15468/dl.ibt50t,GBIF Occurrence Download,Occdownload Gbif.Org [omid:ra/0602936989],2019,,,,,dataset,The Global Biodiversity Information Facility [omid:ra/0602936990],
omid:br/0601017063 doi:10.15468/dl.ibtazl,Occurrence Download,Occdownload Gbif.Org [omid:ra/0602936991],2019,,,,,dataset,The Global Biodiversity Information Facility [omid:ra/0602936992],
omid:br/0601017064 doi:10.15468/dl.ibtbva,GBIF Occurrence Download,Occdownload Gbif.Org [omid:ra/0602936993],2018,,,,,dataset,The Global Biodiversity Information Facility [omid:ra/0602936994],
omid:br/0601017065 doi:10.15468/dl.ibtd02,GBIF Occurrence Download,Occdownload Gbif.Org [omid:ra/0602936995],2016,,,,,dataset,The Global Biodiversity Information Facility [omid:ra/0602936996],
omid:br/0601017066 doi:10.15468/dl.ibtdww,GBIF Occurrence Download,Occdownload Gbif.Org [omid:ra/0602936997],2018,,,,,dataset,The Global Biodiversity Information Facility [omid:ra/0602936998],
omid:br/0601017067 doi:10.15468/dl.ibtees,GBIF Occurrence Download,Occdownload Gbif.Org [omid:ra/0602936999],2015,,,,,dataset,The Global Biodiversity Information Facility [omid:ra/0602937000],
omid:br/0601017068 doi:10.15468/dl.ibtgbu,GBIF Occurrence Download,Occdownload Gbif.Org [omid:ra/0602937001],2015,,,,,dataset,The Global Biodiversity Information Facility [omid:ra/0602937002],
omid:br/0601017069 doi:10.15468/dl.ibtj9f,GBIF Occurrence Download,Occdownload Gbif.Org [omid:ra/0602937003],2018,,,,,dataset,The Global Biodiversity Information Facility [omid:ra/0602937004],
omid:br/060101707 doi:10.1594/pangaea.186615,Nutrients Measured On Water Bottle Samples At Station FLUPAC_092,"Rodier, Martine [omid:ra/061507194 orcid:0000-0003-0339-7587]; Blain, Stéphane [omid:ra/060219777]; Eldin, Gérard [omid:ra/060219778]",2004,,,,,dataset,Pangaea - Data Publisher For Earth & Environmental Science [omid:ra/060219779],
omid:br/0601017070 doi:10.15468/dl.ibtk39,GBIF Occurrence Download,Occdownload Gbif.Org [omid:ra/0602937005],2015,,,,,dataset,The Global Biodiversity Information Facility [omid:ra/0602937006],
omid:br/0601017071 doi:10.15468/dl.ibtlvj,GBIF Occurrence Download,Occdownload Gbif.Org [omid:ra/0602937007],2015,,,,,dataset,The Global Biodiversity Information Facility [omid:ra/0602937008],
omid:br/0601017072 doi:10.15468/dl.ibtmdw,GBIF Occurrence Download,Occdownload Gbif.Org [omid:ra/0602937009],2015,,,,,dataset,The Global Biodiversity Information Facility [omid:ra/0602937010],
omid:br/0601017073 doi:10.15468/dl.ibtmv4,GBIF Occurrence Download,Occdownload Gbif.Org [omid:ra/0602937011],2018,,,,,dataset,The Global Biodiversity Information Facility [omid:ra/0602937012],
omid:br/0601017074 doi:10.15468/dl.ibtnnf,GBIF Occurrence Download,Occdownload Gbif.Org [omid:ra/0602937013],2018,,,,,dataset,The Global Biodiversity Information Facility [omid:ra/0602937014],
omid:br/0601017075 doi:10.15468/dl.ibtnsd,GBIF Occurrence Download,Occdownload Gbif.Org [omid:ra/0602937015],2018,,,,,dataset,The Global Biodiversity Information Facility [omid:ra/0602937016],
omid:br/0601017076 doi:10.15468/dl.ibto0u,Occurrence Download,Occdownload Gbif.Org [omid:ra/0602937017],2020,,,,,dataset,The Global Biodiversity Information Facility [omid:ra/0602937018],
omid:br/0601017077 doi:10.15468/dl.ibtpzj,GBIF Occurrence Download,Occdownload Gbif.Org [omid:ra/0602937019],2019,,,,,dataset,The Global Biodiversity Information Facility [omid:ra/0602937020],
omid:br/0601017078 doi:10.15468/dl.ibttlk,GBIF Occurrence Download,Occdownload Gbif.Org [omid:ra/0602937021],2016,,,,,dataset,The Global Biodiversity Information Facility [omid:ra/0602937022],
omid:br/0601017079 doi:10.15468/dl.ibtv9q,GBIF Occurrence Download,Occdownload Gbif.Org [omid:ra/0602937023],2019,,,,,dataset,The Global Biodiversity Information Facility [omid:ra/0602937024],
omid:br/060101708 doi:10.1594/pangaea.186616,Nutrients Measured On Water Bottle Samples At Station FLUPAC_093,"Rodier, Martine [omid:ra/061507194 orcid:0000-0003-0339-7587]; Blain, Stéphane [omid:ra/060219780]; Eldin, Gérard [omid:ra/060219781]",2004,,,,,dataset,Pangaea - Data Publisher For Earth & Environmental Science [omid:ra/060219782],
omid:br/0601017080 doi:10.15468/dl.ibtxyb,GBIF Occurrence Download,Occdownload Gbif.Org [omid:ra/0602937025],2018,,,,,dataset,The Global Biodiversity Information Facility [omid:ra/0602937026],
omid:br/0601017081 doi:10.15468/dl.ibtyel,Occurrence Download,Occdownload Gbif.Org [omid:ra/0602937027],2019,,,,,dataset,The Global Biodiversity Information Facility [omid:ra/0602937028],
omid:br/0601017082 doi:10.15468/dl.ibtzas,GBIF Occurrence Download,Occdownload Gbif.Org [omid:ra/0602937029],2019,,,,,dataset,The Global Biodiversity Information Facility [omid:ra/0602937030],
omid:br/0601017083 doi:10.15468/dl.ibu17l,GBIF Occurrence Download,Occdownload Gbif.Org [omid:ra/0602937031],2018,,,,,dataset,The Global Biodiversity Information Facility [omid:ra/0602937032],
omid:br/0601017084 doi:10.15468/dl.ibu1mb,GBIF Occurrence Download,Occdownload Gbif.Org [omid:ra/0602937033],2019,,,,,dataset,The Global Biodiversity Information Facility [omid:ra/0602937034],
omid:br/0601017085 doi:10.15468/dl.ibu1oy,GBIF Occurrence Download,Occdownload Gbif.Org [omid:ra/0602937035],2018,,,,,dataset,The Global Biodiversity Information Facility [omid:ra/0602937036],
omid:br/0601017086 doi:10.15468/dl.ibu1vy,GBIF Occurrence Download,Occdownload Gbif.Org [omid:ra/0602937037],2019,,,,,dataset,The Global Biodiversity Information Facility [omid:ra/0602937038],
omid:br/0601017087 doi:10.15468/dl.ibu29g,GBIF Occurrence Download,Occdownload Gbif.Org [omid:ra/0602937039],2019,,,,,dataset,The Global Biodiversity Information Facility [omid:ra/0602937040],
omid:br/0601017088 doi:10.15468/dl.ibu3km,GBIF Occurrence Download,Occdownload Gbif.Org [omid:ra/0602937041],2019,,,,,dataset,The Global Biodiversity Information Facility [omid:ra/0602937042],
omid:br/0601017089 doi:10.15468/dl.ibu4hz,Occurrence Download,Occdownload Gbif.Org [omid:ra/0602937043],2020,,,,,dataset,The Global Biodiversity Information Facility [omid:ra/0602937044],
omid:br/060101709 doi:10.1594/pangaea.186617,Nutrients Measured On Water Bottle Samples At Station FLUPAC_094,"Rodier, Martine [omid:ra/061507194 orcid:0000-0003-0339-7587]; Blain, Stéphane [omid:ra/060219783]; Eldin, Gérard [omid:ra/060219784]",2004,,,,,dataset,Pangaea - Data Publisher For Earth & Environmental Science [omid:ra/060219785],
omid:br/0601017090 doi:10.15468/dl.ibu6yd,GBIF Occurrence Download,Occdownload Gbif.Org [omid:ra/0602937045],2018,,,,,dataset,The Global Biodiversity Information Facility [omid:ra/0602937046],
omid:br/0601017091 doi:10.15468/dl.ibu8kw,GBIF Occurrence Download,Occdownload Gbif.Org [omid:ra/0602937047],2019,,,,,dataset,The Global Biodiversity Information Facility [omid:ra/0602937048],
omid:br/0601017092 doi:10.15468/dl.ibu8yc,GBIF Occurrence Download,Occdownload Gbif.Org [omid:ra/0602937049],2019,,,,,dataset,The Global Biodiversity Information Facility [omid:ra/0602937050],
omid:br/0601017093 doi:10.15468/dl.ibuazk,GBIF Occurrence Download,Occdownload Gbif.Org [omid:ra/0602937051],2017,,,,,dataset,The Global Biodiversity Information Facility [omid:ra/0602937052],
omid:br/0601017094 doi:10.15468/dl.ibuc1z,GBIF Occurrence Download,Occdownload Gbif.Org [omid:ra/0602937053],2018,,,,,dataset,The Global Biodiversity Information Facility [omid:ra/0602937054],
omid:br/0601017095 doi:10.15468/dl.ibud3z,GBIF Occurrence Download,Occdownload Gbif.Org [omid:ra/0602937055],2018,,,,,dataset,The Global Biodiversity Information Facility [omid:ra/0602937056],
omid:br/0601017096 doi:10.15468/dl.ibudel,GBIF Occurrence Download,Occdownload Gbif.Org [omid:ra/0602937057],2019,,,,,dataset,The Global Biodiversity Information Facility [omid:ra/0602937058],
omid:br/0601017097 doi:10.15468/dl.ibudqm,Occurrence Download,Occdownload Gbif.Org [omid:ra/0602937059],2019,,,,,dataset,The Global Biodiversity Information Facility [omid:ra/0602937060],
omid:br/0601017098 doi:10.15468/dl.ibudzd,Occurrence Download,Occdownload Gbif.Org [omid:ra/0602937061],2019,,,,,dataset,The Global Biodiversity Information Facility [omid:ra/0602937062],
omid:br/0601017099 doi:10.15468/dl.ibuemt,GBIF Occurrence Download,Occdownload Gbif.Org [omid:ra/0602937063],2017,,,,,dataset,The Global Biodiversity Information Facility [omid:ra/0602937064],
omid:br/06010171 doi:10.15468/dl.xy0ru5,GBIF Occurrence Download,Occdownload Gbif.Org [omid:ra/06029530],2017,,,,,dataset,The Global Biodiversity Information Facility [omid:ra/06029531],
omid:br/060101710 doi:10.1594/pangaea.186618,Nutrients Measured On Water Bottle Samples At Station FLUPAC_095,"Rodier, Martine [omid:ra/061507194 orcid:0000-0003-0339-7587]; Blain, Stéphane [omid:ra/060219786]; Eldin, Gérard [omid:ra/060219787]",2004,,,,,dataset,Pangaea - Data Publisher For Earth & Environmental Science [omid:ra/060219788],
omid:br/0601017100 doi:10.15468/dl.ibufb4,Occurrence Download,Occdownload Gbif.Org [omid:ra/0602937065],2019,,,,,dataset,The Global Biodiversity Information Facility [omid:ra/0602937066],
omid:br/0601017101 doi:10.15468/dl.ibuflv,Occurrence Download,Occdownload Gbif.Org [omid:ra/0602937067],2019,,,,,dataset,The Global Biodiversity Information Facility [omid:ra/0602937068],
omid:br/0601017102 doi:10.15468/dl.ibuicz,GBIF Occurrence Download,Occdownload Gbif.Org [omid:ra/0602937069],2018,,,,,dataset,The Global Biodiversity Information Facility [omid:ra/0602937070],
omid:br/0601017103 doi:10.15468/dl.ibuk0n,GBIF Occurrence Download,Occdownload Gbif.Org [omid:ra/0602937071],2016,,,,,dataset,The Global Biodiversity Information Facility [omid:ra/0602937072],
omid:br/0601017104 doi:10.15468/dl.ibukc5,GBIF Occurrence Download,Occdownload Gbif.Org [omid:ra/0602937073],2018,,,,,dataset,The Global Biodiversity Information Facility [omid:ra/0602937074],
omid:br/0601017105 doi:10.15468/dl.ibulbu,GBIF Occurrence Download,Occdownload Gbif.Org [omid:ra/0602937075],2018,,,,,dataset,The Global Biodiversity Information Facility [omid:ra/0602937076],
omid:br/0601017106 doi:10.15468/dl.ibulsa,Occurrence Download,Occdownload Gbif.Org [omid:ra/0602937077],2019,,,,,dataset,The Global Biodiversity Information Facility [omid:ra/0602937078],
omid:br/0601017107 doi:10.15468/dl.ibuod2,GBIF Occurrence Download,Occdownload Gbif.Org [omid:ra/0602937079],2018,,,,,dataset,The Global Biodiversity Information Facility [omid:ra/0602937080],
omid:br/0601017108 doi:10.15468/dl.ibuphw,GBIF Occurrence Download,Occdownload Gbif.Org [omid:ra/0602937081],2017,,,,,dataset,The Global Biodiversity Information Facility [omid:ra/0602937082],
omid:br/0601017109 doi:10.15468/dl.ibupqh,GBIF Occurrence Download,Occdownload Gbif.Org [omid:ra/0602937083],2019,,,,,dataset,The Global Biodiversity Information Facility [omid:ra/0602937084],
omid:br/060101711 doi:10.1594/pangaea.186619,Nutrients Measured On Water Bottle Samples At Station FLUPAC_096,"Rodier, Martine [omid:ra/061507194 orcid:0000-0003-0339-7587]; Blain, Stéphane [omid:ra/060219789]; Eldin, Gérard [omid:ra/060219790]",2004,,,,,dataset,Pangaea - Data Publisher For Earth & Environmental Science [omid:ra/060219791],
omid:br/0601017110 doi:10.15468/dl.ibur0q,GBIF Occurrence Download,Occdownload Gbif.Org [omid:ra/0602937085],2019,,,,,dataset,The Global Biodiversity Information Facility [omid:ra/0602937086],
omid:br/0601017111 doi:10.15468/dl.iburdm,GBIF Occurrence Download,Occdownload Gbif.Org [omid:ra/0602937087],2019,,,,,dataset,The Global Biodiversity Information Facility [omid:ra/0602937088],
omid:br/0601017112 doi:10.15468/dl.iburmt,GBIF Occurrence Download,Occdownload Gbif.Org [omid:ra/0602937089],2016,,,,,dataset,The Global Biodiversity Information Facility [omid:ra/0602937090],
omid:br/0601017113 doi:10.15468/dl.iburoh,GBIF Occurrence Download,Occdownload Gbif.Org [omid:ra/0602937091],2017,,,,,dataset,The Global Biodiversity Information Facility [omid:ra/0602937092],
omid:br/0601017114 doi:10.15468/dl.iburs1,GBIF Occurrence Download,Occdownload Gbif.Org [omid:ra/0602937093],2019,,,,,dataset,The Global Biodiversity Information Facility [omid:ra/0602937094],
omid:br/0601017115 doi:10.15468/dl.ibuv2f,GBIF Occurrence Download,Occdownload Gbif.Org [omid:ra/0602937095],2015,,,,,dataset,The Global Biodiversity Information Facility [omid:ra/0602937096],
omid:br/0601017116 doi:10.15468/dl.ibuvli,GBIF Occurrence Download,Occdownload Gbif.Org [omid:ra/0602937097],2017,,,,,dataset,The Global Biodiversity Information Facility [omid:ra/0602937098],
omid:br/0601017117 doi:10.15468/dl.ibuwos,GBIF Occurrence Download,Occdownload Gbif.Org [omid:ra/0602937099],2018,,,,,dataset,The Global Biodiversity Information Facility [omid:ra/0602937100],
omid:br/0601017118 doi:10.15468/dl.ibux2c,GBIF Occurrence Download,Occdownload Gbif.Org [omid:ra/0602937101],2015,,,,,dataset,The Global Biodiversity Information Facility [omid:ra/0602937102],
omid:br/0601017119 doi:10.15468/dl.ibuxib,GBIF Occurrence Download,Occdownload Gbif.Org [omid:ra/0602937103],2017,,,,,dataset,The Global Biodiversity Information Facility [omid:ra/0602937104],
omid:br/060101712 doi:10.1594/pangaea.186620,Nutrients Measured On Water Bottle Samples At Station FLUPAC_097,"Rodier, Martine [omid:ra/061507194 orcid:0000-0003-0339-7587]; Blain, Stéphane [omid:ra/060219792]; Eldin, Gérard [omid:ra/060219793]",2004,,,,,dataset,Pangaea - Data Publisher For Earth & Environmental Science [omid:ra/060219794],
omid:br/0601017120 doi:10.15468/dl.ibuyq4,GBIF Occurrence Download,Occdownload Gbif.Org [omid:ra/0602937105],2017,,,,,dataset,The Global Biodiversity Information Facility [omid:ra/0602937106],
omid:br/0601017121 doi:10.15468/dl.ibuzqe,GBIF Occurrence Download,Occdownload Gbif.Org [omid:ra/0602937107],2018,,,,,dataset,The Global Biodiversity Information Facility [omid:ra/0602937108],
omid:br/0601017122 doi:10.15468/dl.ibv0aq,GBIF Occurrence Download,Occdownload Gbif.Org [omid:ra/0602937109],2015,,,,,dataset,The Global Biodiversity Information Facility [omid:ra/0602937110],
omid:br/0601017123 doi:10.15468/dl.ibv0qf,Occurrence Download,Occdownload Gbif.Org [omid:ra/0602937111],2019,,,,,dataset,The Global Biodiversity Information Facility [omid:ra/0602937112],
omid:br/0601017124 doi:10.15468/dl.ibv2br,GBIF Occurrence Download,Occdownload Gbif.Org [omid:ra/0602937113],2019,,,,,dataset,The Global Biodiversity Information Facility [omid:ra/0602937114],
omid:br/0601017125 doi:10.15468/dl.ibv6nq,GBIF Occurrence Download,Occdownload Gbif.Org [omid:ra/0602937115],2015,,,,,dataset,The Global Biodiversity Information Facility [omid:ra/0602937116],
omid:br/0601017126 doi:10.15468/dl.ibv6ou,GBIF Occurrence Download,Occdownload Gbif.Org [omid:ra/0602937117],2017,,,,,dataset,The Global Biodiversity Information Facility [omid:ra/0602937118],
omid:br/0601017127 doi:10.15468/dl.ibv7xg,GBIF Occurrence Download,Occdownload Gbif.Org [omid:ra/0602937119],2016,,,,,dataset,The Global Biodiversity Information Facility [omid:ra/0602937120],
omid:br/0601017128 doi:10.15468/dl.ibv9f7,GBIF Occurrence Download,Occdownload Gbif.Org [omid:ra/0602937121],2018,,,,,dataset,The Global Biodiversity Information Facility [omid:ra/0602937122],
omid:br/0601017129 doi:10.15468/dl.ibvace,Occurrence Download,Occdownload Gbif.Org [omid:ra/0602937123],2020,,,,,dataset,The Global Biodiversity Information Facility [omid:ra/0602937124],
omid:br/060101713 doi:10.1594/pangaea.186621,Nutrients Measured On Water Bottle Samples At Station FLUPAC_098,"Rodier, Martine [omid:ra/061507194 orcid:0000-0003-0339-7587]; Blain, Stéphane [omid:ra/060219795]; Eldin, Gérard [omid:ra/060219796]",2004,,,,,dataset,Pangaea - Data Publisher For Earth & Environmental Science [omid:ra/060219797],
omid:br/0601017130 doi:10.15468/dl.ibvbg8,GBIF Occurrence Download,Occdownload Gbif.Org [omid:ra/0602937125],2018,,,,,dataset,The Global Biodiversity Information Facility [omid:ra/0602937126],
omid:br/0601017131 doi:10.15468/dl.ibvhyj,GBIF Occurrence Download,Occdownload Gbif.Org [omid:ra/0602937127],2019,,,,,dataset,The Global Biodiversity Information Facility [omid:ra/0602937128],
omid:br/0601017132 doi:10.15468/dl.ibvip0,GBIF Occurrence Download,Occdownload Gbif.Org [omid:ra/0602937129],2016,,,,,dataset,The Global Biodiversity Information Facility [omid:ra/0602937130],
omid:br/0601017133 doi:10.15468/dl.ibvk4c,GBIF Occurrence Download,Occdownload Gbif.Org [omid:ra/0602937131],2019,,,,,dataset,The Global Biodiversity Information Facility [omid:ra/0602937132],
omid:br/0601017134 doi:10.15468/dl.ibvlr4,GBIF Occurrence Download,Occdownload Gbif.Org [omid:ra/0602937133],2016,,,,,dataset,The Global Biodiversity Information Facility [omid:ra/0602937134],
omid:br/0601017135 doi:10.15468/dl.ibvmwe,GBIF Occurrence Download,Occdownload Gbif.Org [omid:ra/0602937135],2018,,,,,dataset,The Global Biodiversity Information Facility [omid:ra/0602937136],
omid:br/0601017136 doi:10.15468/dl.ibvogq,Occurrence Download,Occdownload Gbif.Org [omid:ra/0602937137],2019,,,,,dataset,The Global Biodiversity Information Facility [omid:ra/0602937138],
omid:br/0601017137 doi:10.15468/dl.ibvqd2,GBIF Occurrence Download,Occdownload Gbif.Org [omid:ra/0602937139],2015,,,,,dataset,The Global Biodiversity Information Facility [omid:ra/0602937140],
omid:br/0601017138 doi:10.15468/dl.ibvrfg,GBIF Occurrence Download,Occdownload Gbif.Org [omid:ra/0602937141],2017,,,,,dataset,The Global Biodiversity Information Facility [omid:ra/0602937142],
omid:br/0601017139 doi:10.15468/dl.ibvunv,GBIF Occurrence Download,Occdownload Gbif.Org [omid:ra/0602937143],2017,,,,,dataset,The Global Biodiversity Information Facility [omid:ra/0602937144],
omid:br/060101714 doi:10.1594/pangaea.186622,Nutrients Measured On Water Bottle Samples At Station FLUPAC_099,"Rodier, Martine [omid:ra/061507194 orcid:0000-0003-0339-7587]; Blain, Stéphane [omid:ra/060219798]; Eldin, Gérard [omid:ra/060219799]",2004,,,,,dataset,Pangaea - Data Publisher For Earth & Environmental Science [omid:ra/060219800],
omid:br/0601017140 doi:10.15468/dl.ibvuy2,GBIF Occurrence Download,Occdownload Gbif.Org [omid:ra/0602937145],2018,,,,,dataset,The Global Biodiversity Information Facility [omid:ra/0602937146],
omid:br/0601017141 doi:10.15468/dl.ibvvdx,GBIF Occurrence Download,Occdownload Gbif.Org [omid:ra/0602937147],2019,,,,,dataset,The Global Biodiversity Information Facility [omid:ra/0602937148],
omid:br/0601017142 doi:10.15468/dl.ibvvxy,Occurrence Download,Occdownload Gbif.Org [omid:ra/0602937149],2020,,,,,dataset,The Global Biodiversity Information Facility [omid:ra/0602937150],
omid:br/0601017143 doi:10.15468/dl.ibvwbz,GBIF Occurrence Download,Occdownload Gbif.Org [omid:ra/0602937151],2016,,,,,dataset,The Global Biodiversity Information Facility [omid:ra/0602937152],
omid:br/0601017144 doi:10.15468/dl.ibvyx9,Occurrence Download,Occdownload Gbif.Org [omid:ra/0602937153],2019,,,,,dataset,The Global Biodiversity Information Facility [omid:ra/0602937154],
omid:br/0601017145 doi:10.15468/dl.ibw20v,GBIF Occurrence Download,Occdownload Gbif.Org [omid:ra/0602937155],2018,,,,,dataset,The Global Biodiversity Information Facility [omid:ra/0602937156],
omid:br/0601017146 doi:10.15468/dl.ibw458,GBIF Occurrence Download,Occdownload Gbif.Org [omid:ra/0602937157],2017,,,,,dataset,The Global Biodiversity Information Facility [omid:ra/0602937158],
omid:br/0601017147 doi:10.15468/dl.ibw8zy,GBIF Occurrence Download,Occdownload Gbif.Org [omid:ra/0602937159],2015,,,,,dataset,The Global Biodiversity Information Facility [omid:ra/0602937160],
omid:br/0601017148 doi:10.15468/dl.ibwblr,GBIF Occurrence Download,Occdownload Gbif.Org [omid:ra/0602937161],2018,,,,,dataset,The Global Biodiversity Information Facility [omid:ra/0602937162],
omid:br/0601017149 doi:10.15468/dl.ibwgyj,GBIF Occurrence Download,Occdownload Gbif.Org [omid:ra/0602937163],2015,,,,,dataset,The Global Biodiversity Information Facility [omid:ra/0602937164],
omid:br/060101715 doi:10.1594/pangaea.186623,Nutrients Measured On Water Bottle Samples At Station FLUPAC_100,"Rodier, Martine [omid:ra/061507194 orcid:0000-0003-0339-7587]; Blain, Stéphane [omid:ra/060219801]; Eldin, Gérard [omid:ra/060219802]",2004,,,,,dataset,Pangaea - Data Publisher For Earth & Environmental Science [omid:ra/060219803],
omid:br/0601017150 doi:10.15468/dl.ibwh6r,GBIF Occurrence Download,Occdownload Gbif.Org [omid:ra/0602937165],2018,,,,,dataset,The Global Biodiversity Information Facility [omid:ra/0602937166],
omid:br/0601017151 doi:10.15468/dl.ibwhi3,Occurrence Download,Occdownload Gbif.Org [omid:ra/0602937167],2020,,,,,dataset,The Global Biodiversity Information Facility [omid:ra/0602937168],
omid:br/0601017152 doi:10.15468/dl.ibwj4s,GBIF Occurrence Download,Occdownload Gbif.Org [omid:ra/0602937169],2019,,,,,dataset,The Global Biodiversity Information Facility [omid:ra/0602937170],
omid:br/0601017153 doi:10.15468/dl.ibwm45,GBIF Occurrence Download,Occdownload Gbif.Org [omid:ra/0602937171],2016,,,,,dataset,The Global Biodiversity Information Facility [omid:ra/0602937172],
omid:br/0601017154 doi:10.15468/dl.ibwoxl,Occurrence Download,Occdownload Gbif.Org [omid:ra/0602937173],2019,,,,,dataset,The Global Biodiversity Information Facility [omid:ra/0602937174],
omid:br/0601017155 doi:10.15468/dl.ibwqbf,GBIF Occurrence Download,Occdownload Gbif.Org [omid:ra/0602937175],2017,,,,,dataset,The Global Biodiversity Information Facility [omid:ra/0602937176],
omid:br/0601017156 doi:10.15468/dl.ibwqh6,GBIF Occurrence Download,Occdownload Gbif.Org [omid:ra/0602937177],2018,,,,,dataset,The Global Biodiversity Information Facility [omid:ra/0602937178],
omid:br/0601017157 doi:10.15468/dl.ibwqlr,Occurrence Download,Occdownload Gbif.Org [omid:ra/0602937179],2020,,,,,dataset,The Global Biodiversity Information Facility [omid:ra/0602937180],
omid:br/0601017158 doi:10.15468/dl.ibwrhj,Occurrence Download,Occdownload Gbif.Org [omid:ra/0602937181],2019,,,,,dataset,The Global Biodiversity Information Facility [omid:ra/0602937182],
omid:br/0601017159 doi:10.15468/dl.ibwzbd,GBIF Occurrence Download,Occdownload Gbif.Org [omid:ra/0602937183],2016,,,,,dataset,The Global Biodiversity Information Facility [omid:ra/0602937184],
omid:br/060101716 doi:10.1594/pangaea.186624,Nutrients Measured On Water Bottle Samples At Station FLUPAC_101,"Rodier, Martine [omid:ra/061507194 orcid:0000-0003-0339-7587]; Blain, Stéphane [omid:ra/060219804]; Eldin, Gérard [omid:ra/060219805]",2004,,,,,dataset,Pangaea - Data Publisher For Earth & Environmental Science [omid:ra/060219806],
omid:br/0601017160 doi:10.15468/dl.ibx0kl,GBIF Occurrence Download,Occdownload Gbif.Org [omid:ra/0602937185],2015,,,,,dataset,The Global Biodiversity Information Facility [omid:ra/0602937186],
omid:br/0601017161 doi:10.15468/dl.ibx1lz,GBIF Occurrence Download,Occdownload Gbif.Org [omid:ra/0602937187],2019,,,,,dataset,The Global Biodiversity Information Facility [omid:ra/0602937188],
omid:br/0601017162 doi:10.15468/dl.ibx2k3,GBIF Occurrence Download,Occdownload Gbif.Org [omid:ra/0602937189],2018,,,,,dataset,The Global Biodiversity Information Facility [omid:ra/0602937190],
omid:br/0601017163 doi:10.15468/dl.ibx46h,GBIF Occurrence Download,Occdownload Gbif.Org [omid:ra/0602937191],2019,,,,,dataset,The Global Biodiversity Information Facility [omid:ra/0602937192],
omid:br/0601017164 doi:10.15468/dl.ibx5u3,GBIF Occurrence Download,Occdownload Gbif.Org [omid:ra/0602937193],2015,,,,,dataset,The Global Biodiversity Information Facility [omid:ra/0602937194],
omid:br/0601017165 doi:10.15468/dl.ibx70c,Occurrence Download,Occdownload Gbif.Org [omid:ra/0602937195],2019,,,,,dataset,The Global Biodiversity Information Facility [omid:ra/0602937196],
omid:br/0601017166 doi:10.15468/dl.ibxecb,GBIF Occurrence Download,Occdownload Gbif.Org [omid:ra/0602937197],2016,,,,,dataset,The Global Biodiversity Information Facility [omid:ra/0602937198],
omid:br/0601017167 doi:10.15468/dl.ibxfar,GBIF Occurrence Download,Occdownload Gbif.Org [omid:ra/0602937199],2018,,,,,dataset,The Global Biodiversity Information Facility [omid:ra/0602937200],
omid:br/0601017168 doi:10.15468/dl.ibxfo3,GBIF Occurrence Download,Occdownload Gbif.Org [omid:ra/0602937201],2016,,,,,dataset,The Global Biodiversity Information Facility [omid:ra/0602937202],
omid:br/0601017169 doi:10.15468/dl.ibxill,GBIF Occurrence Download,Occdownload Gbif.Org [omid:ra/0602937203],2017,,,,,dataset,The Global Biodiversity Information Facility [omid:ra/0602937204],
omid:br/060101717 doi:10.1594/pangaea.186625,Nutrients Measured On Water Bottle Samples At Station FLUPAC_102,"Rodier, Martine [omid:ra/061507194 orcid:0000-0003-0339-7587]; Blain, Stéphane [omid:ra/060219807]; Eldin, Gérard [omid:ra/060219808]",2004,,,,,dataset,Pangaea - Data Publisher For Earth & Environmental Science [omid:ra/060219809],
omid:br/0601017170 doi:10.15468/dl.ibxpx8,GBIF Occurrence Download,Occdownload Gbif.Org [omid:ra/0602937205],2018,,,,,dataset,The Global Biodiversity Information Facility [omid:ra/0602937206],
omid:br/0601017171 doi:10.15468/dl.ibxr6v,GBIF Occurrence Download,Occdownload Gbif.Org [omid:ra/0602937207],2019,,,,,dataset,The Global Biodiversity Information Facility [omid:ra/0602937208],
omid:br/0601017172 doi:10.15468/dl.ibxrjp,GBIF Occurrence Download,Occdownload Gbif.Org [omid:ra/0602937209],2018,,,,,dataset,The Global Biodiversity Information Facility [omid:ra/0602937210],
omid:br/0601017173 doi:10.15468/dl.ibxs9c,GBIF Occurrence Download,Occdownload Gbif.Org [omid:ra/0602937211],2019,,,,,dataset,The Global Biodiversity Information Facility [omid:ra/0602937212],
omid:br/0601017174 doi:10.15468/dl.ibxsdi,GBIF Occurrence Download,Occdownload Gbif.Org [omid:ra/0602937213],2019,,,,,dataset,The Global Biodiversity Information Facility [omid:ra/0602937214],
omid:br/0601017175 doi:10.15468/dl.ibxtmi,GBIF Occurrence Download,Occdownload Gbif.Org [omid:ra/0602937215],2017,,,,,dataset,The Global Biodiversity Information Facility [omid:ra/0602937216],
omid:br/0601017176 doi:10.15468/dl.ibxvv0,GBIF Occurrence Download,Occdownload Gbif.Org [omid:ra/0602937217],2015,,,,,dataset,The Global Biodiversity Information Facility [omid:ra/0602937218],
omid:br/0601017177 doi:10.15468/dl.ibxvxp,GBIF Occurrence Download,Occdownload Gbif.Org [omid:ra/0602937219],2018,,,,,dataset,The Global Biodiversity Information Facility [omid:ra/0602937220],
omid:br/0601017178 doi:10.15468/dl.ibxx9c,GBIF Occurrence Download,Occdownload Gbif.Org [omid:ra/0602937221],2017,,,,,dataset,The Global Biodiversity Information Facility [omid:ra/0602937222],
omid:br/0601017179 doi:10.15468/dl.ibxyfn,GBIF Occurrence Download,Occdownload Gbif.Org [omid:ra/0602937223],2019,,,,,dataset,The Global Biodiversity Information Facility [omid:ra/0602937224],
omid:br/060101718 doi:10.1594/pangaea.186626,Nutrients Measured On Water Bottle Samples At Station FLUPAC_103,"Rodier, Martine [omid:ra/061507194 orcid:0000-0003-0339-7587]; Blain, Stéphane [omid:ra/060219810]; Eldin, Gérard [omid:ra/060219811]",2004,,,,,dataset,Pangaea - Data Publisher For Earth & Environmental Science [omid:ra/060219812],
omid:br/0601017180 doi:10.15468/dl.ibxzfk,GBIF Occurrence Download,Occdownload Gbif.Org [omid:ra/0602937225],2019,,,,,dataset,The Global Biodiversity Information Facility [omid:ra/0602937226],
omid:br/0601017181 doi:10.15468/dl.iby0tz,GBIF Occurrence Download,Occdownload Gbif.Org [omid:ra/0602937227],2019,,,,,dataset,The Global Biodiversity Information Facility [omid:ra/0602937228],
omid:br/0601017182 doi:10.15468/dl.iby3ed,GBIF Occurrence Download,Occdownload Gbif.Org [omid:ra/0602937229],2016,,,,,dataset,The Global Biodiversity Information Facility [omid:ra/0602937230],
omid:br/0601017183 doi:10.15468/dl.iby5fs,Occurrence Download,Occdownload Gbif.Org [omid:ra/0602937231],2019,,,,,dataset,The Global Biodiversity Information Facility [omid:ra/0602937232],
omid:br/0601017184 doi:10.15468/dl.iby61j,Occurrence Download,Occdownload Gbif.Org [omid:ra/0602937233],2019,,,,,dataset,The Global Biodiversity Information Facility [omid:ra/0602937234],
omid:br/0601017185 doi:10.15468/dl.iby6hd,GBIF Occurrence Download,Occdownload Gbif.Org [omid:ra/0602937235],2015,,,,,dataset,The Global Biodiversity Information Facility [omid:ra/0602937236],
omid:br/0601017186 doi:10.15468/dl.iby8ls,GBIF Occurrence Download,Occdownload Gbif.Org [omid:ra/0602937237],2019,,,,,dataset,The Global Biodiversity Information Facility [omid:ra/0602937238],
omid:br/0601017187 doi:10.15468/dl.ibyahi,GBIF Occurrence Download,Occdownload Gbif.Org [omid:ra/0602937239],2015,,,,,dataset,The Global Biodiversity Information Facility [omid:ra/0602937240],
omid:br/0601017188 doi:10.15468/dl.ibyc3v,GBIF Occurrence Download,Occdownload Gbif.Org [omid:ra/0602937241],2018,,,,,dataset,The Global Biodiversity Information Facility [omid:ra/0602937242],
omid:br/0601017189 doi:10.15468/dl.ibyekw,Occurrence Download,Occdownload Gbif.Org [omid:ra/0602937243],2020,,,,,dataset,The Global Biodiversity Information Facility [omid:ra/0602937244],
omid:br/060101719 doi:10.1594/pangaea.186627,Nutrients Measured On Water Bottle Samples At Station FLUPAC_104,"Rodier, Martine [omid:ra/061507194 orcid:0000-0003-0339-7587]; Blain, Stéphane [omid:ra/060219813]; Eldin, Gérard [omid:ra/060219814]",2004,,,,,dataset,Pangaea - Data Publisher For Earth & Environmental Science [omid:ra/060219815],
omid:br/0601017190 doi:10.15468/dl.ibyg8d,GBIF Occurrence Download,Occdownload Gbif.Org [omid:ra/0602937245],2018,,,,,dataset,The Global Biodiversity Information Facility [omid:ra/0602937246],
omid:br/0601017191 doi:10.15468/dl.ibyiez,GBIF Occurrence Download,Occdownload Gbif.Org [omid:ra/0602937247],2019,,,,,dataset,The Global Biodiversity Information Facility [omid:ra/0602937248],
omid:br/0601017192 doi:10.15468/dl.ibyiky,GBIF Occurrence Download,Occdownload Gbif.Org [omid:ra/0602937249],2017,,,,,dataset,The Global Biodiversity Information Facility [omid:ra/0602937250],
omid:br/0601017193 doi:10.15468/dl.ibyjm9,GBIF Occurrence Download,Occdownload Gbif.Org [omid:ra/0602937251],2015,,,,,dataset,The Global Biodiversity Information Facility [omid:ra/0602937252],
omid:br/0601017194 doi:10.15468/dl.ibynps,GBIF Occurrence Download,Occdownload Gbif.Org [omid:ra/0602937253],2018,,,,,dataset,The Global Biodiversity Information Facility [omid:ra/0602937254],
omid:br/0601017195 doi:10.15468/dl.ibynth,GBIF Occurrence Download,Occdownload Gbif.Org [omid:ra/0602937255],2018,,,,,dataset,The Global Biodiversity Information Facility [omid:ra/0602937256],
omid:br/0601017196 doi:10.15468/dl.ibyntp,GBIF Occurrence Download,Occdownload Gbif.Org [omid:ra/0602937257],2015,,,,,dataset,The Global Biodiversity Information Facility [omid:ra/0602937258],
omid:br/0601017197 doi:10.15468/dl.ibyo4o,GBIF Occurrence Download,Occdownload Gbif.Org [omid:ra/0602937259],2019,,,,,dataset,The Global Biodiversity Information Facility [omid:ra/0602937260],
omid:br/0601017198 doi:10.15468/dl.ibyorj,GBIF Occurrence Download,Occdownload Gbif.Org [omid:ra/0602937261],2016,,,,,dataset,The Global Biodiversity Information Facility [omid:ra/0602937262],
omid:br/0601017199 doi:10.15468/dl.ibyq7z,Occurrence Download,Occdownload Gbif.Org [omid:ra/0602937263],2019,,,,,dataset,The Global Biodiversity Information Facility [omid:ra/0602937264],
omid:br/06010172 doi:10.15468/dl.xy0s1o,GBIF Occurrence Download,Occdownload Gbif.Org [omid:ra/06029532],2018,,,,,dataset,The Global Biodiversity Information Facility [omid:ra/06029533],
omid:br/060101720 doi:10.1594/pangaea.186628,Nutrients Measured On Water Bottle Samples At Station FLUPAC_105,"Rodier, Martine [omid:ra/061507194 orcid:0000-0003-0339-7587]; Blain, Stéphane [omid:ra/060219816]; Eldin, Gérard [omid:ra/060219817]",2004,,,,,dataset,Pangaea - Data Publisher For Earth & Environmental Science [omid:ra/060219818],
omid:br/0601017200 doi:10.15468/dl.ibyrwd,GBIF Occurrence Download,Occdownload Gbif.Org [omid:ra/0602937265],2016,,,,,dataset,The Global Biodiversity Information Facility [omid:ra/0602937266],
omid:br/0601017201 doi:10.15468/dl.ibys0l,GBIF Occurrence Download,Occdownload Gbif.Org [omid:ra/0602937267],2017,,,,,dataset,The Global Biodiversity Information Facility [omid:ra/0602937268],
omid:br/0601017202 doi:10.15468/dl.ibyszf,GBIF Occurrence Download,Occdownload Gbif.Org [omid:ra/0602937269],2017,,,,,dataset,The Global Biodiversity Information Facility [omid:ra/0602937270],
omid:br/0601017203 doi:10.15468/dl.ibyvwb,GBIF Occurrence Download,Occdownload Gbif.Org [omid:ra/0602937271],2016,,,,,dataset,The Global Biodiversity Information Facility [omid:ra/0602937272],
omid:br/0601017204 doi:10.15468/dl.ibyw9s,GBIF Occurrence Download,Occdownload Gbif.Org [omid:ra/0602937273],2018,,,,,dataset,The Global Biodiversity Information Facility [omid:ra/0602937274],
omid:br/0601017205 doi:10.15468/dl.ibyz0f,GBIF Occurrence Download,Occdownload Gbif.Org [omid:ra/0602937275],2019,,,,,dataset,The Global Biodiversity Information Facility [omid:ra/0602937276],
omid:br/0601017206 doi:10.15468/dl.ibz0gc,GBIF Occurrence Download,Occdownload Gbif.Org [omid:ra/0602937277],2018,,,,,dataset,The Global Biodiversity Information Facility [omid:ra/0602937278],
omid:br/0601017207 doi:10.15468/dl.ibz2hs,GBIF Occurrence Download,Occdownload Gbif.Org [omid:ra/0602937279],2019,,,,,dataset,The Global Biodiversity Information Facility [omid:ra/0602937280],
omid:br/0601017208 doi:10.15468/dl.ibz8wf,GBIF Occurrence Download,Occdownload Gbif.Org [omid:ra/0602937281],2016,,,,,dataset,The Global Biodiversity Information Facility [omid:ra/0602937282],
omid:br/0601017209 doi:10.15468/dl.ibzatp,GBIF Occurrence Download,Occdownload Gbif.Org [omid:ra/0602937283],2016,,,,,dataset,The Global Biodiversity Information Facility [omid:ra/0602937284],
omid:br/060101721 doi:10.1594/pangaea.186629,Nutrients Measured On Water Bottle Samples At Station FLUPAC_106,"Rodier, Martine [omid:ra/061507194 orcid:0000-0003-0339-7587]; Blain, Stéphane [omid:ra/060219819]; Eldin, Gérard [omid:ra/060219820]",2004,,,,,dataset,Pangaea - Data Publisher For Earth & Environmental Science [omid:ra/060219821],
omid:br/0601017210 doi:10.15468/dl.ibzcjp,GBIF Occurrence Download,Occdownload Gbif.Org [omid:ra/0602937285],2018,,,,,dataset,The Global Biodiversity Information Facility [omid:ra/0602937286],
omid:br/0601017211 doi:10.15468/dl.ibzcnq,GBIF Occurrence Download,Occdownload Gbif.Org [omid:ra/0602937287],2018,,,,,dataset,The Global Biodiversity Information Facility [omid:ra/0602937288],
omid:br/0601017212 doi:10.15468/dl.ibzcrb,GBIF Occurrence Download,Occdownload Gbif.Org [omid:ra/0602937289],2019,,,,,dataset,The Global Biodiversity Information Facility [omid:ra/0602937290],
omid:br/0601017213 doi:10.15468/dl.ibzddb,GBIF Occurrence Download,Occdownload Gbif.Org [omid:ra/0602937291],2018,,,,,dataset,The Global Biodiversity Information Facility [omid:ra/0602937292],
omid:br/0601017214 doi:10.15468/dl.ibzdgn,GBIF Occurrence Download,Occdownload Gbif.Org [omid:ra/0602937293],2018,,,,,dataset,The Global Biodiversity Information Facility [omid:ra/0602937294],
omid:br/0601017215 doi:10.15468/dl.ibzdro,GBIF Occurrence Download,Occdownload Gbif.Org [omid:ra/0602937295],2019,,,,,dataset,The Global Biodiversity Information Facility [omid:ra/0602937296],
omid:br/0601017216 doi:10.15468/dl.ibzebk,GBIF Occurrence Download,Occdownload Gbif.Org [omid:ra/0602937297],2019,,,,,dataset,The Global Biodiversity Information Facility [omid:ra/0602937298],
omid:br/0601017217 doi:10.15468/dl.ibzhkj,GBIF Occurrence Download,Occdownload Gbif.Org [omid:ra/0602937299],2018,,,,,dataset,The Global Biodiversity Information Facility [omid:ra/0602937300],
omid:br/0601017218 doi:10.15468/dl.ibzint,GBIF Occurrence Download,Occdownload Gbif.Org [omid:ra/0602937301],2016,,,,,dataset,The Global Biodiversity Information Facility [omid:ra/0602937302],
omid:br/0601017219 doi:10.15468/dl.ibzkjo,GBIF Occurrence Download,Occdownload Gbif.Org [omid:ra/0602937303],2019,,,,,dataset,The Global Biodiversity Information Facility [omid:ra/0602937304],
omid:br/060101722 doi:10.1594/pangaea.186630,Nutrients Measured On Water Bottle Samples At Station FLUPAC_107,"Rodier, Martine [omid:ra/061507194 orcid:0000-0003-0339-7587]; Blain, Stéphane [omid:ra/060219822]; Eldin, Gérard [omid:ra/060219823]",2004,,,,,dataset,Pangaea - Data Publisher For Earth & Environmental Science [omid:ra/060219824],
omid:br/0601017220 doi:10.15468/dl.ibzkpu,Occurrence Download,Occdownload Gbif.Org [omid:ra/0602937305],2019,,,,,dataset,The Global Biodiversity Information Facility [omid:ra/0602937306],
omid:br/0601017221 doi:10.15468/dl.ibzmts,GBIF Occurrence Download,Occdownload Gbif.Org [omid:ra/0602937307],2018,,,,,dataset,The Global Biodiversity Information Facility [omid:ra/0602937308],
omid:br/0601017222 doi:10.15468/dl.ibzojx,GBIF Occurrence Download,Occdownload Gbif.Org [omid:ra/0602937309],2016,,,,,dataset,The Global Biodiversity Information Facility [omid:ra/0602937310],
omid:br/0601017223 doi:10.15468/dl.ibzoxt,GBIF Occurrence Download,Occdownload Gbif.Org [omid:ra/0602937311],2015,,,,,dataset,The Global Biodiversity Information Facility [omid:ra/0602937312],
omid:br/0601017224 doi:10.15468/dl.ibzpld,GBIF Occurrence Download,Occdownload Gbif.Org [omid:ra/0602937313],2017,,,,,dataset,The Global Biodiversity Information Facility [omid:ra/0602937314],
omid:br/0601017225 doi:10.15468/dl.ibzszl,GBIF Occurrence Download,Occdownload Gbif.Org [omid:ra/0602937315],2016,,,,,dataset,The Global Biodiversity Information Facility [omid:ra/0602937316],
omid:br/0601017226 doi:10.15468/dl.ibzv8x,GBIF Occurrence Download,Occdownload Gbif.Org [omid:ra/0602937317],2018,,,,,dataset,The Global Biodiversity Information Facility [omid:ra/0602937318],
omid:br/0601017227 doi:10.15468/dl.ibzvly,GBIF Occurrence Download,Occdownload Gbif.Org [omid:ra/0602937319],2015,,,,,dataset,The Global Biodiversity Information Facility [omid:ra/0602937320],
omid:br/0601017228 doi:10.15468/dl.ibzvzs,GBIF Occurrence Download,Occdownload Gbif.Org [omid:ra/0602937321],2016,,,,,dataset,The Global Biodiversity Information Facility [omid:ra/0602937322],
omid:br/0601017229 doi:10.15468/dl.ibzwbg,GBIF Occurrence Download,Occdownload Gbif.Org [omid:ra/0602937323],2015,,,,,dataset,The Global Biodiversity Information Facility [omid:ra/0602937324],
omid:br/060101723 doi:10.1594/pangaea.186631,Nutrients Measured On Water Bottle Samples At Station FLUPAC_108,"Rodier, Martine [omid:ra/061507194 orcid:0000-0003-0339-7587]; Blain, Stéphane [omid:ra/060219825]; Eldin, Gérard [omid:ra/060219826]",2004,,,,,dataset,Pangaea - Data Publisher For Earth & Environmental Science [omid:ra/060219827],
omid:br/0601017230 doi:10.15468/dl.ic027d,GBIF Occurrence Download,Occdownload Gbif.Org [omid:ra/0602937325],2017,,,,,dataset,The Global Biodiversity Information Facility [omid:ra/0602937326],
omid:br/0601017231 doi:10.15468/dl.ic09js,Occurrence Download,Occdownload Gbif.Org [omid:ra/0602937327],2020,,,,,dataset,The Global Biodiversity Information Facility [omid:ra/0602937328],
omid:br/0601017232 doi:10.15468/dl.ic0a23,GBIF Occurrence Download,Occdownload Gbif.Org [omid:ra/0602937329],2017,,,,,dataset,The Global Biodiversity Information Facility [omid:ra/0602937330],
omid:br/0601017233 doi:10.15468/dl.ic0eqp,GBIF Occurrence Download,Occdownload Gbif.Org [omid:ra/0602937331],2017,,,,,dataset,The Global Biodiversity Information Facility [omid:ra/0602937332],
omid:br/0601017234 doi:10.15468/dl.ic0fjf,Occurrence Download,Occdownload Gbif.Org [omid:ra/0602937333],2019,,,,,dataset,The Global Biodiversity Information Facility [omid:ra/0602937334],
omid:br/0601017235 doi:10.15468/dl.ic0hg9,Occurrence Download,Occdownload Gbif.Org [omid:ra/0602937335],2019,,,,,dataset,The Global Biodiversity Information Facility [omid:ra/0602937336],
omid:br/0601017236 doi:10.15468/dl.ic0iua,GBIF Occurrence Download,Occdownload Gbif.Org [omid:ra/0602937337],2015,,,,,dataset,The Global Biodiversity Information Facility [omid:ra/0602937338],
omid:br/0601017237 doi:10.15468/dl.ic0jnf,Occurrence Download,Occdownload Gbif.Org [omid:ra/0602937339],2019,,,,,dataset,The Global Biodiversity Information Facility [omid:ra/0602937340],
omid:br/0601017238 doi:10.15468/dl.ic0pkr,GBIF Occurrence Download,Occdownload Gbif.Org [omid:ra/0602937341],2018,,,,,dataset,The Global Biodiversity Information Facility [omid:ra/0602937342],
omid:br/0601017239 doi:10.15468/dl.ic0qf0,GBIF Occurrence Download,Occdownload Gbif.Org [omid:ra/0602937343],2018,,,,,dataset,The Global Biodiversity Information Facility [omid:ra/0602937344],
omid:br/060101724 doi:10.1594/pangaea.186632,Nutrients Measured On Water Bottle Samples At Station FLUPAC_109,"Rodier, Martine [omid:ra/061507194 orcid:0000-0003-0339-7587]; Blain, Stéphane [omid:ra/060219828]; Eldin, Gérard [omid:ra/060219829]",2004,,,,,dataset,Pangaea - Data Publisher For Earth & Environmental Science [omid:ra/060219830],
omid:br/0601017240 doi:10.15468/dl.ic0rs2,GBIF Occurrence Download,Occdownload Gbif.Org [omid:ra/0602937345],2017,,,,,dataset,The Global Biodiversity Information Facility [omid:ra/0602937346],
omid:br/0601017241 doi:10.15468/dl.ic0tkl,GBIF Occurrence Download,Occdownload Gbif.Org [omid:ra/0602937347],2015,,,,,dataset,The Global Biodiversity Information Facility [omid:ra/0602937348],
omid:br/0601017242 doi:10.15468/dl.ic0tlk,GBIF Occurrence Download,Occdownload Gbif.Org [omid:ra/0602937349],2016,,,,,dataset,The Global Biodiversity Information Facility [omid:ra/0602937350],
omid:br/0601017243 doi:10.15468/dl.ic0wsd,GBIF Occurrence Download,Occdownload Gbif.Org [omid:ra/0602937351],2015,,,,,dataset,The Global Biodiversity Information Facility [omid:ra/0602937352],
omid:br/0601017244 doi:10.15468/dl.ic0xab,GBIF Occurrence Download,Occdownload Gbif.Org [omid:ra/0602937353],2016,,,,,dataset,The Global Biodiversity Information Facility [omid:ra/0602937354],
omid:br/0601017245 doi:10.15468/dl.ic18d0,GBIF Occurrence Download,Occdownload Gbif.Org [omid:ra/0602937355],2016,,,,,dataset,The Global Biodiversity Information Facility [omid:ra/0602937356],
omid:br/0601017246 doi:10.15468/dl.ic1aqk,GBIF Occurrence Download,Occdownload Gbif.Org [omid:ra/0602937357],2015,,,,,dataset,The Global Biodiversity Information Facility [omid:ra/0602937358],
omid:br/0601017247 doi:10.15468/dl.ic1fdo,Occurrence Download,Occdownload Gbif.Org [omid:ra/0602937359],2020,,,,,dataset,The Global Biodiversity Information Facility [omid:ra/0602937360],
omid:br/0601017248 doi:10.15468/dl.ic1rb6,GBIF Occurrence Download,Occdownload Gbif.Org [omid:ra/0602937361],2017,,,,,dataset,The Global Biodiversity Information Facility [omid:ra/0602937362],
omid:br/0601017249 doi:10.15468/dl.ic1wew,GBIF Occurrence Download,Occdownload Gbif.Org [omid:ra/0602937363],2017,,,,,dataset,The Global Biodiversity Information Facility [omid:ra/0602937364],
omid:br/060101725 doi:10.1594/pangaea.186633,Nutrients Measured On Water Bottle Samples At Station FLUPAC_110,"Rodier, Martine [omid:ra/061507194 orcid:0000-0003-0339-7587]; Blain, Stéphane [omid:ra/060219831]; Eldin, Gérard [omid:ra/060219832]",2004,,,,,dataset,Pangaea - Data Publisher For Earth & Environmental Science [omid:ra/060219833],
omid:br/0601017250 doi:10.15468/dl.ic22xq,GBIF Occurrence Download,Occdownload Gbif.Org [omid:ra/0602937365],2015,,,,,dataset,The Global Biodiversity Information Facility [omid:ra/0602937366],
omid:br/0601017251 doi:10.15468/dl.ic2bco,GBIF Occurrence Download,Occdownload Gbif.Org [omid:ra/0602937367],2017,,,,,dataset,The Global Biodiversity Information Facility [omid:ra/0602937368],
omid:br/0601017252 doi:10.15468/dl.ic2cbi,Occurrence Download,Occdownload Gbif.Org [omid:ra/0602937369],2019,,,,,dataset,The Global Biodiversity Information Facility [omid:ra/0602937370],
omid:br/0601017253 doi:10.15468/dl.ic2iew,Occurrence Download,Occdownload Gbif.Org [omid:ra/0602937371],2020,,,,,dataset,The Global Biodiversity Information Facility [omid:ra/0602937372],
omid:br/0601017254 doi:10.15468/dl.ic2jy2,GBIF Occurrence Download,Occdownload Gbif.Org [omid:ra/0602937373],2018,,,,,dataset,The Global Biodiversity Information Facility [omid:ra/0602937374],
omid:br/0601017255 doi:10.15468/dl.ic2kpz,GBIF Occurrence Download,Occdownload Gbif.Org [omid:ra/0602937375],2019,,,,,dataset,The Global Biodiversity Information Facility [omid:ra/0602937376],
omid:br/0601017256 doi:10.15468/dl.ic2ktd,GBIF Occurrence Download,Occdownload Gbif.Org [omid:ra/0602937377],2016,,,,,dataset,The Global Biodiversity Information Facility [omid:ra/0602937378],
omid:br/0601017257 doi:10.15468/dl.ic2o8h,GBIF Occurrence Download,Occdownload Gbif.Org [omid:ra/0602937379],2019,,,,,dataset,The Global Biodiversity Information Facility [omid:ra/0602937380],
omid:br/0601017258 doi:10.15468/dl.ic2ovv,GBIF Occurrence Download,Occdownload Gbif.Org [omid:ra/0602937381],2018,,,,,dataset,The Global Biodiversity Information Facility [omid:ra/0602937382],
omid:br/0601017259 doi:10.15468/dl.ic2tuw,GBIF Occurrence Download,Occdownload Gbif.Org [omid:ra/0602937383],2019,,,,,dataset,The Global Biodiversity Information Facility [omid:ra/0602937384],
omid:br/060101726 doi:10.1594/pangaea.186634,Nutrients Measured On Water Bottle Samples At Station FLUPAC_111,"Rodier, Martine [omid:ra/061507194 orcid:0000-0003-0339-7587]; Blain, Stéphane [omid:ra/060219834]; Eldin, Gérard [omid:ra/060219835]",2004,,,,,dataset,Pangaea - Data Publisher For Earth & Environmental Science [omid:ra/060219836],
omid:br/0601017260 doi:10.15468/dl.ic2urt,GBIF Occurrence Download,Occdownload Gbif.Org [omid:ra/0602937385],2018,,,,,dataset,The Global Biodiversity Information Facility [omid:ra/0602937386],
omid:br/0601017261 doi:10.15468/dl.ic2vn0,GBIF Occurrence Download,Occdownload Gbif.Org [omid:ra/0602937387],2018,,,,,dataset,The Global Biodiversity Information Facility [omid:ra/0602937388],
omid:br/0601017262 doi:10.15468/dl.ic2zkm,GBIF Occurrence Download,Occdownload Gbif.Org [omid:ra/0602937389],2018,,,,,dataset,The Global Biodiversity Information Facility [omid:ra/0602937390],
omid:br/0601017263 doi:10.15468/dl.ic31s0,GBIF Occurrence Download,Occdownload Gbif.Org [omid:ra/0602937391],2017,,,,,dataset,The Global Biodiversity Information Facility [omid:ra/0602937392],
omid:br/0601017264 doi:10.15468/dl.ic33w8,GBIF Occurrence Download,Occdownload Gbif.Org [omid:ra/0602937393],2015,,,,,dataset,The Global Biodiversity Information Facility [omid:ra/0602937394],
omid:br/0601017265 doi:10.15468/dl.ic366j,Occurrence Download,Occdownload Gbif.Org [omid:ra/0602937395],2020,,,,,dataset,The Global Biodiversity Information Facility [omid:ra/0602937396],
omid:br/0601017266 doi:10.15468/dl.ic3kcz,GBIF Occurrence Download,Occdownload Gbif.Org [omid:ra/0602937397],2017,,,,,dataset,The Global Biodiversity Information Facility [omid:ra/0602937398],
omid:br/0601017267 doi:10.15468/dl.ic3nix,GBIF Occurrence Download,Occdownload Gbif.Org [omid:ra/0602937399],2015,,,,,dataset,The Global Biodiversity Information Facility [omid:ra/0602937400],
omid:br/0601017268 doi:10.15468/dl.ic3qfi,GBIF Occurrence Download,Occdownload Gbif.Org [omid:ra/0602937401],2018,,,,,dataset,The Global Biodiversity Information Facility [omid:ra/0602937402],
omid:br/0601017269 doi:10.15468/dl.ic3rfk,GBIF Occurrence Download,Occdownload Gbif.Org [omid:ra/0602937403],2018,,,,,dataset,The Global Biodiversity Information Facility [omid:ra/0602937404],
omid:br/060101727 doi:10.1594/pangaea.186635,Nutrients Measured On Water Bottle Samples At Station FLUPAC_112,"Rodier, Martine [omid:ra/061507194 orcid:0000-0003-0339-7587]; Blain, Stéphane [omid:ra/060219837]; Eldin, Gérard [omid:ra/060219838]",2004,,,,,dataset,Pangaea - Data Publisher For Earth & Environmental Science [omid:ra/060219839],
omid:br/0601017270 doi:10.15468/dl.ic3tsu,GBIF Occurrence Download,Occdownload Gbif.Org [omid:ra/0602937405],2016,,,,,dataset,The Global Biodiversity Information Facility [omid:ra/0602937406],
omid:br/0601017271 doi:10.15468/dl.ic497t,GBIF Occurrence Download,Occdownload Gbif.Org [omid:ra/0602937407],2019,,,,,dataset,The Global Biodiversity Information Facility [omid:ra/0602937408],
omid:br/0601017272 doi:10.15468/dl.ic4g1n,GBIF Occurrence Download,Occdownload Gbif.Org [omid:ra/0602937409],2016,,,,,dataset,The Global Biodiversity Information Facility [omid:ra/0602937410],
omid:br/0601017273 doi:10.15468/dl.ic4jvl,GBIF Occurrence Download,Occdownload Gbif.Org [omid:ra/0602937411],2016,,,,,dataset,The Global Biodiversity Information Facility [omid:ra/0602937412],
omid:br/0601017274 doi:10.15468/dl.ic4k3v,GBIF Occurrence Download,Occdownload Gbif.Org [omid:ra/0602937413],2015,,,,,dataset,The Global Biodiversity Information Facility [omid:ra/0602937414],
omid:br/0601017275 doi:10.15468/dl.ic4n0o,GBIF Occurrence Download,Occdownload Gbif.Org [omid:ra/0602937415],2017,,,,,dataset,The Global Biodiversity Information Facility [omid:ra/0602937416],
omid:br/0601017276 doi:10.15468/dl.ic4smn,GBIF Occurrence Download,Occdownload Gbif.Org [omid:ra/0602937417],2019,,,,,dataset,The Global Biodiversity Information Facility [omid:ra/0602937418],
omid:br/0601017277 doi:10.15468/dl.ic4ufi,GBIF Occurrence Download,Occdownload Gbif.Org [omid:ra/0602937419],2016,,,,,dataset,The Global Biodiversity Information Facility [omid:ra/0602937420],
omid:br/0601017278 doi:10.15468/dl.ic4z6i,GBIF Occurrence Download,Occdownload Gbif.Org [omid:ra/0602937421],2015,,,,,dataset,The Global Biodiversity Information Facility [omid:ra/0602937422],
omid:br/0601017279 doi:10.15468/dl.ic4zfc,GBIF Occurrence Download,Occdownload Gbif.Org [omid:ra/0602937423],2016,,,,,dataset,The Global Biodiversity Information Facility [omid:ra/0602937424],
omid:br/060101728 doi:10.1594/pangaea.186636,Nutrients Measured On Water Bottle Samples At Station FLUPAC_113,"Rodier, Martine [omid:ra/061507194 orcid:0000-0003-0339-7587]; Blain, Stéphane [omid:ra/060219840]; Eldin, Gérard [omid:ra/060219841]",2004,,,,,dataset,Pangaea - Data Publisher For Earth & Environmental Science [omid:ra/060219842],
omid:br/0601017280 doi:10.15468/dl.ic4zng,Occurrence Download,Occdownload Gbif.Org [omid:ra/0602937425],2020,,,,,dataset,The Global Biodiversity Information Facility [omid:ra/0602937426],
omid:br/0601017281 doi:10.15468/dl.ic4zpu,GBIF Occurrence Download,Occdownload Gbif.Org [omid:ra/0602937427],2017,,,,,dataset,The Global Biodiversity Information Facility [omid:ra/0602937428],
omid:br/0601017282 doi:10.15468/dl.ic50cf,GBIF Occurrence Download,Occdownload Gbif.Org [omid:ra/0602937429],2018,,,,,dataset,The Global Biodiversity Information Facility [omid:ra/0602937430],
omid:br/0601017283 doi:10.15468/dl.ic58lh,GBIF Occurrence Download,Occdownload Gbif.Org [omid:ra/0602937431],2019,,,,,dataset,The Global Biodiversity Information Facility [omid:ra/0602937432],
omid:br/0601017284 doi:10.15468/dl.ic5cpr,GBIF Occurrence Download,Occdownload Gbif.Org [omid:ra/0602937433],2017,,,,,dataset,The Global Biodiversity Information Facility [omid:ra/0602937434],
omid:br/0601017285 doi:10.15468/dl.ic5jwi,GBIF Occurrence Download,Occdownload Gbif.Org [omid:ra/0602937435],2018,,,,,dataset,The Global Biodiversity Information Facility [omid:ra/0602937436],
omid:br/0601017286 doi:10.15468/dl.ic5kf6,GBIF Occurrence Download,Occdownload Gbif.Org [omid:ra/0602937437],2019,,,,,dataset,The Global Biodiversity Information Facility [omid:ra/0602937438],
omid:br/0601017287 doi:10.15468/dl.ic5mwr,GBIF Occurrence Download,Occdownload Gbif.Org [omid:ra/0602937439],2016,,,,,dataset,The Global Biodiversity Information Facility [omid:ra/0602937440],
omid:br/0601017288 doi:10.15468/dl.ic5naz,GBIF Occurrence Download,Occdownload Gbif.Org [omid:ra/0602937441],2018,,,,,dataset,The Global Biodiversity Information Facility [omid:ra/0602937442],
omid:br/0601017289 doi:10.15468/dl.ic5opx,GBIF Occurrence Download,Occdownload Gbif.Org [omid:ra/0602937443],2019,,,,,dataset,The Global Biodiversity Information Facility [omid:ra/0602937444],
omid:br/060101729 doi:10.1594/pangaea.186637,Nutrients Measured On Water Bottle Samples At Station FLUPAC_114,"Rodier, Martine [omid:ra/061507194 orcid:0000-0003-0339-7587]; Blain, Stéphane [omid:ra/060219843]; Eldin, Gérard [omid:ra/060219844]",2004,,,,,dataset,Pangaea - Data Publisher For Earth & Environmental Science [omid:ra/060219845],
omid:br/0601017290 doi:10.15468/dl.ic5xde,Occurrence Download,Occdownload Gbif.Org [omid:ra/0602937445],2020,,,,,dataset,The Global Biodiversity Information Facility [omid:ra/0602937446],
omid:br/0601017291 doi:10.15468/dl.ic5xmy,GBIF Occurrence Download,Occdownload Gbif.Org [omid:ra/0602937447],2018,,,,,dataset,The Global Biodiversity Information Facility [omid:ra/0602937448],
omid:br/0601017292 doi:10.15468/dl.ic5ywz,GBIF Occurrence Download,Occdownload Gbif.Org [omid:ra/0602937449],2017,,,,,dataset,The Global Biodiversity Information Facility [omid:ra/0602937450],
omid:br/0601017293 doi:10.15468/dl.ic62yc,GBIF Occurrence Download,Occdownload Gbif.Org [omid:ra/0602937451],2019,,,,,dataset,The Global Biodiversity Information Facility [omid:ra/0602937452],
omid:br/0601017294 doi:10.15468/dl.ic63gm,GBIF Occurrence Download,Occdownload Gbif.Org [omid:ra/0602937453],2016,,,,,dataset,The Global Biodiversity Information Facility [omid:ra/0602937454],
omid:br/0601017295 doi:10.15468/dl.ic662o,Occurrence Download,Occdownload Gbif.Org [omid:ra/0602937455],2019,,,,,dataset,The Global Biodiversity Information Facility [omid:ra/0602937456],
omid:br/0601017296 doi:10.15468/dl.ic6bfj,Occurrence Download,Occdownload Gbif.Org [omid:ra/0602937457],2020,,,,,dataset,The Global Biodiversity Information Facility [omid:ra/0602937458],
omid:br/0601017297 doi:10.15468/dl.ic6cpo,GBIF Occurrence Download,Occdownload Gbif.Org [omid:ra/0602937459],2019,,,,,dataset,The Global Biodiversity Information Facility [omid:ra/0602937460],
omid:br/0601017298 doi:10.15468/dl.ic6csx,GBIF Occurrence Download,Occdownload Gbif.Org [omid:ra/0602937461],2018,,,,,dataset,The Global Biodiversity Information Facility [omid:ra/0602937462],
omid:br/0601017299 doi:10.15468/dl.ic6gjp,GBIF Occurrence Download,Occdownload Gbif.Org [omid:ra/0602937463],2015,,,,,dataset,The Global Biodiversity Information Facility [omid:ra/0602937464],
omid:br/06010173 doi:10.15468/dl.xy0vec,GBIF Occurrence Download,Occdownload Gbif.Org [omid:ra/06029534],2018,,,,,dataset,The Global Biodiversity Information Facility [omid:ra/06029535],
omid:br/060101730 doi:10.1594/pangaea.186638,Nutrients Measured On Water Bottle Samples At Station FLUPAC_115,"Rodier, Martine [omid:ra/061507194 orcid:0000-0003-0339-7587]; Blain, Stéphane [omid:ra/060219846]; Eldin, Gérard [omid:ra/060219847]",2004,,,,,dataset,Pangaea - Data Publisher For Earth & Environmental Science [omid:ra/060219848],
omid:br/0601017300 doi:10.15468/dl.ic6h7w,GBIF Occurrence Download,Occdownload Gbif.Org [omid:ra/0602937465],2016,,,,,dataset,The Global Biodiversity Information Facility [omid:ra/0602937466],
omid:br/0601017301 doi:10.15468/dl.ic6jxp,GBIF Occurrence Download,Occdownload Gbif.Org [omid:ra/0602937467],2018,,,,,dataset,The Global Biodiversity Information Facility [omid:ra/0602937468],
omid:br/0601017302 doi:10.15468/dl.ic6lqa,Occurrence Download,Occdownload Gbif.Org [omid:ra/0602937469],2020,,,,,dataset,The Global Biodiversity Information Facility [omid:ra/0602937470],
omid:br/0601017303 doi:10.15468/dl.ic6mfo,GBIF Occurrence Download,Occdownload Gbif.Org [omid:ra/0602937471],2017,,,,,dataset,The Global Biodiversity Information Facility [omid:ra/0602937472],
omid:br/0601017304 doi:10.15468/dl.ic6nwf,GBIF Occurrence Download,Occdownload Gbif.Org [omid:ra/0602937473],2018,,,,,dataset,The Global Biodiversity Information Facility [omid:ra/0602937474],
omid:br/0601017305 doi:10.15468/dl.ic6qfz,GBIF Occurrence Download,Occdownload Gbif.Org [omid:ra/0602937475],2018,,,,,dataset,The Global Biodiversity Information Facility [omid:ra/0602937476],
omid:br/0601017306 doi:10.15468/dl.ic6s5k,Occurrence Download,Occdownload Gbif.Org [omid:ra/0602937477],2019,,,,,dataset,The Global Biodiversity Information Facility [omid:ra/0602937478],
omid:br/0601017307 doi:10.15468/dl.ic6sjw,GBIF Occurrence Download,Occdownload Gbif.Org [omid:ra/0602937479],2018,,,,,dataset,The Global Biodiversity Information Facility [omid:ra/0602937480],
omid:br/0601017308 doi:10.15468/dl.ic6usd,GBIF Occurrence Download,Occdownload Gbif.Org [omid:ra/0602937481],2018,,,,,dataset,The Global Biodiversity Information Facility [omid:ra/0602937482],
omid:br/0601017309 doi:10.15468/dl.ic6wnq,GBIF Occurrence Download,Occdownload Gbif.Org [omid:ra/0602937483],2015,,,,,dataset,The Global Biodiversity Information Facility [omid:ra/0602937484],
omid:br/060101731 doi:10.1594/pangaea.186639,Nutrients Measured On Water Bottle Samples At Station FLUPAC_116,"Rodier, Martine [omid:ra/061507194 orcid:0000-0003-0339-7587]; Blain, Stéphane [omid:ra/060219849]; Eldin, Gérard [omid:ra/060219850]",2004,,,,,dataset,Pangaea - Data Publisher For Earth & Environmental Science [omid:ra/060219851],
omid:br/0601017310 doi:10.15468/dl.ic7ayg,GBIF Occurrence Download,Occdownload Gbif.Org [omid:ra/0602937485],2018,,,,,dataset,The Global Biodiversity Information Facility [omid:ra/0602937486],
omid:br/0601017311 doi:10.15468/dl.ic7cnd,GBIF Occurrence Download,Occdownload Gbif.Org [omid:ra/0602937487],2018,,,,,dataset,The Global Biodiversity Information Facility [omid:ra/0602937488],
omid:br/0601017312 doi:10.15468/dl.ic7dla,GBIF Occurrence Download,Occdownload Gbif.Org [omid:ra/0602937489],2016,,,,,dataset,The Global Biodiversity Information Facility [omid:ra/0602937490],
omid:br/0601017313 doi:10.15468/dl.ic7dsf,GBIF Occurrence Download,Occdownload Gbif.Org [omid:ra/0602937491],2018,,,,,dataset,The Global Biodiversity Information Facility [omid:ra/0602937492],
omid:br/0601017314 doi:10.15468/dl.ic7hab,GBIF Occurrence Download,Occdownload Gbif.Org [omid:ra/0602937493],2019,,,,,dataset,The Global Biodiversity Information Facility [omid:ra/0602937494],
omid:br/0601017315 doi:10.15468/dl.ic7loz,GBIF Occurrence Download,Occdownload Gbif.Org [omid:ra/0602937495],2016,,,,,dataset,The Global Biodiversity Information Facility [omid:ra/0602937496],
omid:br/0601017316 doi:10.15468/dl.ic7nmf,GBIF Occurrence Download,Occdownload Gbif.Org [omid:ra/0602937497],2015,,,,,dataset,The Global Biodiversity Information Facility [omid:ra/0602937498],
omid:br/0601017317 doi:10.15468/dl.ic7pc4,GBIF Occurrence Download,Occdownload Gbif.Org [omid:ra/0602937499],2018,,,,,dataset,The Global Biodiversity Information Facility [omid:ra/0602937500],
omid:br/0601017318 doi:10.15468/dl.ic7qf5,GBIF Occurrence Download,Occdownload Gbif.Org [omid:ra/0602937501],2017,,,,,dataset,The Global Biodiversity Information Facility [omid:ra/0602937502],
omid:br/0601017319 doi:10.15468/dl.ic7ra0,GBIF Occurrence Download,Occdownload Gbif.Org [omid:ra/0602937503],2015,,,,,dataset,The Global Biodiversity Information Facility [omid:ra/0602937504],
omid:br/060101732 doi:10.1594/pangaea.186640,Nutrients Measured On Water Bottle Samples At Station FLUPAC_117,"Rodier, Martine [omid:ra/061507194 orcid:0000-0003-0339-7587]; Blain, Stéphane [omid:ra/060219852]; Eldin, Gérard [omid:ra/060219853]",2004,,,,,dataset,Pangaea - Data Publisher For Earth & Environmental Science [omid:ra/060219854],
omid:br/0601017320 doi:10.15468/dl.ic7rff,GBIF Occurrence Download,Occdownload Gbif.Org [omid:ra/0602937505],2019,,,,,dataset,The Global Biodiversity Information Facility [omid:ra/0602937506],
omid:br/0601017321 doi:10.15468/dl.ic7sen,Occurrence Download,Occdownload Gbif.Org [omid:ra/0602937507],2020,,,,,dataset,The Global Biodiversity Information Facility [omid:ra/0602937508],
omid:br/0601017322 doi:10.15468/dl.ic7uds,GBIF Occurrence Download,Occdownload Gbif.Org [omid:ra/0602937509],2017,,,,,dataset,The Global Biodiversity Information Facility [omid:ra/0602937510],
omid:br/0601017323 doi:10.15468/dl.ic7yha,GBIF Occurrence Download,Occdownload Gbif.Org [omid:ra/0602937511],2017,,,,,dataset,The Global Biodiversity Information Facility [omid:ra/0602937512],
omid:br/0601017324 doi:10.15468/dl.ic7yif,GBIF Occurrence Download,Occdownload Gbif.Org [omid:ra/0602937513],2019,,,,,dataset,The Global Biodiversity Information Facility [omid:ra/0602937514],
omid:br/0601017325 doi:10.15468/dl.ic80fy,GBIF Occurrence Download,Occdownload Gbif.Org [omid:ra/0602937515],2017,,,,,dataset,The Global Biodiversity Information Facility [omid:ra/0602937516],
omid:br/0601017326 doi:10.15468/dl.ic82gf,Occurrence Download,Occdownload Gbif.Org [omid:ra/0602937517],2019,,,,,dataset,The Global Biodiversity Information Facility [omid:ra/0602937518],
omid:br/0601017327 doi:10.15468/dl.ic84q4,Occurrence Download,Occdownload Gbif.Org [omid:ra/0602937519],2019,,,,,dataset,The Global Biodiversity Information Facility [omid:ra/0602937520],
omid:br/0601017328 doi:10.15468/dl.ic8aov,GBIF Occurrence Download,Occdownload Gbif.Org [omid:ra/0602937521],2019,,,,,dataset,The Global Biodiversity Information Facility [omid:ra/0602937522],
omid:br/0601017329 doi:10.15468/dl.ic8dtt,GBIF Occurrence Download,Occdownload Gbif.Org [omid:ra/0602937523],2019,,,,,dataset,The Global Biodiversity Information Facility [omid:ra/0602937524],
omid:br/060101733 doi:10.1594/pangaea.186641,Nutrients Measured On Water Bottle Samples At Station FLUPAC_118,"Rodier, Martine [omid:ra/061507194 orcid:0000-0003-0339-7587]; Blain, Stéphane [omid:ra/060219855]; Eldin, Gérard [omid:ra/060219856]",2004,,,,,dataset,Pangaea - Data Publisher For Earth & Environmental Science [omid:ra/060219857],
omid:br/0601017330 doi:10.15468/dl.ic8eej,GBIF Occurrence Download,Occdownload Gbif.Org [omid:ra/0602937525],2017,,,,,dataset,The Global Biodiversity Information Facility [omid:ra/0602937526],
omid:br/0601017331 doi:10.15468/dl.ic8fhn,GBIF Occurrence Download,Occdownload Gbif.Org [omid:ra/0602937527],2018,,,,,dataset,The Global Biodiversity Information Facility [omid:ra/0602937528],
omid:br/0601017332 doi:10.15468/dl.ic8gfq,GBIF Occurrence Download,Occdownload Gbif.Org [omid:ra/0602937529],2018,,,,,dataset,The Global Biodiversity Information Facility [omid:ra/0602937530],
omid:br/0601017333 doi:10.15468/dl.ic8gve,GBIF Occurrence Download,Occdownload Gbif.Org [omid:ra/0602937531],2016,,,,,dataset,The Global Biodiversity Information Facility [omid:ra/0602937532],
omid:br/0601017334 doi:10.15468/dl.ic8hg5,GBIF Occurrence Download,Occdownload Gbif.Org [omid:ra/0602937533],2018,,,,,dataset,The Global Biodiversity Information Facility [omid:ra/0602937534],
omid:br/0601017335 doi:10.15468/dl.ic8jh7,GBIF Occurrence Download,Occdownload Gbif.Org [omid:ra/0602937535],2016,,,,,dataset,The Global Biodiversity Information Facility [omid:ra/0602937536],
omid:br/0601017336 doi:10.15468/dl.ic8jtp,GBIF Occurrence Download,Occdownload Gbif.Org [omid:ra/0602937537],2017,,,,,dataset,The Global Biodiversity Information Facility [omid:ra/0602937538],
omid:br/0601017337 doi:10.15468/dl.ic8lxi,GBIF Occurrence Download,Occdownload Gbif.Org [omid:ra/0602937539],2015,,,,,dataset,The Global Biodiversity Information Facility [omid:ra/0602937540],
omid:br/0601017338 doi:10.15468/dl.ic8nwu,GBIF Occurrence Download,Occdownload Gbif.Org [omid:ra/0602937541],2017,,,,,dataset,The Global Biodiversity Information Facility [omid:ra/0602937542],
omid:br/0601017339 doi:10.15468/dl.ic8srz,GBIF Occurrence Download,Occdownload Gbif.Org [omid:ra/0602937543],2018,,,,,dataset,The Global Biodiversity Information Facility [omid:ra/0602937544],
omid:br/060101734 doi:10.1594/pangaea.186642,Nutrients Measured On Water Bottle Samples At Station FLUPAC_119,"Rodier, Martine [omid:ra/061507194 orcid:0000-0003-0339-7587]; Blain, Stéphane [omid:ra/060219858]; Eldin, Gérard [omid:ra/060219859]",2004,,,,,dataset,Pangaea - Data Publisher For Earth & Environmental Science [omid:ra/060219860],
omid:br/0601017340 doi:10.15468/dl.ic8u58,GBIF Occurrence Download,Occdownload Gbif.Org [omid:ra/0602937545],2019,,,,,dataset,The Global Biodiversity Information Facility [omid:ra/0602937546],
omid:br/0601017341 doi:10.15468/dl.ic8why,GBIF Occurrence Download,Occdownload Gbif.Org [omid:ra/0602937547],2016,,,,,dataset,The Global Biodiversity Information Facility [omid:ra/0602937548],
omid:br/0601017342 doi:10.15468/dl.ic95bs,GBIF Occurrence Download,Occdownload Gbif.Org [omid:ra/0602937549],2018,,,,,dataset,The Global Biodiversity Information Facility [omid:ra/0602937550],
omid:br/0601017343 doi:10.15468/dl.ic9aj8,GBIF Occurrence Download,Occdownload Gbif.Org [omid:ra/0602937551],2018,,,,,dataset,The Global Biodiversity Information Facility [omid:ra/0602937552],
omid:br/0601017344 doi:10.15468/dl.ic9c69,GBIF Occurrence Download,Occdownload Gbif.Org [omid:ra/0602937553],2016,,,,,dataset,The Global Biodiversity Information Facility [omid:ra/0602937554],
omid:br/0601017345 doi:10.15468/dl.ic9hdb,GBIF Occurrence Download,Occdownload Gbif.Org [omid:ra/0602937555],2017,,,,,dataset,The Global Biodiversity Information Facility [omid:ra/0602937556],
omid:br/0601017346 doi:10.15468/dl.ic9itt,Occurrence Download,Occdownload Gbif.Org [omid:ra/0602937557],2020,,,,,dataset,The Global Biodiversity Information Facility [omid:ra/0602937558],
omid:br/0601017347 doi:10.15468/dl.ic9kek,GBIF Occurrence Download,Occdownload Gbif.Org [omid:ra/0602937559],2018,,,,,dataset,The Global Biodiversity Information Facility [omid:ra/0602937560],
omid:br/0601017348 doi:10.15468/dl.ic9lne,GBIF Occurrence Download,Occdownload Gbif.Org [omid:ra/0602937561],2018,,,,,dataset,The Global Biodiversity Information Facility [omid:ra/0602937562],
omid:br/0601017349 doi:10.15468/dl.ic9m99,GBIF Occurrence Download,Occdownload Gbif.Org [omid:ra/0602937563],2017,,,,,dataset,The Global Biodiversity Information Facility [omid:ra/0602937564],
omid:br/060101735 doi:10.1594/pangaea.186643,Nutrients Measured On Water Bottle Samples At Station FLUPAC_120,"Rodier, Martine [omid:ra/061507194 orcid:0000-0003-0339-7587]; Blain, Stéphane [omid:ra/060219861]; Eldin, Gérard [omid:ra/060219862]",2004,,,,,dataset,Pangaea - Data Publisher For Earth & Environmental Science [omid:ra/060219863],
omid:br/0601017350 doi:10.15468/dl.ic9ojt,GBIF Occurrence Download,Occdownload Gbif.Org [omid:ra/0602937565],2018,,,,,dataset,The Global Biodiversity Information Facility [omid:ra/0602937566],
omid:br/0601017351 doi:10.15468/dl.ic9r1g,GBIF Occurrence Download,Occdownload Gbif.Org [omid:ra/0602937567],2016,,,,,dataset,The Global Biodiversity Information Facility [omid:ra/0602937568],
omid:br/0601017352 doi:10.15468/dl.ic9sw9,Occurrence Download,Occdownload Gbif.Org [omid:ra/0602937569],2020,,,,,dataset,The Global Biodiversity Information Facility [omid:ra/0602937570],
omid:br/0601017353 doi:10.15468/dl.ic9t88,GBIF Occurrence Download,Occdownload Gbif.Org [omid:ra/0602937571],2017,,,,,dataset,The Global Biodiversity Information Facility [omid:ra/0602937572],
omid:br/0601017354 doi:10.15468/dl.ic9tjb,Occurrence Download,Occdownload Gbif.Org [omid:ra/0602937573],2020,,,,,dataset,The Global Biodiversity Information Facility [omid:ra/0602937574],
omid:br/0601017355 doi:10.15468/dl.ic9xpr,GBIF Occurrence Download,Occdownload Gbif.Org [omid:ra/0602937575],2015,,,,,dataset,The Global Biodiversity Information Facility [omid:ra/0602937576],
omid:br/0601017356 doi:10.15468/dl.ic9yg4,GBIF Occurrence Download,Occdownload Gbif.Org [omid:ra/0602937577],2016,,,,,dataset,The Global Biodiversity Information Facility [omid:ra/0602937578],
omid:br/0601017357 doi:10.15468/dl.ica4sq,Occurrence Download,Occdownload Gbif.Org [omid:ra/0602937579],2020,,,,,dataset,The Global Biodiversity Information Facility [omid:ra/0602937580],
omid:br/0601017358 doi:10.15468/dl.icaba5,GBIF Occurrence Download,Occdownload Gbif.Org [omid:ra/0602937581],2018,,,,,dataset,The Global Biodiversity Information Facility [omid:ra/0602937582],
omid:br/0601017359 doi:10.15468/dl.icabt6,GBIF Occurrence Download,Occdownload Gbif.Org [omid:ra/0602937583],2018,,,,,dataset,The Global Biodiversity Information Facility [omid:ra/0602937584],
omid:br/060101736 doi:10.1594/pangaea.186644,Nutrients Measured On Water Bottle Samples At Station FLUPAC_121,"Rodier, Martine [omid:ra/061507194 orcid:0000-0003-0339-7587]; Blain, Stéphane [omid:ra/060219864]; Eldin, Gérard [omid:ra/060219865]",2004,,,,,dataset,Pangaea - Data Publisher For Earth & Environmental Science [omid:ra/060219866],
omid:br/0601017360 doi:10.15468/dl.icac3i,GBIF Occurrence Download,Occdownload Gbif.Org [omid:ra/0602937585],2018,,,,,dataset,The Global Biodiversity Information Facility [omid:ra/0602937586],
omid:br/0601017361 doi:10.15468/dl.icaeii,GBIF Occurrence Download,Occdownload Gbif.Org [omid:ra/0602937587],2018,,,,,dataset,The Global Biodiversity Information Facility [omid:ra/0602937588],
omid:br/0601017362 doi:10.15468/dl.icag3e,GBIF Occurrence Download,Occdownload Gbif.Org [omid:ra/0602937589],2016,,,,,dataset,The Global Biodiversity Information Facility [omid:ra/0602937590],
omid:br/0601017363 doi:10.15468/dl.icagfj,Occurrence Download,Occdownload Gbif.Org [omid:ra/0602937591],2019,,,,,dataset,The Global Biodiversity Information Facility [omid:ra/0602937592],
omid:br/0601017364 doi:10.15468/dl.icagup,GBIF Occurrence Download,Occdownload Gbif.Org [omid:ra/0602937593],2016,,,,,dataset,The Global Biodiversity Information Facility [omid:ra/0602937594],
omid:br/0601017365 doi:10.15468/dl.icakgy,GBIF Occurrence Download,Occdownload Gbif.Org [omid:ra/0602937595],2016,,,,,dataset,The Global Biodiversity Information Facility [omid:ra/0602937596],
omid:br/0601017366 doi:10.15468/dl.icakro,GBIF Occurrence Download,Occdownload Gbif.Org [omid:ra/0602937597],2017,,,,,dataset,The Global Biodiversity Information Facility [omid:ra/0602937598],
omid:br/0601017367 doi:10.15468/dl.ical7y,GBIF Occurrence Download,Occdownload Gbif.Org [omid:ra/0602937599],2019,,,,,dataset,The Global Biodiversity Information Facility [omid:ra/0602937600],
omid:br/0601017368 doi:10.15468/dl.icaobr,Occurrence Download,Occdownload Gbif.Org [omid:ra/0602937601],2020,,,,,dataset,The Global Biodiversity Information Facility [omid:ra/0602937602],
omid:br/0601017369 doi:10.15468/dl.icaofa,GBIF Occurrence Download,Occdownload Gbif.Org [omid:ra/0602937603],2015,,,,,dataset,The Global Biodiversity Information Facility [omid:ra/0602937604],
omid:br/060101737 doi:10.1594/pangaea.186645,Nutrients Measured On Water Bottle Samples At Station FLUPAC_122,"Rodier, Martine [omid:ra/061507194 orcid:0000-0003-0339-7587]; Blain, Stéphane [omid:ra/060219867]; Eldin, Gérard [omid:ra/060219868]",2004,,,,,dataset,Pangaea - Data Publisher For Earth & Environmental Science [omid:ra/060219869],
omid:br/0601017370 doi:10.15468/dl.icaohy,GBIF Occurrence Download,Occdownload Gbif.Org [omid:ra/0602937605],2017,,,,,dataset,The Global Biodiversity Information Facility [omid:ra/0602937606],
omid:br/0601017371 doi:10.15468/dl.icaokl,GBIF Occurrence Download,Occdownload Gbif.Org [omid:ra/0602937607],2017,,,,,dataset,The Global Biodiversity Information Facility [omid:ra/0602937608],
omid:br/0601017372 doi:10.15468/dl.icaqqn,GBIF Occurrence Download,Occdownload Gbif.Org [omid:ra/0602937609],2018,,,,,dataset,The Global Biodiversity Information Facility [omid:ra/0602937610],
omid:br/0601017373 doi:10.15468/dl.icaret,GBIF Occurrence Download,Occdownload Gbif.Org [omid:ra/0602937611],2016,,,,,dataset,The Global Biodiversity Information Facility [omid:ra/0602937612],
omid:br/0601017374 doi:10.15468/dl.icark7,GBIF Occurrence Download,Occdownload Gbif.Org [omid:ra/0602937613],2016,,,,,dataset,The Global Biodiversity Information Facility [omid:ra/0602937614],
omid:br/0601017375 doi:10.15468/dl.icarld,Occurrence Download,Occdownload Gbif.Org [omid:ra/0602937615],2020,,,,,dataset,The Global Biodiversity Information Facility [omid:ra/0602937616],
omid:br/0601017376 doi:10.15468/dl.icasam,Occurrence Download,Occdownload Gbif.Org [omid:ra/0602937617],2020,,,,,dataset,The Global Biodiversity Information Facility [omid:ra/0602937618],
omid:br/0601017377 doi:10.15468/dl.icatvi,GBIF Occurrence Download,Occdownload Gbif.Org [omid:ra/0602937619],2015,,,,,dataset,The Global Biodiversity Information Facility [omid:ra/0602937620],
omid:br/0601017378 doi:10.15468/dl.icavi1,Occurrence Download,Occdownload Gbif.Org [omid:ra/0602937621],2020,,,,,dataset,The Global Biodiversity Information Facility [omid:ra/0602937622],
omid:br/0601017379 doi:10.15468/dl.icaxal,GBIF Occurrence Download,Occdownload Gbif.Org [omid:ra/0602937623],2016,,,,,dataset,The Global Biodiversity Information Facility [omid:ra/0602937624],
omid:br/060101738 doi:10.1594/pangaea.186646,Nutrients Measured On Water Bottle Samples At Station FLUPAC_124,"Rodier, Martine [omid:ra/061507194 orcid:0000-0003-0339-7587]; Blain, Stéphane [omid:ra/060219870]; Eldin, Gérard [omid:ra/060219871]",2004,,,,,dataset,Pangaea - Data Publisher For Earth & Environmental Science [omid:ra/060219872],
omid:br/0601017380 doi:10.15468/dl.icaxcd,GBIF Occurrence Download,Occdownload Gbif.Org [omid:ra/0602937625],2018,,,,,dataset,The Global Biodiversity Information Facility [omid:ra/0602937626],
omid:br/0601017381 doi:10.15468/dl.icaxlm,GBIF Occurrence Download,Occdownload Gbif.Org [omid:ra/0602937627],2015,,,,,dataset,The Global Biodiversity Information Facility [omid:ra/0602937628],
omid:br/0601017382 doi:10.15468/dl.icaxms,GBIF Occurrence Download,Occdownload Gbif.Org [omid:ra/0602937629],2019,,,,,dataset,The Global Biodiversity Information Facility [omid:ra/0602937630],
omid:br/0601017383 doi:10.15468/dl.icb2jd,GBIF Occurrence Download,Occdownload Gbif.Org [omid:ra/0602937631],2017,,,,,dataset,The Global Biodiversity Information Facility [omid:ra/0602937632],
omid:br/0601017384 doi:10.15468/dl.icb3lp,GBIF Occurrence Download,Occdownload Gbif.Org [omid:ra/0602937633],2017,,,,,dataset,The Global Biodiversity Information Facility [omid:ra/0602937634],
omid:br/0601017385 doi:10.15468/dl.icb5gm,GBIF Occurrence Download,Occdownload Gbif.Org [omid:ra/0602937635],2018,,,,,dataset,The Global Biodiversity Information Facility [omid:ra/0602937636],
omid:br/0601017386 doi:10.15468/dl.icbbm8,GBIF Occurrence Download,Occdownload Gbif.Org [omid:ra/0602937637],2017,,,,,dataset,The Global Biodiversity Information Facility [omid:ra/0602937638],
omid:br/0601017387 doi:10.15468/dl.icbegs,GBIF Occurrence Download,Occdownload Gbif.Org [omid:ra/0602937639],2019,,,,,dataset,The Global Biodiversity Information Facility [omid:ra/0602937640],
omid:br/0601017388 doi:10.15468/dl.icbfzi,GBIF Occurrence Download,Occdownload Gbif.Org [omid:ra/0602937641],2015,,,,,dataset,The Global Biodiversity Information Facility [omid:ra/0602937642],
omid:br/0601017389 doi:10.15468/dl.icbgdn,GBIF Occurrence Download,Occdownload Gbif.Org [omid:ra/0602937643],2017,,,,,dataset,The Global Biodiversity Information Facility [omid:ra/0602937644],
omid:br/060101739 doi:10.1594/pangaea.186647,Nutrients Measured On Water Bottle Samples At Station FLUPAC_126,"Rodier, Martine [omid:ra/061507194 orcid:0000-0003-0339-7587]; Blain, Stéphane [omid:ra/060219873]; Eldin, Gérard [omid:ra/060219874]",2004,,,,,dataset,Pangaea - Data Publisher For Earth & Environmental Science [omid:ra/060219875],
omid:br/0601017390 doi:10.15468/dl.icbj3a,GBIF Occurrence Download,Occdownload Gbif.Org [omid:ra/0602937645],2018,,,,,dataset,The Global Biodiversity Information Facility [omid:ra/0602937646],
omid:br/0601017391 doi:10.15468/dl.icbjjo,GBIF Occurrence Download,Occdownload Gbif.Org [omid:ra/0602937647],2017,,,,,dataset,The Global Biodiversity Information Facility [omid:ra/0602937648],
omid:br/0601017392 doi:10.15468/dl.icbku5,GBIF Occurrence Download,Occdownload Gbif.Org [omid:ra/0602937649],2015,,,,,dataset,The Global Biodiversity Information Facility [omid:ra/0602937650],
omid:br/0601017393 doi:10.15468/dl.icblvt,GBIF Occurrence Download,Occdownload Gbif.Org [omid:ra/0602937651],2017,,,,,dataset,The Global Biodiversity Information Facility [omid:ra/0602937652],
omid:br/0601017394 doi:10.15468/dl.icbmin,GBIF Occurrence Download,Occdownload Gbif.Org [omid:ra/0602937653],2016,,,,,dataset,The Global Biodiversity Information Facility [omid:ra/0602937654],
omid:br/0601017395 doi:10.15468/dl.icbmzu,Occurrence Download,Occdownload Gbif.Org [omid:ra/0602937655],2020,,,,,dataset,The Global Biodiversity Information Facility [omid:ra/0602937656],
omid:br/0601017396 doi:10.15468/dl.icbotu,GBIF Occurrence Download,Occdownload Gbif.Org [omid:ra/0602937657],2019,,,,,dataset,The Global Biodiversity Information Facility [omid:ra/0602937658],
omid:br/0601017397 doi:10.15468/dl.icbpiy,GBIF Occurrence Download,Occdownload Gbif.Org [omid:ra/0602937659],2019,,,,,dataset,The Global Biodiversity Information Facility [omid:ra/0602937660],
omid:br/0601017398 doi:10.15468/dl.icbpkq,GBIF Occurrence Download,Occdownload Gbif.Org [omid:ra/0602937661],2018,,,,,dataset,The Global Biodiversity Information Facility [omid:ra/0602937662],
omid:br/0601017399 doi:10.15468/dl.icbpli,GBIF Occurrence Download,Occdownload Gbif.Org [omid:ra/0602937663],2017,,,,,dataset,The Global Biodiversity Information Facility [omid:ra/0602937664],
omid:br/06010174 doi:10.15468/dl.xy0veh,GBIF Occurrence Download,Occdownload Gbif.Org [omid:ra/06029536],2017,,,,,dataset,The Global Biodiversity Information Facility [omid:ra/06029537],
omid:br/060101740 doi:10.1594/pangaea.186775 openalex:W2989676633,Vertical Distributions Phytoplankton Pigments At Station FLUPAC_001,"Blanchot, Jean [omid:ra/060219876]; André, J-M [omid:ra/060219877]; Navarette, Claudie [omid:ra/060219878]; Neveux, Jacques [omid:ra/060219879]; Radenac, Marie-Helene [omid:ra/060219880]",2001,,,,,dataset,Pangaea - Data Publisher For Earth & Environmental Science [omid:ra/060219881],
omid:br/0601017400 doi:10.15468/dl.icbq9n,GBIF Occurrence Download,Occdownload Gbif.Org [omid:ra/0602937665],2017,,,,,dataset,The Global Biodiversity Information Facility [omid:ra/0602937666],
omid:br/0601017401 doi:10.15468/dl.icbqkz,GBIF Occurrence Download,Occdownload Gbif.Org [omid:ra/0602937667],2017,,,,,dataset,The Global Biodiversity Information Facility [omid:ra/0602937668],
omid:br/0601017402 doi:10.15468/dl.icbrhi,GBIF Occurrence Download,Occdownload Gbif.Org [omid:ra/0602937669],2018,,,,,dataset,The Global Biodiversity Information Facility [omid:ra/0602937670],
omid:br/0601017403 doi:10.15468/dl.icbrlx,GBIF Occurrence Download,Occdownload Gbif.Org [omid:ra/0602937671],2018,,,,,dataset,The Global Biodiversity Information Facility [omid:ra/0602937672],
omid:br/0601017404 doi:10.15468/dl.icbsik,GBIF Occurrence Download,Occdownload Gbif.Org [omid:ra/0602937673],2018,,,,,dataset,The Global Biodiversity Information Facility [omid:ra/0602937674],
omid:br/0601017405 doi:10.15468/dl.icbt4q,GBIF Occurrence Download,Occdownload Gbif.Org [omid:ra/0602937675],2017,,,,,dataset,The Global Biodiversity Information Facility [omid:ra/0602937676],
omid:br/0601017406 doi:10.15468/dl.icbth6,GBIF Occurrence Download,Occdownload Gbif.Org [omid:ra/0602937677],2017,,,,,dataset,The Global Biodiversity Information Facility [omid:ra/0602937678],
omid:br/0601017407 doi:10.15468/dl.icbvqc,GBIF Occurrence Download,Occdownload Gbif.Org [omid:ra/0602937679],2015,,,,,dataset,The Global Biodiversity Information Facility [omid:ra/0602937680],
omid:br/0601017408 doi:10.15468/dl.icbvu9,GBIF Occurrence Download,Occdownload Gbif.Org [omid:ra/0602937681],2019,,,,,dataset,The Global Biodiversity Information Facility [omid:ra/0602937682],
omid:br/0601017409 doi:10.15468/dl.icbvvp,GBIF Occurrence Download,Occdownload Gbif.Org [omid:ra/0602937683],2018,,,,,dataset,The Global Biodiversity Information Facility [omid:ra/0602937684],
omid:br/060101741 doi:10.1594/pangaea.186776,Vertical Distributions Phytoplankton Pigments At Station FLUPAC_002,"Blanchot, Jean [omid:ra/060219882]; André, J-M [omid:ra/060219883]; Navarette, Claudie [omid:ra/060219884]; Neveux, Jacques [omid:ra/060219885]; Radenac, Marie-Helene [omid:ra/060219886]",2001,,,,,dataset,Pangaea - Data Publisher For Earth & Environmental Science [omid:ra/060219887],
omid:br/0601017410 doi:10.15468/dl.icbwah,GBIF Occurrence Download,Occdownload Gbif.Org [omid:ra/0602937685],2015,,,,,dataset,The Global Biodiversity Information Facility [omid:ra/0602937686],
omid:br/0601017411 doi:10.15468/dl.icbwof,GBIF Occurrence Download,Occdownload Gbif.Org [omid:ra/0602937687],2019,,,,,dataset,The Global Biodiversity Information Facility [omid:ra/0602937688],
omid:br/0601017412 doi:10.15468/dl.icby4r,GBIF Occurrence Download,Occdownload Gbif.Org [omid:ra/0602937689],2018,,,,,dataset,The Global Biodiversity Information Facility [omid:ra/0602937690],
omid:br/0601017413 doi:10.15468/dl.icby9e,GBIF Occurrence Download,Occdownload Gbif.Org [omid:ra/0602937691],2019,,,,,dataset,The Global Biodiversity Information Facility [omid:ra/0602937692],
omid:br/0601017414 doi:10.15468/dl.icbybx,Occurrence Download,Occdownload Gbif.Org [omid:ra/0602937693],2019,,,,,dataset,The Global Biodiversity Information Facility [omid:ra/0602937694],
omid:br/0601017415 doi:10.15468/dl.icbyny,GBIF Occurrence Download,Occdownload Gbif.Org [omid:ra/0602937695],2018,,,,,dataset,The Global Biodiversity Information Facility [omid:ra/0602937696],
omid:br/0601017416 doi:10.15468/dl.icc68h,GBIF Occurrence Download,Occdownload Gbif.Org [omid:ra/0602937697],2018,,,,,dataset,The Global Biodiversity Information Facility [omid:ra/0602937698],
omid:br/0601017417 doi:10.15468/dl.iccaqq,GBIF Occurrence Download,Occdownload Gbif.Org [omid:ra/0602937699],2019,,,,,dataset,The Global Biodiversity Information Facility [omid:ra/0602937700],
omid:br/0601017418 doi:10.15468/dl.iccay5,GBIF Occurrence Download,Occdownload Gbif.Org [omid:ra/0602937701],2015,,,,,dataset,The Global Biodiversity Information Facility [omid:ra/0602937702],
omid:br/0601017419 doi:10.15468/dl.iccdlf,GBIF Occurrence Download,Occdownload Gbif.Org [omid:ra/0602937703],2017,,,,,dataset,The Global Biodiversity Information Facility [omid:ra/0602937704],
omid:br/060101742 doi:10.1594/pangaea.186777 openalex:W2989846499,Vertical Distributions Phytoplankton Pigments At Station FLUPAC_003,"Blanchot, Jean [omid:ra/060219888]; André, J-M [omid:ra/060219889]; Navarette, Claudie [omid:ra/060219890]; Neveux, Jacques [omid:ra/060219891]; Radenac, Marie-Helene [omid:ra/060219892]",2001,,,,,dataset,Pangaea - Data Publisher For Earth & Environmental Science [omid:ra/060219893],
omid:br/0601017420 doi:10.15468/dl.iccdsh,GBIF Occurrence Download,Occdownload Gbif.Org [omid:ra/0602937705],2018,,,,,dataset,The Global Biodiversity Information Facility [omid:ra/0602937706],
omid:br/0601017421 doi:10.15468/dl.iccfob,GBIF Occurrence Download,Occdownload Gbif.Org [omid:ra/0602937707],2015,,,,,dataset,The Global Biodiversity Information Facility [omid:ra/0602937708],
omid:br/0601017422 doi:10.15468/dl.iccgkj,GBIF Occurrence Download,Occdownload Gbif.Org [omid:ra/0602937709],2016,,,,,dataset,The Global Biodiversity Information Facility [omid:ra/0602937710],
omid:br/0601017423 doi:10.15468/dl.iccidl,GBIF Occurrence Download,Occdownload Gbif.Org [omid:ra/0602937711],2017,,,,,dataset,The Global Biodiversity Information Facility [omid:ra/0602937712],
omid:br/0601017424 doi:10.15468/dl.iccipw,GBIF Occurrence Download,Occdownload Gbif.Org [omid:ra/0602937713],2017,,,,,dataset,The Global Biodiversity Information Facility [omid:ra/0602937714],
omid:br/0601017425 doi:10.15468/dl.iccj6l,GBIF Occurrence Download,Occdownload Gbif.Org [omid:ra/0602937715],2018,,,,,dataset,The Global Biodiversity Information Facility [omid:ra/0602937716],
omid:br/0601017426 doi:10.15468/dl.iccnan,GBIF Occurrence Download,Occdownload Gbif.Org [omid:ra/0602937717],2018,,,,,dataset,The Global Biodiversity Information Facility [omid:ra/0602937718],
omid:br/0601017427 doi:10.15468/dl.iccpme,GBIF Occurrence Download,Occdownload Gbif.Org [omid:ra/0602937719],2016,,,,,dataset,The Global Biodiversity Information Facility [omid:ra/0602937720],
omid:br/0601017428 doi:10.15468/dl.icct1e,GBIF Occurrence Download,Occdownload Gbif.Org [omid:ra/0602937721],2017,,,,,dataset,The Global Biodiversity Information Facility [omid:ra/0602937722],
omid:br/0601017429 doi:10.15468/dl.iccuou,GBIF Occurrence Download,Occdownload Gbif.Org [omid:ra/0602937723],2015,,,,,dataset,The Global Biodiversity Information Facility [omid:ra/0602937724],
omid:br/060101743 doi:10.1594/pangaea.186778 openalex:W2989821450,Vertical Distributions Phytoplankton Pigments At Station FLUPAC_004,"Blanchot, Jean [omid:ra/060219894]; André, J-M [omid:ra/060219895]; Navarette, Claudie [omid:ra/060219896]; Neveux, Jacques [omid:ra/060219897]; Radenac, Marie-Helene [omid:ra/060219898]",2001,,,,,dataset,Pangaea - Data Publisher For Earth & Environmental Science [omid:ra/060219899],
omid:br/0601017430 doi:10.15468/dl.iccvk0,GBIF Occurrence Download,Occdownload Gbif.Org [omid:ra/0602937725],2017,,,,,dataset,The Global Biodiversity Information Facility [omid:ra/0602937726],
omid:br/0601017431 doi:10.15468/dl.iccwdf,GBIF Occurrence Download,Occdownload Gbif.Org [omid:ra/0602937727],2017,,,,,dataset,The Global Biodiversity Information Facility [omid:ra/0602937728],
omid:br/0601017432 doi:10.15468/dl.iccwpx,GBIF Occurrence Download,Occdownload Gbif.Org [omid:ra/0602937729],2018,,,,,dataset,The Global Biodiversity Information Facility [omid:ra/0602937730],
omid:br/0601017433 doi:10.15468/dl.iccxmz,Occurrence Download,Occdownload Gbif.Org [omid:ra/0602937731],2019,,,,,dataset,The Global Biodiversity Information Facility [omid:ra/0602937732],
omid:br/0601017434 doi:10.15468/dl.icczpn,GBIF Occurrence Download,Occdownload Gbif.Org [omid:ra/0602937733],2015,,,,,dataset,The Global Biodiversity Information Facility [omid:ra/0602937734],
omid:br/0601017435 doi:10.15468/dl.icczyn,GBIF Occurrence Download,Occdownload Gbif.Org [omid:ra/0602937735],2019,,,,,dataset,The Global Biodiversity Information Facility [omid:ra/0602937736],
omid:br/0601017436 doi:10.15468/dl.icczyt,Occurrence Download,Occdownload Gbif.Org [omid:ra/0602937737],2019,,,,,dataset,The Global Biodiversity Information Facility [omid:ra/0602937738],
omid:br/0601017437 doi:10.15468/dl.icdcgn,GBIF Occurrence Download,Occdownload Gbif.Org [omid:ra/0602937739],2015,,,,,dataset,The Global Biodiversity Information Facility [omid:ra/0602937740],
omid:br/0601017438 doi:10.15468/dl.icdeue,GBIF Occurrence Download,Occdownload Gbif.Org [omid:ra/0602937741],2018,,,,,dataset,The Global Biodiversity Information Facility [omid:ra/0602937742],
omid:br/0601017439 doi:10.15468/dl.icdizw,GBIF Occurrence Download,Occdownload Gbif.Org [omid:ra/0602937743],2017,,,,,dataset,The Global Biodiversity Information Facility [omid:ra/0602937744],
omid:br/060101744 doi:10.1594/pangaea.186779,Vertical Distributions Phytoplankton Pigments At Station FLUPAC_005,"Blanchot, Jean [omid:ra/060219900]; André, J-M [omid:ra/060219901]; Navarette, Claudie [omid:ra/060219902]; Neveux, Jacques [omid:ra/060219903]; Radenac, Marie-Helene [omid:ra/060219904]",2001,,,,,dataset,Pangaea - Data Publisher For Earth & Environmental Science [omid:ra/060219905],
omid:br/0601017440 doi:10.15468/dl.icdk6d,GBIF Occurrence Download,Occdownload Gbif.Org [omid:ra/0602937745],2015,,,,,dataset,The Global Biodiversity Information Facility [omid:ra/0602937746],
omid:br/0601017441 doi:10.15468/dl.icdl0j,GBIF Occurrence Download,Occdownload Gbif.Org [omid:ra/0602937747],2015,,,,,dataset,The Global Biodiversity Information Facility [omid:ra/0602937748],
omid:br/0601017442 doi:10.15468/dl.icdmal,GBIF Occurrence Download,Occdownload Gbif.Org [omid:ra/0602937749],2017,,,,,dataset,The Global Biodiversity Information Facility [omid:ra/0602937750],
omid:br/0601017443 doi:10.15468/dl.icdmfv,Occurrence Download,Occdownload Gbif.Org [omid:ra/0602937751],2020,,,,,dataset,The Global Biodiversity Information Facility [omid:ra/0602937752],
omid:br/0601017444 doi:10.15468/dl.icdntg,GBIF Occurrence Download,Occdownload Gbif.Org [omid:ra/0602937753],2019,,,,,dataset,The Global Biodiversity Information Facility [omid:ra/0602937754],
omid:br/0601017445 doi:10.15468/dl.icdp0d,GBIF Occurrence Download,Occdownload Gbif.Org [omid:ra/0602937755],2016,,,,,dataset,The Global Biodiversity Information Facility [omid:ra/0602937756],
omid:br/0601017446 doi:10.15468/dl.icdubq,GBIF Occurrence Download,Occdownload Gbif.Org [omid:ra/0602937757],2019,,,,,dataset,The Global Biodiversity Information Facility [omid:ra/0602937758],
omid:br/0601017447 doi:10.15468/dl.icdxde,GBIF Occurrence Download,Occdownload Gbif.Org [omid:ra/0602937759],2018,,,,,dataset,The Global Biodiversity Information Facility [omid:ra/0602937760],
omid:br/0601017448 doi:10.15468/dl.icdxnm,GBIF Occurrence Download,Occdownload Gbif.Org [omid:ra/0602937761],2016,,,,,dataset,The Global Biodiversity Information Facility [omid:ra/0602937762],
omid:br/0601017449 doi:10.15468/dl.icdxpx,GBIF Occurrence Download,Occdownload Gbif.Org [omid:ra/0602937763],2015,,,,,dataset,The Global Biodiversity Information Facility [omid:ra/0602937764],
omid:br/060101745 doi:10.1594/pangaea.186780,Vertical Distributions Phytoplankton Pigments At Station FLUPAC_006,"Blanchot, Jean [omid:ra/060219906]; André, J-M [omid:ra/060219907]; Navarette, Claudie [omid:ra/060219908]; Neveux, Jacques [omid:ra/060219909]; Radenac, Marie-Helene [omid:ra/060219910]",2001,,,,,dataset,Pangaea - Data Publisher For Earth & Environmental Science [omid:ra/060219911],
omid:br/0601017450 doi:10.15468/dl.icdyhv,GBIF Occurrence Download,Occdownload Gbif.Org [omid:ra/0602937765],2018,,,,,dataset,The Global Biodiversity Information Facility [omid:ra/0602937766],
omid:br/0601017451 doi:10.15468/dl.icdyld,GBIF Occurrence Download,Occdownload Gbif.Org [omid:ra/0602937767],2018,,,,,dataset,The Global Biodiversity Information Facility [omid:ra/0602937768],
omid:br/0601017452 doi:10.15468/dl.icdzcx,Occurrence Download,Occdownload Gbif.Org [omid:ra/0602937769],2020,,,,,dataset,The Global Biodiversity Information Facility [omid:ra/0602937770],
omid:br/0601017453 doi:10.15468/dl.ice1ho,GBIF Occurrence Download,Occdownload Gbif.Org [omid:ra/0602937771],2017,,,,,dataset,The Global Biodiversity Information Facility [omid:ra/0602937772],
omid:br/0601017454 doi:10.15468/dl.ice9lw,GBIF Occurrence Download,Occdownload Gbif.Org [omid:ra/0602937773],2018,,,,,dataset,The Global Biodiversity Information Facility [omid:ra/0602937774],
omid:br/0601017455 doi:10.15468/dl.icebky,Occurrence Download,Occdownload Gbif.Org [omid:ra/0602937775],2019,,,,,dataset,The Global Biodiversity Information Facility [omid:ra/0602937776],
omid:br/0601017456 doi:10.15468/dl.iceckm,GBIF Occurrence Download,Occdownload Gbif.Org [omid:ra/0602937777],2016,,,,,dataset,The Global Biodiversity Information Facility [omid:ra/0602937778],
omid:br/0601017457 doi:10.15468/dl.iceg2p,GBIF Occurrence Download,Occdownload Gbif.Org [omid:ra/0602937779],2016,,,,,dataset,The Global Biodiversity Information Facility [omid:ra/0602937780],
omid:br/0601017458 doi:10.15468/dl.iceisk,GBIF Occurrence Download,Occdownload Gbif.Org [omid:ra/0602937781],2018,,,,,dataset,The Global Biodiversity Information Facility [omid:ra/0602937782],
omid:br/0601017459 doi:10.15468/dl.icejzg,Occurrence Download,Occdownload Gbif.Org [omid:ra/0602937783],2019,,,,,dataset,The Global Biodiversity Information Facility [omid:ra/0602937784],
omid:br/060101746 doi:10.1594/pangaea.186781 openalex:W2967704195,Vertical Distributions Phytoplankton Pigments At Station FLUPAC_008,"Blanchot, Jean [omid:ra/060219912]; André, J-M [omid:ra/060219913]; Navarette, Claudie [omid:ra/060219914]; Neveux, Jacques [omid:ra/060219915]; Radenac, Marie-Helene [omid:ra/060219916]",2001,,,,,dataset,Pangaea - Data Publisher For Earth & Environmental Science [omid:ra/060219917],
omid:br/0601017460 doi:10.15468/dl.icekjm,GBIF Occurrence Download,Occdownload Gbif.Org [omid:ra/0602937785],2018,,,,,dataset,The Global Biodiversity Information Facility [omid:ra/0602937786],
omid:br/0601017461 doi:10.15468/dl.icelhe,GBIF Occurrence Download,Occdownload Gbif.Org [omid:ra/0602937787],2015,,,,,dataset,The Global Biodiversity Information Facility [omid:ra/0602937788],
omid:br/0601017462 doi:10.15468/dl.icemvd,GBIF Occurrence Download,Occdownload Gbif.Org [omid:ra/0602937789],2017,,,,,dataset,The Global Biodiversity Information Facility [omid:ra/0602937790],
omid:br/0601017463 doi:10.15468/dl.icenv8,GBIF Occurrence Download,Occdownload Gbif.Org [omid:ra/0602937791],2018,,,,,dataset,The Global Biodiversity Information Facility [omid:ra/0602937792],
omid:br/0601017464 doi:10.15468/dl.iceqbh,GBIF Occurrence Download,Occdownload Gbif.Org [omid:ra/0602937793],2018,,,,,dataset,The Global Biodiversity Information Facility [omid:ra/0602937794],
omid:br/0601017465 doi:10.15468/dl.icerow,GBIF Occurrence Download,Occdownload Gbif.Org [omid:ra/0602937795],2018,,,,,dataset,The Global Biodiversity Information Facility [omid:ra/0602937796],
omid:br/0601017466 doi:10.15468/dl.icesb4,GBIF Occurrence Download,Occdownload Gbif.Org [omid:ra/0602937797],2016,,,,,dataset,The Global Biodiversity Information Facility [omid:ra/0602937798],
omid:br/0601017467 doi:10.15468/dl.iceu5s,GBIF Occurrence Download,Occdownload Gbif.Org [omid:ra/0602937799],2019,,,,,dataset,The Global Biodiversity Information Facility [omid:ra/0602937800],
omid:br/0601017468 doi:10.15468/dl.icevgx,GBIF Occurrence Download,Occdownload Gbif.Org [omid:ra/0602937801],2015,,,,,dataset,The Global Biodiversity Information Facility [omid:ra/0602937802],
omid:br/0601017469 doi:10.15468/dl.icex5o,Occurrence Download,Occdownload Gbif.Org [omid:ra/0602937803],2019,,,,,dataset,The Global Biodiversity Information Facility [omid:ra/0602937804],
omid:br/060101747 doi:10.1594/pangaea.186782,Vertical Distributions Phytoplankton Pigments At Station FLUPAC_009,"Blanchot, Jean [omid:ra/060219918]; André, J-M [omid:ra/060219919]; Navarette, Claudie [omid:ra/060219920]; Neveux, Jacques [omid:ra/060219921]; Radenac, Marie-Helene [omid:ra/060219922]",2001,,,,,dataset,Pangaea - Data Publisher For Earth & Environmental Science [omid:ra/060219923],
omid:br/0601017470 doi:10.15468/dl.icexsc,GBIF Occurrence Download,Occdownload Gbif.Org [omid:ra/0602937805],2018,,,,,dataset,The Global Biodiversity Information Facility [omid:ra/0602937806],
omid:br/0601017471 doi:10.15468/dl.icexuz,GBIF Occurrence Download,Occdownload Gbif.Org [omid:ra/0602937807],2015,,,,,dataset,The Global Biodiversity Information Facility [omid:ra/0602937808],
omid:br/0601017472 doi:10.15468/dl.icezdx,GBIF Occurrence Download,Occdownload Gbif.Org [omid:ra/0602937809],2016,,,,,dataset,The Global Biodiversity Information Facility [omid:ra/0602937810],
omid:br/0601017473 doi:10.15468/dl.icf4de,GBIF Occurrence Download,Occdownload Gbif.Org [omid:ra/0602937811],2019,,,,,dataset,The Global Biodiversity Information Facility [omid:ra/0602937812],
omid:br/0601017474 doi:10.15468/dl.icf4yl,Occurrence Download,Occdownload Gbif.Org [omid:ra/0602937813],2020,,,,,dataset,The Global Biodiversity Information Facility [omid:ra/0602937814],
omid:br/0601017475 doi:10.15468/dl.icf8zv,GBIF Occurrence Download,Occdownload Gbif.Org [omid:ra/0602937815],2015,,,,,dataset,The Global Biodiversity Information Facility [omid:ra/0602937816],
omid:br/0601017476 doi:10.15468/dl.icfabl,Occurrence Download,Occdownload Gbif.Org [omid:ra/0602937817],2019,,,,,dataset,The Global Biodiversity Information Facility [omid:ra/0602937818],
omid:br/0601017477 doi:10.15468/dl.icfcrz,GBIF Occurrence Download,Occdownload Gbif.Org [omid:ra/0602937819],2016,,,,,dataset,The Global Biodiversity Information Facility [omid:ra/0602937820],
omid:br/0601017478 doi:10.15468/dl.icfe1j,Occurrence Download,Occdownload Gbif.Org [omid:ra/0602937821],2020,,,,,dataset,The Global Biodiversity Information Facility [omid:ra/0602937822],
omid:br/0601017479 doi:10.15468/dl.icffy0,GBIF Occurrence Download,Occdownload Gbif.Org [omid:ra/0602937823],2015,,,,,dataset,The Global Biodiversity Information Facility [omid:ra/0602937824],
omid:br/060101748 doi:10.1594/pangaea.186783 openalex:W2990965963,Vertical Distributions Phytoplankton Pigments At Station FLUPAC_011,"Blanchot, Jean [omid:ra/060219924]; André, J-M [omid:ra/060219925]; Navarette, Claudie [omid:ra/060219926]; Neveux, Jacques [omid:ra/060219927]; Radenac, Marie-Helene [omid:ra/060219928]",2001,,,,,dataset,Pangaea - Data Publisher For Earth & Environmental Science [omid:ra/060219929],
omid:br/0601017480 doi:10.15468/dl.icfgf2,GBIF Occurrence Download,Occdownload Gbif.Org [omid:ra/0602937825],2015,,,,,dataset,The Global Biodiversity Information Facility [omid:ra/0602937826],
omid:br/0601017481 doi:10.15468/dl.icfgn2,GBIF Occurrence Download,Occdownload Gbif.Org [omid:ra/0602937827],2017,,,,,dataset,The Global Biodiversity Information Facility [omid:ra/0602937828],
omid:br/0601017482 doi:10.15468/dl.icfgyy,GBIF Occurrence Download,Occdownload Gbif.Org [omid:ra/0602937829],2018,,,,,dataset,The Global Biodiversity Information Facility [omid:ra/0602937830],
omid:br/0601017483 doi:10.15468/dl.icfhug,GBIF Occurrence Download,Occdownload Gbif.Org [omid:ra/0602937831],2018,,,,,dataset,The Global Biodiversity Information Facility [omid:ra/0602937832],
omid:br/0601017484 doi:10.15468/dl.icflcw,GBIF Occurrence Download,Occdownload Gbif.Org [omid:ra/0602937833],2017,,,,,dataset,The Global Biodiversity Information Facility [omid:ra/0602937834],
omid:br/0601017485 doi:10.15468/dl.icflkh,GBIF Occurrence Download,Occdownload Gbif.Org [omid:ra/0602937835],2017,,,,,dataset,The Global Biodiversity Information Facility [omid:ra/0602937836],
omid:br/0601017486 doi:10.15468/dl.icfmnj,GBIF Occurrence Download,Occdownload Gbif.Org [omid:ra/0602937837],2015,,,,,dataset,The Global Biodiversity Information Facility [omid:ra/0602937838],
omid:br/0601017487 doi:10.15468/dl.icfmws,GBIF Occurrence Download,Occdownload Gbif.Org [omid:ra/0602937839],2018,,,,,dataset,The Global Biodiversity Information Facility [omid:ra/0602937840],
omid:br/0601017488 doi:10.15468/dl.icfnxl,Occurrence Download,Occdownload Gbif.Org [omid:ra/0602937841],2020,,,,,dataset,The Global Biodiversity Information Facility [omid:ra/0602937842],
omid:br/0601017489 doi:10.15468/dl.icfoze,GBIF Occurrence Download,Occdownload Gbif.Org [omid:ra/0602937843],2016,,,,,dataset,The Global Biodiversity Information Facility [omid:ra/0602937844],
omid:br/060101749 doi:10.1594/pangaea.186784,Vertical Distributions Phytoplankton Pigments At Station FLUPAC_012,"Blanchot, Jean [omid:ra/060219930]; André, J-M [omid:ra/060219931]; Navarette, Claudie [omid:ra/060219932]; Neveux, Jacques [omid:ra/060219933]; Radenac, Marie-Helene [omid:ra/060219934]",2001,,,,,dataset,Pangaea - Data Publisher For Earth & Environmental Science [omid:ra/060219935],
omid:br/0601017490 doi:10.15468/dl.icfqie,GBIF Occurrence Download,Occdownload Gbif.Org [omid:ra/0602937845],2016,,,,,dataset,The Global Biodiversity Information Facility [omid:ra/0602937846],
omid:br/0601017491 doi:10.15468/dl.icfqmx,GBIF Occurrence Download,Occdownload Gbif.Org [omid:ra/0602937847],2019,,,,,dataset,The Global Biodiversity Information Facility [omid:ra/0602937848],
omid:br/0601017492 doi:10.15468/dl.icftf5,GBIF Occurrence Download,Occdownload Gbif.Org [omid:ra/0602937849],2015,,,,,dataset,The Global Biodiversity Information Facility [omid:ra/0602937850],
omid:br/0601017493 doi:10.15468/dl.icfvdy,GBIF Occurrence Download,Occdownload Gbif.Org [omid:ra/0602937851],2017,,,,,dataset,The Global Biodiversity Information Facility [omid:ra/0602937852],
omid:br/0601017494 doi:10.15468/dl.icfvzl,GBIF Occurrence Download,Occdownload Gbif.Org [omid:ra/0602937853],2015,,,,,dataset,The Global Biodiversity Information Facility [omid:ra/0602937854],
omid:br/0601017495 doi:10.15468/dl.icfxas,GBIF Occurrence Download,Occdownload Gbif.Org [omid:ra/0602937855],2017,,,,,dataset,The Global Biodiversity Information Facility [omid:ra/0602937856],
omid:br/0601017496 doi:10.15468/dl.icfynu,Occurrence Download,Occdownload Gbif.Org [omid:ra/0602937857],2019,,,,,dataset,The Global Biodiversity Information Facility [omid:ra/0602937858],
omid:br/0601017497 doi:10.15468/dl.icfzdz,GBIF Occurrence Download,Occdownload Gbif.Org [omid:ra/0602937859],2017,,,,,dataset,The Global Biodiversity Information Facility [omid:ra/0602937860],
omid:br/0601017498 doi:10.15468/dl.icfzxd,GBIF Occurrence Download,Occdownload Gbif.Org [omid:ra/0602937861],2015,,,,,dataset,The Global Biodiversity Information Facility [omid:ra/0602937862],
omid:br/0601017499 doi:10.15468/dl.icg4mf,Occurrence Download,Occdownload Gbif.Org [omid:ra/0602937863],2020,,,,,dataset,The Global Biodiversity Information Facility [omid:ra/0602937864],
omid:br/06010175 doi:10.15468/dl.xy0wmo,Occurrence Download,Occdownload Gbif.Org [omid:ra/06029538],2019,,,,,dataset,The Global Biodiversity Information Facility [omid:ra/06029539],
omid:br/060101750 doi:10.1594/pangaea.186785 openalex:W2989650077,Vertical Distributions Phytoplankton Pigments At Station FLUPAC_014,"Blanchot, Jean [omid:ra/060219936]; André, J-M [omid:ra/060219937]; Navarette, Claudie [omid:ra/060219938]; Neveux, Jacques [omid:ra/060219939]; Radenac, Marie-Helene [omid:ra/060219940]",2001,,,,,dataset,Pangaea - Data Publisher For Earth & Environmental Science [omid:ra/060219941],
omid:br/0601017500 doi:10.15468/dl.icg7ug,GBIF Occurrence Download,Occdownload Gbif.Org [omid:ra/0602937865],2015,,,,,dataset,The Global Biodiversity Information Facility [omid:ra/0602937866],
omid:br/0601017501 doi:10.15468/dl.icg7ut,Occurrence Download,Occdownload Gbif.Org [omid:ra/0602937867],2019,,,,,dataset,The Global Biodiversity Information Facility [omid:ra/0602937868],
omid:br/0601017502 doi:10.15468/dl.icga7d,GBIF Occurrence Download,Occdownload Gbif.Org [omid:ra/0602937869],2016,,,,,dataset,The Global Biodiversity Information Facility [omid:ra/0602937870],
omid:br/0601017503 doi:10.15468/dl.icgbuq,Occurrence Download,Occdownload Gbif.Org [omid:ra/0602937871],2019,,,,,dataset,The Global Biodiversity Information Facility [omid:ra/0602937872],
omid:br/0601017504 doi:10.15468/dl.icgbuu,GBIF Occurrence Download,Occdownload Gbif.Org [omid:ra/0602937873],2015,,,,,dataset,The Global Biodiversity Information Facility [omid:ra/0602937874],
omid:br/0601017505 doi:10.15468/dl.icgebm,GBIF Occurrence Download,Occdownload Gbif.Org [omid:ra/0602937875],2018,,,,,dataset,The Global Biodiversity Information Facility [omid:ra/0602937876],
omid:br/0601017506 doi:10.15468/dl.icgkni,GBIF Occurrence Download,Occdownload Gbif.Org [omid:ra/0602937877],2016,,,,,dataset,The Global Biodiversity Information Facility [omid:ra/0602937878],
omid:br/0601017507 doi:10.15468/dl.icgkrz,GBIF Occurrence Download,Occdownload Gbif.Org [omid:ra/0602937879],2018,,,,,dataset,The Global Biodiversity Information Facility [omid:ra/0602937880],
omid:br/0601017508 doi:10.15468/dl.icgpjf,GBIF Occurrence Download,Occdownload Gbif.Org [omid:ra/0602937881],2018,,,,,dataset,The Global Biodiversity Information Facility [omid:ra/0602937882],
omid:br/0601017509 doi:10.15468/dl.icgqi2,GBIF Occurrence Download,Occdownload Gbif.Org [omid:ra/0602937883],2016,,,,,dataset,The Global Biodiversity Information Facility [omid:ra/0602937884],
omid:br/060101751 doi:10.1594/pangaea.186786,Vertical Distributions Phytoplankton Pigments At Station FLUPAC_015,"Blanchot, Jean [omid:ra/060219942]; André, J-M [omid:ra/060219943]; Navarette, Claudie [omid:ra/060219944]; Neveux, Jacques [omid:ra/060219945]; Radenac, Marie-Helene [omid:ra/060219946]",2001,,,,,dataset,Pangaea - Data Publisher For Earth & Environmental Science [omid:ra/060219947],
omid:br/0601017510 doi:10.15468/dl.icgsxk,GBIF Occurrence Download,Occdownload Gbif.Org [omid:ra/0602937885],2018,,,,,dataset,The Global Biodiversity Information Facility [omid:ra/0602937886],
omid:br/0601017511 doi:10.15468/dl.icgtkm,GBIF Occurrence Download,Occdownload Gbif.Org [omid:ra/0602937887],2018,,,,,dataset,The Global Biodiversity Information Facility [omid:ra/0602937888],
omid:br/0601017512 doi:10.15468/dl.icgu8h,Occurrence Download,Occdownload Gbif.Org [omid:ra/0602937889],2020,,,,,dataset,The Global Biodiversity Information Facility [omid:ra/0602937890],
omid:br/0601017513 doi:10.15468/dl.icgu9o,GBIF Occurrence Download,Occdownload Gbif.Org [omid:ra/0602937891],2015,,,,,dataset,The Global Biodiversity Information Facility [omid:ra/0602937892],
omid:br/0601017514 doi:10.15468/dl.icgyxq,GBIF Occurrence Download,Occdownload Gbif.Org [omid:ra/0602937893],2018,,,,,dataset,The Global Biodiversity Information Facility [omid:ra/0602937894],
omid:br/0601017515 doi:10.15468/dl.ich0zf,Occurrence Download,Occdownload Gbif.Org [omid:ra/0602937895],2020,,,,,dataset,The Global Biodiversity Information Facility [omid:ra/0602937896],
omid:br/0601017516 doi:10.15468/dl.ich3kc,GBIF Occurrence Download,Occdownload Gbif.Org [omid:ra/0602937897],2015,,,,,dataset,The Global Biodiversity Information Facility [omid:ra/0602937898],
omid:br/0601017517 doi:10.15468/dl.ich9ee,GBIF Occurrence Download,Occdownload Gbif.Org [omid:ra/0602937899],2015,,,,,dataset,The Global Biodiversity Information Facility [omid:ra/0602937900],
omid:br/0601017518 doi:10.15468/dl.ichamh,GBIF Occurrence Download,Occdownload Gbif.Org [omid:ra/0602937901],2018,,,,,dataset,The Global Biodiversity Information Facility [omid:ra/0602937902],
omid:br/0601017519 doi:10.15468/dl.ichape,GBIF Occurrence Download,Occdownload Gbif.Org [omid:ra/0602937903],2015,,,,,dataset,The Global Biodiversity Information Facility [omid:ra/0602937904],
omid:br/060101752 doi:10.1594/pangaea.186787,Vertical Distributions Phytoplankton Pigments At Station FLUPAC_016,"Blanchot, Jean [omid:ra/060219948]; André, J-M [omid:ra/060219949]; Navarette, Claudie [omid:ra/060219950]; Neveux, Jacques [omid:ra/060219951]; Radenac, Marie-Helene [omid:ra/060219952]",2001,,,,,dataset,Pangaea - Data Publisher For Earth & Environmental Science [omid:ra/060219953],
omid:br/0601017520 doi:10.15468/dl.ichfww,GBIF Occurrence Download,Occdownload Gbif.Org [omid:ra/0602937905],2015,,,,,dataset,The Global Biodiversity Information Facility [omid:ra/0602937906],
omid:br/0601017521 doi:10.15468/dl.ichgfd,GBIF Occurrence Download,Occdownload Gbif.Org [omid:ra/0602937907],2018,,,,,dataset,The Global Biodiversity Information Facility [omid:ra/0602937908],
omid:br/0601017522 doi:10.15468/dl.ichgsw,Occurrence Download,Occdownload Gbif.Org [omid:ra/0602937909],2020,,,,,dataset,The Global Biodiversity Information Facility [omid:ra/0602937910],
omid:br/0601017523 doi:10.15468/dl.ichmyd,GBIF Occurrence Download,Occdownload Gbif.Org [omid:ra/0602937911],2017,,,,,dataset,The Global Biodiversity Information Facility [omid:ra/0602937912],
omid:br/0601017524 doi:10.15468/dl.ichouv,Occurrence Download,Occdownload Gbif.Org [omid:ra/0602937913],2019,,,,,dataset,The Global Biodiversity Information Facility [omid:ra/0602937914],
omid:br/0601017525 doi:10.15468/dl.ichqzk,GBIF Occurrence Download,Occdownload Gbif.Org [omid:ra/0602937915],2016,,,,,dataset,The Global Biodiversity Information Facility [omid:ra/0602937916],
omid:br/0601017526 doi:10.15468/dl.ichtay,GBIF Occurrence Download,Occdownload Gbif.Org [omid:ra/0602937917],2015,,,,,dataset,The Global Biodiversity Information Facility [omid:ra/0602937918],
omid:br/0601017527 doi:10.15468/dl.ichulr,GBIF Occurrence Download,Occdownload Gbif.Org [omid:ra/0602937919],2016,,,,,dataset,The Global Biodiversity Information Facility [omid:ra/0602937920],
omid:br/0601017528 doi:10.15468/dl.ichvz1,GBIF Occurrence Download,Occdownload Gbif.Org [omid:ra/0602937921],2018,,,,,dataset,The Global Biodiversity Information Facility [omid:ra/0602937922],
omid:br/0601017529 doi:10.15468/dl.ichwio,GBIF Occurrence Download,Occdownload Gbif.Org [omid:ra/0602937923],2016,,,,,dataset,The Global Biodiversity Information Facility [omid:ra/0602937924],
omid:br/060101753 doi:10.1594/pangaea.186788 openalex:W2989783765,Vertical Distributions Phytoplankton Pigments At Station FLUPAC_017,"Blanchot, Jean [omid:ra/060219954]; André, J-M [omid:ra/060219955]; Navarette, Claudie [omid:ra/060219956]; Neveux, Jacques [omid:ra/060219957]; Radenac, Marie-Helene [omid:ra/060219958]",2001,,,,,dataset,Pangaea - Data Publisher For Earth & Environmental Science [omid:ra/060219959],
omid:br/0601017530 doi:10.15468/dl.ici2tt,GBIF Occurrence Download,Occdownload Gbif.Org [omid:ra/0602937925],2018,,,,,dataset,The Global Biodiversity Information Facility [omid:ra/0602937926],
omid:br/0601017531 doi:10.15468/dl.ici7gj,GBIF Occurrence Download,Occdownload Gbif.Org [omid:ra/0602937927],2019,,,,,dataset,The Global Biodiversity Information Facility [omid:ra/0602937928],
omid:br/0601017532 doi:10.15468/dl.ici7va,Occurrence Download,Occdownload Gbif.Org [omid:ra/0602937929],2019,,,,,dataset,The Global Biodiversity Information Facility [omid:ra/0602937930],
omid:br/0601017533 doi:10.15468/dl.iciara,GBIF Occurrence Download,Occdownload Gbif.Org [omid:ra/0602937931],2015,,,,,dataset,The Global Biodiversity Information Facility [omid:ra/0602937932],
omid:br/0601017534 doi:10.15468/dl.icicgu,GBIF Occurrence Download,Occdownload Gbif.Org [omid:ra/0602937933],2016,,,,,dataset,The Global Biodiversity Information Facility [omid:ra/0602937934],
omid:br/0601017535 doi:10.15468/dl.icicqw,GBIF Occurrence Download,Occdownload Gbif.Org [omid:ra/0602937935],2019,,,,,dataset,The Global Biodiversity Information Facility [omid:ra/0602937936],
omid:br/0601017536 doi:10.15468/dl.icids0,GBIF Occurrence Download,Occdownload Gbif.Org [omid:ra/0602937937],2017,,,,,dataset,The Global Biodiversity Information Facility [omid:ra/0602937938],
omid:br/0601017537 doi:10.15468/dl.icieds,GBIF Occurrence Download,Occdownload Gbif.Org [omid:ra/0602937939],2019,,,,,dataset,The Global Biodiversity Information Facility [omid:ra/0602937940],
omid:br/0601017538 doi:10.15468/dl.icik4a,GBIF Occurrence Download,Occdownload Gbif.Org [omid:ra/0602937941],2016,,,,,dataset,The Global Biodiversity Information Facility [omid:ra/0602937942],
omid:br/0601017539 doi:10.15468/dl.icikas,GBIF Occurrence Download,Occdownload Gbif.Org [omid:ra/0602937943],2015,,,,,dataset,The Global Biodiversity Information Facility [omid:ra/0602937944],
omid:br/060101754 doi:10.1594/pangaea.186789,Vertical Distributions Phytoplankton Pigments At Station FLUPAC_018,"Blanchot, Jean [omid:ra/060219960]; André, J-M [omid:ra/060219961]; Navarette, Claudie [omid:ra/060219962]; Neveux, Jacques [omid:ra/060219963]; Radenac, Marie-Helene [omid:ra/060219964]",2001,,,,,dataset,Pangaea - Data Publisher For Earth & Environmental Science [omid:ra/060219965],
omid:br/0601017540 doi:10.15468/dl.icilbb,GBIF Occurrence Download,Occdownload Gbif.Org [omid:ra/0602937945],2018,,,,,dataset,The Global Biodiversity Information Facility [omid:ra/0602937946],
omid:br/0601017541 doi:10.15468/dl.icimpg,GBIF Occurrence Download,Occdownload Gbif.Org [omid:ra/0602937947],2019,,,,,dataset,The Global Biodiversity Information Facility [omid:ra/0602937948],
omid:br/0601017542 doi:10.15468/dl.icimtq,GBIF Occurrence Download,Occdownload Gbif.Org [omid:ra/0602937949],2018,,,,,dataset,The Global Biodiversity Information Facility [omid:ra/0602937950],
omid:br/0601017543 doi:10.15468/dl.iciomr,Occurrence Download,Occdownload Gbif.Org [omid:ra/0602937951],2020,,,,,dataset,The Global Biodiversity Information Facility [omid:ra/0602937952],
omid:br/0601017544 doi:10.15468/dl.iciqfl,GBIF Occurrence Download,Occdownload Gbif.Org [omid:ra/0602937953],2015,,,,,dataset,The Global Biodiversity Information Facility [omid:ra/0602937954],
omid:br/0601017545 doi:10.15468/dl.iciqwb,GBIF Occurrence Download,Occdownload Gbif.Org [omid:ra/0602937955],2018,,,,,dataset,The Global Biodiversity Information Facility [omid:ra/0602937956],
omid:br/0601017546 doi:10.15468/dl.icir36,GBIF Occurrence Download,Occdownload Gbif.Org [omid:ra/0602937957],2018,,,,,dataset,The Global Biodiversity Information Facility [omid:ra/0602937958],
omid:br/0601017547 doi:10.15468/dl.icitmh,GBIF Occurrence Download,Occdownload Gbif.Org [omid:ra/0602937959],2017,,,,,dataset,The Global Biodiversity Information Facility [omid:ra/0602937960],
omid:br/0601017548 doi:10.15468/dl.iciv10,Occurrence Download,Occdownload Gbif.Org [omid:ra/0602937961],2019,,,,,dataset,The Global Biodiversity Information Facility [omid:ra/0602937962],
omid:br/0601017549 doi:10.15468/dl.icivsh,GBIF Occurrence Download,Occdownload Gbif.Org [omid:ra/0602937963],2018,,,,,dataset,The Global Biodiversity Information Facility [omid:ra/0602937964],
omid:br/060101755 doi:10.1594/pangaea.186790,Vertical Distributions Phytoplankton Pigments At Station FLUPAC_019,"Blanchot, Jean [omid:ra/060219966]; André, J-M [omid:ra/060219967]; Navarette, Claudie [omid:ra/060219968]; Neveux, Jacques [omid:ra/060219969]; Radenac, Marie-Helene [omid:ra/060219970]",2001,,,,,dataset,Pangaea - Data Publisher For Earth & Environmental Science [omid:ra/060219971],
omid:br/0601017550 doi:10.15468/dl.icixq0,GBIF Occurrence Download,Occdownload Gbif.Org [omid:ra/0602937965],2018,,,,,dataset,The Global Biodiversity Information Facility [omid:ra/0602937966],
omid:br/0601017551 doi:10.15468/dl.icixzp,GBIF Occurrence Download,Occdownload Gbif.Org [omid:ra/0602937967],2017,,,,,dataset,The Global Biodiversity Information Facility [omid:ra/0602937968],
omid:br/0601017552 doi:10.15468/dl.icizfi,GBIF Occurrence Download,Occdownload Gbif.Org [omid:ra/0602937969],2017,,,,,dataset,The Global Biodiversity Information Facility [omid:ra/0602937970],
omid:br/0601017553 doi:10.15468/dl.icizld,Occurrence Download,Occdownload Gbif.Org [omid:ra/0602937971],2019,,,,,dataset,The Global Biodiversity Information Facility [omid:ra/0602937972],
omid:br/0601017554 doi:10.15468/dl.icizut,GBIF Occurrence Download,Occdownload Gbif.Org [omid:ra/0602937973],2019,,,,,dataset,The Global Biodiversity Information Facility [omid:ra/0602937974],
omid:br/0601017555 doi:10.15468/dl.icj1bk,GBIF Occurrence Download,Occdownload Gbif.Org [omid:ra/0602937975],2015,,,,,dataset,The Global Biodiversity Information Facility [omid:ra/0602937976],
omid:br/0601017556 doi:10.15468/dl.icj1e7,GBIF Occurrence Download,Occdownload Gbif.Org [omid:ra/0602937977],2016,,,,,dataset,The Global Biodiversity Information Facility [omid:ra/0602937978],
omid:br/0601017557 doi:10.15468/dl.icj2bd,GBIF Occurrence Download,Occdownload Gbif.Org [omid:ra/0602937979],2016,,,,,dataset,The Global Biodiversity Information Facility [omid:ra/0602937980],
omid:br/0601017558 doi:10.15468/dl.icje56,GBIF Occurrence Download,Occdownload Gbif.Org [omid:ra/0602937981],2016,,,,,dataset,The Global Biodiversity Information Facility [omid:ra/0602937982],
omid:br/0601017559 doi:10.15468/dl.icjepd,Occurrence Download,Occdownload Gbif.Org [omid:ra/0602937983],2020,,,,,dataset,The Global Biodiversity Information Facility [omid:ra/0602937984],
omid:br/060101756 doi:10.1594/pangaea.186791 openalex:W2991391360,Vertical Distributions Phytoplankton Pigments At Station FLUPAC_021,"Blanchot, Jean [omid:ra/060219972]; André, J-M [omid:ra/060219973]; Navarette, Claudie [omid:ra/060219974]; Neveux, Jacques [omid:ra/060219975]; Radenac, Marie-Helene [omid:ra/060219976]",2001,,,,,dataset,Pangaea - Data Publisher For Earth & Environmental Science [omid:ra/060219977],
omid:br/0601017560 doi:10.15468/dl.icjnab,GBIF Occurrence Download,Occdownload Gbif.Org [omid:ra/0602937985],2018,,,,,dataset,The Global Biodiversity Information Facility [omid:ra/0602937986],
omid:br/0601017561 doi:10.15468/dl.icjoao,GBIF Occurrence Download,Occdownload Gbif.Org [omid:ra/0602937987],2018,,,,,dataset,The Global Biodiversity Information Facility [omid:ra/0602937988],
omid:br/0601017562 doi:10.15468/dl.icjoev,GBIF Occurrence Download,Occdownload Gbif.Org [omid:ra/0602937989],2015,,,,,dataset,The Global Biodiversity Information Facility [omid:ra/0602937990],
omid:br/0601017563 doi:10.15468/dl.icjopl,GBIF Occurrence Download,Occdownload Gbif.Org [omid:ra/0602937991],2018,,,,,dataset,The Global Biodiversity Information Facility [omid:ra/0602937992],
omid:br/0601017564 doi:10.15468/dl.icjpuk,Occurrence Download,Occdownload Gbif.Org [omid:ra/0602937993],2020,,,,,dataset,The Global Biodiversity Information Facility [omid:ra/0602937994],
omid:br/0601017565 doi:10.15468/dl.icjr0p,GBIF Occurrence Download,Occdownload Gbif.Org [omid:ra/0602937995],2017,,,,,dataset,The Global Biodiversity Information Facility [omid:ra/0602937996],
omid:br/0601017566 doi:10.15468/dl.icju7g,GBIF Occurrence Download,Occdownload Gbif.Org [omid:ra/0602937997],2016,,,,,dataset,The Global Biodiversity Information Facility [omid:ra/0602937998],
omid:br/0601017567 doi:10.15468/dl.icjvvv,GBIF Occurrence Download,Occdownload Gbif.Org [omid:ra/0602937999],2016,,,,,dataset,The Global Biodiversity Information Facility [omid:ra/0602938000],
omid:br/0601017568 doi:10.15468/dl.icjz2e,GBIF Occurrence Download,Occdownload Gbif.Org [omid:ra/0602938001],2015,,,,,dataset,The Global Biodiversity Information Facility [omid:ra/0602938002],
omid:br/0601017569 doi:10.15468/dl.ick8ma,GBIF Occurrence Download,Occdownload Gbif.Org [omid:ra/0602938003],2019,,,,,dataset,The Global Biodiversity Information Facility [omid:ra/0602938004],
omid:br/060101757 doi:10.1594/pangaea.186792,Vertical Distributions Phytoplankton Pigments At Station FLUPAC_022,"Blanchot, Jean [omid:ra/060219978]; André, J-M [omid:ra/060219979]; Navarette, Claudie [omid:ra/060219980]; Neveux, Jacques [omid:ra/060219981]; Radenac, Marie-Helene [omid:ra/060219982]",2001,,,,,dataset,Pangaea - Data Publisher For Earth & Environmental Science [omid:ra/060219983],
omid:br/0601017570 doi:10.15468/dl.ick9xd,GBIF Occurrence Download,Occdownload Gbif.Org [omid:ra/0602938005],2016,,,,,dataset,The Global Biodiversity Information Facility [omid:ra/0602938006],
omid:br/0601017571 doi:10.15468/dl.ick9xx,GBIF Occurrence Download,Occdownload Gbif.Org [omid:ra/0602938007],2016,,,,,dataset,The Global Biodiversity Information Facility [omid:ra/0602938008],
omid:br/0601017572 doi:10.15468/dl.ickbfl,GBIF Occurrence Download,Occdownload Gbif.Org [omid:ra/0602938009],2015,,,,,dataset,The Global Biodiversity Information Facility [omid:ra/0602938010],
omid:br/0601017573 doi:10.15468/dl.ickbhp,GBIF Occurrence Download,Occdownload Gbif.Org [omid:ra/0602938011],2016,,,,,dataset,The Global Biodiversity Information Facility [omid:ra/0602938012],
omid:br/0601017574 doi:10.15468/dl.ickbmp,Occurrence Download,Occdownload Gbif.Org [omid:ra/0602938013],2020,,,,,dataset,The Global Biodiversity Information Facility [omid:ra/0602938014],
omid:br/0601017575 doi:10.15468/dl.ickbnh,GBIF Occurrence Download,Occdownload Gbif.Org [omid:ra/0602938015],2015,,,,,dataset,The Global Biodiversity Information Facility [omid:ra/0602938016],
omid:br/0601017576 doi:10.15468/dl.ickci8,GBIF Occurrence Download,Occdownload Gbif.Org [omid:ra/0602938017],2017,,,,,dataset,The Global Biodiversity Information Facility [omid:ra/0602938018],
omid:br/0601017577 doi:10.15468/dl.ickdly,GBIF Occurrence Download,Occdownload Gbif.Org [omid:ra/0602938019],2015,,,,,dataset,The Global Biodiversity Information Facility [omid:ra/0602938020],
omid:br/0601017578 doi:10.15468/dl.ickdnp,GBIF Occurrence Download,Occdownload Gbif.Org [omid:ra/0602938021],2016,,,,,dataset,The Global Biodiversity Information Facility [omid:ra/0602938022],
omid:br/0601017579 doi:10.15468/dl.ickdpp,GBIF Occurrence Download,Occdownload Gbif.Org [omid:ra/0602938023],2018,,,,,dataset,The Global Biodiversity Information Facility [omid:ra/0602938024],
omid:br/060101758 doi:10.1594/pangaea.186793 openalex:W2991412553,Vertical Distributions Phytoplankton Pigments At Station FLUPAC_023,"Blanchot, Jean [omid:ra/060219984]; André, J-M [omid:ra/060219985]; Navarette, Claudie [omid:ra/060219986]; Neveux, Jacques [omid:ra/060219987]; Radenac, Marie-Helene [omid:ra/060219988]",2001,,,,,dataset,Pangaea - Data Publisher For Earth & Environmental Science [omid:ra/060219989],
omid:br/0601017580 doi:10.15468/dl.ickepr,GBIF Occurrence Download,Occdownload Gbif.Org [omid:ra/0602938025],2018,,,,,dataset,The Global Biodiversity Information Facility [omid:ra/0602938026],
omid:br/0601017581 doi:10.15468/dl.ickfg6,GBIF Occurrence Download,Occdownload Gbif.Org [omid:ra/0602938027],2018,,,,,dataset,The Global Biodiversity Information Facility [omid:ra/0602938028],
omid:br/0601017582 doi:10.15468/dl.ickg7q,GBIF Occurrence Download,Occdownload Gbif.Org [omid:ra/0602938029],2017,,,,,dataset,The Global Biodiversity Information Facility [omid:ra/0602938030],
omid:br/0601017583 doi:10.15468/dl.ickgef,GBIF Occurrence Download,Occdownload Gbif.Org [omid:ra/0602938031],2017,,,,,dataset,The Global Biodiversity Information Facility [omid:ra/0602938032],
omid:br/0601017584 doi:10.15468/dl.ickgx4,GBIF Occurrence Download,Occdownload Gbif.Org [omid:ra/0602938033],2019,,,,,dataset,The Global Biodiversity Information Facility [omid:ra/0602938034],
omid:br/0601017585 doi:10.15468/dl.ickkoz,Occurrence Download,Occdownload Gbif.Org [omid:ra/0602938035],2019,,,,,dataset,The Global Biodiversity Information Facility [omid:ra/0602938036],
omid:br/0601017586 doi:10.15468/dl.ickl4m,GBIF Occurrence Download,Occdownload Gbif.Org [omid:ra/0602938037],2018,,,,,dataset,The Global Biodiversity Information Facility [omid:ra/0602938038],
omid:br/0601017587 doi:10.15468/dl.ickls6,GBIF Occurrence Download,Occdownload Gbif.Org [omid:ra/0602938039],2018,,,,,dataset,The Global Biodiversity Information Facility [omid:ra/0602938040],
omid:br/0601017588 doi:10.15468/dl.icklur,GBIF Occurrence Download,Occdownload Gbif.Org [omid:ra/0602938041],2018,,,,,dataset,The Global Biodiversity Information Facility [omid:ra/0602938042],
omid:br/0601017589 doi:10.15468/dl.icklyq,GBIF Occurrence Download,Occdownload Gbif.Org [omid:ra/0602938043],2018,,,,,dataset,The Global Biodiversity Information Facility [omid:ra/0602938044],
omid:br/060101759 doi:10.1594/pangaea.186794,Vertical Distributions Phytoplankton Pigments At Station FLUPAC_026,"Blanchot, Jean [omid:ra/060219990]; André, J-M [omid:ra/060219991]; Navarette, Claudie [omid:ra/060219992]; Neveux, Jacques [omid:ra/060219993]; Radenac, Marie-Helene [omid:ra/060219994]",2001,,,,,dataset,Pangaea - Data Publisher For Earth & Environmental Science [omid:ra/060219995],
omid:br/0601017590 doi:10.15468/dl.ickmey,GBIF Occurrence Download,Occdownload Gbif.Org [omid:ra/0602938045],2017,,,,,dataset,The Global Biodiversity Information Facility [omid:ra/0602938046],
omid:br/0601017591 doi:10.15468/dl.ickuxx,GBIF Occurrence Download,Occdownload Gbif.Org [omid:ra/0602938047],2019,,,,,dataset,The Global Biodiversity Information Facility [omid:ra/0602938048],
omid:br/0601017592 doi:10.15468/dl.ickv3z,Occurrence Download,Occdownload Gbif.Org [omid:ra/0602938049],2020,,,,,dataset,The Global Biodiversity Information Facility [omid:ra/0602938050],
omid:br/0601017593 doi:10.15468/dl.icky0k,GBIF Occurrence Download,Occdownload Gbif.Org [omid:ra/0602938051],2016,,,,,dataset,The Global Biodiversity Information Facility [omid:ra/0602938052],
omid:br/0601017594 doi:10.15468/dl.ickyly,GBIF Occurrence Download,Occdownload Gbif.Org [omid:ra/0602938053],2019,,,,,dataset,The Global Biodiversity Information Facility [omid:ra/0602938054],
omid:br/0601017595 doi:10.15468/dl.ickzhs,GBIF Occurrence Download,Occdownload Gbif.Org [omid:ra/0602938055],2019,,,,,dataset,The Global Biodiversity Information Facility [omid:ra/0602938056],
omid:br/0601017596 doi:10.15468/dl.icl03q,GBIF Occurrence Download,Occdownload Gbif.Org [omid:ra/0602938057],2016,,,,,dataset,The Global Biodiversity Information Facility [omid:ra/0602938058],
omid:br/0601017597 doi:10.15468/dl.icl1kh,GBIF Occurrence Download,Occdownload Gbif.Org [omid:ra/0602938059],2016,,,,,dataset,The Global Biodiversity Information Facility [omid:ra/0602938060],
omid:br/0601017598 doi:10.15468/dl.icl4cl,Occurrence Download,Occdownload Gbif.Org [omid:ra/0602938061],2019,,,,,dataset,The Global Biodiversity Information Facility [omid:ra/0602938062],
omid:br/0601017599 doi:10.15468/dl.icl7ad,GBIF Occurrence Download,Occdownload Gbif.Org [omid:ra/0602938063],2016,,,,,dataset,The Global Biodiversity Information Facility [omid:ra/0602938064],
omid:br/06010176 doi:10.15468/dl.xy0zay,GBIF Occurrence Download,Occdownload Gbif.Org [omid:ra/06029540],2018,,,,,dataset,The Global Biodiversity Information Facility [omid:ra/06029541],
omid:br/060101760 doi:10.1594/pangaea.186795 openalex:W2991270044,Vertical Distributions Phytoplankton Pigments At Station FLUPAC_027,"Blanchot, Jean [omid:ra/060219996]; André, J-M [omid:ra/060219997]; Navarette, Claudie [omid:ra/060219998]; Neveux, Jacques [omid:ra/060219999]; Radenac, Marie-Helene [omid:ra/060220000]",2001,,,,,dataset,Pangaea - Data Publisher For Earth & Environmental Science [omid:ra/060220001],
omid:br/0601017600 doi:10.15468/dl.icl8bc,GBIF Occurrence Download,Occdownload Gbif.Org [omid:ra/0602938065],2015,,,,,dataset,The Global Biodiversity Information Facility [omid:ra/0602938066],
omid:br/0601017601 doi:10.15468/dl.icl8wo,GBIF Occurrence Download,Occdownload Gbif.Org [omid:ra/0602938067],2016,,,,,dataset,The Global Biodiversity Information Facility [omid:ra/0602938068],
omid:br/0601017602 doi:10.15468/dl.icl9wu,GBIF Occurrence Download,Occdownload Gbif.Org [omid:ra/0602938069],2017,,,,,dataset,The Global Biodiversity Information Facility [omid:ra/0602938070],
omid:br/0601017603 doi:10.15468/dl.iclac7,Occurrence Download,Occdownload Gbif.Org [omid:ra/0602938071],2019,,,,,dataset,The Global Biodiversity Information Facility [omid:ra/0602938072],
omid:br/0601017604 doi:10.15468/dl.iclane,GBIF Occurrence Download,Occdownload Gbif.Org [omid:ra/0602938073],2016,,,,,dataset,The Global Biodiversity Information Facility [omid:ra/0602938074],
omid:br/0601017605 doi:10.15468/dl.iclb7t,GBIF Occurrence Download,Occdownload Gbif.Org [omid:ra/0602938075],2018,,,,,dataset,The Global Biodiversity Information Facility [omid:ra/0602938076],
omid:br/0601017606 doi:10.15468/dl.iclbgg,GBIF Occurrence Download,Occdownload Gbif.Org [omid:ra/0602938077],2016,,,,,dataset,The Global Biodiversity Information Facility [omid:ra/0602938078],
omid:br/0601017607 doi:10.15468/dl.iclbxz,GBIF Occurrence Download,Occdownload Gbif.Org [omid:ra/0602938079],2015,,,,,dataset,The Global Biodiversity Information Facility [omid:ra/0602938080],
omid:br/0601017608 doi:10.15468/dl.iclcfo,Occurrence Download,Occdownload Gbif.Org [omid:ra/0602938081],2020,,,,,dataset,The Global Biodiversity Information Facility [omid:ra/0602938082],
omid:br/0601017609 doi:10.15468/dl.iclcmf,GBIF Occurrence Download,Occdownload Gbif.Org [omid:ra/0602938083],2015,,,,,dataset,The Global Biodiversity Information Facility [omid:ra/0602938084],
omid:br/060101761 doi:10.1594/pangaea.186796,Vertical Distributions Phytoplankton Pigments At Station FLUPAC_029,"Blanchot, Jean [omid:ra/060220002]; André, J-M [omid:ra/060220003]; Navarette, Claudie [omid:ra/060220004]; Neveux, Jacques [omid:ra/060220005]; Radenac, Marie-Helene [omid:ra/060220006]",2001,,,,,dataset,Pangaea - Data Publisher For Earth & Environmental Science [omid:ra/060220007],
omid:br/0601017610 doi:10.15468/dl.iclebn,GBIF Occurrence Download,Occdownload Gbif.Org [omid:ra/0602938085],2017,,,,,dataset,The Global Biodiversity Information Facility [omid:ra/0602938086],
omid:br/0601017611 doi:10.15468/dl.iclevj,GBIF Occurrence Download,Occdownload Gbif.Org [omid:ra/0602938087],2018,,,,,dataset,The Global Biodiversity Information Facility [omid:ra/0602938088],
omid:br/0601017612 doi:10.15468/dl.iclfg3,GBIF Occurrence Download,Occdownload Gbif.Org [omid:ra/0602938089],2016,,,,,dataset,The Global Biodiversity Information Facility [omid:ra/0602938090],
omid:br/0601017613 doi:10.15468/dl.iclgtf,GBIF Occurrence Download,Occdownload Gbif.Org [omid:ra/0602938091],2018,,,,,dataset,The Global Biodiversity Information Facility [omid:ra/0602938092],
omid:br/0601017614 doi:10.15468/dl.iclgxa,Occurrence Download,Occdownload Gbif.Org [omid:ra/0602938093],2019,,,,,dataset,The Global Biodiversity Information Facility [omid:ra/0602938094],
omid:br/0601017615 doi:10.15468/dl.iclgxh,Occurrence Download,Occdownload Gbif.Org [omid:ra/0602938095],2019,,,,,dataset,The Global Biodiversity Information Facility [omid:ra/0602938096],
omid:br/0601017616 doi:10.15468/dl.iclhzr,GBIF Occurrence Download,Occdownload Gbif.Org [omid:ra/0602938097],2016,,,,,dataset,The Global Biodiversity Information Facility [omid:ra/0602938098],
omid:br/0601017617 doi:10.15468/dl.iclicd,GBIF Occurrence Download,Occdownload Gbif.Org [omid:ra/0602938099],2015,,,,,dataset,The Global Biodiversity Information Facility [omid:ra/0602938100],
omid:br/0601017618 doi:10.15468/dl.icllrs,GBIF Occurrence Download,Occdownload Gbif.Org [omid:ra/0602938101],2019,,,,,dataset,The Global Biodiversity Information Facility [omid:ra/0602938102],
omid:br/0601017619 doi:10.15468/dl.iclo0x,GBIF Occurrence Download,Occdownload Gbif.Org [omid:ra/0602938103],2018,,,,,dataset,The Global Biodiversity Information Facility [omid:ra/0602938104],
omid:br/060101762 doi:10.1594/pangaea.186797 openalex:W2990846545,Vertical Distributions Phytoplankton Pigments At Station FLUPAC_031,"Blanchot, Jean [omid:ra/060220008]; André, J-M [omid:ra/060220009]; Navarette, Claudie [omid:ra/060220010]; Neveux, Jacques [omid:ra/060220011]; Radenac, Marie-Helene [omid:ra/060220012]",2001,,,,,dataset,Pangaea - Data Publisher For Earth & Environmental Science [omid:ra/060220013],
omid:br/0601017620 doi:10.15468/dl.icloe8,GBIF Occurrence Download,Occdownload Gbif.Org [omid:ra/0602938105],2019,,,,,dataset,The Global Biodiversity Information Facility [omid:ra/0602938106],
omid:br/0601017621 doi:10.15468/dl.iclp7j,GBIF Occurrence Download,Occdownload Gbif.Org [omid:ra/0602938107],2016,,,,,dataset,The Global Biodiversity Information Facility [omid:ra/0602938108],
omid:br/0601017622 doi:10.15468/dl.icltiw,GBIF Occurrence Download,Occdownload Gbif.Org [omid:ra/0602938109],2015,,,,,dataset,The Global Biodiversity Information Facility [omid:ra/0602938110],
omid:br/0601017623 doi:10.15468/dl.icltrd,GBIF Occurrence Download,Occdownload Gbif.Org [omid:ra/0602938111],2015,,,,,dataset,The Global Biodiversity Information Facility [omid:ra/0602938112],
omid:br/0601017624 doi:10.15468/dl.icltxb,GBIF Occurrence Download,Occdownload Gbif.Org [omid:ra/0602938113],2016,,,,,dataset,The Global Biodiversity Information Facility [omid:ra/0602938114],
omid:br/0601017625 doi:10.15468/dl.iclutd,GBIF Occurrence Download,Occdownload Gbif.Org [omid:ra/0602938115],2019,,,,,dataset,The Global Biodiversity Information Facility [omid:ra/0602938116],
omid:br/0601017626 doi:10.15468/dl.iclxku,GBIF Occurrence Download,Occdownload Gbif.Org [omid:ra/0602938117],2016,,,,,dataset,The Global Biodiversity Information Facility [omid:ra/0602938118],
omid:br/0601017627 doi:10.15468/dl.iclxnv,GBIF Occurrence Download,Occdownload Gbif.Org [omid:ra/0602938119],2015,,,,,dataset,The Global Biodiversity Information Facility [omid:ra/0602938120],
omid:br/0601017628 doi:10.15468/dl.iclykc,GBIF Occurrence Download,Occdownload Gbif.Org [omid:ra/0602938121],2018,,,,,dataset,The Global Biodiversity Information Facility [omid:ra/0602938122],
omid:br/0601017629 doi:10.15468/dl.icm57b,GBIF Occurrence Download,Occdownload Gbif.Org [omid:ra/0602938123],2018,,,,,dataset,The Global Biodiversity Information Facility [omid:ra/0602938124],
omid:br/060101763 doi:10.1594/pangaea.186798,Vertical Distributions Phytoplankton Pigments At Station FLUPAC_033,"Blanchot, Jean [omid:ra/060220014]; André, J-M [omid:ra/060220015]; Navarette, Claudie [omid:ra/060220016]; Neveux, Jacques [omid:ra/060220017]; Radenac, Marie-Helene [omid:ra/060220018]",2001,,,,,dataset,Pangaea - Data Publisher For Earth & Environmental Science [omid:ra/060220019],
omid:br/0601017630 doi:10.15468/dl.icm6h2,GBIF Occurrence Download,Occdownload Gbif.Org [omid:ra/0602938125],2017,,,,,dataset,The Global Biodiversity Information Facility [omid:ra/0602938126],
omid:br/0601017631 doi:10.15468/dl.icm6um,GBIF Occurrence Download,Occdownload Gbif.Org [omid:ra/0602938127],2019,,,,,dataset,The Global Biodiversity Information Facility [omid:ra/0602938128],
omid:br/0601017632 doi:10.15468/dl.icm8tm,GBIF Occurrence Download,Occdownload Gbif.Org [omid:ra/0602938129],2019,,,,,dataset,The Global Biodiversity Information Facility [omid:ra/0602938130],
omid:br/0601017633 doi:10.15468/dl.icm94w,Occurrence Download,Occdownload Gbif.Org [omid:ra/0602938131],2019,,,,,dataset,The Global Biodiversity Information Facility [omid:ra/0602938132],
omid:br/0601017634 doi:10.15468/dl.icmbio,GBIF Occurrence Download,Occdownload Gbif.Org [omid:ra/0602938133],2019,,,,,dataset,The Global Biodiversity Information Facility [omid:ra/0602938134],
omid:br/0601017635 doi:10.15468/dl.icmbvb,GBIF Occurrence Download,Occdownload Gbif.Org [omid:ra/0602938135],2017,,,,,dataset,The Global Biodiversity Information Facility [omid:ra/0602938136],
omid:br/0601017636 doi:10.15468/dl.icmd8d,GBIF Occurrence Download,Occdownload Gbif.Org [omid:ra/0602938137],2017,,,,,dataset,The Global Biodiversity Information Facility [omid:ra/0602938138],
omid:br/0601017637 doi:10.15468/dl.icmedn,GBIF Occurrence Download,Occdownload Gbif.Org [omid:ra/0602938139],2017,,,,,dataset,The Global Biodiversity Information Facility [omid:ra/0602938140],
omid:br/0601017638 doi:10.15468/dl.icmgnc,GBIF Occurrence Download,Occdownload Gbif.Org [omid:ra/0602938141],2018,,,,,dataset,The Global Biodiversity Information Facility [omid:ra/0602938142],
omid:br/0601017639 doi:10.15468/dl.icmgtf,GBIF Occurrence Download,Occdownload Gbif.Org [omid:ra/0602938143],2015,,,,,dataset,The Global Biodiversity Information Facility [omid:ra/0602938144],
omid:br/060101764 doi:10.1594/pangaea.186799,Vertical Distributions Phytoplankton Pigments At Station FLUPAC_035,"Blanchot, Jean [omid:ra/060220020]; André, J-M [omid:ra/060220021]; Navarette, Claudie [omid:ra/060220022]; Neveux, Jacques [omid:ra/060220023]; Radenac, Marie-Helene [omid:ra/060220024]",2001,,,,,dataset,Pangaea - Data Publisher For Earth & Environmental Science [omid:ra/060220025],
omid:br/0601017640 doi:10.15468/dl.icmhkg,GBIF Occurrence Download,Occdownload Gbif.Org [omid:ra/0602938145],2016,,,,,dataset,The Global Biodiversity Information Facility [omid:ra/0602938146],
omid:br/0601017641 doi:10.15468/dl.icmini,GBIF Occurrence Download,Occdownload Gbif.Org [omid:ra/0602938147],2016,,,,,dataset,The Global Biodiversity Information Facility [omid:ra/0602938148],
omid:br/0601017642 doi:10.15468/dl.icmkem,Occurrence Download,Occdownload Gbif.Org [omid:ra/0602938149],2020,,,,,dataset,The Global Biodiversity Information Facility [omid:ra/0602938150],
omid:br/0601017643 doi:10.15468/dl.icmlcn,Occurrence Download,Occdownload Gbif.Org [omid:ra/0602938151],2020,,,,,dataset,The Global Biodiversity Information Facility [omid:ra/0602938152],
omid:br/0601017644 doi:10.15468/dl.icmowq,Occurrence Download,Occdownload Gbif.Org [omid:ra/0602938153],2019,,,,,dataset,The Global Biodiversity Information Facility [omid:ra/0602938154],
omid:br/0601017645 doi:10.15468/dl.icmqz9,GBIF Occurrence Download,Occdownload Gbif.Org [omid:ra/0602938155],2018,,,,,dataset,The Global Biodiversity Information Facility [omid:ra/0602938156],
omid:br/0601017646 doi:10.15468/dl.icmsl7,GBIF Occurrence Download,Occdownload Gbif.Org [omid:ra/0602938157],2019,,,,,dataset,The Global Biodiversity Information Facility [omid:ra/0602938158],
omid:br/0601017647 doi:10.15468/dl.icmt7f,GBIF Occurrence Download,Occdownload Gbif.Org [omid:ra/0602938159],2017,,,,,dataset,The Global Biodiversity Information Facility [omid:ra/0602938160],
omid:br/0601017648 doi:10.15468/dl.icmtg5,Occurrence Download,Occdownload Gbif.Org [omid:ra/0602938161],2019,,,,,dataset,The Global Biodiversity Information Facility [omid:ra/0602938162],
omid:br/0601017649 doi:10.15468/dl.icmthl,GBIF Occurrence Download,Occdownload Gbif.Org [omid:ra/0602938163],2016,,,,,dataset,The Global Biodiversity Information Facility [omid:ra/0602938164],
omid:br/060101765 doi:10.1594/pangaea.186800 openalex:W2925273366,Vertical Distributions Phytoplankton Pigments At Station FLUPAC_037,"Blanchot, Jean [omid:ra/060220026]; André, J-M [omid:ra/060220027]; Navarette, Claudie [omid:ra/060220028]; Neveux, Jacques [omid:ra/060220029]; Radenac, Marie-Helene [omid:ra/060220030]",2001,,,,,dataset,Pangaea - Data Publisher For Earth & Environmental Science [omid:ra/060220031],
omid:br/0601017650 doi:10.15468/dl.icmvsm,GBIF Occurrence Download,Occdownload Gbif.Org [omid:ra/0602938165],2016,,,,,dataset,The Global Biodiversity Information Facility [omid:ra/0602938166],
omid:br/0601017651 doi:10.15468/dl.icmw8v,GBIF Occurrence Download,Occdownload Gbif.Org [omid:ra/0602938167],2016,,,,,dataset,The Global Biodiversity Information Facility [omid:ra/0602938168],
omid:br/0601017652 doi:10.15468/dl.icmx9x,GBIF Occurrence Download,Occdownload Gbif.Org [omid:ra/0602938169],2019,,,,,dataset,The Global Biodiversity Information Facility [omid:ra/0602938170],
omid:br/0601017653 doi:10.15468/dl.icmxtx,GBIF Occurrence Download,Occdownload Gbif.Org [omid:ra/0602938171],2018,,,,,dataset,The Global Biodiversity Information Facility [omid:ra/0602938172],
omid:br/0601017654 doi:10.15468/dl.icmxva,GBIF Occurrence Download,Occdownload Gbif.Org [omid:ra/0602938173],2019,,,,,dataset,The Global Biodiversity Information Facility [omid:ra/0602938174],
omid:br/0601017655 doi:10.15468/dl.icmyqa,GBIF Occurrence Download,Occdownload Gbif.Org [omid:ra/0602938175],2016,,,,,dataset,The Global Biodiversity Information Facility [omid:ra/0602938176],
omid:br/0601017656 doi:10.15468/dl.icmyxc,GBIF Occurrence Download,Occdownload Gbif.Org [omid:ra/0602938177],2015,,,,,dataset,The Global Biodiversity Information Facility [omid:ra/0602938178],
omid:br/0601017657 doi:10.15468/dl.icn2fw,Occurrence Download,Occdownload Gbif.Org [omid:ra/0602938179],2020,,,,,dataset,The Global Biodiversity Information Facility [omid:ra/0602938180],
omid:br/0601017658 doi:10.15468/dl.icn6cn,GBIF Occurrence Download,Occdownload Gbif.Org [omid:ra/0602938181],2015,,,,,dataset,The Global Biodiversity Information Facility [omid:ra/0602938182],
omid:br/0601017659 doi:10.15468/dl.icn76m,GBIF Occurrence Download,Occdownload Gbif.Org [omid:ra/0602938183],2016,,,,,dataset,The Global Biodiversity Information Facility [omid:ra/0602938184],
omid:br/060101766 doi:10.1594/pangaea.186801,Vertical Distributions Phytoplankton Pigments At Station FLUPAC_039,"Blanchot, Jean [omid:ra/060220032]; André, J-M [omid:ra/060220033]; Navarette, Claudie [omid:ra/060220034]; Neveux, Jacques [omid:ra/060220035]; Radenac, Marie-Helene [omid:ra/060220036]",2001,,,,,dataset,Pangaea - Data Publisher For Earth & Environmental Science [omid:ra/060220037],
omid:br/0601017660 doi:10.15468/dl.icn7t8,Occurrence Download,Occdownload Gbif.Org [omid:ra/0602938185],2019,,,,,dataset,The Global Biodiversity Information Facility [omid:ra/0602938186],
omid:br/0601017661 doi:10.15468/dl.icn9pf,GBIF Occurrence Download,Occdownload Gbif.Org [omid:ra/0602938187],2017,,,,,dataset,The Global Biodiversity Information Facility [omid:ra/0602938188],
omid:br/0601017662 doi:10.15468/dl.icn9s7,GBIF Occurrence Download,Occdownload Gbif.Org [omid:ra/0602938189],2016,,,,,dataset,The Global Biodiversity Information Facility [omid:ra/0602938190],
omid:br/0601017663 doi:10.15468/dl.icnbg5,GBIF Occurrence Download,Occdownload Gbif.Org [omid:ra/0602938191],2019,,,,,dataset,The Global Biodiversity Information Facility [omid:ra/0602938192],
omid:br/0601017664 doi:10.15468/dl.icncfl,GBIF Occurrence Download,Occdownload Gbif.Org [omid:ra/0602938193],2015,,,,,dataset,The Global Biodiversity Information Facility [omid:ra/0602938194],
omid:br/0601017665 doi:10.15468/dl.icndkt,GBIF Occurrence Download,Occdownload Gbif.Org [omid:ra/0602938195],2015,,,,,dataset,The Global Biodiversity Information Facility [omid:ra/0602938196],
omid:br/0601017666 doi:10.15468/dl.icndpj,Occurrence Download,Occdownload Gbif.Org [omid:ra/0602938197],2019,,,,,dataset,The Global Biodiversity Information Facility [omid:ra/0602938198],
omid:br/0601017667 doi:10.15468/dl.icnfky,GBIF Occurrence Download,Occdownload Gbif.Org [omid:ra/0602938199],2017,,,,,dataset,The Global Biodiversity Information Facility [omid:ra/0602938200],
omid:br/0601017668 doi:10.15468/dl.icnhiy,Occurrence Download,Occdownload Gbif.Org [omid:ra/0602938201],2019,,,,,dataset,The Global Biodiversity Information Facility [omid:ra/0602938202],
omid:br/0601017669 doi:10.15468/dl.icniep,GBIF Occurrence Download,Occdownload Gbif.Org [omid:ra/0602938203],2017,,,,,dataset,The Global Biodiversity Information Facility [omid:ra/0602938204],
omid:br/060101767 doi:10.1594/pangaea.186802 openalex:W2990233102,Vertical Distributions Phytoplankton Pigments At Station FLUPAC_041,"Blanchot, Jean [omid:ra/060220038]; André, J-M [omid:ra/060220039]; Navarette, Claudie [omid:ra/060220040]; Neveux, Jacques [omid:ra/060220041]; Radenac, Marie-Helene [omid:ra/060220042]",2001,,,,,dataset,Pangaea - Data Publisher For Earth & Environmental Science [omid:ra/060220043],
omid:br/0601017670 doi:10.15468/dl.icnjcf,GBIF Occurrence Download,Occdownload Gbif.Org [omid:ra/0602938205],2017,,,,,dataset,The Global Biodiversity Information Facility [omid:ra/0602938206],
omid:br/0601017671 doi:10.15468/dl.icnjt0,GBIF Occurrence Download,Occdownload Gbif.Org [omid:ra/0602938207],2019,,,,,dataset,The Global Biodiversity Information Facility [omid:ra/0602938208],
omid:br/0601017672 doi:10.15468/dl.icnm2j,GBIF Occurrence Download,Occdownload Gbif.Org [omid:ra/0602938209],2019,,,,,dataset,The Global Biodiversity Information Facility [omid:ra/0602938210],
omid:br/0601017673 doi:10.15468/dl.icnn6h,GBIF Occurrence Download,Occdownload Gbif.Org [omid:ra/0602938211],2016,,,,,dataset,The Global Biodiversity Information Facility [omid:ra/0602938212],
omid:br/0601017674 doi:10.15468/dl.icnpcl,Occurrence Download,Occdownload Gbif.Org [omid:ra/0602938213],2020,,,,,dataset,The Global Biodiversity Information Facility [omid:ra/0602938214],
omid:br/0601017675 doi:10.15468/dl.icnthc,GBIF Occurrence Download,Occdownload Gbif.Org [omid:ra/0602938215],2019,,,,,dataset,The Global Biodiversity Information Facility [omid:ra/0602938216],
omid:br/0601017676 doi:10.15468/dl.icntko,GBIF Occurrence Download,Occdownload Gbif.Org [omid:ra/0602938217],2016,,,,,dataset,The Global Biodiversity Information Facility [omid:ra/0602938218],
omid:br/0601017677 doi:10.15468/dl.icnucj,GBIF Occurrence Download,Occdownload Gbif.Org [omid:ra/0602938219],2015,,,,,dataset,The Global Biodiversity Information Facility [omid:ra/0602938220],
omid:br/0601017678 doi:10.15468/dl.icnypv,Occurrence Download,Occdownload Gbif.Org [omid:ra/0602938221],2019,,,,,dataset,The Global Biodiversity Information Facility [omid:ra/0602938222],
omid:br/0601017679 doi:10.15468/dl.icnz0f,Occurrence Download,Occdownload Gbif.Org [omid:ra/0602938223],2019,,,,,dataset,The Global Biodiversity Information Facility [omid:ra/0602938224],
omid:br/060101768 doi:10.1594/pangaea.186803,Vertical Distributions Phytoplankton Pigments At Station FLUPAC_043,"Blanchot, Jean [omid:ra/060220044]; André, J-M [omid:ra/060220045]; Navarette, Claudie [omid:ra/060220046]; Neveux, Jacques [omid:ra/060220047]; Radenac, Marie-Helene [omid:ra/060220048]",2001,,,,,dataset,Pangaea - Data Publisher For Earth & Environmental Science [omid:ra/060220049],
omid:br/0601017680 doi:10.15468/dl.ico4ub,GBIF Occurrence Download,Occdownload Gbif.Org [omid:ra/0602938225],2018,,,,,dataset,The Global Biodiversity Information Facility [omid:ra/0602938226],
omid:br/0601017681 doi:10.15468/dl.ico560,GBIF Occurrence Download,Occdownload Gbif.Org [omid:ra/0602938227],2017,,,,,dataset,The Global Biodiversity Information Facility [omid:ra/0602938228],
omid:br/0601017682 doi:10.15468/dl.ico89x,GBIF Occurrence Download,Occdownload Gbif.Org [omid:ra/0602938229],2019,,,,,dataset,The Global Biodiversity Information Facility [omid:ra/0602938230],
omid:br/0601017683 doi:10.15468/dl.icoa0j,Occurrence Download,Occdownload Gbif.Org [omid:ra/0602938231],2019,,,,,dataset,The Global Biodiversity Information Facility [omid:ra/0602938232],
omid:br/0601017684 doi:10.15468/dl.icoahk,GBIF Occurrence Download,Occdownload Gbif.Org [omid:ra/0602938233],2019,,,,,dataset,The Global Biodiversity Information Facility [omid:ra/0602938234],
omid:br/0601017685 doi:10.15468/dl.icoay4,Occurrence Download,Occdownload Gbif.Org [omid:ra/0602938235],2020,,,,,dataset,The Global Biodiversity Information Facility [omid:ra/0602938236],
omid:br/0601017686 doi:10.15468/dl.icob63,Occurrence Download,Occdownload Gbif.Org [omid:ra/0602938237],2020,,,,,dataset,The Global Biodiversity Information Facility [omid:ra/0602938238],
omid:br/0601017687 doi:10.15468/dl.icodml,Occurrence Download,Occdownload Gbif.Org [omid:ra/0602938239],2020,,,,,dataset,The Global Biodiversity Information Facility [omid:ra/0602938240],
omid:br/0601017688 doi:10.15468/dl.icodyf,Occurrence Download,Occdownload Gbif.Org [omid:ra/0602938241],2019,,,,,dataset,The Global Biodiversity Information Facility [omid:ra/0602938242],
omid:br/0601017689 doi:10.15468/dl.icohua,GBIF Occurrence Download,Occdownload Gbif.Org [omid:ra/0602938243],2019,,,,,dataset,The Global Biodiversity Information Facility [omid:ra/0602938244],
omid:br/060101769 doi:10.1594/pangaea.186804,Vertical Distributions Phytoplankton Pigments At Station FLUPAC_047,"Blanchot, Jean [omid:ra/060220050]; André, J-M [omid:ra/060220051]; Navarette, Claudie [omid:ra/060220052]; Neveux, Jacques [omid:ra/060220053]; Radenac, Marie-Helene [omid:ra/060220054]",2001,,,,,dataset,Pangaea - Data Publisher For Earth & Environmental Science [omid:ra/060220055],
omid:br/0601017690 doi:10.15468/dl.icolsw,GBIF Occurrence Download,Occdownload Gbif.Org [omid:ra/0602938245],2016,,,,,dataset,The Global Biodiversity Information Facility [omid:ra/0602938246],
omid:br/0601017691 doi:10.15468/dl.icom4s,GBIF Occurrence Download,Occdownload Gbif.Org [omid:ra/0602938247],2017,,,,,dataset,The Global Biodiversity Information Facility [omid:ra/0602938248],
omid:br/0601017692 doi:10.15468/dl.icoojw,GBIF Occurrence Download,Occdownload Gbif.Org [omid:ra/0602938249],2015,,,,,dataset,The Global Biodiversity Information Facility [omid:ra/0602938250],
omid:br/0601017693 doi:10.15468/dl.icootw,GBIF Occurrence Download,Occdownload Gbif.Org [omid:ra/0602938251],2015,,,,,dataset,The Global Biodiversity Information Facility [omid:ra/0602938252],
omid:br/0601017694 doi:10.15468/dl.icoq0i,GBIF Occurrence Download,Occdownload Gbif.Org [omid:ra/0602938253],2016,,,,,dataset,The Global Biodiversity Information Facility [omid:ra/0602938254],
omid:br/0601017695 doi:10.15468/dl.icoqwa,GBIF Occurrence Download,Occdownload Gbif.Org [omid:ra/0602938255],2018,,,,,dataset,The Global Biodiversity Information Facility [omid:ra/0602938256],
omid:br/0601017696 doi:10.15468/dl.icoqyq,GBIF Occurrence Download,Occdownload Gbif.Org [omid:ra/0602938257],2015,,,,,dataset,The Global Biodiversity Information Facility [omid:ra/0602938258],
omid:br/0601017697 doi:10.15468/dl.icorep,GBIF Occurrence Download,Occdownload Gbif.Org [omid:ra/0602938259],2015,,,,,dataset,The Global Biodiversity Information Facility [omid:ra/0602938260],
omid:br/0601017698 doi:10.15468/dl.icosoq,GBIF Occurrence Download,Occdownload Gbif.Org [omid:ra/0602938261],2018,,,,,dataset,The Global Biodiversity Information Facility [omid:ra/0602938262],
omid:br/0601017699 doi:10.15468/dl.icot2g,Occurrence Download,Occdownload Gbif.Org [omid:ra/0602938263],2019,,,,,dataset,The Global Biodiversity Information Facility [omid:ra/0602938264],
omid:br/06010177 doi:10.15468/dl.xy16nu,Occurrence Download,Occdownload Gbif.Org [omid:ra/06029542],2020,,,,,dataset,The Global Biodiversity Information Facility [omid:ra/06029543],
omid:br/060101770 doi:10.1594/pangaea.186805,Vertical Distributions Phytoplankton Pigments At Station FLUPAC_049,"Blanchot, Jean [omid:ra/060220056]; André, J-M [omid:ra/060220057]; Navarette, Claudie [omid:ra/060220058]; Neveux, Jacques [omid:ra/060220059]; Radenac, Marie-Helene [omid:ra/060220060]",2001,,,,,dataset,Pangaea - Data Publisher For Earth & Environmental Science [omid:ra/060220061],
omid:br/0601017700 doi:10.15468/dl.icoxxj,GBIF Occurrence Download,Occdownload Gbif.Org [omid:ra/0602938265],2019,,,,,dataset,The Global Biodiversity Information Facility [omid:ra/0602938266],
omid:br/0601017701 doi:10.15468/dl.icoyep,GBIF Occurrence Download,Occdownload Gbif.Org [omid:ra/0602938267],2015,,,,,dataset,The Global Biodiversity Information Facility [omid:ra/0602938268],
omid:br/0601017702 doi:10.15468/dl.icoyfw,GBIF Occurrence Download,Occdownload Gbif.Org [omid:ra/0602938269],2018,,,,,dataset,The Global Biodiversity Information Facility [omid:ra/0602938270],
omid:br/0601017703 doi:10.15468/dl.icoytx,GBIF Occurrence Download,Occdownload Gbif.Org [omid:ra/0602938271],2018,,,,,dataset,The Global Biodiversity Information Facility [omid:ra/0602938272],
omid:br/0601017704 doi:10.15468/dl.icp3sy,GBIF Occurrence Download,Occdownload Gbif.Org [omid:ra/0602938273],2016,,,,,dataset,The Global Biodiversity Information Facility [omid:ra/0602938274],
omid:br/0601017705 doi:10.15468/dl.icp4i5,GBIF Occurrence Download,Occdownload Gbif.Org [omid:ra/0602938275],2019,,,,,dataset,The Global Biodiversity Information Facility [omid:ra/0602938276],
omid:br/0601017706 doi:10.15468/dl.icp4jf,GBIF Occurrence Download,Occdownload Gbif.Org [omid:ra/0602938277],2016,,,,,dataset,The Global Biodiversity Information Facility [omid:ra/0602938278],
omid:br/0601017707 doi:10.15468/dl.icp7yi,GBIF Occurrence Download,Occdownload Gbif.Org [omid:ra/0602938279],2015,,,,,dataset,The Global Biodiversity Information Facility [omid:ra/0602938280],
omid:br/0601017708 doi:10.15468/dl.icp9y0,GBIF Occurrence Download,Occdownload Gbif.Org [omid:ra/0602938281],2019,,,,,dataset,The Global Biodiversity Information Facility [omid:ra/0602938282],
omid:br/0601017709 doi:10.15468/dl.icpbhk,GBIF Occurrence Download,Occdownload Gbif.Org [omid:ra/0602938283],2018,,,,,dataset,The Global Biodiversity Information Facility [omid:ra/0602938284],
omid:br/060101771 doi:10.1594/pangaea.186806 openalex:W2989846335,Vertical Distributions Phytoplankton Pigments At Station FLUPAC_053,"Blanchot, Jean [omid:ra/060220062]; André, J-M [omid:ra/060220063]; Navarette, Claudie [omid:ra/060220064]; Neveux, Jacques [omid:ra/060220065]; Radenac, Marie-Helene [omid:ra/060220066]",2001,,,,,dataset,Pangaea - Data Publisher For Earth & Environmental Science [omid:ra/060220067],
omid:br/0601017710 doi:10.15468/dl.icpewd,GBIF Occurrence Download,Occdownload Gbif.Org [omid:ra/0602938285],2018,,,,,dataset,The Global Biodiversity Information Facility [omid:ra/0602938286],
omid:br/0601017711 doi:10.15468/dl.icpff0,GBIF Occurrence Download,Occdownload Gbif.Org [omid:ra/0602938287],2015,,,,,dataset,The Global Biodiversity Information Facility [omid:ra/0602938288],
omid:br/0601017712 doi:10.15468/dl.icpfw2,GBIF Occurrence Download,Occdownload Gbif.Org [omid:ra/0602938289],2016,,,,,dataset,The Global Biodiversity Information Facility [omid:ra/0602938290],
omid:br/0601017713 doi:10.15468/dl.icpg83,GBIF Occurrence Download,Occdownload Gbif.Org [omid:ra/0602938291],2016,,,,,dataset,The Global Biodiversity Information Facility [omid:ra/0602938292],
omid:br/0601017714 doi:10.15468/dl.icpgt3,GBIF Occurrence Download,Occdownload Gbif.Org [omid:ra/0602938293],2017,,,,,dataset,The Global Biodiversity Information Facility [omid:ra/0602938294],
omid:br/0601017715 doi:10.15468/dl.icpgyf,GBIF Occurrence Download,Occdownload Gbif.Org [omid:ra/0602938295],2018,,,,,dataset,The Global Biodiversity Information Facility [omid:ra/0602938296],
omid:br/0601017716 doi:10.15468/dl.icpikl,GBIF Occurrence Download,Occdownload Gbif.Org [omid:ra/0602938297],2015,,,,,dataset,The Global Biodiversity Information Facility [omid:ra/0602938298],
omid:br/0601017717 doi:10.15468/dl.icpjyj,GBIF Occurrence Download,Occdownload Gbif.Org [omid:ra/0602938299],2018,,,,,dataset,The Global Biodiversity Information Facility [omid:ra/0602938300],
omid:br/0601017718 doi:10.15468/dl.icpkuz,GBIF Occurrence Download,Occdownload Gbif.Org [omid:ra/0602938301],2016,,,,,dataset,The Global Biodiversity Information Facility [omid:ra/0602938302],
omid:br/0601017719 doi:10.15468/dl.icpnff,GBIF Occurrence Download,Occdownload Gbif.Org [omid:ra/0602938303],2017,,,,,dataset,The Global Biodiversity Information Facility [omid:ra/0602938304],
omid:br/060101772 doi:10.1594/pangaea.186807,Vertical Distributions Phytoplankton Pigments At Station FLUPAC_055,"Blanchot, Jean [omid:ra/060220068]; André, J-M [omid:ra/060220069]; Navarette, Claudie [omid:ra/060220070]; Neveux, Jacques [omid:ra/060220071]; Radenac, Marie-Helene [omid:ra/060220072]",2001,,,,,dataset,Pangaea - Data Publisher For Earth & Environmental Science [omid:ra/060220073],
omid:br/0601017720 doi:10.15468/dl.icpnfz,GBIF Occurrence Download,Occdownload Gbif.Org [omid:ra/0602938305],2015,,,,,dataset,The Global Biodiversity Information Facility [omid:ra/0602938306],
omid:br/0601017721 doi:10.15468/dl.icpqwi,GBIF Occurrence Download,Occdownload Gbif.Org [omid:ra/0602938307],2015,,,,,dataset,The Global Biodiversity Information Facility [omid:ra/0602938308],
omid:br/0601017722 doi:10.15468/dl.icpsyl,GBIF Occurrence Download,Occdownload Gbif.Org [omid:ra/0602938309],2017,,,,,dataset,The Global Biodiversity Information Facility [omid:ra/0602938310],
omid:br/0601017723 doi:10.15468/dl.icpxht,GBIF Occurrence Download,Occdownload Gbif.Org [omid:ra/0602938311],2019,,,,,dataset,The Global Biodiversity Information Facility [omid:ra/0602938312],
omid:br/0601017724 doi:10.15468/dl.icq4hs,GBIF Occurrence Download,Occdownload Gbif.Org [omid:ra/0602938313],2017,,,,,dataset,The Global Biodiversity Information Facility [omid:ra/0602938314],
omid:br/0601017725 doi:10.15468/dl.icqaha,GBIF Occurrence Download,Occdownload Gbif.Org [omid:ra/0602938315],2015,,,,,dataset,The Global Biodiversity Information Facility [omid:ra/0602938316],
omid:br/0601017726 doi:10.15468/dl.icqaqh,GBIF Occurrence Download,Occdownload Gbif.Org [omid:ra/0602938317],2018,,,,,dataset,The Global Biodiversity Information Facility [omid:ra/0602938318],
omid:br/0601017727 doi:10.15468/dl.icqbd4,Occurrence Download,Occdownload Gbif.Org [omid:ra/0602938319],2020,,,,,dataset,The Global Biodiversity Information Facility [omid:ra/0602938320],
omid:br/0601017728 doi:10.15468/dl.icqc1y,GBIF Occurrence Download,Occdownload Gbif.Org [omid:ra/0602938321],2018,,,,,dataset,The Global Biodiversity Information Facility [omid:ra/0602938322],
omid:br/0601017729 doi:10.15468/dl.icqcd6,GBIF Occurrence Download,Occdownload Gbif.Org [omid:ra/0602938323],2019,,,,,dataset,The Global Biodiversity Information Facility [omid:ra/0602938324],
omid:br/060101773 doi:10.1594/pangaea.186808,Vertical Distributions Phytoplankton Pigments At Station FLUPAC_056,"Blanchot, Jean [omid:ra/060220074]; André, J-M [omid:ra/060220075]; Navarette, Claudie [omid:ra/060220076]; Neveux, Jacques [omid:ra/060220077]; Radenac, Marie-Helene [omid:ra/060220078]",2001,,,,,dataset,Pangaea - Data Publisher For Earth & Environmental Science [omid:ra/060220079],
omid:br/0601017730 doi:10.15468/dl.icqcml,GBIF Occurrence Download,Occdownload Gbif.Org [omid:ra/0602938325],2015,,,,,dataset,The Global Biodiversity Information Facility [omid:ra/0602938326],
omid:br/0601017731 doi:10.15468/dl.icqgdl,GBIF Occurrence Download,Occdownload Gbif.Org [omid:ra/0602938327],2015,,,,,dataset,The Global Biodiversity Information Facility [omid:ra/0602938328],
omid:br/0601017732 doi:10.15468/dl.icqgm3,Occurrence Download,Occdownload Gbif.Org [omid:ra/0602938329],2020,,,,,dataset,The Global Biodiversity Information Facility [omid:ra/0602938330],
omid:br/0601017733 doi:10.15468/dl.icqhtg,GBIF Occurrence Download,Occdownload Gbif.Org [omid:ra/0602938331],2018,,,,,dataset,The Global Biodiversity Information Facility [omid:ra/0602938332],
omid:br/0601017734 doi:10.15468/dl.icqiei,GBIF Occurrence Download,Occdownload Gbif.Org [omid:ra/0602938333],2016,,,,,dataset,The Global Biodiversity Information Facility [omid:ra/0602938334],
omid:br/0601017735 doi:10.15468/dl.icqikw,Occurrence Download,Occdownload Gbif.Org [omid:ra/0602938335],2020,,,,,dataset,The Global Biodiversity Information Facility [omid:ra/0602938336],
omid:br/0601017736 doi:10.15468/dl.icqiwk,Occurrence Download,Occdownload Gbif.Org [omid:ra/0602938337],2019,,,,,dataset,The Global Biodiversity Information Facility [omid:ra/0602938338],
omid:br/0601017737 doi:10.15468/dl.icqkf0,GBIF Occurrence Download,Occdownload Gbif.Org [omid:ra/0602938339],2019,,,,,dataset,The Global Biodiversity Information Facility [omid:ra/0602938340],
omid:br/0601017738 doi:10.15468/dl.icqko1,GBIF Occurrence Download,Occdownload Gbif.Org [omid:ra/0602938341],2018,,,,,dataset,The Global Biodiversity Information Facility [omid:ra/0602938342],
omid:br/0601017739 doi:10.15468/dl.icqqn5,Occurrence Download,Occdownload Gbif.Org [omid:ra/0602938343],2019,,,,,dataset,The Global Biodiversity Information Facility [omid:ra/0602938344],
omid:br/060101774 doi:10.1594/pangaea.186809,Vertical Distributions Phytoplankton Pigments At Station FLUPAC_062,"Blanchot, Jean [omid:ra/060220080]; André, J-M [omid:ra/060220081]; Navarette, Claudie [omid:ra/060220082]; Neveux, Jacques [omid:ra/060220083]; Radenac, Marie-Helene [omid:ra/060220084]",2001,,,,,dataset,Pangaea - Data Publisher For Earth & Environmental Science [omid:ra/060220085],
omid:br/0601017740 doi:10.15468/dl.icqrpf,GBIF Occurrence Download,Occdownload Gbif.Org [omid:ra/0602938345],2017,,,,,dataset,The Global Biodiversity Information Facility [omid:ra/0602938346],
omid:br/0601017741 doi:10.15468/dl.icqrqq,GBIF Occurrence Download,Occdownload Gbif.Org [omid:ra/0602938347],2018,,,,,dataset,The Global Biodiversity Information Facility [omid:ra/0602938348],
omid:br/0601017742 doi:10.15468/dl.icqrwq,GBIF Occurrence Download,Occdownload Gbif.Org [omid:ra/0602938349],2019,,,,,dataset,The Global Biodiversity Information Facility [omid:ra/0602938350],
omid:br/0601017743 doi:10.15468/dl.icqs2f,GBIF Occurrence Download,Occdownload Gbif.Org [omid:ra/0602938351],2018,,,,,dataset,The Global Biodiversity Information Facility [omid:ra/0602938352],
omid:br/0601017744 doi:10.15468/dl.icqu9z,GBIF Occurrence Download,Occdownload Gbif.Org [omid:ra/0602938353],2017,,,,,dataset,The Global Biodiversity Information Facility [omid:ra/0602938354],
omid:br/0601017745 doi:10.15468/dl.icqugz,GBIF Occurrence Download,Occdownload Gbif.Org [omid:ra/0602938355],2017,,,,,dataset,The Global Biodiversity Information Facility [omid:ra/0602938356],
omid:br/0601017746 doi:10.15468/dl.icqy8n,GBIF Occurrence Download,Occdownload Gbif.Org [omid:ra/0602938357],2017,,,,,dataset,The Global Biodiversity Information Facility [omid:ra/0602938358],
omid:br/0601017747 doi:10.15468/dl.icqzag,GBIF Occurrence Download,Occdownload Gbif.Org [omid:ra/0602938359],2017,,,,,dataset,The Global Biodiversity Information Facility [omid:ra/0602938360],
omid:br/0601017748 doi:10.15468/dl.icqzsz,Occurrence Download,Occdownload Gbif.Org [omid:ra/0602938361],2020,,,,,dataset,The Global Biodiversity Information Facility [omid:ra/0602938362],
omid:br/0601017749 doi:10.15468/dl.icr0qp,GBIF Occurrence Download,Occdownload Gbif.Org [omid:ra/0602938363],2015,,,,,dataset,The Global Biodiversity Information Facility [omid:ra/0602938364],
omid:br/060101775 doi:10.1594/pangaea.186810 openalex:W2991484607,Vertical Distributions Phytoplankton Pigments At Station FLUPAC_063,"Blanchot, Jean [omid:ra/060220086]; André, J-M [omid:ra/060220087]; Navarette, Claudie [omid:ra/060220088]; Neveux, Jacques [omid:ra/060220089]; Radenac, Marie-Helene [omid:ra/060220090]",2001,,,,,dataset,Pangaea - Data Publisher For Earth & Environmental Science [omid:ra/060220091],
omid:br/0601017750 doi:10.15468/dl.icra9b,GBIF Occurrence Download,Occdownload Gbif.Org [omid:ra/0602938365],2016,,,,,dataset,The Global Biodiversity Information Facility [omid:ra/0602938366],
omid:br/0601017751 doi:10.15468/dl.icrast,Occurrence Download,Occdownload Gbif.Org [omid:ra/0602938367],2019,,,,,dataset,The Global Biodiversity Information Facility [omid:ra/0602938368],
omid:br/0601017752 doi:10.15468/dl.icrb8y,GBIF Occurrence Download,Occdownload Gbif.Org [omid:ra/0602938369],2015,,,,,dataset,The Global Biodiversity Information Facility [omid:ra/0602938370],
omid:br/0601017753 doi:10.15468/dl.icrckp,Occurrence Download,Occdownload Gbif.Org [omid:ra/0602938371],2019,,,,,dataset,The Global Biodiversity Information Facility [omid:ra/0602938372],
omid:br/0601017754 doi:10.15468/dl.icre61,Occurrence Download,Occdownload Gbif.Org [omid:ra/0602938373],2020,,,,,dataset,The Global Biodiversity Information Facility [omid:ra/0602938374],
omid:br/0601017755 doi:10.15468/dl.icrfhr,GBIF Occurrence Download,Occdownload Gbif.Org [omid:ra/0602938375],2018,,,,,dataset,The Global Biodiversity Information Facility [omid:ra/0602938376],
omid:br/0601017756 doi:10.15468/dl.icrgpg,GBIF Occurrence Download,Occdownload Gbif.Org [omid:ra/0602938377],2015,,,,,dataset,The Global Biodiversity Information Facility [omid:ra/0602938378],
omid:br/0601017757 doi:10.15468/dl.icrh7l,GBIF Occurrence Download,Occdownload Gbif.Org [omid:ra/0602938379],2015,,,,,dataset,The Global Biodiversity Information Facility [omid:ra/0602938380],
omid:br/0601017758 doi:10.15468/dl.icrjdl,Occurrence Download,Occdownload Gbif.Org [omid:ra/0602938381],2020,,,,,dataset,The Global Biodiversity Information Facility [omid:ra/0602938382],
omid:br/0601017759 doi:10.15468/dl.icrkhf,GBIF Occurrence Download,Occdownload Gbif.Org [omid:ra/0602938383],2019,,,,,dataset,The Global Biodiversity Information Facility [omid:ra/0602938384],
omid:br/060101776 doi:10.1594/pangaea.186811,Vertical Distributions Phytoplankton Pigments At Station FLUPAC_064,"Blanchot, Jean [omid:ra/060220092]; André, J-M [omid:ra/060220093]; Navarette, Claudie [omid:ra/060220094]; Neveux, Jacques [omid:ra/060220095]; Radenac, Marie-Helene [omid:ra/060220096]",2001,,,,,dataset,Pangaea - Data Publisher For Earth & Environmental Science [omid:ra/060220097],
omid:br/0601017760 doi:10.15468/dl.icrqel,GBIF Occurrence Download,Occdownload Gbif.Org [omid:ra/0602938385],2018,,,,,dataset,The Global Biodiversity Information Facility [omid:ra/0602938386],
omid:br/0601017761 doi:10.15468/dl.icrqvm,GBIF Occurrence Download,Occdownload Gbif.Org [omid:ra/0602938387],2018,,,,,dataset,The Global Biodiversity Information Facility [omid:ra/0602938388],
omid:br/0601017762 doi:10.15468/dl.icrvaa,GBIF Occurrence Download,Occdownload Gbif.Org [omid:ra/0602938389],2015,,,,,dataset,The Global Biodiversity Information Facility [omid:ra/0602938390],
omid:br/0601017763 doi:10.15468/dl.icrw35,GBIF Occurrence Download,Occdownload Gbif.Org [omid:ra/0602938391],2017,,,,,dataset,The Global Biodiversity Information Facility [omid:ra/0602938392],
omid:br/0601017764 doi:10.15468/dl.icrznk,GBIF Occurrence Download,Occdownload Gbif.Org [omid:ra/0602938393],2019,,,,,dataset,The Global Biodiversity Information Facility [omid:ra/0602938394],
omid:br/0601017765 doi:10.15468/dl.ics0rp,GBIF Occurrence Download,Occdownload Gbif.Org [omid:ra/0602938395],2015,,,,,dataset,The Global Biodiversity Information Facility [omid:ra/0602938396],
omid:br/0601017766 doi:10.15468/dl.ics2lq,GBIF Occurrence Download,Occdownload Gbif.Org [omid:ra/0602938397],2017,,,,,dataset,The Global Biodiversity Information Facility [omid:ra/0602938398],
omid:br/0601017767 doi:10.15468/dl.ics5zm,Occurrence Download,Occdownload Gbif.Org [omid:ra/0602938399],2019,,,,,dataset,The Global Biodiversity Information Facility [omid:ra/0602938400],
omid:br/0601017768 doi:10.15468/dl.ics8x0,Occurrence Download,Occdownload Gbif.Org [omid:ra/0602938401],2020,,,,,dataset,The Global Biodiversity Information Facility [omid:ra/0602938402],
omid:br/0601017769 doi:10.15468/dl.ics9lt,GBIF Occurrence Download,Occdownload Gbif.Org [omid:ra/0602938403],2017,,,,,dataset,The Global Biodiversity Information Facility [omid:ra/0602938404],
omid:br/060101777 doi:10.1594/pangaea.186812 openalex:W2922018894,Vertical Distributions Phytoplankton Pigments At Station FLUPAC_065,"Blanchot, Jean [omid:ra/060220098]; André, J-M [omid:ra/060220099]; Navarette, Claudie [omid:ra/060220100]; Neveux, Jacques [omid:ra/060220101]; Radenac, Marie-Helene [omid:ra/060220102]",2001,,,,,dataset,Pangaea - Data Publisher For Earth & Environmental Science [omid:ra/060220103],
omid:br/0601017770 doi:10.15468/dl.icsa67,GBIF Occurrence Download,Occdownload Gbif.Org [omid:ra/0602938405],2019,,,,,dataset,The Global Biodiversity Information Facility [omid:ra/0602938406],
omid:br/0601017771 doi:10.15468/dl.icsaud,GBIF Occurrence Download,Occdownload Gbif.Org [omid:ra/0602938407],2017,,,,,dataset,The Global Biodiversity Information Facility [omid:ra/0602938408],
omid:br/0601017772 doi:10.15468/dl.icsemn,GBIF Occurrence Download,Occdownload Gbif.Org [omid:ra/0602938409],2016,,,,,dataset,The Global Biodiversity Information Facility [omid:ra/0602938410],
omid:br/0601017773 doi:10.15468/dl.icsfay,GBIF Occurrence Download,Occdownload Gbif.Org [omid:ra/0602938411],2017,,,,,dataset,The Global Biodiversity Information Facility [omid:ra/0602938412],
omid:br/0601017774 doi:10.15468/dl.icsini,GBIF Occurrence Download,Occdownload Gbif.Org [omid:ra/0602938413],2016,,,,,dataset,The Global Biodiversity Information Facility [omid:ra/0602938414],
omid:br/0601017775 doi:10.15468/dl.icskjg,GBIF Occurrence Download,Occdownload Gbif.Org [omid:ra/0602938415],2019,,,,,dataset,The Global Biodiversity Information Facility [omid:ra/0602938416],
omid:br/0601017776 doi:10.15468/dl.icskyr,GBIF Occurrence Download,Occdownload Gbif.Org [omid:ra/0602938417],2015,,,,,dataset,The Global Biodiversity Information Facility [omid:ra/0602938418],
omid:br/0601017777 doi:10.15468/dl.icsll4,GBIF Occurrence Download,Occdownload Gbif.Org [omid:ra/0602938419],2017,,,,,dataset,The Global Biodiversity Information Facility [omid:ra/0602938420],
omid:br/0601017778 doi:10.15468/dl.icslmq,GBIF Occurrence Download,Occdownload Gbif.Org [omid:ra/0602938421],2016,,,,,dataset,The Global Biodiversity Information Facility [omid:ra/0602938422],
omid:br/0601017779 doi:10.15468/dl.icsm2c,GBIF Occurrence Download,Occdownload Gbif.Org [omid:ra/0602938423],2019,,,,,dataset,The Global Biodiversity Information Facility [omid:ra/0602938424],
omid:br/060101778 doi:10.1594/pangaea.186813,Vertical Distributions Phytoplankton Pigments At Station FLUPAC_066,"Blanchot, Jean [omid:ra/060220104]; André, J-M [omid:ra/060220105]; Navarette, Claudie [omid:ra/060220106]; Neveux, Jacques [omid:ra/060220107]; Radenac, Marie-Helene [omid:ra/060220108]",2001,,,,,dataset,Pangaea - Data Publisher For Earth & Environmental Science [omid:ra/060220109],
omid:br/0601017780 doi:10.15468/dl.icsm6k,GBIF Occurrence Download,Occdownload Gbif.Org [omid:ra/0602938425],2017,,,,,dataset,The Global Biodiversity Information Facility [omid:ra/0602938426],
omid:br/0601017781 doi:10.15468/dl.icsmxs,GBIF Occurrence Download,Occdownload Gbif.Org [omid:ra/0602938427],2015,,,,,dataset,The Global Biodiversity Information Facility [omid:ra/0602938428],
omid:br/0601017782 doi:10.15468/dl.icsn5v,GBIF Occurrence Download,Occdownload Gbif.Org [omid:ra/0602938429],2018,,,,,dataset,The Global Biodiversity Information Facility [omid:ra/0602938430],
omid:br/0601017783 doi:10.15468/dl.icsnaa,GBIF Occurrence Download,Occdownload Gbif.Org [omid:ra/0602938431],2018,,,,,dataset,The Global Biodiversity Information Facility [omid:ra/0602938432],
omid:br/0601017784 doi:10.15468/dl.icsnhl,GBIF Occurrence Download,Occdownload Gbif.Org [omid:ra/0602938433],2018,,,,,dataset,The Global Biodiversity Information Facility [omid:ra/0602938434],
omid:br/0601017785 doi:10.15468/dl.icso6v,GBIF Occurrence Download,Occdownload Gbif.Org [omid:ra/0602938435],2016,,,,,dataset,The Global Biodiversity Information Facility [omid:ra/0602938436],
omid:br/0601017786 doi:10.15468/dl.icsovg,GBIF Occurrence Download,Occdownload Gbif.Org [omid:ra/0602938437],2017,,,,,dataset,The Global Biodiversity Information Facility [omid:ra/0602938438],
omid:br/0601017787 doi:10.15468/dl.icspkk,GBIF Occurrence Download,Occdownload Gbif.Org [omid:ra/0602938439],2018,,,,,dataset,The Global Biodiversity Information Facility [omid:ra/0602938440],
omid:br/0601017788 doi:10.15468/dl.icsul0,GBIF Occurrence Download,Occdownload Gbif.Org [omid:ra/0602938441],2018,,,,,dataset,The Global Biodiversity Information Facility [omid:ra/0602938442],
omid:br/0601017789 doi:10.15468/dl.icsun1,GBIF Occurrence Download,Occdownload Gbif.Org [omid:ra/0602938443],2018,,,,,dataset,The Global Biodiversity Information Facility [omid:ra/0602938444],
omid:br/060101779 doi:10.1594/pangaea.186814 openalex:W2990214974,Vertical Distributions Phytoplankton Pigments At Station FLUPAC_067,"Blanchot, Jean [omid:ra/060220110]; André, J-M [omid:ra/060220111]; Navarette, Claudie [omid:ra/060220112]; Neveux, Jacques [omid:ra/060220113]; Radenac, Marie-Helene [omid:ra/060220114]",2001,,,,,dataset,Pangaea - Data Publisher For Earth & Environmental Science [omid:ra/060220115],
omid:br/0601017790 doi:10.15468/dl.icsupj,GBIF Occurrence Download,Occdownload Gbif.Org [omid:ra/0602938445],2019,,,,,dataset,The Global Biodiversity Information Facility [omid:ra/0602938446],
omid:br/0601017791 doi:10.15468/dl.icsybd,GBIF Occurrence Download,Occdownload Gbif.Org [omid:ra/0602938447],2018,,,,,dataset,The Global Biodiversity Information Facility [omid:ra/0602938448],
omid:br/0601017792 doi:10.15468/dl.icszob,GBIF Occurrence Download,Occdownload Gbif.Org [omid:ra/0602938449],2019,,,,,dataset,The Global Biodiversity Information Facility [omid:ra/0602938450],
omid:br/0601017793 doi:10.15468/dl.icszwh,Occurrence Download,Occdownload Gbif.Org [omid:ra/0602938451],2020,,,,,dataset,The Global Biodiversity Information Facility [omid:ra/0602938452],
omid:br/0601017794 doi:10.15468/dl.ict1im,GBIF Occurrence Download,Occdownload Gbif.Org [omid:ra/0602938453],2018,,,,,dataset,The Global Biodiversity Information Facility [omid:ra/0602938454],
omid:br/0601017795 doi:10.15468/dl.ict4ec,GBIF Occurrence Download,Occdownload Gbif.Org [omid:ra/0602938455],2018,,,,,dataset,The Global Biodiversity Information Facility [omid:ra/0602938456],
omid:br/0601017796 doi:10.15468/dl.ict4jq,GBIF Occurrence Download,Occdownload Gbif.Org [omid:ra/0602938457],2016,,,,,dataset,The Global Biodiversity Information Facility [omid:ra/0602938458],
omid:br/0601017797 doi:10.15468/dl.ict90r,GBIF Occurrence Download,Occdownload Gbif.Org [omid:ra/0602938459],2018,,,,,dataset,The Global Biodiversity Information Facility [omid:ra/0602938460],
omid:br/0601017798 doi:10.15468/dl.ictajb,GBIF Occurrence Download,Occdownload Gbif.Org [omid:ra/0602938461],2018,,,,,dataset,The Global Biodiversity Information Facility [omid:ra/0602938462],
omid:br/0601017799 doi:10.15468/dl.ictdlx,GBIF Occurrence Download,Occdownload Gbif.Org [omid:ra/0602938463],2017,,,,,dataset,The Global Biodiversity Information Facility [omid:ra/0602938464],
omid:br/06010178 doi:10.15468/dl.xy1atq,GBIF Occurrence Download,Occdownload Gbif.Org [omid:ra/06029544],2018,,,,,dataset,The Global Biodiversity Information Facility [omid:ra/06029545],
omid:br/060101780 doi:10.1594/pangaea.186815,Vertical Distributions Phytoplankton Pigments At Station FLUPAC_068,"Blanchot, Jean [omid:ra/060220116]; André, J-M [omid:ra/060220117]; Navarette, Claudie [omid:ra/060220118]; Neveux, Jacques [omid:ra/060220119]; Radenac, Marie-Helene [omid:ra/060220120]",2001,,,,,dataset,Pangaea - Data Publisher For Earth & Environmental Science [omid:ra/060220121],
omid:br/0601017800 doi:10.15468/dl.ictdpm,GBIF Occurrence Download,Occdownload Gbif.Org [omid:ra/0602938465],2016,,,,,dataset,The Global Biodiversity Information Facility [omid:ra/0602938466],
omid:br/0601017801 doi:10.15468/dl.icteo0,GBIF Occurrence Download,Occdownload Gbif.Org [omid:ra/0602938467],2018,,,,,dataset,The Global Biodiversity Information Facility [omid:ra/0602938468],
omid:br/0601017802 doi:10.15468/dl.ictgkg,GBIF Occurrence Download,Occdownload Gbif.Org [omid:ra/0602938469],2016,,,,,dataset,The Global Biodiversity Information Facility [omid:ra/0602938470],
omid:br/0601017803 doi:10.15468/dl.ictiyq,GBIF Occurrence Download,Occdownload Gbif.Org [omid:ra/0602938471],2017,,,,,dataset,The Global Biodiversity Information Facility [omid:ra/0602938472],
omid:br/0601017804 doi:10.15468/dl.ictkmv,Occurrence Download,Occdownload Gbif.Org [omid:ra/0602938473],2020,,,,,dataset,The Global Biodiversity Information Facility [omid:ra/0602938474],
omid:br/0601017805 doi:10.15468/dl.ictl4x,GBIF Occurrence Download,Occdownload Gbif.Org [omid:ra/0602938475],2016,,,,,dataset,The Global Biodiversity Information Facility [omid:ra/0602938476],
omid:br/0601017806 doi:10.15468/dl.ictlnn,GBIF Occurrence Download,Occdownload Gbif.Org [omid:ra/0602938477],2018,,,,,dataset,The Global Biodiversity Information Facility [omid:ra/0602938478],
omid:br/0601017807 doi:10.15468/dl.ictmmn,GBIF Occurrence Download,Occdownload Gbif.Org [omid:ra/0602938479],2016,,,,,dataset,The Global Biodiversity Information Facility [omid:ra/0602938480],
omid:br/0601017808 doi:10.15468/dl.ictmsr,GBIF Occurrence Download,Occdownload Gbif.Org [omid:ra/0602938481],2018,,,,,dataset,The Global Biodiversity Information Facility [omid:ra/0602938482],
omid:br/0601017809 doi:10.15468/dl.ictpil,GBIF Occurrence Download,Occdownload Gbif.Org [omid:ra/0602938483],2015,,,,,dataset,The Global Biodiversity Information Facility [omid:ra/0602938484],
omid:br/060101781 doi:10.1594/pangaea.186816,Vertical Distributions Phytoplankton Pigments At Station FLUPAC_069,"Blanchot, Jean [omid:ra/060220122]; André, J-M [omid:ra/060220123]; Navarette, Claudie [omid:ra/060220124]; Neveux, Jacques [omid:ra/060220125]; Radenac, Marie-Helene [omid:ra/060220126]",2001,,,,,dataset,Pangaea - Data Publisher For Earth & Environmental Science [omid:ra/060220127],
omid:br/0601017810 doi:10.15468/dl.ictqws,Occurrence Download,Occdownload Gbif.Org [omid:ra/0602938485],2019,,,,,dataset,The Global Biodiversity Information Facility [omid:ra/0602938486],
omid:br/0601017811 doi:10.15468/dl.ictspg,GBIF Occurrence Download,Occdownload Gbif.Org [omid:ra/0602938487],2019,,,,,dataset,The Global Biodiversity Information Facility [omid:ra/0602938488],
omid:br/0601017812 doi:10.15468/dl.ictth3,GBIF Occurrence Download,Occdownload Gbif.Org [omid:ra/0602938489],2019,,,,,dataset,The Global Biodiversity Information Facility [omid:ra/0602938490],
omid:br/0601017813 doi:10.15468/dl.ictuij,GBIF Occurrence Download,Occdownload Gbif.Org [omid:ra/0602938491],2015,,,,,dataset,The Global Biodiversity Information Facility [omid:ra/0602938492],
omid:br/0601017814 doi:10.15468/dl.ictvpz,GBIF Occurrence Download,Occdownload Gbif.Org [omid:ra/0602938493],2018,,,,,dataset,The Global Biodiversity Information Facility [omid:ra/0602938494],
omid:br/0601017815 doi:10.15468/dl.ictwm2,GBIF Occurrence Download,Occdownload Gbif.Org [omid:ra/0602938495],2016,,,,,dataset,The Global Biodiversity Information Facility [omid:ra/0602938496],
omid:br/0601017816 doi:10.15468/dl.ictysm,GBIF Occurrence Download,Occdownload Gbif.Org [omid:ra/0602938497],2019,,,,,dataset,The Global Biodiversity Information Facility [omid:ra/0602938498],
omid:br/0601017817 doi:10.15468/dl.icu2k6,GBIF Occurrence Download,Occdownload Gbif.Org [omid:ra/0602938499],2018,,,,,dataset,The Global Biodiversity Information Facility [omid:ra/0602938500],
omid:br/0601017818 doi:10.15468/dl.icu6cf,GBIF Occurrence Download,Occdownload Gbif.Org [omid:ra/0602938501],2018,,,,,dataset,The Global Biodiversity Information Facility [omid:ra/0602938502],
omid:br/0601017819 doi:10.15468/dl.icu7bi,GBIF Occurrence Download,Occdownload Gbif.Org [omid:ra/0602938503],2016,,,,,dataset,The Global Biodiversity Information Facility [omid:ra/0602938504],
omid:br/060101782 doi:10.1594/pangaea.186817,Vertical Distributions Phytoplankton Pigments At Station FLUPAC_070,"Blanchot, Jean [omid:ra/060220128]; André, J-M [omid:ra/060220129]; Navarette, Claudie [omid:ra/060220130]; Neveux, Jacques [omid:ra/060220131]; Radenac, Marie-Helene [omid:ra/060220132]",2001,,,,,dataset,Pangaea - Data Publisher For Earth & Environmental Science [omid:ra/060220133],
omid:br/0601017820 doi:10.15468/dl.icua2i,Occurrence Download,Occdownload Gbif.Org [omid:ra/0602938505],2020,,,,,dataset,The Global Biodiversity Information Facility [omid:ra/0602938506],
omid:br/0601017821 doi:10.15468/dl.icucip,GBIF Occurrence Download,Occdownload Gbif.Org [omid:ra/0602938507],2019,,,,,dataset,The Global Biodiversity Information Facility [omid:ra/0602938508],
omid:br/0601017822 doi:10.15468/dl.icuckf,GBIF Occurrence Download,Occdownload Gbif.Org [omid:ra/0602938509],2017,,,,,dataset,The Global Biodiversity Information Facility [omid:ra/0602938510],
omid:br/0601017823 doi:10.15468/dl.icudxv,GBIF Occurrence Download,Occdownload Gbif.Org [omid:ra/0602938511],2018,,,,,dataset,The Global Biodiversity Information Facility [omid:ra/0602938512],
omid:br/0601017824 doi:10.15468/dl.icufag,GBIF Occurrence Download,Occdownload Gbif.Org [omid:ra/0602938513],2018,,,,,dataset,The Global Biodiversity Information Facility [omid:ra/0602938514],
omid:br/0601017825 doi:10.15468/dl.icufqd,GBIF Occurrence Download,Occdownload Gbif.Org [omid:ra/0602938515],2015,,,,,dataset,The Global Biodiversity Information Facility [omid:ra/0602938516],
omid:br/0601017826 doi:10.15468/dl.icugcm,GBIF Occurrence Download,Occdownload Gbif.Org [omid:ra/0602938517],2015,,,,,dataset,The Global Biodiversity Information Facility [omid:ra/0602938518],
omid:br/0601017827 doi:10.15468/dl.icuh9g,GBIF Occurrence Download,Occdownload Gbif.Org [omid:ra/0602938519],2017,,,,,dataset,The Global Biodiversity Information Facility [omid:ra/0602938520],
omid:br/0601017828 doi:10.15468/dl.icuhv6,GBIF Occurrence Download,Occdownload Gbif.Org [omid:ra/0602938521],2016,,,,,dataset,The Global Biodiversity Information Facility [omid:ra/0602938522],
omid:br/0601017829 doi:10.15468/dl.icuicx,GBIF Occurrence Download,Occdownload Gbif.Org [omid:ra/0602938523],2017,,,,,dataset,The Global Biodiversity Information Facility [omid:ra/0602938524],
omid:br/060101783 doi:10.1594/pangaea.186818,Vertical Distributions Phytoplankton Pigments At Station FLUPAC_071,"Blanchot, Jean [omid:ra/060220134]; André, J-M [omid:ra/060220135]; Navarette, Claudie [omid:ra/060220136]; Neveux, Jacques [omid:ra/060220137]; Radenac, Marie-Helene [omid:ra/060220138]",2001,,,,,dataset,Pangaea - Data Publisher For Earth & Environmental Science [omid:ra/060220139],
omid:br/0601017830 doi:10.15468/dl.icukld,GBIF Occurrence Download,Occdownload Gbif.Org [omid:ra/0602938525],2015,,,,,dataset,The Global Biodiversity Information Facility [omid:ra/0602938526],
omid:br/0601017831 doi:10.15468/dl.icuknr,Occurrence Download,Occdownload Gbif.Org [omid:ra/0602938527],2020,,,,,dataset,The Global Biodiversity Information Facility [omid:ra/0602938528],
omid:br/0601017832 doi:10.15468/dl.icuo9k,Occurrence Download,Occdownload Gbif.Org [omid:ra/0602938529],2019,,,,,dataset,The Global Biodiversity Information Facility [omid:ra/0602938530],
omid:br/0601017833 doi:10.15468/dl.icuown,GBIF Occurrence Download,Occdownload Gbif.Org [omid:ra/0602938531],2017,,,,,dataset,The Global Biodiversity Information Facility [omid:ra/0602938532],
omid:br/0601017834 doi:10.15468/dl.icupp0,GBIF Occurrence Download,Occdownload Gbif.Org [omid:ra/0602938533],2019,,,,,dataset,The Global Biodiversity Information Facility [omid:ra/0602938534],
omid:br/0601017835 doi:10.15468/dl.icuqng,GBIF Occurrence Download,Occdownload Gbif.Org [omid:ra/0602938535],2018,,,,,dataset,The Global Biodiversity Information Facility [omid:ra/0602938536],
omid:br/0601017836 doi:10.15468/dl.icurxc,GBIF Occurrence Download,Occdownload Gbif.Org [omid:ra/0602938537],2017,,,,,dataset,The Global Biodiversity Information Facility [omid:ra/0602938538],
omid:br/0601017837 doi:10.15468/dl.icutpq,GBIF Occurrence Download,Occdownload Gbif.Org [omid:ra/0602938539],2019,,,,,dataset,The Global Biodiversity Information Facility [omid:ra/0602938540],
omid:br/0601017838 doi:10.15468/dl.icuw26,GBIF Occurrence Download,Occdownload Gbif.Org [omid:ra/0602938541],2017,,,,,dataset,The Global Biodiversity Information Facility [omid:ra/0602938542],
omid:br/0601017839 doi:10.15468/dl.icuwdz,Occurrence Download,Occdownload Gbif.Org [omid:ra/0602938543],2020,,,,,dataset,The Global Biodiversity Information Facility [omid:ra/0602938544],
omid:br/060101784 doi:10.1594/pangaea.186819 openalex:W2990597518,Vertical Distributions Phytoplankton Pigments At Station FLUPAC_072,"Blanchot, Jean [omid:ra/060220140]; André, J-M [omid:ra/060220141]; Navarette, Claudie [omid:ra/060220142]; Neveux, Jacques [omid:ra/060220143]; Radenac, Marie-Helene [omid:ra/060220144]",2001,,,,,dataset,Pangaea - Data Publisher For Earth & Environmental Science [omid:ra/060220145],
omid:br/0601017840 doi:10.15468/dl.icuxgo,GBIF Occurrence Download,Occdownload Gbif.Org [omid:ra/0602938545],2015,,,,,dataset,The Global Biodiversity Information Facility [omid:ra/0602938546],
omid:br/0601017841 doi:10.15468/dl.icuymp,GBIF Occurrence Download,Occdownload Gbif.Org [omid:ra/0602938547],2018,,,,,dataset,The Global Biodiversity Information Facility [omid:ra/0602938548],
omid:br/0601017842 doi:10.15468/dl.icv0ji,GBIF Occurrence Download,Occdownload Gbif.Org [omid:ra/0602938549],2016,,,,,dataset,The Global Biodiversity Information Facility [omid:ra/0602938550],
omid:br/0601017843 doi:10.15468/dl.icv25c,GBIF Occurrence Download,Occdownload Gbif.Org [omid:ra/0602938551],2015,,,,,dataset,The Global Biodiversity Information Facility [omid:ra/0602938552],
omid:br/0601017844 doi:10.15468/dl.icv3e4,GBIF Occurrence Download,Occdownload Gbif.Org [omid:ra/0602938553],2015,,,,,dataset,The Global Biodiversity Information Facility [omid:ra/0602938554],
omid:br/0601017845 doi:10.15468/dl.icv7qp,GBIF Occurrence Download,Occdownload Gbif.Org [omid:ra/0602938555],2019,,,,,dataset,The Global Biodiversity Information Facility [omid:ra/0602938556],
omid:br/0601017846 doi:10.15468/dl.icv9qi,GBIF Occurrence Download,Occdownload Gbif.Org [omid:ra/0602938557],2015,,,,,dataset,The Global Biodiversity Information Facility [omid:ra/0602938558],
omid:br/0601017847 doi:10.15468/dl.icvadt,GBIF Occurrence Download,Occdownload Gbif.Org [omid:ra/0602938559],2018,,,,,dataset,The Global Biodiversity Information Facility [omid:ra/0602938560],
omid:br/0601017848 doi:10.15468/dl.icvg7y,GBIF Occurrence Download,Occdownload Gbif.Org [omid:ra/0602938561],2018,,,,,dataset,The Global Biodiversity Information Facility [omid:ra/0602938562],
omid:br/0601017849 doi:10.15468/dl.icvkbw,GBIF Occurrence Download,Occdownload Gbif.Org [omid:ra/0602938563],2016,,,,,dataset,The Global Biodiversity Information Facility [omid:ra/0602938564],
omid:br/060101785 doi:10.1594/pangaea.186820,Vertical Distributions Phytoplankton Pigments At Station FLUPAC_076,"Blanchot, Jean [omid:ra/060220146]; André, J-M [omid:ra/060220147]; Navarette, Claudie [omid:ra/060220148]; Neveux, Jacques [omid:ra/060220149]; Radenac, Marie-Helene [omid:ra/060220150]",2001,,,,,dataset,Pangaea - Data Publisher For Earth & Environmental Science [omid:ra/060220151],
omid:br/0601017850 doi:10.15468/dl.icvkog,GBIF Occurrence Download,Occdownload Gbif.Org [omid:ra/0602938565],2019,,,,,dataset,The Global Biodiversity Information Facility [omid:ra/0602938566],
omid:br/0601017851 doi:10.15468/dl.icvlac,Occurrence Download,Occdownload Gbif.Org [omid:ra/0602938567],2019,,,,,dataset,The Global Biodiversity Information Facility [omid:ra/0602938568],
omid:br/0601017852 doi:10.15468/dl.icvm3j,Occurrence Download,Occdownload Gbif.Org [omid:ra/0602938569],2020,,,,,dataset,The Global Biodiversity Information Facility [omid:ra/0602938570],
omid:br/0601017853 doi:10.15468/dl.icvmp9,GBIF Occurrence Download,Occdownload Gbif.Org [omid:ra/0602938571],2017,,,,,dataset,The Global Biodiversity Information Facility [omid:ra/0602938572],
omid:br/0601017854 doi:10.15468/dl.icvqy5,GBIF Occurrence Download,Occdownload Gbif.Org [omid:ra/0602938573],2019,,,,,dataset,The Global Biodiversity Information Facility [omid:ra/0602938574],
omid:br/0601017855 doi:10.15468/dl.icvrt7,GBIF Occurrence Download,Occdownload Gbif.Org [omid:ra/0602938575],2016,,,,,dataset,The Global Biodiversity Information Facility [omid:ra/0602938576],
omid:br/0601017856 doi:10.15468/dl.icvsal,GBIF Occurrence Download,Occdownload Gbif.Org [omid:ra/0602938577],2018,,,,,dataset,The Global Biodiversity Information Facility [omid:ra/0602938578],
omid:br/0601017857 doi:10.15468/dl.icvube,GBIF Occurrence Download,Occdownload Gbif.Org [omid:ra/0602938579],2015,,,,,dataset,The Global Biodiversity Information Facility [omid:ra/0602938580],
omid:br/0601017858 doi:10.15468/dl.icvvar,GBIF Occurrence Download,Occdownload Gbif.Org [omid:ra/0602938581],2018,,,,,dataset,The Global Biodiversity Information Facility [omid:ra/0602938582],
omid:br/0601017859 doi:10.15468/dl.icvvlc,GBIF Occurrence Download,Occdownload Gbif.Org [omid:ra/0602938583],2017,,,,,dataset,The Global Biodiversity Information Facility [omid:ra/0602938584],
omid:br/060101786 doi:10.1594/pangaea.186821,Vertical Distributions Phytoplankton Pigments At Station FLUPAC_077,"Blanchot, Jean [omid:ra/060220152]; André, J-M [omid:ra/060220153]; Navarette, Claudie [omid:ra/060220154]; Neveux, Jacques [omid:ra/060220155]; Radenac, Marie-Helene [omid:ra/060220156]",2001,,,,,dataset,Pangaea - Data Publisher For Earth & Environmental Science [omid:ra/060220157],
omid:br/0601017860 doi:10.15468/dl.icvvxx,GBIF Occurrence Download,Occdownload Gbif.Org [omid:ra/0602938585],2018,,,,,dataset,The Global Biodiversity Information Facility [omid:ra/0602938586],
omid:br/0601017861 doi:10.15468/dl.icvxeq,Occurrence Download,Occdownload Gbif.Org [omid:ra/0602938587],2019,,,,,dataset,The Global Biodiversity Information Facility [omid:ra/0602938588],
omid:br/0601017862 doi:10.15468/dl.icvxmm,GBIF Occurrence Download,Occdownload Gbif.Org [omid:ra/0602938589],2016,,,,,dataset,The Global Biodiversity Information Facility [omid:ra/0602938590],
omid:br/0601017863 doi:10.15468/dl.icvxsl,GBIF Occurrence Download,Occdownload Gbif.Org [omid:ra/0602938591],2019,,,,,dataset,The Global Biodiversity Information Facility [omid:ra/0602938592],
omid:br/0601017864 doi:10.15468/dl.icvyll,GBIF Occurrence Download,Occdownload Gbif.Org [omid:ra/0602938593],2015,,,,,dataset,The Global Biodiversity Information Facility [omid:ra/0602938594],
omid:br/0601017865 doi:10.15468/dl.icvzsc,GBIF Occurrence Download,Occdownload Gbif.Org [omid:ra/0602938595],2015,,,,,dataset,The Global Biodiversity Information Facility [omid:ra/0602938596],
omid:br/0601017866 doi:10.15468/dl.icw3pd,GBIF Occurrence Download,Occdownload Gbif.Org [omid:ra/0602938597],2018,,,,,dataset,The Global Biodiversity Information Facility [omid:ra/0602938598],
omid:br/0601017867 doi:10.15468/dl.icwbej,GBIF Occurrence Download,Occdownload Gbif.Org [omid:ra/0602938599],2018,,,,,dataset,The Global Biodiversity Information Facility [omid:ra/0602938600],
omid:br/0601017868 doi:10.15468/dl.icwcrp,Occurrence Download,Occdownload Gbif.Org [omid:ra/0602938601],2020,,,,,dataset,The Global Biodiversity Information Facility [omid:ra/0602938602],
omid:br/0601017869 doi:10.15468/dl.icwgko,GBIF Occurrence Download,Occdownload Gbif.Org [omid:ra/0602938603],2018,,,,,dataset,The Global Biodiversity Information Facility [omid:ra/0602938604],
omid:br/060101787 doi:10.1594/pangaea.186822 openalex:W2990459561,Vertical Distributions Phytoplankton Pigments At Station FLUPAC_078,"Blanchot, Jean [omid:ra/060220158]; André, J-M [omid:ra/060220159]; Navarette, Claudie [omid:ra/060220160]; Neveux, Jacques [omid:ra/060220161]; Radenac, Marie-Helene [omid:ra/060220162]",2001,,,,,dataset,Pangaea - Data Publisher For Earth & Environmental Science [omid:ra/060220163],
omid:br/0601017870 doi:10.15468/dl.icwitm,Occurrence Download,Occdownload Gbif.Org [omid:ra/0602938605],2020,,,,,dataset,The Global Biodiversity Information Facility [omid:ra/0602938606],
omid:br/0601017871 doi:10.15468/dl.icwmcf,Occurrence Download,Occdownload Gbif.Org [omid:ra/0602938607],2019,,,,,dataset,The Global Biodiversity Information Facility [omid:ra/0602938608],
omid:br/0601017872 doi:10.15468/dl.icwp0m,GBIF Occurrence Download,Occdownload Gbif.Org [omid:ra/0602938609],2016,,,,,dataset,The Global Biodiversity Information Facility [omid:ra/0602938610],
omid:br/0601017873 doi:10.15468/dl.icwpiq,GBIF Occurrence Download,Occdownload Gbif.Org [omid:ra/0602938611],2015,,,,,dataset,The Global Biodiversity Information Facility [omid:ra/0602938612],
omid:br/0601017874 doi:10.15468/dl.icwr5d,GBIF Occurrence Download,Occdownload Gbif.Org [omid:ra/0602938613],2017,,,,,dataset,The Global Biodiversity Information Facility [omid:ra/0602938614],
omid:br/0601017875 doi:10.15468/dl.icwrii,GBIF Occurrence Download,Occdownload Gbif.Org [omid:ra/0602938615],2016,,,,,dataset,The Global Biodiversity Information Facility [omid:ra/0602938616],
omid:br/0601017876 doi:10.15468/dl.icwuds,GBIF Occurrence Download,Occdownload Gbif.Org [omid:ra/0602938617],2018,,,,,dataset,The Global Biodiversity Information Facility [omid:ra/0602938618],
omid:br/0601017877 doi:10.15468/dl.icwvhy,Occurrence Download,Occdownload Gbif.Org [omid:ra/0602938619],2019,,,,,dataset,The Global Biodiversity Information Facility [omid:ra/0602938620],
omid:br/0601017878 doi:10.15468/dl.icwvtg,GBIF Occurrence Download,Occdownload Gbif.Org [omid:ra/0602938621],2016,,,,,dataset,The Global Biodiversity Information Facility [omid:ra/0602938622],
omid:br/0601017879 doi:10.15468/dl.icwwvf,GBIF Occurrence Download,Occdownload Gbif.Org [omid:ra/0602938623],2018,,,,,dataset,The Global Biodiversity Information Facility [omid:ra/0602938624],
omid:br/060101788 doi:10.1594/pangaea.186823,Vertical Distributions Phytoplankton Pigments At Station FLUPAC_079,"Blanchot, Jean [omid:ra/060220164]; André, J-M [omid:ra/060220165]; Navarette, Claudie [omid:ra/060220166]; Neveux, Jacques [omid:ra/060220167]; Radenac, Marie-Helene [omid:ra/060220168]",2001,,,,,dataset,Pangaea - Data Publisher For Earth & Environmental Science [omid:ra/060220169],
omid:br/0601017880 doi:10.15468/dl.icwy7b,GBIF Occurrence Download,Occdownload Gbif.Org [omid:ra/0602938625],2015,,,,,dataset,The Global Biodiversity Information Facility [omid:ra/0602938626],
omid:br/0601017881 doi:10.15468/dl.icwydx,GBIF Occurrence Download,Occdownload Gbif.Org [omid:ra/0602938627],2018,,,,,dataset,The Global Biodiversity Information Facility [omid:ra/0602938628],
omid:br/0601017882 doi:10.15468/dl.icwz7p,GBIF Occurrence Download,Occdownload Gbif.Org [omid:ra/0602938629],2018,,,,,dataset,The Global Biodiversity Information Facility [omid:ra/0602938630],
omid:br/0601017883 doi:10.15468/dl.icx3a2,GBIF Occurrence Download,Occdownload Gbif.Org [omid:ra/0602938631],2019,,,,,dataset,The Global Biodiversity Information Facility [omid:ra/0602938632],
omid:br/0601017884 doi:10.15468/dl.icx3ib,GBIF Occurrence Download,Occdownload Gbif.Org [omid:ra/0602938633],2018,,,,,dataset,The Global Biodiversity Information Facility [omid:ra/0602938634],
omid:br/0601017885 doi:10.15468/dl.icx8l9,GBIF Occurrence Download,Occdownload Gbif.Org [omid:ra/0602938635],2018,,,,,dataset,The Global Biodiversity Information Facility [omid:ra/0602938636],
omid:br/0601017886 doi:10.15468/dl.icxbgf,GBIF Occurrence Download,Occdownload Gbif.Org [omid:ra/0602938637],2019,,,,,dataset,The Global Biodiversity Information Facility [omid:ra/0602938638],
omid:br/0601017887 doi:10.15468/dl.icxdnc,GBIF Occurrence Download,Occdownload Gbif.Org [omid:ra/0602938639],2016,,,,,dataset,The Global Biodiversity Information Facility [omid:ra/0602938640],
omid:br/0601017888 doi:10.15468/dl.icxedz,Occurrence Download,Occdownload Gbif.Org [omid:ra/0602938641],2019,,,,,dataset,The Global Biodiversity Information Facility [omid:ra/0602938642],
omid:br/0601017889 doi:10.15468/dl.icxfhj,GBIF Occurrence Download,Occdownload Gbif.Org [omid:ra/0602938643],2016,,,,,dataset,The Global Biodiversity Information Facility [omid:ra/0602938644],
omid:br/060101789 doi:10.1594/pangaea.186824,Vertical Distributions Phytoplankton Pigments At Station FLUPAC_080,"Blanchot, Jean [omid:ra/060220170]; André, J-M [omid:ra/060220171]; Navarette, Claudie [omid:ra/060220172]; Neveux, Jacques [omid:ra/060220173]; Radenac, Marie-Helene [omid:ra/060220174]",2001,,,,,dataset,Pangaea - Data Publisher For Earth & Environmental Science [omid:ra/060220175],
omid:br/0601017890 doi:10.15468/dl.icxi4d,Occurrence Download,Occdownload Gbif.Org [omid:ra/0602938645],2019,,,,,dataset,The Global Biodiversity Information Facility [omid:ra/0602938646],
omid:br/0601017891 doi:10.15468/dl.icxkuj,Occurrence Download,Occdownload Gbif.Org [omid:ra/0602938647],2020,,,,,dataset,The Global Biodiversity Information Facility [omid:ra/0602938648],
omid:br/0601017892 doi:10.15468/dl.icxlmr,GBIF Occurrence Download,Occdownload Gbif.Org [omid:ra/0602938649],2017,,,,,dataset,The Global Biodiversity Information Facility [omid:ra/0602938650],
omid:br/0601017893 doi:10.15468/dl.icxmn1,GBIF Occurrence Download,Occdownload Gbif.Org [omid:ra/0602938651],2019,,,,,dataset,The Global Biodiversity Information Facility [omid:ra/0602938652],
omid:br/0601017894 doi:10.15468/dl.icxmwn,GBIF Occurrence Download,Occdownload Gbif.Org [omid:ra/0602938653],2016,,,,,dataset,The Global Biodiversity Information Facility [omid:ra/0602938654],
omid:br/0601017895 doi:10.15468/dl.icxmze,GBIF Occurrence Download,Occdownload Gbif.Org [omid:ra/0602938655],2018,,,,,dataset,The Global Biodiversity Information Facility [omid:ra/0602938656],
omid:br/0601017896 doi:10.15468/dl.icxnxf,GBIF Occurrence Download,Occdownload Gbif.Org [omid:ra/0602938657],2016,,,,,dataset,The Global Biodiversity Information Facility [omid:ra/0602938658],
omid:br/0601017897 doi:10.15468/dl.icxpbl,GBIF Occurrence Download,Occdownload Gbif.Org [omid:ra/0602938659],2016,,,,,dataset,The Global Biodiversity Information Facility [omid:ra/0602938660],
omid:br/0601017898 doi:10.15468/dl.icxqdn,Occurrence Download,Occdownload Gbif.Org [omid:ra/0602938661],2020,,,,,dataset,The Global Biodiversity Information Facility [omid:ra/0602938662],
omid:br/0601017899 doi:10.15468/dl.icxrhi,GBIF Occurrence Download,Occdownload Gbif.Org [omid:ra/0602938663],2019,,,,,dataset,The Global Biodiversity Information Facility [omid:ra/0602938664],
omid:br/06010179 doi:10.15468/dl.xy1e9n,GBIF Occurrence Download,Occdownload Gbif.Org [omid:ra/06029546],2017,,,,,dataset,The Global Biodiversity Information Facility [omid:ra/06029547],
omid:br/060101790 doi:10.1594/pangaea.186825,Vertical Distributions Phytoplankton Pigments At Station FLUPAC_081,"Blanchot, Jean [omid:ra/060220176]; André, J-M [omid:ra/060220177]; Navarette, Claudie [omid:ra/060220178]; Neveux, Jacques [omid:ra/060220179]; Radenac, Marie-Helene [omid:ra/060220180]",2001,,,,,dataset,Pangaea - Data Publisher For Earth & Environmental Science [omid:ra/060220181],
omid:br/0601017900 doi:10.15468/dl.icy5er,Occurrence Download,Occdownload Gbif.Org [omid:ra/0602938665],2020,,,,,dataset,The Global Biodiversity Information Facility [omid:ra/0602938666],
omid:br/0601017901 doi:10.15468/dl.icyclg,GBIF Occurrence Download,Occdownload Gbif.Org [omid:ra/0602938667],2016,,,,,dataset,The Global Biodiversity Information Facility [omid:ra/0602938668],
omid:br/0601017902 doi:10.15468/dl.icyde9,GBIF Occurrence Download,Occdownload Gbif.Org [omid:ra/0602938669],2018,,,,,dataset,The Global Biodiversity Information Facility [omid:ra/0602938670],
omid:br/0601017903 doi:10.15468/dl.icydxa,GBIF Occurrence Download,Occdownload Gbif.Org [omid:ra/0602938671],2019,,,,,dataset,The Global Biodiversity Information Facility [omid:ra/0602938672],
omid:br/0601017904 doi:10.15468/dl.icye3o,GBIF Occurrence Download,Occdownload Gbif.Org [omid:ra/0602938673],2016,,,,,dataset,The Global Biodiversity Information Facility [omid:ra/0602938674],
omid:br/0601017905 doi:10.15468/dl.icyepv,Occurrence Download,Occdownload Gbif.Org [omid:ra/0602938675],2020,,,,,dataset,The Global Biodiversity Information Facility [omid:ra/0602938676],
omid:br/0601017906 doi:10.15468/dl.icyfax,GBIF Occurrence Download,Occdownload Gbif.Org [omid:ra/0602938677],2017,,,,,dataset,The Global Biodiversity Information Facility [omid:ra/0602938678],
omid:br/0601017907 doi:10.15468/dl.icyfsv,GBIF Occurrence Download,Occdownload Gbif.Org [omid:ra/0602938679],2015,,,,,dataset,The Global Biodiversity Information Facility [omid:ra/0602938680],
omid:br/0601017908 doi:10.15468/dl.icyfuy,GBIF Occurrence Download,Occdownload Gbif.Org [omid:ra/0602938681],2017,,,,,dataset,The Global Biodiversity Information Facility [omid:ra/0602938682],
omid:br/0601017909 doi:10.15468/dl.icygyz,GBIF Occurrence Download,Occdownload Gbif.Org [omid:ra/0602938683],2018,,,,,dataset,The Global Biodiversity Information Facility [omid:ra/0602938684],
omid:br/060101791 doi:10.1594/pangaea.186826,Vertical Distributions Phytoplankton Pigments At Station FLUPAC_082,"Blanchot, Jean [omid:ra/060220182]; André, J-M [omid:ra/060220183]; Navarette, Claudie [omid:ra/060220184]; Neveux, Jacques [omid:ra/060220185]; Radenac, Marie-Helene [omid:ra/060220186]",2001,,,,,dataset,Pangaea - Data Publisher For Earth & Environmental Science [omid:ra/060220187],
omid:br/0601017910 doi:10.15468/dl.icyhh1,GBIF Occurrence Download,Occdownload Gbif.Org [omid:ra/0602938685],2017,,,,,dataset,The Global Biodiversity Information Facility [omid:ra/0602938686],
omid:br/0601017911 doi:10.15468/dl.icyhkl,GBIF Occurrence Download,Occdownload Gbif.Org [omid:ra/0602938687],2016,,,,,dataset,The Global Biodiversity Information Facility [omid:ra/0602938688],
omid:br/0601017912 doi:10.15468/dl.icyhth,GBIF Occurrence Download,Occdownload Gbif.Org [omid:ra/0602938689],2016,,,,,dataset,The Global Biodiversity Information Facility [omid:ra/0602938690],
omid:br/0601017913 doi:10.15468/dl.icyimv,Occurrence Download,Occdownload Gbif.Org [omid:ra/0602938691],2019,,,,,dataset,The Global Biodiversity Information Facility [omid:ra/0602938692],
omid:br/0601017914 doi:10.15468/dl.icyjgm,Occurrence Download,Occdownload Gbif.Org [omid:ra/0602938693],2020,,,,,dataset,The Global Biodiversity Information Facility [omid:ra/0602938694],
omid:br/0601017915 doi:10.15468/dl.icyjw9,GBIF Occurrence Download,Occdownload Gbif.Org [omid:ra/0602938695],2018,,,,,dataset,The Global Biodiversity Information Facility [omid:ra/0602938696],
omid:br/0601017916 doi:10.15468/dl.icymac,GBIF Occurrence Download,Occdownload Gbif.Org [omid:ra/0602938697],2015,,,,,dataset,The Global Biodiversity Information Facility [omid:ra/0602938698],
omid:br/0601017917 doi:10.15468/dl.icymzz,Occurrence Download,Occdownload Gbif.Org [omid:ra/0602938699],2020,,,,,dataset,The Global Biodiversity Information Facility [omid:ra/0602938700],
omid:br/0601017918 doi:10.15468/dl.icyp0j,GBIF Occurrence Download,Occdownload Gbif.Org [omid:ra/0602938701],2015,,,,,dataset,The Global Biodiversity Information Facility [omid:ra/0602938702],
omid:br/0601017919 doi:10.15468/dl.icyqh0,Occurrence Download,Occdownload Gbif.Org [omid:ra/0602938703],2019,,,,,dataset,The Global Biodiversity Information Facility [omid:ra/0602938704],
omid:br/060101792 doi:10.1594/pangaea.186827,Vertical Distributions Phytoplankton Pigments At Station FLUPAC_084,"Blanchot, Jean [omid:ra/060220188]; André, J-M [omid:ra/060220189]; Navarette, Claudie [omid:ra/060220190]; Neveux, Jacques [omid:ra/060220191]; Radenac, Marie-Helene [omid:ra/060220192]",2001,,,,,dataset,Pangaea - Data Publisher For Earth & Environmental Science [omid:ra/060220193],
omid:br/0601017920 doi:10.15468/dl.icyrxe,GBIF Occurrence Download,Occdownload Gbif.Org [omid:ra/0602938705],2016,,,,,dataset,The Global Biodiversity Information Facility [omid:ra/0602938706],
omid:br/0601017921 doi:10.15468/dl.icyshx,GBIF Occurrence Download,Occdownload Gbif.Org [omid:ra/0602938707],2017,,,,,dataset,The Global Biodiversity Information Facility [omid:ra/0602938708],
omid:br/0601017922 doi:10.15468/dl.icyujv,GBIF Occurrence Download,Occdownload Gbif.Org [omid:ra/0602938709],2019,,,,,dataset,The Global Biodiversity Information Facility [omid:ra/0602938710],
omid:br/0601017923 doi:10.15468/dl.icyum7,GBIF Occurrence Download,Occdownload Gbif.Org [omid:ra/0602938711],2017,,,,,dataset,The Global Biodiversity Information Facility [omid:ra/0602938712],
omid:br/0601017924 doi:10.15468/dl.icyv2r,Occurrence Download,Occdownload Gbif.Org [omid:ra/0602938713],2020,,,,,dataset,The Global Biodiversity Information Facility [omid:ra/0602938714],
omid:br/0601017925 doi:10.15468/dl.icywos,GBIF Occurrence Download,Occdownload Gbif.Org [omid:ra/0602938715],2018,,,,,dataset,The Global Biodiversity Information Facility [omid:ra/0602938716],
omid:br/0601017926 doi:10.15468/dl.icywqx,GBIF Occurrence Download,Occdownload Gbif.Org [omid:ra/0602938717],2016,,,,,dataset,The Global Biodiversity Information Facility [omid:ra/0602938718],
omid:br/0601017927 doi:10.15468/dl.icyyxx,GBIF Occurrence Download,Occdownload Gbif.Org [omid:ra/0602938719],2016,,,,,dataset,The Global Biodiversity Information Facility [omid:ra/0602938720],
omid:br/0601017928 doi:10.15468/dl.icz6hg,GBIF Occurrence Download,Occdownload Gbif.Org [omid:ra/0602938721],2016,,,,,dataset,The Global Biodiversity Information Facility [omid:ra/0602938722],
omid:br/0601017929 doi:10.15468/dl.icz6hx,GBIF Occurrence Download,Occdownload Gbif.Org [omid:ra/0602938723],2018,,,,,dataset,The Global Biodiversity Information Facility [omid:ra/0602938724],
omid:br/060101793 doi:10.1594/pangaea.186828,Vertical Distributions Phytoplankton Pigments At Station FLUPAC_086,"Blanchot, Jean [omid:ra/060220194]; André, J-M [omid:ra/060220195]; Navarette, Claudie [omid:ra/060220196]; Neveux, Jacques [omid:ra/060220197]; Radenac, Marie-Helene [omid:ra/060220198]",2001,,,,,dataset,Pangaea - Data Publisher For Earth & Environmental Science [omid:ra/060220199],
omid:br/0601017930 doi:10.15468/dl.icz8yt,GBIF Occurrence Download,Occdownload Gbif.Org [omid:ra/0602938725],2015,,,,,dataset,The Global Biodiversity Information Facility [omid:ra/0602938726],
omid:br/0601017931 doi:10.15468/dl.icz9f7,GBIF Occurrence Download,Occdownload Gbif.Org [omid:ra/0602938727],2017,,,,,dataset,The Global Biodiversity Information Facility [omid:ra/0602938728],
omid:br/0601017932 doi:10.15468/dl.icz9vv,GBIF Occurrence Download,Occdownload Gbif.Org [omid:ra/0602938729],2015,,,,,dataset,The Global Biodiversity Information Facility [omid:ra/0602938730],
omid:br/0601017933 doi:10.15468/dl.icza5w,GBIF Occurrence Download,Occdownload Gbif.Org [omid:ra/0602938731],2016,,,,,dataset,The Global Biodiversity Information Facility [omid:ra/0602938732],
omid:br/0601017934 doi:10.15468/dl.iczakl,GBIF Occurrence Download,Occdownload Gbif.Org [omid:ra/0602938733],2016,,,,,dataset,The Global Biodiversity Information Facility [omid:ra/0602938734],
omid:br/0601017935 doi:10.15468/dl.iczcew,GBIF Occurrence Download,Occdownload Gbif.Org [omid:ra/0602938735],2018,,,,,dataset,The Global Biodiversity Information Facility [omid:ra/0602938736],
omid:br/0601017936 doi:10.15468/dl.iczcm3,GBIF Occurrence Download,Occdownload Gbif.Org [omid:ra/0602938737],2015,,,,,dataset,The Global Biodiversity Information Facility [omid:ra/0602938738],
omid:br/0601017937 doi:10.15468/dl.iczd5s,GBIF Occurrence Download,Occdownload Gbif.Org [omid:ra/0602938739],2016,,,,,dataset,The Global Biodiversity Information Facility [omid:ra/0602938740],
omid:br/0601017938 doi:10.15468/dl.iczdap,Occurrence Download,Occdownload Gbif.Org [omid:ra/0602938741],2019,,,,,dataset,The Global Biodiversity Information Facility [omid:ra/0602938742],
omid:br/0601017939 doi:10.15468/dl.iczfjj,Occurrence Download,Occdownload Gbif.Org [omid:ra/0602938743],2019,,,,,dataset,The Global Biodiversity Information Facility [omid:ra/0602938744],
omid:br/060101794 doi:10.1594/pangaea.186829 openalex:W2991067992,Vertical Distributions Phytoplankton Pigments At Station FLUPAC_088,"Blanchot, Jean [omid:ra/060220200]; André, J-M [omid:ra/060220201]; Navarette, Claudie [omid:ra/060220202]; Neveux, Jacques [omid:ra/060220203]; Radenac, Marie-Helene [omid:ra/060220204]",2001,,,,,dataset,Pangaea - Data Publisher For Earth & Environmental Science [omid:ra/060220205],
omid:br/0601017940 doi:10.15468/dl.iczgfa,GBIF Occurrence Download,Occdownload Gbif.Org [omid:ra/0602938745],2016,,,,,dataset,The Global Biodiversity Information Facility [omid:ra/0602938746],
omid:br/0601017941 doi:10.15468/dl.iczim6,GBIF Occurrence Download,Occdownload Gbif.Org [omid:ra/0602938747],2016,,,,,dataset,The Global Biodiversity Information Facility [omid:ra/0602938748],
omid:br/0601017942 doi:10.15468/dl.iczjhk,GBIF Occurrence Download,Occdownload Gbif.Org [omid:ra/0602938749],2018,,,,,dataset,The Global Biodiversity Information Facility [omid:ra/0602938750],
omid:br/0601017943 doi:10.15468/dl.iczjvb,Occurrence Download,Occdownload Gbif.Org [omid:ra/0602938751],2020,,,,,dataset,The Global Biodiversity Information Facility [omid:ra/0602938752],
omid:br/0601017944 doi:10.15468/dl.iczkb3,GBIF Occurrence Download,Occdownload Gbif.Org [omid:ra/0602938753],2017,,,,,dataset,The Global Biodiversity Information Facility [omid:ra/0602938754],
omid:br/0601017945 doi:10.15468/dl.iczkh4,GBIF Occurrence Download,Occdownload Gbif.Org [omid:ra/0602938755],2015,,,,,dataset,The Global Biodiversity Information Facility [omid:ra/0602938756],
omid:br/0601017946 doi:10.15468/dl.iczkzx,Occurrence Download,Occdownload Gbif.Org [omid:ra/0602938757],2020,,,,,dataset,The Global Biodiversity Information Facility [omid:ra/0602938758],
omid:br/0601017947 doi:10.15468/dl.iczmrv,GBIF Occurrence Download,Occdownload Gbif.Org [omid:ra/0602938759],2018,,,,,dataset,The Global Biodiversity Information Facility [omid:ra/0602938760],
omid:br/0601017948 doi:10.15468/dl.iczosi,GBIF Occurrence Download,Occdownload Gbif.Org [omid:ra/0602938761],2016,,,,,dataset,The Global Biodiversity Information Facility [omid:ra/0602938762],
omid:br/0601017949 doi:10.15468/dl.iczrd3,GBIF Occurrence Download,Occdownload Gbif.Org [omid:ra/0602938763],2017,,,,,dataset,The Global Biodiversity Information Facility [omid:ra/0602938764],
omid:br/060101795 doi:10.1594/pangaea.186830 openalex:W2991076749,Vertical Distributions Phytoplankton Pigments At Station FLUPAC_090,"Blanchot, Jean [omid:ra/060220206]; André, J-M [omid:ra/060220207]; Navarette, Claudie [omid:ra/060220208]; Neveux, Jacques [omid:ra/060220209]; Radenac, Marie-Helene [omid:ra/060220210]",2001,,,,,dataset,Pangaea - Data Publisher For Earth & Environmental Science [omid:ra/060220211],
omid:br/0601017950 doi:10.15468/dl.iczrou,GBIF Occurrence Download,Occdownload Gbif.Org [omid:ra/0602938765],2017,,,,,dataset,The Global Biodiversity Information Facility [omid:ra/0602938766],
omid:br/0601017951 doi:10.15468/dl.icztbo,GBIF Occurrence Download,Occdownload Gbif.Org [omid:ra/0602938767],2015,,,,,dataset,The Global Biodiversity Information Facility [omid:ra/0602938768],
omid:br/0601017952 doi:10.15468/dl.iczuwg,GBIF Occurrence Download,Occdownload Gbif.Org [omid:ra/0602938769],2018,,,,,dataset,The Global Biodiversity Information Facility [omid:ra/0602938770],
omid:br/0601017953 doi:10.15468/dl.iczvgu,GBIF Occurrence Download,Occdownload Gbif.Org [omid:ra/0602938771],2017,,,,,dataset,The Global Biodiversity Information Facility [omid:ra/0602938772],
omid:br/0601017954 doi:10.15468/dl.iczwxm,GBIF Occurrence Download,Occdownload Gbif.Org [omid:ra/0602938773],2015,,,,,dataset,The Global Biodiversity Information Facility [omid:ra/0602938774],
omid:br/0601017955 doi:10.15468/dl.iczyss,GBIF Occurrence Download,Occdownload Gbif.Org [omid:ra/0602938775],2018,,,,,dataset,The Global Biodiversity Information Facility [omid:ra/0602938776],
omid:br/0601017956 doi:10.15468/dl.id04yr,Occurrence Download,Occdownload Gbif.Org [omid:ra/0602938777],2019,,,,,dataset,The Global Biodiversity Information Facility [omid:ra/0602938778],
omid:br/0601017957 doi:10.15468/dl.id0egx,Occurrence Download,Occdownload Gbif.Org [omid:ra/0602938779],2019,,,,,dataset,The Global Biodiversity Information Facility [omid:ra/0602938780],
omid:br/0601017958 doi:10.15468/dl.id0fmo,GBIF Occurrence Download,Occdownload Gbif.Org [omid:ra/0602938781],2015,,,,,dataset,The Global Biodiversity Information Facility [omid:ra/0602938782],
omid:br/0601017959 doi:10.15468/dl.id0fxw,GBIF Occurrence Download,Occdownload Gbif.Org [omid:ra/0602938783],2016,,,,,dataset,The Global Biodiversity Information Facility [omid:ra/0602938784],
omid:br/060101796 doi:10.1594/pangaea.186831,Vertical Distributions Phytoplankton Pigments At Station FLUPAC_092,"Blanchot, Jean [omid:ra/060220212]; André, J-M [omid:ra/060220213]; Navarette, Claudie [omid:ra/060220214]; Neveux, Jacques [omid:ra/060220215]; Radenac, Marie-Helene [omid:ra/060220216]",2001,,,,,dataset,Pangaea - Data Publisher For Earth & Environmental Science [omid:ra/060220217],
omid:br/0601017960 doi:10.15468/dl.id0ipn,GBIF Occurrence Download,Occdownload Gbif.Org [omid:ra/0602938785],2018,,,,,dataset,The Global Biodiversity Information Facility [omid:ra/0602938786],
omid:br/0601017961 doi:10.15468/dl.id0j46,GBIF Occurrence Download,Occdownload Gbif.Org [omid:ra/0602938787],2017,,,,,dataset,The Global Biodiversity Information Facility [omid:ra/0602938788],
omid:br/0601017962 doi:10.15468/dl.id0l2b,GBIF Occurrence Download,Occdownload Gbif.Org [omid:ra/0602938789],2019,,,,,dataset,The Global Biodiversity Information Facility [omid:ra/0602938790],
omid:br/0601017963 doi:10.15468/dl.id0mra,GBIF Occurrence Download,Occdownload Gbif.Org [omid:ra/0602938791],2019,,,,,dataset,The Global Biodiversity Information Facility [omid:ra/0602938792],
omid:br/0601017964 doi:10.15468/dl.id0rkm,Occurrence Download,Occdownload Gbif.Org [omid:ra/0602938793],2019,,,,,dataset,The Global Biodiversity Information Facility [omid:ra/0602938794],
omid:br/0601017965 doi:10.15468/dl.id0ukd,GBIF Occurrence Download,Occdownload Gbif.Org [omid:ra/0602938795],2018,,,,,dataset,The Global Biodiversity Information Facility [omid:ra/0602938796],
omid:br/0601017966 doi:10.15468/dl.id12jo,Occurrence Download,Occdownload Gbif.Org [omid:ra/0602938797],2019,,,,,dataset,The Global Biodiversity Information Facility [omid:ra/0602938798],
omid:br/0601017967 doi:10.15468/dl.id199v,GBIF Occurrence Download,Occdownload Gbif.Org [omid:ra/0602938799],2018,,,,,dataset,The Global Biodiversity Information Facility [omid:ra/0602938800],
omid:br/0601017968 doi:10.15468/dl.id1a19,GBIF Occurrence Download,Occdownload Gbif.Org [omid:ra/0602938801],2019,,,,,dataset,The Global Biodiversity Information Facility [omid:ra/0602938802],
omid:br/0601017969 doi:10.15468/dl.id1an7,GBIF Occurrence Download,Occdownload Gbif.Org [omid:ra/0602938803],2016,,,,,dataset,The Global Biodiversity Information Facility [omid:ra/0602938804],
omid:br/060101797 doi:10.1594/pangaea.186832 openalex:W2947925488,Vertical Distributions Phytoplankton Pigments At Station FLUPAC_094,"Blanchot, Jean [omid:ra/060220218]; André, J-M [omid:ra/060220219]; Navarette, Claudie [omid:ra/060220220]; Neveux, Jacques [omid:ra/060220221]; Radenac, Marie-Helene [omid:ra/060220222]",2001,,,,,dataset,Pangaea - Data Publisher For Earth & Environmental Science [omid:ra/060220223],
omid:br/0601017970 doi:10.15468/dl.id1dvs,GBIF Occurrence Download,Occdownload Gbif.Org [omid:ra/0602938805],2016,,,,,dataset,The Global Biodiversity Information Facility [omid:ra/0602938806],
omid:br/0601017971 doi:10.15468/dl.id1gzu,Occurrence Download,Occdownload Gbif.Org [omid:ra/0602938807],2020,,,,,dataset,The Global Biodiversity Information Facility [omid:ra/0602938808],
omid:br/0601017972 doi:10.15468/dl.id1k1s,GBIF Occurrence Download,Occdownload Gbif.Org [omid:ra/0602938809],2017,,,,,dataset,The Global Biodiversity Information Facility [omid:ra/0602938810],
omid:br/0601017973 doi:10.15468/dl.id1ns9,GBIF Occurrence Download,Occdownload Gbif.Org [omid:ra/0602938811],2018,,,,,dataset,The Global Biodiversity Information Facility [omid:ra/0602938812],
omid:br/0601017974 doi:10.15468/dl.id1oqr,GBIF Occurrence Download,Occdownload Gbif.Org [omid:ra/0602938813],2017,,,,,dataset,The Global Biodiversity Information Facility [omid:ra/0602938814],
omid:br/0601017975 doi:10.15468/dl.id1q8r,GBIF Occurrence Download,Occdownload Gbif.Org [omid:ra/0602938815],2017,,,,,dataset,The Global Biodiversity Information Facility [omid:ra/0602938816],
omid:br/0601017976 doi:10.15468/dl.id1uvq,GBIF Occurrence Download,Occdownload Gbif.Org [omid:ra/0602938817],2018,,,,,dataset,The Global Biodiversity Information Facility [omid:ra/0602938818],
omid:br/0601017977 doi:10.15468/dl.id1yu7,Occurrence Download,Occdownload Gbif.Org [omid:ra/0602938819],2020,,,,,dataset,The Global Biodiversity Information Facility [omid:ra/0602938820],
omid:br/0601017978 doi:10.15468/dl.id23ko,GBIF Occurrence Download,Occdownload Gbif.Org [omid:ra/0602938821],2017,,,,,dataset,The Global Biodiversity Information Facility [omid:ra/0602938822],
omid:br/0601017979 doi:10.15468/dl.id244b,GBIF Occurrence Download,Occdownload Gbif.Org [omid:ra/0602938823],2018,,,,,dataset,The Global Biodiversity Information Facility [omid:ra/0602938824],
omid:br/060101798 doi:10.1594/pangaea.186833,Vertical Distributions Phytoplankton Pigments At Station FLUPAC_096,"Blanchot, Jean [omid:ra/060220224]; André, J-M [omid:ra/060220225]; Navarette, Claudie [omid:ra/060220226]; Neveux, Jacques [omid:ra/060220227]; Radenac, Marie-Helene [omid:ra/060220228]",2001,,,,,dataset,Pangaea - Data Publisher For Earth & Environmental Science [omid:ra/060220229],
omid:br/0601017980 doi:10.15468/dl.id259r,GBIF Occurrence Download,Occdownload Gbif.Org [omid:ra/0602938825],2017,,,,,dataset,The Global Biodiversity Information Facility [omid:ra/0602938826],
omid:br/0601017981 doi:10.15468/dl.id283h,GBIF Occurrence Download,Occdownload Gbif.Org [omid:ra/0602938827],2018,,,,,dataset,The Global Biodiversity Information Facility [omid:ra/0602938828],
omid:br/0601017982 doi:10.15468/dl.id2cwh,GBIF Occurrence Download,Occdownload Gbif.Org [omid:ra/0602938829],2017,,,,,dataset,The Global Biodiversity Information Facility [omid:ra/0602938830],
omid:br/0601017983 doi:10.15468/dl.id2ggs,Occurrence Download,Occdownload Gbif.Org [omid:ra/0602938831],2019,,,,,dataset,The Global Biodiversity Information Facility [omid:ra/0602938832],
omid:br/0601017984 doi:10.15468/dl.id2gh7,GBIF Occurrence Download,Occdownload Gbif.Org [omid:ra/0602938833],2019,,,,,dataset,The Global Biodiversity Information Facility [omid:ra/0602938834],
omid:br/0601017985 doi:10.15468/dl.id2jum,GBIF Occurrence Download,Occdownload Gbif.Org [omid:ra/0602938835],2017,,,,,dataset,The Global Biodiversity Information Facility [omid:ra/0602938836],
omid:br/0601017986 doi:10.15468/dl.id2nkx,GBIF Occurrence Download,Occdownload Gbif.Org [omid:ra/0602938837],2017,,,,,dataset,The Global Biodiversity Information Facility [omid:ra/0602938838],
omid:br/0601017987 doi:10.15468/dl.id2nwb,GBIF Occurrence Download,Occdownload Gbif.Org [omid:ra/0602938839],2018,,,,,dataset,The Global Biodiversity Information Facility [omid:ra/0602938840],
omid:br/0601017988 doi:10.15468/dl.id2qes,GBIF Occurrence Download,Occdownload Gbif.Org [omid:ra/0602938841],2017,,,,,dataset,The Global Biodiversity Information Facility [omid:ra/0602938842],
omid:br/0601017989 doi:10.15468/dl.id2rru,Occurrence Download,Occdownload Gbif.Org [omid:ra/0602938843],2020,,,,,dataset,The Global Biodiversity Information Facility [omid:ra/0602938844],
omid:br/060101799 doi:10.1594/pangaea.186834 openalex:W2957551870,Vertical Distributions Phytoplankton Pigments At Station FLUPAC_098,"Blanchot, Jean [omid:ra/060220230]; André, J-M [omid:ra/060220231]; Navarette, Claudie [omid:ra/060220232]; Neveux, Jacques [omid:ra/060220233]; Radenac, Marie-Helene [omid:ra/060220234]",2001,,,,,dataset,Pangaea - Data Publisher For Earth & Environmental Science [omid:ra/060220235],
omid:br/0601017990 doi:10.15468/dl.id2tm5,GBIF Occurrence Download,Occdownload Gbif.Org [omid:ra/0602938845],2016,,,,,dataset,The Global Biodiversity Information Facility [omid:ra/0602938846],
omid:br/0601017991 doi:10.15468/dl.id2uvj,Occurrence Download,Occdownload Gbif.Org [omid:ra/0602938847],2019,,,,,dataset,The Global Biodiversity Information Facility [omid:ra/0602938848],
omid:br/0601017992 doi:10.15468/dl.id2xin,GBIF Occurrence Download,Occdownload Gbif.Org [omid:ra/0602938849],2015,,,,,dataset,The Global Biodiversity Information Facility [omid:ra/0602938850],
omid:br/0601017993 doi:10.15468/dl.id2zqj,GBIF Occurrence Download,Occdownload Gbif.Org [omid:ra/0602938851],2019,,,,,dataset,The Global Biodiversity Information Facility [omid:ra/0602938852],
omid:br/0601017994 doi:10.15468/dl.id30ly,GBIF Occurrence Download,Occdownload Gbif.Org [omid:ra/0602938853],2016,,,,,dataset,The Global Biodiversity Information Facility [omid:ra/0602938854],
omid:br/0601017995 doi:10.15468/dl.id30vv,GBIF Occurrence Download,Occdownload Gbif.Org [omid:ra/0602938855],2015,,,,,dataset,The Global Biodiversity Information Facility [omid:ra/0602938856],
omid:br/0601017996 doi:10.15468/dl.id3bmg,GBIF Occurrence Download,Occdownload Gbif.Org [omid:ra/0602938857],2019,,,,,dataset,The Global Biodiversity Information Facility [omid:ra/0602938858],
omid:br/0601017997 doi:10.15468/dl.id3cwp,GBIF Occurrence Download,Occdownload Gbif.Org [omid:ra/0602938859],2016,,,,,dataset,The Global Biodiversity Information Facility [omid:ra/0602938860],
omid:br/0601017998 doi:10.15468/dl.id3fcn,GBIF Occurrence Download,Occdownload Gbif.Org [omid:ra/0602938861],2016,,,,,dataset,The Global Biodiversity Information Facility [omid:ra/0602938862],
omid:br/0601017999 doi:10.15468/dl.id3h5z,GBIF Occurrence Download,Occdownload Gbif.Org [omid:ra/0602938863],2016,,,,,dataset,The Global Biodiversity Information Facility [omid:ra/0602938864],
omid:br/0601018 doi:10.4230/lipics.icalp.2020.56 openalex:W3037394153,Robust Algorithms Under Adversarial Injections,"Garg, Paritosh [omid:ra/0607762]; Kale, Sagar [omid:ra/0606995 orcid:0000-0001-7765-4860]; Rohwedder, Lars [omid:ra/0607763]; Svensson, Ola [omid:ra/0607764]",2020,LIPIcs : Leibniz International Proceedings In Informatics [omid:br/060182 issn:1868-8969],,,,report,Schloss Dagstuhl - Leibniz-Zentrum Für Informatik [omid:ra/0607765],"Czumaj, Artur [omid:ra/0607590 orcid:0000-0002-7743-438X]; Dawar, Anuj [omid:ra/067073847 orcid:0000-0003-4014-8248]; Merelli, Emanuela [omid:ra/068015430 orcid:0000-0002-1321-4134]"
omid:br/06010180 doi:10.15468/dl.xy1gtv,GBIF Occurrence Download,Occdownload Gbif.Org [omid:ra/06029548],2018,,,,,dataset,The Global Biodiversity Information Facility [omid:ra/06029549],
omid:br/060101800 doi:10.1594/pangaea.186835,Vertical Distributions Phytoplankton Pigments At Station FLUPAC_108,"Blanchot, Jean [omid:ra/060220236]; André, J-M [omid:ra/060220237]; Navarette, Claudie [omid:ra/060220238]; Neveux, Jacques [omid:ra/060220239]; Radenac, Marie-Helene [omid:ra/060220240]",2001,,,,,dataset,Pangaea - Data Publisher For Earth & Environmental Science [omid:ra/060220241],
omid:br/0601018000 doi:10.15468/dl.id3iek,GBIF Occurrence Download,Occdownload Gbif.Org [omid:ra/0602938865],2016,,,,,dataset,The Global Biodiversity Information Facility [omid:ra/0602938866],
omid:br/0601018001 doi:10.15468/dl.id3jen,GBIF Occurrence Download,Occdownload Gbif.Org [omid:ra/0602938867],2018,,,,,dataset,The Global Biodiversity Information Facility [omid:ra/0602938868],
omid:br/0601018002 doi:10.15468/dl.id3jfx,GBIF Occurrence Download,Occdownload Gbif.Org [omid:ra/0602938869],2015,,,,,dataset,The Global Biodiversity Information Facility [omid:ra/0602938870],
omid:br/0601018003 doi:10.15468/dl.id3wde,GBIF Occurrence Download,Occdownload Gbif.Org [omid:ra/0602938871],2017,,,,,dataset,The Global Biodiversity Information Facility [omid:ra/0602938872],
omid:br/0601018004 doi:10.15468/dl.id3yqx,GBIF Occurrence Download,Occdownload Gbif.Org [omid:ra/0602938873],2018,,,,,dataset,The Global Biodiversity Information Facility [omid:ra/0602938874],
omid:br/0601018005 doi:10.15468/dl.id3z4d,GBIF Occurrence Download,Occdownload Gbif.Org [omid:ra/0602938875],2016,,,,,dataset,The Global Biodiversity Information Facility [omid:ra/0602938876],
omid:br/0601018006 doi:10.15468/dl.id4dm8,GBIF Occurrence Download,Occdownload Gbif.Org [omid:ra/0602938877],2018,,,,,dataset,The Global Biodiversity Information Facility [omid:ra/0602938878],
omid:br/0601018007 doi:10.15468/dl.id4ir8,GBIF Occurrence Download,Occdownload Gbif.Org [omid:ra/0602938879],2015,,,,,dataset,The Global Biodiversity Information Facility [omid:ra/0602938880],
omid:br/0601018008 doi:10.15468/dl.id4o48,GBIF Occurrence Download,Occdownload Gbif.Org [omid:ra/0602938881],2018,,,,,dataset,The Global Biodiversity Information Facility [omid:ra/0602938882],
omid:br/0601018009 doi:10.15468/dl.id4ocs,GBIF Occurrence Download,Occdownload Gbif.Org [omid:ra/0602938883],2018,,,,,dataset,The Global Biodiversity Information Facility [omid:ra/0602938884],
omid:br/060101801 doi:10.1594/pangaea.186836,Vertical Distributions Phytoplankton Pigments At Station FLUPAC_110,"Blanchot, Jean [omid:ra/060220242]; André, J-M [omid:ra/060220243]; Navarette, Claudie [omid:ra/060220244]; Neveux, Jacques [omid:ra/060220245]; Radenac, Marie-Helene [omid:ra/060220246]",2001,,,,,dataset,Pangaea - Data Publisher For Earth & Environmental Science [omid:ra/060220247],
omid:br/0601018010 doi:10.15468/dl.id4r3l,GBIF Occurrence Download,Occdownload Gbif.Org [omid:ra/0602938885],2017,,,,,dataset,The Global Biodiversity Information Facility [omid:ra/0602938886],
omid:br/0601018011 doi:10.15468/dl.id4tpl,GBIF Occurrence Download,Occdownload Gbif.Org [omid:ra/0602938887],2017,,,,,dataset,The Global Biodiversity Information Facility [omid:ra/0602938888],
omid:br/0601018012 doi:10.15468/dl.id4wop,GBIF Occurrence Download,Occdownload Gbif.Org [omid:ra/0602938889],2016,,,,,dataset,The Global Biodiversity Information Facility [omid:ra/0602938890],
omid:br/0601018013 doi:10.15468/dl.id4y8m,GBIF Occurrence Download,Occdownload Gbif.Org [omid:ra/0602938891],2018,,,,,dataset,The Global Biodiversity Information Facility [omid:ra/0602938892],
omid:br/0601018014 doi:10.15468/dl.id4yrt,Occurrence Download,Occdownload Gbif.Org [omid:ra/0602938893],2020,,,,,dataset,The Global Biodiversity Information Facility [omid:ra/0602938894],
omid:br/0601018015 doi:10.15468/dl.id4zjc,GBIF Occurrence Download,Occdownload Gbif.Org [omid:ra/0602938895],2017,,,,,dataset,The Global Biodiversity Information Facility [omid:ra/0602938896],
omid:br/0601018016 doi:10.15468/dl.id5azz,GBIF Occurrence Download,Occdownload Gbif.Org [omid:ra/0602938897],2018,,,,,dataset,The Global Biodiversity Information Facility [omid:ra/0602938898],
omid:br/0601018017 doi:10.15468/dl.id5due,Occurrence Download,Occdownload Gbif.Org [omid:ra/0602938899],2019,,,,,dataset,The Global Biodiversity Information Facility [omid:ra/0602938900],
omid:br/0601018018 doi:10.15468/dl.id5fco,Occurrence Download,Occdownload Gbif.Org [omid:ra/0602938901],2020,,,,,dataset,The Global Biodiversity Information Facility [omid:ra/0602938902],
omid:br/0601018019 doi:10.15468/dl.id5hm5,GBIF Occurrence Download,Occdownload Gbif.Org [omid:ra/0602938903],2018,,,,,dataset,The Global Biodiversity Information Facility [omid:ra/0602938904],
omid:br/060101802 doi:10.1594/pangaea.186837,Vertical Distributions Phytoplankton Pigments At Station FLUPAC_112,"Blanchot, Jean [omid:ra/060220248]; André, J-M [omid:ra/060220249]; Navarette, Claudie [omid:ra/060220250]; Neveux, Jacques [omid:ra/060220251]; Radenac, Marie-Helene [omid:ra/060220252]",2001,,,,,dataset,Pangaea - Data Publisher For Earth & Environmental Science [omid:ra/060220253],
omid:br/0601018020 doi:10.15468/dl.id5j90,Occurrence Download,Occdownload Gbif.Org [omid:ra/0602938905],2019,,,,,dataset,The Global Biodiversity Information Facility [omid:ra/0602938906],
omid:br/0601018021 doi:10.15468/dl.id5jke,GBIF Occurrence Download,Occdownload Gbif.Org [omid:ra/0602938907],2019,,,,,dataset,The Global Biodiversity Information Facility [omid:ra/0602938908],
omid:br/0601018022 doi:10.15468/dl.id5kcx,GBIF Occurrence Download,Occdownload Gbif.Org [omid:ra/0602938909],2019,,,,,dataset,The Global Biodiversity Information Facility [omid:ra/0602938910],
omid:br/0601018023 doi:10.15468/dl.id5nr4,GBIF Occurrence Download,Occdownload Gbif.Org [omid:ra/0602938911],2018,,,,,dataset,The Global Biodiversity Information Facility [omid:ra/0602938912],
omid:br/0601018024 doi:10.15468/dl.id5pgj,GBIF Occurrence Download,Occdownload Gbif.Org [omid:ra/0602938913],2018,,,,,dataset,The Global Biodiversity Information Facility [omid:ra/0602938914],
omid:br/0601018025 doi:10.15468/dl.id5poz,GBIF Occurrence Download,Occdownload Gbif.Org [omid:ra/0602938915],2015,,,,,dataset,The Global Biodiversity Information Facility [omid:ra/0602938916],
omid:br/0601018026 doi:10.15468/dl.id5rff,GBIF Occurrence Download,Occdownload Gbif.Org [omid:ra/0602938917],2015,,,,,dataset,The Global Biodiversity Information Facility [omid:ra/0602938918],
omid:br/0601018027 doi:10.15468/dl.id5uyi,GBIF Occurrence Download,Occdownload Gbif.Org [omid:ra/0602938919],2018,,,,,dataset,The Global Biodiversity Information Facility [omid:ra/0602938920],
omid:br/0601018028 doi:10.15468/dl.id5yrv,GBIF Occurrence Download,Occdownload Gbif.Org [omid:ra/0602938921],2016,,,,,dataset,The Global Biodiversity Information Facility [omid:ra/0602938922],
omid:br/0601018029 doi:10.15468/dl.id64tn,GBIF Occurrence Download,Occdownload Gbif.Org [omid:ra/0602938923],2018,,,,,dataset,The Global Biodiversity Information Facility [omid:ra/0602938924],
omid:br/060101803 doi:10.1594/pangaea.186838,Vertical Distributions Phytoplankton Pigments At Station FLUPAC_114,"Blanchot, Jean [omid:ra/060220254]; André, J-M [omid:ra/060220255]; Navarette, Claudie [omid:ra/060220256]; Neveux, Jacques [omid:ra/060220257]; Radenac, Marie-Helene [omid:ra/060220258]",2001,,,,,dataset,Pangaea - Data Publisher For Earth & Environmental Science [omid:ra/060220259],
omid:br/0601018030 doi:10.15468/dl.id697a,Occurrence Download,Occdownload Gbif.Org [omid:ra/0602938925],2020,,,,,dataset,The Global Biodiversity Information Facility [omid:ra/0602938926],
omid:br/0601018031 doi:10.15468/dl.id6awq,GBIF Occurrence Download,Occdownload Gbif.Org [omid:ra/0602938927],2018,,,,,dataset,The Global Biodiversity Information Facility [omid:ra/0602938928],
omid:br/0601018032 doi:10.15468/dl.id6eql,GBIF Occurrence Download,Occdownload Gbif.Org [omid:ra/0602938929],2017,,,,,dataset,The Global Biodiversity Information Facility [omid:ra/0602938930],
omid:br/0601018033 doi:10.15468/dl.id6mbq,Occurrence Download,Occdownload Gbif.Org [omid:ra/0602938931],2019,,,,,dataset,The Global Biodiversity Information Facility [omid:ra/0602938932],
omid:br/0601018034 doi:10.15468/dl.id6ugw,GBIF Occurrence Download,Occdownload Gbif.Org [omid:ra/0602938933],2018,,,,,dataset,The Global Biodiversity Information Facility [omid:ra/0602938934],
omid:br/0601018035 doi:10.15468/dl.id6z2i,GBIF Occurrence Download,Occdownload Gbif.Org [omid:ra/0602938935],2015,,,,,dataset,The Global Biodiversity Information Facility [omid:ra/0602938936],
omid:br/0601018036 doi:10.15468/dl.id75c2,GBIF Occurrence Download,Occdownload Gbif.Org [omid:ra/0602938937],2019,,,,,dataset,The Global Biodiversity Information Facility [omid:ra/0602938938],
omid:br/0601018037 doi:10.15468/dl.id75cp,GBIF Occurrence Download,Occdownload Gbif.Org [omid:ra/0602938939],2017,,,,,dataset,The Global Biodiversity Information Facility [omid:ra/0602938940],
omid:br/0601018038 doi:10.15468/dl.id77av,GBIF Occurrence Download,Occdownload Gbif.Org [omid:ra/0602938941],2019,,,,,dataset,The Global Biodiversity Information Facility [omid:ra/0602938942],
omid:br/0601018039 doi:10.15468/dl.id7b2v,GBIF Occurrence Download,Occdownload Gbif.Org [omid:ra/0602938943],2019,,,,,dataset,The Global Biodiversity Information Facility [omid:ra/0602938944],
omid:br/060101804 doi:10.1594/pangaea.186839,Vertical Distributions Phytoplankton Pigments At Station FLUPAC_116,"Blanchot, Jean [omid:ra/060220260]; André, J-M [omid:ra/060220261]; Navarette, Claudie [omid:ra/060220262]; Neveux, Jacques [omid:ra/060220263]; Radenac, Marie-Helene [omid:ra/060220264]",2001,,,,,dataset,Pangaea - Data Publisher For Earth & Environmental Science [omid:ra/060220265],
omid:br/0601018040 doi:10.15468/dl.id7cmo,Occurrence Download,Occdownload Gbif.Org [omid:ra/0602938945],2019,,,,,dataset,The Global Biodiversity Information Facility [omid:ra/0602938946],
omid:br/0601018041 doi:10.15468/dl.id7fuf,GBIF Occurrence Download,Occdownload Gbif.Org [omid:ra/0602938947],2018,,,,,dataset,The Global Biodiversity Information Facility [omid:ra/0602938948],
omid:br/0601018042 doi:10.15468/dl.id7fxz,GBIF Occurrence Download,Occdownload Gbif.Org [omid:ra/0602938949],2018,,,,,dataset,The Global Biodiversity Information Facility [omid:ra/0602938950],
omid:br/0601018043 doi:10.15468/dl.id7iyr,Occurrence Download,Occdownload Gbif.Org [omid:ra/0602938951],2020,,,,,dataset,The Global Biodiversity Information Facility [omid:ra/0602938952],
omid:br/0601018044 doi:10.15468/dl.id7jqx,GBIF Occurrence Download,Occdownload Gbif.Org [omid:ra/0602938953],2015,,,,,dataset,The Global Biodiversity Information Facility [omid:ra/0602938954],
omid:br/0601018045 doi:10.15468/dl.id7p53,GBIF Occurrence Download,Occdownload Gbif.Org [omid:ra/0602938955],2018,,,,,dataset,The Global Biodiversity Information Facility [omid:ra/0602938956],
omid:br/0601018046 doi:10.15468/dl.id7pzq,GBIF Occurrence Download,Occdownload Gbif.Org [omid:ra/0602938957],2018,,,,,dataset,The Global Biodiversity Information Facility [omid:ra/0602938958],
omid:br/0601018047 doi:10.15468/dl.id7qs2,Occurrence Download,Occdownload Gbif.Org [omid:ra/0602938959],2020,,,,,dataset,The Global Biodiversity Information Facility [omid:ra/0602938960],
omid:br/0601018048 doi:10.15468/dl.id7tqr,GBIF Occurrence Download,Occdownload Gbif.Org [omid:ra/0602938961],2015,,,,,dataset,The Global Biodiversity Information Facility [omid:ra/0602938962],
omid:br/0601018049 doi:10.15468/dl.id7udl,GBIF Occurrence Download,Occdownload Gbif.Org [omid:ra/0602938963],2015,,,,,dataset,The Global Biodiversity Information Facility [omid:ra/0602938964],
omid:br/060101805 doi:10.1594/pangaea.186840 openalex:W2990026453,Vertical Distributions Phytoplankton Pigments At Station FLUPAC_118,"Blanchot, Jean [omid:ra/060220266]; André, J-M [omid:ra/060220267]; Navarette, Claudie [omid:ra/060220268]; Neveux, Jacques [omid:ra/060220269]; Radenac, Marie-Helene [omid:ra/060220270]",2001,,,,,dataset,Pangaea - Data Publisher For Earth & Environmental Science [omid:ra/060220271],
omid:br/0601018050 doi:10.15468/dl.id7uto,GBIF Occurrence Download,Occdownload Gbif.Org [omid:ra/0602938965],2016,,,,,dataset,The Global Biodiversity Information Facility [omid:ra/0602938966],
omid:br/0601018051 doi:10.15468/dl.id7yfj,GBIF Occurrence Download,Occdownload Gbif.Org [omid:ra/0602938967],2015,,,,,dataset,The Global Biodiversity Information Facility [omid:ra/0602938968],
omid:br/0601018052 doi:10.15468/dl.id88tv,GBIF Occurrence Download,Occdownload Gbif.Org [omid:ra/0602938969],2016,,,,,dataset,The Global Biodiversity Information Facility [omid:ra/0602938970],
omid:br/0601018053 doi:10.15468/dl.id8a6p,GBIF Occurrence Download,Occdownload Gbif.Org [omid:ra/0602938971],2019,,,,,dataset,The Global Biodiversity Information Facility [omid:ra/0602938972],
omid:br/0601018054 doi:10.15468/dl.id8e5b,GBIF Occurrence Download,Occdownload Gbif.Org [omid:ra/0602938973],2016,,,,,dataset,The Global Biodiversity Information Facility [omid:ra/0602938974],
omid:br/0601018055 doi:10.15468/dl.id8mzj,GBIF Occurrence Download,Occdownload Gbif.Org [omid:ra/0602938975],2016,,,,,dataset,The Global Biodiversity Information Facility [omid:ra/0602938976],
omid:br/0601018056 doi:10.15468/dl.id8q78,GBIF Occurrence Download,Occdownload Gbif.Org [omid:ra/0602938977],2016,,,,,dataset,The Global Biodiversity Information Facility [omid:ra/0602938978],
omid:br/0601018057 doi:10.15468/dl.id8rdg,GBIF Occurrence Download,Occdownload Gbif.Org [omid:ra/0602938979],2016,,,,,dataset,The Global Biodiversity Information Facility [omid:ra/0602938980],
omid:br/0601018058 doi:10.15468/dl.id8v1h,Occurrence Download,Occdownload Gbif.Org [omid:ra/0602938981],2020,,,,,dataset,The Global Biodiversity Information Facility [omid:ra/0602938982],
omid:br/0601018059 doi:10.15468/dl.id8xtz,GBIF Occurrence Download,Occdownload Gbif.Org [omid:ra/0602938983],2019,,,,,dataset,The Global Biodiversity Information Facility [omid:ra/0602938984],
omid:br/060101806 doi:10.1594/pangaea.186841,Vertical Distributions Phytoplankton Pigments At Station FLUPAC_120,"Blanchot, Jean [omid:ra/060220272]; André, J-M [omid:ra/060220273]; Navarette, Claudie [omid:ra/060220274]; Neveux, Jacques [omid:ra/060220275]; Radenac, Marie-Helene [omid:ra/060220276]",2001,,,,,dataset,Pangaea - Data Publisher For Earth & Environmental Science [omid:ra/060220277],
omid:br/0601018060 doi:10.15468/dl.id95hm,Occurrence Download,Occdownload Gbif.Org [omid:ra/0602938985],2020,,,,,dataset,The Global Biodiversity Information Facility [omid:ra/0602938986],
omid:br/0601018061 doi:10.15468/dl.id9cc3,GBIF Occurrence Download,Occdownload Gbif.Org [omid:ra/0602938987],2016,,,,,dataset,The Global Biodiversity Information Facility [omid:ra/0602938988],
omid:br/0601018062 doi:10.15468/dl.id9cle,GBIF Occurrence Download,Occdownload Gbif.Org [omid:ra/0602938989],2019,,,,,dataset,The Global Biodiversity Information Facility [omid:ra/0602938990],
omid:br/0601018063 doi:10.15468/dl.id9cm0,GBIF Occurrence Download,Occdownload Gbif.Org [omid:ra/0602938991],2017,,,,,dataset,The Global Biodiversity Information Facility [omid:ra/0602938992],
omid:br/0601018064 doi:10.15468/dl.id9h7c,GBIF Occurrence Download,Occdownload Gbif.Org [omid:ra/0602938993],2016,,,,,dataset,The Global Biodiversity Information Facility [omid:ra/0602938994],
omid:br/0601018065 doi:10.15468/dl.id9j6j,GBIF Occurrence Download,Occdownload Gbif.Org [omid:ra/0602938995],2019,,,,,dataset,The Global Biodiversity Information Facility [omid:ra/0602938996],
omid:br/0601018066 doi:10.15468/dl.id9k7c,GBIF Occurrence Download,Occdownload Gbif.Org [omid:ra/0602938997],2019,,,,,dataset,The Global Biodiversity Information Facility [omid:ra/0602938998],
omid:br/0601018067 doi:10.15468/dl.id9kzc,GBIF Occurrence Download,Occdownload Gbif.Org [omid:ra/0602938999],2018,,,,,dataset,The Global Biodiversity Information Facility [omid:ra/0602939000],
omid:br/0601018068 doi:10.15468/dl.id9lt5,GBIF Occurrence Download,Occdownload Gbif.Org [omid:ra/0602939001],2016,,,,,dataset,The Global Biodiversity Information Facility [omid:ra/0602939002],
omid:br/0601018069 doi:10.15468/dl.id9mo5,GBIF Occurrence Download,Occdownload Gbif.Org [omid:ra/0602939003],2018,,,,,dataset,The Global Biodiversity Information Facility [omid:ra/0602939004],
omid:br/060101807 doi:10.1594/pangaea.186842 openalex:W2991652209,Vertical Distributions Phytoplankton Pigments At Station FLUPAC_126,"Blanchot, Jean [omid:ra/060220278]; André, J-M [omid:ra/060220279]; Navarette, Claudie [omid:ra/060220280]; Neveux, Jacques [omid:ra/060220281]; Radenac, Marie-Helene [omid:ra/060220282]",2001,,,,,dataset,Pangaea - Data Publisher For Earth & Environmental Science [omid:ra/060220283],
omid:br/0601018070 doi:10.15468/dl.id9qe6,GBIF Occurrence Download,Occdownload Gbif.Org [omid:ra/0602939005],2017,,,,,dataset,The Global Biodiversity Information Facility [omid:ra/0602939006],
omid:br/0601018071 doi:10.15468/dl.id9qlm,GBIF Occurrence Download,Occdownload Gbif.Org [omid:ra/0602939007],2018,,,,,dataset,The Global Biodiversity Information Facility [omid:ra/0602939008],
omid:br/0601018072 doi:10.15468/dl.id9rne,GBIF Occurrence Download,Occdownload Gbif.Org [omid:ra/0602939009],2017,,,,,dataset,The Global Biodiversity Information Facility [omid:ra/0602939010],
omid:br/0601018073 doi:10.15468/dl.id9rns,GBIF Occurrence Download,Occdownload Gbif.Org [omid:ra/0602939011],2017,,,,,dataset,The Global Biodiversity Information Facility [omid:ra/0602939012],
omid:br/0601018074 doi:10.15468/dl.id9syn,GBIF Occurrence Download,Occdownload Gbif.Org [omid:ra/0602939013],2015,,,,,dataset,The Global Biodiversity Information Facility [omid:ra/0602939014],
omid:br/0601018075 doi:10.15468/dl.id9tik,GBIF Occurrence Download,Occdownload Gbif.Org [omid:ra/0602939015],2017,,,,,dataset,The Global Biodiversity Information Facility [omid:ra/0602939016],
omid:br/0601018076 doi:10.15468/dl.id9xr8,GBIF Occurrence Download,Occdownload Gbif.Org [omid:ra/0602939017],2019,,,,,dataset,The Global Biodiversity Information Facility [omid:ra/0602939018],
omid:br/0601018077 doi:10.15468/dl.ida0k4,Occurrence Download,Occdownload Gbif.Org [omid:ra/0602939019],2020,,,,,dataset,The Global Biodiversity Information Facility [omid:ra/0602939020],
omid:br/0601018078 doi:10.15468/dl.ida2dp,GBIF Occurrence Download,Occdownload Gbif.Org [omid:ra/0602939021],2018,,,,,dataset,The Global Biodiversity Information Facility [omid:ra/0602939022],
omid:br/0601018079 doi:10.15468/dl.ida5bc,GBIF Occurrence Download,Occdownload Gbif.Org [omid:ra/0602939023],2016,,,,,dataset,The Global Biodiversity Information Facility [omid:ra/0602939024],
omid:br/060101808 doi:10.1594/pangaea.186846,Net Zooplankton At Station FLUPAC_001,"Le Borgne, Robert [omid:ra/060220284]; Rodier, Martine [omid:ra/061507194 orcid:0000-0003-0339-7587]",1997,,,,,dataset,Pangaea - Data Publisher For Earth & Environmental Science [omid:ra/060220285],
omid:br/0601018080 doi:10.15468/dl.ida9vd,Occurrence Download,Occdownload Gbif.Org [omid:ra/0602939025],2020,,,,,dataset,The Global Biodiversity Information Facility [omid:ra/0602939026],
omid:br/0601018081 doi:10.15468/dl.idaafw,GBIF Occurrence Download,Occdownload Gbif.Org [omid:ra/0602939027],2017,,,,,dataset,The Global Biodiversity Information Facility [omid:ra/0602939028],
omid:br/0601018082 doi:10.15468/dl.idaaui,GBIF Occurrence Download,Occdownload Gbif.Org [omid:ra/0602939029],2017,,,,,dataset,The Global Biodiversity Information Facility [omid:ra/0602939030],
omid:br/0601018083 doi:10.15468/dl.idabxf,Occurrence Download,Occdownload Gbif.Org [omid:ra/0602939031],2019,,,,,dataset,The Global Biodiversity Information Facility [omid:ra/0602939032],
omid:br/0601018084 doi:10.15468/dl.idacrt,GBIF Occurrence Download,Occdownload Gbif.Org [omid:ra/0602939033],2015,,,,,dataset,The Global Biodiversity Information Facility [omid:ra/0602939034],
omid:br/0601018085 doi:10.15468/dl.idafrz,GBIF Occurrence Download,Occdownload Gbif.Org [omid:ra/0602939035],2018,,,,,dataset,The Global Biodiversity Information Facility [omid:ra/0602939036],
omid:br/0601018086 doi:10.15468/dl.idagub,GBIF Occurrence Download,Occdownload Gbif.Org [omid:ra/0602939037],2017,,,,,dataset,The Global Biodiversity Information Facility [omid:ra/0602939038],
omid:br/0601018087 doi:10.15468/dl.idai0i,GBIF Occurrence Download,Occdownload Gbif.Org [omid:ra/0602939039],2019,,,,,dataset,The Global Biodiversity Information Facility [omid:ra/0602939040],
omid:br/0601018088 doi:10.15468/dl.idakdl,GBIF Occurrence Download,Occdownload Gbif.Org [omid:ra/0602939041],2017,,,,,dataset,The Global Biodiversity Information Facility [omid:ra/0602939042],
omid:br/0601018089 doi:10.15468/dl.idakwm,GBIF Occurrence Download,Occdownload Gbif.Org [omid:ra/0602939043],2017,,,,,dataset,The Global Biodiversity Information Facility [omid:ra/0602939044],
omid:br/060101809 doi:10.1594/pangaea.186847,Net Zooplankton At Station FLUPAC_002,"Le Borgne, Robert [omid:ra/060220286]; Rodier, Martine [omid:ra/061507194 orcid:0000-0003-0339-7587]",1997,,,,,dataset,Pangaea - Data Publisher For Earth & Environmental Science [omid:ra/060220287],
omid:br/0601018090 doi:10.15468/dl.idalpg,GBIF Occurrence Download,Occdownload Gbif.Org [omid:ra/0602939045],2018,,,,,dataset,The Global Biodiversity Information Facility [omid:ra/0602939046],
omid:br/0601018091 doi:10.15468/dl.idamgg,GBIF Occurrence Download,Occdownload Gbif.Org [omid:ra/0602939047],2018,,,,,dataset,The Global Biodiversity Information Facility [omid:ra/0602939048],
omid:br/0601018092 doi:10.15468/dl.idamnh,GBIF Occurrence Download,Occdownload Gbif.Org [omid:ra/0602939049],2019,,,,,dataset,The Global Biodiversity Information Facility [omid:ra/0602939050],
omid:br/0601018093 doi:10.15468/dl.idamyb,GBIF Occurrence Download,Occdownload Gbif.Org [omid:ra/0602939051],2016,,,,,dataset,The Global Biodiversity Information Facility [omid:ra/0602939052],
omid:br/0601018094 doi:10.15468/dl.idanw3,GBIF Occurrence Download,Occdownload Gbif.Org [omid:ra/0602939053],2015,,,,,dataset,The Global Biodiversity Information Facility [omid:ra/0602939054],
omid:br/0601018095 doi:10.15468/dl.idao33,GBIF Occurrence Download,Occdownload Gbif.Org [omid:ra/0602939055],2015,,,,,dataset,The Global Biodiversity Information Facility [omid:ra/0602939056],
omid:br/0601018096 doi:10.15468/dl.idaot7,GBIF Occurrence Download,Occdownload Gbif.Org [omid:ra/0602939057],2019,,,,,dataset,The Global Biodiversity Information Facility [omid:ra/0602939058],
omid:br/0601018097 doi:10.15468/dl.idapfl,GBIF Occurrence Download,Occdownload Gbif.Org [omid:ra/0602939059],2017,,,,,dataset,The Global Biodiversity Information Facility [omid:ra/0602939060],
omid:br/0601018098 doi:10.15468/dl.idaq6v,GBIF Occurrence Download,Occdownload Gbif.Org [omid:ra/0602939061],2017,,,,,dataset,The Global Biodiversity Information Facility [omid:ra/0602939062],
omid:br/0601018099 doi:10.15468/dl.idarhk,GBIF Occurrence Download,Occdownload Gbif.Org [omid:ra/0602939063],2018,,,,,dataset,The Global Biodiversity Information Facility [omid:ra/0602939064],
omid:br/06010181 doi:10.15468/dl.xy1kkk,Occurrence Download,Occdownload Gbif.Org [omid:ra/06029550],2020,,,,,dataset,The Global Biodiversity Information Facility [omid:ra/06029551],
omid:br/060101810 doi:10.1594/pangaea.186848,Net Zooplankton At Station FLUPAC_003,"Le Borgne, Robert [omid:ra/060220288]; Rodier, Martine [omid:ra/061507194 orcid:0000-0003-0339-7587]",1997,,,,,dataset,Pangaea - Data Publisher For Earth & Environmental Science [omid:ra/060220289],
omid:br/0601018100 doi:10.15468/dl.idavr8,GBIF Occurrence Download,Occdownload Gbif.Org [omid:ra/0602939065],2019,,,,,dataset,The Global Biodiversity Information Facility [omid:ra/0602939066],
omid:br/0601018101 doi:10.15468/dl.idawyp,GBIF Occurrence Download,Occdownload Gbif.Org [omid:ra/0602939067],2017,,,,,dataset,The Global Biodiversity Information Facility [omid:ra/0602939068],
omid:br/0601018102 doi:10.15468/dl.idaxqk,GBIF Occurrence Download,Occdownload Gbif.Org [omid:ra/0602939069],2018,,,,,dataset,The Global Biodiversity Information Facility [omid:ra/0602939070],
omid:br/0601018103 doi:10.15468/dl.idb3mo,GBIF Occurrence Download,Occdownload Gbif.Org [omid:ra/0602939071],2019,,,,,dataset,The Global Biodiversity Information Facility [omid:ra/0602939072],
omid:br/0601018104 doi:10.15468/dl.idb91o,GBIF Occurrence Download,Occdownload Gbif.Org [omid:ra/0602939073],2018,,,,,dataset,The Global Biodiversity Information Facility [omid:ra/0602939074],
omid:br/0601018105 doi:10.15468/dl.idb9wf,GBIF Occurrence Download,Occdownload Gbif.Org [omid:ra/0602939075],2018,,,,,dataset,The Global Biodiversity Information Facility [omid:ra/0602939076],
omid:br/0601018106 doi:10.15468/dl.idbb84,GBIF Occurrence Download,Occdownload Gbif.Org [omid:ra/0602939077],2015,,,,,dataset,The Global Biodiversity Information Facility [omid:ra/0602939078],
omid:br/0601018107 doi:10.15468/dl.idbb94,Occurrence Download,Occdownload Gbif.Org [omid:ra/0602939079],2019,,,,,dataset,The Global Biodiversity Information Facility [omid:ra/0602939080],
omid:br/0601018108 doi:10.15468/dl.idbcrk,GBIF Occurrence Download,Occdownload Gbif.Org [omid:ra/0602939081],2016,,,,,dataset,The Global Biodiversity Information Facility [omid:ra/0602939082],
omid:br/0601018109 doi:10.15468/dl.idbdcd,GBIF Occurrence Download,Occdownload Gbif.Org [omid:ra/0602939083],2017,,,,,dataset,The Global Biodiversity Information Facility [omid:ra/0602939084],
omid:br/060101811 doi:10.1594/pangaea.186849 openalex:W2959655945,Net Zooplankton At Station FLUPAC_004,"Le Borgne, Robert [omid:ra/060220290]; Rodier, Martine [omid:ra/061507194 orcid:0000-0003-0339-7587]",1997,,,,,dataset,Pangaea - Data Publisher For Earth & Environmental Science [omid:ra/060220291],
omid:br/0601018110 doi:10.15468/dl.idbdm4,GBIF Occurrence Download,Occdownload Gbif.Org [omid:ra/0602939085],2018,,,,,dataset,The Global Biodiversity Information Facility [omid:ra/0602939086],
omid:br/0601018111 doi:10.15468/dl.idbfki,GBIF Occurrence Download,Occdownload Gbif.Org [omid:ra/0602939087],2017,,,,,dataset,The Global Biodiversity Information Facility [omid:ra/0602939088],
omid:br/0601018112 doi:10.15468/dl.idbhcx,GBIF Occurrence Download,Occdownload Gbif.Org [omid:ra/0602939089],2018,,,,,dataset,The Global Biodiversity Information Facility [omid:ra/0602939090],
omid:br/0601018113 doi:10.15468/dl.idbknh,GBIF Occurrence Download,Occdownload Gbif.Org [omid:ra/0602939091],2019,,,,,dataset,The Global Biodiversity Information Facility [omid:ra/0602939092],
omid:br/0601018114 doi:10.15468/dl.idbljh,GBIF Occurrence Download,Occdownload Gbif.Org [omid:ra/0602939093],2016,,,,,dataset,The Global Biodiversity Information Facility [omid:ra/0602939094],
omid:br/0601018115 doi:10.15468/dl.idblyi,Occurrence Download,Occdownload Gbif.Org [omid:ra/0602939095],2019,,,,,dataset,The Global Biodiversity Information Facility [omid:ra/0602939096],
omid:br/0601018116 doi:10.15468/dl.idbnje,GBIF Occurrence Download,Occdownload Gbif.Org [omid:ra/0602939097],2017,,,,,dataset,The Global Biodiversity Information Facility [omid:ra/0602939098],
omid:br/0601018117 doi:10.15468/dl.idbpcc,GBIF Occurrence Download,Occdownload Gbif.Org [omid:ra/0602939099],2018,,,,,dataset,The Global Biodiversity Information Facility [omid:ra/0602939100],
omid:br/0601018118 doi:10.15468/dl.idbphu,GBIF Occurrence Download,Occdownload Gbif.Org [omid:ra/0602939101],2016,,,,,dataset,The Global Biodiversity Information Facility [omid:ra/0602939102],
omid:br/0601018119 doi:10.15468/dl.idbq4e,GBIF Occurrence Download,Occdownload Gbif.Org [omid:ra/0602939103],2017,,,,,dataset,The Global Biodiversity Information Facility [omid:ra/0602939104],
omid:br/060101812 doi:10.1594/pangaea.186850,Net Zooplankton At Station FLUPAC_005,"Le Borgne, Robert [omid:ra/060220292]; Rodier, Martine [omid:ra/061507194 orcid:0000-0003-0339-7587]",1997,,,,,dataset,Pangaea - Data Publisher For Earth & Environmental Science [omid:ra/060220293],
omid:br/0601018120 doi:10.15468/dl.idbrjq,GBIF Occurrence Download,Occdownload Gbif.Org [omid:ra/0602939105],2018,,,,,dataset,The Global Biodiversity Information Facility [omid:ra/0602939106],
omid:br/0601018121 doi:10.15468/dl.idbrny,GBIF Occurrence Download,Occdownload Gbif.Org [omid:ra/0602939107],2016,,,,,dataset,The Global Biodiversity Information Facility [omid:ra/0602939108],
omid:br/0601018122 doi:10.15468/dl.idbsl1,GBIF Occurrence Download,Occdownload Gbif.Org [omid:ra/0602939109],2016,,,,,dataset,The Global Biodiversity Information Facility [omid:ra/0602939110],
omid:br/0601018123 doi:10.15468/dl.idbubx,GBIF Occurrence Download,Occdownload Gbif.Org [omid:ra/0602939111],2016,,,,,dataset,The Global Biodiversity Information Facility [omid:ra/0602939112],
omid:br/0601018124 doi:10.15468/dl.idbvcb,GBIF Occurrence Download,Occdownload Gbif.Org [omid:ra/0602939113],2015,,,,,dataset,The Global Biodiversity Information Facility [omid:ra/0602939114],
omid:br/0601018125 doi:10.15468/dl.idbwfe,GBIF Occurrence Download,Occdownload Gbif.Org [omid:ra/0602939115],2019,,,,,dataset,The Global Biodiversity Information Facility [omid:ra/0602939116],
omid:br/0601018126 doi:10.15468/dl.idbxck,Occurrence Download,Occdownload Gbif.Org [omid:ra/0602939117],2019,,,,,dataset,The Global Biodiversity Information Facility [omid:ra/0602939118],
omid:br/0601018127 doi:10.15468/dl.idbxj8,Occurrence Download,Occdownload Gbif.Org [omid:ra/0602939119],2020,,,,,dataset,The Global Biodiversity Information Facility [omid:ra/0602939120],
omid:br/0601018128 doi:10.15468/dl.idbxng,GBIF Occurrence Download,Occdownload Gbif.Org [omid:ra/0602939121],2017,,,,,dataset,The Global Biodiversity Information Facility [omid:ra/0602939122],
omid:br/0601018129 doi:10.15468/dl.idby0t,GBIF Occurrence Download,Occdownload Gbif.Org [omid:ra/0602939123],2016,,,,,dataset,The Global Biodiversity Information Facility [omid:ra/0602939124],
omid:br/060101813 doi:10.1594/pangaea.186851,Net Zooplankton At Station FLUPAC_006,"Le Borgne, Robert [omid:ra/060220294]; Rodier, Martine [omid:ra/061507194 orcid:0000-0003-0339-7587]",1997,,,,,dataset,Pangaea - Data Publisher For Earth & Environmental Science [omid:ra/060220295],
omid:br/0601018130 doi:10.15468/dl.idc1i8,GBIF Occurrence Download,Occdownload Gbif.Org [omid:ra/0602939125],2016,,,,,dataset,The Global Biodiversity Information Facility [omid:ra/0602939126],
omid:br/0601018131 doi:10.15468/dl.idc5ql,GBIF Occurrence Download,Occdownload Gbif.Org [omid:ra/0602939127],2017,,,,,dataset,The Global Biodiversity Information Facility [omid:ra/0602939128],
omid:br/0601018132 doi:10.15468/dl.idc6fc,Occurrence Download,Occdownload Gbif.Org [omid:ra/0602939129],2019,,,,,dataset,The Global Biodiversity Information Facility [omid:ra/0602939130],
omid:br/0601018133 doi:10.15468/dl.idc78x,GBIF Occurrence Download,Occdownload Gbif.Org [omid:ra/0602939131],2017,,,,,dataset,The Global Biodiversity Information Facility [omid:ra/0602939132],
omid:br/0601018134 doi:10.15468/dl.idc7it,GBIF Occurrence Download,Occdownload Gbif.Org [omid:ra/0602939133],2016,,,,,dataset,The Global Biodiversity Information Facility [omid:ra/0602939134],
omid:br/0601018135 doi:10.15468/dl.idc9di,GBIF Occurrence Download,Occdownload Gbif.Org [omid:ra/0602939135],2017,,,,,dataset,The Global Biodiversity Information Facility [omid:ra/0602939136],
omid:br/0601018136 doi:10.15468/dl.idccy1,GBIF Occurrence Download,Occdownload Gbif.Org [omid:ra/0602939137],2019,,,,,dataset,The Global Biodiversity Information Facility [omid:ra/0602939138],
omid:br/0601018137 doi:10.15468/dl.idcdng,GBIF Occurrence Download,Occdownload Gbif.Org [omid:ra/0602939139],2019,,,,,dataset,The Global Biodiversity Information Facility [omid:ra/0602939140],
omid:br/0601018138 doi:10.15468/dl.idcf4y,GBIF Occurrence Download,Occdownload Gbif.Org [omid:ra/0602939141],2019,,,,,dataset,The Global Biodiversity Information Facility [omid:ra/0602939142],
omid:br/0601018139 doi:10.15468/dl.idcgyu,GBIF Occurrence Download,Occdownload Gbif.Org [omid:ra/0602939143],2017,,,,,dataset,The Global Biodiversity Information Facility [omid:ra/0602939144],
omid:br/060101814 doi:10.1594/pangaea.186852,Net Zooplankton At Station FLUPAC_007,"Le Borgne, Robert [omid:ra/060220296]; Rodier, Martine [omid:ra/061507194 orcid:0000-0003-0339-7587]",1997,,,,,dataset,Pangaea - Data Publisher For Earth & Environmental Science [omid:ra/060220297],
omid:br/0601018140 doi:10.15468/dl.idcjhy,GBIF Occurrence Download,Occdownload Gbif.Org [omid:ra/0602939145],2017,,,,,dataset,The Global Biodiversity Information Facility [omid:ra/0602939146],
omid:br/0601018141 doi:10.15468/dl.idcjqd,GBIF Occurrence Download,Occdownload Gbif.Org [omid:ra/0602939147],2019,,,,,dataset,The Global Biodiversity Information Facility [omid:ra/0602939148],
omid:br/0601018142 doi:10.15468/dl.idcjzl,GBIF Occurrence Download,Occdownload Gbif.Org [omid:ra/0602939149],2019,,,,,dataset,The Global Biodiversity Information Facility [omid:ra/0602939150],
omid:br/0601018143 doi:10.15468/dl.idckjy,GBIF Occurrence Download,Occdownload Gbif.Org [omid:ra/0602939151],2016,,,,,dataset,The Global Biodiversity Information Facility [omid:ra/0602939152],
omid:br/0601018144 doi:10.15468/dl.idcklw,GBIF Occurrence Download,Occdownload Gbif.Org [omid:ra/0602939153],2015,,,,,dataset,The Global Biodiversity Information Facility [omid:ra/0602939154],
omid:br/0601018145 doi:10.15468/dl.idclvg,Occurrence Download,Occdownload Gbif.Org [omid:ra/0602939155],2019,,,,,dataset,The Global Biodiversity Information Facility [omid:ra/0602939156],
omid:br/0601018146 doi:10.15468/dl.idcmjm,Occurrence Download,Occdownload Gbif.Org [omid:ra/0602939157],2019,,,,,dataset,The Global Biodiversity Information Facility [omid:ra/0602939158],
omid:br/0601018147 doi:10.15468/dl.idcmso,GBIF Occurrence Download,Occdownload Gbif.Org [omid:ra/0602939159],2015,,,,,dataset,The Global Biodiversity Information Facility [omid:ra/0602939160],
omid:br/0601018148 doi:10.15468/dl.idcmye,GBIF Occurrence Download,Occdownload Gbif.Org [omid:ra/0602939161],2017,,,,,dataset,The Global Biodiversity Information Facility [omid:ra/0602939162],
omid:br/0601018149 doi:10.15468/dl.idcmz6,GBIF Occurrence Download,Occdownload Gbif.Org [omid:ra/0602939163],2018,,,,,dataset,The Global Biodiversity Information Facility [omid:ra/0602939164],
omid:br/060101815 doi:10.1594/pangaea.186853,Net Zooplankton At Station FLUPAC_008,"Le Borgne, Robert [omid:ra/060220298]; Rodier, Martine [omid:ra/061507194 orcid:0000-0003-0339-7587]",1997,,,,,dataset,Pangaea - Data Publisher For Earth & Environmental Science [omid:ra/060220299],
omid:br/0601018150 doi:10.15468/dl.idcn22,GBIF Occurrence Download,Occdownload Gbif.Org [omid:ra/0602939165],2018,,,,,dataset,The Global Biodiversity Information Facility [omid:ra/0602939166],
omid:br/0601018151 doi:10.15468/dl.idcnc4,Occurrence Download,Occdownload Gbif.Org [omid:ra/0602939167],2019,,,,,dataset,The Global Biodiversity Information Facility [omid:ra/0602939168],
omid:br/0601018152 doi:10.15468/dl.idcpaz,GBIF Occurrence Download,Occdownload Gbif.Org [omid:ra/0602939169],2015,,,,,dataset,The Global Biodiversity Information Facility [omid:ra/0602939170],
omid:br/0601018153 doi:10.15468/dl.idcqir,GBIF Occurrence Download,Occdownload Gbif.Org [omid:ra/0602939171],2016,,,,,dataset,The Global Biodiversity Information Facility [omid:ra/0602939172],
omid:br/0601018154 doi:10.15468/dl.idcqyd,GBIF Occurrence Download,Occdownload Gbif.Org [omid:ra/0602939173],2017,,,,,dataset,The Global Biodiversity Information Facility [omid:ra/0602939174],
omid:br/0601018155 doi:10.15468/dl.idcqzw,GBIF Occurrence Download,Occdownload Gbif.Org [omid:ra/0602939175],2017,,,,,dataset,The Global Biodiversity Information Facility [omid:ra/0602939176],
omid:br/0601018156 doi:10.15468/dl.idctr8,GBIF Occurrence Download,Occdownload Gbif.Org [omid:ra/0602939177],2015,,,,,dataset,The Global Biodiversity Information Facility [omid:ra/0602939178],
omid:br/0601018157 doi:10.15468/dl.idcvl6,GBIF Occurrence Download,Occdownload Gbif.Org [omid:ra/0602939179],2017,,,,,dataset,The Global Biodiversity Information Facility [omid:ra/0602939180],
omid:br/0601018158 doi:10.15468/dl.idcvuh,GBIF Occurrence Download,Occdownload Gbif.Org [omid:ra/0602939181],2016,,,,,dataset,The Global Biodiversity Information Facility [omid:ra/0602939182],
omid:br/0601018159 doi:10.15468/dl.idcxau,GBIF Occurrence Download,Occdownload Gbif.Org [omid:ra/0602939183],2015,,,,,dataset,The Global Biodiversity Information Facility [omid:ra/0602939184],
omid:br/060101816 doi:10.1594/pangaea.186854,Net Zooplankton At Station FLUPAC_009,"Le Borgne, Robert [omid:ra/060220300]; Rodier, Martine [omid:ra/061507194 orcid:0000-0003-0339-7587]",1997,,,,,dataset,Pangaea - Data Publisher For Earth & Environmental Science [omid:ra/060220301],
omid:br/0601018160 doi:10.15468/dl.idcxb1,Occurrence Download,Occdownload Gbif.Org [omid:ra/0602939185],2020,,,,,dataset,The Global Biodiversity Information Facility [omid:ra/0602939186],
omid:br/0601018161 doi:10.15468/dl.idcxz4,GBIF Occurrence Download,Occdownload Gbif.Org [omid:ra/0602939187],2018,,,,,dataset,The Global Biodiversity Information Facility [omid:ra/0602939188],
omid:br/0601018162 doi:10.15468/dl.idcymh,GBIF Occurrence Download,Occdownload Gbif.Org [omid:ra/0602939189],2018,,,,,dataset,The Global Biodiversity Information Facility [omid:ra/0602939190],
omid:br/0601018163 doi:10.15468/dl.idczvz,GBIF Occurrence Download,Occdownload Gbif.Org [omid:ra/0602939191],2016,,,,,dataset,The Global Biodiversity Information Facility [omid:ra/0602939192],
omid:br/0601018164 doi:10.15468/dl.idd0je,GBIF Occurrence Download,Occdownload Gbif.Org [omid:ra/0602939193],2018,,,,,dataset,The Global Biodiversity Information Facility [omid:ra/0602939194],
omid:br/0601018165 doi:10.15468/dl.idd4mq,GBIF Occurrence Download,Occdownload Gbif.Org [omid:ra/0602939195],2016,,,,,dataset,The Global Biodiversity Information Facility [omid:ra/0602939196],
omid:br/0601018166 doi:10.15468/dl.idd5ju,GBIF Occurrence Download,Occdownload Gbif.Org [omid:ra/0602939197],2017,,,,,dataset,The Global Biodiversity Information Facility [omid:ra/0602939198],
omid:br/0601018167 doi:10.15468/dl.idd77c,Occurrence Download,Occdownload Gbif.Org [omid:ra/0602939199],2020,,,,,dataset,The Global Biodiversity Information Facility [omid:ra/0602939200],
omid:br/0601018168 doi:10.15468/dl.idd7f4,GBIF Occurrence Download,Occdownload Gbif.Org [omid:ra/0602939201],2017,,,,,dataset,The Global Biodiversity Information Facility [omid:ra/0602939202],
omid:br/0601018169 doi:10.15468/dl.idd8vo,GBIF Occurrence Download,Occdownload Gbif.Org [omid:ra/0602939203],2018,,,,,dataset,The Global Biodiversity Information Facility [omid:ra/0602939204],
omid:br/060101817 doi:10.1594/pangaea.186855,Net Zooplankton At Station FLUPAC_010,"Le Borgne, Robert [omid:ra/060220302]; Rodier, Martine [omid:ra/061507194 orcid:0000-0003-0339-7587]",1997,,,,,dataset,Pangaea - Data Publisher For Earth & Environmental Science [omid:ra/060220303],
omid:br/0601018170 doi:10.15468/dl.idd91s,GBIF Occurrence Download,Occdownload Gbif.Org [omid:ra/0602939205],2018,,,,,dataset,The Global Biodiversity Information Facility [omid:ra/0602939206],
omid:br/0601018171 doi:10.15468/dl.idd9v9,GBIF Occurrence Download,Occdownload Gbif.Org [omid:ra/0602939207],2017,,,,,dataset,The Global Biodiversity Information Facility [omid:ra/0602939208],
omid:br/0601018172 doi:10.15468/dl.iddaqm,GBIF Occurrence Download,Occdownload Gbif.Org [omid:ra/0602939209],2019,,,,,dataset,The Global Biodiversity Information Facility [omid:ra/0602939210],
omid:br/0601018173 doi:10.15468/dl.iddbt2,GBIF Occurrence Download,Occdownload Gbif.Org [omid:ra/0602939211],2015,,,,,dataset,The Global Biodiversity Information Facility [omid:ra/0602939212],
omid:br/0601018174 doi:10.15468/dl.iddcnx,GBIF Occurrence Download,Occdownload Gbif.Org [omid:ra/0602939213],2019,,,,,dataset,The Global Biodiversity Information Facility [omid:ra/0602939214],
omid:br/0601018175 doi:10.15468/dl.iddei7,GBIF Occurrence Download,Occdownload Gbif.Org [omid:ra/0602939215],2018,,,,,dataset,The Global Biodiversity Information Facility [omid:ra/0602939216],
omid:br/0601018176 doi:10.15468/dl.iddfcm,GBIF Occurrence Download,Occdownload Gbif.Org [omid:ra/0602939217],2019,,,,,dataset,The Global Biodiversity Information Facility [omid:ra/0602939218],
omid:br/0601018177 doi:10.15468/dl.iddhzc,GBIF Occurrence Download,Occdownload Gbif.Org [omid:ra/0602939219],2016,,,,,dataset,The Global Biodiversity Information Facility [omid:ra/0602939220],
omid:br/0601018178 doi:10.15468/dl.iddiff,GBIF Occurrence Download,Occdownload Gbif.Org [omid:ra/0602939221],2017,,,,,dataset,The Global Biodiversity Information Facility [omid:ra/0602939222],
omid:br/0601018179 doi:10.15468/dl.iddkkk,GBIF Occurrence Download,Occdownload Gbif.Org [omid:ra/0602939223],2019,,,,,dataset,The Global Biodiversity Information Facility [omid:ra/0602939224],
omid:br/060101818 doi:10.1594/pangaea.186856,Net Zooplankton At Station FLUPAC_011,"Le Borgne, Robert [omid:ra/060220304]; Rodier, Martine [omid:ra/061507194 orcid:0000-0003-0339-7587]",1997,,,,,dataset,Pangaea - Data Publisher For Earth & Environmental Science [omid:ra/060220305],
omid:br/0601018180 doi:10.15468/dl.iddkni,GBIF Occurrence Download,Occdownload Gbif.Org [omid:ra/0602939225],2018,,,,,dataset,The Global Biodiversity Information Facility [omid:ra/0602939226],
omid:br/0601018181 doi:10.15468/dl.iddmry,GBIF Occurrence Download,Occdownload Gbif.Org [omid:ra/0602939227],2016,,,,,dataset,The Global Biodiversity Information Facility [omid:ra/0602939228],
omid:br/0601018182 doi:10.15468/dl.iddmsa,GBIF Occurrence Download,Occdownload Gbif.Org [omid:ra/0602939229],2016,,,,,dataset,The Global Biodiversity Information Facility [omid:ra/0602939230],
omid:br/0601018183 doi:10.15468/dl.iddmzk,GBIF Occurrence Download,Occdownload Gbif.Org [omid:ra/0602939231],2018,,,,,dataset,The Global Biodiversity Information Facility [omid:ra/0602939232],
omid:br/0601018184 doi:10.15468/dl.iddnpi,GBIF Occurrence Download,Occdownload Gbif.Org [omid:ra/0602939233],2019,,,,,dataset,The Global Biodiversity Information Facility [omid:ra/0602939234],
omid:br/0601018185 doi:10.15468/dl.iddp60,Occurrence Download,Occdownload Gbif.Org [omid:ra/0602939235],2020,,,,,dataset,The Global Biodiversity Information Facility [omid:ra/0602939236],
omid:br/0601018186 doi:10.15468/dl.iddpt1,GBIF Occurrence Download,Occdownload Gbif.Org [omid:ra/0602939237],2015,,,,,dataset,The Global Biodiversity Information Facility [omid:ra/0602939238],
omid:br/0601018187 doi:10.15468/dl.iddri6,GBIF Occurrence Download,Occdownload Gbif.Org [omid:ra/0602939239],2018,,,,,dataset,The Global Biodiversity Information Facility [omid:ra/0602939240],
omid:br/0601018188 doi:10.15468/dl.iddszz,GBIF Occurrence Download,Occdownload Gbif.Org [omid:ra/0602939241],2018,,,,,dataset,The Global Biodiversity Information Facility [omid:ra/0602939242],
omid:br/0601018189 doi:10.15468/dl.iddtpg,GBIF Occurrence Download,Occdownload Gbif.Org [omid:ra/0602939243],2019,,,,,dataset,The Global Biodiversity Information Facility [omid:ra/0602939244],
omid:br/060101819 doi:10.1594/pangaea.186857,Net Zooplankton At Station FLUPAC_012,"Le Borgne, Robert [omid:ra/060220306]; Rodier, Martine [omid:ra/061507194 orcid:0000-0003-0339-7587]",1997,,,,,dataset,Pangaea - Data Publisher For Earth & Environmental Science [omid:ra/060220307],
omid:br/0601018190 doi:10.15468/dl.iddue3,GBIF Occurrence Download,Occdownload Gbif.Org [omid:ra/0602939245],2015,,,,,dataset,The Global Biodiversity Information Facility [omid:ra/0602939246],
omid:br/0601018191 doi:10.15468/dl.idduvj,GBIF Occurrence Download,Occdownload Gbif.Org [omid:ra/0602939247],2016,,,,,dataset,The Global Biodiversity Information Facility [omid:ra/0602939248],
omid:br/0601018192 doi:10.15468/dl.iddwdf,Occurrence Download,Occdownload Gbif.Org [omid:ra/0602939249],2020,,,,,dataset,The Global Biodiversity Information Facility [omid:ra/0602939250],
omid:br/0601018193 doi:10.15468/dl.iddwjw,GBIF Occurrence Download,Occdownload Gbif.Org [omid:ra/0602939251],2016,,,,,dataset,The Global Biodiversity Information Facility [omid:ra/0602939252],
omid:br/0601018194 doi:10.15468/dl.iddyib,GBIF Occurrence Download,Occdownload Gbif.Org [omid:ra/0602939253],2015,,,,,dataset,The Global Biodiversity Information Facility [omid:ra/0602939254],
omid:br/0601018195 doi:10.15468/dl.ide2ah,GBIF Occurrence Download,Occdownload Gbif.Org [omid:ra/0602939255],2018,,,,,dataset,The Global Biodiversity Information Facility [omid:ra/0602939256],
omid:br/0601018196 doi:10.15468/dl.ideape,GBIF Occurrence Download,Occdownload Gbif.Org [omid:ra/0602939257],2017,,,,,dataset,The Global Biodiversity Information Facility [omid:ra/0602939258],
omid:br/0601018197 doi:10.15468/dl.idebnb,GBIF Occurrence Download,Occdownload Gbif.Org [omid:ra/0602939259],2017,,,,,dataset,The Global Biodiversity Information Facility [omid:ra/0602939260],
omid:br/0601018198 doi:10.15468/dl.idebo9,Occurrence Download,Occdownload Gbif.Org [omid:ra/0602939261],2020,,,,,dataset,The Global Biodiversity Information Facility [omid:ra/0602939262],
omid:br/0601018199 doi:10.15468/dl.ided2v,GBIF Occurrence Download,Occdownload Gbif.Org [omid:ra/0602939263],2019,,,,,dataset,The Global Biodiversity Information Facility [omid:ra/0602939264],
omid:br/06010182 doi:10.15468/dl.xy1kzh,GBIF Occurrence Download,Occdownload Gbif.Org [omid:ra/06029552],2015,,,,,dataset,The Global Biodiversity Information Facility [omid:ra/06029553],
omid:br/060101820 doi:10.1594/pangaea.186858,Net Zooplankton At Station FLUPAC_013,"Le Borgne, Robert [omid:ra/060220308]; Rodier, Martine [omid:ra/061507194 orcid:0000-0003-0339-7587]",1997,,,,,dataset,Pangaea - Data Publisher For Earth & Environmental Science [omid:ra/060220309],
omid:br/0601018200 doi:10.15468/dl.idedqj,GBIF Occurrence Download,Occdownload Gbif.Org [omid:ra/0602939265],2015,,,,,dataset,The Global Biodiversity Information Facility [omid:ra/0602939266],
omid:br/0601018201 doi:10.15468/dl.idefs1,GBIF Occurrence Download,Occdownload Gbif.Org [omid:ra/0602939267],2017,,,,,dataset,The Global Biodiversity Information Facility [omid:ra/0602939268],
omid:br/0601018202 doi:10.15468/dl.ideidv,GBIF Occurrence Download,Occdownload Gbif.Org [omid:ra/0602939269],2016,,,,,dataset,The Global Biodiversity Information Facility [omid:ra/0602939270],
omid:br/0601018203 doi:10.15468/dl.idem4p,GBIF Occurrence Download,Occdownload Gbif.Org [omid:ra/0602939271],2016,,,,,dataset,The Global Biodiversity Information Facility [omid:ra/0602939272],
omid:br/0601018204 doi:10.15468/dl.idemdh,Occurrence Download,Occdownload Gbif.Org [omid:ra/0602939273],2019,,,,,dataset,The Global Biodiversity Information Facility [omid:ra/0602939274],
omid:br/0601018205 doi:10.15468/dl.iden8y,GBIF Occurrence Download,Occdownload Gbif.Org [omid:ra/0602939275],2017,,,,,dataset,The Global Biodiversity Information Facility [omid:ra/0602939276],
omid:br/0601018206 doi:10.15468/dl.idennn,GBIF Occurrence Download,Occdownload Gbif.Org [omid:ra/0602939277],2018,,,,,dataset,The Global Biodiversity Information Facility [omid:ra/0602939278],
omid:br/0601018207 doi:10.15468/dl.idenr0,GBIF Occurrence Download,Occdownload Gbif.Org [omid:ra/0602939279],2018,,,,,dataset,The Global Biodiversity Information Facility [omid:ra/0602939280],
omid:br/0601018208 doi:10.15468/dl.ideork,GBIF Occurrence Download,Occdownload Gbif.Org [omid:ra/0602939281],2018,,,,,dataset,The Global Biodiversity Information Facility [omid:ra/0602939282],
omid:br/0601018209 doi:10.15468/dl.ideox4,GBIF Occurrence Download,Occdownload Gbif.Org [omid:ra/0602939283],2015,,,,,dataset,The Global Biodiversity Information Facility [omid:ra/0602939284],
omid:br/060101821 doi:10.1594/pangaea.186859,Net Zooplankton At Station FLUPAC_014,"Le Borgne, Robert [omid:ra/060220310]; Rodier, Martine [omid:ra/061507194 orcid:0000-0003-0339-7587]",1997,,,,,dataset,Pangaea - Data Publisher For Earth & Environmental Science [omid:ra/060220311],
omid:br/0601018210 doi:10.15468/dl.ideqyc,GBIF Occurrence Download,Occdownload Gbif.Org [omid:ra/0602939285],2019,,,,,dataset,The Global Biodiversity Information Facility [omid:ra/0602939286],
omid:br/0601018211 doi:10.15468/dl.idercb,GBIF Occurrence Download,Occdownload Gbif.Org [omid:ra/0602939287],2018,,,,,dataset,The Global Biodiversity Information Facility [omid:ra/0602939288],
omid:br/0601018212 doi:10.15468/dl.idetdf,GBIF Occurrence Download,Occdownload Gbif.Org [omid:ra/0602939289],2018,,,,,dataset,The Global Biodiversity Information Facility [omid:ra/0602939290],
omid:br/0601018213 doi:10.15468/dl.idetho,GBIF Occurrence Download,Occdownload Gbif.Org [omid:ra/0602939291],2018,,,,,dataset,The Global Biodiversity Information Facility [omid:ra/0602939292],
omid:br/0601018214 doi:10.15468/dl.idetod,GBIF Occurrence Download,Occdownload Gbif.Org [omid:ra/0602939293],2017,,,,,dataset,The Global Biodiversity Information Facility [omid:ra/0602939294],
omid:br/0601018215 doi:10.15468/dl.ideudu,GBIF Occurrence Download,Occdownload Gbif.Org [omid:ra/0602939295],2017,,,,,dataset,The Global Biodiversity Information Facility [omid:ra/0602939296],
omid:br/0601018216 doi:10.15468/dl.ideuww,GBIF Occurrence Download,Occdownload Gbif.Org [omid:ra/0602939297],2017,,,,,dataset,The Global Biodiversity Information Facility [omid:ra/0602939298],
omid:br/0601018217 doi:10.15468/dl.idev38,GBIF Occurrence Download,Occdownload Gbif.Org [omid:ra/0602939299],2018,,,,,dataset,The Global Biodiversity Information Facility [omid:ra/0602939300],
omid:br/0601018218 doi:10.15468/dl.idevjp,GBIF Occurrence Download,Occdownload Gbif.Org [omid:ra/0602939301],2018,,,,,dataset,The Global Biodiversity Information Facility [omid:ra/0602939302],
omid:br/0601018219 doi:10.15468/dl.idex7k,GBIF Occurrence Download,Occdownload Gbif.Org [omid:ra/0602939303],2019,,,,,dataset,The Global Biodiversity Information Facility [omid:ra/0602939304],
omid:br/060101822 doi:10.1594/pangaea.186860,Net Zooplankton At Station FLUPAC_015,"Le Borgne, Robert [omid:ra/060220312]; Rodier, Martine [omid:ra/061507194 orcid:0000-0003-0339-7587]",1997,,,,,dataset,Pangaea - Data Publisher For Earth & Environmental Science [omid:ra/060220313],
omid:br/0601018220 doi:10.15468/dl.idezrr,GBIF Occurrence Download,Occdownload Gbif.Org [omid:ra/0602939305],2018,,,,,dataset,The Global Biodiversity Information Facility [omid:ra/0602939306],
omid:br/0601018221 doi:10.15468/dl.idf3cj,GBIF Occurrence Download,Occdownload Gbif.Org [omid:ra/0602939307],2018,,,,,dataset,The Global Biodiversity Information Facility [omid:ra/0602939308],
omid:br/0601018222 doi:10.15468/dl.idf6do,GBIF Occurrence Download,Occdownload Gbif.Org [omid:ra/0602939309],2017,,,,,dataset,The Global Biodiversity Information Facility [omid:ra/0602939310],
omid:br/0601018223 doi:10.15468/dl.idf6tu,GBIF Occurrence Download,Occdownload Gbif.Org [omid:ra/0602939311],2016,,,,,dataset,The Global Biodiversity Information Facility [omid:ra/0602939312],
omid:br/0601018224 doi:10.15468/dl.idfa23,Occurrence Download,Occdownload Gbif.Org [omid:ra/0602939313],2020,,,,,dataset,The Global Biodiversity Information Facility [omid:ra/0602939314],
omid:br/0601018225 doi:10.15468/dl.idfafc,GBIF Occurrence Download,Occdownload Gbif.Org [omid:ra/0602939315],2018,,,,,dataset,The Global Biodiversity Information Facility [omid:ra/0602939316],
omid:br/0601018226 doi:10.15468/dl.idfb08,Occurrence Download,Occdownload Gbif.Org [omid:ra/0602939317],2019,,,,,dataset,The Global Biodiversity Information Facility [omid:ra/0602939318],
omid:br/0601018227 doi:10.15468/dl.idfci0,Occurrence Download,Occdownload Gbif.Org [omid:ra/0602939319],2020,,,,,dataset,The Global Biodiversity Information Facility [omid:ra/0602939320],
omid:br/0601018228 doi:10.15468/dl.idfckl,Occurrence Download,Occdownload Gbif.Org [omid:ra/0602939321],2020,,,,,dataset,The Global Biodiversity Information Facility [omid:ra/0602939322],
omid:br/0601018229 doi:10.15468/dl.idfcqw,GBIF Occurrence Download,Occdownload Gbif.Org [omid:ra/0602939323],2016,,,,,dataset,The Global Biodiversity Information Facility [omid:ra/0602939324],
omid:br/060101823 doi:10.1594/pangaea.186861,Net Zooplankton At Station FLUPAC_016,"Le Borgne, Robert [omid:ra/060220314]; Rodier, Martine [omid:ra/061507194 orcid:0000-0003-0339-7587]",1997,,,,,dataset,Pangaea - Data Publisher For Earth & Environmental Science [omid:ra/060220315],
omid:br/0601018230 doi:10.15468/dl.idfdag,GBIF Occurrence Download,Occdownload Gbif.Org [omid:ra/0602939325],2019,,,,,dataset,The Global Biodiversity Information Facility [omid:ra/0602939326],
omid:br/0601018231 doi:10.15468/dl.idfe0u,GBIF Occurrence Download,Occdownload Gbif.Org [omid:ra/0602939327],2017,,,,,dataset,The Global Biodiversity Information Facility [omid:ra/0602939328],
omid:br/0601018232 doi:10.15468/dl.idfg6l,GBIF Occurrence Download,Occdownload Gbif.Org [omid:ra/0602939329],2015,,,,,dataset,The Global Biodiversity Information Facility [omid:ra/0602939330],
omid:br/0601018233 doi:10.15468/dl.idfieu,GBIF Occurrence Download,Occdownload Gbif.Org [omid:ra/0602939331],2017,,,,,dataset,The Global Biodiversity Information Facility [omid:ra/0602939332],
omid:br/0601018234 doi:10.15468/dl.idfjel,GBIF Occurrence Download,Occdownload Gbif.Org [omid:ra/0602939333],2015,,,,,dataset,The Global Biodiversity Information Facility [omid:ra/0602939334],
omid:br/0601018235 doi:10.15468/dl.idfllv,GBIF Occurrence Download,Occdownload Gbif.Org [omid:ra/0602939335],2018,,,,,dataset,The Global Biodiversity Information Facility [omid:ra/0602939336],
omid:br/0601018236 doi:10.15468/dl.idflxt,GBIF Occurrence Download,Occdownload Gbif.Org [omid:ra/0602939337],2017,,,,,dataset,The Global Biodiversity Information Facility [omid:ra/0602939338],
omid:br/0601018237 doi:10.15468/dl.idfmjo,Occurrence Download,Occdownload Gbif.Org [omid:ra/0602939339],2019,,,,,dataset,The Global Biodiversity Information Facility [omid:ra/0602939340],
omid:br/0601018238 doi:10.15468/dl.idfnvt,GBIF Occurrence Download,Occdownload Gbif.Org [omid:ra/0602939341],2016,,,,,dataset,The Global Biodiversity Information Facility [omid:ra/0602939342],
omid:br/0601018239 doi:10.15468/dl.idfoe7,GBIF Occurrence Download,Occdownload Gbif.Org [omid:ra/0602939343],2016,,,,,dataset,The Global Biodiversity Information Facility [omid:ra/0602939344],
omid:br/060101824 doi:10.1594/pangaea.186862,Net Zooplankton At Station FLUPAC_017,"Le Borgne, Robert [omid:ra/060220316]; Rodier, Martine [omid:ra/061507194 orcid:0000-0003-0339-7587]",1997,,,,,dataset,Pangaea - Data Publisher For Earth & Environmental Science [omid:ra/060220317],
omid:br/0601018240 doi:10.15468/dl.idfoor,Occurrence Download,Occdownload Gbif.Org [omid:ra/0602939345],2019,,,,,dataset,The Global Biodiversity Information Facility [omid:ra/0602939346],
omid:br/0601018241 doi:10.15468/dl.idfpof,GBIF Occurrence Download,Occdownload Gbif.Org [omid:ra/0602939347],2019,,,,,dataset,The Global Biodiversity Information Facility [omid:ra/0602939348],
omid:br/0601018242 doi:10.15468/dl.idfqts,GBIF Occurrence Download,Occdownload Gbif.Org [omid:ra/0602939349],2018,,,,,dataset,The Global Biodiversity Information Facility [omid:ra/0602939350],
omid:br/0601018243 doi:10.15468/dl.idfsrk,GBIF Occurrence Download,Occdownload Gbif.Org [omid:ra/0602939351],2019,,,,,dataset,The Global Biodiversity Information Facility [omid:ra/0602939352],
omid:br/0601018244 doi:10.15468/dl.idfupj,GBIF Occurrence Download,Occdownload Gbif.Org [omid:ra/0602939353],2016,,,,,dataset,The Global Biodiversity Information Facility [omid:ra/0602939354],
omid:br/0601018245 doi:10.15468/dl.idfv91,GBIF Occurrence Download,Occdownload Gbif.Org [omid:ra/0602939355],2015,,,,,dataset,The Global Biodiversity Information Facility [omid:ra/0602939356],
omid:br/0601018246 doi:10.15468/dl.idfxpj,Occurrence Download,Occdownload Gbif.Org [omid:ra/0602939357],2019,,,,,dataset,The Global Biodiversity Information Facility [omid:ra/0602939358],
omid:br/0601018247 doi:10.15468/dl.idfz9z,GBIF Occurrence Download,Occdownload Gbif.Org [omid:ra/0602939359],2016,,,,,dataset,The Global Biodiversity Information Facility [omid:ra/0602939360],
omid:br/0601018248 doi:10.15468/dl.idg1ak,GBIF Occurrence Download,Occdownload Gbif.Org [omid:ra/0602939361],2019,,,,,dataset,The Global Biodiversity Information Facility [omid:ra/0602939362],
omid:br/0601018249 doi:10.15468/dl.idg25w,Occurrence Download,Occdownload Gbif.Org [omid:ra/0602939363],2020,,,,,dataset,The Global Biodiversity Information Facility [omid:ra/0602939364],
omid:br/060101825 doi:10.1594/pangaea.186863,Net Zooplankton At Station FLUPAC_018,"Le Borgne, Robert [omid:ra/060220318]; Rodier, Martine [omid:ra/061507194 orcid:0000-0003-0339-7587]",1997,,,,,dataset,Pangaea - Data Publisher For Earth & Environmental Science [omid:ra/060220319],
omid:br/0601018250 doi:10.15468/dl.idg5e0,GBIF Occurrence Download,Occdownload Gbif.Org [omid:ra/0602939365],2015,,,,,dataset,The Global Biodiversity Information Facility [omid:ra/0602939366],
omid:br/0601018251 doi:10.15468/dl.idgbmh,GBIF Occurrence Download,Occdownload Gbif.Org [omid:ra/0602939367],2016,,,,,dataset,The Global Biodiversity Information Facility [omid:ra/0602939368],
omid:br/0601018252 doi:10.15468/dl.idgcbg,GBIF Occurrence Download,Occdownload Gbif.Org [omid:ra/0602939369],2018,,,,,dataset,The Global Biodiversity Information Facility [omid:ra/0602939370],
omid:br/0601018253 doi:10.15468/dl.idgd7o,GBIF Occurrence Download,Occdownload Gbif.Org [omid:ra/0602939371],2018,,,,,dataset,The Global Biodiversity Information Facility [omid:ra/0602939372],
omid:br/0601018254 doi:10.15468/dl.idgf52,GBIF Occurrence Download,Occdownload Gbif.Org [omid:ra/0602939373],2017,,,,,dataset,The Global Biodiversity Information Facility [omid:ra/0602939374],
omid:br/0601018255 doi:10.15468/dl.idgfd5,GBIF Occurrence Download,Occdownload Gbif.Org [omid:ra/0602939375],2018,,,,,dataset,The Global Biodiversity Information Facility [omid:ra/0602939376],
omid:br/0601018256 doi:10.15468/dl.idggjv,Occurrence Download,Occdownload Gbif.Org [omid:ra/0602939377],2019,,,,,dataset,The Global Biodiversity Information Facility [omid:ra/0602939378],
omid:br/0601018257 doi:10.15468/dl.idghwu,GBIF Occurrence Download,Occdownload Gbif.Org [omid:ra/0602939379],2018,,,,,dataset,The Global Biodiversity Information Facility [omid:ra/0602939380],
omid:br/0601018258 doi:10.15468/dl.idgkcm,GBIF Occurrence Download,Occdownload Gbif.Org [omid:ra/0602939381],2017,,,,,dataset,The Global Biodiversity Information Facility [omid:ra/0602939382],
omid:br/0601018259 doi:10.15468/dl.idglxr,GBIF Occurrence Download,Occdownload Gbif.Org [omid:ra/0602939383],2017,,,,,dataset,The Global Biodiversity Information Facility [omid:ra/0602939384],
omid:br/060101826 doi:10.1594/pangaea.186864,Net Zooplankton At Station FLUPAC_019,"Le Borgne, Robert [omid:ra/060220320]; Rodier, Martine [omid:ra/061507194 orcid:0000-0003-0339-7587]",1997,,,,,dataset,Pangaea - Data Publisher For Earth & Environmental Science [omid:ra/060220321],
omid:br/0601018260 doi:10.15468/dl.idgmhx,GBIF Occurrence Download,Occdownload Gbif.Org [omid:ra/0602939385],2019,,,,,dataset,The Global Biodiversity Information Facility [omid:ra/0602939386],
omid:br/0601018261 doi:10.15468/dl.idgmku,GBIF Occurrence Download,Occdownload Gbif.Org [omid:ra/0602939387],2016,,,,,dataset,The Global Biodiversity Information Facility [omid:ra/0602939388],
omid:br/0601018262 doi:10.15468/dl.idgpze,GBIF Occurrence Download,Occdownload Gbif.Org [omid:ra/0602939389],2019,,,,,dataset,The Global Biodiversity Information Facility [omid:ra/0602939390],
omid:br/0601018263 doi:10.15468/dl.idgru4,GBIF Occurrence Download,Occdownload Gbif.Org [omid:ra/0602939391],2015,,,,,dataset,The Global Biodiversity Information Facility [omid:ra/0602939392],
omid:br/0601018264 doi:10.15468/dl.idgwia,GBIF Occurrence Download,Occdownload Gbif.Org [omid:ra/0602939393],2016,,,,,dataset,The Global Biodiversity Information Facility [omid:ra/0602939394],
omid:br/0601018265 doi:10.15468/dl.idh0rn,GBIF Occurrence Download,Occdownload Gbif.Org [omid:ra/0602939395],2015,,,,,dataset,The Global Biodiversity Information Facility [omid:ra/0602939396],
omid:br/0601018266 doi:10.15468/dl.idh17z,Occurrence Download,Occdownload Gbif.Org [omid:ra/0602939397],2020,,,,,dataset,The Global Biodiversity Information Facility [omid:ra/0602939398],
omid:br/0601018267 doi:10.15468/dl.idh7un,GBIF Occurrence Download,Occdownload Gbif.Org [omid:ra/0602939399],2018,,,,,dataset,The Global Biodiversity Information Facility [omid:ra/0602939400],
omid:br/0601018268 doi:10.15468/dl.idhacj,Occurrence Download,Occdownload Gbif.Org [omid:ra/0602939401],2019,,,,,dataset,The Global Biodiversity Information Facility [omid:ra/0602939402],
omid:br/0601018269 doi:10.15468/dl.idhb1w,GBIF Occurrence Download,Occdownload Gbif.Org [omid:ra/0602939403],2017,,,,,dataset,The Global Biodiversity Information Facility [omid:ra/0602939404],
omid:br/060101827 doi:10.1594/pangaea.186865,Net Zooplankton At Station FLUPAC_020,"Le Borgne, Robert [omid:ra/060220322]; Rodier, Martine [omid:ra/061507194 orcid:0000-0003-0339-7587]",1997,,,,,dataset,Pangaea - Data Publisher For Earth & Environmental Science [omid:ra/060220323],
omid:br/0601018270 doi:10.15468/dl.idhcuu,GBIF Occurrence Download,Occdownload Gbif.Org [omid:ra/0602939405],2019,,,,,dataset,The Global Biodiversity Information Facility [omid:ra/0602939406],
omid:br/0601018271 doi:10.15468/dl.idhecw,Occurrence Download,Occdownload Gbif.Org [omid:ra/0602939407],2020,,,,,dataset,The Global Biodiversity Information Facility [omid:ra/0602939408],
omid:br/0601018272 doi:10.15468/dl.idheqy,Occurrence Download,Occdownload Gbif.Org [omid:ra/0602939409],2019,,,,,dataset,The Global Biodiversity Information Facility [omid:ra/0602939410],
omid:br/0601018273 doi:10.15468/dl.idhg4y,Occurrence Download,Occdownload Gbif.Org [omid:ra/0602939411],2020,,,,,dataset,The Global Biodiversity Information Facility [omid:ra/0602939412],
omid:br/0601018274 doi:10.15468/dl.idhizf,GBIF Occurrence Download,Occdownload Gbif.Org [omid:ra/0602939413],2018,,,,,dataset,The Global Biodiversity Information Facility [omid:ra/0602939414],
omid:br/0601018275 doi:10.15468/dl.idhjyz,GBIF Occurrence Download,Occdownload Gbif.Org [omid:ra/0602939415],2016,,,,,dataset,The Global Biodiversity Information Facility [omid:ra/0602939416],
omid:br/0601018276 doi:10.15468/dl.idhkvv,Occurrence Download,Occdownload Gbif.Org [omid:ra/0602939417],2019,,,,,dataset,The Global Biodiversity Information Facility [omid:ra/0602939418],
omid:br/0601018277 doi:10.15468/dl.idhnlx,GBIF Occurrence Download,Occdownload Gbif.Org [omid:ra/0602939419],2018,,,,,dataset,The Global Biodiversity Information Facility [omid:ra/0602939420],
omid:br/0601018278 doi:10.15468/dl.idhnu7,GBIF Occurrence Download,Occdownload Gbif.Org [omid:ra/0602939421],2018,,,,,dataset,The Global Biodiversity Information Facility [omid:ra/0602939422],
omid:br/0601018279 doi:10.15468/dl.idhpdp,GBIF Occurrence Download,Occdownload Gbif.Org [omid:ra/0602939423],2017,,,,,dataset,The Global Biodiversity Information Facility [omid:ra/0602939424],
omid:br/060101828 doi:10.1594/pangaea.186866,Net Zooplankton At Station FLUPAC_021,"Le Borgne, Robert [omid:ra/060220324]; Rodier, Martine [omid:ra/061507194 orcid:0000-0003-0339-7587]",1997,,,,,dataset,Pangaea - Data Publisher For Earth & Environmental Science [omid:ra/060220325],
omid:br/0601018280 doi:10.15468/dl.idhq1n,GBIF Occurrence Download,Occdownload Gbif.Org [omid:ra/0602939425],2017,,,,,dataset,The Global Biodiversity Information Facility [omid:ra/0602939426],
omid:br/0601018281 doi:10.15468/dl.idhq96,GBIF Occurrence Download,Occdownload Gbif.Org [omid:ra/0602939427],2018,,,,,dataset,The Global Biodiversity Information Facility [omid:ra/0602939428],
omid:br/0601018282 doi:10.15468/dl.idhrkn,GBIF Occurrence Download,Occdownload Gbif.Org [omid:ra/0602939429],2018,,,,,dataset,The Global Biodiversity Information Facility [omid:ra/0602939430],
omid:br/0601018283 doi:10.15468/dl.idhrvo,GBIF Occurrence Download,Occdownload Gbif.Org [omid:ra/0602939431],2017,,,,,dataset,The Global Biodiversity Information Facility [omid:ra/0602939432],
omid:br/0601018284 doi:10.15468/dl.idhs2o,GBIF Occurrence Download,Occdownload Gbif.Org [omid:ra/0602939433],2016,,,,,dataset,The Global Biodiversity Information Facility [omid:ra/0602939434],
omid:br/0601018285 doi:10.15468/dl.idhsup,GBIF Occurrence Download,Occdownload Gbif.Org [omid:ra/0602939435],2017,,,,,dataset,The Global Biodiversity Information Facility [omid:ra/0602939436],
omid:br/0601018286 doi:10.15468/dl.idhuot,Occurrence Download,Occdownload Gbif.Org [omid:ra/0602939437],2019,,,,,dataset,The Global Biodiversity Information Facility [omid:ra/0602939438],
omid:br/0601018287 doi:10.15468/dl.idhv8l,GBIF Occurrence Download,Occdownload Gbif.Org [omid:ra/0602939439],2016,,,,,dataset,The Global Biodiversity Information Facility [omid:ra/0602939440],
omid:br/0601018288 doi:10.15468/dl.idhvf6,GBIF Occurrence Download,Occdownload Gbif.Org [omid:ra/0602939441],2018,,,,,dataset,The Global Biodiversity Information Facility [omid:ra/0602939442],
omid:br/0601018289 doi:10.15468/dl.idhwi7,GBIF Occurrence Download,Occdownload Gbif.Org [omid:ra/0602939443],2016,,,,,dataset,The Global Biodiversity Information Facility [omid:ra/0602939444],
omid:br/060101829 doi:10.1594/pangaea.186867,Net Zooplankton At Station FLUPAC_022,"Le Borgne, Robert [omid:ra/060220326]; Rodier, Martine [omid:ra/061507194 orcid:0000-0003-0339-7587]",1997,,,,,dataset,Pangaea - Data Publisher For Earth & Environmental Science [omid:ra/060220327],
omid:br/0601018290 doi:10.15468/dl.idhxep,GBIF Occurrence Download,Occdownload Gbif.Org [omid:ra/0602939445],2015,,,,,dataset,The Global Biodiversity Information Facility [omid:ra/0602939446],
omid:br/0601018291 doi:10.15468/dl.idhxjh,GBIF Occurrence Download,Occdownload Gbif.Org [omid:ra/0602939447],2019,,,,,dataset,The Global Biodiversity Information Facility [omid:ra/0602939448],
omid:br/0601018292 doi:10.15468/dl.idhz9r,GBIF Occurrence Download,Occdownload Gbif.Org [omid:ra/0602939449],2016,,,,,dataset,The Global Biodiversity Information Facility [omid:ra/0602939450],
omid:br/0601018293 doi:10.15468/dl.idi2dy,GBIF Occurrence Download,Occdownload Gbif.Org [omid:ra/0602939451],2015,,,,,dataset,The Global Biodiversity Information Facility [omid:ra/0602939452],
omid:br/0601018294 doi:10.15468/dl.idi3lk,GBIF Occurrence Download,Occdownload Gbif.Org [omid:ra/0602939453],2016,,,,,dataset,The Global Biodiversity Information Facility [omid:ra/0602939454],
omid:br/0601018295 doi:10.15468/dl.idi3te,Occurrence Download,Occdownload Gbif.Org [omid:ra/0602939455],2020,,,,,dataset,The Global Biodiversity Information Facility [omid:ra/0602939456],
omid:br/0601018296 doi:10.15468/dl.idi5xi,GBIF Occurrence Download,Occdownload Gbif.Org [omid:ra/0602939457],2015,,,,,dataset,The Global Biodiversity Information Facility [omid:ra/0602939458],
omid:br/0601018297 doi:10.15468/dl.idi6cl,GBIF Occurrence Download,Occdownload Gbif.Org [omid:ra/0602939459],2016,,,,,dataset,The Global Biodiversity Information Facility [omid:ra/0602939460],
omid:br/0601018298 doi:10.15468/dl.idi9tm,GBIF Occurrence Download,Occdownload Gbif.Org [omid:ra/0602939461],2018,,,,,dataset,The Global Biodiversity Information Facility [omid:ra/0602939462],
omid:br/0601018299 doi:10.15468/dl.idi9y2,GBIF Occurrence Download,Occdownload Gbif.Org [omid:ra/0602939463],2017,,,,,dataset,The Global Biodiversity Information Facility [omid:ra/0602939464],
omid:br/06010183 doi:10.15468/dl.xy1mdq,GBIF Occurrence Download,Occdownload Gbif.Org [omid:ra/06029554],2015,,,,,dataset,The Global Biodiversity Information Facility [omid:ra/06029555],
omid:br/060101830 doi:10.1594/pangaea.186868,Net Zooplankton At Station FLUPAC_024,"Le Borgne, Robert [omid:ra/060220328]; Rodier, Martine [omid:ra/061507194 orcid:0000-0003-0339-7587]",1997,,,,,dataset,Pangaea - Data Publisher For Earth & Environmental Science [omid:ra/060220329],
omid:br/0601018300 doi:10.15468/dl.idia1i,GBIF Occurrence Download,Occdownload Gbif.Org [omid:ra/0602939465],2017,,,,,dataset,The Global Biodiversity Information Facility [omid:ra/0602939466],
omid:br/0601018301 doi:10.15468/dl.idiat1,GBIF Occurrence Download,Occdownload Gbif.Org [omid:ra/0602939467],2017,,,,,dataset,The Global Biodiversity Information Facility [omid:ra/0602939468],
omid:br/0601018302 doi:10.15468/dl.idiawi,GBIF Occurrence Download,Occdownload Gbif.Org [omid:ra/0602939469],2019,,,,,dataset,The Global Biodiversity Information Facility [omid:ra/0602939470],
omid:br/0601018303 doi:10.15468/dl.idichv,Occurrence Download,Occdownload Gbif.Org [omid:ra/0602939471],2019,,,,,dataset,The Global Biodiversity Information Facility [omid:ra/0602939472],
omid:br/0601018304 doi:10.15468/dl.idieiz,GBIF Occurrence Download,Occdownload Gbif.Org [omid:ra/0602939473],2019,,,,,dataset,The Global Biodiversity Information Facility [omid:ra/0602939474],
omid:br/0601018305 doi:10.15468/dl.idigll,GBIF Occurrence Download,Occdownload Gbif.Org [omid:ra/0602939475],2017,,,,,dataset,The Global Biodiversity Information Facility [omid:ra/0602939476],
omid:br/0601018306 doi:10.15468/dl.idigqj,GBIF Occurrence Download,Occdownload Gbif.Org [omid:ra/0602939477],2017,,,,,dataset,The Global Biodiversity Information Facility [omid:ra/0602939478],
omid:br/0601018307 doi:10.15468/dl.idigzn,Occurrence Download,Occdownload Gbif.Org [omid:ra/0602939479],2019,,,,,dataset,The Global Biodiversity Information Facility [omid:ra/0602939480],
omid:br/0601018308 doi:10.15468/dl.idijce,Occurrence Download,Occdownload Gbif.Org [omid:ra/0602939481],2019,,,,,dataset,The Global Biodiversity Information Facility [omid:ra/0602939482],
omid:br/0601018309 doi:10.15468/dl.idilae,GBIF Occurrence Download,Occdownload Gbif.Org [omid:ra/0602939483],2018,,,,,dataset,The Global Biodiversity Information Facility [omid:ra/0602939484],
omid:br/060101831 doi:10.1594/pangaea.186869 openalex:W2957666755,Net Zooplankton At Station FLUPAC_027,"Le Borgne, Robert [omid:ra/060220330]; Rodier, Martine [omid:ra/061507194 orcid:0000-0003-0339-7587]",1997,,,,,dataset,Pangaea - Data Publisher For Earth & Environmental Science [omid:ra/060220331],
omid:br/0601018310 doi:10.15468/dl.idimis,Occurrence Download,Occdownload Gbif.Org [omid:ra/0602939485],2019,,,,,dataset,The Global Biodiversity Information Facility [omid:ra/0602939486],
omid:br/0601018311 doi:10.15468/dl.idio06,GBIF Occurrence Download,Occdownload Gbif.Org [omid:ra/0602939487],2017,,,,,dataset,The Global Biodiversity Information Facility [omid:ra/0602939488],
omid:br/0601018312 doi:10.15468/dl.idisdq,GBIF Occurrence Download,Occdownload Gbif.Org [omid:ra/0602939489],2018,,,,,dataset,The Global Biodiversity Information Facility [omid:ra/0602939490],
omid:br/0601018313 doi:10.15468/dl.idiufc,GBIF Occurrence Download,Occdownload Gbif.Org [omid:ra/0602939491],2016,,,,,dataset,The Global Biodiversity Information Facility [omid:ra/0602939492],
omid:br/0601018314 doi:10.15468/dl.idiv5o,GBIF Occurrence Download,Occdownload Gbif.Org [omid:ra/0602939493],2017,,,,,dataset,The Global Biodiversity Information Facility [omid:ra/0602939494],
omid:br/0601018315 doi:10.15468/dl.idiz6c,GBIF Occurrence Download,Occdownload Gbif.Org [omid:ra/0602939495],2015,,,,,dataset,The Global Biodiversity Information Facility [omid:ra/0602939496],
omid:br/0601018316 doi:10.15468/dl.idizzk,GBIF Occurrence Download,Occdownload Gbif.Org [omid:ra/0602939497],2016,,,,,dataset,The Global Biodiversity Information Facility [omid:ra/0602939498],
omid:br/0601018317 doi:10.15468/dl.idj6uy,GBIF Occurrence Download,Occdownload Gbif.Org [omid:ra/0602939499],2018,,,,,dataset,The Global Biodiversity Information Facility [omid:ra/0602939500],
omid:br/0601018318 doi:10.15468/dl.idj7kx,GBIF Occurrence Download,Occdownload Gbif.Org [omid:ra/0602939501],2015,,,,,dataset,The Global Biodiversity Information Facility [omid:ra/0602939502],
omid:br/0601018319 doi:10.15468/dl.idj83r,GBIF Occurrence Download,Occdownload Gbif.Org [omid:ra/0602939503],2018,,,,,dataset,The Global Biodiversity Information Facility [omid:ra/0602939504],
omid:br/060101832 doi:10.1594/pangaea.186870,Net Zooplankton At Station FLUPAC_030,"Le Borgne, Robert [omid:ra/060220332]; Rodier, Martine [omid:ra/061507194 orcid:0000-0003-0339-7587]",1997,,,,,dataset,Pangaea - Data Publisher For Earth & Environmental Science [omid:ra/060220333],
omid:br/0601018320 doi:10.15468/dl.idjbkg,Occurrence Download,Occdownload Gbif.Org [omid:ra/0602939505],2019,,,,,dataset,The Global Biodiversity Information Facility [omid:ra/0602939506],
omid:br/0601018321 doi:10.15468/dl.idji0p,GBIF Occurrence Download,Occdownload Gbif.Org [omid:ra/0602939507],2018,,,,,dataset,The Global Biodiversity Information Facility [omid:ra/0602939508],
omid:br/0601018322 doi:10.15468/dl.idjj6n,GBIF Occurrence Download,Occdownload Gbif.Org [omid:ra/0602939509],2019,,,,,dataset,The Global Biodiversity Information Facility [omid:ra/0602939510],
omid:br/0601018323 doi:10.15468/dl.idjlaq,Occurrence Download,Occdownload Gbif.Org [omid:ra/0602939511],2020,,,,,dataset,The Global Biodiversity Information Facility [omid:ra/0602939512],
omid:br/0601018324 doi:10.15468/dl.idjljb,Occurrence Download,Occdownload Gbif.Org [omid:ra/0602939513],2019,,,,,dataset,The Global Biodiversity Information Facility [omid:ra/0602939514],
omid:br/0601018325 doi:10.15468/dl.idjmy2,GBIF Occurrence Download,Occdownload Gbif.Org [omid:ra/0602939515],2017,,,,,dataset,The Global Biodiversity Information Facility [omid:ra/0602939516],
omid:br/0601018326 doi:10.15468/dl.idjnlz,GBIF Occurrence Download,Occdownload Gbif.Org [omid:ra/0602939517],2018,,,,,dataset,The Global Biodiversity Information Facility [omid:ra/0602939518],
omid:br/0601018327 doi:10.15468/dl.idjp7y,GBIF Occurrence Download,Occdownload Gbif.Org [omid:ra/0602939519],2018,,,,,dataset,The Global Biodiversity Information Facility [omid:ra/0602939520],
omid:br/0601018328 doi:10.15468/dl.idjqng,GBIF Occurrence Download,Occdownload Gbif.Org [omid:ra/0602939521],2019,,,,,dataset,The Global Biodiversity Information Facility [omid:ra/0602939522],
omid:br/0601018329 doi:10.15468/dl.idjqso,GBIF Occurrence Download,Occdownload Gbif.Org [omid:ra/0602939523],2018,,,,,dataset,The Global Biodiversity Information Facility [omid:ra/0602939524],
omid:br/060101833 doi:10.1594/pangaea.186871,Net Zooplankton At Station FLUPAC_033,"Le Borgne, Robert [omid:ra/060220334]; Rodier, Martine [omid:ra/061507194 orcid:0000-0003-0339-7587]",1997,,,,,dataset,Pangaea - Data Publisher For Earth & Environmental Science [omid:ra/060220335],
omid:br/0601018330 doi:10.15468/dl.idjsxi,GBIF Occurrence Download,Occdownload Gbif.Org [omid:ra/0602939525],2018,,,,,dataset,The Global Biodiversity Information Facility [omid:ra/0602939526],
omid:br/0601018331 doi:10.15468/dl.idjthn,GBIF Occurrence Download,Occdownload Gbif.Org [omid:ra/0602939527],2017,,,,,dataset,The Global Biodiversity Information Facility [omid:ra/0602939528],
omid:br/0601018332 doi:10.15468/dl.idjtrp,GBIF Occurrence Download,Occdownload Gbif.Org [omid:ra/0602939529],2016,,,,,dataset,The Global Biodiversity Information Facility [omid:ra/0602939530],
omid:br/0601018333 doi:10.15468/dl.idjvjq,GBIF Occurrence Download,Occdownload Gbif.Org [omid:ra/0602939531],2018,,,,,dataset,The Global Biodiversity Information Facility [omid:ra/0602939532],
omid:br/0601018334 doi:10.15468/dl.idjwct,Occurrence Download,Occdownload Gbif.Org [omid:ra/0602939533],2019,,,,,dataset,The Global Biodiversity Information Facility [omid:ra/0602939534],
omid:br/0601018335 doi:10.15468/dl.idjxfi,GBIF Occurrence Download,Occdownload Gbif.Org [omid:ra/0602939535],2017,,,,,dataset,The Global Biodiversity Information Facility [omid:ra/0602939536],
omid:br/0601018336 doi:10.15468/dl.idjyjd,GBIF Occurrence Download,Occdownload Gbif.Org [omid:ra/0602939537],2016,,,,,dataset,The Global Biodiversity Information Facility [omid:ra/0602939538],
omid:br/0601018337 doi:10.15468/dl.idjz6b,Occurrence Download,Occdownload Gbif.Org [omid:ra/0602939539],2020,,,,,dataset,The Global Biodiversity Information Facility [omid:ra/0602939540],
omid:br/0601018338 doi:10.15468/dl.idjzyd,GBIF Occurrence Download,Occdownload Gbif.Org [omid:ra/0602939541],2016,,,,,dataset,The Global Biodiversity Information Facility [omid:ra/0602939542],
omid:br/0601018339 doi:10.15468/dl.idk3vm,GBIF Occurrence Download,Occdownload Gbif.Org [omid:ra/0602939543],2019,,,,,dataset,The Global Biodiversity Information Facility [omid:ra/0602939544],
omid:br/060101834 doi:10.1594/pangaea.186872,Net Zooplankton At Station FLUPAC_036,"Le Borgne, Robert [omid:ra/060220336]; Rodier, Martine [omid:ra/061507194 orcid:0000-0003-0339-7587]",1997,,,,,dataset,Pangaea - Data Publisher For Earth & Environmental Science [omid:ra/060220337],
omid:br/0601018340 doi:10.15468/dl.idk4pv,GBIF Occurrence Download,Occdownload Gbif.Org [omid:ra/0602939545],2017,,,,,dataset,The Global Biodiversity Information Facility [omid:ra/0602939546],
omid:br/0601018341 doi:10.15468/dl.idk5hw,Occurrence Download,Occdownload Gbif.Org [omid:ra/0602939547],2020,,,,,dataset,The Global Biodiversity Information Facility [omid:ra/0602939548],
omid:br/0601018342 doi:10.15468/dl.idk9i3,GBIF Occurrence Download,Occdownload Gbif.Org [omid:ra/0602939549],2019,,,,,dataset,The Global Biodiversity Information Facility [omid:ra/0602939550],
omid:br/0601018343 doi:10.15468/dl.idkaa4,GBIF Occurrence Download,Occdownload Gbif.Org [omid:ra/0602939551],2017,,,,,dataset,The Global Biodiversity Information Facility [omid:ra/0602939552],
omid:br/0601018344 doi:10.15468/dl.idkbd6,GBIF Occurrence Download,Occdownload Gbif.Org [omid:ra/0602939553],2016,,,,,dataset,The Global Biodiversity Information Facility [omid:ra/0602939554],
omid:br/0601018345 doi:10.15468/dl.idkcgk,Occurrence Download,Occdownload Gbif.Org [omid:ra/0602939555],2020,,,,,dataset,The Global Biodiversity Information Facility [omid:ra/0602939556],
omid:br/0601018346 doi:10.15468/dl.idkgx1,GBIF Occurrence Download,Occdownload Gbif.Org [omid:ra/0602939557],2017,,,,,dataset,The Global Biodiversity Information Facility [omid:ra/0602939558],
omid:br/0601018347 doi:10.15468/dl.idkhku,Occurrence Download,Occdownload Gbif.Org [omid:ra/0602939559],2020,,,,,dataset,The Global Biodiversity Information Facility [omid:ra/0602939560],
omid:br/0601018348 doi:10.15468/dl.idkhz7,GBIF Occurrence Download,Occdownload Gbif.Org [omid:ra/0602939561],2017,,,,,dataset,The Global Biodiversity Information Facility [omid:ra/0602939562],
omid:br/0601018349 doi:10.15468/dl.idkjvw,GBIF Occurrence Download,Occdownload Gbif.Org [omid:ra/0602939563],2019,,,,,dataset,The Global Biodiversity Information Facility [omid:ra/0602939564],
omid:br/060101835 doi:10.1594/pangaea.186873,Net Zooplankton At Station FLUPAC_039,"Le Borgne, Robert [omid:ra/060220338]; Rodier, Martine [omid:ra/061507194 orcid:0000-0003-0339-7587]",1997,,,,,dataset,Pangaea - Data Publisher For Earth & Environmental Science [omid:ra/060220339],
omid:br/0601018350 doi:10.15468/dl.idklwz,GBIF Occurrence Download,Occdownload Gbif.Org [omid:ra/0602939565],2017,,,,,dataset,The Global Biodiversity Information Facility [omid:ra/0602939566],
omid:br/0601018351 doi:10.15468/dl.idkqm1,GBIF Occurrence Download,Occdownload Gbif.Org [omid:ra/0602939567],2017,,,,,dataset,The Global Biodiversity Information Facility [omid:ra/0602939568],
omid:br/0601018352 doi:10.15468/dl.idkr2i,GBIF Occurrence Download,Occdownload Gbif.Org [omid:ra/0602939569],2016,,,,,dataset,The Global Biodiversity Information Facility [omid:ra/0602939570],
omid:br/0601018353 doi:10.15468/dl.idkrs8,GBIF Occurrence Download,Occdownload Gbif.Org [omid:ra/0602939571],2016,,,,,dataset,The Global Biodiversity Information Facility [omid:ra/0602939572],
omid:br/0601018354 doi:10.15468/dl.idksfe,GBIF Occurrence Download,Occdownload Gbif.Org [omid:ra/0602939573],2017,,,,,dataset,The Global Biodiversity Information Facility [omid:ra/0602939574],
omid:br/0601018355 doi:10.15468/dl.idkwhg,GBIF Occurrence Download,Occdownload Gbif.Org [omid:ra/0602939575],2018,,,,,dataset,The Global Biodiversity Information Facility [omid:ra/0602939576],
omid:br/0601018356 doi:10.15468/dl.idkwyj,GBIF Occurrence Download,Occdownload Gbif.Org [omid:ra/0602939577],2016,,,,,dataset,The Global Biodiversity Information Facility [omid:ra/0602939578],
omid:br/0601018357 doi:10.15468/dl.idkxci,GBIF Occurrence Download,Occdownload Gbif.Org [omid:ra/0602939579],2018,,,,,dataset,The Global Biodiversity Information Facility [omid:ra/0602939580],
omid:br/0601018358 doi:10.15468/dl.idkxgy,GBIF Occurrence Download,Occdownload Gbif.Org [omid:ra/0602939581],2017,,,,,dataset,The Global Biodiversity Information Facility [omid:ra/0602939582],
omid:br/0601018359 doi:10.15468/dl.idkyqd,Occurrence Download,Occdownload Gbif.Org [omid:ra/0602939583],2020,,,,,dataset,The Global Biodiversity Information Facility [omid:ra/0602939584],
omid:br/060101836 doi:10.1594/pangaea.186874,Net Zooplankton At Station FLUPAC_042,"Le Borgne, Robert [omid:ra/060220340]; Rodier, Martine [omid:ra/061507194 orcid:0000-0003-0339-7587]",1997,,,,,dataset,Pangaea - Data Publisher For Earth & Environmental Science [omid:ra/060220341],
omid:br/0601018360 doi:10.15468/dl.idkzl5,GBIF Occurrence Download,Occdownload Gbif.Org [omid:ra/0602939585],2016,,,,,dataset,The Global Biodiversity Information Facility [omid:ra/0602939586],
omid:br/0601018361 doi:10.15468/dl.idl5na,GBIF Occurrence Download,Occdownload Gbif.Org [omid:ra/0602939587],2018,,,,,dataset,The Global Biodiversity Information Facility [omid:ra/0602939588],
omid:br/0601018362 doi:10.15468/dl.idl5ni,GBIF Occurrence Download,Occdownload Gbif.Org [omid:ra/0602939589],2016,,,,,dataset,The Global Biodiversity Information Facility [omid:ra/0602939590],
omid:br/0601018363 doi:10.15468/dl.idl6lv,GBIF Occurrence Download,Occdownload Gbif.Org [omid:ra/0602939591],2018,,,,,dataset,The Global Biodiversity Information Facility [omid:ra/0602939592],
omid:br/0601018364 doi:10.15468/dl.idl7wj,GBIF Occurrence Download,Occdownload Gbif.Org [omid:ra/0602939593],2017,,,,,dataset,The Global Biodiversity Information Facility [omid:ra/0602939594],
omid:br/0601018365 doi:10.15468/dl.idlan5,GBIF Occurrence Download,Occdownload Gbif.Org [omid:ra/0602939595],2017,,,,,dataset,The Global Biodiversity Information Facility [omid:ra/0602939596],
omid:br/0601018366 doi:10.15468/dl.idlaph,GBIF Occurrence Download,Occdownload Gbif.Org [omid:ra/0602939597],2018,,,,,dataset,The Global Biodiversity Information Facility [omid:ra/0602939598],
omid:br/0601018367 doi:10.15468/dl.idlcbt,Occurrence Download,Occdownload Gbif.Org [omid:ra/0602939599],2020,,,,,dataset,The Global Biodiversity Information Facility [omid:ra/0602939600],
omid:br/0601018368 doi:10.15468/dl.idldea,GBIF Occurrence Download,Occdownload Gbif.Org [omid:ra/0602939601],2019,,,,,dataset,The Global Biodiversity Information Facility [omid:ra/0602939602],
omid:br/0601018369 doi:10.15468/dl.idlfgk,GBIF Occurrence Download,Occdownload Gbif.Org [omid:ra/0602939603],2017,,,,,dataset,The Global Biodiversity Information Facility [omid:ra/0602939604],
omid:br/060101837 doi:10.1594/pangaea.186875,Net Zooplankton At Station FLUPAC_045,"Le Borgne, Robert [omid:ra/060220342]; Rodier, Martine [omid:ra/061507194 orcid:0000-0003-0339-7587]",1997,,,,,dataset,Pangaea - Data Publisher For Earth & Environmental Science [omid:ra/060220343],
omid:br/0601018370 doi:10.15468/dl.idlftj,GBIF Occurrence Download,Occdownload Gbif.Org [omid:ra/0602939605],2017,,,,,dataset,The Global Biodiversity Information Facility [omid:ra/0602939606],
omid:br/0601018371 doi:10.15468/dl.idlisg,GBIF Occurrence Download,Occdownload Gbif.Org [omid:ra/0602939607],2015,,,,,dataset,The Global Biodiversity Information Facility [omid:ra/0602939608],
omid:br/0601018372 doi:10.15468/dl.idljtq,GBIF Occurrence Download,Occdownload Gbif.Org [omid:ra/0602939609],2017,,,,,dataset,The Global Biodiversity Information Facility [omid:ra/0602939610],
omid:br/0601018373 doi:10.15468/dl.idllgn,GBIF Occurrence Download,Occdownload Gbif.Org [omid:ra/0602939611],2019,,,,,dataset,The Global Biodiversity Information Facility [omid:ra/0602939612],
omid:br/0601018374 doi:10.15468/dl.idllkf,GBIF Occurrence Download,Occdownload Gbif.Org [omid:ra/0602939613],2017,,,,,dataset,The Global Biodiversity Information Facility [omid:ra/0602939614],
omid:br/0601018375 doi:10.15468/dl.idlmee,GBIF Occurrence Download,Occdownload Gbif.Org [omid:ra/0602939615],2018,,,,,dataset,The Global Biodiversity Information Facility [omid:ra/0602939616],
omid:br/0601018376 doi:10.15468/dl.idlo0v,GBIF Occurrence Download,Occdownload Gbif.Org [omid:ra/0602939617],2019,,,,,dataset,The Global Biodiversity Information Facility [omid:ra/0602939618],
omid:br/0601018377 doi:10.15468/dl.idlqox,GBIF Occurrence Download,Occdownload Gbif.Org [omid:ra/0602939619],2016,,,,,dataset,The Global Biodiversity Information Facility [omid:ra/0602939620],
omid:br/0601018378 doi:10.15468/dl.idlr7p,Occurrence Download,Occdownload Gbif.Org [omid:ra/0602939621],2020,,,,,dataset,The Global Biodiversity Information Facility [omid:ra/0602939622],
omid:br/0601018379 doi:10.15468/dl.idls5e,GBIF Occurrence Download,Occdownload Gbif.Org [omid:ra/0602939623],2019,,,,,dataset,The Global Biodiversity Information Facility [omid:ra/0602939624],
omid:br/060101838 doi:10.1594/pangaea.186876,Net Zooplankton At Station FLUPAC_048,"Le Borgne, Robert [omid:ra/060220344]; Rodier, Martine [omid:ra/061507194 orcid:0000-0003-0339-7587]",1997,,,,,dataset,Pangaea - Data Publisher For Earth & Environmental Science [omid:ra/060220345],
omid:br/0601018380 doi:10.15468/dl.idlths,GBIF Occurrence Download,Occdownload Gbif.Org [omid:ra/0602939625],2016,,,,,dataset,The Global Biodiversity Information Facility [omid:ra/0602939626],
omid:br/0601018381 doi:10.15468/dl.idlukl,GBIF Occurrence Download,Occdownload Gbif.Org [omid:ra/0602939627],2019,,,,,dataset,The Global Biodiversity Information Facility [omid:ra/0602939628],
omid:br/0601018382 doi:10.15468/dl.idluzh,GBIF Occurrence Download,Occdownload Gbif.Org [omid:ra/0602939629],2018,,,,,dataset,The Global Biodiversity Information Facility [omid:ra/0602939630],
omid:br/0601018383 doi:10.15468/dl.idlv0p,GBIF Occurrence Download,Occdownload Gbif.Org [omid:ra/0602939631],2016,,,,,dataset,The Global Biodiversity Information Facility [omid:ra/0602939632],
omid:br/0601018384 doi:10.15468/dl.idlv5q,Occurrence Download,Occdownload Gbif.Org [omid:ra/0602939633],2020,,,,,dataset,The Global Biodiversity Information Facility [omid:ra/0602939634],
omid:br/0601018385 doi:10.15468/dl.idlvvs,GBIF Occurrence Download,Occdownload Gbif.Org [omid:ra/0602939635],2018,,,,,dataset,The Global Biodiversity Information Facility [omid:ra/0602939636],
omid:br/0601018386 doi:10.15468/dl.idlz3v,Occurrence Download,Occdownload Gbif.Org [omid:ra/0602939637],2020,,,,,dataset,The Global Biodiversity Information Facility [omid:ra/0602939638],
omid:br/0601018387 doi:10.15468/dl.idlzyo,GBIF Occurrence Download,Occdownload Gbif.Org [omid:ra/0602939639],2018,,,,,dataset,The Global Biodiversity Information Facility [omid:ra/0602939640],
omid:br/0601018388 doi:10.15468/dl.idm23t,Occurrence Download,Occdownload Gbif.Org [omid:ra/0602939641],2020,,,,,dataset,The Global Biodiversity Information Facility [omid:ra/0602939642],
omid:br/0601018389 doi:10.15468/dl.idmaa6,GBIF Occurrence Download,Occdownload Gbif.Org [omid:ra/0602939643],2017,,,,,dataset,The Global Biodiversity Information Facility [omid:ra/0602939644],
omid:br/060101839 doi:10.1594/pangaea.186877,Net Zooplankton At Station FLUPAC_051,"Le Borgne, Robert [omid:ra/060220346]; Rodier, Martine [omid:ra/061507194 orcid:0000-0003-0339-7587]",1997,,,,,dataset,Pangaea - Data Publisher For Earth & Environmental Science [omid:ra/060220347],
omid:br/0601018390 doi:10.15468/dl.idmail,GBIF Occurrence Download,Occdownload Gbif.Org [omid:ra/0602939645],2016,,,,,dataset,The Global Biodiversity Information Facility [omid:ra/0602939646],
omid:br/0601018391 doi:10.15468/dl.idmb1j,GBIF Occurrence Download,Occdownload Gbif.Org [omid:ra/0602939647],2017,,,,,dataset,The Global Biodiversity Information Facility [omid:ra/0602939648],
omid:br/0601018392 doi:10.15468/dl.idmdkw,GBIF Occurrence Download,Occdownload Gbif.Org [omid:ra/0602939649],2019,,,,,dataset,The Global Biodiversity Information Facility [omid:ra/0602939650],
omid:br/0601018393 doi:10.15468/dl.idmemd,GBIF Occurrence Download,Occdownload Gbif.Org [omid:ra/0602939651],2015,,,,,dataset,The Global Biodiversity Information Facility [omid:ra/0602939652],
omid:br/0601018394 doi:10.15468/dl.idmeta,GBIF Occurrence Download,Occdownload Gbif.Org [omid:ra/0602939653],2015,,,,,dataset,The Global Biodiversity Information Facility [omid:ra/0602939654],
omid:br/0601018395 doi:10.15468/dl.idmfjv,GBIF Occurrence Download,Occdownload Gbif.Org [omid:ra/0602939655],2018,,,,,dataset,The Global Biodiversity Information Facility [omid:ra/0602939656],
omid:br/0601018396 doi:10.15468/dl.idmfts,GBIF Occurrence Download,Occdownload Gbif.Org [omid:ra/0602939657],2017,,,,,dataset,The Global Biodiversity Information Facility [omid:ra/0602939658],
omid:br/0601018397 doi:10.15468/dl.idmhrt,GBIF Occurrence Download,Occdownload Gbif.Org [omid:ra/0602939659],2017,,,,,dataset,The Global Biodiversity Information Facility [omid:ra/0602939660],
omid:br/0601018398 doi:10.15468/dl.idmi2o,GBIF Occurrence Download,Occdownload Gbif.Org [omid:ra/0602939661],2019,,,,,dataset,The Global Biodiversity Information Facility [omid:ra/0602939662],
omid:br/0601018399 doi:10.15468/dl.idmktw,GBIF Occurrence Download,Occdownload Gbif.Org [omid:ra/0602939663],2016,,,,,dataset,The Global Biodiversity Information Facility [omid:ra/0602939664],
omid:br/06010184 doi:10.15468/dl.xy1qdx,GBIF Occurrence Download,Occdownload Gbif.Org [omid:ra/06029556],2018,,,,,dataset,The Global Biodiversity Information Facility [omid:ra/06029557],
omid:br/060101840 doi:10.1594/pangaea.186878,Net Zooplankton At Station FLUPAC_054,"Le Borgne, Robert [omid:ra/060220348]; Rodier, Martine [omid:ra/061507194 orcid:0000-0003-0339-7587]",1997,,,,,dataset,Pangaea - Data Publisher For Earth & Environmental Science [omid:ra/060220349],
omid:br/0601018400 doi:10.15468/dl.idml6h,GBIF Occurrence Download,Occdownload Gbif.Org [omid:ra/0602939665],2017,,,,,dataset,The Global Biodiversity Information Facility [omid:ra/0602939666],
omid:br/0601018401 doi:10.15468/dl.idmlhy,GBIF Occurrence Download,Occdownload Gbif.Org [omid:ra/0602939667],2019,,,,,dataset,The Global Biodiversity Information Facility [omid:ra/0602939668],
omid:br/0601018402 doi:10.15468/dl.idmnei,GBIF Occurrence Download,Occdownload Gbif.Org [omid:ra/0602939669],2016,,,,,dataset,The Global Biodiversity Information Facility [omid:ra/0602939670],
omid:br/0601018403 doi:10.15468/dl.idmomx,GBIF Occurrence Download,Occdownload Gbif.Org [omid:ra/0602939671],2019,,,,,dataset,The Global Biodiversity Information Facility [omid:ra/0602939672],
omid:br/0601018404 doi:10.15468/dl.idmpuk,GBIF Occurrence Download,Occdownload Gbif.Org [omid:ra/0602939673],2016,,,,,dataset,The Global Biodiversity Information Facility [omid:ra/0602939674],
omid:br/0601018405 doi:10.15468/dl.idmpw7,GBIF Occurrence Download,Occdownload Gbif.Org [omid:ra/0602939675],2016,,,,,dataset,The Global Biodiversity Information Facility [omid:ra/0602939676],
omid:br/0601018406 doi:10.15468/dl.idmpxr,GBIF Occurrence Download,Occdownload Gbif.Org [omid:ra/0602939677],2019,,,,,dataset,The Global Biodiversity Information Facility [omid:ra/0602939678],
omid:br/0601018407 doi:10.15468/dl.idmstk,GBIF Occurrence Download,Occdownload Gbif.Org [omid:ra/0602939679],2019,,,,,dataset,The Global Biodiversity Information Facility [omid:ra/0602939680],
omid:br/0601018408 doi:10.15468/dl.idmtde,GBIF Occurrence Download,Occdownload Gbif.Org [omid:ra/0602939681],2019,,,,,dataset,The Global Biodiversity Information Facility [omid:ra/0602939682],
omid:br/0601018409 doi:10.15468/dl.idmtmv,GBIF Occurrence Download,Occdownload Gbif.Org [omid:ra/0602939683],2018,,,,,dataset,The Global Biodiversity Information Facility [omid:ra/0602939684],
omid:br/060101841 doi:10.1594/pangaea.186879,Net Zooplankton At Station FLUPAC_059,"Le Borgne, Robert [omid:ra/060220350]; Rodier, Martine [omid:ra/061507194 orcid:0000-0003-0339-7587]",1997,,,,,dataset,Pangaea - Data Publisher For Earth & Environmental Science [omid:ra/060220351],
omid:br/0601018410 doi:10.15468/dl.idmu4h,GBIF Occurrence Download,Occdownload Gbif.Org [omid:ra/0602939685],2016,,,,,dataset,The Global Biodiversity Information Facility [omid:ra/0602939686],
omid:br/0601018411 doi:10.15468/dl.idmukx,GBIF Occurrence Download,Occdownload Gbif.Org [omid:ra/0602939687],2019,,,,,dataset,The Global Biodiversity Information Facility [omid:ra/0602939688],
omid:br/0601018412 doi:10.15468/dl.idmvmo,GBIF Occurrence Download,Occdownload Gbif.Org [omid:ra/0602939689],2015,,,,,dataset,The Global Biodiversity Information Facility [omid:ra/0602939690],
omid:br/0601018413 doi:10.15468/dl.idmvsz,GBIF Occurrence Download,Occdownload Gbif.Org [omid:ra/0602939691],2016,,,,,dataset,The Global Biodiversity Information Facility [omid:ra/0602939692],
omid:br/0601018414 doi:10.15468/dl.idmvx2,Occurrence Download,Occdownload Gbif.Org [omid:ra/0602939693],2019,,,,,dataset,The Global Biodiversity Information Facility [omid:ra/0602939694],
omid:br/0601018415 doi:10.15468/dl.idmwcb,GBIF Occurrence Download,Occdownload Gbif.Org [omid:ra/0602939695],2018,,,,,dataset,The Global Biodiversity Information Facility [omid:ra/0602939696],
omid:br/0601018416 doi:10.15468/dl.idmxpb,GBIF Occurrence Download,Occdownload Gbif.Org [omid:ra/0602939697],2019,,,,,dataset,The Global Biodiversity Information Facility [omid:ra/0602939698],
omid:br/0601018417 doi:10.15468/dl.idmygh,GBIF Occurrence Download,Occdownload Gbif.Org [omid:ra/0602939699],2017,,,,,dataset,The Global Biodiversity Information Facility [omid:ra/0602939700],
omid:br/0601018418 doi:10.15468/dl.idmzvx,Occurrence Download,Occdownload Gbif.Org [omid:ra/0602939701],2020,,,,,dataset,The Global Biodiversity Information Facility [omid:ra/0602939702],
omid:br/0601018419 doi:10.15468/dl.idn20f,Occurrence Download,Occdownload Gbif.Org [omid:ra/0602939703],2020,,,,,dataset,The Global Biodiversity Information Facility [omid:ra/0602939704],
omid:br/060101842 doi:10.1594/pangaea.186880,Net Zooplankton At Station FLUPAC_062,"Le Borgne, Robert [omid:ra/060220352]; Rodier, Martine [omid:ra/061507194 orcid:0000-0003-0339-7587]",1997,,,,,dataset,Pangaea - Data Publisher For Earth & Environmental Science [omid:ra/060220353],
omid:br/0601018420 doi:10.15468/dl.idn6dl,GBIF Occurrence Download,Occdownload Gbif.Org [omid:ra/0602939705],2016,,,,,dataset,The Global Biodiversity Information Facility [omid:ra/0602939706],
omid:br/0601018421 doi:10.15468/dl.idncg0,GBIF Occurrence Download,Occdownload Gbif.Org [omid:ra/0602939707],2015,,,,,dataset,The Global Biodiversity Information Facility [omid:ra/0602939708],
omid:br/0601018422 doi:10.15468/dl.idndoa,GBIF Occurrence Download,Occdownload Gbif.Org [omid:ra/0602939709],2018,,,,,dataset,The Global Biodiversity Information Facility [omid:ra/0602939710],
omid:br/0601018423 doi:10.15468/dl.idneu6,GBIF Occurrence Download,Occdownload Gbif.Org [omid:ra/0602939711],2015,,,,,dataset,The Global Biodiversity Information Facility [omid:ra/0602939712],
omid:br/0601018424 doi:10.15468/dl.idneve,GBIF Occurrence Download,Occdownload Gbif.Org [omid:ra/0602939713],2018,,,,,dataset,The Global Biodiversity Information Facility [omid:ra/0602939714],
omid:br/0601018425 doi:10.15468/dl.idnf1x,GBIF Occurrence Download,Occdownload Gbif.Org [omid:ra/0602939715],2018,,,,,dataset,The Global Biodiversity Information Facility [omid:ra/0602939716],
omid:br/0601018426 doi:10.15468/dl.idnfap,GBIF Occurrence Download,Occdownload Gbif.Org [omid:ra/0602939717],2017,,,,,dataset,The Global Biodiversity Information Facility [omid:ra/0602939718],
omid:br/0601018427 doi:10.15468/dl.idngen,GBIF Occurrence Download,Occdownload Gbif.Org [omid:ra/0602939719],2016,,,,,dataset,The Global Biodiversity Information Facility [omid:ra/0602939720],
omid:br/0601018428 doi:10.15468/dl.idnheh,GBIF Occurrence Download,Occdownload Gbif.Org [omid:ra/0602939721],2018,,,,,dataset,The Global Biodiversity Information Facility [omid:ra/0602939722],
omid:br/0601018429 doi:10.15468/dl.idniwc,GBIF Occurrence Download,Occdownload Gbif.Org [omid:ra/0602939723],2017,,,,,dataset,The Global Biodiversity Information Facility [omid:ra/0602939724],
omid:br/060101843 doi:10.1594/pangaea.186881,Net Zooplankton At Station FLUPAC_063,"Le Borgne, Robert [omid:ra/060220354]; Rodier, Martine [omid:ra/061507194 orcid:0000-0003-0339-7587]",1997,,,,,dataset,Pangaea - Data Publisher For Earth & Environmental Science [omid:ra/060220355],
omid:br/0601018430 doi:10.15468/dl.idnkfr,GBIF Occurrence Download,Occdownload Gbif.Org [omid:ra/0602939725],2015,,,,,dataset,The Global Biodiversity Information Facility [omid:ra/0602939726],
omid:br/0601018431 doi:10.15468/dl.idnlkl,GBIF Occurrence Download,Occdownload Gbif.Org [omid:ra/0602939727],2018,,,,,dataset,The Global Biodiversity Information Facility [omid:ra/0602939728],
omid:br/0601018432 doi:10.15468/dl.idnmca,GBIF Occurrence Download,Occdownload Gbif.Org [omid:ra/0602939729],2018,,,,,dataset,The Global Biodiversity Information Facility [omid:ra/0602939730],
omid:br/0601018433 doi:10.15468/dl.idnnaq,GBIF Occurrence Download,Occdownload Gbif.Org [omid:ra/0602939731],2015,,,,,dataset,The Global Biodiversity Information Facility [omid:ra/0602939732],
omid:br/0601018434 doi:10.15468/dl.idnnn7,GBIF Occurrence Download,Occdownload Gbif.Org [omid:ra/0602939733],2018,,,,,dataset,The Global Biodiversity Information Facility [omid:ra/0602939734],
omid:br/0601018435 doi:10.15468/dl.idnnwb,Occurrence Download,Occdownload Gbif.Org [omid:ra/0602939735],2019,,,,,dataset,The Global Biodiversity Information Facility [omid:ra/0602939736],
omid:br/0601018436 doi:10.15468/dl.idnpoh,GBIF Occurrence Download,Occdownload Gbif.Org [omid:ra/0602939737],2017,,,,,dataset,The Global Biodiversity Information Facility [omid:ra/0602939738],
omid:br/0601018437 doi:10.15468/dl.idnqfd,Occurrence Download,Occdownload Gbif.Org [omid:ra/0602939739],2020,,,,,dataset,The Global Biodiversity Information Facility [omid:ra/0602939740],
omid:br/0601018438 doi:10.15468/dl.idnrcb,GBIF Occurrence Download,Occdownload Gbif.Org [omid:ra/0602939741],2015,,,,,dataset,The Global Biodiversity Information Facility [omid:ra/0602939742],
omid:br/0601018439 doi:10.15468/dl.idnrpd,GBIF Occurrence Download,Occdownload Gbif.Org [omid:ra/0602939743],2018,,,,,dataset,The Global Biodiversity Information Facility [omid:ra/0602939744],
omid:br/060101844 doi:10.1594/pangaea.186882 openalex:W2959146051,Net Zooplankton At Station FLUPAC_064,"Le Borgne, Robert [omid:ra/060220356]; Rodier, Martine [omid:ra/061507194 orcid:0000-0003-0339-7587]",1997,,,,,dataset,Pangaea - Data Publisher For Earth & Environmental Science [omid:ra/060220357],
omid:br/0601018440 doi:10.15468/dl.idnrqu,Occurrence Download,Occdownload Gbif.Org [omid:ra/0602939745],2020,,,,,dataset,The Global Biodiversity Information Facility [omid:ra/0602939746],
omid:br/0601018441 doi:10.15468/dl.idnsxe,GBIF Occurrence Download,Occdownload Gbif.Org [omid:ra/0602939747],2018,,,,,dataset,The Global Biodiversity Information Facility [omid:ra/0602939748],
omid:br/0601018442 doi:10.15468/dl.idnula,GBIF Occurrence Download,Occdownload Gbif.Org [omid:ra/0602939749],2019,,,,,dataset,The Global Biodiversity Information Facility [omid:ra/0602939750],
omid:br/0601018443 doi:10.15468/dl.idnvzs,GBIF Occurrence Download,Occdownload Gbif.Org [omid:ra/0602939751],2017,,,,,dataset,The Global Biodiversity Information Facility [omid:ra/0602939752],
omid:br/0601018444 doi:10.15468/dl.idnwir,GBIF Occurrence Download,Occdownload Gbif.Org [omid:ra/0602939753],2019,,,,,dataset,The Global Biodiversity Information Facility [omid:ra/0602939754],
omid:br/0601018445 doi:10.15468/dl.idnzuo,GBIF Occurrence Download,Occdownload Gbif.Org [omid:ra/0602939755],2017,,,,,dataset,The Global Biodiversity Information Facility [omid:ra/0602939756],
omid:br/0601018446 doi:10.15468/dl.ido05e,GBIF Occurrence Download,Occdownload Gbif.Org [omid:ra/0602939757],2016,,,,,dataset,The Global Biodiversity Information Facility [omid:ra/0602939758],
omid:br/0601018447 doi:10.15468/dl.ido1hl,Occurrence Download,Occdownload Gbif.Org [omid:ra/0602939759],2019,,,,,dataset,The Global Biodiversity Information Facility [omid:ra/0602939760],
omid:br/0601018448 doi:10.15468/dl.ido5ln,GBIF Occurrence Download,Occdownload Gbif.Org [omid:ra/0602939761],2019,,,,,dataset,The Global Biodiversity Information Facility [omid:ra/0602939762],
omid:br/0601018449 doi:10.15468/dl.ido8ym,GBIF Occurrence Download,Occdownload Gbif.Org [omid:ra/0602939763],2018,,,,,dataset,The Global Biodiversity Information Facility [omid:ra/0602939764],
omid:br/060101845 doi:10.1594/pangaea.186883,Net Zooplankton At Station FLUPAC_065,"Le Borgne, Robert [omid:ra/060220358]; Rodier, Martine [omid:ra/061507194 orcid:0000-0003-0339-7587]",1997,,,,,dataset,Pangaea - Data Publisher For Earth & Environmental Science [omid:ra/060220359],
omid:br/0601018450 doi:10.15468/dl.idoa5b,GBIF Occurrence Download,Occdownload Gbif.Org [omid:ra/0602939765],2018,,,,,dataset,The Global Biodiversity Information Facility [omid:ra/0602939766],
omid:br/0601018451 doi:10.15468/dl.idobzt,GBIF Occurrence Download,Occdownload Gbif.Org [omid:ra/0602939767],2017,,,,,dataset,The Global Biodiversity Information Facility [omid:ra/0602939768],
omid:br/0601018452 doi:10.15468/dl.idod3h,GBIF Occurrence Download,Occdownload Gbif.Org [omid:ra/0602939769],2018,,,,,dataset,The Global Biodiversity Information Facility [omid:ra/0602939770],
omid:br/0601018453 doi:10.15468/dl.idoeqy,GBIF Occurrence Download,Occdownload Gbif.Org [omid:ra/0602939771],2019,,,,,dataset,The Global Biodiversity Information Facility [omid:ra/0602939772],
omid:br/0601018454 doi:10.15468/dl.idofjj,GBIF Occurrence Download,Occdownload Gbif.Org [omid:ra/0602939773],2016,,,,,dataset,The Global Biodiversity Information Facility [omid:ra/0602939774],
omid:br/0601018455 doi:10.15468/dl.idofqc,GBIF Occurrence Download,Occdownload Gbif.Org [omid:ra/0602939775],2016,,,,,dataset,The Global Biodiversity Information Facility [omid:ra/0602939776],
omid:br/0601018456 doi:10.15468/dl.idofyc,GBIF Occurrence Download,Occdownload Gbif.Org [omid:ra/0602939777],2018,,,,,dataset,The Global Biodiversity Information Facility [omid:ra/0602939778],
omid:br/0601018457 doi:10.15468/dl.idoijv,Occurrence Download,Occdownload Gbif.Org [omid:ra/0602939779],2019,,,,,dataset,The Global Biodiversity Information Facility [omid:ra/0602939780],
omid:br/0601018458 doi:10.15468/dl.idojip,GBIF Occurrence Download,Occdownload Gbif.Org [omid:ra/0602939781],2015,,,,,dataset,The Global Biodiversity Information Facility [omid:ra/0602939782],
omid:br/0601018459 doi:10.15468/dl.idokra,Occurrence Download,Occdownload Gbif.Org [omid:ra/0602939783],2020,,,,,dataset,The Global Biodiversity Information Facility [omid:ra/0602939784],
omid:br/060101846 doi:10.1594/pangaea.186884,Net Zooplankton At Station FLUPAC_066,"Le Borgne, Robert [omid:ra/060220360]; Rodier, Martine [omid:ra/061507194 orcid:0000-0003-0339-7587]",1997,,,,,dataset,Pangaea - Data Publisher For Earth & Environmental Science [omid:ra/060220361],
omid:br/0601018460 doi:10.15468/dl.idole8,GBIF Occurrence Download,Occdownload Gbif.Org [omid:ra/0602939785],2019,,,,,dataset,The Global Biodiversity Information Facility [omid:ra/0602939786],
omid:br/0601018461 doi:10.15468/dl.idolob,Occurrence Download,Occdownload Gbif.Org [omid:ra/0602939787],2020,,,,,dataset,The Global Biodiversity Information Facility [omid:ra/0602939788],
omid:br/0601018462 doi:10.15468/dl.idomev,GBIF Occurrence Download,Occdownload Gbif.Org [omid:ra/0602939789],2018,,,,,dataset,The Global Biodiversity Information Facility [omid:ra/0602939790],
omid:br/0601018463 doi:10.15468/dl.idooyc,GBIF Occurrence Download,Occdownload Gbif.Org [omid:ra/0602939791],2016,,,,,dataset,The Global Biodiversity Information Facility [omid:ra/0602939792],
omid:br/0601018464 doi:10.15468/dl.idosmd,GBIF Occurrence Download,Occdownload Gbif.Org [omid:ra/0602939793],2019,,,,,dataset,The Global Biodiversity Information Facility [omid:ra/0602939794],
omid:br/0601018465 doi:10.15468/dl.idot7g,GBIF Occurrence Download,Occdownload Gbif.Org [omid:ra/0602939795],2017,,,,,dataset,The Global Biodiversity Information Facility [omid:ra/0602939796],
omid:br/0601018466 doi:10.15468/dl.idow86,Occurrence Download,Occdownload Gbif.Org [omid:ra/0602939797],2020,,,,,dataset,The Global Biodiversity Information Facility [omid:ra/0602939798],
omid:br/0601018467 doi:10.15468/dl.idowwn,Occurrence Download,Occdownload Gbif.Org [omid:ra/0602939799],2019,,,,,dataset,The Global Biodiversity Information Facility [omid:ra/0602939800],
omid:br/0601018468 doi:10.15468/dl.idp0eh,GBIF Occurrence Download,Occdownload Gbif.Org [omid:ra/0602939801],2019,,,,,dataset,The Global Biodiversity Information Facility [omid:ra/0602939802],
omid:br/0601018469 doi:10.15468/dl.idp2uf,GBIF Occurrence Download,Occdownload Gbif.Org [omid:ra/0602939803],2019,,,,,dataset,The Global Biodiversity Information Facility [omid:ra/0602939804],
omid:br/060101847 doi:10.1594/pangaea.186885,Net Zooplankton At Station FLUPAC_067,"Le Borgne, Robert [omid:ra/060220362]; Rodier, Martine [omid:ra/061507194 orcid:0000-0003-0339-7587]",1997,,,,,dataset,Pangaea - Data Publisher For Earth & Environmental Science [omid:ra/060220363],
omid:br/0601018470 doi:10.15468/dl.idp3q8,GBIF Occurrence Download,Occdownload Gbif.Org [omid:ra/0602939805],2017,,,,,dataset,The Global Biodiversity Information Facility [omid:ra/0602939806],
omid:br/0601018471 doi:10.15468/dl.idp3vz,GBIF Occurrence Download,Occdownload Gbif.Org [omid:ra/0602939807],2018,,,,,dataset,The Global Biodiversity Information Facility [omid:ra/0602939808],
omid:br/0601018472 doi:10.15468/dl.idp8jn,Occurrence Download,Occdownload Gbif.Org [omid:ra/0602939809],2020,,,,,dataset,The Global Biodiversity Information Facility [omid:ra/0602939810],
omid:br/0601018473 doi:10.15468/dl.idpahy,GBIF Occurrence Download,Occdownload Gbif.Org [omid:ra/0602939811],2018,,,,,dataset,The Global Biodiversity Information Facility [omid:ra/0602939812],
omid:br/0601018474 doi:10.15468/dl.idpaof,GBIF Occurrence Download,Occdownload Gbif.Org [omid:ra/0602939813],2017,,,,,dataset,The Global Biodiversity Information Facility [omid:ra/0602939814],
omid:br/0601018475 doi:10.15468/dl.idpbwi,GBIF Occurrence Download,Occdownload Gbif.Org [omid:ra/0602939815],2016,,,,,dataset,The Global Biodiversity Information Facility [omid:ra/0602939816],
omid:br/0601018476 doi:10.15468/dl.idpcaw,GBIF Occurrence Download,Occdownload Gbif.Org [omid:ra/0602939817],2018,,,,,dataset,The Global Biodiversity Information Facility [omid:ra/0602939818],
omid:br/0601018477 doi:10.15468/dl.idpe2j,GBIF Occurrence Download,Occdownload Gbif.Org [omid:ra/0602939819],2016,,,,,dataset,The Global Biodiversity Information Facility [omid:ra/0602939820],
omid:br/0601018478 doi:10.15468/dl.idpfuf,GBIF Occurrence Download,Occdownload Gbif.Org [omid:ra/0602939821],2018,,,,,dataset,The Global Biodiversity Information Facility [omid:ra/0602939822],
omid:br/0601018479 doi:10.15468/dl.idpjet,GBIF Occurrence Download,Occdownload Gbif.Org [omid:ra/0602939823],2017,,,,,dataset,The Global Biodiversity Information Facility [omid:ra/0602939824],
omid:br/060101848 doi:10.1594/pangaea.186886,Net Zooplankton At Station FLUPAC_068,"Le Borgne, Robert [omid:ra/060220364]; Rodier, Martine [omid:ra/061507194 orcid:0000-0003-0339-7587]",1997,,,,,dataset,Pangaea - Data Publisher For Earth & Environmental Science [omid:ra/060220365],
omid:br/0601018480 doi:10.15468/dl.idpjt7,GBIF Occurrence Download,Occdownload Gbif.Org [omid:ra/0602939825],2017,,,,,dataset,The Global Biodiversity Information Facility [omid:ra/0602939826],
omid:br/0601018481 doi:10.15468/dl.idpm7e,GBIF Occurrence Download,Occdownload Gbif.Org [omid:ra/0602939827],2018,,,,,dataset,The Global Biodiversity Information Facility [omid:ra/0602939828],
omid:br/0601018482 doi:10.15468/dl.idpnai,GBIF Occurrence Download,Occdownload Gbif.Org [omid:ra/0602939829],2016,,,,,dataset,The Global Biodiversity Information Facility [omid:ra/0602939830],
omid:br/0601018483 doi:10.15468/dl.idpocr,GBIF Occurrence Download,Occdownload Gbif.Org [omid:ra/0602939831],2017,,,,,dataset,The Global Biodiversity Information Facility [omid:ra/0602939832],
omid:br/0601018484 doi:10.15468/dl.idpofg,GBIF Occurrence Download,Occdownload Gbif.Org [omid:ra/0602939833],2015,,,,,dataset,The Global Biodiversity Information Facility [omid:ra/0602939834],
omid:br/0601018485 doi:10.15468/dl.idppgi,GBIF Occurrence Download,Occdownload Gbif.Org [omid:ra/0602939835],2017,,,,,dataset,The Global Biodiversity Information Facility [omid:ra/0602939836],
omid:br/0601018486 doi:10.15468/dl.idpttr,GBIF Occurrence Download,Occdownload Gbif.Org [omid:ra/0602939837],2019,,,,,dataset,The Global Biodiversity Information Facility [omid:ra/0602939838],
omid:br/0601018487 doi:10.15468/dl.idpuc8,GBIF Occurrence Download,Occdownload Gbif.Org [omid:ra/0602939839],2017,,,,,dataset,The Global Biodiversity Information Facility [omid:ra/0602939840],
omid:br/0601018488 doi:10.15468/dl.idpuop,GBIF Occurrence Download,Occdownload Gbif.Org [omid:ra/0602939841],2019,,,,,dataset,The Global Biodiversity Information Facility [omid:ra/0602939842],
omid:br/0601018489 doi:10.15468/dl.idpwgn,GBIF Occurrence Download,Occdownload Gbif.Org [omid:ra/0602939843],2018,,,,,dataset,The Global Biodiversity Information Facility [omid:ra/0602939844],
omid:br/060101849 doi:10.1594/pangaea.186887,Net Zooplankton At Station FLUPAC_069,"Le Borgne, Robert [omid:ra/060220366]; Rodier, Martine [omid:ra/061507194 orcid:0000-0003-0339-7587]",1997,,,,,dataset,Pangaea - Data Publisher For Earth & Environmental Science [omid:ra/060220367],
omid:br/0601018490 doi:10.15468/dl.idpwwk,GBIF Occurrence Download,Occdownload Gbif.Org [omid:ra/0602939845],2015,,,,,dataset,The Global Biodiversity Information Facility [omid:ra/0602939846],
omid:br/0601018491 doi:10.15468/dl.idq2lo,GBIF Occurrence Download,Occdownload Gbif.Org [omid:ra/0602939847],2015,,,,,dataset,The Global Biodiversity Information Facility [omid:ra/0602939848],
omid:br/0601018492 doi:10.15468/dl.idq3kd,GBIF Occurrence Download,Occdownload Gbif.Org [omid:ra/0602939849],2016,,,,,dataset,The Global Biodiversity Information Facility [omid:ra/0602939850],
omid:br/0601018493 doi:10.15468/dl.idq42k,GBIF Occurrence Download,Occdownload Gbif.Org [omid:ra/0602939851],2016,,,,,dataset,The Global Biodiversity Information Facility [omid:ra/0602939852],
omid:br/0601018494 doi:10.15468/dl.idq72s,Occurrence Download,Occdownload Gbif.Org [omid:ra/0602939853],2019,,,,,dataset,The Global Biodiversity Information Facility [omid:ra/0602939854],
omid:br/0601018495 doi:10.15468/dl.idq9ji,GBIF Occurrence Download,Occdownload Gbif.Org [omid:ra/0602939855],2017,,,,,dataset,The Global Biodiversity Information Facility [omid:ra/0602939856],
omid:br/0601018496 doi:10.15468/dl.idqao0,GBIF Occurrence Download,Occdownload Gbif.Org [omid:ra/0602939857],2018,,,,,dataset,The Global Biodiversity Information Facility [omid:ra/0602939858],
omid:br/0601018497 doi:10.15468/dl.idqbry,GBIF Occurrence Download,Occdownload Gbif.Org [omid:ra/0602939859],2017,,,,,dataset,The Global Biodiversity Information Facility [omid:ra/0602939860],
omid:br/0601018498 doi:10.15468/dl.idqeje,GBIF Occurrence Download,Occdownload Gbif.Org [omid:ra/0602939861],2016,,,,,dataset,The Global Biodiversity Information Facility [omid:ra/0602939862],
omid:br/0601018499 doi:10.15468/dl.idqfe7,Occurrence Download,Occdownload Gbif.Org [omid:ra/0602939863],2019,,,,,dataset,The Global Biodiversity Information Facility [omid:ra/0602939864],
omid:br/06010185 doi:10.15468/dl.xy1tp9,Occurrence Download,Occdownload Gbif.Org [omid:ra/06029558],2020,,,,,dataset,The Global Biodiversity Information Facility [omid:ra/06029559],
omid:br/060101850 doi:10.1594/pangaea.186888,Net Zooplankton At Station FLUPAC_070,"Le Borgne, Robert [omid:ra/060220368]; Rodier, Martine [omid:ra/061507194 orcid:0000-0003-0339-7587]",1997,,,,,dataset,Pangaea - Data Publisher For Earth & Environmental Science [omid:ra/060220369],
omid:br/0601018500 doi:10.15468/dl.idqfhv,GBIF Occurrence Download,Occdownload Gbif.Org [omid:ra/0602939865],2016,,,,,dataset,The Global Biodiversity Information Facility [omid:ra/0602939866],
omid:br/0601018501 doi:10.15468/dl.idqiqb,Occurrence Download,Occdownload Gbif.Org [omid:ra/0602939867],2020,,,,,dataset,The Global Biodiversity Information Facility [omid:ra/0602939868],
omid:br/0601018502 doi:10.15468/dl.idqitv,GBIF Occurrence Download,Occdownload Gbif.Org [omid:ra/0602939869],2019,,,,,dataset,The Global Biodiversity Information Facility [omid:ra/0602939870],
omid:br/0601018503 doi:10.15468/dl.idqmks,GBIF Occurrence Download,Occdownload Gbif.Org [omid:ra/0602939871],2018,,,,,dataset,The Global Biodiversity Information Facility [omid:ra/0602939872],
omid:br/0601018504 doi:10.15468/dl.idqndk,Occurrence Download,Occdownload Gbif.Org [omid:ra/0602939873],2020,,,,,dataset,The Global Biodiversity Information Facility [omid:ra/0602939874],
omid:br/0601018505 doi:10.15468/dl.idqppm,GBIF Occurrence Download,Occdownload Gbif.Org [omid:ra/0602939875],2018,,,,,dataset,The Global Biodiversity Information Facility [omid:ra/0602939876],
omid:br/0601018506 doi:10.15468/dl.idqqt1,GBIF Occurrence Download,Occdownload Gbif.Org [omid:ra/0602939877],2018,,,,,dataset,The Global Biodiversity Information Facility [omid:ra/0602939878],
omid:br/0601018507 doi:10.15468/dl.idqqwk,GBIF Occurrence Download,Occdownload Gbif.Org [omid:ra/0602939879],2019,,,,,dataset,The Global Biodiversity Information Facility [omid:ra/0602939880],
omid:br/0601018508 doi:10.15468/dl.idqsmk,GBIF Occurrence Download,Occdownload Gbif.Org [omid:ra/0602939881],2017,,,,,dataset,The Global Biodiversity Information Facility [omid:ra/0602939882],
omid:br/0601018509 doi:10.15468/dl.idqu8j,GBIF Occurrence Download,Occdownload Gbif.Org [omid:ra/0602939883],2018,,,,,dataset,The Global Biodiversity Information Facility [omid:ra/0602939884],
omid:br/060101851 doi:10.1594/pangaea.186889,Net Zooplankton At Station FLUPAC_071,"Le Borgne, Robert [omid:ra/060220370]; Rodier, Martine [omid:ra/061507194 orcid:0000-0003-0339-7587]",1997,,,,,dataset,Pangaea - Data Publisher For Earth & Environmental Science [omid:ra/060220371],
omid:br/0601018510 doi:10.15468/dl.idquha,GBIF Occurrence Download,Occdownload Gbif.Org [omid:ra/0602939885],2016,,,,,dataset,The Global Biodiversity Information Facility [omid:ra/0602939886],
omid:br/0601018511 doi:10.15468/dl.idqzhd,GBIF Occurrence Download,Occdownload Gbif.Org [omid:ra/0602939887],2018,,,,,dataset,The Global Biodiversity Information Facility [omid:ra/0602939888],
omid:br/0601018512 doi:10.15468/dl.idr2go,GBIF Occurrence Download,Occdownload Gbif.Org [omid:ra/0602939889],2018,,,,,dataset,The Global Biodiversity Information Facility [omid:ra/0602939890],
omid:br/0601018513 doi:10.15468/dl.idr39b,GBIF Occurrence Download,Occdownload Gbif.Org [omid:ra/0602939891],2016,,,,,dataset,The Global Biodiversity Information Facility [omid:ra/0602939892],
omid:br/0601018514 doi:10.15468/dl.idr8ia,GBIF Occurrence Download,Occdownload Gbif.Org [omid:ra/0602939893],2019,,,,,dataset,The Global Biodiversity Information Facility [omid:ra/0602939894],
omid:br/0601018515 doi:10.15468/dl.idrbbv,GBIF Occurrence Download,Occdownload Gbif.Org [omid:ra/0602939895],2015,,,,,dataset,The Global Biodiversity Information Facility [omid:ra/0602939896],
omid:br/0601018516 doi:10.15468/dl.idrcih,Occurrence Download,Occdownload Gbif.Org [omid:ra/0602939897],2019,,,,,dataset,The Global Biodiversity Information Facility [omid:ra/0602939898],
omid:br/0601018517 doi:10.15468/dl.idrczv,GBIF Occurrence Download,Occdownload Gbif.Org [omid:ra/0602939899],2018,,,,,dataset,The Global Biodiversity Information Facility [omid:ra/0602939900],
omid:br/0601018518 doi:10.15468/dl.idrdbp,GBIF Occurrence Download,Occdownload Gbif.Org [omid:ra/0602939901],2017,,,,,dataset,The Global Biodiversity Information Facility [omid:ra/0602939902],
omid:br/0601018519 doi:10.15468/dl.idrenf,GBIF Occurrence Download,Occdownload Gbif.Org [omid:ra/0602939903],2015,,,,,dataset,The Global Biodiversity Information Facility [omid:ra/0602939904],
omid:br/060101852 doi:10.1594/pangaea.186890,Net Zooplankton At Station FLUPAC_072,"Le Borgne, Robert [omid:ra/060220372]; Rodier, Martine [omid:ra/061507194 orcid:0000-0003-0339-7587]",1997,,,,,dataset,Pangaea - Data Publisher For Earth & Environmental Science [omid:ra/060220373],
omid:br/0601018520 doi:10.15468/dl.idrfdx,GBIF Occurrence Download,Occdownload Gbif.Org [omid:ra/0602939905],2019,,,,,dataset,The Global Biodiversity Information Facility [omid:ra/0602939906],
omid:br/0601018521 doi:10.15468/dl.idrfks,GBIF Occurrence Download,Occdownload Gbif.Org [omid:ra/0602939907],2016,,,,,dataset,The Global Biodiversity Information Facility [omid:ra/0602939908],
omid:br/0601018522 doi:10.15468/dl.idrfrf,GBIF Occurrence Download,Occdownload Gbif.Org [omid:ra/0602939909],2019,,,,,dataset,The Global Biodiversity Information Facility [omid:ra/0602939910],
omid:br/0601018523 doi:10.15468/dl.idrjtf,GBIF Occurrence Download,Occdownload Gbif.Org [omid:ra/0602939911],2018,,,,,dataset,The Global Biodiversity Information Facility [omid:ra/0602939912],
omid:br/0601018524 doi:10.15468/dl.idrjv6,GBIF Occurrence Download,Occdownload Gbif.Org [omid:ra/0602939913],2017,,,,,dataset,The Global Biodiversity Information Facility [omid:ra/0602939914],
omid:br/0601018525 doi:10.15468/dl.idrk61,GBIF Occurrence Download,Occdownload Gbif.Org [omid:ra/0602939915],2017,,,,,dataset,The Global Biodiversity Information Facility [omid:ra/0602939916],
omid:br/0601018526 doi:10.15468/dl.idrkil,GBIF Occurrence Download,Occdownload Gbif.Org [omid:ra/0602939917],2017,,,,,dataset,The Global Biodiversity Information Facility [omid:ra/0602939918],
omid:br/0601018527 doi:10.15468/dl.idro1q,GBIF Occurrence Download,Occdownload Gbif.Org [omid:ra/0602939919],2017,,,,,dataset,The Global Biodiversity Information Facility [omid:ra/0602939920],
omid:br/0601018528 doi:10.15468/dl.idrq7v,Occurrence Download,Occdownload Gbif.Org [omid:ra/0602939921],2020,,,,,dataset,The Global Biodiversity Information Facility [omid:ra/0602939922],
omid:br/0601018529 doi:10.15468/dl.idrqgn,GBIF Occurrence Download,Occdownload Gbif.Org [omid:ra/0602939923],2018,,,,,dataset,The Global Biodiversity Information Facility [omid:ra/0602939924],
omid:br/060101853 doi:10.1594/pangaea.186891,Net Zooplankton At Station FLUPAC_073,"Le Borgne, Robert [omid:ra/060220374]; Rodier, Martine [omid:ra/061507194 orcid:0000-0003-0339-7587]",1997,,,,,dataset,Pangaea - Data Publisher For Earth & Environmental Science [omid:ra/060220375],
omid:br/0601018530 doi:10.15468/dl.idrqqt,GBIF Occurrence Download,Occdownload Gbif.Org [omid:ra/0602939925],2016,,,,,dataset,The Global Biodiversity Information Facility [omid:ra/0602939926],
omid:br/0601018531 doi:10.15468/dl.idrrla,GBIF Occurrence Download,Occdownload Gbif.Org [omid:ra/0602939927],2019,,,,,dataset,The Global Biodiversity Information Facility [omid:ra/0602939928],
omid:br/0601018532 doi:10.15468/dl.idrrqz,GBIF Occurrence Download,Occdownload Gbif.Org [omid:ra/0602939929],2017,,,,,dataset,The Global Biodiversity Information Facility [omid:ra/0602939930],
omid:br/0601018533 doi:10.15468/dl.idrs4d,Occurrence Download,Occdownload Gbif.Org [omid:ra/0602939931],2019,,,,,dataset,The Global Biodiversity Information Facility [omid:ra/0602939932],
omid:br/0601018534 doi:10.15468/dl.idrtmb,GBIF Occurrence Download,Occdownload Gbif.Org [omid:ra/0602939933],2015,,,,,dataset,The Global Biodiversity Information Facility [omid:ra/0602939934],
omid:br/0601018535 doi:10.15468/dl.idrukw,GBIF Occurrence Download,Occdownload Gbif.Org [omid:ra/0602939935],2018,,,,,dataset,The Global Biodiversity Information Facility [omid:ra/0602939936],
omid:br/0601018536 doi:10.15468/dl.idrv0s,GBIF Occurrence Download,Occdownload Gbif.Org [omid:ra/0602939937],2015,,,,,dataset,The Global Biodiversity Information Facility [omid:ra/0602939938],
omid:br/0601018537 doi:10.15468/dl.idrvs0,Occurrence Download,Occdownload Gbif.Org [omid:ra/0602939939],2020,,,,,dataset,The Global Biodiversity Information Facility [omid:ra/0602939940],
omid:br/0601018538 doi:10.15468/dl.idrx0i,GBIF Occurrence Download,Occdownload Gbif.Org [omid:ra/0602939941],2018,,,,,dataset,The Global Biodiversity Information Facility [omid:ra/0602939942],
omid:br/0601018539 doi:10.15468/dl.idrxfq,GBIF Occurrence Download,Occdownload Gbif.Org [omid:ra/0602939943],2019,,,,,dataset,The Global Biodiversity Information Facility [omid:ra/0602939944],
omid:br/060101854 doi:10.1594/pangaea.186892,Net Zooplankton At Station FLUPAC_074,"Le Borgne, Robert [omid:ra/060220376]; Rodier, Martine [omid:ra/061507194 orcid:0000-0003-0339-7587]",1997,,,,,dataset,Pangaea - Data Publisher For Earth & Environmental Science [omid:ra/060220377],
omid:br/0601018540 doi:10.15468/dl.idrxm1,GBIF Occurrence Download,Occdownload Gbif.Org [omid:ra/0602939945],2018,,,,,dataset,The Global Biodiversity Information Facility [omid:ra/0602939946],
omid:br/0601018541 doi:10.15468/dl.ids6q9,GBIF Occurrence Download,Occdownload Gbif.Org [omid:ra/0602939947],2015,,,,,dataset,The Global Biodiversity Information Facility [omid:ra/0602939948],
omid:br/0601018542 doi:10.15468/dl.idsaoo,GBIF Occurrence Download,Occdownload Gbif.Org [omid:ra/0602939949],2018,,,,,dataset,The Global Biodiversity Information Facility [omid:ra/0602939950],
omid:br/0601018543 doi:10.15468/dl.idsazt,GBIF Occurrence Download,Occdownload Gbif.Org [omid:ra/0602939951],2018,,,,,dataset,The Global Biodiversity Information Facility [omid:ra/0602939952],
omid:br/0601018544 doi:10.15468/dl.idsfax,GBIF Occurrence Download,Occdownload Gbif.Org [omid:ra/0602939953],2018,,,,,dataset,The Global Biodiversity Information Facility [omid:ra/0602939954],
omid:br/0601018545 doi:10.15468/dl.idsgel,GBIF Occurrence Download,Occdownload Gbif.Org [omid:ra/0602939955],2017,,,,,dataset,The Global Biodiversity Information Facility [omid:ra/0602939956],
omid:br/0601018546 doi:10.15468/dl.idsglj,GBIF Occurrence Download,Occdownload Gbif.Org [omid:ra/0602939957],2015,,,,,dataset,The Global Biodiversity Information Facility [omid:ra/0602939958],
omid:br/0601018547 doi:10.15468/dl.idshsw,Occurrence Download,Occdownload Gbif.Org [omid:ra/0602939959],2020,,,,,dataset,The Global Biodiversity Information Facility [omid:ra/0602939960],
omid:br/0601018548 doi:10.15468/dl.idsi8w,GBIF Occurrence Download,Occdownload Gbif.Org [omid:ra/0602939961],2019,,,,,dataset,The Global Biodiversity Information Facility [omid:ra/0602939962],
omid:br/0601018549 doi:10.15468/dl.idsj4p,Occurrence Download,Occdownload Gbif.Org [omid:ra/0602939963],2020,,,,,dataset,The Global Biodiversity Information Facility [omid:ra/0602939964],
omid:br/060101855 doi:10.1594/pangaea.186893,Net Zooplankton At Station FLUPAC_075,"Le Borgne, Robert [omid:ra/060220378]; Rodier, Martine [omid:ra/061507194 orcid:0000-0003-0339-7587]",1997,,,,,dataset,Pangaea - Data Publisher For Earth & Environmental Science [omid:ra/060220379],
omid:br/0601018550 doi:10.15468/dl.idsknv,GBIF Occurrence Download,Occdownload Gbif.Org [omid:ra/0602939965],2018,,,,,dataset,The Global Biodiversity Information Facility [omid:ra/0602939966],
omid:br/0601018551 doi:10.15468/dl.idsntm,GBIF Occurrence Download,Occdownload Gbif.Org [omid:ra/0602939967],2016,,,,,dataset,The Global Biodiversity Information Facility [omid:ra/0602939968],
omid:br/0601018552 doi:10.15468/dl.idsode,Occurrence Download,Occdownload Gbif.Org [omid:ra/0602939969],2019,,,,,dataset,The Global Biodiversity Information Facility [omid:ra/0602939970],
omid:br/0601018553 doi:10.15468/dl.idsoeo,GBIF Occurrence Download,Occdownload Gbif.Org [omid:ra/0602939971],2017,,,,,dataset,The Global Biodiversity Information Facility [omid:ra/0602939972],
omid:br/0601018554 doi:10.15468/dl.idsw1f,GBIF Occurrence Download,Occdownload Gbif.Org [omid:ra/0602939973],2018,,,,,dataset,The Global Biodiversity Information Facility [omid:ra/0602939974],
omid:br/0601018555 doi:10.15468/dl.idswff,GBIF Occurrence Download,Occdownload Gbif.Org [omid:ra/0602939975],2019,,,,,dataset,The Global Biodiversity Information Facility [omid:ra/0602939976],
omid:br/0601018556 doi:10.15468/dl.idswnw,GBIF Occurrence Download,Occdownload Gbif.Org [omid:ra/0602939977],2018,,,,,dataset,The Global Biodiversity Information Facility [omid:ra/0602939978],
omid:br/0601018557 doi:10.15468/dl.idsx2t,GBIF Occurrence Download,Occdownload Gbif.Org [omid:ra/0602939979],2015,,,,,dataset,The Global Biodiversity Information Facility [omid:ra/0602939980],
omid:br/0601018558 doi:10.15468/dl.idszds,GBIF Occurrence Download,Occdownload Gbif.Org [omid:ra/0602939981],2018,,,,,dataset,The Global Biodiversity Information Facility [omid:ra/0602939982],
omid:br/0601018559 doi:10.15468/dl.idt49c,GBIF Occurrence Download,Occdownload Gbif.Org [omid:ra/0602939983],2016,,,,,dataset,The Global Biodiversity Information Facility [omid:ra/0602939984],
omid:br/060101856 doi:10.1594/pangaea.186894,Net Zooplankton At Station FLUPAC_076,"Le Borgne, Robert [omid:ra/060220380]; Rodier, Martine [omid:ra/061507194 orcid:0000-0003-0339-7587]",1997,,,,,dataset,Pangaea - Data Publisher For Earth & Environmental Science [omid:ra/060220381],
omid:br/0601018560 doi:10.15468/dl.idt5wg,GBIF Occurrence Download,Occdownload Gbif.Org [omid:ra/0602939985],2015,,,,,dataset,The Global Biodiversity Information Facility [omid:ra/0602939986],
omid:br/0601018561 doi:10.15468/dl.idt9dy,GBIF Occurrence Download,Occdownload Gbif.Org [omid:ra/0602939987],2017,,,,,dataset,The Global Biodiversity Information Facility [omid:ra/0602939988],
omid:br/0601018562 doi:10.15468/dl.idtanf,Occurrence Download,Occdownload Gbif.Org [omid:ra/0602939989],2020,,,,,dataset,The Global Biodiversity Information Facility [omid:ra/0602939990],
omid:br/0601018563 doi:10.15468/dl.idtcve,GBIF Occurrence Download,Occdownload Gbif.Org [omid:ra/0602939991],2019,,,,,dataset,The Global Biodiversity Information Facility [omid:ra/0602939992],
omid:br/0601018564 doi:10.15468/dl.idtgma,GBIF Occurrence Download,Occdownload Gbif.Org [omid:ra/0602939993],2015,,,,,dataset,The Global Biodiversity Information Facility [omid:ra/0602939994],
omid:br/0601018565 doi:10.15468/dl.idthun,GBIF Occurrence Download,Occdownload Gbif.Org [omid:ra/0602939995],2015,,,,,dataset,The Global Biodiversity Information Facility [omid:ra/0602939996],
omid:br/0601018566 doi:10.15468/dl.idtiko,Occurrence Download,Occdownload Gbif.Org [omid:ra/0602939997],2020,,,,,dataset,The Global Biodiversity Information Facility [omid:ra/0602939998],
omid:br/0601018567 doi:10.15468/dl.idtobc,GBIF Occurrence Download,Occdownload Gbif.Org [omid:ra/0602939999],2017,,,,,dataset,The Global Biodiversity Information Facility [omid:ra/0602940000],
omid:br/0601018568 doi:10.15468/dl.idtqxz,Occurrence Download,Occdownload Gbif.Org [omid:ra/0602940001],2020,,,,,dataset,The Global Biodiversity Information Facility [omid:ra/0602940002],
omid:br/0601018569 doi:10.15468/dl.idtrhr,GBIF Occurrence Download,Occdownload Gbif.Org [omid:ra/0602940003],2016,,,,,dataset,The Global Biodiversity Information Facility [omid:ra/0602940004],
omid:br/060101857 doi:10.1594/pangaea.186895,Net Zooplankton At Station FLUPAC_077,"Le Borgne, Robert [omid:ra/060220382]; Rodier, Martine [omid:ra/061507194 orcid:0000-0003-0339-7587]",1997,,,,,dataset,Pangaea - Data Publisher For Earth & Environmental Science [omid:ra/060220383],
omid:br/0601018570 doi:10.15468/dl.idtrya,GBIF Occurrence Download,Occdownload Gbif.Org [omid:ra/0602940005],2018,,,,,dataset,The Global Biodiversity Information Facility [omid:ra/0602940006],
omid:br/0601018571 doi:10.15468/dl.idttjw,GBIF Occurrence Download,Occdownload Gbif.Org [omid:ra/0602940007],2017,,,,,dataset,The Global Biodiversity Information Facility [omid:ra/0602940008],
omid:br/0601018572 doi:10.15468/dl.idttou,GBIF Occurrence Download,Occdownload Gbif.Org [omid:ra/0602940009],2019,,,,,dataset,The Global Biodiversity Information Facility [omid:ra/0602940010],
omid:br/0601018573 doi:10.15468/dl.idtuus,GBIF Occurrence Download,Occdownload Gbif.Org [omid:ra/0602940011],2015,,,,,dataset,The Global Biodiversity Information Facility [omid:ra/0602940012],
omid:br/0601018574 doi:10.15468/dl.idtx0o,GBIF Occurrence Download,Occdownload Gbif.Org [omid:ra/0602940013],2015,,,,,dataset,The Global Biodiversity Information Facility [omid:ra/0602940014],
omid:br/0601018575 doi:10.15468/dl.idtxtj,GBIF Occurrence Download,Occdownload Gbif.Org [omid:ra/0602940015],2019,,,,,dataset,The Global Biodiversity Information Facility [omid:ra/0602940016],
omid:br/0601018576 doi:10.15468/dl.idu1m1,GBIF Occurrence Download,Occdownload Gbif.Org [omid:ra/0602940017],2017,,,,,dataset,The Global Biodiversity Information Facility [omid:ra/0602940018],
omid:br/0601018577 doi:10.15468/dl.idu3hy,GBIF Occurrence Download,Occdownload Gbif.Org [omid:ra/0602940019],2016,,,,,dataset,The Global Biodiversity Information Facility [omid:ra/0602940020],
omid:br/0601018578 doi:10.15468/dl.idu76z,GBIF Occurrence Download,Occdownload Gbif.Org [omid:ra/0602940021],2015,,,,,dataset,The Global Biodiversity Information Facility [omid:ra/0602940022],
omid:br/0601018579 doi:10.15468/dl.idubcg,GBIF Occurrence Download,Occdownload Gbif.Org [omid:ra/0602940023],2016,,,,,dataset,The Global Biodiversity Information Facility [omid:ra/0602940024],
omid:br/060101858 doi:10.1594/pangaea.186896,Net Zooplankton At Station FLUPAC_078,"Le Borgne, Robert [omid:ra/060220384]; Rodier, Martine [omid:ra/061507194 orcid:0000-0003-0339-7587]",1997,,,,,dataset,Pangaea - Data Publisher For Earth & Environmental Science [omid:ra/060220385],
omid:br/0601018580 doi:10.15468/dl.idudkf,GBIF Occurrence Download,Occdownload Gbif.Org [omid:ra/0602940025],2017,,,,,dataset,The Global Biodiversity Information Facility [omid:ra/0602940026],
omid:br/0601018581 doi:10.15468/dl.idudl6,GBIF Occurrence Download,Occdownload Gbif.Org [omid:ra/0602940027],2019,,,,,dataset,The Global Biodiversity Information Facility [omid:ra/0602940028],
omid:br/0601018582 doi:10.15468/dl.idug1m,GBIF Occurrence Download,Occdownload Gbif.Org [omid:ra/0602940029],2019,,,,,dataset,The Global Biodiversity Information Facility [omid:ra/0602940030],
omid:br/0601018583 doi:10.15468/dl.iduglu,GBIF Occurrence Download,Occdownload Gbif.Org [omid:ra/0602940031],2019,,,,,dataset,The Global Biodiversity Information Facility [omid:ra/0602940032],
omid:br/0601018584 doi:10.15468/dl.iduhn6,GBIF Occurrence Download,Occdownload Gbif.Org [omid:ra/0602940033],2018,,,,,dataset,The Global Biodiversity Information Facility [omid:ra/0602940034],
omid:br/0601018585 doi:10.15468/dl.iduixn,Occurrence Download,Occdownload Gbif.Org [omid:ra/0602940035],2019,,,,,dataset,The Global Biodiversity Information Facility [omid:ra/0602940036],
omid:br/0601018586 doi:10.15468/dl.idujan,GBIF Occurrence Download,Occdownload Gbif.Org [omid:ra/0602940037],2018,,,,,dataset,The Global Biodiversity Information Facility [omid:ra/0602940038],
omid:br/0601018587 doi:10.15468/dl.idujny,GBIF Occurrence Download,Occdownload Gbif.Org [omid:ra/0602940039],2019,,,,,dataset,The Global Biodiversity Information Facility [omid:ra/0602940040],
omid:br/0601018588 doi:10.15468/dl.iduk3u,GBIF Occurrence Download,Occdownload Gbif.Org [omid:ra/0602940041],2017,,,,,dataset,The Global Biodiversity Information Facility [omid:ra/0602940042],
omid:br/0601018589 doi:10.15468/dl.idumuy,GBIF Occurrence Download,Occdownload Gbif.Org [omid:ra/0602940043],2016,,,,,dataset,The Global Biodiversity Information Facility [omid:ra/0602940044],
omid:br/060101859 doi:10.1594/pangaea.186897,Net Zooplankton At Station FLUPAC_079,"Le Borgne, Robert [omid:ra/060220386]; Rodier, Martine [omid:ra/061507194 orcid:0000-0003-0339-7587]",1997,,,,,dataset,Pangaea - Data Publisher For Earth & Environmental Science [omid:ra/060220387],
omid:br/0601018590 doi:10.15468/dl.idunbc,GBIF Occurrence Download,Occdownload Gbif.Org [omid:ra/0602940045],2015,,,,,dataset,The Global Biodiversity Information Facility [omid:ra/0602940046],
omid:br/0601018591 doi:10.15468/dl.idutex,GBIF Occurrence Download,Occdownload Gbif.Org [omid:ra/0602940047],2018,,,,,dataset,The Global Biodiversity Information Facility [omid:ra/0602940048],
omid:br/0601018592 doi:10.15468/dl.iduuwb,GBIF Occurrence Download,Occdownload Gbif.Org [omid:ra/0602940049],2016,,,,,dataset,The Global Biodiversity Information Facility [omid:ra/0602940050],
omid:br/0601018593 doi:10.15468/dl.iduvhm,GBIF Occurrence Download,Occdownload Gbif.Org [omid:ra/0602940051],2016,,,,,dataset,The Global Biodiversity Information Facility [omid:ra/0602940052],
omid:br/0601018594 doi:10.15468/dl.iduwxs,GBIF Occurrence Download,Occdownload Gbif.Org [omid:ra/0602940053],2015,,,,,dataset,The Global Biodiversity Information Facility [omid:ra/0602940054],
omid:br/0601018595 doi:10.15468/dl.iduydw,GBIF Occurrence Download,Occdownload Gbif.Org [omid:ra/0602940055],2016,,,,,dataset,The Global Biodiversity Information Facility [omid:ra/0602940056],
omid:br/0601018596 doi:10.15468/dl.idv1o7,GBIF Occurrence Download,Occdownload Gbif.Org [omid:ra/0602940057],2018,,,,,dataset,The Global Biodiversity Information Facility [omid:ra/0602940058],
omid:br/0601018597 doi:10.15468/dl.idv3n8,Occurrence Download,Occdownload Gbif.Org [omid:ra/0602940059],2020,,,,,dataset,The Global Biodiversity Information Facility [omid:ra/0602940060],
omid:br/0601018598 doi:10.15468/dl.idv3st,GBIF Occurrence Download,Occdownload Gbif.Org [omid:ra/0602940061],2018,,,,,dataset,The Global Biodiversity Information Facility [omid:ra/0602940062],
omid:br/0601018599 doi:10.15468/dl.idv4xl,GBIF Occurrence Download,Occdownload Gbif.Org [omid:ra/0602940063],2016,,,,,dataset,The Global Biodiversity Information Facility [omid:ra/0602940064],
omid:br/06010186 doi:10.15468/dl.xy1txn,GBIF Occurrence Download,Occdownload Gbif.Org [omid:ra/06029560],2018,,,,,dataset,The Global Biodiversity Information Facility [omid:ra/06029561],
omid:br/060101860 doi:10.1594/pangaea.186898,Net Zooplankton At Station FLUPAC_080,"Le Borgne, Robert [omid:ra/060220388]; Rodier, Martine [omid:ra/061507194 orcid:0000-0003-0339-7587]",1997,,,,,dataset,Pangaea - Data Publisher For Earth & Environmental Science [omid:ra/060220389],
omid:br/0601018600 doi:10.15468/dl.idvcek,GBIF Occurrence Download,Occdownload Gbif.Org [omid:ra/0602940065],2017,,,,,dataset,The Global Biodiversity Information Facility [omid:ra/0602940066],
omid:br/0601018601 doi:10.15468/dl.idvgea,GBIF Occurrence Download,Occdownload Gbif.Org [omid:ra/0602940067],2018,,,,,dataset,The Global Biodiversity Information Facility [omid:ra/0602940068],
omid:br/0601018602 doi:10.15468/dl.idvhnn,Occurrence Download,Occdownload Gbif.Org [omid:ra/0602940069],2019,,,,,dataset,The Global Biodiversity Information Facility [omid:ra/0602940070],
omid:br/0601018603 doi:10.15468/dl.idvitd,Occurrence Download,Occdownload Gbif.Org [omid:ra/0602940071],2019,,,,,dataset,The Global Biodiversity Information Facility [omid:ra/0602940072],
omid:br/0601018604 doi:10.15468/dl.idvkqr,GBIF Occurrence Download,Occdownload Gbif.Org [omid:ra/0602940073],2019,,,,,dataset,The Global Biodiversity Information Facility [omid:ra/0602940074],
omid:br/0601018605 doi:10.15468/dl.idvlpk,GBIF Occurrence Download,Occdownload Gbif.Org [omid:ra/0602940075],2019,,,,,dataset,The Global Biodiversity Information Facility [omid:ra/0602940076],
omid:br/0601018606 doi:10.15468/dl.idvn7i,GBIF Occurrence Download,Occdownload Gbif.Org [omid:ra/0602940077],2019,,,,,dataset,The Global Biodiversity Information Facility [omid:ra/0602940078],
omid:br/0601018607 doi:10.15468/dl.idvnwm,GBIF Occurrence Download,Occdownload Gbif.Org [omid:ra/0602940079],2017,,,,,dataset,The Global Biodiversity Information Facility [omid:ra/0602940080],
omid:br/0601018608 doi:10.15468/dl.idvptd,Occurrence Download,Occdownload Gbif.Org [omid:ra/0602940081],2019,,,,,dataset,The Global Biodiversity Information Facility [omid:ra/0602940082],
omid:br/0601018609 doi:10.15468/dl.idvslt,GBIF Occurrence Download,Occdownload Gbif.Org [omid:ra/0602940083],2016,,,,,dataset,The Global Biodiversity Information Facility [omid:ra/0602940084],
omid:br/060101861 doi:10.1594/pangaea.186899 openalex:W2961801100,Net Zooplankton At Station FLUPAC_081,"Le Borgne, Robert [omid:ra/060220390]; Rodier, Martine [omid:ra/061507194 orcid:0000-0003-0339-7587]",1997,,,,,dataset,Pangaea - Data Publisher For Earth & Environmental Science [omid:ra/060220391],
omid:br/0601018610 doi:10.15468/dl.idvwly,GBIF Occurrence Download,Occdownload Gbif.Org [omid:ra/0602940085],2017,,,,,dataset,The Global Biodiversity Information Facility [omid:ra/0602940086],
omid:br/0601018611 doi:10.15468/dl.idvxf3,GBIF Occurrence Download,Occdownload Gbif.Org [omid:ra/0602940087],2019,,,,,dataset,The Global Biodiversity Information Facility [omid:ra/0602940088],
omid:br/0601018612 doi:10.15468/dl.idvxyi,GBIF Occurrence Download,Occdownload Gbif.Org [omid:ra/0602940089],2015,,,,,dataset,The Global Biodiversity Information Facility [omid:ra/0602940090],
omid:br/0601018613 doi:10.15468/dl.idvy5n,GBIF Occurrence Download,Occdownload Gbif.Org [omid:ra/0602940091],2016,,,,,dataset,The Global Biodiversity Information Facility [omid:ra/0602940092],
omid:br/0601018614 doi:10.15468/dl.idvyz7,GBIF Occurrence Download,Occdownload Gbif.Org [omid:ra/0602940093],2017,,,,,dataset,The Global Biodiversity Information Facility [omid:ra/0602940094],
omid:br/0601018615 doi:10.15468/dl.idw0sa,GBIF Occurrence Download,Occdownload Gbif.Org [omid:ra/0602940095],2016,,,,,dataset,The Global Biodiversity Information Facility [omid:ra/0602940096],
omid:br/0601018616 doi:10.15468/dl.idw3gm,GBIF Occurrence Download,Occdownload Gbif.Org [omid:ra/0602940097],2015,,,,,dataset,The Global Biodiversity Information Facility [omid:ra/0602940098],
omid:br/0601018617 doi:10.15468/dl.idw5d9,GBIF Occurrence Download,Occdownload Gbif.Org [omid:ra/0602940099],2018,,,,,dataset,The Global Biodiversity Information Facility [omid:ra/0602940100],
omid:br/0601018618 doi:10.15468/dl.idw5qv,GBIF Occurrence Download,Occdownload Gbif.Org [omid:ra/0602940101],2019,,,,,dataset,The Global Biodiversity Information Facility [omid:ra/0602940102],
omid:br/0601018619 doi:10.15468/dl.idw8hy,GBIF Occurrence Download,Occdownload Gbif.Org [omid:ra/0602940103],2017,,,,,dataset,The Global Biodiversity Information Facility [omid:ra/0602940104],
omid:br/060101862 doi:10.1594/pangaea.186900,Net Zooplankton At Station FLUPAC_083,"Le Borgne, Robert [omid:ra/060220392]; Rodier, Martine [omid:ra/061507194 orcid:0000-0003-0339-7587]",1997,,,,,dataset,Pangaea - Data Publisher For Earth & Environmental Science [omid:ra/060220393],
omid:br/0601018620 doi:10.15468/dl.idw9wq,Occurrence Download,Occdownload Gbif.Org [omid:ra/0602940105],2020,,,,,dataset,The Global Biodiversity Information Facility [omid:ra/0602940106],
omid:br/0601018621 doi:10.15468/dl.idwbi7,GBIF Occurrence Download,Occdownload Gbif.Org [omid:ra/0602940107],2019,,,,,dataset,The Global Biodiversity Information Facility [omid:ra/0602940108],
omid:br/0601018622 doi:10.15468/dl.idwdv8,Occurrence Download,Occdownload Gbif.Org [omid:ra/0602940109],2019,,,,,dataset,The Global Biodiversity Information Facility [omid:ra/0602940110],
omid:br/0601018623 doi:10.15468/dl.idwewl,GBIF Occurrence Download,Occdownload Gbif.Org [omid:ra/0602940111],2018,,,,,dataset,The Global Biodiversity Information Facility [omid:ra/0602940112],
omid:br/0601018624 doi:10.15468/dl.idwhw2,GBIF Occurrence Download,Occdownload Gbif.Org [omid:ra/0602940113],2017,,,,,dataset,The Global Biodiversity Information Facility [omid:ra/0602940114],
omid:br/0601018625 doi:10.15468/dl.idwj7p,GBIF Occurrence Download,Occdownload Gbif.Org [omid:ra/0602940115],2018,,,,,dataset,The Global Biodiversity Information Facility [omid:ra/0602940116],
omid:br/0601018626 doi:10.15468/dl.idwjwr,GBIF Occurrence Download,Occdownload Gbif.Org [omid:ra/0602940117],2015,,,,,dataset,The Global Biodiversity Information Facility [omid:ra/0602940118],
omid:br/0601018627 doi:10.15468/dl.idwkkj,GBIF Occurrence Download,Occdownload Gbif.Org [omid:ra/0602940119],2015,,,,,dataset,The Global Biodiversity Information Facility [omid:ra/0602940120],
omid:br/0601018628 doi:10.15468/dl.idwlm8,GBIF Occurrence Download,Occdownload Gbif.Org [omid:ra/0602940121],2017,,,,,dataset,The Global Biodiversity Information Facility [omid:ra/0602940122],
omid:br/0601018629 doi:10.15468/dl.idwocx,GBIF Occurrence Download,Occdownload Gbif.Org [omid:ra/0602940123],2016,,,,,dataset,The Global Biodiversity Information Facility [omid:ra/0602940124],
omid:br/060101863 doi:10.1594/pangaea.186901,Net Zooplankton At Station FLUPAC_086,"Le Borgne, Robert [omid:ra/060220394]; Rodier, Martine [omid:ra/061507194 orcid:0000-0003-0339-7587]",1997,,,,,dataset,Pangaea - Data Publisher For Earth & Environmental Science [omid:ra/060220395],
omid:br/0601018630 doi:10.15468/dl.idwops,GBIF Occurrence Download,Occdownload Gbif.Org [omid:ra/0602940125],2016,,,,,dataset,The Global Biodiversity Information Facility [omid:ra/0602940126],
omid:br/0601018631 doi:10.15468/dl.idwpfw,GBIF Occurrence Download,Occdownload Gbif.Org [omid:ra/0602940127],2017,,,,,dataset,The Global Biodiversity Information Facility [omid:ra/0602940128],
omid:br/0601018632 doi:10.15468/dl.idwrdl,Occurrence Download,Occdownload Gbif.Org [omid:ra/0602940129],2020,,,,,dataset,The Global Biodiversity Information Facility [omid:ra/0602940130],
omid:br/0601018633 doi:10.15468/dl.idwssx,GBIF Occurrence Download,Occdownload Gbif.Org [omid:ra/0602940131],2018,,,,,dataset,The Global Biodiversity Information Facility [omid:ra/0602940132],
omid:br/0601018634 doi:10.15468/dl.idwtpz,GBIF Occurrence Download,Occdownload Gbif.Org [omid:ra/0602940133],2016,,,,,dataset,The Global Biodiversity Information Facility [omid:ra/0602940134],
omid:br/0601018635 doi:10.15468/dl.idwvnd,GBIF Occurrence Download,Occdownload Gbif.Org [omid:ra/0602940135],2017,,,,,dataset,The Global Biodiversity Information Facility [omid:ra/0602940136],
omid:br/0601018636 doi:10.15468/dl.idwwnh,Occurrence Download,Occdownload Gbif.Org [omid:ra/0602940137],2019,,,,,dataset,The Global Biodiversity Information Facility [omid:ra/0602940138],
omid:br/0601018637 doi:10.15468/dl.idwwnm,GBIF Occurrence Download,Occdownload Gbif.Org [omid:ra/0602940139],2015,,,,,dataset,The Global Biodiversity Information Facility [omid:ra/0602940140],
omid:br/0601018638 doi:10.15468/dl.idwyzu,GBIF Occurrence Download,Occdownload Gbif.Org [omid:ra/0602940141],2017,,,,,dataset,The Global Biodiversity Information Facility [omid:ra/0602940142],
omid:br/0601018639 doi:10.15468/dl.idwzj8,GBIF Occurrence Download,Occdownload Gbif.Org [omid:ra/0602940143],2018,,,,,dataset,The Global Biodiversity Information Facility [omid:ra/0602940144],
omid:br/060101864 doi:10.1594/pangaea.186902,Net Zooplankton At Station FLUPAC_089,"Le Borgne, Robert [omid:ra/060220396]; Rodier, Martine [omid:ra/061507194 orcid:0000-0003-0339-7587]",1997,,,,,dataset,Pangaea - Data Publisher For Earth & Environmental Science [omid:ra/060220397],
omid:br/0601018640 doi:10.15468/dl.idx2az,GBIF Occurrence Download,Occdownload Gbif.Org [omid:ra/0602940145],2018,,,,,dataset,The Global Biodiversity Information Facility [omid:ra/0602940146],
omid:br/0601018641 doi:10.15468/dl.idx3wt,GBIF Occurrence Download,Occdownload Gbif.Org [omid:ra/0602940147],2017,,,,,dataset,The Global Biodiversity Information Facility [omid:ra/0602940148],
omid:br/0601018642 doi:10.15468/dl.idx4v9,GBIF Occurrence Download,Occdownload Gbif.Org [omid:ra/0602940149],2018,,,,,dataset,The Global Biodiversity Information Facility [omid:ra/0602940150],
omid:br/0601018643 doi:10.15468/dl.idx5vj,GBIF Occurrence Download,Occdownload Gbif.Org [omid:ra/0602940151],2016,,,,,dataset,The Global Biodiversity Information Facility [omid:ra/0602940152],
omid:br/0601018644 doi:10.15468/dl.idxa0r,GBIF Occurrence Download,Occdownload Gbif.Org [omid:ra/0602940153],2019,,,,,dataset,The Global Biodiversity Information Facility [omid:ra/0602940154],
omid:br/0601018645 doi:10.15468/dl.idxauf,GBIF Occurrence Download,Occdownload Gbif.Org [omid:ra/0602940155],2017,,,,,dataset,The Global Biodiversity Information Facility [omid:ra/0602940156],
omid:br/0601018646 doi:10.15468/dl.idxbrh,GBIF Occurrence Download,Occdownload Gbif.Org [omid:ra/0602940157],2018,,,,,dataset,The Global Biodiversity Information Facility [omid:ra/0602940158],
omid:br/0601018647 doi:10.15468/dl.idxbz2,GBIF Occurrence Download,Occdownload Gbif.Org [omid:ra/0602940159],2016,,,,,dataset,The Global Biodiversity Information Facility [omid:ra/0602940160],
omid:br/0601018648 doi:10.15468/dl.idxc9p,Occurrence Download,Occdownload Gbif.Org [omid:ra/0602940161],2019,,,,,dataset,The Global Biodiversity Information Facility [omid:ra/0602940162],
omid:br/0601018649 doi:10.15468/dl.idxcd4,Occurrence Download,Occdownload Gbif.Org [omid:ra/0602940163],2020,,,,,dataset,The Global Biodiversity Information Facility [omid:ra/0602940164],
omid:br/060101865 doi:10.1594/pangaea.186903,Net Zooplankton At Station FLUPAC_092,"Le Borgne, Robert [omid:ra/060220398]; Rodier, Martine [omid:ra/061507194 orcid:0000-0003-0339-7587]",1997,,,,,dataset,Pangaea - Data Publisher For Earth & Environmental Science [omid:ra/060220399],
omid:br/0601018650 doi:10.15468/dl.idxctd,GBIF Occurrence Download,Occdownload Gbif.Org [omid:ra/0602940165],2019,,,,,dataset,The Global Biodiversity Information Facility [omid:ra/0602940166],
omid:br/0601018651 doi:10.15468/dl.idxdli,GBIF Occurrence Download,Occdownload Gbif.Org [omid:ra/0602940167],2018,,,,,dataset,The Global Biodiversity Information Facility [omid:ra/0602940168],
omid:br/0601018652 doi:10.15468/dl.idxghs,GBIF Occurrence Download,Occdownload Gbif.Org [omid:ra/0602940169],2016,,,,,dataset,The Global Biodiversity Information Facility [omid:ra/0602940170],
omid:br/0601018653 doi:10.15468/dl.idxjlm,GBIF Occurrence Download,Occdownload Gbif.Org [omid:ra/0602940171],2015,,,,,dataset,The Global Biodiversity Information Facility [omid:ra/0602940172],
omid:br/0601018654 doi:10.15468/dl.idxksf,GBIF Occurrence Download,Occdownload Gbif.Org [omid:ra/0602940173],2015,,,,,dataset,The Global Biodiversity Information Facility [omid:ra/0602940174],
omid:br/0601018655 doi:10.15468/dl.idxkwl,GBIF Occurrence Download,Occdownload Gbif.Org [omid:ra/0602940175],2018,,,,,dataset,The Global Biodiversity Information Facility [omid:ra/0602940176],
omid:br/0601018656 doi:10.15468/dl.idxllf,Occurrence Download,Occdownload Gbif.Org [omid:ra/0602940177],2019,,,,,dataset,The Global Biodiversity Information Facility [omid:ra/0602940178],
omid:br/0601018657 doi:10.15468/dl.idxlyq,GBIF Occurrence Download,Occdownload Gbif.Org [omid:ra/0602940179],2019,,,,,dataset,The Global Biodiversity Information Facility [omid:ra/0602940180],
omid:br/0601018658 doi:10.15468/dl.idxmte,GBIF Occurrence Download,Occdownload Gbif.Org [omid:ra/0602940181],2018,,,,,dataset,The Global Biodiversity Information Facility [omid:ra/0602940182],
omid:br/0601018659 doi:10.15468/dl.idxnhn,GBIF Occurrence Download,Occdownload Gbif.Org [omid:ra/0602940183],2016,,,,,dataset,The Global Biodiversity Information Facility [omid:ra/0602940184],
omid:br/060101866 doi:10.1594/pangaea.186904,Net Zooplankton At Station FLUPAC_095,"Le Borgne, Robert [omid:ra/060220400]; Rodier, Martine [omid:ra/061507194 orcid:0000-0003-0339-7587]",1997,,,,,dataset,Pangaea - Data Publisher For Earth & Environmental Science [omid:ra/060220401],
omid:br/0601018660 doi:10.15468/dl.idxpir,GBIF Occurrence Download,Occdownload Gbif.Org [omid:ra/0602940185],2019,,,,,dataset,The Global Biodiversity Information Facility [omid:ra/0602940186],
omid:br/0601018661 doi:10.15468/dl.idxqmi,Occurrence Download,Occdownload Gbif.Org [omid:ra/0602940187],2019,,,,,dataset,The Global Biodiversity Information Facility [omid:ra/0602940188],
omid:br/0601018662 doi:10.15468/dl.idxrlb,GBIF Occurrence Download,Occdownload Gbif.Org [omid:ra/0602940189],2016,,,,,dataset,The Global Biodiversity Information Facility [omid:ra/0602940190],
omid:br/0601018663 doi:10.15468/dl.idxsnt,GBIF Occurrence Download,Occdownload Gbif.Org [omid:ra/0602940191],2016,,,,,dataset,The Global Biodiversity Information Facility [omid:ra/0602940192],
omid:br/0601018664 doi:10.15468/dl.idxtbq,Occurrence Download,Occdownload Gbif.Org [omid:ra/0602940193],2019,,,,,dataset,The Global Biodiversity Information Facility [omid:ra/0602940194],
omid:br/0601018665 doi:10.15468/dl.idxxuz,GBIF Occurrence Download,Occdownload Gbif.Org [omid:ra/0602940195],2017,,,,,dataset,The Global Biodiversity Information Facility [omid:ra/0602940196],
omid:br/0601018666 doi:10.15468/dl.idxy8u,GBIF Occurrence Download,Occdownload Gbif.Org [omid:ra/0602940197],2018,,,,,dataset,The Global Biodiversity Information Facility [omid:ra/0602940198],
omid:br/0601018667 doi:10.15468/dl.idxybf,GBIF Occurrence Download,Occdownload Gbif.Org [omid:ra/0602940199],2018,,,,,dataset,The Global Biodiversity Information Facility [omid:ra/0602940200],
omid:br/0601018668 doi:10.15468/dl.idxybg,GBIF Occurrence Download,Occdownload Gbif.Org [omid:ra/0602940201],2015,,,,,dataset,The Global Biodiversity Information Facility [omid:ra/0602940202],
omid:br/0601018669 doi:10.15468/dl.idxyvb,GBIF Occurrence Download,Occdownload Gbif.Org [omid:ra/0602940203],2016,,,,,dataset,The Global Biodiversity Information Facility [omid:ra/0602940204],
omid:br/060101867 doi:10.1594/pangaea.186905,Net Zooplankton At Station FLUPAC_098,"Le Borgne, Robert [omid:ra/060220402]; Rodier, Martine [omid:ra/061507194 orcid:0000-0003-0339-7587]",1997,,,,,dataset,Pangaea - Data Publisher For Earth & Environmental Science [omid:ra/060220403],
omid:br/0601018670 doi:10.15468/dl.idxzlp,Occurrence Download,Occdownload Gbif.Org [omid:ra/0602940205],2019,,,,,dataset,The Global Biodiversity Information Facility [omid:ra/0602940206],
omid:br/0601018671 doi:10.15468/dl.idxzs2,GBIF Occurrence Download,Occdownload Gbif.Org [omid:ra/0602940207],2015,,,,,dataset,The Global Biodiversity Information Facility [omid:ra/0602940208],
omid:br/0601018672 doi:10.15468/dl.idy2im,GBIF Occurrence Download,Occdownload Gbif.Org [omid:ra/0602940209],2017,,,,,dataset,The Global Biodiversity Information Facility [omid:ra/0602940210],
omid:br/0601018673 doi:10.15468/dl.idy4s1,Occurrence Download,Occdownload Gbif.Org [omid:ra/0602940211],2020,,,,,dataset,The Global Biodiversity Information Facility [omid:ra/0602940212],
omid:br/0601018674 doi:10.15468/dl.idy4yo,GBIF Occurrence Download,Occdownload Gbif.Org [omid:ra/0602940213],2016,,,,,dataset,The Global Biodiversity Information Facility [omid:ra/0602940214],
omid:br/0601018675 doi:10.15468/dl.idyabu,GBIF Occurrence Download,Occdownload Gbif.Org [omid:ra/0602940215],2015,,,,,dataset,The Global Biodiversity Information Facility [omid:ra/0602940216],
omid:br/0601018676 doi:10.15468/dl.idycyz,GBIF Occurrence Download,Occdownload Gbif.Org [omid:ra/0602940217],2018,,,,,dataset,The Global Biodiversity Information Facility [omid:ra/0602940218],
omid:br/0601018677 doi:10.15468/dl.idyefo,GBIF Occurrence Download,Occdownload Gbif.Org [omid:ra/0602940219],2015,,,,,dataset,The Global Biodiversity Information Facility [omid:ra/0602940220],
omid:br/0601018678 doi:10.15468/dl.idyeki,Occurrence Download,Occdownload Gbif.Org [omid:ra/0602940221],2020,,,,,dataset,The Global Biodiversity Information Facility [omid:ra/0602940222],
omid:br/0601018679 doi:10.15468/dl.idyeok,GBIF Occurrence Download,Occdownload Gbif.Org [omid:ra/0602940223],2018,,,,,dataset,The Global Biodiversity Information Facility [omid:ra/0602940224],
omid:br/060101868 doi:10.1594/pangaea.186906,Net Zooplankton At Station FLUPAC_101,"Le Borgne, Robert [omid:ra/060220404]; Rodier, Martine [omid:ra/061507194 orcid:0000-0003-0339-7587]",1997,,,,,dataset,Pangaea - Data Publisher For Earth & Environmental Science [omid:ra/060220405],
omid:br/0601018680 doi:10.15468/dl.idyfxr,GBIF Occurrence Download,Occdownload Gbif.Org [omid:ra/0602940225],2018,,,,,dataset,The Global Biodiversity Information Facility [omid:ra/0602940226],
omid:br/0601018681 doi:10.15468/dl.idyfxu,GBIF Occurrence Download,Occdownload Gbif.Org [omid:ra/0602940227],2017,,,,,dataset,The Global Biodiversity Information Facility [omid:ra/0602940228],
omid:br/0601018682 doi:10.15468/dl.idygpv,GBIF Occurrence Download,Occdownload Gbif.Org [omid:ra/0602940229],2017,,,,,dataset,The Global Biodiversity Information Facility [omid:ra/0602940230],
omid:br/0601018683 doi:10.15468/dl.idykhx,GBIF Occurrence Download,Occdownload Gbif.Org [omid:ra/0602940231],2019,,,,,dataset,The Global Biodiversity Information Facility [omid:ra/0602940232],
omid:br/0601018684 doi:10.15468/dl.idym2s,GBIF Occurrence Download,Occdownload Gbif.Org [omid:ra/0602940233],2015,,,,,dataset,The Global Biodiversity Information Facility [omid:ra/0602940234],
omid:br/0601018685 doi:10.15468/dl.idyodd,GBIF Occurrence Download,Occdownload Gbif.Org [omid:ra/0602940235],2017,,,,,dataset,The Global Biodiversity Information Facility [omid:ra/0602940236],
omid:br/0601018686 doi:10.15468/dl.idyoio,GBIF Occurrence Download,Occdownload Gbif.Org [omid:ra/0602940237],2019,,,,,dataset,The Global Biodiversity Information Facility [omid:ra/0602940238],
omid:br/0601018687 doi:10.15468/dl.idyoli,Occurrence Download,Occdownload Gbif.Org [omid:ra/0602940239],2019,,,,,dataset,The Global Biodiversity Information Facility [omid:ra/0602940240],
omid:br/0601018688 doi:10.15468/dl.idyqvk,GBIF Occurrence Download,Occdownload Gbif.Org [omid:ra/0602940241],2018,,,,,dataset,The Global Biodiversity Information Facility [omid:ra/0602940242],
omid:br/0601018689 doi:10.15468/dl.idyrz7,GBIF Occurrence Download,Occdownload Gbif.Org [omid:ra/0602940243],2019,,,,,dataset,The Global Biodiversity Information Facility [omid:ra/0602940244],
omid:br/060101869 doi:10.1594/pangaea.186907,Net Zooplankton At Station FLUPAC_104,"Le Borgne, Robert [omid:ra/060220406]; Rodier, Martine [omid:ra/061507194 orcid:0000-0003-0339-7587]",1997,,,,,dataset,Pangaea - Data Publisher For Earth & Environmental Science [omid:ra/060220407],
omid:br/0601018690 doi:10.15468/dl.idysy8,GBIF Occurrence Download,Occdownload Gbif.Org [omid:ra/0602940245],2019,,,,,dataset,The Global Biodiversity Information Facility [omid:ra/0602940246],
omid:br/0601018691 doi:10.15468/dl.idytkc,GBIF Occurrence Download,Occdownload Gbif.Org [omid:ra/0602940247],2018,,,,,dataset,The Global Biodiversity Information Facility [omid:ra/0602940248],
omid:br/0601018692 doi:10.15468/dl.idyttb,Occurrence Download,Occdownload Gbif.Org [omid:ra/0602940249],2020,,,,,dataset,The Global Biodiversity Information Facility [omid:ra/0602940250],
omid:br/0601018693 doi:10.15468/dl.idywxt,GBIF Occurrence Download,Occdownload Gbif.Org [omid:ra/0602940251],2015,,,,,dataset,The Global Biodiversity Information Facility [omid:ra/0602940252],
omid:br/0601018694 doi:10.15468/dl.idyxxe,Occurrence Download,Occdownload Gbif.Org [omid:ra/0602940253],2020,,,,,dataset,The Global Biodiversity Information Facility [omid:ra/0602940254],
omid:br/0601018695 doi:10.15468/dl.idyy8j,GBIF Occurrence Download,Occdownload Gbif.Org [omid:ra/0602940255],2018,,,,,dataset,The Global Biodiversity Information Facility [omid:ra/0602940256],
omid:br/0601018696 doi:10.15468/dl.idyybl,GBIF Occurrence Download,Occdownload Gbif.Org [omid:ra/0602940257],2018,,,,,dataset,The Global Biodiversity Information Facility [omid:ra/0602940258],
omid:br/0601018697 doi:10.15468/dl.idyydj,Occurrence Download,Occdownload Gbif.Org [omid:ra/0602940259],2020,,,,,dataset,The Global Biodiversity Information Facility [omid:ra/0602940260],
omid:br/0601018698 doi:10.15468/dl.idyyfk,GBIF Occurrence Download,Occdownload Gbif.Org [omid:ra/0602940261],2018,,,,,dataset,The Global Biodiversity Information Facility [omid:ra/0602940262],
omid:br/0601018699 doi:10.15468/dl.idz2wf,GBIF Occurrence Download,Occdownload Gbif.Org [omid:ra/0602940263],2016,,,,,dataset,The Global Biodiversity Information Facility [omid:ra/0602940264],
omid:br/06010187 doi:10.15468/dl.xy1u18,GBIF Occurrence Download,Occdownload Gbif.Org [omid:ra/06029562],2016,,,,,dataset,The Global Biodiversity Information Facility [omid:ra/06029563],
omid:br/060101870 doi:10.1594/pangaea.186908,Net Zooplankton At Station FLUPAC_107,"Le Borgne, Robert [omid:ra/060220408]; Rodier, Martine [omid:ra/061507194 orcid:0000-0003-0339-7587]",1997,,,,,dataset,Pangaea - Data Publisher For Earth & Environmental Science [omid:ra/060220409],
omid:br/0601018700 doi:10.15468/dl.idz5ab,GBIF Occurrence Download,Occdownload Gbif.Org [omid:ra/0602940265],2017,,,,,dataset,The Global Biodiversity Information Facility [omid:ra/0602940266],
omid:br/0601018701 doi:10.15468/dl.idz7hr,GBIF Occurrence Download,Occdownload Gbif.Org [omid:ra/0602940267],2019,,,,,dataset,The Global Biodiversity Information Facility [omid:ra/0602940268],
omid:br/0601018702 doi:10.15468/dl.idz9tk,GBIF Occurrence Download,Occdownload Gbif.Org [omid:ra/0602940269],2017,,,,,dataset,The Global Biodiversity Information Facility [omid:ra/0602940270],
omid:br/0601018703 doi:10.15468/dl.idzbvv,GBIF Occurrence Download,Occdownload Gbif.Org [omid:ra/0602940271],2015,,,,,dataset,The Global Biodiversity Information Facility [omid:ra/0602940272],
omid:br/0601018704 doi:10.15468/dl.idzc3x,Occurrence Download,Occdownload Gbif.Org [omid:ra/0602940273],2019,,,,,dataset,The Global Biodiversity Information Facility [omid:ra/0602940274],
omid:br/0601018705 doi:10.15468/dl.idzcbp,GBIF Occurrence Download,Occdownload Gbif.Org [omid:ra/0602940275],2018,,,,,dataset,The Global Biodiversity Information Facility [omid:ra/0602940276],
omid:br/0601018706 doi:10.15468/dl.idzcfz,GBIF Occurrence Download,Occdownload Gbif.Org [omid:ra/0602940277],2018,,,,,dataset,The Global Biodiversity Information Facility [omid:ra/0602940278],
omid:br/0601018707 doi:10.15468/dl.idzdds,GBIF Occurrence Download,Occdownload Gbif.Org [omid:ra/0602940279],2017,,,,,dataset,The Global Biodiversity Information Facility [omid:ra/0602940280],
omid:br/0601018708 doi:10.15468/dl.idzdgv,GBIF Occurrence Download,Occdownload Gbif.Org [omid:ra/0602940281],2017,,,,,dataset,The Global Biodiversity Information Facility [omid:ra/0602940282],
omid:br/0601018709 doi:10.15468/dl.idzdzg,GBIF Occurrence Download,Occdownload Gbif.Org [omid:ra/0602940283],2015,,,,,dataset,The Global Biodiversity Information Facility [omid:ra/0602940284],
omid:br/060101871 doi:10.1594/pangaea.186909,Net Zooplankton At Station FLUPAC_110,"Le Borgne, Robert [omid:ra/060220410]; Rodier, Martine [omid:ra/061507194 orcid:0000-0003-0339-7587]",1997,,,,,dataset,Pangaea - Data Publisher For Earth & Environmental Science [omid:ra/060220411],
omid:br/0601018710 doi:10.15468/dl.idzey6,GBIF Occurrence Download,Occdownload Gbif.Org [omid:ra/0602940285],2016,,,,,dataset,The Global Biodiversity Information Facility [omid:ra/0602940286],
omid:br/0601018711 doi:10.15468/dl.idzi7y,Occurrence Download,Occdownload Gbif.Org [omid:ra/0602940287],2020,,,,,dataset,The Global Biodiversity Information Facility [omid:ra/0602940288],
omid:br/0601018712 doi:10.15468/dl.idzk7d,GBIF Occurrence Download,Occdownload Gbif.Org [omid:ra/0602940289],2019,,,,,dataset,The Global Biodiversity Information Facility [omid:ra/0602940290],
omid:br/0601018713 doi:10.15468/dl.idzkgd,GBIF Occurrence Download,Occdownload Gbif.Org [omid:ra/0602940291],2016,,,,,dataset,The Global Biodiversity Information Facility [omid:ra/0602940292],
omid:br/0601018714 doi:10.15468/dl.idzlon,Occurrence Download,Occdownload Gbif.Org [omid:ra/0602940293],2019,,,,,dataset,The Global Biodiversity Information Facility [omid:ra/0602940294],
omid:br/0601018715 doi:10.15468/dl.idzlqw,GBIF Occurrence Download,Occdownload Gbif.Org [omid:ra/0602940295],2017,,,,,dataset,The Global Biodiversity Information Facility [omid:ra/0602940296],
omid:br/0601018716 doi:10.15468/dl.idzn0d,GBIF Occurrence Download,Occdownload Gbif.Org [omid:ra/0602940297],2019,,,,,dataset,The Global Biodiversity Information Facility [omid:ra/0602940298],
omid:br/0601018717 doi:10.15468/dl.idznj8,GBIF Occurrence Download,Occdownload Gbif.Org [omid:ra/0602940299],2015,,,,,dataset,The Global Biodiversity Information Facility [omid:ra/0602940300],
omid:br/0601018718 doi:10.15468/dl.idzq8d,GBIF Occurrence Download,Occdownload Gbif.Org [omid:ra/0602940301],2017,,,,,dataset,The Global Biodiversity Information Facility [omid:ra/0602940302],
omid:br/0601018719 doi:10.15468/dl.idzrqi,GBIF Occurrence Download,Occdownload Gbif.Org [omid:ra/0602940303],2015,,,,,dataset,The Global Biodiversity Information Facility [omid:ra/0602940304],
omid:br/060101872 doi:10.1594/pangaea.186910 openalex:W2958483078,Net Zooplankton At Station FLUPAC_113,"Le Borgne, Robert [omid:ra/060220412]; Rodier, Martine [omid:ra/061507194 orcid:0000-0003-0339-7587]",1997,,,,,dataset,Pangaea - Data Publisher For Earth & Environmental Science [omid:ra/060220413],
omid:br/0601018720 doi:10.15468/dl.idzskk,GBIF Occurrence Download,Occdownload Gbif.Org [omid:ra/0602940305],2016,,,,,dataset,The Global Biodiversity Information Facility [omid:ra/0602940306],
omid:br/0601018721 doi:10.15468/dl.idzspe,GBIF Occurrence Download,Occdownload Gbif.Org [omid:ra/0602940307],2017,,,,,dataset,The Global Biodiversity Information Facility [omid:ra/0602940308],
omid:br/0601018722 doi:10.15468/dl.idzvzw,GBIF Occurrence Download,Occdownload Gbif.Org [omid:ra/0602940309],2017,,,,,dataset,The Global Biodiversity Information Facility [omid:ra/0602940310],
omid:br/0601018723 doi:10.15468/dl.idzxtw,GBIF Occurrence Download,Occdownload Gbif.Org [omid:ra/0602940311],2019,,,,,dataset,The Global Biodiversity Information Facility [omid:ra/0602940312],
omid:br/0601018724 doi:10.15468/dl.idzyid,GBIF Occurrence Download,Occdownload Gbif.Org [omid:ra/0602940313],2015,,,,,dataset,The Global Biodiversity Information Facility [omid:ra/0602940314],
omid:br/0601018725 doi:10.15468/dl.idzzfv,Occurrence Download,Occdownload Gbif.Org [omid:ra/0602940315],2019,,,,,dataset,The Global Biodiversity Information Facility [omid:ra/0602940316],
omid:br/0601018726 doi:10.15468/dl.idzzvp,GBIF Occurrence Download,Occdownload Gbif.Org [omid:ra/0602940317],2016,,,,,dataset,The Global Biodiversity Information Facility [omid:ra/0602940318],
omid:br/0601018727 doi:10.15468/dl.ie01zo,GBIF Occurrence Download,Occdownload Gbif.Org [omid:ra/0602940319],2015,,,,,dataset,The Global Biodiversity Information Facility [omid:ra/0602940320],
omid:br/0601018728 doi:10.15468/dl.ie02s1,Occurrence Download,Occdownload Gbif.Org [omid:ra/0602940321],2020,,,,,dataset,The Global Biodiversity Information Facility [omid:ra/0602940322],
omid:br/0601018729 doi:10.15468/dl.ie05oy,Occurrence Download,Occdownload Gbif.Org [omid:ra/0602940323],2019,,,,,dataset,The Global Biodiversity Information Facility [omid:ra/0602940324],
omid:br/060101873 doi:10.1594/pangaea.186911,Net Zooplankton At Station FLUPAC_116,"Le Borgne, Robert [omid:ra/060220414]; Rodier, Martine [omid:ra/061507194 orcid:0000-0003-0339-7587]",1997,,,,,dataset,Pangaea - Data Publisher For Earth & Environmental Science [omid:ra/060220415],
omid:br/0601018730 doi:10.15468/dl.ie0d1a,GBIF Occurrence Download,Occdownload Gbif.Org [omid:ra/0602940325],2015,,,,,dataset,The Global Biodiversity Information Facility [omid:ra/0602940326],
omid:br/0601018731 doi:10.15468/dl.ie0f37,GBIF Occurrence Download,Occdownload Gbif.Org [omid:ra/0602940327],2017,,,,,dataset,The Global Biodiversity Information Facility [omid:ra/0602940328],
omid:br/0601018732 doi:10.15468/dl.ie0hyh,GBIF Occurrence Download,Occdownload Gbif.Org [omid:ra/0602940329],2019,,,,,dataset,The Global Biodiversity Information Facility [omid:ra/0602940330],
omid:br/0601018733 doi:10.15468/dl.ie0k9x,GBIF Occurrence Download,Occdownload Gbif.Org [omid:ra/0602940331],2018,,,,,dataset,The Global Biodiversity Information Facility [omid:ra/0602940332],
omid:br/0601018734 doi:10.15468/dl.ie0pse,GBIF Occurrence Download,Occdownload Gbif.Org [omid:ra/0602940333],2018,,,,,dataset,The Global Biodiversity Information Facility [omid:ra/0602940334],
omid:br/0601018735 doi:10.15468/dl.ie0t9j,Occurrence Download,Occdownload Gbif.Org [omid:ra/0602940335],2020,,,,,dataset,The Global Biodiversity Information Facility [omid:ra/0602940336],
omid:br/0601018736 doi:10.15468/dl.ie0tec,GBIF Occurrence Download,Occdownload Gbif.Org [omid:ra/0602940337],2015,,,,,dataset,The Global Biodiversity Information Facility [omid:ra/0602940338],
omid:br/0601018737 doi:10.15468/dl.ie0ttu,GBIF Occurrence Download,Occdownload Gbif.Org [omid:ra/0602940339],2019,,,,,dataset,The Global Biodiversity Information Facility [omid:ra/0602940340],
omid:br/0601018738 doi:10.15468/dl.ie0tul,GBIF Occurrence Download,Occdownload Gbif.Org [omid:ra/0602940341],2015,,,,,dataset,The Global Biodiversity Information Facility [omid:ra/0602940342],
omid:br/0601018739 doi:10.15468/dl.ie0xh6,GBIF Occurrence Download,Occdownload Gbif.Org [omid:ra/0602940343],2016,,,,,dataset,The Global Biodiversity Information Facility [omid:ra/0602940344],
omid:br/060101874 doi:10.1594/pangaea.186912,Net Zooplankton At Station FLUPAC_119,"Le Borgne, Robert [omid:ra/060220416]; Rodier, Martine [omid:ra/061507194 orcid:0000-0003-0339-7587]",1997,,,,,dataset,Pangaea - Data Publisher For Earth & Environmental Science [omid:ra/060220417],
omid:br/0601018740 doi:10.15468/dl.ie15sh,GBIF Occurrence Download,Occdownload Gbif.Org [omid:ra/0602940345],2015,,,,,dataset,The Global Biodiversity Information Facility [omid:ra/0602940346],
omid:br/0601018741 doi:10.15468/dl.ie17br,Occurrence Download,Occdownload Gbif.Org [omid:ra/0602940347],2020,,,,,dataset,The Global Biodiversity Information Facility [omid:ra/0602940348],
omid:br/0601018742 doi:10.15468/dl.ie1ani,Occurrence Download,Occdownload Gbif.Org [omid:ra/0602940349],2020,,,,,dataset,The Global Biodiversity Information Facility [omid:ra/0602940350],
omid:br/0601018743 doi:10.15468/dl.ie1bt4,GBIF Occurrence Download,Occdownload Gbif.Org [omid:ra/0602940351],2018,,,,,dataset,The Global Biodiversity Information Facility [omid:ra/0602940352],
omid:br/0601018744 doi:10.15468/dl.ie1cxu,GBIF Occurrence Download,Occdownload Gbif.Org [omid:ra/0602940353],2016,,,,,dataset,The Global Biodiversity Information Facility [omid:ra/0602940354],
omid:br/0601018745 doi:10.15468/dl.ie1gfx,Occurrence Download,Occdownload Gbif.Org [omid:ra/0602940355],2020,,,,,dataset,The Global Biodiversity Information Facility [omid:ra/0602940356],
omid:br/0601018746 doi:10.15468/dl.ie1gyg,GBIF Occurrence Download,Occdownload Gbif.Org [omid:ra/0602940357],2015,,,,,dataset,The Global Biodiversity Information Facility [omid:ra/0602940358],
omid:br/0601018747 doi:10.15468/dl.ie1pgl,Occurrence Download,Occdownload Gbif.Org [omid:ra/0602940359],2020,,,,,dataset,The Global Biodiversity Information Facility [omid:ra/0602940360],
omid:br/0601018748 doi:10.15468/dl.ie1vhm,Occurrence Download,Occdownload Gbif.Org [omid:ra/0602940361],2019,,,,,dataset,The Global Biodiversity Information Facility [omid:ra/0602940362],
omid:br/0601018749 doi:10.15468/dl.ie1z7w,GBIF Occurrence Download,Occdownload Gbif.Org [omid:ra/0602940363],2018,,,,,dataset,The Global Biodiversity Information Facility [omid:ra/0602940364],
omid:br/060101875 doi:10.1594/pangaea.186913,Net Zooplankton At Station FLUPAC_123,"Le Borgne, Robert [omid:ra/060220418]; Rodier, Martine [omid:ra/061507194 orcid:0000-0003-0339-7587]",1997,,,,,dataset,Pangaea - Data Publisher For Earth & Environmental Science [omid:ra/060220419],
omid:br/0601018750 doi:10.15468/dl.ie23e1,GBIF Occurrence Download,Occdownload Gbif.Org [omid:ra/0602940365],2019,,,,,dataset,The Global Biodiversity Information Facility [omid:ra/0602940366],
omid:br/0601018751 doi:10.15468/dl.ie2clx,GBIF Occurrence Download,Occdownload Gbif.Org [omid:ra/0602940367],2017,,,,,dataset,The Global Biodiversity Information Facility [omid:ra/0602940368],
omid:br/0601018752 doi:10.15468/dl.ie2d48,GBIF Occurrence Download,Occdownload Gbif.Org [omid:ra/0602940369],2018,,,,,dataset,The Global Biodiversity Information Facility [omid:ra/0602940370],
omid:br/0601018753 doi:10.15468/dl.ie2esl,Occurrence Download,Occdownload Gbif.Org [omid:ra/0602940371],2020,,,,,dataset,The Global Biodiversity Information Facility [omid:ra/0602940372],
omid:br/0601018754 doi:10.15468/dl.ie2jci,Occurrence Download,Occdownload Gbif.Org [omid:ra/0602940373],2020,,,,,dataset,The Global Biodiversity Information Facility [omid:ra/0602940374],
omid:br/0601018755 doi:10.15468/dl.ie2lco,GBIF Occurrence Download,Occdownload Gbif.Org [omid:ra/0602940375],2017,,,,,dataset,The Global Biodiversity Information Facility [omid:ra/0602940376],
omid:br/0601018756 doi:10.15468/dl.ie2rbs,GBIF Occurrence Download,Occdownload Gbif.Org [omid:ra/0602940377],2018,,,,,dataset,The Global Biodiversity Information Facility [omid:ra/0602940378],
omid:br/0601018757 doi:10.15468/dl.ie2ru7,Occurrence Download,Occdownload Gbif.Org [omid:ra/0602940379],2019,,,,,dataset,The Global Biodiversity Information Facility [omid:ra/0602940380],
omid:br/0601018758 doi:10.15468/dl.ie2tna,GBIF Occurrence Download,Occdownload Gbif.Org [omid:ra/0602940381],2016,,,,,dataset,The Global Biodiversity Information Facility [omid:ra/0602940382],
omid:br/0601018759 doi:10.15468/dl.ie2wvw,GBIF Occurrence Download,Occdownload Gbif.Org [omid:ra/0602940383],2017,,,,,dataset,The Global Biodiversity Information Facility [omid:ra/0602940384],
omid:br/060101876 doi:10.1594/pangaea.186914,Phytoplankton Abundance At Station FLUPAC_001,"Blain, Stéphane [omid:ra/060220420]; Blanchot, Jean [omid:ra/060220421]; Chrétiennot-Dinet, M-J [omid:ra/060220422]",2004,,,,,dataset,Pangaea - Data Publisher For Earth & Environmental Science [omid:ra/060220423],
omid:br/0601018760 doi:10.15468/dl.ie302k,GBIF Occurrence Download,Occdownload Gbif.Org [omid:ra/0602940385],2018,,,,,dataset,The Global Biodiversity Information Facility [omid:ra/0602940386],
omid:br/0601018761 doi:10.15468/dl.ie31eh,GBIF Occurrence Download,Occdownload Gbif.Org [omid:ra/0602940387],2018,,,,,dataset,The Global Biodiversity Information Facility [omid:ra/0602940388],
omid:br/0601018762 doi:10.15468/dl.ie31ju,GBIF Occurrence Download,Occdownload Gbif.Org [omid:ra/0602940389],2016,,,,,dataset,The Global Biodiversity Information Facility [omid:ra/0602940390],
omid:br/0601018763 doi:10.15468/dl.ie31oz,GBIF Occurrence Download,Occdownload Gbif.Org [omid:ra/0602940391],2018,,,,,dataset,The Global Biodiversity Information Facility [omid:ra/0602940392],
omid:br/0601018764 doi:10.15468/dl.ie32bq,GBIF Occurrence Download,Occdownload Gbif.Org [omid:ra/0602940393],2018,,,,,dataset,The Global Biodiversity Information Facility [omid:ra/0602940394],
omid:br/0601018765 doi:10.15468/dl.ie36da,GBIF Occurrence Download,Occdownload Gbif.Org [omid:ra/0602940395],2019,,,,,dataset,The Global Biodiversity Information Facility [omid:ra/0602940396],
omid:br/0601018766 doi:10.15468/dl.ie3fkh,GBIF Occurrence Download,Occdownload Gbif.Org [omid:ra/0602940397],2015,,,,,dataset,The Global Biodiversity Information Facility [omid:ra/0602940398],
omid:br/0601018767 doi:10.15468/dl.ie3khk,GBIF Occurrence Download,Occdownload Gbif.Org [omid:ra/0602940399],2015,,,,,dataset,The Global Biodiversity Information Facility [omid:ra/0602940400],
omid:br/0601018768 doi:10.15468/dl.ie3lqn,GBIF Occurrence Download,Occdownload Gbif.Org [omid:ra/0602940401],2017,,,,,dataset,The Global Biodiversity Information Facility [omid:ra/0602940402],
omid:br/0601018769 doi:10.15468/dl.ie3pmj,GBIF Occurrence Download,Occdownload Gbif.Org [omid:ra/0602940403],2017,,,,,dataset,The Global Biodiversity Information Facility [omid:ra/0602940404],
omid:br/060101877 doi:10.1594/pangaea.186915,Phytoplankton Abundance At Station FLUPAC_002,"Blain, Stéphane [omid:ra/060220424]; Blanchot, Jean [omid:ra/060220425]; Chrétiennot-Dinet, M-J [omid:ra/060220426]",2004,,,,,dataset,Pangaea - Data Publisher For Earth & Environmental Science [omid:ra/060220427],
omid:br/0601018770 doi:10.15468/dl.ie3sqr,GBIF Occurrence Download,Occdownload Gbif.Org [omid:ra/0602940405],2017,,,,,dataset,The Global Biodiversity Information Facility [omid:ra/0602940406],
omid:br/0601018771 doi:10.15468/dl.ie3trg,GBIF Occurrence Download,Occdownload Gbif.Org [omid:ra/0602940407],2018,,,,,dataset,The Global Biodiversity Information Facility [omid:ra/0602940408],
omid:br/0601018772 doi:10.15468/dl.ie3ubr,Occurrence Download,Occdownload Gbif.Org [omid:ra/0602940409],2020,,,,,dataset,The Global Biodiversity Information Facility [omid:ra/0602940410],
omid:br/0601018773 doi:10.15468/dl.ie3vax,GBIF Occurrence Download,Occdownload Gbif.Org [omid:ra/0602940411],2018,,,,,dataset,The Global Biodiversity Information Facility [omid:ra/0602940412],
omid:br/0601018774 doi:10.15468/dl.ie3vum,GBIF Occurrence Download,Occdownload Gbif.Org [omid:ra/0602940413],2019,,,,,dataset,The Global Biodiversity Information Facility [omid:ra/0602940414],
omid:br/0601018775 doi:10.15468/dl.ie3vxs,GBIF Occurrence Download,Occdownload Gbif.Org [omid:ra/0602940415],2019,,,,,dataset,The Global Biodiversity Information Facility [omid:ra/0602940416],
omid:br/0601018776 doi:10.15468/dl.ie3z0m,GBIF Occurrence Download,Occdownload Gbif.Org [omid:ra/0602940417],2018,,,,,dataset,The Global Biodiversity Information Facility [omid:ra/0602940418],
omid:br/0601018777 doi:10.15468/dl.ie47oh,GBIF Occurrence Download,Occdownload Gbif.Org [omid:ra/0602940419],2016,,,,,dataset,The Global Biodiversity Information Facility [omid:ra/0602940420],
omid:br/0601018778 doi:10.15468/dl.ie4aoe,GBIF Occurrence Download,Occdownload Gbif.Org [omid:ra/0602940421],2016,,,,,dataset,The Global Biodiversity Information Facility [omid:ra/0602940422],
omid:br/0601018779 doi:10.15468/dl.ie4bac,GBIF Occurrence Download,Occdownload Gbif.Org [omid:ra/0602940423],2018,,,,,dataset,The Global Biodiversity Information Facility [omid:ra/0602940424],
omid:br/060101878 doi:10.1594/pangaea.186916,Phytoplankton Abundance At Station FLUPAC_003,"Blain, Stéphane [omid:ra/060220428]; Blanchot, Jean [omid:ra/060220429]; Chrétiennot-Dinet, M-J [omid:ra/060220430]",2004,,,,,dataset,Pangaea - Data Publisher For Earth & Environmental Science [omid:ra/060220431],
omid:br/0601018780 doi:10.15468/dl.ie4ibk,GBIF Occurrence Download,Occdownload Gbif.Org [omid:ra/0602940425],2017,,,,,dataset,The Global Biodiversity Information Facility [omid:ra/0602940426],
omid:br/0601018781 doi:10.15468/dl.ie4iq2,GBIF Occurrence Download,Occdownload Gbif.Org [omid:ra/0602940427],2016,,,,,dataset,The Global Biodiversity Information Facility [omid:ra/0602940428],
omid:br/0601018782 doi:10.15468/dl.ie4jco,GBIF Occurrence Download,Occdownload Gbif.Org [omid:ra/0602940429],2019,,,,,dataset,The Global Biodiversity Information Facility [omid:ra/0602940430],
omid:br/0601018783 doi:10.15468/dl.ie4ji4,GBIF Occurrence Download,Occdownload Gbif.Org [omid:ra/0602940431],2017,,,,,dataset,The Global Biodiversity Information Facility [omid:ra/0602940432],
omid:br/0601018784 doi:10.15468/dl.ie4sy5,Occurrence Download,Occdownload Gbif.Org [omid:ra/0602940433],2019,,,,,dataset,The Global Biodiversity Information Facility [omid:ra/0602940434],
omid:br/0601018785 doi:10.15468/dl.ie4usi,Occurrence Download,Occdownload Gbif.Org [omid:ra/0602940435],2019,,,,,dataset,The Global Biodiversity Information Facility [omid:ra/0602940436],
omid:br/0601018786 doi:10.15468/dl.ie4vap,GBIF Occurrence Download,Occdownload Gbif.Org [omid:ra/0602940437],2018,,,,,dataset,The Global Biodiversity Information Facility [omid:ra/0602940438],
omid:br/0601018787 doi:10.15468/dl.ie4ze8,GBIF Occurrence Download,Occdownload Gbif.Org [omid:ra/0602940439],2017,,,,,dataset,The Global Biodiversity Information Facility [omid:ra/0602940440],
omid:br/0601018788 doi:10.15468/dl.ie4zxj,GBIF Occurrence Download,Occdownload Gbif.Org [omid:ra/0602940441],2015,,,,,dataset,The Global Biodiversity Information Facility [omid:ra/0602940442],
omid:br/0601018789 doi:10.15468/dl.ie55mr,GBIF Occurrence Download,Occdownload Gbif.Org [omid:ra/0602940443],2017,,,,,dataset,The Global Biodiversity Information Facility [omid:ra/0602940444],
omid:br/060101879 doi:10.1594/pangaea.186917,Phytoplankton Abundance At Station FLUPAC_004,"Blain, Stéphane [omid:ra/060220432]; Blanchot, Jean [omid:ra/060220433]; Chrétiennot-Dinet, M-J [omid:ra/060220434]",2004,,,,,dataset,Pangaea - Data Publisher For Earth & Environmental Science [omid:ra/060220435],
omid:br/0601018790 doi:10.15468/dl.ie5dmx,GBIF Occurrence Download,Occdownload Gbif.Org [omid:ra/0602940445],2018,,,,,dataset,The Global Biodiversity Information Facility [omid:ra/0602940446],
omid:br/0601018791 doi:10.15468/dl.ie5eug,GBIF Occurrence Download,Occdownload Gbif.Org [omid:ra/0602940447],2015,,,,,dataset,The Global Biodiversity Information Facility [omid:ra/0602940448],
omid:br/0601018792 doi:10.15468/dl.ie5ksz,GBIF Occurrence Download,Occdownload Gbif.Org [omid:ra/0602940449],2018,,,,,dataset,The Global Biodiversity Information Facility [omid:ra/0602940450],
omid:br/0601018793 doi:10.15468/dl.ie5ned,GBIF Occurrence Download,Occdownload Gbif.Org [omid:ra/0602940451],2018,,,,,dataset,The Global Biodiversity Information Facility [omid:ra/0602940452],
omid:br/0601018794 doi:10.15468/dl.ie5nik,GBIF Occurrence Download,Occdownload Gbif.Org [omid:ra/0602940453],2018,,,,,dataset,The Global Biodiversity Information Facility [omid:ra/0602940454],
omid:br/0601018795 doi:10.15468/dl.ie5npj,Occurrence Download,Occdownload Gbif.Org [omid:ra/0602940455],2020,,,,,dataset,The Global Biodiversity Information Facility [omid:ra/0602940456],
omid:br/0601018796 doi:10.15468/dl.ie5plv,GBIF Occurrence Download,Occdownload Gbif.Org [omid:ra/0602940457],2016,,,,,dataset,The Global Biodiversity Information Facility [omid:ra/0602940458],
omid:br/0601018797 doi:10.15468/dl.ie5pp0,GBIF Occurrence Download,Occdownload Gbif.Org [omid:ra/0602940459],2016,,,,,dataset,The Global Biodiversity Information Facility [omid:ra/0602940460],
omid:br/0601018798 doi:10.15468/dl.ie5qw3,Occurrence Download,Occdownload Gbif.Org [omid:ra/0602940461],2019,,,,,dataset,The Global Biodiversity Information Facility [omid:ra/0602940462],
omid:br/0601018799 doi:10.15468/dl.ie5rmy,GBIF Occurrence Download,Occdownload Gbif.Org [omid:ra/0602940463],2018,,,,,dataset,The Global Biodiversity Information Facility [omid:ra/0602940464],
omid:br/06010188 doi:10.15468/dl.xy1vdc,GBIF Occurrence Download,Occdownload Gbif.Org [omid:ra/06029564],2017,,,,,dataset,The Global Biodiversity Information Facility [omid:ra/06029565],
omid:br/060101880 doi:10.1594/pangaea.186918,Phytoplankton Abundance At Station FLUPAC_005,"Blain, Stéphane [omid:ra/060220436]; Blanchot, Jean [omid:ra/060220437]; Chrétiennot-Dinet, M-J [omid:ra/060220438]",2004,,,,,dataset,Pangaea - Data Publisher For Earth & Environmental Science [omid:ra/060220439],
omid:br/0601018800 doi:10.15468/dl.ie5tdb,Occurrence Download,Occdownload Gbif.Org [omid:ra/0602940465],2019,,,,,dataset,The Global Biodiversity Information Facility [omid:ra/0602940466],
omid:br/0601018801 doi:10.15468/dl.ie5vy2,GBIF Occurrence Download,Occdownload Gbif.Org [omid:ra/0602940467],2017,,,,,dataset,The Global Biodiversity Information Facility [omid:ra/0602940468],
omid:br/0601018802 doi:10.15468/dl.ie5yxn,GBIF Occurrence Download,Occdownload Gbif.Org [omid:ra/0602940469],2016,,,,,dataset,The Global Biodiversity Information Facility [omid:ra/0602940470],
omid:br/0601018803 doi:10.15468/dl.ie62ix,GBIF Occurrence Download,Occdownload Gbif.Org [omid:ra/0602940471],2016,,,,,dataset,The Global Biodiversity Information Facility [omid:ra/0602940472],
omid:br/0601018804 doi:10.15468/dl.ie696w,GBIF Occurrence Download,Occdownload Gbif.Org [omid:ra/0602940473],2018,,,,,dataset,The Global Biodiversity Information Facility [omid:ra/0602940474],
omid:br/0601018805 doi:10.15468/dl.ie6as4,GBIF Occurrence Download,Occdownload Gbif.Org [omid:ra/0602940475],2016,,,,,dataset,The Global Biodiversity Information Facility [omid:ra/0602940476],
omid:br/0601018806 doi:10.15468/dl.ie6sjj,GBIF Occurrence Download,Occdownload Gbif.Org [omid:ra/0602940477],2016,,,,,dataset,The Global Biodiversity Information Facility [omid:ra/0602940478],
omid:br/0601018807 doi:10.15468/dl.ie6slm,GBIF Occurrence Download,Occdownload Gbif.Org [omid:ra/0602940479],2015,,,,,dataset,The Global Biodiversity Information Facility [omid:ra/0602940480],
omid:br/0601018808 doi:10.15468/dl.ie6xoh,GBIF Occurrence Download,Occdownload Gbif.Org [omid:ra/0602940481],2016,,,,,dataset,The Global Biodiversity Information Facility [omid:ra/0602940482],
omid:br/0601018809 doi:10.15468/dl.ie738y,GBIF Occurrence Download,Occdownload Gbif.Org [omid:ra/0602940483],2018,,,,,dataset,The Global Biodiversity Information Facility [omid:ra/0602940484],
omid:br/060101881 doi:10.1594/pangaea.186919 openalex:W2961345155,Phytoplankton Abundance At Station FLUPAC_006,"Blain, Stéphane [omid:ra/060220440]; Blanchot, Jean [omid:ra/060220441]; Chrétiennot-Dinet, M-J [omid:ra/060220442]",2004,,,,,dataset,Pangaea - Data Publisher For Earth & Environmental Science [omid:ra/060220443],
omid:br/0601018810 doi:10.15468/dl.ie7b9o,Occurrence Download,Occdownload Gbif.Org [omid:ra/0602940485],2020,,,,,dataset,The Global Biodiversity Information Facility [omid:ra/0602940486],
omid:br/0601018811 doi:10.15468/dl.ie7iwg,Occurrence Download,Occdownload Gbif.Org [omid:ra/0602940487],2020,,,,,dataset,The Global Biodiversity Information Facility [omid:ra/0602940488],
omid:br/0601018812 doi:10.15468/dl.ie7kda,Occurrence Download,Occdownload Gbif.Org [omid:ra/0602940489],2019,,,,,dataset,The Global Biodiversity Information Facility [omid:ra/0602940490],
omid:br/0601018813 doi:10.15468/dl.ie7lqj,Occurrence Download,Occdownload Gbif.Org [omid:ra/0602940491],2020,,,,,dataset,The Global Biodiversity Information Facility [omid:ra/0602940492],
omid:br/0601018814 doi:10.15468/dl.ie7qnq,GBIF Occurrence Download,Occdownload Gbif.Org [omid:ra/0602940493],2015,,,,,dataset,The Global Biodiversity Information Facility [omid:ra/0602940494],
omid:br/0601018815 doi:10.15468/dl.ie7u1q,GBIF Occurrence Download,Occdownload Gbif.Org [omid:ra/0602940495],2015,,,,,dataset,The Global Biodiversity Information Facility [omid:ra/0602940496],
omid:br/0601018816 doi:10.15468/dl.ie7u8i,GBIF Occurrence Download,Occdownload Gbif.Org [omid:ra/0602940497],2019,,,,,dataset,The Global Biodiversity Information Facility [omid:ra/0602940498],
omid:br/0601018817 doi:10.15468/dl.ie7xpp,GBIF Occurrence Download,Occdownload Gbif.Org [omid:ra/0602940499],2016,,,,,dataset,The Global Biodiversity Information Facility [omid:ra/0602940500],
omid:br/0601018818 doi:10.15468/dl.ie80i6,GBIF Occurrence Download,Occdownload Gbif.Org [omid:ra/0602940501],2018,,,,,dataset,The Global Biodiversity Information Facility [omid:ra/0602940502],
omid:br/0601018819 doi:10.15468/dl.ie86at,GBIF Occurrence Download,Occdownload Gbif.Org [omid:ra/0602940503],2019,,,,,dataset,The Global Biodiversity Information Facility [omid:ra/0602940504],
omid:br/060101882 doi:10.1594/pangaea.186920,Phytoplankton Abundance At Station FLUPAC_007,"Blain, Stéphane [omid:ra/060220444]; Blanchot, Jean [omid:ra/060220445]; Chrétiennot-Dinet, M-J [omid:ra/060220446]",2004,,,,,dataset,Pangaea - Data Publisher For Earth & Environmental Science [omid:ra/060220447],
omid:br/0601018820 doi:10.15468/dl.ie8dtk,GBIF Occurrence Download,Occdownload Gbif.Org [omid:ra/0602940505],2016,,,,,dataset,The Global Biodiversity Information Facility [omid:ra/0602940506],
omid:br/0601018821 doi:10.15468/dl.ie8kob,GBIF Occurrence Download,Occdownload Gbif.Org [omid:ra/0602940507],2015,,,,,dataset,The Global Biodiversity Information Facility [omid:ra/0602940508],
omid:br/0601018822 doi:10.15468/dl.ie8nbh,Occurrence Download,Occdownload Gbif.Org [omid:ra/0602940509],2019,,,,,dataset,The Global Biodiversity Information Facility [omid:ra/0602940510],
omid:br/0601018823 doi:10.15468/dl.ie8onc,GBIF Occurrence Download,Occdownload Gbif.Org [omid:ra/0602940511],2018,,,,,dataset,The Global Biodiversity Information Facility [omid:ra/0602940512],
omid:br/0601018824 doi:10.15468/dl.ie8oof,GBIF Occurrence Download,Occdownload Gbif.Org [omid:ra/0602940513],2017,,,,,dataset,The Global Biodiversity Information Facility [omid:ra/0602940514],
omid:br/0601018825 doi:10.15468/dl.ie8prn,GBIF Occurrence Download,Occdownload Gbif.Org [omid:ra/0602940515],2018,,,,,dataset,The Global Biodiversity Information Facility [omid:ra/0602940516],
omid:br/0601018826 doi:10.15468/dl.ie8pu1,GBIF Occurrence Download,Occdownload Gbif.Org [omid:ra/0602940517],2016,,,,,dataset,The Global Biodiversity Information Facility [omid:ra/0602940518],
omid:br/0601018827 doi:10.15468/dl.ie8rur,GBIF Occurrence Download,Occdownload Gbif.Org [omid:ra/0602940519],2018,,,,,dataset,The Global Biodiversity Information Facility [omid:ra/0602940520],
omid:br/0601018828 doi:10.15468/dl.ie8shn,GBIF Occurrence Download,Occdownload Gbif.Org [omid:ra/0602940521],2018,,,,,dataset,The Global Biodiversity Information Facility [omid:ra/0602940522],
omid:br/0601018829 doi:10.15468/dl.ie8y9t,GBIF Occurrence Download,Occdownload Gbif.Org [omid:ra/0602940523],2018,,,,,dataset,The Global Biodiversity Information Facility [omid:ra/0602940524],
omid:br/060101883 doi:10.1594/pangaea.186921,Phytoplankton Abundance At Station FLUPAC_008,"Blain, Stéphane [omid:ra/060220448]; Blanchot, Jean [omid:ra/060220449]; Chrétiennot-Dinet, M-J [omid:ra/060220450]",2004,,,,,dataset,Pangaea - Data Publisher For Earth & Environmental Science [omid:ra/060220451],
omid:br/0601018830 doi:10.15468/dl.ie90ts,Occurrence Download,Occdownload Gbif.Org [omid:ra/0602940525],2020,,,,,dataset,The Global Biodiversity Information Facility [omid:ra/0602940526],
omid:br/0601018831 doi:10.15468/dl.ie91g2,GBIF Occurrence Download,Occdownload Gbif.Org [omid:ra/0602940527],2015,,,,,dataset,The Global Biodiversity Information Facility [omid:ra/0602940528],
omid:br/0601018832 doi:10.15468/dl.ie961d,GBIF Occurrence Download,Occdownload Gbif.Org [omid:ra/0602940529],2017,,,,,dataset,The Global Biodiversity Information Facility [omid:ra/0602940530],
omid:br/0601018833 doi:10.15468/dl.ie99oo,GBIF Occurrence Download,Occdownload Gbif.Org [omid:ra/0602940531],2015,,,,,dataset,The Global Biodiversity Information Facility [omid:ra/0602940532],
omid:br/0601018834 doi:10.15468/dl.ie9ahy,GBIF Occurrence Download,Occdownload Gbif.Org [omid:ra/0602940533],2018,,,,,dataset,The Global Biodiversity Information Facility [omid:ra/0602940534],
omid:br/0601018835 doi:10.15468/dl.ie9ozw,GBIF Occurrence Download,Occdownload Gbif.Org [omid:ra/0602940535],2018,,,,,dataset,The Global Biodiversity Information Facility [omid:ra/0602940536],
omid:br/0601018836 doi:10.15468/dl.ie9pa5,GBIF Occurrence Download,Occdownload Gbif.Org [omid:ra/0602940537],2016,,,,,dataset,The Global Biodiversity Information Facility [omid:ra/0602940538],
omid:br/0601018837 doi:10.15468/dl.ie9rax,Occurrence Download,Occdownload Gbif.Org [omid:ra/0602940539],2019,,,,,dataset,The Global Biodiversity Information Facility [omid:ra/0602940540],
omid:br/0601018838 doi:10.15468/dl.ie9vnt,GBIF Occurrence Download,Occdownload Gbif.Org [omid:ra/0602940541],2016,,,,,dataset,The Global Biodiversity Information Facility [omid:ra/0602940542],
omid:br/0601018839 doi:10.15468/dl.iea4sh,GBIF Occurrence Download,Occdownload Gbif.Org [omid:ra/0602940543],2019,,,,,dataset,The Global Biodiversity Information Facility [omid:ra/0602940544],
omid:br/060101884 doi:10.1594/pangaea.186922,Phytoplankton Abundance At Station FLUPAC_009,"Blain, Stéphane [omid:ra/060220452]; Blanchot, Jean [omid:ra/060220453]; Chrétiennot-Dinet, M-J [omid:ra/060220454]",2004,,,,,dataset,Pangaea - Data Publisher For Earth & Environmental Science [omid:ra/060220455],
omid:br/0601018840 doi:10.15468/dl.iea9j2,GBIF Occurrence Download,Occdownload Gbif.Org [omid:ra/0602940545],2019,,,,,dataset,The Global Biodiversity Information Facility [omid:ra/0602940546],
omid:br/0601018841 doi:10.15468/dl.ieacra,GBIF Occurrence Download,Occdownload Gbif.Org [omid:ra/0602940547],2019,,,,,dataset,The Global Biodiversity Information Facility [omid:ra/0602940548],
omid:br/0601018842 doi:10.15468/dl.ieadb4,GBIF Occurrence Download,Occdownload Gbif.Org [omid:ra/0602940549],2015,,,,,dataset,The Global Biodiversity Information Facility [omid:ra/0602940550],
omid:br/0601018843 doi:10.15468/dl.ieadc1,GBIF Occurrence Download,Occdownload Gbif.Org [omid:ra/0602940551],2018,,,,,dataset,The Global Biodiversity Information Facility [omid:ra/0602940552],
omid:br/0601018844 doi:10.15468/dl.ieaepq,GBIF Occurrence Download,Occdownload Gbif.Org [omid:ra/0602940553],2018,,,,,dataset,The Global Biodiversity Information Facility [omid:ra/0602940554],
omid:br/0601018845 doi:10.15468/dl.ieag1b,Occurrence Download,Occdownload Gbif.Org [omid:ra/0602940555],2019,,,,,dataset,The Global Biodiversity Information Facility [omid:ra/0602940556],
omid:br/0601018846 doi:10.15468/dl.ieahhk,GBIF Occurrence Download,Occdownload Gbif.Org [omid:ra/0602940557],2015,,,,,dataset,The Global Biodiversity Information Facility [omid:ra/0602940558],
omid:br/0601018847 doi:10.15468/dl.ieahzk,GBIF Occurrence Download,Occdownload Gbif.Org [omid:ra/0602940559],2018,,,,,dataset,The Global Biodiversity Information Facility [omid:ra/0602940560],
omid:br/0601018848 doi:10.15468/dl.ieakby,GBIF Occurrence Download,Occdownload Gbif.Org [omid:ra/0602940561],2015,,,,,dataset,The Global Biodiversity Information Facility [omid:ra/0602940562],
omid:br/0601018849 doi:10.15468/dl.iealbd,GBIF Occurrence Download,Occdownload Gbif.Org [omid:ra/0602940563],2017,,,,,dataset,The Global Biodiversity Information Facility [omid:ra/0602940564],
omid:br/060101885 doi:10.1594/pangaea.186923,Phytoplankton Abundance At Station FLUPAC_010,"Blain, Stéphane [omid:ra/060220456]; Blanchot, Jean [omid:ra/060220457]; Chrétiennot-Dinet, M-J [omid:ra/060220458]",2004,,,,,dataset,Pangaea - Data Publisher For Earth & Environmental Science [omid:ra/060220459],
omid:br/0601018850 doi:10.15468/dl.iealvk,GBIF Occurrence Download,Occdownload Gbif.Org [omid:ra/0602940565],2018,,,,,dataset,The Global Biodiversity Information Facility [omid:ra/0602940566],
omid:br/0601018851 doi:10.15468/dl.ieamov,GBIF Occurrence Download,Occdownload Gbif.Org [omid:ra/0602940567],2017,,,,,dataset,The Global Biodiversity Information Facility [omid:ra/0602940568],
omid:br/0601018852 doi:10.15468/dl.ieangv,GBIF Occurrence Download,Occdownload Gbif.Org [omid:ra/0602940569],2019,,,,,dataset,The Global Biodiversity Information Facility [omid:ra/0602940570],
omid:br/0601018853 doi:10.15468/dl.ieann4,GBIF Occurrence Download,Occdownload Gbif.Org [omid:ra/0602940571],2018,,,,,dataset,The Global Biodiversity Information Facility [omid:ra/0602940572],
omid:br/0601018854 doi:10.15468/dl.ieannt,GBIF Occurrence Download,Occdownload Gbif.Org [omid:ra/0602940573],2015,,,,,dataset,The Global Biodiversity Information Facility [omid:ra/0602940574],
omid:br/0601018855 doi:10.15468/dl.ieanoc,GBIF Occurrence Download,Occdownload Gbif.Org [omid:ra/0602940575],2017,,,,,dataset,The Global Biodiversity Information Facility [omid:ra/0602940576],
omid:br/0601018856 doi:10.15468/dl.ieanox,GBIF Occurrence Download,Occdownload Gbif.Org [omid:ra/0602940577],2015,,,,,dataset,The Global Biodiversity Information Facility [omid:ra/0602940578],
omid:br/0601018857 doi:10.15468/dl.ieaoyl,GBIF Occurrence Download,Occdownload Gbif.Org [omid:ra/0602940579],2017,,,,,dataset,The Global Biodiversity Information Facility [omid:ra/0602940580],
omid:br/0601018858 doi:10.15468/dl.ieaste,GBIF Occurrence Download,Occdownload Gbif.Org [omid:ra/0602940581],2017,,,,,dataset,The Global Biodiversity Information Facility [omid:ra/0602940582],
omid:br/0601018859 doi:10.15468/dl.ieavkq,GBIF Occurrence Download,Occdownload Gbif.Org [omid:ra/0602940583],2015,,,,,dataset,The Global Biodiversity Information Facility [omid:ra/0602940584],
omid:br/060101886 doi:10.1594/pangaea.186924,Phytoplankton Abundance At Station FLUPAC_011,"Blain, Stéphane [omid:ra/060220460]; Blanchot, Jean [omid:ra/060220461]; Chrétiennot-Dinet, M-J [omid:ra/060220462]",2004,,,,,dataset,Pangaea - Data Publisher For Earth & Environmental Science [omid:ra/060220463],
omid:br/0601018860 doi:10.15468/dl.ieavtg,GBIF Occurrence Download,Occdownload Gbif.Org [omid:ra/0602940585],2016,,,,,dataset,The Global Biodiversity Information Facility [omid:ra/0602940586],
omid:br/0601018861 doi:10.15468/dl.ieawcy,GBIF Occurrence Download,Occdownload Gbif.Org [omid:ra/0602940587],2019,,,,,dataset,The Global Biodiversity Information Facility [omid:ra/0602940588],
omid:br/0601018862 doi:10.15468/dl.ieawpn,GBIF Occurrence Download,Occdownload Gbif.Org [omid:ra/0602940589],2016,,,,,dataset,The Global Biodiversity Information Facility [omid:ra/0602940590],
omid:br/0601018863 doi:10.15468/dl.ieb0gg,GBIF Occurrence Download,Occdownload Gbif.Org [omid:ra/0602940591],2019,,,,,dataset,The Global Biodiversity Information Facility [omid:ra/0602940592],
omid:br/0601018864 doi:10.15468/dl.ieb0k9,GBIF Occurrence Download,Occdownload Gbif.Org [omid:ra/0602940593],2016,,,,,dataset,The Global Biodiversity Information Facility [omid:ra/0602940594],
omid:br/0601018865 doi:10.15468/dl.ieb1lp,GBIF Occurrence Download,Occdownload Gbif.Org [omid:ra/0602940595],2018,,,,,dataset,The Global Biodiversity Information Facility [omid:ra/0602940596],
omid:br/0601018866 doi:10.15468/dl.ieb247,GBIF Occurrence Download,Occdownload Gbif.Org [omid:ra/0602940597],2015,,,,,dataset,The Global Biodiversity Information Facility [omid:ra/0602940598],
omid:br/0601018867 doi:10.15468/dl.ieb3up,GBIF Occurrence Download,Occdownload Gbif.Org [omid:ra/0602940599],2017,,,,,dataset,The Global Biodiversity Information Facility [omid:ra/0602940600],
omid:br/0601018868 doi:10.15468/dl.ieb47l,Occurrence Download,Occdownload Gbif.Org [omid:ra/0602940601],2019,,,,,dataset,The Global Biodiversity Information Facility [omid:ra/0602940602],
omid:br/0601018869 doi:10.15468/dl.ieb7er,GBIF Occurrence Download,Occdownload Gbif.Org [omid:ra/0602940603],2016,,,,,dataset,The Global Biodiversity Information Facility [omid:ra/0602940604],
omid:br/060101887 doi:10.1594/pangaea.186925,Phytoplankton Abundance At Station FLUPAC_012,"Blain, Stéphane [omid:ra/060220464]; Blanchot, Jean [omid:ra/060220465]; Chrétiennot-Dinet, M-J [omid:ra/060220466]",2004,,,,,dataset,Pangaea - Data Publisher For Earth & Environmental Science [omid:ra/060220467],
omid:br/0601018870 doi:10.15468/dl.ieb9ts,GBIF Occurrence Download,Occdownload Gbif.Org [omid:ra/0602940605],2016,,,,,dataset,The Global Biodiversity Information Facility [omid:ra/0602940606],
omid:br/0601018871 doi:10.15468/dl.ieball,GBIF Occurrence Download,Occdownload Gbif.Org [omid:ra/0602940607],2016,,,,,dataset,The Global Biodiversity Information Facility [omid:ra/0602940608],
omid:br/0601018872 doi:10.15468/dl.iebaxw,GBIF Occurrence Download,Occdownload Gbif.Org [omid:ra/0602940609],2019,,,,,dataset,The Global Biodiversity Information Facility [omid:ra/0602940610],
omid:br/0601018873 doi:10.15468/dl.iebazo,GBIF Occurrence Download,Occdownload Gbif.Org [omid:ra/0602940611],2018,,,,,dataset,The Global Biodiversity Information Facility [omid:ra/0602940612],
omid:br/0601018874 doi:10.15468/dl.iebca3,Occurrence Download,Occdownload Gbif.Org [omid:ra/0602940613],2020,,,,,dataset,The Global Biodiversity Information Facility [omid:ra/0602940614],
omid:br/0601018875 doi:10.15468/dl.iebcxx,GBIF Occurrence Download,Occdownload Gbif.Org [omid:ra/0602940615],2019,,,,,dataset,The Global Biodiversity Information Facility [omid:ra/0602940616],
omid:br/0601018876 doi:10.15468/dl.iebej9,GBIF Occurrence Download,Occdownload Gbif.Org [omid:ra/0602940617],2017,,,,,dataset,The Global Biodiversity Information Facility [omid:ra/0602940618],
omid:br/0601018877 doi:10.15468/dl.iebg7n,GBIF Occurrence Download,Occdownload Gbif.Org [omid:ra/0602940619],2017,,,,,dataset,The Global Biodiversity Information Facility [omid:ra/0602940620],
omid:br/0601018878 doi:10.15468/dl.iebg9s,Occurrence Download,Occdownload Gbif.Org [omid:ra/0602940621],2020,,,,,dataset,The Global Biodiversity Information Facility [omid:ra/0602940622],
omid:br/0601018879 doi:10.15468/dl.iebghj,GBIF Occurrence Download,Occdownload Gbif.Org [omid:ra/0602940623],2017,,,,,dataset,The Global Biodiversity Information Facility [omid:ra/0602940624],
omid:br/060101888 doi:10.1594/pangaea.186926,Phytoplankton Abundance At Station FLUPAC_013,"Blain, Stéphane [omid:ra/060220468]; Blanchot, Jean [omid:ra/060220469]; Chrétiennot-Dinet, M-J [omid:ra/060220470]",2004,,,,,dataset,Pangaea - Data Publisher For Earth & Environmental Science [omid:ra/060220471],
omid:br/0601018880 doi:10.15468/dl.iebgiv,GBIF Occurrence Download,Occdownload Gbif.Org [omid:ra/0602940625],2016,,,,,dataset,The Global Biodiversity Information Facility [omid:ra/0602940626],
omid:br/0601018881 doi:10.15468/dl.iebio6,GBIF Occurrence Download,Occdownload Gbif.Org [omid:ra/0602940627],2018,,,,,dataset,The Global Biodiversity Information Facility [omid:ra/0602940628],
omid:br/0601018882 doi:10.15468/dl.iebm0e,Occurrence Download,Occdownload Gbif.Org [omid:ra/0602940629],2019,,,,,dataset,The Global Biodiversity Information Facility [omid:ra/0602940630],
omid:br/0601018883 doi:10.15468/dl.iebmpi,GBIF Occurrence Download,Occdownload Gbif.Org [omid:ra/0602940631],2018,,,,,dataset,The Global Biodiversity Information Facility [omid:ra/0602940632],
omid:br/0601018884 doi:10.15468/dl.iebrzq,GBIF Occurrence Download,Occdownload Gbif.Org [omid:ra/0602940633],2016,,,,,dataset,The Global Biodiversity Information Facility [omid:ra/0602940634],
omid:br/0601018885 doi:10.15468/dl.iebs1x,GBIF Occurrence Download,Occdownload Gbif.Org [omid:ra/0602940635],2016,,,,,dataset,The Global Biodiversity Information Facility [omid:ra/0602940636],
omid:br/0601018886 doi:10.15468/dl.iebvnl,GBIF Occurrence Download,Occdownload Gbif.Org [omid:ra/0602940637],2017,,,,,dataset,The Global Biodiversity Information Facility [omid:ra/0602940638],
omid:br/0601018887 doi:10.15468/dl.iebvsl,GBIF Occurrence Download,Occdownload Gbif.Org [omid:ra/0602940639],2019,,,,,dataset,The Global Biodiversity Information Facility [omid:ra/0602940640],
omid:br/0601018888 doi:10.15468/dl.iebxbg,GBIF Occurrence Download,Occdownload Gbif.Org [omid:ra/0602940641],2016,,,,,dataset,The Global Biodiversity Information Facility [omid:ra/0602940642],
omid:br/0601018889 doi:10.15468/dl.iebxng,GBIF Occurrence Download,Occdownload Gbif.Org [omid:ra/0602940643],2018,,,,,dataset,The Global Biodiversity Information Facility [omid:ra/0602940644],
omid:br/060101889 doi:10.1594/pangaea.186927,Phytoplankton Abundance At Station FLUPAC_014,"Blain, Stéphane [omid:ra/060220472]; Blanchot, Jean [omid:ra/060220473]; Chrétiennot-Dinet, M-J [omid:ra/060220474]",2004,,,,,dataset,Pangaea - Data Publisher For Earth & Environmental Science [omid:ra/060220475],
omid:br/0601018890 doi:10.15468/dl.iebxxn,GBIF Occurrence Download,Occdownload Gbif.Org [omid:ra/0602940645],2016,,,,,dataset,The Global Biodiversity Information Facility [omid:ra/0602940646],
omid:br/0601018891 doi:10.15468/dl.iec0aa,GBIF Occurrence Download,Occdownload Gbif.Org [omid:ra/0602940647],2019,,,,,dataset,The Global Biodiversity Information Facility [omid:ra/0602940648],
omid:br/0601018892 doi:10.15468/dl.iec1tc,GBIF Occurrence Download,Occdownload Gbif.Org [omid:ra/0602940649],2018,,,,,dataset,The Global Biodiversity Information Facility [omid:ra/0602940650],
omid:br/0601018893 doi:10.15468/dl.iec3if,GBIF Occurrence Download,Occdownload Gbif.Org [omid:ra/0602940651],2017,,,,,dataset,The Global Biodiversity Information Facility [omid:ra/0602940652],
omid:br/0601018894 doi:10.15468/dl.iec5nt,GBIF Occurrence Download,Occdownload Gbif.Org [omid:ra/0602940653],2018,,,,,dataset,The Global Biodiversity Information Facility [omid:ra/0602940654],
omid:br/0601018895 doi:10.15468/dl.iec8ih,GBIF Occurrence Download,Occdownload Gbif.Org [omid:ra/0602940655],2015,,,,,dataset,The Global Biodiversity Information Facility [omid:ra/0602940656],
omid:br/0601018896 doi:10.15468/dl.iecdgi,GBIF Occurrence Download,Occdownload Gbif.Org [omid:ra/0602940657],2017,,,,,dataset,The Global Biodiversity Information Facility [omid:ra/0602940658],
omid:br/0601018897 doi:10.15468/dl.iecdwa,GBIF Occurrence Download,Occdownload Gbif.Org [omid:ra/0602940659],2018,,,,,dataset,The Global Biodiversity Information Facility [omid:ra/0602940660],
omid:br/0601018898 doi:10.15468/dl.ieceh2,GBIF Occurrence Download,Occdownload Gbif.Org [omid:ra/0602940661],2015,,,,,dataset,The Global Biodiversity Information Facility [omid:ra/0602940662],
