id,citing,cited,creation,timespan,journal_sc,author_sc
oci:062104039277-06201490309,omid:br/062104039277,omid:br/06201490309,2020-02-01,-P0Y0M5D,no,no
oci:062104039239-0633032531,omid:br/062104039239,omid:br/0633032531,2020-06-01,P6Y4M2D,no,no
oci:062104039237-061101496153,omid:br/062104039237,omid:br/061101496153,2020-02-01,P0Y3M18D,no,no
oci:062104039237-061103081884,omid:br/062104039237,omid:br/061103081884,2020-02-01,P6Y7M14D,no,no
oci:062104039252-061101496044,omid:br/062104039252,omid:br/061101496044,2021-06-01,P1Y3M15D,no,no
oci:062104039252-06180292943,omid:br/062104039252,omid:br/06180292943,2021-06-01,P1Y7M10D,no,no
oci:062104039387-0620706497,omid:br/062104039387,omid:br/0620706497,2017,P3Y,no,no
oci:062104039266-06260980378,omid:br/062104039266,omid:br/06260980378,2020-12-01,P42Y,no,no
oci:062104039266-06140667381,omid:br/062104039266,omid:br/06140667381,2020-12-01,P0Y9M12D,no,no
oci:062104039266-06802390334,omid:br/062104039266,omid:br/06802390334,2020-12-01,P0Y4M23D,no,no
oci:062104039266-06160320483,omid:br/062104039266,omid:br/06160320483,2020-12-01,P29Y,no,no
oci:062104039266-061202122020,omid:br/062104039266,omid:br/061202122020,2020-12-01,P28Y3M4D,no,no
oci:062104039266-06110867275,omid:br/062104039266,omid:br/06110867275,2020-12-01,P6Y4M,no,no
oci:062104039266-06130861324,omid:br/062104039266,omid:br/06130861324,2020-12-01,P11Y11M,no,no
oci:062104039266-06120363353,omid:br/062104039266,omid:br/06120363353,2020-12-01,P17Y,no,no
oci:062104039266-061402024365,omid:br/062104039266,omid:br/061402024365,2020-12-01,P8Y9M0D,no,no
oci:062104039266-06110374868,omid:br/062104039266,omid:br/06110374868,2020-12-01,P15Y5M,no,no
oci:062104039266-0690329692,omid:br/062104039266,omid:br/0690329692,2020-12-01,P4Y6M,no,no
oci:062104039266-0660369819,omid:br/062104039266,omid:br/0660369819,2020-12-01,P7Y1M,no,no
oci:062104039266-061202005737,omid:br/062104039266,omid:br/061202005737,2020-12-01,P7Y,no,no
oci:062104039266-06150674402,omid:br/062104039266,omid:br/06150674402,2020-12-01,P4Y6M5D,no,no
oci:062104039266-0650870454,omid:br/062104039266,omid:br/0650870454,2020-12-01,P4Y4M21D,no,no
oci:062104039266-0690329955,omid:br/062104039266,omid:br/0690329955,2020-12-01,P5Y6M,no,no
oci:062104039266-06702403254,omid:br/062104039266,omid:br/06702403254,2020-12-01,P13Y0M18D,no,no
oci:062104039266-06170200086,omid:br/062104039266,omid:br/06170200086,2020-12-01,P7Y2M,no,no
oci:062104039266-06802390438,omid:br/062104039266,omid:br/06802390438,2020-12-01,P0Y5M13D,no,no
oci:062104039266-0640372261,omid:br/062104039266,omid:br/0640372261,2020-12-01,P3Y0M,no,no
oci:062104039266-0640371866,omid:br/062104039266,omid:br/0640371866,2020-12-01,P2Y11M,no,no
oci:062104039266-062401498065,omid:br/062104039266,omid:br/062401498065,2020-12-01,P3Y9M21D,no,no
oci:062104039266-062202032054,omid:br/062104039266,omid:br/062202032054,2020-12-01,P15Y10M0D,no,no
oci:062104039266-06190205849,omid:br/062104039266,omid:br/06190205849,2020-12-01,P14Y3M,no,no
oci:062104039266-06180671504,omid:br/062104039266,omid:br/06180671504,2020-12-01,P11Y5M5D,no,no
oci:062104039266-0639023107,omid:br/062104039266,omid:br/0639023107,2020-12-01,P6Y8M,no,no
oci:062104039266-061702400749,omid:br/062104039266,omid:br/061702400749,2020-12-01,P3Y,no,no
oci:062104039266-0640371923,omid:br/062104039266,omid:br/0640371923,2020-12-01,P2Y7M,no,no
oci:062104039266-06190422987,omid:br/062104039266,omid:br/06190422987,2020-12-01,P5Y11M19D,no,no
oci:062104039266-06802390434,omid:br/062104039266,omid:br/06802390434,2020-12-01,P0Y5M15D,no,no
oci:062104039266-06703125647,omid:br/062104039266,omid:br/06703125647,2020-12-01,P4Y10M,no,no
oci:062104039266-06903150652,omid:br/062104039266,omid:br/06903150652,2020-12-01,P10Y11M,no,no
oci:062104039266-06170511165,omid:br/062104039266,omid:br/06170511165,2020-12-01,P23Y7M16D,no,no
oci:062104039266-06102319921,omid:br/062104039266,omid:br/06102319921,2020-12-01,P17Y,no,no
oci:062104039266-061601567550,omid:br/062104039266,omid:br/061601567550,2020-12-01,P6Y,no,no
oci:062104039266-06403039138,omid:br/062104039266,omid:br/06403039138,2020-12-01,P3Y6M8D,no,no
oci:062104039266-0646033658,omid:br/062104039266,omid:br/0646033658,2020-12-01,P2Y1M23D,no,no
oci:062104039266-06302372572,omid:br/062104039266,omid:br/06302372572,2020-12-01,P7Y2M,no,no
oci:062104039266-061502411507,omid:br/062104039266,omid:br/061502411507,2020-12-01,P6Y6M,no,no
oci:062104039266-06220596173,omid:br/062104039266,omid:br/06220596173,2020-12-01,P4Y10M,no,no
oci:062104039266-06402585521,omid:br/062104039266,omid:br/06402585521,2020-12-01,P9Y4M,no,no
oci:062104039266-06150674007,omid:br/062104039266,omid:br/06150674007,2020-12-01,P3Y4M1D,no,no
oci:062104039266-06702376560,omid:br/062104039266,omid:br/06702376560,2020-12-01,P0Y3M28D,no,no
oci:062104039266-06140145133,omid:br/062104039266,omid:br/06140145133,2020-12-01,P1Y1M,no,no
oci:062104039266-06702376468,omid:br/062104039266,omid:br/06702376468,2020-12-01,P0Y3M5D,no,no
oci:062104039210-062501156371,omid:br/062104039210,omid:br/062501156371,2021-12-01,P4Y6M,no,no
oci:062104039481-061202119661,omid:br/062104039481,omid:br/061202119661,2018-06-01,-P0Y9M,no,no
oci:062104039306-0628024668,omid:br/062104039306,omid:br/0628024668,2022-06-01,P0Y11M,no,no
oci:062104039328-06160393395,omid:br/062104039328,omid:br/06160393395,2015,P0Y,no,no
oci:06420248295-061801584708,omid:br/06420248295,omid:br/061801584708,1998,-P11Y,no,no
oci:06420248295-062602882293,omid:br/06420248295,omid:br/062602882293,1998,P12Y,no,no
oci:06420248295-06203276316,omid:br/06420248295,omid:br/06203276316,1998,P9Y,no,no
oci:06420248295-06240205490,omid:br/06420248295,omid:br/06240205490,1998,P9Y,no,no
oci:06420248295-06203276223,omid:br/06420248295,omid:br/06203276223,1998,P9Y,no,no
oci:06420248295-0635066914,omid:br/06420248295,omid:br/0635066914,1998,P6Y,no,no
oci:06420248295-062303667421,omid:br/06420248295,omid:br/062303667421,1998,P4Y,no,no
oci:06420248295-062401792077,omid:br/06420248295,omid:br/062401792077,1998,P1Y,no,no
oci:0604286835-06404024120,omid:br/0604286835,omid:br/06404024120,2006,P40Y,no,no
oci:0604286835-062103031640,omid:br/0604286835,omid:br/062103031640,2006,P11Y,no,no
oci:0604286835-06901009608,omid:br/0604286835,omid:br/06901009608,2006,P52Y,no,no
oci:0604286835-061902194637,omid:br/0604286835,omid:br/061902194637,2006,P27Y,no,no
oci:0604286835-062301695819,omid:br/0604286835,omid:br/062301695819,2006,-P2Y,no,no
oci:061603931895-061403021548,omid:br/061603931895,omid:br/061403021548,1999,P12Y,no,no
oci:061603931895-061503043738,omid:br/061603931895,omid:br/061503043738,1999,P14Y,no,no
oci:061603931895-0630884560,omid:br/061603931895,omid:br/0630884560,1999,P29Y,no,no
oci:06420248255-061901516339,omid:br/06420248255,omid:br/061901516339,1998,P3Y,no,no
oci:06420248255-061402856336,omid:br/06420248255,omid:br/061402856336,1998,P7Y,no,no
oci:06420248255-06502512853,omid:br/06420248255,omid:br/06502512853,1998,P32Y,no,no
oci:06420248255-06170390932,omid:br/06420248255,omid:br/06170390932,1998,P8Y,no,no
oci:061603931922-062104032064,omid:br/061603931922,omid:br/062104032064,1999,P6Y,no,no
oci:061603932255-06290218103,omid:br/061603932255,omid:br/06290218103,2001,P18Y,no,no
oci:06420248265-061402856290,omid:br/06420248265,omid:br/061402856290,1998,P9Y,no,no
oci:06420248287-06370298545,omid:br/06420248287,omid:br/06370298545,1998,,no,no
oci:06420248287-06310212950,omid:br/06420248287,omid:br/06310212950,1998,P3Y,no,no
oci:06420248270-06370298540,omid:br/06420248270,omid:br/06370298540,1998,,no,no
oci:06420248275-062403648059,omid:br/06420248275,omid:br/062403648059,1998,P10Y,no,no
oci:06420248275-061203037074,omid:br/06420248275,omid:br/061203037074,1998,P6Y,no,no
oci:06420248275-06401173555,omid:br/06420248275,omid:br/06401173555,1998,P4Y,no,no
oci:06420248275-061602203951,omid:br/06420248275,omid:br/061602203951,1998,P7Y,no,no
oci:06420248275-061902194695,omid:br/06420248275,omid:br/061902194695,1998,P4Y,no,no
oci:061603932207-06260223724,omid:br/061603932207,omid:br/06260223724,2001,P36Y,no,no
oci:061603932207-062104032559,omid:br/061603932207,omid:br/062104032559,2001,P19Y,no,no
oci:061603932207-062104032607,omid:br/061603932207,omid:br/062104032607,2001,P17Y,no,no
oci:0604286844-062203035245,omid:br/0604286844,omid:br/062203035245,2006,P3Y,no,no
oci:0604286844-061802188024,omid:br/0604286844,omid:br/061802188024,2006,P10Y,no,no
oci:0604286844-062401775413,omid:br/0604286844,omid:br/062401775413,2006,P2Y,no,no
oci:0604286844-061202226061,omid:br/0604286844,omid:br/061202226061,2006,P8Y,no,no
oci:061603931931-061201154615,omid:br/061603931931,omid:br/061201154615,1999,P1Y,no,no
oci:061603931931-061402210339,omid:br/061603931931,omid:br/061402210339,1999,P10Y,no,no
oci:061603931931-061503598123,omid:br/061603931931,omid:br/061503598123,1999,,no,no
oci:06420248282-06260281044,omid:br/06420248282,omid:br/06260281044,1998,P18Y,no,no
oci:06420248282-06604139173,omid:br/06420248282,omid:br/06604139173,1998,P9Y,no,no
oci:06420248282-0604026194,omid:br/06420248282,omid:br/0604026194,1998,P1Y,no,no
oci:06420248282-062504056337,omid:br/06420248282,omid:br/062504056337,1998,P2Y,no,no
oci:06420248288-0670877367,omid:br/06420248288,omid:br/0670877367,1998,P12Y,no,no
oci:06420248273-06370298541,omid:br/06420248273,omid:br/06370298541,1998,,no,no
oci:061603931966-061503646638,omid:br/061603931966,omid:br/061503646638,1999,P10Y,no,no
oci:061603931966-062103031497,omid:br/061603931966,omid:br/062103031497,1999,P4Y,no,no
oci:06420248274-061503043738,omid:br/06420248274,omid:br/061503043738,1998,P13Y,no,no
oci:06420248274-06204025311,omid:br/06420248274,omid:br/06204025311,1998,P8Y,no,no
oci:06420248274-061403021548,omid:br/06420248274,omid:br/061403021548,1998,P11Y,no,no
oci:06420248274-06490209045,omid:br/06420248274,omid:br/06490209045,1998,P5Y,no,no
oci:06420248274-06370298542,omid:br/06420248274,omid:br/06370298542,1998,,no,no
oci:0604286841-061303496999,omid:br/0604286841,omid:br/061303496999,2006,P10Y,no,no
oci:0604286841-06701113829,omid:br/0604286841,omid:br/06701113829,2006,P7Y,no,no
oci:0604286841-061202732024,omid:br/0604286841,omid:br/061202732024,2006,P3Y,no,no
oci:0604286841-062303038814,omid:br/0604286841,omid:br/062303038814,2006,P5Y,no,no
oci:0604286841-061903717214,omid:br/0604286841,omid:br/061903717214,2006,P8Y,no,no
oci:0604286841-06201258275,omid:br/0604286841,omid:br/06201258275,2006,P7Y,no,no
oci:0604286841-0670617952,omid:br/0604286841,omid:br/0670617952,2006,P1Y,no,no
oci:06420248284-06201583707,omid:br/06420248284,omid:br/06201583707,1998,P16Y,no,no
oci:06420248284-062203642115,omid:br/06420248284,omid:br/062203642115,1998,P6Y,no,no
oci:06420248284-06504078628,omid:br/06420248284,omid:br/06504078628,1998,P4Y,no,no
oci:06420248284-062401792032,omid:br/06420248284,omid:br/062401792032,1998,P2Y,no,no
oci:06420248284-062501212933,omid:br/06420248284,omid:br/062501212933,1998,P8Y,no,no
oci:06420248284-061803037439,omid:br/06420248284,omid:br/061803037439,1998,P0Y,no,no
oci:061603931950-06203276223,omid:br/061603931950,omid:br/06203276223,1999,P10Y,no,no
oci:061603931950-06240205490,omid:br/061603931950,omid:br/06240205490,1999,P10Y,no,no
oci:061603931950-061501448679,omid:br/061603931950,omid:br/061501448679,1999,P1Y,no,no
oci:061603931950-06404024120,omid:br/061603931950,omid:br/06404024120,1999,P33Y,no,no
oci:06420248262-061902194423,omid:br/06420248262,omid:br/061902194423,1998,P8Y,no,no
oci:06420248262-0625090584,omid:br/06420248262,omid:br/0625090584,1998,P14Y,no,no
oci:06420248262-0632068866,omid:br/06420248262,omid:br/0632068866,1998,P2Y,no,no
oci:06420248262-0650886420,omid:br/06420248262,omid:br/0650886420,1998,P4Y,no,no
oci:0604286908-06804247533,omid:br/0604286908,omid:br/06804247533,2006,P2Y,no,no
oci:06420248285-062502119149,omid:br/06420248285,omid:br/062502119149,1998,P6Y,no,no
oci:06420248285-062103031735,omid:br/06420248285,omid:br/062103031735,1998,P3Y,no,no
oci:06420248285-061203036575,omid:br/06420248285,omid:br/061203036575,1998,P6Y,no,no
oci:06420248285-061403021548,omid:br/06420248285,omid:br/061403021548,1998,P11Y,no,no
oci:0604286839-06110214229,omid:br/0604286839,omid:br/06110214229,2006,P20Y,no,no
oci:0604286839-062403601359,omid:br/0604286839,omid:br/062403601359,2006,P14Y,no,no
oci:0604286839-06401528335,omid:br/0604286839,omid:br/06401528335,2006,P39Y,no,no
oci:0604286839-06310213122,omid:br/0604286839,omid:br/06310213122,2006,P7Y,no,no
oci:0604286839-0604837244,omid:br/0604286839,omid:br/0604837244,2006,P10Y,no,no
oci:061603931934-062104032211,omid:br/061603931934,omid:br/062104032211,1999,P3Y,no,no
oci:061603931934-062401792052,omid:br/061603931934,omid:br/062401792052,1999,P3Y,no,no
oci:061603931934-062102119826,omid:br/061603931934,omid:br/062102119826,1999,P35Y,no,no
oci:061603931934-061702207956,omid:br/061603931934,omid:br/061702207956,1999,P18Y,no,no
oci:061603931934-061902194423,omid:br/061603931934,omid:br/061902194423,1999,P9Y,no,no
oci:061603932277-062104031988,omid:br/061603932277,omid:br/062104031988,2004,P18Y,no,no
oci:061603932277-061202225839,omid:br/061603932277,omid:br/061202225839,2004,P18Y,no,no
oci:061603932277-061202225460,omid:br/061603932277,omid:br/061202225460,2004,P14Y,no,no
oci:061603931890-061303496999,omid:br/061603931890,omid:br/061303496999,1999,P3Y,no,no
oci:061603931890-06270320298,omid:br/061603931890,omid:br/06270320298,1999,,no,no
oci:06504002972-06601334884,omid:br/06504002972,omid:br/06601334884,2006,P1Y,no,no
oci:06504002972-0604837245,omid:br/06504002972,omid:br/0604837245,2006,P6Y,no,no
oci:06504002972-061902194412,omid:br/06504002972,omid:br/061902194412,2006,P4Y,no,no
oci:061603932320-061303496999,omid:br/061603932320,omid:br/061303496999,2004,P8Y,no,no
oci:061603932320-061703954331,omid:br/061603932320,omid:br/061703954331,2004,P2Y,no,no
oci:061603932320-0670210384,omid:br/061603932320,omid:br/0670210384,2004,P30Y,no,no
oci:061603932320-06280225151,omid:br/061603932320,omid:br/06280225151,2004,P6Y,no,no
oci:061603932320-061303032080,omid:br/061603932320,omid:br/061303032080,2004,P9Y,no,no
oci:061603932320-06503922225,omid:br/061603932320,omid:br/06503922225,2004,P9Y,no,no
oci:061603932320-06803899226,omid:br/061603932320,omid:br/06803899226,2004,P4Y,no,no
oci:061603932320-06901175559,omid:br/061603932320,omid:br/06901175559,2004,P6Y,no,no
oci:061603932320-06501177609,omid:br/061603932320,omid:br/06501177609,2004,P7Y,no,no
oci:061603931926-0630395881,omid:br/061603931926,omid:br/0630395881,1999,P2Y,no,no
oci:06420248289-062402120383,omid:br/06420248289,omid:br/062402120383,1998,P14Y,no,no
oci:06420248289-06170955885,omid:br/06420248289,omid:br/06170955885,1998,P18Y,no,no
oci:06420248289-062103031640,omid:br/06420248289,omid:br/062103031640,1998,P3Y,no,no
oci:0604286819-061803037298,omid:br/0604286819,omid:br/061803037298,2006,P8Y,no,no
oci:0604286819-061803036671,omid:br/0604286819,omid:br/061803036671,2006,P7Y,no,no
oci:0604286819-06603723475,omid:br/0604286819,omid:br/06603723475,2006,P2Y,no,no
oci:0604286819-062103031622,omid:br/0604286819,omid:br/062103031622,2006,P11Y,no,no
oci:0604286819-0630395700,omid:br/0604286819,omid:br/0630395700,2006,P8Y,no,no
oci:0604286819-06603723459,omid:br/0604286819,omid:br/06603723459,2006,P2Y,no,no
oci:061603932311-0625090584,omid:br/061603932311,omid:br/0625090584,2004,P20Y,no,no
oci:061603932311-0632068866,omid:br/061603932311,omid:br/0632068866,2004,P8Y,no,no
oci:06420248281-062601599867,omid:br/06420248281,omid:br/062601599867,1998,P20Y,no,no
oci:06420248281-06301584361,omid:br/06420248281,omid:br/06301584361,1998,P14Y,no,no
oci:06420248281-061703953808,omid:br/06420248281,omid:br/061703953808,1998,P4Y,no,no
oci:0604286867-06902461795,omid:br/0604286867,omid:br/06902461795,2008,P7Y,no,no
oci:0604286867-06804194689,omid:br/0604286867,omid:br/06804194689,2008,P8Y,no,no
oci:0604286867-062601832076,omid:br/0604286867,omid:br/062601832076,2008,P1Y,no,no
oci:0604286867-06802338927,omid:br/0604286867,omid:br/06802338927,2008,P5Y,no,no
oci:0604286867-062203034686,omid:br/0604286867,omid:br/062203034686,2008,P8Y,no,no
oci:0604286867-06201655970,omid:br/0604286867,omid:br/06201655970,2008,P0Y,no,no
oci:0604286867-06403715250,omid:br/0604286867,omid:br/06403715250,2008,P7Y,no,no
oci:0604286867-06803433564,omid:br/0604286867,omid:br/06803433564,2008,P0Y,no,no
oci:0604286867-061502824818,omid:br/0604286867,omid:br/061502824818,2008,P4Y,no,no
oci:0604286867-06703222235,omid:br/0604286867,omid:br/06703222235,2008,P0Y,no,no
oci:0604286867-06210394861,omid:br/0604286867,omid:br/06210394861,2008,P4Y,no,no
oci:061603932303-061903577375,omid:br/061603932303,omid:br/061903577375,2004,P13Y,no,no
oci:061603932303-062401792052,omid:br/061603932303,omid:br/062401792052,2004,P8Y,no,no
oci:061603932303-0625090584,omid:br/061603932303,omid:br/0625090584,2004,P20Y,no,no
oci:061603931973-061902194521,omid:br/061603931973,omid:br/061902194521,2000,P23Y,no,no
oci:061603931973-06130947533,omid:br/061603931973,omid:br/06130947533,2000,P15Y,no,no
oci:0604286912-061301573412,omid:br/0604286912,omid:br/061301573412,2006,P16Y,no,no
oci:0604286912-06403909885,omid:br/0604286912,omid:br/06403909885,2006,P7Y,no,no
oci:0604286912-0610832866,omid:br/0604286912,omid:br/0610832866,2006,P11Y,no,no
oci:0604286912-06203530239,omid:br/0604286912,omid:br/06203530239,2006,P7Y,no,no
oci:0604286912-061501579739,omid:br/0604286912,omid:br/061501579739,2006,P6Y,no,no
oci:0604286912-061803037477,omid:br/0604286912,omid:br/061803037477,2006,P7Y,no,no
oci:0604286912-061501580458,omid:br/0604286912,omid:br/061501580458,2006,P5Y,no,no
oci:0604286912-061701582229,omid:br/0604286912,omid:br/061701582229,2006,P5Y,no,no
oci:0604286864-062101889544,omid:br/0604286864,omid:br/062101889544,2008,P3Y,no,no
oci:0604286864-061902195208,omid:br/0604286864,omid:br/061902195208,2008,P3Y,no,no
oci:0604286864-061902195246,omid:br/0604286864,omid:br/061902195246,2008,P2Y,no,no
oci:0604286834-062401792052,omid:br/0604286834,omid:br/062401792052,2008,P12Y,no,no
oci:0604286834-06503739263,omid:br/0604286834,omid:br/06503739263,2008,P0Y,no,no
oci:0604286834-06201801069,omid:br/0604286834,omid:br/06201801069,2008,P0Y,no,no
oci:0604286834-062302431657,omid:br/0604286834,omid:br/062302431657,2008,P1Y,no,no
oci:0604286834-062102389830,omid:br/0604286834,omid:br/062102389830,2008,P3Y,no,no
oci:0604286834-061101093067,omid:br/0604286834,omid:br/061101093067,2008,P9Y,no,no
oci:062203560008-061101201820,omid:br/062203560008,omid:br/061101201820,2000,P61Y,no,no
oci:062203560008-061403021548,omid:br/062203560008,omid:br/061403021548,2000,P13Y,no,no
oci:062203560008-061602203951,omid:br/062203560008,omid:br/061602203951,2000,P9Y,no,no
oci:062203560008-062401792052,omid:br/062203560008,omid:br/062401792052,2000,P4Y,no,no
oci:062203560008-06140463323,omid:br/062203560008,omid:br/06140463323,2000,P3Y,no,no
oci:06420248276-06404024120,omid:br/06420248276,omid:br/06404024120,1998,P32Y,no,no
oci:06420248276-062501802010,omid:br/06420248276,omid:br/062501802010,1998,P12Y,no,no
oci:06420248276-061902225396,omid:br/06420248276,omid:br/061902225396,1998,P17Y,no,no
oci:06420248276-061802188131,omid:br/06420248276,omid:br/061802188131,1998,P8Y,no,no
oci:06420248276-06260223724,omid:br/06420248276,omid:br/06260223724,1998,P33Y,no,no
oci:06420248276-061702201676,omid:br/06420248276,omid:br/061702201676,1998,P17Y,no,no
oci:06420248276-062201692760,omid:br/06420248276,omid:br/062201692760,1998,-P10Y,no,no
oci:06420248276-061802188165,omid:br/06420248276,omid:br/061802188165,1998,P8Y,no,no
oci:06420248276-062103031640,omid:br/06420248276,omid:br/062103031640,1998,P3Y,no,no
oci:061603931972-06110214388,omid:br/061603931972,omid:br/06110214388,2000,P33Y,no,no
oci:061603931972-06110214527,omid:br/061603931972,omid:br/06110214527,2000,P16Y,no,no
oci:061603932319-06301553529,omid:br/061603932319,omid:br/06301553529,2004,P38Y,no,no
oci:061603932319-06201113154,omid:br/061603932319,omid:br/06201113154,2004,P37Y,no,no
oci:061603932232-06260106562,omid:br/061603932232,omid:br/06260106562,2002,P7Y,no,no
oci:061603932232-0612088721,omid:br/061603932232,omid:br/0612088721,2002,P15Y,no,no
oci:061603932232-0650207724,omid:br/061603932232,omid:br/0650207724,2002,P26Y,no,no
oci:061603932232-061702207956,omid:br/061603932232,omid:br/061702207956,2002,P21Y,no,no
oci:061603932293-062401792052,omid:br/061603932293,omid:br/062401792052,2004,P8Y,no,no
oci:061603932251-061803286168,omid:br/061603932251,omid:br/061803286168,2002,P0Y,no,no
oci:061603932289-0604837245,omid:br/061603932289,omid:br/0604837245,2004,P4Y,no,no
oci:061603932289-061801575159,omid:br/061603932289,omid:br/061801575159,2004,P3Y,no,no
oci:0604286911-0650886420,omid:br/0604286911,omid:br/0650886420,2006,P12Y,no,no
oci:0604286911-063604538,omid:br/0604286911,omid:br/063604538,2006,P13Y,no,no
oci:0604286911-06903610759,omid:br/0604286911,omid:br/06903610759,2006,,no,no
oci:061603931916-065202956,omid:br/061603931916,omid:br/065202956,2000,P38Y,no,no
oci:061603931916-0670210384,omid:br/061603931916,omid:br/0670210384,2000,P26Y,no,no
oci:061603931916-06104481731,omid:br/061603931916,omid:br/06104481731,2000,P4Y,no,no
oci:061603931916-062103031715,omid:br/061603931916,omid:br/062103031715,2000,P5Y,no,no
oci:0604286866-06501595690,omid:br/0604286866,omid:br/06501595690,2008,P55Y,no,no
oci:0604286866-062401555921,omid:br/0604286866,omid:br/062401555921,2008,P24Y,no,no
oci:0604286866-06103539668,omid:br/0604286866,omid:br/06103539668,2008,P5Y,no,no
oci:0604286866-0648025831,omid:br/0604286866,omid:br/0648025831,2008,P0Y,no,no
oci:0604286866-06404070019,omid:br/0604286866,omid:br/06404070019,2008,P13Y,no,no
oci:0604286866-063804379,omid:br/0604286866,omid:br/063804379,2008,P17Y,no,no
oci:0604286866-062103031508,omid:br/0604286866,omid:br/062103031508,2008,P13Y,no,no
oci:0604286866-062403647295,omid:br/0604286866,omid:br/062403647295,2008,P19Y,no,no
oci:0604286866-062503634537,omid:br/0604286866,omid:br/062503634537,2008,P21Y,no,no
oci:0604286866-06203530066,omid:br/0604286866,omid:br/06203530066,2008,P9Y,no,no
oci:0604286866-06170360158,omid:br/0604286866,omid:br/06170360158,2008,P2Y,no,no
oci:06420248277-061602208530,omid:br/06420248277,omid:br/061602208530,1998,P3Y,no,no
oci:06420248277-0640620918,omid:br/06420248277,omid:br/0640620918,1998,P38Y,no,no
oci:061603932191-061103623009,omid:br/061603932191,omid:br/061103623009,2002,P2Y,no,no
oci:061603932191-061302229913,omid:br/061603932191,omid:br/061302229913,2002,P8Y,no,no
oci:061603932191-06804601211,omid:br/061603932191,omid:br/06804601211,2002,,no,no
oci:061603931941-062401792052,omid:br/061603931941,omid:br/062401792052,2000,P4Y,no,no
oci:061603931941-061101166478,omid:br/061603931941,omid:br/061101166478,2000,P1Y,no,no
oci:061603931941-061601046584,omid:br/061603931941,omid:br/061601046584,2000,P5Y,no,no
oci:0604286828-061903577375,omid:br/0604286828,omid:br/061903577375,2006,P15Y,no,no
oci:061603932305-061802188939,omid:br/061603932305,omid:br/061802188939,2004,P1Y,no,no
oci:061603932305-061601584941,omid:br/061603932305,omid:br/061601584941,2004,P1Y,no,no
oci:061603932305-061702201722,omid:br/061603932305,omid:br/061702201722,2004,P0Y,no,no
oci:061603932305-061802188093,omid:br/061603932305,omid:br/061802188093,2004,P0Y,no,no
oci:061603932305-061903577375,omid:br/061603932305,omid:br/061903577375,2004,P13Y,no,no
oci:061603932305-062401792052,omid:br/061603932305,omid:br/062401792052,2004,P8Y,no,no
oci:061603932305-061203285970,omid:br/061603932305,omid:br/061203285970,2004,P13Y,no,no
oci:06420248264-061501093263,omid:br/06420248264,omid:br/061501093263,1998,P5Y,no,no
oci:061603932189-06170549457,omid:br/061603932189,omid:br/06170549457,2002,P14Y,no,no
oci:061603932189-06201583705,omid:br/061603932189,omid:br/06201583705,2002,P24Y,no,no
oci:061603932189-062403648059,omid:br/061603932189,omid:br/062403648059,2002,P14Y,no,no
oci:061603932189-061403021875,omid:br/061603932189,omid:br/061403021875,2002,P13Y,no,no
oci:061603932189-06210552473,omid:br/061603932189,omid:br/06210552473,2002,P12Y,no,no
oci:061603932189-061303497124,omid:br/061603932189,omid:br/061303497124,2002,P5Y,no,no
oci:061603932189-0670877501,omid:br/061603932189,omid:br/0670877501,2002,P6Y,no,no
oci:061603932189-06201817272,omid:br/061603932189,omid:br/06201817272,2002,P3Y,no,no
oci:061603932189-0632068866,omid:br/061603932189,omid:br/0632068866,2002,P6Y,no,no
oci:061603932189-0625090584,omid:br/061603932189,omid:br/0625090584,2002,P18Y,no,no
oci:061603932189-06180828780,omid:br/061603932189,omid:br/06180828780,2002,P2Y,no,no
oci:061603932189-0632068462,omid:br/061603932189,omid:br/0632068462,2002,P2Y,no,no
oci:061303577115-061203037074,omid:br/061303577115,omid:br/061203037074,2002,P10Y,no,no
oci:061303577115-061303497124,omid:br/061303577115,omid:br/061303497124,2002,P5Y,no,no
oci:061303577115-061602203951,omid:br/061303577115,omid:br/061602203951,2002,P11Y,no,no
oci:061303577115-0632068866,omid:br/061303577115,omid:br/0632068866,2002,P6Y,no,no
oci:061303577115-06130928144,omid:br/061303577115,omid:br/06130928144,2002,P2Y,no,no
oci:0604286861-0650827668,omid:br/0604286861,omid:br/0650827668,2006,P3Y,no,no
oci:0604286861-061801574996,omid:br/0604286861,omid:br/061801574996,2006,P4Y,no,no
oci:0604286861-061303496999,omid:br/0604286861,omid:br/061303496999,2006,P10Y,no,no
oci:0604286861-061102714371,omid:br/0604286861,omid:br/061102714371,2006,P12Y,no,no
oci:06420248256-061302230149,omid:br/06420248256,omid:br/061302230149,1998,P1Y,no,no
oci:06420248256-061501093263,omid:br/06420248256,omid:br/061501093263,1998,P5Y,no,no
oci:06420248256-06502513049,omid:br/06420248256,omid:br/06502513049,1998,P24Y,no,no
oci:06420248256-061903577375,omid:br/06420248256,omid:br/061903577375,1998,P7Y,no,no
oci:061603931964-06404024120,omid:br/061603931964,omid:br/06404024120,2000,P34Y,no,no
oci:061603931964-061802188165,omid:br/061603931964,omid:br/061802188165,2000,P10Y,no,no
oci:0604286897-0625090421,omid:br/0604286897,omid:br/0625090421,2008,P29Y,no,no
oci:0604286897-06502861414,omid:br/0604286897,omid:br/06502861414,2008,P3Y,no,no
oci:0604286897-06702835081,omid:br/0604286897,omid:br/06702835081,2008,P5Y,no,no
oci:0604286897-062504056325,omid:br/0604286897,omid:br/062504056325,2008,P12Y,no,no
oci:061603932326-06170955885,omid:br/061603932326,omid:br/06170955885,2004,P24Y,no,no
oci:061603932326-06301584368,omid:br/061603932326,omid:br/06301584368,2004,P24Y,no,no
oci:061603932326-06170468002,omid:br/061603932326,omid:br/06170468002,2004,P0Y,no,no
oci:061603932326-06201817077,omid:br/061603932326,omid:br/06201817077,2004,P2Y,no,no
oci:061603932326-061103733728,omid:br/061603932326,omid:br/061103733728,2004,P5Y,no,no
oci:061603932326-061601584208,omid:br/061603932326,omid:br/061601584208,2004,P3Y,no,no
oci:061603932326-062103560817,omid:br/061603932326,omid:br/062103560817,2004,,no,no
oci:061603932200-06120943169,omid:br/061603932200,omid:br/06120943169,2002,P11Y,no,no
oci:061603932200-0652061355,omid:br/061603932200,omid:br/0652061355,2002,P0Y,no,no
oci:061603932200-061301573450,omid:br/061603932200,omid:br/061301573450,2002,P12Y,no,no
oci:061603932200-06260281044,omid:br/061603932200,omid:br/06260281044,2002,P22Y,no,no
oci:061603932200-06604139173,omid:br/061603932200,omid:br/06604139173,2002,P13Y,no,no
oci:061603932200-062404056908,omid:br/061603932200,omid:br/062404056908,2002,P13Y,no,no
oci:061603932200-062504056337,omid:br/061603932200,omid:br/062504056337,2002,P6Y,no,no
oci:061603932200-061401562633,omid:br/061603932200,omid:br/061401562633,2002,P16Y,no,no
oci:061603932200-06130836194,omid:br/061603932200,omid:br/06130836194,2002,P22Y,no,no
oci:061603932200-0604026194,omid:br/061603932200,omid:br/0604026194,2002,P5Y,no,no
oci:061603932200-06160846454,omid:br/061603932200,omid:br/06160846454,2002,P16Y,no,no
oci:061603932200-06901344896,omid:br/061603932200,omid:br/06901344896,2002,P5Y,no,no
oci:061603932200-061701898905,omid:br/061603932200,omid:br/061701898905,2002,P8Y,no,no
oci:061603932200-06130947785,omid:br/061603932200,omid:br/06130947785,2002,P6Y,no,no
oci:061603932200-062101890097,omid:br/061603932200,omid:br/062101890097,2002,P5Y,no,no
oci:061603932200-06180840250,omid:br/061603932200,omid:br/06180840250,2002,P3Y,no,no
oci:061603932200-06280225145,omid:br/061603932200,omid:br/06280225145,2002,P4Y,no,no
oci:06420248257-06201171861,omid:br/06420248257,omid:br/06201171861,1998,P8Y,no,no
oci:06420248257-062401792052,omid:br/06420248257,omid:br/062401792052,1998,P2Y,no,no
oci:06420248257-06110214527,omid:br/06420248257,omid:br/06110214527,1998,P14Y,no,no
oci:0604286888-061503043715,omid:br/0604286888,omid:br/061503043715,2008,P18Y,no,no
oci:0604286888-061403766638,omid:br/0604286888,omid:br/061403766638,2008,P9Y,no,no
oci:0604286888-062603879386,omid:br/0604286888,omid:br/062603879386,2008,P8Y,no,no
oci:0604286888-061602146670,omid:br/0604286888,omid:br/061602146670,2008,P5Y,no,no
oci:0604286887-06130204726,omid:br/0604286887,omid:br/06130204726,2006,P2Y,no,no
oci:0604286887-062203034655,omid:br/0604286887,omid:br/062203034655,2006,P6Y,no,no
oci:0604286887-061801157443,omid:br/0604286887,omid:br/061801157443,2006,P11Y,no,no
oci:0604286887-061603052136,omid:br/0604286887,omid:br/061603052136,2006,P1Y,no,no
oci:0604286887-062401792052,omid:br/0604286887,omid:br/062401792052,2006,P10Y,no,no
oci:0604286887-0660208137,omid:br/0604286887,omid:br/0660208137,2006,P24Y,no,no
oci:06703969079-061303031889,omid:br/06703969079,omid:br/061303031889,2006,P13Y,no,no
oci:06703969079-062504056498,omid:br/06703969079,omid:br/062504056498,2006,P9Y,no,no
oci:06703969079-062104031988,omid:br/06703969079,omid:br/062104031988,2006,P20Y,no,no
oci:061603931906-061503043827,omid:br/061603931906,omid:br/061503043827,2000,P10Y,no,no
oci:061603931906-0670210122,omid:br/061603931906,omid:br/0670210122,2000,P25Y,no,no
oci:061603931906-061902194394,omid:br/061603931906,omid:br/061902194394,2000,P16Y,no,no
oci:061603931906-06270320299,omid:br/061603931906,omid:br/06270320299,2000,,no,no
oci:061603931906-06301584177,omid:br/061603931906,omid:br/06301584177,2000,P26Y,no,no
oci:061603931906-061203036870,omid:br/061603931906,omid:br/061203036870,2000,P7Y,no,no
oci:061603931906-06310212958,omid:br/061603931906,omid:br/06310212958,2000,P5Y,no,no
oci:061603932260-061403021548,omid:br/061603932260,omid:br/061403021548,2002,P15Y,no,no
oci:061603932077-0630142658,omid:br/061603932077,omid:br/0630142658,2019,P1Y,no,no
oci:06420248259-061101132595,omid:br/06420248259,omid:br/061101132595,1998,P7Y,no,no
oci:061603932169-06201171861,omid:br/061603932169,omid:br/06201171861,2002,P12Y,no,no
oci:061603932169-061901581995,omid:br/061603932169,omid:br/061901581995,2002,P1Y,no,no
oci:061603932169-062203034839,omid:br/061603932169,omid:br/062203034839,2002,P2Y,no,no
oci:0604286830-062401555921,omid:br/0604286830,omid:br/062401555921,2006,P22Y,no,no
oci:061603932238-061402210789,omid:br/061603932238,omid:br/061402210789,2002,P11Y,no,no
oci:061603932238-06604139173,omid:br/061603932238,omid:br/06604139173,2002,P13Y,no,no
oci:061603932238-06190399252,omid:br/061603932238,omid:br/06190399252,2002,P10Y,no,no
oci:061603932238-06260281044,omid:br/061603932238,omid:br/06260281044,2002,P22Y,no,no
oci:061603932238-062504056337,omid:br/061603932238,omid:br/062504056337,2002,P6Y,no,no
oci:061603931937-062104032211,omid:br/061603931937,omid:br/062104032211,2000,P4Y,no,no
oci:061603931937-06502513049,omid:br/061603931937,omid:br/06502513049,2000,P26Y,no,no
oci:061603931937-061501165525,omid:br/061603931937,omid:br/061501165525,2000,P13Y,no,no
oci:061603931937-06301584192,omid:br/061603931937,omid:br/06301584192,2000,P16Y,no,no
oci:061603931937-061902194423,omid:br/061603931937,omid:br/061902194423,2000,P10Y,no,no
oci:061603932295-061503579852,omid:br/061603932295,omid:br/061503579852,2004,P5Y,no,no
oci:06420248260-062501212933,omid:br/06420248260,omid:br/062501212933,1998,P8Y,no,no
oci:06420248260-062203642115,omid:br/06420248260,omid:br/062203642115,1998,P6Y,no,no
oci:06420248260-06180552421,omid:br/06420248260,omid:br/06180552421,1998,P3Y,no,no
oci:06420248260-062302690671,omid:br/06420248260,omid:br/062302690671,1998,P15Y,no,no
oci:061603932177-063604538,omid:br/061603932177,omid:br/063604538,2002,P9Y,no,no
oci:061603932177-06310212950,omid:br/061603932177,omid:br/06310212950,2002,P7Y,no,no
oci:061603932177-061802188705,omid:br/061603932177,omid:br/061802188705,2002,P21Y,no,no
oci:0604286885-06101597203,omid:br/0604286885,omid:br/06101597203,2006,P35Y,no,no
oci:0604286885-06701575667,omid:br/0604286885,omid:br/06701575667,2006,P26Y,no,no
oci:0604286885-061403021054,omid:br/0604286885,omid:br/061403021054,2006,P18Y,no,no
oci:0604286885-061303496999,omid:br/0604286885,omid:br/061303496999,2006,P10Y,no,no
oci:0604286885-062203035245,omid:br/0604286885,omid:br/062203035245,2006,P3Y,no,no
oci:0604286885-061703954331,omid:br/0604286885,omid:br/061703954331,2006,P4Y,no,no
oci:0604286885-061503044105,omid:br/0604286885,omid:br/061503044105,2006,P2Y,no,no
oci:0604286885-0670210384,omid:br/0604286885,omid:br/0670210384,2006,P32Y,no,no
oci:0604286885-06802506606,omid:br/0604286885,omid:br/06802506606,2006,P15Y,no,no
oci:0604286885-061302229782,omid:br/0604286885,omid:br/061302229782,2006,P0Y,no,no
oci:0604286885-06280225151,omid:br/0604286885,omid:br/06280225151,2006,P8Y,no,no
oci:0604286885-06501177609,omid:br/0604286885,omid:br/06501177609,2006,P9Y,no,no
oci:0604286885-06130204726,omid:br/0604286885,omid:br/06130204726,2006,P2Y,no,no
oci:0604286846-06903679766,omid:br/0604286846,omid:br/06903679766,2008,P5Y,no,no
oci:0604286846-062401792052,omid:br/0604286846,omid:br/062401792052,2008,P12Y,no,no
oci:0604286846-06403715250,omid:br/0604286846,omid:br/06403715250,2008,P7Y,no,no
oci:0604286846-06702519180,omid:br/0604286846,omid:br/06702519180,2008,P1Y,no,no
oci:0604286846-062401555628,omid:br/0604286846,omid:br/062401555628,2008,P24Y,no,no
oci:061603931947-06270320301,omid:br/061603931947,omid:br/06270320301,2000,,no,no
oci:061603931947-061302230149,omid:br/061603931947,omid:br/061302230149,2000,P3Y,no,no
oci:061603931947-061501093263,omid:br/061603931947,omid:br/061501093263,2000,P7Y,no,no
oci:061603931967-06180992475,omid:br/061603931967,omid:br/06180992475,2000,P14Y,no,no
oci:061603931967-0690182372,omid:br/061603931967,omid:br/0690182372,2000,P11Y,no,no
oci:061603931967-061103693248,omid:br/061603931967,omid:br/061103693248,2000,P9Y,no,no
oci:0604286909-061603052136,omid:br/0604286909,omid:br/061603052136,2006,P1Y,no,no
oci:0604286909-061603052034,omid:br/0604286909,omid:br/061603052034,2006,P1Y,no,no
oci:0604286909-061603949545,omid:br/0604286909,omid:br/061603949545,2006,P5Y,no,no
oci:0604286909-062504056516,omid:br/0604286909,omid:br/062504056516,2006,P9Y,no,no
oci:0604286868-06902181201,omid:br/0604286868,omid:br/06902181201,2008,P5Y,no,no
oci:0604286868-061801575838,omid:br/0604286868,omid:br/061801575838,2008,P6Y,no,no
oci:0604286868-06902181197,omid:br/0604286868,omid:br/06902181197,2008,P5Y,no,no
oci:0604286868-06902181185,omid:br/0604286868,omid:br/06902181185,2008,P5Y,no,no
oci:0604286868-06902181412,omid:br/0604286868,omid:br/06902181412,2008,P5Y,no,no
oci:0604286868-06703891058,omid:br/0604286868,omid:br/06703891058,2008,P12Y,no,no
oci:0604286868-06702519018,omid:br/0604286868,omid:br/06702519018,2008,P1Y,no,no
oci:0604286868-06170391538,omid:br/0604286868,omid:br/06170391538,2008,P3Y,no,no
oci:0604286868-06280224784,omid:br/0604286868,omid:br/06280224784,2008,P2Y,no,no
oci:06420248271-062201692760,omid:br/06420248271,omid:br/062201692760,1998,-P10Y,no,no
oci:06420248271-062103031640,omid:br/06420248271,omid:br/062103031640,1998,P3Y,no,no
oci:06420248271-06404024120,omid:br/06420248271,omid:br/06404024120,1998,P32Y,no,no
oci:06420248271-062301815781,omid:br/06420248271,omid:br/062301815781,1998,P0Y,no,no
oci:06420248271-062401792077,omid:br/06420248271,omid:br/062401792077,1998,P1Y,no,no
oci:0604286905-06220613751,omid:br/0604286905,omid:br/06220613751,2008,P27Y,no,no
oci:0604286905-06101371756,omid:br/0604286905,omid:br/06101371756,2008,P6Y,no,no
oci:0604286905-06280224838,omid:br/0604286905,omid:br/06280224838,2008,P3Y,no,no
oci:0604286905-061302133850,omid:br/0604286905,omid:br/061302133850,2008,P21Y,no,no
oci:0604286905-061303032405,omid:br/0604286905,omid:br/061303032405,2008,P16Y,no,no
oci:0604286905-061401562078,omid:br/0604286905,omid:br/061401562078,2008,P17Y,no,no
oci:0604286905-062603879386,omid:br/0604286905,omid:br/062603879386,2008,P8Y,no,no
oci:0604286905-061503043715,omid:br/0604286905,omid:br/061503043715,2008,P18Y,no,no
oci:0604286905-061602146670,omid:br/0604286905,omid:br/061602146670,2008,P5Y,no,no
oci:061603932273-062301684265,omid:br/061603932273,omid:br/062301684265,2004,P3Y,no,no
oci:061603932273-0632068977,omid:br/061603932273,omid:br/0632068977,2004,P6Y,no,no
oci:06420248298-061802188165,omid:br/06420248298,omid:br/061802188165,1998,P8Y,no,no
oci:0604286845-062202428954,omid:br/0604286845,omid:br/062202428954,2008,P15Y,no,no
oci:0604286845-062601832551,omid:br/0604286845,omid:br/062601832551,2008,P1Y,no,no
oci:0604286845-0620395989,omid:br/0604286845,omid:br/0620395989,2008,P13Y,no,no
oci:0604286845-062402379907,omid:br/0604286845,omid:br/062402379907,2008,P7Y,no,no
oci:0604286845-06802536848,omid:br/0604286845,omid:br/06802536848,2008,P3Y,no,no
oci:061603932215-06301799895,omid:br/061603932215,omid:br/06301799895,2002,P0Y,no,no
oci:061603932215-06160363899,omid:br/061603932215,omid:br/06160363899,2002,P7Y,no,no
oci:061603932215-061403021669,omid:br/061603932215,omid:br/061403021669,2002,P12Y,no,no
oci:0604286855-06101371756,omid:br/0604286855,omid:br/06101371756,2006,P4Y,no,no
oci:0604286855-06503121654,omid:br/0604286855,omid:br/06503121654,2006,P2Y,no,no
oci:0604286855-061603051924,omid:br/0604286855,omid:br/061603051924,2006,P1Y,no,no
oci:0604286855-061902194566,omid:br/0604286855,omid:br/061902194566,2006,P15Y,no,no
oci:0604286855-06260568810,omid:br/0604286855,omid:br/06260568810,2006,P33Y,no,no
oci:0604286855-06230621504,omid:br/0604286855,omid:br/06230621504,2006,P23Y,no,no
oci:0604286855-06280224838,omid:br/0604286855,omid:br/06280224838,2006,P1Y,no,no
oci:0604286855-06280222174,omid:br/0604286855,omid:br/06280222174,2006,,no,no
oci:0604286855-06140813997,omid:br/0604286855,omid:br/06140813997,2006,P11Y,no,no
oci:0604286855-061902195153,omid:br/0604286855,omid:br/061902195153,2006,P0Y,no,no
oci:0604286855-06802338927,omid:br/0604286855,omid:br/06802338927,2006,P3Y,no,no
oci:0604286855-061902195072,omid:br/0604286855,omid:br/061902195072,2006,-P1Y,no,no
oci:0604286855-06903679725,omid:br/0604286855,omid:br/06903679725,2006,P3Y,no,no
oci:0604286855-06170972171,omid:br/0604286855,omid:br/06170972171,2006,P1Y,no,no
oci:0604286855-0603953157,omid:br/0604286855,omid:br/0603953157,2006,P3Y,no,no
oci:0604286855-0623085561,omid:br/0604286855,omid:br/0623085561,2006,P8Y,no,no
oci:0604286855-06501370568,omid:br/0604286855,omid:br/06501370568,2006,-P1Y,no,no
oci:0604286855-06501371076,omid:br/0604286855,omid:br/06501371076,2006,P2Y,no,no
oci:061603931929-062102120020,omid:br/061603931929,omid:br/062102120020,2000,P12Y,no,no
oci:061603931929-061503043682,omid:br/061603931929,omid:br/061503043682,2000,P12Y,no,no
oci:061603931929-061103743589,omid:br/061603931929,omid:br/061103743589,2000,P1Y,no,no
oci:061603932316-061103603830,omid:br/061603932316,omid:br/061103603830,2004,,no,no
oci:061603932316-06140203801,omid:br/061603932316,omid:br/06140203801,2004,P6Y,no,no
oci:061603932316-062103280646,omid:br/061603932316,omid:br/062103280646,2004,P5Y,no,no
oci:061603932316-06804194886,omid:br/061603932316,omid:br/06804194886,2004,P3Y,no,no
oci:061603932316-06903045812,omid:br/061603932316,omid:br/06903045812,2004,P0Y,no,no
oci:061603932316-06902181313,omid:br/061603932316,omid:br/06902181313,2004,P1Y,no,no
oci:061603932316-061803291041,omid:br/061603932316,omid:br/061803291041,2004,P1Y,no,no
oci:061603932316-064101222,omid:br/061603932316,omid:br/064101222,2004,P2Y,no,no
oci:061603932316-061802188705,omid:br/061603932316,omid:br/061802188705,2004,P23Y,no,no
oci:061603932316-06403909885,omid:br/061603932316,omid:br/06403909885,2004,P5Y,no,no
oci:06420248296-061802188131,omid:br/06420248296,omid:br/061802188131,1998,P8Y,no,no
oci:06420248296-06604024481,omid:br/06420248296,omid:br/06604024481,1998,P17Y,no,no
oci:06420248296-061403021854,omid:br/06420248296,omid:br/061403021854,1998,P13Y,no,no
oci:06420248296-06370298546,omid:br/06420248296,omid:br/06370298546,1998,,no,no
oci:06420248296-06180945152,omid:br/06420248296,omid:br/06180945152,1998,P22Y,no,no
oci:061603932299-061602203951,omid:br/061603932299,omid:br/061602203951,2004,P13Y,no,no
oci:061603932299-061101166478,omid:br/061603932299,omid:br/061101166478,2004,P5Y,no,no
oci:0604286883-06101371756,omid:br/0604286883,omid:br/06101371756,2008,P6Y,no,no
oci:0604286883-0623085561,omid:br/0604286883,omid:br/0623085561,2008,P10Y,no,no
oci:0604286883-06903679725,omid:br/0604286883,omid:br/06903679725,2008,P5Y,no,no
oci:0604286883-061103638724,omid:br/0604286883,omid:br/061103638724,2008,P5Y,no,no
oci:0604286883-06903651733,omid:br/0604286883,omid:br/06903651733,2008,P6Y,no,no
oci:0604286883-06503739459,omid:br/0604286883,omid:br/06503739459,2008,P1Y,no,no
oci:0604286883-061103638260,omid:br/0604286883,omid:br/061103638260,2008,P6Y,no,no
oci:0604286883-0670210301,omid:br/0604286883,omid:br/0670210301,2008,P24Y,no,no
oci:0604286883-06201817167,omid:br/0604286883,omid:br/06201817167,2008,P8Y,no,no
oci:0604286883-06230621504,omid:br/0604286883,omid:br/06230621504,2008,P25Y,no,no
oci:0604286883-06303727484,omid:br/0604286883,omid:br/06303727484,2008,P7Y,no,no
oci:0604286883-06501370568,omid:br/0604286883,omid:br/06501370568,2008,P1Y,no,no
oci:0604286883-06204305891,omid:br/0604286883,omid:br/06204305891,2008,P5Y,no,no
oci:0604286883-06603723420,omid:br/0604286883,omid:br/06603723420,2008,P3Y,no,no
oci:0604286883-061802188295,omid:br/0604286883,omid:br/061802188295,2008,P9Y,no,no
oci:0604286883-06503739467,omid:br/0604286883,omid:br/06503739467,2008,P1Y,no,no
oci:0604286883-062203642532,omid:br/0604286883,omid:br/062203642532,2008,P17Y,no,no
oci:0604286883-061701110071,omid:br/0604286883,omid:br/061701110071,2008,P14Y,no,no
oci:06420248258-06604024481,omid:br/06420248258,omid:br/06604024481,1998,P17Y,no,no
oci:06420248258-062401792077,omid:br/06420248258,omid:br/062401792077,1998,P1Y,no,no
oci:0604286836-061803291041,omid:br/0604286836,omid:br/061803291041,2008,P5Y,no,no
oci:0604286836-06802537179,omid:br/0604286836,omid:br/06802537179,2008,P4Y,no,no
oci:0604286836-061903577375,omid:br/0604286836,omid:br/061903577375,2008,P17Y,no,no
oci:0604286836-06180882041,omid:br/0604286836,omid:br/06180882041,2008,P9Y,no,no
oci:0604286836-06804194689,omid:br/0604286836,omid:br/06804194689,2008,P8Y,no,no
oci:0604286836-06103725999,omid:br/0604286836,omid:br/06103725999,2008,P8Y,no,no
oci:0604286836-06303714816,omid:br/0604286836,omid:br/06303714816,2008,P8Y,no,no
oci:061603932174-06804601209,omid:br/061603932174,omid:br/06804601209,2001,,no,no
oci:061603932174-0650621016,omid:br/061603932174,omid:br/0650621016,2001,P44Y,no,no
oci:06420248272-06404024120,omid:br/06420248272,omid:br/06404024120,1998,P32Y,no,no
oci:06420248272-061802188165,omid:br/06420248272,omid:br/061802188165,1998,P8Y,no,no
oci:061603932283-062504056498,omid:br/061603932283,omid:br/062504056498,2004,P7Y,no,no
oci:061603932283-061803286168,omid:br/061603932283,omid:br/061803286168,2004,P2Y,no,no
oci:061603932283-061101092982,omid:br/061603932283,omid:br/061101092982,2004,P7Y,no,no
oci:061603932283-061303031889,omid:br/061603932283,omid:br/061303031889,2004,P11Y,no,no
oci:061603932073-06120958321,omid:br/061603932073,omid:br/06120958321,2019,P0Y,no,no
oci:061603932219-061402209968,omid:br/061603932219,omid:br/061402209968,2001,P11Y,no,no
oci:061603932219-06501531639,omid:br/061603932219,omid:br/06501531639,2001,P61Y,no,no
oci:0604286817-061401150326,omid:br/0604286817,omid:br/061401150326,2008,P26Y,no,no
oci:0604286817-061401150563,omid:br/0604286817,omid:br/061401150563,2008,P11Y,no,no
oci:061603932263-06230354793,omid:br/061603932263,omid:br/06230354793,2019-03-29,P1Y4M21D,no,no
oci:061603932263-06190350767,omid:br/061603932263,omid:br/06190350767,2019-03-29,P0Y2M,no,no
oci:06420248294-06901009608,omid:br/06420248294,omid:br/06901009608,1998,P44Y,no,no
oci:06420248294-061902194637,omid:br/06420248294,omid:br/061902194637,1998,P19Y,no,no
oci:06420248294-062103031640,omid:br/06420248294,omid:br/062103031640,1998,P3Y,no,no
oci:061603932246-06270227506,omid:br/061603932246,omid:br/06270227506,2001,P16Y,no,no
oci:061603932246-0610561332,omid:br/061603932246,omid:br/0610561332,2001,P28Y,no,no
oci:061603932246-062601599911,omid:br/061603932246,omid:br/062601599911,2001,P42Y,no,no
oci:061603932321-06290218103,omid:br/061603932321,omid:br/06290218103,2005,P22Y,no,no
oci:061603932321-061804033251,omid:br/061603932321,omid:br/061804033251,2005,P14Y,no,no
oci:061603932222-061801158137,omid:br/061603932222,omid:br/061801158137,2001,P32Y,no,no
oci:061603932222-061803037503,omid:br/061603932222,omid:br/061803037503,2001,P3Y,no,no
oci:061603932222-061801575965,omid:br/061603932222,omid:br/061801575965,2001,P4Y,no,no
oci:061603932285-06403905017,omid:br/061603932285,omid:br/06403905017,2005,P3Y,no,no
oci:061603932285-06502513049,omid:br/061603932285,omid:br/06502513049,2005,P31Y,no,no
oci:061603932285-06102591445,omid:br/061603932285,omid:br/06102591445,2005,P34Y,no,no
oci:061603932285-062401792052,omid:br/061603932285,omid:br/062401792052,2005,P9Y,no,no
oci:061603932285-061101166478,omid:br/061603932285,omid:br/061101166478,2005,P6Y,no,no
oci:061603932285-061303776750,omid:br/061603932285,omid:br/061303776750,2005,P4Y,no,no
oci:061603932315-061903050298,omid:br/061603932315,omid:br/061903050298,2005,P7Y,no,no
oci:061603932304-062401792052,omid:br/061603932304,omid:br/062401792052,2005,P9Y,no,no
oci:061603932304-061903577375,omid:br/061603932304,omid:br/061903577375,2005,P14Y,no,no
oci:061603932304-061101166478,omid:br/061603932304,omid:br/061101166478,2005,P6Y,no,no
oci:061603931908-06160363613,omid:br/061603931908,omid:br/06160363613,2008,P0Y,no,no
oci:061603931908-0680883026,omid:br/061603931908,omid:br/0680883026,2008,P0Y,no,no
oci:061603931908-06603239401,omid:br/061603931908,omid:br/06603239401,2008,P0Y,no,no
oci:061603932175-061101201820,omid:br/061603932175,omid:br/061101201820,2001,P62Y,no,no
oci:061603932175-06260568810,omid:br/061603932175,omid:br/06260568810,2001,P28Y,no,no
oci:061603932175-061503043980,omid:br/061603932175,omid:br/061503043980,2001,P13Y,no,no
oci:061603932175-0640883357,omid:br/061603932175,omid:br/0640883357,2001,P23Y,no,no
oci:061603932175-062204042827,omid:br/061603932175,omid:br/062204042827,2001,P14Y,no,no
oci:061603932175-06310212988,omid:br/061603932175,omid:br/06310212988,2001,P7Y,no,no
oci:061603932175-062604068635,omid:br/061603932175,omid:br/062604068635,2001,P7Y,no,no
oci:061603932175-061403565947,omid:br/061603932175,omid:br/061403565947,2001,P12Y,no,no
oci:061603932197-06130928144,omid:br/061603932197,omid:br/06130928144,2001,P1Y,no,no
oci:061603932197-061402210467,omid:br/061603932197,omid:br/061402210467,2001,P2Y,no,no
oci:061603931935-06904178168,omid:br/061603931935,omid:br/06904178168,2008,P2Y,no,no
oci:061603931935-06260897726,omid:br/061603931935,omid:br/06260897726,2008,P4Y,no,no
oci:061603931935-061904040303,omid:br/061603931935,omid:br/061904040303,2008,P1Y,no,no
oci:061603931935-06290218359,omid:br/061603931935,omid:br/06290218359,2008,P3Y,no,no
oci:061603931935-06110214229,omid:br/061603931935,omid:br/06110214229,2008,P22Y,no,no
oci:061603932325-061701246627,omid:br/061603932325,omid:br/061701246627,2005,P49Y,no,no
oci:061603932325-062301785199,omid:br/061603932325,omid:br/062301785199,2005,P7Y,no,no
oci:061603932325-0650207724,omid:br/061603932325,omid:br/0650207724,2005,P29Y,no,no
oci:061603931884-0625090421,omid:br/061603931884,omid:br/0625090421,2008,P29Y,no,no
oci:061603931884-06503739246,omid:br/061603931884,omid:br/06503739246,2008,P0Y,no,no
oci:061603931884-061601092258,omid:br/061603931884,omid:br/061601092258,2008,P28Y,no,no
oci:061603931884-06110883123,omid:br/061603931884,omid:br/06110883123,2008,P3Y,no,no
oci:061603931884-06201171279,omid:br/061603931884,omid:br/06201171279,2008,P32Y,no,no
oci:061603931884-0660208137,omid:br/061603931884,omid:br/0660208137,2008,P26Y,no,no
oci:061603931884-061303031889,omid:br/061603931884,omid:br/061303031889,2008,P15Y,no,no
oci:061603931884-061803286168,omid:br/061603931884,omid:br/061803286168,2008,P6Y,no,no
oci:061603931884-062602846560,omid:br/061603931884,omid:br/062602846560,2008,P1Y,no,no
oci:061603932217-0650207723,omid:br/061603932217,omid:br/0650207723,2001,P30Y,no,no
oci:061603932297-06170360408,omid:br/061603932297,omid:br/06170360408,2005,P2Y,no,no
oci:061603932029-06403728041,omid:br/061603932029,omid:br/06403728041,2014,P0Y,no,no
oci:061603932249-0670877139,omid:br/061603932249,omid:br/0670877139,2001,P19Y,no,no
oci:061603932249-061202225869,omid:br/061603932249,omid:br/061202225869,2001,P2Y,no,no
oci:061603932249-062403574059,omid:br/061603932249,omid:br/062403574059,2001,P1Y,no,no
oci:061603932275-061901581901,omid:br/061603932275,omid:br/061901581901,2005,P3Y,no,no
oci:061603932275-061803037477,omid:br/061603932275,omid:br/061803037477,2005,P6Y,no,no
oci:061603932275-061501580458,omid:br/061603932275,omid:br/061501580458,2005,P4Y,no,no
oci:061603932275-062401180142,omid:br/061603932275,omid:br/062401180142,2005,P0Y,no,no
oci:061603932275-0690896184,omid:br/061603932275,omid:br/0690896184,2005,P6Y,no,no
oci:061603932275-062303038306,omid:br/061603932275,omid:br/062303038306,2005,P2Y,no,no
oci:061603932275-061901582567,omid:br/061603932275,omid:br/061901582567,2005,P1Y,no,no
oci:0604286882-06260107090,omid:br/0604286882,omid:br/06260107090,2007,P11Y,no,no
oci:0604286882-061101166478,omid:br/0604286882,omid:br/061101166478,2007,P8Y,no,no
oci:0604286882-062501700515,omid:br/0604286882,omid:br/062501700515,2007,P4Y,no,no
oci:061603932165-061602203951,omid:br/061603932165,omid:br/061602203951,2001,P10Y,no,no
oci:061603932165-061903577375,omid:br/061603932165,omid:br/061903577375,2001,P10Y,no,no
oci:061603932165-062401792052,omid:br/061603932165,omid:br/062401792052,2001,P5Y,no,no
oci:061603932165-061101166478,omid:br/061603932165,omid:br/061101166478,2001,P2Y,no,no
oci:061603932165-062401792154,omid:br/061603932165,omid:br/062401792154,2001,P3Y,no,no
oci:061603932165-062103031508,omid:br/061603932165,omid:br/062103031508,2001,P6Y,no,no
oci:061603932165-06270228036,omid:br/061603932165,omid:br/06270228036,2001,P0Y,no,no
oci:061603932165-0604837250,omid:br/061603932165,omid:br/0604837250,2001,P4Y,no,no
oci:061603932165-061904040172,omid:br/061603932165,omid:br/061904040172,2001,P3Y,no,no
oci:061603932165-0604830578,omid:br/061603932165,omid:br/0604830578,2001,P0Y,no,no
oci:061603932165-061501579086,omid:br/061603932165,omid:br/061501579086,2001,P9Y,no,no
oci:061603932165-06803973872,omid:br/061603932165,omid:br/06803973872,2001,,no,no
oci:061603932165-06903310953,omid:br/061603932165,omid:br/06903310953,2001,P6Y,no,no
oci:061603932165-06401594362,omid:br/061603932165,omid:br/06401594362,2001,P22Y,no,no
oci:061603932291-061802188650,omid:br/061603932291,omid:br/061802188650,2005,P12Y,no,no
oci:061603932291-061902194521,omid:br/061603932291,omid:br/061902194521,2005,P28Y,no,no
oci:061603932291-061403021669,omid:br/061603932291,omid:br/061403021669,2005,P15Y,no,no
oci:061603932291-06310212983,omid:br/061603932291,omid:br/06310212983,2005,P10Y,no,no
oci:0604286823-062402067233,omid:br/0604286823,omid:br/062402067233,2005,P6Y,no,no
oci:0604286823-06704053490,omid:br/0604286823,omid:br/06704053490,2005,P6Y,no,no
oci:0604286823-062201881132,omid:br/0604286823,omid:br/062201881132,2005,P7Y,no,no
oci:0604286823-061068296,omid:br/0604286823,omid:br/061068296,2005,P11Y,no,no
oci:0604286823-061503536982,omid:br/0604286823,omid:br/061503536982,2005,P4Y,no,no
oci:0604286823-06110865873,omid:br/0604286823,omid:br/06110865873,2005,P3Y,no,no
oci:0604286823-0690878917,omid:br/0604286823,omid:br/0690878917,2005,P4Y,no,no
oci:0604286823-061501580175,omid:br/0604286823,omid:br/061501580175,2005,P8Y,no,no
oci:0604286823-061401563427,omid:br/0604286823,omid:br/061401563427,2005,P8Y,no,no
oci:0604286823-06220434498,omid:br/0604286823,omid:br/06220434498,2005,P6Y,no,no
oci:0604286823-061201508611,omid:br/0604286823,omid:br/061201508611,2005,P1Y,no,no
oci:0604286823-06240342249,omid:br/0604286823,omid:br/06240342249,2005,P4Y,no,no
oci:0604286823-062601811941,omid:br/0604286823,omid:br/062601811941,2005,P3Y,no,no
oci:0604286837-062604068548,omid:br/0604286837,omid:br/062604068548,2007,P13Y,no,no
oci:0604286837-061202225311,omid:br/0604286837,omid:br/061202225311,2007,P7Y,no,no
oci:0604286837-0670877601,omid:br/0604286837,omid:br/0670877601,2007,P16Y,no,no
oci:061603932171-061903577375,omid:br/061603932171,omid:br/061903577375,2001,P10Y,no,no
oci:0604286873-061903049887,omid:br/0604286873,omid:br/061903049887,2005,P7Y,no,no
oci:0604286873-0670877367,omid:br/0604286873,omid:br/0670877367,2005,P19Y,no,no
oci:0604286873-06130928280,omid:br/0604286873,omid:br/06130928280,2005,P5Y,no,no
oci:0604286873-061803036774,omid:br/0604286873,omid:br/061803036774,2005,P6Y,no,no
oci:06420248252-061903577375,omid:br/06420248252,omid:br/061903577375,1998,P7Y,no,no
oci:06420248252-062401792052,omid:br/06420248252,omid:br/062401792052,1998,P2Y,no,no
oci:061603931905-06310213018,omid:br/061603931905,omid:br/06310213018,2000,P5Y,no,no
oci:061603931905-06310212950,omid:br/061603931905,omid:br/06310212950,2000,P5Y,no,no
oci:061603932312-061902194521,omid:br/061603932312,omid:br/061902194521,2005,P28Y,no,no
oci:061603932312-061804033251,omid:br/061603932312,omid:br/061804033251,2005,P14Y,no,no
oci:061603932312-061802188299,omid:br/061603932312,omid:br/061802188299,2005,P12Y,no,no
oci:0604286833-06130947533,omid:br/0604286833,omid:br/06130947533,2007,P22Y,no,no
oci:0604286833-062503634538,omid:br/0604286833,omid:br/062503634538,2007,P20Y,no,no
oci:0604286833-062401555921,omid:br/0604286833,omid:br/062401555921,2007,P23Y,no,no
oci:0604286833-061301573398,omid:br/0604286833,omid:br/061301573398,2007,P17Y,no,no
oci:0604286833-061901224561,omid:br/0604286833,omid:br/061901224561,2007,P3Y,no,no
oci:0604286833-06110876068,omid:br/0604286833,omid:br/06110876068,2007,P2Y,no,no
oci:0604286833-06170972139,omid:br/0604286833,omid:br/06170972139,2007,P2Y,no,no
oci:0604286833-06180945685,omid:br/0604286833,omid:br/06180945685,2007,P16Y,no,no
oci:0604286833-06601702229,omid:br/0604286833,omid:br/06601702229,2007,P17Y,no,no
oci:0604286833-062503634537,omid:br/0604286833,omid:br/062503634537,2007,P20Y,no,no
oci:0604286833-06230622120,omid:br/0604286833,omid:br/06230622120,2007,P18Y,no,no
oci:061603932176-061803037477,omid:br/061603932176,omid:br/061803037477,2001,P2Y,no,no
oci:061603932176-061501579739,omid:br/061603932176,omid:br/061501579739,2001,P1Y,no,no
oci:061603932176-0617090818,omid:br/061603932176,omid:br/0617090818,2001,P15Y,no,no
oci:061603932176-063305644,omid:br/061603932176,omid:br/063305644,2001,P10Y,no,no
oci:061603932176-061303497058,omid:br/061603932176,omid:br/061303497058,2001,P4Y,no,no
oci:061603932176-061501580458,omid:br/061603932176,omid:br/061501580458,2001,P0Y,no,no
oci:061603932176-06302507268,omid:br/061603932176,omid:br/06302507268,2001,P18Y,no,no
oci:06420248237-061602203951,omid:br/06420248237,omid:br/061602203951,1998,P7Y,no,no
oci:06420248237-061203037074,omid:br/06420248237,omid:br/061203037074,1998,P6Y,no,no
oci:06420248237-061702207630,omid:br/06420248237,omid:br/061702207630,1998,P17Y,no,no
oci:06420248237-061303497124,omid:br/06420248237,omid:br/061303497124,1998,P1Y,no,no
oci:06420248237-062504056471,omid:br/06420248237,omid:br/062504056471,1998,P1Y,no,no
oci:06420248237-0670877367,omid:br/06420248237,omid:br/0670877367,1998,P12Y,no,no
oci:06420248237-0625090584,omid:br/06420248237,omid:br/0625090584,1998,P14Y,no,no
oci:0604286878-06101371780,omid:br/0604286878,omid:br/06101371780,2007,P6Y,no,no
oci:0604286878-06101371756,omid:br/0604286878,omid:br/06101371756,2007,P5Y,no,no
oci:0604286878-06503121654,omid:br/0604286878,omid:br/06503121654,2007,P3Y,no,no
oci:0604286878-06903679725,omid:br/0604286878,omid:br/06903679725,2007,P4Y,no,no
oci:0604286878-062603132866,omid:br/0604286878,omid:br/062603132866,2007,P3Y,no,no
oci:0604286878-06170972171,omid:br/0604286878,omid:br/06170972171,2007,P2Y,no,no
oci:0604286878-06501370568,omid:br/0604286878,omid:br/06501370568,2007,P0Y,no,no
oci:0604286878-062504056446,omid:br/0604286878,omid:br/062504056446,2007,P0Y,no,no
oci:062203579942-061203036896,omid:br/062203579942,omid:br/061203036896,2001,P8Y,no,no
oci:062203579942-062203641888,omid:br/062203579942,omid:br/062203641888,2001,P9Y,no,no
oci:062203579942-062503634537,omid:br/062203579942,omid:br/062503634537,2001,P14Y,no,no
oci:062203579942-06310213005,omid:br/062203579942,omid:br/06310213005,2001,P6Y,no,no
oci:062203579942-061503584304,omid:br/062203579942,omid:br/061503584304,2001,,no,no
oci:062203579942-06130947533,omid:br/062203579942,omid:br/06130947533,2001,P16Y,no,no
oci:062203579942-06130947398,omid:br/062203579942,omid:br/06130947398,2001,P15Y,no,no
oci:062203579942-061303275330,omid:br/062203579942,omid:br/061303275330,2001,P9Y,no,no
oci:062203579942-062303647085,omid:br/062203579942,omid:br/062303647085,2001,P10Y,no,no
oci:062203579942-062203642111,omid:br/062203579942,omid:br/062203642111,2001,P9Y,no,no
oci:062203579942-062203641999,omid:br/062203579942,omid:br/062203641999,2001,P9Y,no,no
oci:062203579942-062501802141,omid:br/062203579942,omid:br/062501802141,2001,P5Y,no,no
oci:061603932324-06110214229,omid:br/061603932324,omid:br/06110214229,2005,P19Y,no,no
oci:061603932324-06201573125,omid:br/061603932324,omid:br/06201573125,2005,P8Y,no,no
oci:061603931968-06210354165,omid:br/061603931968,omid:br/06210354165,2000,P15Y,no,no
oci:061603931968-0604002373,omid:br/061603931968,omid:br/0604002373,2000,P4Y,no,no
oci:06420248245-061203037074,omid:br/06420248245,omid:br/061203037074,1998,P6Y,no,no
oci:06420248245-0650885938,omid:br/06420248245,omid:br/0650885938,1998,P3Y,no,no
oci:06420248245-061303497124,omid:br/06420248245,omid:br/061303497124,1998,P1Y,no,no
oci:06420248245-062504056471,omid:br/06420248245,omid:br/062504056471,1998,P1Y,no,no
oci:061603932253-06604139173,omid:br/061603932253,omid:br/06604139173,2001,P12Y,no,no
oci:061603932253-061402210789,omid:br/061603932253,omid:br/061402210789,2001,P10Y,no,no
oci:061603932253-062504056337,omid:br/061603932253,omid:br/062504056337,2001,P5Y,no,no
oci:061603932253-06130928213,omid:br/061603932253,omid:br/06130928213,2001,P2Y,no,no
oci:061603932253-062404056908,omid:br/061603932253,omid:br/062404056908,2001,P12Y,no,no
oci:061603932253-062301575340,omid:br/061603932253,omid:br/062301575340,2001,P24Y,no,no
oci:061603932253-06260281044,omid:br/061603932253,omid:br/06260281044,2001,P21Y,no,no
oci:061603932253-06190399252,omid:br/061603932253,omid:br/06190399252,2001,P9Y,no,no
oci:061603932253-06170846600,omid:br/061603932253,omid:br/06170846600,2001,P17Y,no,no
oci:061603932309-06170360170,omid:br/061603932309,omid:br/06170360170,2005,-P1Y,no,no
oci:06420248193-0604837248,omid:br/06420248193,omid:br/0604837248,1998,P6Y,no,no
oci:062203562051-06280225145,omid:br/062203562051,omid:br/06280225145,2000,P2Y,no,no
oci:062203562051-0670877139,omid:br/062203562051,omid:br/0670877139,2000,P18Y,no,no
oci:062203562051-061503043711,omid:br/062203562051,omid:br/061503043711,2000,P10Y,no,no
oci:061603931915-0690215681,omid:br/061603931915,omid:br/0690215681,2000,P14Y,no,no
oci:061603931915-062403601359,omid:br/061603931915,omid:br/062403601359,2000,P8Y,no,no
oci:061603931902-06601586029,omid:br/061603931902,omid:br/06601586029,2000,P19Y,no,no
oci:061603931902-0650207724,omid:br/061603931902,omid:br/0650207724,2000,P24Y,no,no
oci:061603931902-06501177447,omid:br/061603931902,omid:br/06501177447,2000,P6Y,no,no
oci:06420248185-061303497124,omid:br/06420248185,omid:br/061303497124,1998,P1Y,no,no
oci:06420248185-061203037074,omid:br/06420248185,omid:br/061203037074,1998,P6Y,no,no
oci:06420248185-062403648059,omid:br/06420248185,omid:br/062403648059,1998,P10Y,no,no
oci:06420248185-061902194695,omid:br/06420248185,omid:br/061902194695,1998,P4Y,no,no
oci:061103599318-0690215681,omid:br/061103599318,omid:br/0690215681,2001,P15Y,no,no
oci:061103599318-061702207630,omid:br/061103599318,omid:br/061702207630,2001,P20Y,no,no
oci:061103599318-062202685588,omid:br/061103599318,omid:br/062202685588,2001,P16Y,no,no
oci:061103599318-061103623009,omid:br/061103599318,omid:br/061103623009,2001,P1Y,no,no
oci:061103599318-0610213123,omid:br/061103599318,omid:br/0610213123,2001,P8Y,no,no
oci:061103599318-0660208137,omid:br/061103599318,omid:br/0660208137,2001,P19Y,no,no
oci:061103599318-062404057073,omid:br/061103599318,omid:br/062404057073,2001,P17Y,no,no
oci:0604286901-061903577375,omid:br/0604286901,omid:br/061903577375,2007,P16Y,no,no
oci:0604286901-06260107090,omid:br/0604286901,omid:br/06260107090,2007,P11Y,no,no
oci:061603931976-06603141619,omid:br/061603931976,omid:br/06603141619,2000,P36Y,no,no
oci:06420248207-0670877367,omid:br/06420248207,omid:br/0670877367,1998,P12Y,no,no
oci:06420248207-0650885938,omid:br/06420248207,omid:br/0650885938,1998,P3Y,no,no
oci:0604286862-06603723459,omid:br/0604286862,omid:br/06603723459,2007,P3Y,no,no
oci:0604286862-062401792052,omid:br/0604286862,omid:br/062401792052,2007,P11Y,no,no
oci:0604286862-061803037298,omid:br/0604286862,omid:br/061803037298,2007,P9Y,no,no
oci:0604286862-062303038571,omid:br/0604286862,omid:br/062303038571,2007,P5Y,no,no
oci:0604286862-061802188366,omid:br/0604286862,omid:br/061802188366,2007,P13Y,no,no
oci:0604286862-061501549013,omid:br/0604286862,omid:br/061501549013,2007,P3Y,no,no
oci:061603932306-061901581995,omid:br/061603932306,omid:br/061901581995,2005,P4Y,no,no
oci:061603932306-061501580458,omid:br/061603932306,omid:br/061501580458,2005,P4Y,no,no
oci:061603932306-061803037477,omid:br/061603932306,omid:br/061803037477,2005,P6Y,no,no
oci:061603932306-061501579739,omid:br/061603932306,omid:br/061501579739,2005,P5Y,no,no
oci:061603932306-062303038568,omid:br/061603932306,omid:br/062303038568,2005,P4Y,no,no
oci:061603932306-06403909885,omid:br/061603932306,omid:br/06403909885,2005,P6Y,no,no
oci:06420248199-0632068866,omid:br/06420248199,omid:br/0632068866,1998,P2Y,no,no
oci:06420248199-06170549457,omid:br/06420248199,omid:br/06170549457,1998,P10Y,no,no
oci:06420248199-06201583705,omid:br/06420248199,omid:br/06201583705,1998,P20Y,no,no
oci:06420248199-061303497124,omid:br/06420248199,omid:br/061303497124,1998,P1Y,no,no
oci:06420248199-0650886420,omid:br/06420248199,omid:br/0650886420,1998,P4Y,no,no
oci:0604286872-061403021054,omid:br/0604286872,omid:br/061403021054,2007,P19Y,no,no
oci:0604286872-061203732717,omid:br/0604286872,omid:br/061203732717,2007,P5Y,no,no
oci:0604286872-06160176490,omid:br/0604286872,omid:br/06160176490,2007,P18Y,no,no
oci:0604286872-061702201902,omid:br/0604286872,omid:br/061702201902,2007,P17Y,no,no
oci:0604286872-061802188697,omid:br/0604286872,omid:br/061802188697,2007,P20Y,no,no
oci:0604286872-062504056663,omid:br/0604286872,omid:br/062504056663,2007,P16Y,no,no
oci:0604286872-062403647836,omid:br/0604286872,omid:br/062403647836,2007,P19Y,no,no
oci:0604286872-06404069962,omid:br/0604286872,omid:br/06404069962,2007,P12Y,no,no
oci:0604286900-062103683629,omid:br/0604286900,omid:br/062103683629,2006,P15Y,no,no
oci:061603932244-061201099520,omid:br/061603932244,omid:br/061201099520,2001,P28Y,no,no
oci:061603932300-062103031722,omid:br/061603932300,omid:br/062103031722,2005,P10Y,no,no
oci:061603932300-061801574996,omid:br/061603932300,omid:br/061801574996,2005,P3Y,no,no
oci:061603932300-061102714371,omid:br/061603932300,omid:br/061102714371,2005,P11Y,no,no
oci:061603932300-061203604470,omid:br/061603932300,omid:br/061203604470,2005,P47Y,no,no
oci:061603932300-061403021054,omid:br/061603932300,omid:br/061403021054,2005,P17Y,no,no
oci:061603932300-063305644,omid:br/061603932300,omid:br/063305644,2005,P14Y,no,no
oci:061603932300-0620396587,omid:br/061603932300,omid:br/0620396587,2005,P8Y,no,no
oci:06420248191-061602203951,omid:br/06420248191,omid:br/061602203951,1998,P7Y,no,no
oci:06420248191-061303032087,omid:br/06420248191,omid:br/061303032087,1998,P6Y,no,no
oci:06420248191-061203036575,omid:br/06420248191,omid:br/061203036575,1998,P6Y,no,no
oci:06420248191-061503043980,omid:br/06420248191,omid:br/061503043980,1998,P10Y,no,no
oci:0604286891-0604837242,omid:br/0604286891,omid:br/0604837242,2006,P3Y,no,no
oci:0604286832-0604837243,omid:br/0604286832,omid:br/0604837243,2006,P17Y,no,no
oci:0604286832-06260281044,omid:br/0604286832,omid:br/06260281044,2006,P26Y,no,no
oci:0604286832-0604026194,omid:br/0604286832,omid:br/0604026194,2006,P9Y,no,no
oci:0604286832-061903299425,omid:br/0604286832,omid:br/061903299425,2006,P4Y,no,no
oci:0604286832-062504056337,omid:br/0604286832,omid:br/062504056337,2006,P10Y,no,no
oci:0604286832-06180840250,omid:br/0604286832,omid:br/06180840250,2006,P7Y,no,no
oci:061603932185-0670210653,omid:br/061603932185,omid:br/0670210653,2001,P56Y,no,no
oci:061603932185-06110214388,omid:br/061603932185,omid:br/06110214388,2001,P34Y,no,no
oci:061603932185-061201099520,omid:br/061603932185,omid:br/061201099520,2001,P28Y,no,no
oci:061603932185-062604068359,omid:br/061603932185,omid:br/062604068359,2001,P1Y,no,no
oci:06420248279-062504056471,omid:br/06420248279,omid:br/062504056471,1998,P1Y,no,no
oci:06420248279-061303497124,omid:br/06420248279,omid:br/061303497124,1998,P1Y,no,no
oci:0604286899-061903050184,omid:br/0604286899,omid:br/061903050184,2007,P10Y,no,no
oci:0604286899-06310213610,omid:br/0604286899,omid:br/06310213610,2007,P4Y,no,no
oci:0604286899-061201876873,omid:br/0604286899,omid:br/061201876873,2007,P10Y,no,no
oci:0604286899-06903631019,omid:br/0604286899,omid:br/06903631019,2007,P8Y,no,no
oci:0604286899-06120205107,omid:br/0604286899,omid:br/06120205107,2007,P10Y,no,no
oci:0604286899-061801158137,omid:br/0604286899,omid:br/061801158137,2007,P38Y,no,no
oci:0604286899-06280225151,omid:br/0604286899,omid:br/06280225151,2007,P9Y,no,no
oci:0604286899-062301512994,omid:br/0604286899,omid:br/062301512994,2007,P12Y,no,no
oci:0604286899-06501177609,omid:br/0604286899,omid:br/06501177609,2007,P10Y,no,no
oci:0604286899-06901175559,omid:br/0604286899,omid:br/06901175559,2007,P9Y,no,no
oci:0604286899-06201171752,omid:br/0604286899,omid:br/06201171752,2007,P14Y,no,no
oci:061603932284-061303567186,omid:br/061603932284,omid:br/061303567186,2005,,no,no
oci:061603932284-063801420,omid:br/061603932284,omid:br/063801420,2005,P4Y,no,no
oci:061603932284-06190399076,omid:br/061603932284,omid:br/06190399076,2005,P1Y,no,no
oci:061603932284-062601217939,omid:br/061603932284,omid:br/062601217939,2005,P0Y,no,no
oci:061603932284-06804194689,omid:br/061603932284,omid:br/06804194689,2005,P5Y,no,no
oci:061603932284-062602462271,omid:br/061603932284,omid:br/062602462271,2005,P5Y,no,no
oci:061603932284-061401675533,omid:br/061603932284,omid:br/061401675533,2005,P1Y,no,no
oci:061603932284-0618093332,omid:br/061603932284,omid:br/0618093332,2005,P22Y,no,no
oci:061603932284-06802338927,omid:br/061603932284,omid:br/06802338927,2005,P2Y,no,no
oci:061603932284-06201817436,omid:br/061603932284,omid:br/06201817436,2005,P3Y,no,no
oci:061603932284-061101166478,omid:br/061603932284,omid:br/061101166478,2005,P6Y,no,no
oci:061603932284-061203608157,omid:br/061603932284,omid:br/061203608157,2005,P3Y,no,no
oci:061603932284-06130204543,omid:br/061603932284,omid:br/06130204543,2005,P0Y,no,no
oci:061603932284-061501580381,omid:br/061603932284,omid:br/061501580381,2005,P8Y,no,no
oci:0604286831-06140813997,omid:br/0604286831,omid:br/06140813997,2006,P11Y,no,no
oci:0604286831-0630395806,omid:br/0604286831,omid:br/0630395806,2006,P10Y,no,no
oci:0604286831-061901582022,omid:br/0604286831,omid:br/061901582022,2006,P9Y,no,no
oci:0604286831-061703048722,omid:br/0604286831,omid:br/061703048722,2006,P9Y,no,no
oci:0604286831-063601702,omid:br/0604286831,omid:br/063601702,2006,P8Y,no,no
oci:0604286831-061201801954,omid:br/0604286831,omid:br/061201801954,2006,P5Y,no,no
oci:061603932286-0625090674,omid:br/061603932286,omid:br/0625090674,2005,P10Y,no,no
oci:061603932286-061201155290,omid:br/061603932286,omid:br/061201155290,2005,P5Y,no,no
oci:061603932286-062501700234,omid:br/061603932286,omid:br/062501700234,2005,P2Y,no,no
oci:0604286904-061702207956,omid:br/0604286904,omid:br/061702207956,2006,P25Y,no,no
oci:0604286904-06301584192,omid:br/0604286904,omid:br/06301584192,2006,P22Y,no,no
oci:0604286904-061501165525,omid:br/0604286904,omid:br/061501165525,2006,P19Y,no,no
oci:0604286904-062104032211,omid:br/0604286904,omid:br/062104032211,2006,P10Y,no,no
oci:0604286904-06280222177,omid:br/0604286904,omid:br/06280222177,2006,,no,no
oci:0604286863-062905034,omid:br/0604286863,omid:br/062905034,2007,P13Y,no,no
oci:0604286863-06902181323,omid:br/0604286863,omid:br/06902181323,2007,P4Y,no,no
oci:0604286863-061803291041,omid:br/0604286863,omid:br/061803291041,2007,P4Y,no,no
oci:0604286863-06180882041,omid:br/0604286863,omid:br/06180882041,2007,P8Y,no,no
oci:0604286863-064101222,omid:br/0604286863,omid:br/064101222,2007,P5Y,no,no
oci:0604286863-06802537179,omid:br/0604286863,omid:br/06802537179,2007,P3Y,no,no
oci:0604286863-0690216728,omid:br/0604286863,omid:br/0690216728,2007,P4Y,no,no
oci:0604286863-061803285715,omid:br/0604286863,omid:br/061803285715,2007,P9Y,no,no
oci:0604286863-06902181440,omid:br/0604286863,omid:br/06902181440,2007,P4Y,no,no
oci:061603932237-061101092982,omid:br/061603932237,omid:br/061101092982,2001,P4Y,no,no
oci:061603932237-0604830422,omid:br/061603932237,omid:br/0604830422,2001,P16Y,no,no
oci:061603932187-06280225196,omid:br/061603932187,omid:br/06280225196,2000,P14Y,no,no
oci:061603932187-06401212661,omid:br/061603932187,omid:br/06401212661,2000,P14Y,no,no
oci:061603932187-06150956815,omid:br/061603932187,omid:br/06150956815,2000,P11Y,no,no
oci:061603932187-061101654264,omid:br/061603932187,omid:br/061101654264,2000,P9Y,no,no
oci:061603932187-06404266318,omid:br/061603932187,omid:br/06404266318,2000,P1Y,no,no
oci:061603932187-06101122479,omid:br/061603932187,omid:br/06101122479,2000,P30Y,no,no
oci:061603932187-062103031718,omid:br/061603932187,omid:br/062103031718,2000,P5Y,no,no
oci:061603932187-06303998097,omid:br/061603932187,omid:br/06303998097,2000,,no,no
oci:061603932187-061203036854,omid:br/061603932187,omid:br/061203036854,2000,P7Y,no,no
oci:061603932187-06301235886,omid:br/061603932187,omid:br/06301235886,2000,P7Y,no,no
oci:061603932187-061903050385,omid:br/061603932187,omid:br/061903050385,2000,P2Y,no,no
oci:061603932187-06101371738,omid:br/061603932187,omid:br/06101371738,2000,P3Y,no,no
oci:061603932187-061303497058,omid:br/061603932187,omid:br/061303497058,2000,P3Y,no,no
oci:061603932187-061303611598,omid:br/061603932187,omid:br/061303611598,2000,P8Y,no,no
oci:061603932187-06803466778,omid:br/061603932187,omid:br/06803466778,2000,P7Y,no,no
oci:061603932187-062402213273,omid:br/061603932187,omid:br/062402213273,2000,P3Y,no,no
oci:061603932187-06140610588,omid:br/061603932187,omid:br/06140610588,2000,P7Y,no,no
oci:061603932187-061801575180,omid:br/061603932187,omid:br/061801575180,2000,P4Y,no,no
oci:061603932187-063305644,omid:br/061603932187,omid:br/063305644,2000,P9Y,no,no
oci:061603932187-062503585365,omid:br/061603932187,omid:br/062503585365,2000,,no,no
oci:061603932187-0680621652,omid:br/061603932187,omid:br/0680621652,2000,P28Y,no,no
oci:0604286818-0630205862,omid:br/0604286818,omid:br/0630205862,2007,P17Y,no,no
oci:0604286818-062103281148,omid:br/0604286818,omid:br/062103281148,2007,P5Y,no,no
oci:0604286818-06160394471,omid:br/0604286818,omid:br/06160394471,2007,P1Y,no,no
oci:0604286818-06702519113,omid:br/0604286818,omid:br/06702519113,2007,P0Y,no,no
oci:0604286818-061077247,omid:br/0604286818,omid:br/061077247,2007,P1Y,no,no
oci:06420248267-0620204369,omid:br/06420248267,omid:br/0620204369,1998,P19Y,no,no
oci:06420248267-062401662692,omid:br/06420248267,omid:br/062401662692,1998,P17Y,no,no
oci:06420248267-061202225356,omid:br/06420248267,omid:br/061202225356,1998,P7Y,no,no
oci:06420248267-062303851075,omid:br/06420248267,omid:br/062303851075,1998,P14Y,no,no
oci:06420248267-06280225196,omid:br/06420248267,omid:br/06280225196,1998,P12Y,no,no
oci:06420248267-062404056881,omid:br/06420248267,omid:br/062404056881,1998,P9Y,no,no
oci:061603932308-062502119149,omid:br/061603932308,omid:br/062502119149,2005,P13Y,no,no
oci:061603932308-061701581366,omid:br/061603932308,omid:br/061701581366,2005,P9Y,no,no
oci:061603932308-06903610759,omid:br/061603932308,omid:br/06903610759,2005,,no,no
oci:061603932308-0610939772,omid:br/061603932308,omid:br/0610939772,2005,P31Y,no,no
oci:061603932202-061902194501,omid:br/061603932202,omid:br/061902194501,2001,P8Y,no,no
oci:061603932202-062601599881,omid:br/061603932202,omid:br/062601599881,2001,P20Y,no,no
oci:061603932202-06240604994,omid:br/061603932202,omid:br/06240604994,2001,P8Y,no,no
oci:061603932202-06804601212,omid:br/061603932202,omid:br/06804601212,2001,,no,no
oci:061603932314-0650207724,omid:br/061603932314,omid:br/0650207724,2005,P29Y,no,no
oci:061603932314-061902194538,omid:br/061603932314,omid:br/061902194538,2005,P20Y,no,no
oci:061603932314-062503950706,omid:br/061603932314,omid:br/062503950706,2005,,no,no
oci:061603932314-061402210834,omid:br/061603932314,omid:br/061402210834,2005,P7Y,no,no
oci:061603932314-061402210886,omid:br/061603932314,omid:br/061402210886,2005,P15Y,no,no
oci:061603932314-061402210339,omid:br/061603932314,omid:br/061402210339,2005,P16Y,no,no
oci:061603932314-061202225544,omid:br/061603932314,omid:br/061202225544,2005,P21Y,no,no
oci:0604286850-06802536489,omid:br/0604286850,omid:br/06802536489,2007,P1Y,no,no
oci:06420248269-0618093332,omid:br/06420248269,omid:br/0618093332,1998,P15Y,no,no
oci:06420248269-062303055297,omid:br/06420248269,omid:br/062303055297,1998,P10Y,no,no
oci:06420248269-061503059765,omid:br/06420248269,omid:br/061503059765,1998,P10Y,no,no
oci:061603932323-061502237289,omid:br/061603932323,omid:br/061502237289,2005,P4Y,no,no
oci:061603932323-061203608157,omid:br/061603932323,omid:br/061203608157,2005,P3Y,no,no
oci:061603932323-062401093190,omid:br/061603932323,omid:br/062401093190,2005,P0Y,no,no
oci:061603932183-06804601210,omid:br/061603932183,omid:br/06804601210,2000,,no,no
oci:061603932183-06804612272,omid:br/061603932183,omid:br/06804612272,2000,,no,no
oci:061603932294-06170360408,omid:br/061603932294,omid:br/06170360408,2005,P2Y,no,no
oci:061603932194-061703954331,omid:br/061603932194,omid:br/061703954331,2003,P1Y,no,no
oci:061603932194-06280225151,omid:br/061603932194,omid:br/06280225151,2003,P5Y,no,no
oci:061603932194-062301512994,omid:br/061603932194,omid:br/062301512994,2003,P8Y,no,no
oci:061603932194-062103031628,omid:br/061603932194,omid:br/062103031628,2003,P8Y,no,no
oci:061603932194-062103031759,omid:br/061603932194,omid:br/062103031759,2003,P8Y,no,no
oci:061603932194-061303032080,omid:br/061603932194,omid:br/061303032080,2003,P8Y,no,no
oci:06420248283-061802188089,omid:br/06420248283,omid:br/061802188089,1998,P18Y,no,no
oci:06420248283-061902194474,omid:br/06420248283,omid:br/061902194474,1998,P15Y,no,no
oci:06420248283-061902194624,omid:br/06420248283,omid:br/061902194624,1998,P12Y,no,no
oci:06420248283-06450310495,omid:br/06420248283,omid:br/06450310495,1998,,no,no
oci:06420248283-061902194521,omid:br/06420248283,omid:br/061902194521,1998,P21Y,no,no
oci:06420248283-061202225356,omid:br/06420248283,omid:br/061202225356,1998,P7Y,no,no
oci:06420248283-06370298543,omid:br/06420248283,omid:br/06370298543,1998,,no,no
oci:06420248283-06370298544,omid:br/06420248283,omid:br/06370298544,1998,,no,no
oci:0604286825-062103553718,omid:br/0604286825,omid:br/062103553718,2007,,no,no
oci:0604286825-061101518423,omid:br/0604286825,omid:br/061101518423,2007,P8Y,no,no
oci:0604286825-06190398762,omid:br/0604286825,omid:br/06190398762,2007,P2Y,no,no
oci:0604286825-062103032359,omid:br/0604286825,omid:br/062103032359,2007,P13Y,no,no
oci:0604286825-061103503582,omid:br/0604286825,omid:br/061103503582,2007,P6Y,no,no
oci:0604286825-061503712407,omid:br/0604286825,omid:br/061503712407,2007,P6Y,no,no
oci:0604286825-062203035182,omid:br/0604286825,omid:br/062203035182,2007,P4Y,no,no
oci:0604286825-06220950551,omid:br/0604286825,omid:br/06220950551,2007,P1Y,no,no
oci:0604286825-061603052165,omid:br/0604286825,omid:br/061603052165,2007,P3Y,no,no
oci:0604286825-061801575158,omid:br/0604286825,omid:br/061801575158,2007,P2Y,no,no
oci:0604286825-061603051498,omid:br/0604286825,omid:br/061603051498,2007,P1Y,no,no
oci:0604286825-06802536448,omid:br/0604286825,omid:br/06802536448,2007,P1Y,no,no
oci:0604286825-061103054281,omid:br/0604286825,omid:br/061103054281,2007,P0Y,no,no
oci:06420248286-0610624882,omid:br/06420248286,omid:br/0610624882,1998,P45Y,no,no
oci:06420248286-061403021054,omid:br/06420248286,omid:br/061403021054,1998,P10Y,no,no
oci:06420248286-06170391511,omid:br/06420248286,omid:br/06170391511,1998,P13Y,no,no
oci:06420248286-063305644,omid:br/06420248286,omid:br/063305644,1998,P7Y,no,no
oci:06420248286-062503585365,omid:br/06420248286,omid:br/062503585365,1998,,no,no
oci:06420248286-061503584304,omid:br/06420248286,omid:br/061503584304,1998,,no,no
oci:06420248286-061601166467,omid:br/06420248286,omid:br/061601166467,1998,P13Y,no,no
oci:06420248286-06404069865,omid:br/06420248286,omid:br/06404069865,1998,P3Y,no,no
oci:06420248286-06404069654,omid:br/06420248286,omid:br/06404069654,1998,P3Y,no,no
oci:06420248286-061203036952,omid:br/06420248286,omid:br/061203036952,1998,P6Y,no,no
oci:06420248286-0620396082,omid:br/06420248286,omid:br/0620396082,1998,P3Y,no,no
oci:06420248286-0620395994,omid:br/06420248286,omid:br/0620395994,1998,P1Y,no,no
oci:06420248286-061403269310,omid:br/06420248286,omid:br/061403269310,1998,P7Y,no,no
oci:06420248286-061403021183,omid:br/06420248286,omid:br/061403021183,1998,P9Y,no,no
oci:06420248286-061303558975,omid:br/06420248286,omid:br/061303558975,1998,,no,no
oci:06420248293-06201171774,omid:br/06420248293,omid:br/06201171774,1998,P15Y,no,no
oci:06420248293-061801157948,omid:br/06420248293,omid:br/061801157948,1998,P15Y,no,no
oci:06420248293-062502731470,omid:br/06420248293,omid:br/062502731470,1998,P17Y,no,no
oci:061603932221-0660882790,omid:br/061603932221,omid:br/0660882790,2000,P9Y,no,no
oci:061603932221-062203641976,omid:br/061603932221,omid:br/062203641976,2000,P8Y,no,no
oci:061603932221-06130947533,omid:br/061603932221,omid:br/06130947533,2000,P15Y,no,no
oci:061603932221-061301573398,omid:br/061603932221,omid:br/061301573398,2000,P10Y,no,no
oci:061603932221-062203642532,omid:br/061603932221,omid:br/062203642532,2000,P9Y,no,no
oci:061603932221-06140946953,omid:br/061603932221,omid:br/06140946953,2000,P7Y,no,no
oci:061603932221-06310213029,omid:br/061603932221,omid:br/06310213029,2000,P5Y,no,no
oci:061603932221-062203641999,omid:br/061603932221,omid:br/062203641999,2000,P8Y,no,no
oci:061603932221-062503634537,omid:br/061603932221,omid:br/062503634537,2000,P13Y,no,no
oci:061603932221-061503044011,omid:br/061603932221,omid:br/061503044011,2000,P13Y,no,no
oci:061603932241-06301583912,omid:br/061603932241,omid:br/06301583912,2000,P20Y,no,no
oci:061603932241-061802188650,omid:br/061603932241,omid:br/061802188650,2000,P7Y,no,no
oci:061603932241-061503043334,omid:br/061603932241,omid:br/061503043334,2000,P10Y,no,no
oci:061603932241-061902194521,omid:br/061603932241,omid:br/061902194521,2000,P23Y,no,no
oci:061603932214-061403021548,omid:br/061603932214,omid:br/061403021548,2000,P13Y,no,no
oci:0604286849-061802188878,omid:br/0604286849,omid:br/061802188878,2007,P3Y,no,no
oci:06420248263-061203604470,omid:br/06420248263,omid:br/061203604470,1998,P40Y,no,no
oci:06420248263-063305644,omid:br/06420248263,omid:br/063305644,1998,P7Y,no,no
oci:06420248263-062503585365,omid:br/06420248263,omid:br/062503585365,1998,,no,no
oci:06420248263-06301578349,omid:br/06420248263,omid:br/06301578349,1998,P3Y,no,no
oci:06420248263-06240604994,omid:br/06420248263,omid:br/06240604994,1998,P5Y,no,no
oci:06420248266-061402209968,omid:br/06420248266,omid:br/061402209968,1998,P8Y,no,no
oci:06420248266-0670210450,omid:br/06420248266,omid:br/0670210450,1998,P53Y,no,no
oci:06420248266-061902194521,omid:br/06420248266,omid:br/061902194521,1998,P21Y,no,no
oci:06420248266-061202225356,omid:br/06420248266,omid:br/061202225356,1998,P7Y,no,no
oci:0604474410-061201099520,omid:br/0604474410,omid:br/061201099520,2003,P30Y,no,no
oci:0604286871-062401555628,omid:br/0604286871,omid:br/062401555628,2007,P23Y,no,no
oci:0604286871-062503896431,omid:br/0604286871,omid:br/062503896431,2007,P5Y,no,no
oci:06420248198-061203036575,omid:br/06420248198,omid:br/061203036575,1997,P5Y,no,no
oci:06420248278-061201099520,omid:br/06420248278,omid:br/061201099520,1998,P25Y,no,no
oci:06420248278-06501531639,omid:br/06420248278,omid:br/06501531639,1998,P58Y,no,no
oci:06420248278-061902194521,omid:br/06420248278,omid:br/061902194521,1998,P21Y,no,no
oci:061603932245-061801158137,omid:br/061603932245,omid:br/061801158137,2000,P31Y,no,no
oci:061603932245-06502513049,omid:br/061603932245,omid:br/06502513049,2000,P26Y,no,no
oci:061603932245-061903577375,omid:br/061603932245,omid:br/061903577375,2000,P9Y,no,no
oci:061603932229-062303646886,omid:br/061603932229,omid:br/062303646886,2000,P9Y,no,no
oci:061603932229-061103634125,omid:br/061603932229,omid:br/061103634125,2000,P1Y,no,no
oci:061603932229-061702201491,omid:br/061603932229,omid:br/061702201491,2000,P14Y,no,no
oci:061603932229-061902884098,omid:br/061603932229,omid:br/061902884098,2000,P11Y,no,no
oci:061603932229-061802873945,omid:br/061603932229,omid:br/061802873945,2000,P11Y,no,no
oci:061603932229-06280225111,omid:br/061603932229,omid:br/06280225111,2000,P2Y,no,no
oci:061603932229-06804601213,omid:br/061603932229,omid:br/06804601213,2000,,no,no
oci:0604474411-061403021548,omid:br/0604474411,omid:br/061403021548,2003,P16Y,no,no
oci:0604286856-06110214229,omid:br/0604286856,omid:br/06110214229,2007,P21Y,no,no
oci:0604286856-062503635420,omid:br/0604286856,omid:br/062503635420,2007,P22Y,no,no
oci:0604286856-061502237289,omid:br/0604286856,omid:br/061502237289,2007,P6Y,no,no
oci:0604286856-061904040303,omid:br/0604286856,omid:br/061904040303,2007,P0Y,no,no
oci:0604286856-062504056433,omid:br/0604286856,omid:br/062504056433,2007,P0Y,no,no
oci:06420248290-06310213005,omid:br/06420248290,omid:br/06310213005,1998,P3Y,no,no
oci:06420248290-061401562495,omid:br/06420248290,omid:br/061401562495,1998,P13Y,no,no
oci:06420248290-061501578592,omid:br/06420248290,omid:br/061501578592,1998,P11Y,no,no
oci:06420248254-06180396932,omid:br/06420248254,omid:br/06180396932,1997,P3Y,no,no
oci:06420248254-06604139173,omid:br/06420248254,omid:br/06604139173,1997,P8Y,no,no
oci:0604286859-06102522502,omid:br/0604286859,omid:br/06102522502,2007,P34Y,no,no
oci:0604286859-06601702407,omid:br/0604286859,omid:br/06601702407,2007,P22Y,no,no
oci:0604286859-062101274387,omid:br/0604286859,omid:br/062101274387,2007,P0Y,no,no
oci:0604286859-062301696012,omid:br/0604286859,omid:br/062301696012,2007,-P1Y,no,no
oci:0604286859-06303727475,omid:br/0604286859,omid:br/06303727475,2007,P5Y,no,no
oci:0604286859-061802188556,omid:br/0604286859,omid:br/061802188556,2007,P31Y,no,no
oci:0604286859-06504004649,omid:br/0604286859,omid:br/06504004649,2007,P14Y,no,no
oci:0604286859-061802188329,omid:br/0604286859,omid:br/061802188329,2007,P18Y,no,no
oci:0604286859-0604830882,omid:br/0604286859,omid:br/0604830882,2007,P15Y,no,no
oci:0604286859-06280222176,omid:br/0604286859,omid:br/06280222176,2007,,no,no
oci:0604286859-061503044184,omid:br/0604286859,omid:br/061503044184,2007,P1Y,no,no
oci:0604286859-061802188327,omid:br/0604286859,omid:br/061802188327,2007,P16Y,no,no
oci:0604286859-06160973529,omid:br/0604286859,omid:br/06160973529,2007,P0Y,no,no
oci:0604286859-061803036809,omid:br/0604286859,omid:br/061803036809,2007,P8Y,no,no
oci:0604286859-061303496898,omid:br/0604286859,omid:br/061303496898,2007,P10Y,no,no
oci:0604286859-0680890232,omid:br/0604286859,omid:br/0680890232,2007,-P1Y,no,no
oci:0604286859-062402426899,omid:br/0604286859,omid:br/062402426899,2007,P2Y,no,no
oci:0604286859-061501690720,omid:br/0604286859,omid:br/061501690720,2007,P11Y,no,no
oci:0604286859-062303569982,omid:br/0604286859,omid:br/062303569982,2007,,no,no
oci:0604474408-0604489390,omid:br/0604474408,omid:br/0604489390,2003,P8Y,no,no
oci:0604474419-062504056325,omid:br/0604474419,omid:br/062504056325,2003,P7Y,no,no
oci:06420248181-061102242369,omid:br/06420248181,omid:br/061102242369,1997,P12Y,no,no
oci:0604474423-06604139173,omid:br/0604474423,omid:br/06604139173,2003,P14Y,no,no
oci:0604474423-06190399252,omid:br/0604474423,omid:br/06190399252,2003,P11Y,no,no
oci:0604474423-06120943169,omid:br/0604474423,omid:br/06120943169,2003,P12Y,no,no
oci:0604286875-0625090421,omid:br/0604286875,omid:br/0625090421,2007,P28Y,no,no
oci:0604286875-06110883123,omid:br/0604286875,omid:br/06110883123,2007,P2Y,no,no
oci:0604286875-061902195072,omid:br/0604286875,omid:br/061902195072,2007,P0Y,no,no
oci:0604286875-06201817436,omid:br/0604286875,omid:br/06201817436,2007,P5Y,no,no
oci:0604286875-0670486420,omid:br/0604286875,omid:br/0670486420,2007,P1Y,no,no
oci:0604286875-061803286168,omid:br/0604286875,omid:br/061803286168,2007,P5Y,no,no
oci:0604286875-062601831982,omid:br/0604286875,omid:br/062601831982,2007,P0Y,no,no
oci:0604286875-06603475383,omid:br/0604286875,omid:br/06603475383,2007,P13Y,no,no
oci:0604286875-061101794748,omid:br/0604286875,omid:br/061101794748,2007,P11Y,no,no
oci:0604286875-061101092982,omid:br/0604286875,omid:br/061101092982,2007,P10Y,no,no
oci:0604286875-061303031889,omid:br/0604286875,omid:br/061303031889,2007,P14Y,no,no
oci:0604286875-0660208137,omid:br/0604286875,omid:br/0660208137,2007,P25Y,no,no
oci:0604286875-061503589465,omid:br/0604286875,omid:br/061503589465,2007,,no,no
oci:06420248224-061202225356,omid:br/06420248224,omid:br/061202225356,1997,P6Y,no,no
oci:06420248184-06110214388,omid:br/06420248184,omid:br/06110214388,1997,P30Y,no,no
oci:06420248184-06110214527,omid:br/06420248184,omid:br/06110214527,1997,P13Y,no,no
oci:0604286881-06101371756,omid:br/0604286881,omid:br/06101371756,2007,P5Y,no,no
oci:0604286881-061503772297,omid:br/0604286881,omid:br/061503772297,2007,P4Y,no,no
oci:0604286881-06401365112,omid:br/0604286881,omid:br/06401365112,2007,P0Y,no,no
oci:0604286881-062504056444,omid:br/0604286881,omid:br/062504056444,2007,P0Y,no,no
oci:0604286881-062504056446,omid:br/0604286881,omid:br/062504056446,2007,P0Y,no,no
oci:0604286881-06190399369,omid:br/0604286881,omid:br/06190399369,2007,P3Y,no,no
oci:0604286881-06220613751,omid:br/0604286881,omid:br/06220613751,2007,P26Y,no,no
oci:0604286881-06280224838,omid:br/0604286881,omid:br/06280224838,2007,P2Y,no,no
oci:0604286881-06903679725,omid:br/0604286881,omid:br/06903679725,2007,P4Y,no,no
oci:0604286881-06170972171,omid:br/0604286881,omid:br/06170972171,2007,P2Y,no,no
oci:0604286881-06501370568,omid:br/0604286881,omid:br/06501370568,2007,P0Y,no,no
oci:0604286881-06503739467,omid:br/0604286881,omid:br/06503739467,2007,P0Y,no,no
oci:0604286881-06503739459,omid:br/0604286881,omid:br/06503739459,2007,P0Y,no,no
oci:0604286881-061701582201,omid:br/0604286881,omid:br/061701582201,2007,P2Y,no,no
oci:0604286881-062301051301,omid:br/0604286881,omid:br/062301051301,2007,P0Y,no,no
oci:0604286881-0612078718,omid:br/0604286881,omid:br/0612078718,2007,P5Y,no,no
oci:0604286881-062403046612,omid:br/0604286881,omid:br/062403046612,2007,P6Y,no,no
oci:0604286881-06130925172,omid:br/0604286881,omid:br/06130925172,2007,P3Y,no,no
oci:06420248179-06430318416,omid:br/06420248179,omid:br/06430318416,1997,,no,no
oci:06420248179-06110214388,omid:br/06420248179,omid:br/06110214388,1997,P30Y,no,no
oci:06420248179-06204263665,omid:br/06420248179,omid:br/06204263665,1997,P6Y,no,no
oci:0604474413-062504056262,omid:br/0604474413,omid:br/062504056262,2003,P7Y,no,no
oci:0604474413-06280225151,omid:br/0604474413,omid:br/06280225151,2003,P5Y,no,no
oci:0604474413-061703954331,omid:br/0604474413,omid:br/061703954331,2003,P1Y,no,no
oci:0604474413-062604068603,omid:br/0604474413,omid:br/062604068603,2003,P9Y,no,no
oci:0604474413-062504056516,omid:br/0604474413,omid:br/062504056516,2003,P6Y,no,no
oci:0604474413-0630395479,omid:br/0604474413,omid:br/0630395479,2003,P7Y,no,no
oci:0604474413-06803899226,omid:br/0604474413,omid:br/06803899226,2003,P3Y,no,no
oci:0604474413-061801576422,omid:br/0604474413,omid:br/061801576422,2003,P1Y,no,no
oci:0604474413-061801576309,omid:br/0604474413,omid:br/061801576309,2003,P0Y,no,no
oci:0604286870-062103280646,omid:br/0604286870,omid:br/062103280646,2007,P8Y,no,no
oci:0604286870-06902181313,omid:br/0604286870,omid:br/06902181313,2007,P4Y,no,no
oci:0604286870-064101222,omid:br/0604286870,omid:br/064101222,2007,P5Y,no,no
oci:0604286870-06902181440,omid:br/0604286870,omid:br/06902181440,2007,P4Y,no,no
oci:0604286870-06701689547,omid:br/0604286870,omid:br/06701689547,2007,P5Y,no,no
oci:0604474409-06601135085,omid:br/0604474409,omid:br/06601135085,2003,P51Y,no,no
oci:0604474409-0640620744,omid:br/0604474409,omid:br/0640620744,2003,P42Y,no,no
oci:0604474409-061902194585,omid:br/0604474409,omid:br/061902194585,2003,P17Y,no,no
oci:06420248168-061503043980,omid:br/06420248168,omid:br/061503043980,1997,P9Y,no,no
oci:06420248168-062503634754,omid:br/06420248168,omid:br/062503634754,1997,P10Y,no,no
oci:06420248168-061301242568,omid:br/06420248168,omid:br/061301242568,1997,P46Y,no,no
oci:06420248168-06140359756,omid:br/06420248168,omid:br/06140359756,1997,P1Y,no,no
oci:06420248168-061802188299,omid:br/06420248168,omid:br/061802188299,1997,P4Y,no,no
oci:0604474428-0670210384,omid:br/0604474428,omid:br/0670210384,2003,P29Y,no,no
oci:0604474428-06270297516,omid:br/0604474428,omid:br/06270297516,2003,P22Y,no,no
oci:0604474428-062501801516,omid:br/0604474428,omid:br/062501801516,2003,P8Y,no,no
oci:0604474404-061602203951,omid:br/0604474404,omid:br/061602203951,2003,P12Y,no,no
oci:0604474404-062104032211,omid:br/0604474404,omid:br/062104032211,2003,P7Y,no,no
oci:0604474404-0670210450,omid:br/0604474404,omid:br/0670210450,2003,P58Y,no,no
oci:0604474404-061203604470,omid:br/0604474404,omid:br/061203604470,2003,P45Y,no,no
oci:0604474404-061902194521,omid:br/0604474404,omid:br/061902194521,2003,P26Y,no,no
oci:0604474404-061904040172,omid:br/0604474404,omid:br/061904040172,2003,P5Y,no,no
oci:0604474404-062203936343,omid:br/0604474404,omid:br/062203936343,2003,,no,no
oci:0604474404-061502237289,omid:br/0604474404,omid:br/061502237289,2003,P2Y,no,no
oci:0604474407-06450310494,omid:br/0604474407,omid:br/06450310494,2003,,no,no
oci:0604286895-06603701687,omid:br/0604286895,omid:br/06603701687,2007,P0Y,no,no
oci:0604474416-0690271404,omid:br/0604474416,omid:br/0690271404,2003,P81Y,no,no
oci:0604474416-061103623009,omid:br/0604474416,omid:br/061103623009,2003,P3Y,no,no
oci:0604474416-0690215681,omid:br/0604474416,omid:br/0690215681,2003,P17Y,no,no
oci:0604286820-061902195160,omid:br/0604286820,omid:br/061902195160,2007,P2Y,no,no
oci:0604286820-06190398510,omid:br/0604286820,omid:br/06190398510,2007,P20Y,no,no
oci:0604286820-06102522502,omid:br/0604286820,omid:br/06102522502,2007,P34Y,no,no
oci:0604286820-062303038652,omid:br/0604286820,omid:br/062303038652,2007,P6Y,no,no
oci:0604286820-062401791298,omid:br/0604286820,omid:br/062401791298,2007,P9Y,no,no
oci:0604286820-06170972360,omid:br/0604286820,omid:br/06170972360,2007,P3Y,no,no
oci:0604286820-061503044184,omid:br/0604286820,omid:br/061503044184,2007,P1Y,no,no
oci:06420248209-061403021548,omid:br/06420248209,omid:br/061403021548,1997,P10Y,no,no
oci:06420248209-061403021669,omid:br/06420248209,omid:br/061403021669,1997,P7Y,no,no
oci:06420248209-062502119149,omid:br/06420248209,omid:br/062502119149,1997,P5Y,no,no
oci:0604474418-062504056471,omid:br/0604474418,omid:br/062504056471,2003,P6Y,no,no
oci:0604474418-061903577375,omid:br/0604474418,omid:br/061903577375,2003,P12Y,no,no
oci:0604474418-061303497124,omid:br/0604474418,omid:br/061303497124,2003,P6Y,no,no
oci:06420248170-062403648059,omid:br/06420248170,omid:br/062403648059,1997,P9Y,no,no
oci:06420248170-06210552473,omid:br/06420248170,omid:br/06210552473,1997,P7Y,no,no
oci:06420248170-061602203951,omid:br/06420248170,omid:br/061602203951,1997,P6Y,no,no
oci:06420248170-0670877367,omid:br/06420248170,omid:br/0670877367,1997,P11Y,no,no
oci:06420248170-0650885938,omid:br/06420248170,omid:br/0650885938,1997,P2Y,no,no
oci:0604474424-062503635453,omid:br/0604474424,omid:br/062503635453,2003,P18Y,no,no
oci:0604474424-061303031813,omid:br/0604474424,omid:br/061303031813,2003,P11Y,no,no
oci:0604474424-06801170128,omid:br/0604474424,omid:br/06801170128,2003,P13Y,no,no
oci:0604474424-061501093022,omid:br/0604474424,omid:br/061501093022,2003,P11Y,no,no
oci:0604474424-061801157443,omid:br/0604474424,omid:br/061801157443,2003,P8Y,no,no
oci:06420248229-0670877367,omid:br/06420248229,omid:br/0670877367,1997,P11Y,no,no
oci:06420248229-0625090584,omid:br/06420248229,omid:br/0625090584,1997,P13Y,no,no
oci:0604474427-061501579739,omid:br/0604474427,omid:br/061501579739,2003,P3Y,no,no
oci:0604474427-061803037477,omid:br/0604474427,omid:br/061803037477,2003,P4Y,no,no
oci:0604474427-061501580458,omid:br/0604474427,omid:br/061501580458,2003,P2Y,no,no
oci:0604474427-061701582229,omid:br/0604474427,omid:br/061701582229,2003,P2Y,no,no
oci:0604474427-061703499540,omid:br/0604474427,omid:br/061703499540,2003,P2Y,no,no
oci:061603931928-0650886420,omid:br/061603931928,omid:br/0650886420,1999,P5Y,no,no
oci:061603931928-06201817272,omid:br/061603931928,omid:br/06201817272,1999,P0Y,no,no
oci:061603931893-061702201577,omid:br/061603931893,omid:br/061702201577,1999,P23Y,no,no
oci:061603931893-0604830279,omid:br/061603931893,omid:br/0604830279,1999,P20Y,no,no
oci:061603931893-06903310980,omid:br/061603931893,omid:br/06903310980,1999,P4Y,no,no
oci:061603931893-061802188818,omid:br/061603931893,omid:br/061802188818,1999,P14Y,no,no
oci:0604474425-0625090421,omid:br/0604474425,omid:br/0625090421,2003,P24Y,no,no
oci:0604474425-061503589465,omid:br/0604474425,omid:br/061503589465,2003,,no,no
oci:0604474425-06450310496,omid:br/0604474425,omid:br/06450310496,2003,P5Y,no,no
oci:061603932161-061602825273,omid:br/061603932161,omid:br/061602825273,2017,P0Y,no,no
oci:06420248253-06470246705,omid:br/06420248253,omid:br/06470246705,1997,P1Y,no,no
oci:06420248253-06160363899,omid:br/06420248253,omid:br/06160363899,1997,P2Y,no,no
oci:06420248253-06404533258,omid:br/06420248253,omid:br/06404533258,1997,P4Y,no,no
oci:06420248253-061403021669,omid:br/06420248253,omid:br/061403021669,1997,P7Y,no,no
oci:06420248233-061702201873,omid:br/06420248233,omid:br/061702201873,1997,P11Y,no,no
oci:06420248233-0670210450,omid:br/06420248233,omid:br/0670210450,1997,P52Y,no,no
oci:06420248233-061902194521,omid:br/06420248233,omid:br/061902194521,1997,P20Y,no,no
oci:061603931974-06270227537,omid:br/061603931974,omid:br/06270227537,1999,P14Y,no,no
oci:061603931974-061601091896,omid:br/061603931974,omid:br/061601091896,1999,P9Y,no,no
oci:061603931974-06901175650,omid:br/061603931974,omid:br/06901175650,1999,P6Y,no,no
oci:061603931974-061902194521,omid:br/061603931974,omid:br/061902194521,1999,P22Y,no,no
oci:061603931974-0604830279,omid:br/061603931974,omid:br/0604830279,1999,P20Y,no,no
oci:061603931974-06510231486,omid:br/061603931974,omid:br/06510231486,1999,P6Y,no,no
oci:061603931974-061802188456,omid:br/061603931974,omid:br/061802188456,1999,P12Y,no,no
oci:0604474403-06180828780,omid:br/0604474403,omid:br/06180828780,2003,P3Y,no,no
oci:0604474403-0632068866,omid:br/0604474403,omid:br/0632068866,2003,P7Y,no,no
oci:0604474403-062502119149,omid:br/0604474403,omid:br/062502119149,2003,P11Y,no,no
oci:0604474403-06450310493,omid:br/0604474403,omid:br/06450310493,2003,,no,no
oci:06420248195-06260568810,omid:br/06420248195,omid:br/06260568810,1997,P24Y,no,no
oci:06420248195-061202768860,omid:br/06420248195,omid:br/061202768860,1997,P5Y,no,no
oci:06420248195-06130947723,omid:br/06420248195,omid:br/06130947723,1997,P11Y,no,no
oci:06420248244-061203036575,omid:br/06420248244,omid:br/061203036575,1997,P5Y,no,no
oci:06420248244-062502119149,omid:br/06420248244,omid:br/062502119149,1997,P5Y,no,no
oci:06420248244-061302229302,omid:br/06420248244,omid:br/061302229302,1997,P7Y,no,no
oci:06420248210-061301242568,omid:br/06420248210,omid:br/061301242568,1997,P46Y,no,no
oci:06420248210-062503634754,omid:br/06420248210,omid:br/062503634754,1997,P10Y,no,no
oci:06420248210-06230211919,omid:br/06420248210,omid:br/06230211919,1997,P59Y,no,no
oci:06420248183-0660882800,omid:br/06420248183,omid:br/0660882800,1997,P10Y,no,no
oci:061603931887-061902194413,omid:br/061603931887,omid:br/061902194413,1999,P16Y,no,no
oci:061603931887-061802188818,omid:br/061603931887,omid:br/061802188818,1999,P14Y,no,no
oci:061603931887-0604489390,omid:br/061603931887,omid:br/0604489390,1999,P4Y,no,no
oci:061603931887-062102685869,omid:br/061603931887,omid:br/062102685869,1999,P7Y,no,no
oci:0604474406-061403021548,omid:br/0604474406,omid:br/061403021548,2003,P16Y,no,no
oci:0604474406-061303032087,omid:br/0604474406,omid:br/061303032087,2003,P11Y,no,no
oci:0604474406-061203036575,omid:br/0604474406,omid:br/061203036575,2003,P11Y,no,no
oci:06420248249-06430318422,omid:br/06420248249,omid:br/06430318422,1997,,no,no
oci:06420248249-06430318423,omid:br/06420248249,omid:br/06430318423,1997,,no,no
oci:06420248249-062501802046,omid:br/06420248249,omid:br/062501802046,1997,P8Y,no,no
oci:06420248249-061902194521,omid:br/06420248249,omid:br/061902194521,1997,P20Y,no,no
oci:0604474412-061403021669,omid:br/0604474412,omid:br/061403021669,2003,P13Y,no,no
oci:0604474412-06602508778,omid:br/0604474412,omid:br/06602508778,2003,P15Y,no,no
oci:0604474412-061103743589,omid:br/0604474412,omid:br/061103743589,2003,P4Y,no,no
oci:0604474412-062604068359,omid:br/0604474412,omid:br/062604068359,2003,P3Y,no,no
oci:0604474412-06450310495,omid:br/0604474412,omid:br/06450310495,2003,,no,no
oci:06420248208-061902883822,omid:br/06420248208,omid:br/061902883822,1997,P3Y,no,no
oci:061603931943-06801583165,omid:br/061603931943,omid:br/06801583165,2008,P0Y,no,no
oci:061603931943-061301573412,omid:br/061603931943,omid:br/061301573412,2008,P18Y,no,no
oci:061603931943-06802536448,omid:br/061603931943,omid:br/06802536448,2008,P2Y,no,no
oci:061603931943-061103054281,omid:br/061603931943,omid:br/061103054281,2008,P1Y,no,no
oci:0604474422-062401792052,omid:br/0604474422,omid:br/062401792052,2003,P7Y,no,no
oci:0604474422-0632068866,omid:br/0604474422,omid:br/0632068866,2003,P7Y,no,no
oci:0604474422-06260107090,omid:br/0604474422,omid:br/06260107090,2003,P7Y,no,no
oci:0604474422-061101166478,omid:br/0604474422,omid:br/061101166478,2003,P4Y,no,no
oci:0604474422-0615091912,omid:br/0604474422,omid:br/0615091912,2003,P1Y,no,no
oci:0604474422-068096162,omid:br/0604474422,omid:br/068096162,2003,P2Y,no,no
oci:061603931881-06501173083,omid:br/061603931881,omid:br/06501173083,1999,P7Y,no,no
oci:061603931881-061902194624,omid:br/061603931881,omid:br/061902194624,1999,P13Y,no,no
oci:061603931881-061902194695,omid:br/061603931881,omid:br/061902194695,1999,P5Y,no,no
oci:061603931881-061601166467,omid:br/061603931881,omid:br/061601166467,1999,P14Y,no,no
oci:06420248173-061802188761,omid:br/06420248173,omid:br/061802188761,1997,P5Y,no,no
oci:061603931975-06901174955,omid:br/061603931975,omid:br/06901174955,1999,P7Y,no,no
oci:061603931975-06901175223,omid:br/061603931975,omid:br/06901175223,1999,P4Y,no,no
oci:06420248203-06403166190,omid:br/06420248203,omid:br/06403166190,1997,P6Y,no,no
oci:06420248203-06430318417,omid:br/06420248203,omid:br/06430318417,1997,,no,no
oci:06420248203-061802188540,omid:br/06420248203,omid:br/061802188540,1997,P1Y,no,no
oci:06420248203-06430318418,omid:br/06420248203,omid:br/06430318418,1997,,no,no
oci:06420248203-06430318419,omid:br/06420248203,omid:br/06430318419,1997,,no,no
oci:06420248221-061303497058,omid:br/06420248221,omid:br/061303497058,1997,P0Y,no,no
oci:06420248221-06240605298,omid:br/06420248221,omid:br/06240605298,1997,P6Y,no,no
oci:0604474421-061102183065,omid:br/0604474421,omid:br/061102183065,2003,-P5Y,no,no
oci:061603931946-061402210467,omid:br/061603931946,omid:br/061402210467,1999,P0Y,no,no
oci:061603931946-061403021548,omid:br/061603931946,omid:br/061403021548,1999,P12Y,no,no
oci:061603931946-0670877367,omid:br/061603931946,omid:br/0670877367,1999,P13Y,no,no
oci:061603931900-06201171861,omid:br/061603931900,omid:br/06201171861,2008,P18Y,no,no
oci:061603931900-061803291041,omid:br/061603931900,omid:br/061803291041,2008,P5Y,no,no
oci:061603931900-06180882041,omid:br/061603931900,omid:br/06180882041,2008,P9Y,no,no
oci:061603931900-062103280646,omid:br/061603931900,omid:br/062103280646,2008,P9Y,no,no
oci:061603931900-06802537179,omid:br/061603931900,omid:br/06802537179,2008,P4Y,no,no
oci:06420248250-061602203951,omid:br/06420248250,omid:br/061602203951,1997,P6Y,no,no
oci:061603931918-061501093263,omid:br/061603931918,omid:br/061501093263,1999,P6Y,no,no
oci:061603931932-0619095413,omid:br/061603931932,omid:br/0619095413,2008,P23Y,no,no
oci:061603931932-061902195072,omid:br/061603931932,omid:br/061902195072,2008,P1Y,no,no
oci:06420248234-061301242568,omid:br/06420248234,omid:br/061301242568,1997,P46Y,no,no
oci:061603931925-06290290275,omid:br/061603931925,omid:br/06290290275,1999,P21Y,no,no
oci:061603931939-062502119149,omid:br/061603931939,omid:br/062502119149,2008,P16Y,no,no
oci:061603931939-06450310493,omid:br/061603931939,omid:br/06450310493,2008,,no,no
oci:061603931939-061403021669,omid:br/061603931939,omid:br/061403021669,2008,P18Y,no,no
oci:061603931939-0634069839,omid:br/061603931939,omid:br/0634069839,2008,P2Y,no,no
oci:061603931978-061101201820,omid:br/061603931978,omid:br/061101201820,1999,P60Y,no,no
oci:061603931978-061403021548,omid:br/061603931978,omid:br/061403021548,1999,P12Y,no,no
oci:061603931978-06260568810,omid:br/061603931978,omid:br/06260568810,1999,P26Y,no,no
oci:061603931978-062404056654,omid:br/061603931978,omid:br/062404056654,1999,P13Y,no,no
oci:061603931978-062204042827,omid:br/061603931978,omid:br/062204042827,1999,P12Y,no,no
oci:061603931978-06310212988,omid:br/061603931978,omid:br/06310212988,1999,P5Y,no,no
oci:061603931978-062604068635,omid:br/061603931978,omid:br/062604068635,1999,P5Y,no,no
oci:061603931978-062604068546,omid:br/061603931978,omid:br/062604068546,1999,P5Y,no,no
oci:061603931965-061403225098,omid:br/061603931965,omid:br/061403225098,1999,P19Y,no,no
oci:061603931965-06301235886,omid:br/061603931965,omid:br/06301235886,1999,P6Y,no,no
oci:06420248238-06140359756,omid:br/06420248238,omid:br/06140359756,1997,P1Y,no,no
oci:061603931930-062301815781,omid:br/061603931930,omid:br/062301815781,1999,P1Y,no,no
oci:061603931930-062401792077,omid:br/061603931930,omid:br/062401792077,1999,P2Y,no,no
oci:061603931930-062103031640,omid:br/061603931930,omid:br/062103031640,1999,P4Y,no,no
oci:061603931930-06404024120,omid:br/061603931930,omid:br/06404024120,1999,P33Y,no,no
oci:061603931930-062201692760,omid:br/061603931930,omid:br/062201692760,1999,-P9Y,no,no
oci:061603932166-0610624882,omid:br/061603932166,omid:br/0610624882,2002,P49Y,no,no
oci:061603932166-061303593180,omid:br/061603932166,omid:br/061303593180,2002,P38Y,no,no
oci:061603932166-06401527870,omid:br/061603932166,omid:br/06401527870,2002,P67Y,no,no
oci:061603932166-061203604470,omid:br/061603932166,omid:br/061203604470,2002,P44Y,no,no
oci:061603932166-061904040070,omid:br/061603932166,omid:br/061904040070,2002,P16Y,no,no
oci:061603932166-06430318422,omid:br/061603932166,omid:br/06430318422,2002,,no,no
oci:061603932166-06140812213,omid:br/061603932166,omid:br/06140812213,2002,P178Y,no,no
oci:061603932166-061202226005,omid:br/061603932166,omid:br/061202226005,2002,P14Y,no,no
oci:061603932166-062104032367,omid:br/061603932166,omid:br/062104032367,2002,P14Y,no,no
oci:061603932166-0620204369,omid:br/061603932166,omid:br/0620204369,2002,P23Y,no,no
oci:061603931924-06310212950,omid:br/061603931924,omid:br/06310212950,1999,P4Y,no,no
oci:061603931924-06370298542,omid:br/061603931924,omid:br/06370298542,1999,,no,no
oci:061603932223-061902194521,omid:br/061603932223,omid:br/061902194521,2002,P25Y,no,no
oci:061603932223-06250612370,omid:br/061603932223,omid:br/06250612370,2002,P3Y,no,no
oci:061603932223-06404070106,omid:br/061603932223,omid:br/06404070106,2002,P7Y,no,no
oci:061603932223-061903050304,omid:br/061603932223,omid:br/061903050304,2002,P4Y,no,no
oci:061603931945-061303497057,omid:br/061603931945,omid:br/061303497057,1999,P2Y,no,no
oci:06420248241-0670210450,omid:br/06420248241,omid:br/0670210450,1997,P52Y,no,no
oci:06420248241-061902194521,omid:br/06420248241,omid:br/061902194521,1997,P20Y,no,no
oci:06420248241-061802188650,omid:br/06420248241,omid:br/061802188650,1997,P4Y,no,no
oci:06420248241-061802188633,omid:br/06420248241,omid:br/061802188633,1997,P19Y,no,no
oci:06420248241-061402209982,omid:br/06420248241,omid:br/061402209982,1997,P4Y,no,no
oci:06420248220-0635067289,omid:br/06420248220,omid:br/0635067289,1997,P10Y,no,no
oci:061603932188-061403021548,omid:br/061603932188,omid:br/061403021548,2002,P15Y,no,no
oci:061603932188-06270228107,omid:br/061603932188,omid:br/06270228107,2002,P8Y,no,no
oci:061603931909-061602203951,omid:br/061603931909,omid:br/061602203951,1999,P8Y,no,no
oci:061603931909-061902194695,omid:br/061603931909,omid:br/061902194695,1999,P5Y,no,no
oci:062403918274-06501595659,omid:br/062403918274,omid:br/06501595659,2010,P26Y,no,no
oci:062403918274-062504056644,omid:br/062403918274,omid:br/062504056644,2010,P19Y,no,no
oci:062403918274-062601599867,omid:br/062403918274,omid:br/062601599867,2010,P32Y,no,no
oci:062403918274-061501580499,omid:br/062403918274,omid:br/061501580499,2010,P13Y,no,no
oci:062403918274-06160342472,omid:br/062403918274,omid:br/06160342472,2010,P6Y,no,no
oci:06420248197-062403601359,omid:br/06420248197,omid:br/062403601359,1997,P5Y,no,no
oci:06420248197-062503635420,omid:br/06420248197,omid:br/062503635420,1997,P12Y,no,no
oci:06420248197-0604837247,omid:br/06420248197,omid:br/0604837247,1997,P4Y,no,no
oci:061603932167-061202225880,omid:br/061603932167,omid:br/061202225880,2002,P15Y,no,no
oci:061603932167-0632068977,omid:br/061603932167,omid:br/0632068977,2002,P4Y,no,no
oci:061603932167-061302229290,omid:br/061603932167,omid:br/061302229290,2002,P9Y,no,no
oci:061603932167-061502237175,omid:br/061603932167,omid:br/061502237175,2002,P12Y,no,no
oci:061603931911-062401792052,omid:br/061603931911,omid:br/062401792052,1999,P3Y,no,no
oci:061603931911-061303497124,omid:br/061603931911,omid:br/061303497124,1999,P2Y,no,no
oci:061603931911-06180396932,omid:br/061603931911,omid:br/06180396932,1999,P5Y,no,no
oci:061603931911-062403648059,omid:br/061603931911,omid:br/062403648059,1999,P11Y,no,no
oci:061603932149-061701521293,omid:br/061603932149,omid:br/061701521293,2018,P1Y,no,no
oci:061603932354-061803036614,omid:br/061603932354,omid:br/061803036614,2009,P10Y,no,no
oci:061603932354-061901894151,omid:br/061603932354,omid:br/061901894151,2009,P3Y,no,no
oci:061603932354-061401675533,omid:br/061603932354,omid:br/061401675533,2009,P5Y,no,no
oci:061603932354-061902195153,omid:br/061603932354,omid:br/061902195153,2009,P3Y,no,no
oci:061603932354-061902195068,omid:br/061603932354,omid:br/061902195068,2009,P2Y,no,no
oci:061603932354-06503739151,omid:br/061603932354,omid:br/06503739151,2009,P1Y,no,no
oci:061603932354-061803286168,omid:br/061603932354,omid:br/061803286168,2009,P7Y,no,no
oci:061603932354-061701164301,omid:br/061603932354,omid:br/061701164301,2009,P15Y,no,no
oci:061603932354-06201816537,omid:br/061603932354,omid:br/06201816537,2009,P6Y,no,no
oci:061603932354-06201817436,omid:br/061603932354,omid:br/06201817436,2009,P7Y,no,no
oci:061603932354-061902699141,omid:br/061603932354,omid:br/061902699141,2009,P2Y,no,no
oci:061603932373-062905034,omid:br/061603932373,omid:br/062905034,2010,P16Y,no,no
oci:061603932373-062303292640,omid:br/061603932373,omid:br/062303292640,2010,P7Y,no,no
oci:061603932373-061401672869,omid:br/061603932373,omid:br/061401672869,2010,P13Y,no,no
oci:061603932373-061803037009,omid:br/061603932373,omid:br/061803037009,2010,P10Y,no,no
oci:061603932373-061802388039,omid:br/061603932373,omid:br/061802388039,2010,P8Y,no,no
oci:061603932373-061403275051,omid:br/061603932373,omid:br/061403275051,2010,P5Y,no,no
oci:061603932373-06902181323,omid:br/061603932373,omid:br/06902181323,2010,P7Y,no,no
oci:061603932373-061401672975,omid:br/061603932373,omid:br/061401672975,2010,P4Y,no,no
oci:061603932382-06803999301,omid:br/061603932382,omid:br/06803999301,2009,,no,no
oci:061603932382-061203732986,omid:br/061603932382,omid:br/061203732986,2009,P6Y,no,no
oci:061603932382-0660622213,omid:br/061603932382,omid:br/0660622213,2009,P2Y,no,no
oci:061603932382-061901894151,omid:br/061603932382,omid:br/061901894151,2009,P3Y,no,no
oci:061603932382-061401675533,omid:br/061603932382,omid:br/061401675533,2009,P5Y,no,no
oci:061603932382-061902195068,omid:br/061603932382,omid:br/061902195068,2009,P2Y,no,no
oci:061603932382-061902195153,omid:br/061603932382,omid:br/061902195153,2009,P3Y,no,no
oci:061603932382-061902699141,omid:br/061603932382,omid:br/061902699141,2009,P2Y,no,no
oci:061603932382-06220203353,omid:br/061603932382,omid:br/06220203353,2009,P1Y,no,no
oci:061603932382-061802188786,omid:br/061603932382,omid:br/061802188786,2009,P21Y,no,no
oci:061603932382-061902194651,omid:br/061603932382,omid:br/061902194651,2009,P25Y,no,no
oci:061603932382-06201817436,omid:br/061603932382,omid:br/06201817436,2009,P7Y,no,no
oci:061603931912-062403648059,omid:br/061603931912,omid:br/062403648059,1999,P11Y,no,no
oci:061603931912-0670877367,omid:br/061603931912,omid:br/0670877367,1999,P13Y,no,no
oci:061603931912-061904040172,omid:br/061603931912,omid:br/061904040172,1999,P1Y,no,no
oci:061603932205-061903577375,omid:br/061603932205,omid:br/061903577375,2002,P11Y,no,no
oci:061603932205-062401792052,omid:br/061603932205,omid:br/062401792052,2002,P6Y,no,no
oci:061603931917-061801158137,omid:br/061603931917,omid:br/061801158137,1999,P30Y,no,no
oci:061603931917-06901175559,omid:br/061603931917,omid:br/06901175559,1999,P1Y,no,no
oci:061603931917-061801575965,omid:br/061603931917,omid:br/061801575965,1999,P2Y,no,no
oci:061603931917-061304033068,omid:br/061603931917,omid:br/061304033068,1999,P4Y,no,no
oci:061603931917-061401150339,omid:br/061603931917,omid:br/061401150339,1999,P4Y,no,no
oci:061603931917-061703953840,omid:br/061603931917,omid:br/061703953840,1999,P5Y,no,no
oci:061603932355-061303031889,omid:br/061603932355,omid:br/061303031889,2009,P16Y,no,no
oci:061603932355-061202225839,omid:br/061603932355,omid:br/061202225839,2009,P23Y,no,no
oci:061603932355-0604837249,omid:br/061603932355,omid:br/0604837249,2009,P13Y,no,no
oci:061603932355-062404057073,omid:br/061603932355,omid:br/062404057073,2009,P25Y,no,no
oci:061603932355-062504056223,omid:br/061603932355,omid:br/062504056223,2009,P24Y,no,no
oci:061603932355-061802124565,omid:br/061603932355,omid:br/061802124565,2009,P2Y,no,no
oci:06204003788-06310213678,omid:br/06204003788,omid:br/06310213678,2010,P2Y,no,no
oci:06204003788-061902194902,omid:br/06204003788,omid:br/061902194902,2010,P1Y,no,no
oci:06204003788-0630872018,omid:br/06204003788,omid:br/0630872018,2010,P1Y,no,no
oci:06204003788-062503635420,omid:br/06204003788,omid:br/062503635420,2010,P25Y,no,no
oci:06204003788-061602209960,omid:br/06204003788,omid:br/061602209960,2010,P24Y,no,no
oci:06204003788-06110214229,omid:br/06204003788,omid:br/06110214229,2010,P24Y,no,no
oci:06204003788-062401555249,omid:br/06204003788,omid:br/062401555249,2010,P26Y,no,no
oci:06204003788-06201171442,omid:br/06204003788,omid:br/06201171442,2010,P25Y,no,no
oci:06204003788-06110214273,omid:br/06204003788,omid:br/06110214273,2010,P25Y,no,no
oci:061603931885-061602203951,omid:br/061603931885,omid:br/061602203951,1999,P8Y,no,no
oci:061603931885-061902194423,omid:br/061603931885,omid:br/061902194423,1999,P9Y,no,no
oci:061603931885-061902194384,omid:br/061603931885,omid:br/061902194384,1999,P9Y,no,no
oci:061603931892-0660882815,omid:br/061603931892,omid:br/0660882815,1999,P17Y,no,no
oci:061603931892-061802188787,omid:br/061603931892,omid:br/061802188787,1999,P2Y,no,no
oci:061603931892-061802188709,omid:br/061603931892,omid:br/061802188709,1999,P14Y,no,no
oci:061603931892-061802188397,omid:br/061603931892,omid:br/061802188397,1999,P11Y,no,no
oci:061603931892-061802188404,omid:br/061603931892,omid:br/061802188404,1999,P8Y,no,no
oci:061603931892-061802188827,omid:br/061603931892,omid:br/061802188827,1999,P6Y,no,no
oci:061603931892-061802188438,omid:br/061603931892,omid:br/061802188438,1999,P4Y,no,no
oci:061603931892-061802188818,omid:br/061603931892,omid:br/061802188818,1999,P14Y,no,no
oci:06420248232-0650885938,omid:br/06420248232,omid:br/0650885938,1998,P3Y,no,no
oci:06420248232-061203036896,omid:br/06420248232,omid:br/061203036896,1998,P5Y,no,no
oci:06420248232-06601702229,omid:br/06420248232,omid:br/06601702229,1998,P8Y,no,no
oci:06420248232-06101371738,omid:br/06420248232,omid:br/06101371738,1998,P1Y,no,no
oci:06420248232-061203036854,omid:br/06420248232,omid:br/061203036854,1998,P5Y,no,no
oci:06420248232-062402213273,omid:br/06420248232,omid:br/062402213273,1998,P1Y,no,no
oci:061603932397-06150712834,omid:br/061603932397,omid:br/06150712834,2009,P43Y,no,no
oci:061603932397-062203694625,omid:br/061603932397,omid:br/062203694625,2009,P20Y,no,no
oci:061603932397-06350324341,omid:br/061603932397,omid:br/06350324341,2009,,no,no
oci:061603932397-061101793918,omid:br/061603932397,omid:br/061101793918,2009,P41Y,no,no
oci:061603932351-061803036614,omid:br/061603932351,omid:br/061803036614,2010,P11Y,no,no
oci:061603932351-061603932354,omid:br/061603932351,omid:br/061603932354,2010,P1Y,yes,no
oci:061603932351-061603932355,omid:br/061603932351,omid:br/061603932355,2010,P1Y,yes,no
oci:061603932351-061902195153,omid:br/061603932351,omid:br/061902195153,2010,P4Y,no,no
oci:061603932351-061603932382,omid:br/061603932351,omid:br/061603932382,2010,P1Y,yes,no
oci:061603932351-061803286168,omid:br/061603932351,omid:br/061803286168,2010,P8Y,no,no
oci:061603932351-06270162127,omid:br/061603932351,omid:br/06270162127,2010,P19Y,no,no
oci:061603932351-061701164301,omid:br/061603932351,omid:br/061701164301,2010,P16Y,no,no
oci:061603932351-06130204543,omid:br/061603932351,omid:br/06130204543,2010,P5Y,no,no
oci:061603932351-06702834686,omid:br/061603932351,omid:br/06702834686,2010,P6Y,no,no
oci:061603932351-06220546492,omid:br/061603932351,omid:br/06220546492,2010,P19Y,no,no
oci:061603932230-06804601214,omid:br/061603932230,omid:br/06804601214,2002,,no,no
oci:061603932230-06404026458,omid:br/061603932230,omid:br/06404026458,2002,P28Y,no,no
oci:061603932230-061802188089,omid:br/061603932230,omid:br/061802188089,2002,P22Y,no,no
oci:061603932230-06304254348,omid:br/061603932230,omid:br/06304254348,2002,P24Y,no,no
oci:061603931963-061203036575,omid:br/061603931963,omid:br/061203036575,1999,P7Y,no,no
oci:061603931963-061403021548,omid:br/061603931963,omid:br/061403021548,1999,P12Y,no,no
oci:061603931963-061201099520,omid:br/061603931963,omid:br/061201099520,1999,P26Y,no,no
oci:06703983894-061602203951,omid:br/06703983894,omid:br/061602203951,2009,P18Y,no,no
oci:06703983894-0604830788,omid:br/06703983894,omid:br/0604830788,2009,P20Y,no,no
oci:061603931907-061903577375,omid:br/061603931907,omid:br/061903577375,1999,P8Y,no,no
oci:061603931907-0660882800,omid:br/061603931907,omid:br/0660882800,1999,P12Y,no,no
oci:061603931907-0650886420,omid:br/061603931907,omid:br/0650886420,1999,P5Y,no,no
oci:061603931907-06204025311,omid:br/061603931907,omid:br/06204025311,1999,P9Y,no,no
oci:061603932334-06901151117,omid:br/061603932334,omid:br/06901151117,2009,P0Y,no,no
oci:061603932334-06130479557,omid:br/061603932334,omid:br/06130479557,2009,P37Y,no,no
oci:061603932334-06603470679,omid:br/061603932334,omid:br/06603470679,2009,P8Y,no,no
oci:061603932334-06304295556,omid:br/061603932334,omid:br/06304295556,2009,P2Y,no,no
oci:061603932334-061301574458,omid:br/061603932334,omid:br/061301574458,2009,P3Y,no,no
oci:061603932334-061301574688,omid:br/061603932334,omid:br/061301574688,2009,P3Y,no,no
oci:061603932334-061602141333,omid:br/061603932334,omid:br/061602141333,2009,P1Y,no,no
oci:061603932334-06603907723,omid:br/061603932334,omid:br/06603907723,2009,P13Y,no,no
oci:061603932334-06901151563,omid:br/061603932334,omid:br/06901151563,2009,P2Y,no,no
oci:061603932334-06901599246,omid:br/061603932334,omid:br/06901599246,2009,P3Y,no,no
oci:061603932334-061103054084,omid:br/061603932334,omid:br/061103054084,2009,P2Y,no,no
oci:061603932334-061103054048,omid:br/061603932334,omid:br/061103054048,2009,P2Y,no,no
oci:061603932334-06901599045,omid:br/061603932334,omid:br/06901599045,2009,P2Y,no,no
oci:061603932225-06250260764,omid:br/061603932225,omid:br/06250260764,2002,P40Y,no,no
oci:061603932225-062103031549,omid:br/061603932225,omid:br/062103031549,2002,P7Y,no,no
oci:061603932225-0604026194,omid:br/061603932225,omid:br/0604026194,2002,P5Y,no,no
oci:061603932357-06603907723,omid:br/061603932357,omid:br/06603907723,2010,P14Y,no,no
oci:061603932357-061103053651,omid:br/061603932357,omid:br/061103053651,2010,P2Y,no,no
oci:061603932357-06170703150,omid:br/061603932357,omid:br/06170703150,2010,P5Y,no,no
oci:061603932357-06702996388,omid:br/061603932357,omid:br/06702996388,2010,P1Y,no,no
oci:061603932357-06260366770,omid:br/061603932357,omid:br/06260366770,2010,P1Y,no,no
oci:061603932357-06702996387,omid:br/061603932357,omid:br/06702996387,2010,P1Y,no,no
oci:061603932357-06260366602,omid:br/061603932357,omid:br/06260366602,2010,P1Y,no,no
oci:061603932357-06803449732,omid:br/061603932357,omid:br/06803449732,2010,P0Y,no,no
oci:061603932357-061602140894,omid:br/061603932357,omid:br/061602140894,2010,P1Y,no,no
oci:061603932357-061502133120,omid:br/061603932357,omid:br/061502133120,2010,P0Y,no,no
oci:061603932357-06903062965,omid:br/061603932357,omid:br/06903062965,2010,P2Y,no,no
oci:06420248212-0630884560,omid:br/06420248212,omid:br/0630884560,1998,P28Y,no,no
oci:06420248212-061402150824,omid:br/06420248212,omid:br/061402150824,1998,-P10Y,no,no
oci:061603931958-0650886420,omid:br/061603931958,omid:br/0650886420,1999,P5Y,no,no
oci:061603931958-062401792052,omid:br/061603931958,omid:br/062401792052,1999,P3Y,no,no
oci:061603932376-06250549417,omid:br/061603932376,omid:br/06250549417,2009,P27Y,no,no
oci:061603932376-061403021923,omid:br/061603932376,omid:br/061403021923,2009,P24Y,no,no
oci:061603932376-06903679673,omid:br/061603932376,omid:br/06903679673,2009,P6Y,no,no
oci:061603932376-061803036742,omid:br/061603932376,omid:br/061803036742,2009,P10Y,no,no
oci:061603931882-062604068546,omid:br/061603931882,omid:br/062604068546,1999,P5Y,no,no
oci:061603931882-061801656658,omid:br/061603931882,omid:br/061801656658,1999,P4Y,no,no
oci:061603932235-061402210339,omid:br/061603932235,omid:br/061402210339,2002,P13Y,no,no
oci:061603932235-061201154615,omid:br/061603932235,omid:br/061201154615,2002,P4Y,no,no
oci:061603932235-061402210886,omid:br/061603932235,omid:br/061402210886,2002,P12Y,no,no
oci:061603932235-061402210834,omid:br/061603932235,omid:br/061402210834,2002,P4Y,no,no
oci:06420248206-06450310495,omid:br/06420248206,omid:br/06450310495,1998,,no,no
oci:06420248206-06430318420,omid:br/06420248206,omid:br/06430318420,1998,,no,no
oci:06420248206-061602203951,omid:br/06420248206,omid:br/061602203951,1998,P7Y,no,no
oci:061603932403-062401792052,omid:br/061603932403,omid:br/062401792052,2010,P14Y,no,no
oci:061603932403-0615091914,omid:br/061603932403,omid:br/0615091914,2010,P5Y,no,no
oci:061603932403-06160973837,omid:br/061603932403,omid:br/06160973837,2010,P5Y,no,no
oci:061603932403-062102430995,omid:br/061603932403,omid:br/062102430995,2010,P9Y,no,no
oci:061603932403-062501700515,omid:br/061603932403,omid:br/062501700515,2010,P7Y,no,no
oci:061603932403-06160342626,omid:br/061603932403,omid:br/06160342626,2010,P5Y,no,no
oci:061603932403-061101166478,omid:br/061603932403,omid:br/061101166478,2010,P11Y,no,no
oci:06420248202-061403021548,omid:br/06420248202,omid:br/061403021548,1998,P11Y,no,no
oci:061603932349-0650207724,omid:br/061603932349,omid:br/0650207724,2009,P33Y,no,no
oci:061603932349-061302229290,omid:br/061603932349,omid:br/061302229290,2009,P16Y,no,no
oci:061603932349-0604830594,omid:br/061603932349,omid:br/0604830594,2009,P23Y,no,no
oci:061603932349-061202225426,omid:br/061603932349,omid:br/061202225426,2009,P12Y,no,no
oci:061603932349-061102765498,omid:br/061603932349,omid:br/061102765498,2009,P11Y,no,no
oci:061603932349-062301785199,omid:br/061603932349,omid:br/062301785199,2009,P11Y,no,no
oci:061603932349-06350324339,omid:br/061603932349,omid:br/06350324339,2009,,no,no
oci:061603932378-062401792052,omid:br/061603932378,omid:br/062401792052,2009,P13Y,no,no
oci:061603932378-06170468002,omid:br/061603932378,omid:br/06170468002,2009,P5Y,no,no
oci:061603932378-061601096991,omid:br/061603932378,omid:br/061601096991,2009,P1Y,no,no
oci:061603932378-06201800981,omid:br/061603932378,omid:br/06201800981,2009,P0Y,no,no
oci:061603931889-062502119149,omid:br/061603931889,omid:br/062502119149,1999,P7Y,no,no
oci:061603931889-061203036575,omid:br/061603931889,omid:br/061203036575,1999,P7Y,no,no
oci:061603931889-0630395881,omid:br/061603931889,omid:br/0630395881,1999,P2Y,no,no
oci:061603931889-061903049887,omid:br/061603931889,omid:br/061903049887,1999,P1Y,no,no
oci:06420248223-062403648059,omid:br/06420248223,omid:br/062403648059,1998,P10Y,no,no
oci:06420248223-0670877367,omid:br/06420248223,omid:br/0670877367,1998,P12Y,no,no
oci:06420248223-061903577375,omid:br/06420248223,omid:br/061903577375,1998,P7Y,no,no
oci:06420248223-06502513049,omid:br/06420248223,omid:br/06502513049,1998,P24Y,no,no
oci:06420248223-062101154397,omid:br/06420248223,omid:br/062101154397,1998,P20Y,no,no
oci:061603931962-061103503252,omid:br/061603931962,omid:br/061103503252,1999,P3Y,no,no
oci:061603931962-0680643424,omid:br/061603931962,omid:br/0680643424,1999,P16Y,no,no
oci:061603931962-061802188806,omid:br/061603931962,omid:br/061802188806,1999,P13Y,no,no
oci:061603931962-062303646886,omid:br/061603931962,omid:br/062303646886,1999,P8Y,no,no
oci:061603931962-06701740069,omid:br/061603931962,omid:br/06701740069,1999,P8Y,no,no
oci:061603931962-061203772371,omid:br/061603931962,omid:br/061203772371,1999,P4Y,no,no
oci:06420248189-061802188615,omid:br/06420248189,omid:br/061802188615,1998,P13Y,no,no
oci:06420248189-061601166467,omid:br/06420248189,omid:br/061601166467,1998,P13Y,no,no
oci:06420248189-061802188440,omid:br/06420248189,omid:br/061802188440,1998,P12Y,no,no
oci:061603932228-06301583912,omid:br/061603932228,omid:br/06301583912,2002,P22Y,no,no
oci:061603932228-061802188650,omid:br/061603932228,omid:br/061802188650,2002,P9Y,no,no
oci:061603932228-062503634754,omid:br/061603932228,omid:br/062503634754,2002,P15Y,no,no
oci:061603932228-061902194521,omid:br/061603932228,omid:br/061902194521,2002,P25Y,no,no
oci:061603932228-06290218103,omid:br/061603932228,omid:br/06290218103,2002,P19Y,no,no
oci:061603932228-061804033251,omid:br/061603932228,omid:br/061804033251,2002,P11Y,no,no
oci:061603932358-06240205517,omid:br/061603932358,omid:br/06240205517,2010,P21Y,no,no
oci:061603932358-06801170242,omid:br/061603932358,omid:br/06801170242,2010,P29Y,no,no
oci:061603932358-062203289439,omid:br/061603932358,omid:br/062203289439,2010,P13Y,no,no
oci:061603932358-06802536767,omid:br/061603932358,omid:br/06802536767,2010,P5Y,no,no
oci:061603932358-06303715218,omid:br/061603932358,omid:br/06303715218,2010,P9Y,no,no
oci:061603932358-061703303498,omid:br/061603932358,omid:br/061703303498,2010,P13Y,no,no
oci:061603932358-064101222,omid:br/061603932358,omid:br/064101222,2010,P8Y,no,no
oci:061603932358-06803433820,omid:br/061603932358,omid:br/06803433820,2010,P3Y,no,no
oci:061603932358-061403274912,omid:br/061603932358,omid:br/061403274912,2010,P5Y,no,no
oci:061603932352-0625090674,omid:br/061603932352,omid:br/0625090674,2010,P15Y,no,no
oci:061603932352-061201155290,omid:br/061603932352,omid:br/061201155290,2010,P10Y,no,no
oci:061603932352-062403283723,omid:br/061603932352,omid:br/062403283723,2010,P13Y,no,no
oci:061603931948-061903577375,omid:br/061603931948,omid:br/061903577375,1999,P8Y,no,no
oci:061603931948-06170359962,omid:br/061603931948,omid:br/06170359962,1999,P5Y,no,no
oci:061603931948-06601701816,omid:br/061603931948,omid:br/06601701816,1999,P9Y,no,no
oci:061603931948-061403565947,omid:br/061603931948,omid:br/061403565947,1999,P10Y,no,no
oci:061603931948-062104032590,omid:br/061603931948,omid:br/062104032590,1999,P15Y,no,no
oci:061603932206-061703954331,omid:br/061603932206,omid:br/061703954331,2002,P0Y,no,no
oci:061603932206-06101597203,omid:br/061603932206,omid:br/06101597203,2002,P31Y,no,no
oci:061603932206-06701575667,omid:br/061603932206,omid:br/06701575667,2002,P22Y,no,no
oci:061603932206-061403021054,omid:br/061603932206,omid:br/061403021054,2002,P14Y,no,no
oci:061603932206-06802506606,omid:br/061603932206,omid:br/06802506606,2002,P11Y,no,no
oci:061603932206-061303496999,omid:br/061603932206,omid:br/061303496999,2002,P6Y,no,no
oci:061603932206-06803899226,omid:br/061603932206,omid:br/06803899226,2002,P2Y,no,no
oci:061603932206-061203036802,omid:br/061603932206,omid:br/061203036802,2002,P11Y,no,no
oci:061603932206-062301696125,omid:br/061603932206,omid:br/062301696125,2002,-P6Y,no,no
oci:061603932206-06180396975,omid:br/061603932206,omid:br/06180396975,2002,P10Y,no,no
oci:061603932206-0670952156,omid:br/061603932206,omid:br/0670952156,2002,P5Y,no,no
oci:061603932409-0620155411,omid:br/061603932409,omid:br/0620155411,2010,P21Y,no,no
oci:061603931944-0632068866,omid:br/061603931944,omid:br/0632068866,1999,P3Y,no,no
oci:061603931944-06490228378,omid:br/061603931944,omid:br/06490228378,1999,P8Y,no,no
oci:061603931944-06301583912,omid:br/061603931944,omid:br/06301583912,1999,P19Y,no,no
oci:061603931944-061802188082,omid:br/061603931944,omid:br/061802188082,1999,P21Y,no,no
oci:061603931944-061902194624,omid:br/061603931944,omid:br/061902194624,1999,P13Y,no,no
oci:061603931944-06180396488,omid:br/061603931944,omid:br/06180396488,1999,P14Y,no,no
oci:061603931944-061702207956,omid:br/061603931944,omid:br/061702207956,1999,P18Y,no,no
oci:061603931944-06502513049,omid:br/061603931944,omid:br/06502513049,1999,P25Y,no,no
oci:061603931944-061501165525,omid:br/061603931944,omid:br/061501165525,1999,P12Y,no,no
oci:061603931944-061902194423,omid:br/061603931944,omid:br/061902194423,1999,P9Y,no,no
oci:061603931944-062504056682,omid:br/061603931944,omid:br/062504056682,1999,P8Y,no,no
oci:061603932413-0670877367,omid:br/061603932413,omid:br/0670877367,2010,P24Y,no,no
oci:061603932413-061203037074,omid:br/061603932413,omid:br/061203037074,2010,P18Y,no,no
oci:061603932413-062403648059,omid:br/061603932413,omid:br/062403648059,2010,P22Y,no,no
oci:061603932413-062504056471,omid:br/061603932413,omid:br/062504056471,2010,P13Y,no,no
oci:061603932413-061203285970,omid:br/061603932413,omid:br/061203285970,2010,P19Y,no,no
oci:061603932413-0670877501,omid:br/061603932413,omid:br/0670877501,2010,P14Y,no,no
oci:061603932413-0640884170,omid:br/061603932413,omid:br/0640884170,2010,P14Y,no,no
oci:061603932336-061802188379,omid:br/061603932336,omid:br/061802188379,2010,P7Y,no,no
oci:061603932336-061703601024,omid:br/061603932336,omid:br/061703601024,2010,P2Y,no,no
oci:061603932336-062502845864,omid:br/061603932336,omid:br/062502845864,2010,P2Y,no,no
oci:061603932336-061201099520,omid:br/061603932336,omid:br/061201099520,2010,P37Y,no,no
oci:061603932336-06150957679,omid:br/061603932336,omid:br/06150957679,2010,P16Y,no,no
oci:061603932336-06502602224,omid:br/061603932336,omid:br/06502602224,2010,P4Y,no,no
oci:061603932184-061402210467,omid:br/061603932184,omid:br/061402210467,2002,P3Y,no,no
oci:061603932184-06210552473,omid:br/061603932184,omid:br/06210552473,2002,P12Y,no,no
oci:061603932184-062401792052,omid:br/061603932184,omid:br/062401792052,2002,P6Y,no,no
oci:061603932184-06802852109,omid:br/061603932184,omid:br/06802852109,2002,P0Y,no,no
oci:061603932348-06170360408,omid:br/061603932348,omid:br/06170360408,2010,P7Y,no,no
oci:061603931899-061902194384,omid:br/061603931899,omid:br/061902194384,1999,P9Y,no,no
oci:061603931899-061902194521,omid:br/061603931899,omid:br/061902194521,1999,P22Y,no,no
oci:061603932344-06201817084,omid:br/061603932344,omid:br/06201817084,2010,P7Y,no,no
oci:061603932344-06903610759,omid:br/061603932344,omid:br/06903610759,2010,,no,no
oci:061603932210-06140204045,omid:br/061603932210,omid:br/06140204045,2002,P1Y,no,no
oci:061603932212-0650886420,omid:br/061603932212,omid:br/0650886420,2002,P8Y,no,no
oci:061603932212-06602854987,omid:br/061603932212,omid:br/06602854987,2002,P14Y,no,no
oci:061603932212-06160363985,omid:br/061603932212,omid:br/06160363985,2002,P11Y,no,no
oci:061603932412-061903577375,omid:br/061603932412,omid:br/061903577375,2010,P19Y,no,no
oci:06103999240-061401675533,omid:br/06103999240,omid:br/061401675533,2010,P6Y,no,no
oci:06103999240-062602462271,omid:br/06103999240,omid:br/062602462271,2010,P10Y,no,no
oci:06103999240-06201817436,omid:br/06103999240,omid:br/06201817436,2010,P8Y,no,no
oci:06103999240-061603932393,omid:br/06103999240,omid:br/061603932393,2010,P0Y,yes,no
oci:061603932370-06130947533,omid:br/061603932370,omid:br/06130947533,2010,P25Y,no,no
oci:061603932370-06130947398,omid:br/061603932370,omid:br/06130947398,2010,P24Y,no,no
oci:061603932370-06180945685,omid:br/061603932370,omid:br/06180945685,2010,P19Y,no,no
oci:061603932370-061301573398,omid:br/061603932370,omid:br/061301573398,2010,P20Y,no,no
oci:061603932370-061401562924,omid:br/061603932370,omid:br/061401562924,2010,P20Y,no,no
oci:061603932370-061203036896,omid:br/061603932370,omid:br/061203036896,2010,P17Y,no,no
oci:061603932370-061801575964,omid:br/061603932370,omid:br/061801575964,2010,P10Y,no,no
oci:061603932370-062203641999,omid:br/061603932370,omid:br/062203641999,2010,P18Y,no,no
oci:061603932370-062503634537,omid:br/061603932370,omid:br/062503634537,2010,P23Y,no,no
oci:061603932370-062303647085,omid:br/061603932370,omid:br/062303647085,2010,P19Y,no,no
oci:061603932370-06230622120,omid:br/061603932370,omid:br/06230622120,2010,P21Y,no,no
oci:061603932370-062103031508,omid:br/061603932370,omid:br/062103031508,2010,P15Y,no,no
oci:061603932370-06501595690,omid:br/061603932370,omid:br/06501595690,2010,P57Y,no,no
oci:061603932370-06210916157,omid:br/061603932370,omid:br/06210916157,2010,P16Y,no,no
oci:061603932370-06110876610,omid:br/061603932370,omid:br/06110876610,2010,P7Y,no,no
oci:061603932370-06170360158,omid:br/061603932370,omid:br/06170360158,2010,P4Y,no,no
oci:061603932248-061802188275,omid:br/061603932248,omid:br/061802188275,2002,P9Y,no,no
oci:061603932248-061802188635,omid:br/061603932248,omid:br/061802188635,2002,P2Y,no,no
oci:061603932248-061902194423,omid:br/061603932248,omid:br/061902194423,2002,P12Y,no,no
oci:061603932248-0604830578,omid:br/061603932248,omid:br/0604830578,2002,P1Y,no,no
oci:061603932236-06190398553,omid:br/061603932236,omid:br/06190398553,2002,P16Y,no,no
oci:061603932236-06804601215,omid:br/061603932236,omid:br/06804601215,2002,,no,no
oci:061603932236-06401594273,omid:br/061603932236,omid:br/06401594273,2002,P37Y,no,no
oci:061603932236-0604026180,omid:br/061603932236,omid:br/0604026180,2002,P5Y,no,no
oci:061603932258-061203036575,omid:br/061603932258,omid:br/061203036575,2002,P10Y,no,no
oci:06703972827-06130947533,omid:br/06703972827,omid:br/06130947533,2010,P25Y,no,no
oci:06703972827-062503634537,omid:br/06703972827,omid:br/062503634537,2010,P23Y,no,no
oci:06703972827-06170955377,omid:br/06703972827,omid:br/06170955377,2010,P34Y,no,no
oci:06703972827-06180945685,omid:br/06703972827,omid:br/06180945685,2010,P19Y,no,no
oci:06703972827-061301573398,omid:br/06703972827,omid:br/061301573398,2010,P20Y,no,no
oci:06703972827-061401562924,omid:br/06703972827,omid:br/061401562924,2010,P20Y,no,no
oci:06703972827-0620396709,omid:br/06703972827,omid:br/0620396709,2010,P13Y,no,no
oci:06703972827-061801575964,omid:br/06703972827,omid:br/061801575964,2010,P10Y,no,no
oci:06703972827-06230622120,omid:br/06703972827,omid:br/06230622120,2010,P21Y,no,no
oci:06703972827-062203642111,omid:br/06703972827,omid:br/062203642111,2010,P18Y,no,no
oci:06703972827-062501802141,omid:br/06703972827,omid:br/062501802141,2010,P14Y,no,no
oci:06703972827-062203641999,omid:br/06703972827,omid:br/062203641999,2010,P18Y,no,no
oci:06703972827-062203641888,omid:br/06703972827,omid:br/062203641888,2010,P18Y,no,no
oci:06703972827-06201817242,omid:br/06703972827,omid:br/06201817242,2010,P10Y,no,no
oci:06703972827-061503044011,omid:br/06703972827,omid:br/061503044011,2010,P23Y,no,no
oci:06703972827-063804379,omid:br/06703972827,omid:br/063804379,2010,P19Y,no,no
oci:06703972827-062103032083,omid:br/06703972827,omid:br/062103032083,2010,P16Y,no,no
oci:061603932401-062103280646,omid:br/061603932401,omid:br/062103280646,2010,P11Y,no,no
oci:061603932360-06201801069,omid:br/061603932360,omid:br/06201801069,2010,P2Y,no,no
oci:061603932196-061903577375,omid:br/061603932196,omid:br/061903577375,2002,P11Y,no,no
oci:061603932196-06504001161,omid:br/061603932196,omid:br/06504001161,2002,P1Y,no,no
oci:061603932384-062401792052,omid:br/061603932384,omid:br/062401792052,2010,P14Y,no,no
oci:061603932384-0660882800,omid:br/061603932384,omid:br/0660882800,2010,P23Y,no,no
oci:06303986946-061903577375,omid:br/06303986946,omid:br/061903577375,2010,P19Y,no,no
oci:06303986946-06803217706,omid:br/06303986946,omid:br/06803217706,2010,P4Y,no,no
oci:06303986946-062104032409,omid:br/06303986946,omid:br/062104032409,2010,P1Y,no,no
oci:061603932393-06503739151,omid:br/061603932393,omid:br/06503739151,2010,P2Y,no,no
oci:061603932393-06110883123,omid:br/061603932393,omid:br/06110883123,2010,P5Y,no,no
oci:061603932393-06103725999,omid:br/061603932393,omid:br/06103725999,2010,P10Y,no,no
oci:061603932393-062203289439,omid:br/061603932393,omid:br/062203289439,2010,P13Y,no,no
oci:061603932393-061703303498,omid:br/061603932393,omid:br/061703303498,2010,P13Y,no,no
oci:061603932254-061602203951,omid:br/061603932254,omid:br/061602203951,2002,P11Y,no,no
oci:061603932254-061702207956,omid:br/061603932254,omid:br/061702207956,2002,P21Y,no,no
oci:061603932254-06301584192,omid:br/061603932254,omid:br/06301584192,2002,P18Y,no,no
oci:061603932254-062104032211,omid:br/061603932254,omid:br/062104032211,2002,P6Y,no,no
oci:061603932239-06310212958,omid:br/061603932239,omid:br/06310212958,2002,P7Y,no,no
oci:061603932239-061303032504,omid:br/061603932239,omid:br/061303032504,2002,P17Y,no,no
oci:061603932239-062203641999,omid:br/061603932239,omid:br/062203641999,2002,P10Y,no,no
oci:061603932239-06601135176,omid:br/061603932239,omid:br/06601135176,2002,P42Y,no,no
oci:061603932385-061103503259,omid:br/061603932385,omid:br/061103503259,2010,P12Y,no,no
oci:061603932385-06804121848,omid:br/061603932385,omid:br/06804121848,2010,P12Y,no,no
oci:061603932385-06403909978,omid:br/061603932385,omid:br/06403909978,2010,P12Y,no,no
oci:061603932385-063801420,omid:br/061603932385,omid:br/063801420,2010,P9Y,no,no
oci:061603932385-06401529420,omid:br/061603932385,omid:br/06401529420,2010,P6Y,no,no
oci:061603932385-061603591331,omid:br/061603932385,omid:br/061603591331,2010,,no,no
oci:061603932385-06901599246,omid:br/061603932385,omid:br/06901599246,2010,P4Y,no,no
oci:061603932385-06901598961,omid:br/061603932385,omid:br/06901598961,2010,P3Y,no,no
oci:061603932385-061103054048,omid:br/061603932385,omid:br/061103054048,2010,P3Y,no,no
oci:061603932385-061103054084,omid:br/061603932385,omid:br/061103054084,2010,P3Y,no,no
oci:061603932385-06901599045,omid:br/061603932385,omid:br/06901599045,2010,P3Y,no,no
oci:061603932385-0640248003,omid:br/061603932385,omid:br/0640248003,2010,P4Y,no,no
oci:061603932385-061103053665,omid:br/061603932385,omid:br/061103053665,2010,P2Y,no,no
oci:061603932385-06903062967,omid:br/061603932385,omid:br/06903062967,2010,P2Y,no,no
oci:061603932385-061103054009,omid:br/061603932385,omid:br/061103054009,2010,P3Y,no,no
oci:061603932385-061603051810,omid:br/061603932385,omid:br/061603051810,2010,P5Y,no,no
oci:061603932385-06130248278,omid:br/061603932385,omid:br/06130248278,2010,P2Y,no,no
oci:061603932331-061503589465,omid:br/061603932331,omid:br/061503589465,2010,,no,no
oci:061603932331-06603723773,omid:br/061603932331,omid:br/06603723773,2010,P8Y,no,no
oci:061603932331-061902195072,omid:br/061603932331,omid:br/061902195072,2010,P3Y,no,no
oci:061603932331-06201817436,omid:br/061603932331,omid:br/06201817436,2010,P8Y,no,no
oci:061603932331-062203034861,omid:br/061603932331,omid:br/062203034861,2010,P10Y,no,no
oci:061603932331-062301801893,omid:br/061603932331,omid:br/062301801893,2010,P1Y,no,no
oci:061603932331-0660208137,omid:br/061603932331,omid:br/0660208137,2010,P28Y,no,no
oci:061603932331-061802683531,omid:br/061603932331,omid:br/061802683531,2010,P1Y,no,no
oci:061603932377-06310213620,omid:br/061603932377,omid:br/06310213620,2010,P2Y,no,no
oci:061603932377-06401364683,omid:br/061603932377,omid:br/06401364683,2010,P0Y,no,no
oci:061603932377-06303115397,omid:br/061603932377,omid:br/06303115397,2010,P5Y,no,no
oci:061603932353-061603932341,omid:br/061603932353,omid:br/061603932341,2010,P1Y,yes,no
oci:061603932353-0660882815,omid:br/061603932353,omid:br/0660882815,2010,P28Y,no,no
oci:061603932353-061503043682,omid:br/061603932353,omid:br/061503043682,2010,P22Y,no,no
oci:061603932353-061703953850,omid:br/061603932353,omid:br/061703953850,2010,P16Y,no,no
oci:061603932353-06350324340,omid:br/061603932353,omid:br/06350324340,2010,,no,no
oci:061603932345-062401792052,omid:br/061603932345,omid:br/062401792052,2010,P14Y,no,no
oci:061603932345-0660882800,omid:br/061603932345,omid:br/0660882800,2010,P23Y,no,no
oci:061603932345-061601092071,omid:br/061603932345,omid:br/061601092071,2010,P28Y,no,no
oci:061603932345-061403021875,omid:br/061603932345,omid:br/061403021875,2010,P21Y,no,no
oci:061603932345-0640884170,omid:br/061603932345,omid:br/0640884170,2010,P14Y,no,no
oci:061603932345-0650885938,omid:br/061603932345,omid:br/0650885938,2010,P15Y,no,no
oci:061603932345-062303038431,omid:br/061603932345,omid:br/062303038431,2010,P9Y,no,no
oci:061603932345-06201817272,omid:br/061603932345,omid:br/06201817272,2010,P11Y,no,no
oci:061603932396-06101371756,omid:br/061603932396,omid:br/06101371756,2010,P8Y,no,no
oci:061603932396-06903679725,omid:br/061603932396,omid:br/06903679725,2010,P7Y,no,no
oci:061603932396-06170972171,omid:br/061603932396,omid:br/06170972171,2010,P5Y,no,no
oci:061603932396-06501370568,omid:br/061603932396,omid:br/06501370568,2010,P3Y,no,no
oci:061603932396-06503739459,omid:br/061603932396,omid:br/06503739459,2010,P3Y,no,no
oci:061603932396-06503739433,omid:br/061603932396,omid:br/06503739433,2010,P3Y,no,no
oci:061603932396-06503739238,omid:br/061603932396,omid:br/06503739238,2010,P2Y,no,no
oci:061603932396-062201054819,omid:br/061603932396,omid:br/062201054819,2010,P0Y,no,no
oci:061603932252-061503043738,omid:br/061603932252,omid:br/061503043738,2003,P18Y,no,no
oci:061603932252-061503043682,omid:br/061603932252,omid:br/061503043682,2003,P15Y,no,no
oci:061603932252-062102120020,omid:br/061603932252,omid:br/062102120020,2003,P15Y,no,no
oci:061603932252-06602508778,omid:br/061603932252,omid:br/06602508778,2003,P15Y,no,no
oci:061603932252-062201881093,omid:br/061603932252,omid:br/062201881093,2003,P0Y,no,no
oci:061603932369-06160363490,omid:br/061603932369,omid:br/06160363490,2010,P0Y,no,no
oci:061603932392-06490228363,omid:br/061603932392,omid:br/06490228363,2010,P19Y,no,no
oci:061603932392-061503043841,omid:br/061603932392,omid:br/061503043841,2010,P20Y,no,no
oci:061603932359-0650207724,omid:br/061603932359,omid:br/0650207724,2009,P33Y,no,no
oci:061603932359-0612088656,omid:br/061603932359,omid:br/0612088656,2009,P7Y,no,no
oci:061603932359-062503558727,omid:br/061603932359,omid:br/062503558727,2009,P1Y,no,no
oci:061603932359-06802536489,omid:br/061603932359,omid:br/06802536489,2009,P3Y,no,no
oci:061603932359-0611097608,omid:br/061603932359,omid:br/0611097608,2009,P18Y,no,no
oci:061603932359-061601167835,omid:br/061603932359,omid:br/061601167835,2009,P4Y,no,no
oci:061603932359-061201155290,omid:br/061603932359,omid:br/061201155290,2009,P9Y,no,no
oci:061603932387-06110214388,omid:br/061603932387,omid:br/06110214388,2009,P42Y,no,no
oci:061603932387-062301801893,omid:br/061603932387,omid:br/062301801893,2009,P0Y,no,no
oci:061603932374-06160363490,omid:br/061603932374,omid:br/06160363490,2010,P0Y,no,no
oci:061603932410-06170360170,omid:br/061603932410,omid:br/06170360170,2009,P3Y,no,no
oci:061603932390-0650827668,omid:br/061603932390,omid:br/0650827668,2009,P6Y,no,no
oci:061603932390-061303496999,omid:br/061603932390,omid:br/061303496999,2009,P13Y,no,no
oci:061603932390-061903050470,omid:br/061603932390,omid:br/061903050470,2009,P11Y,no,no
oci:061603932390-062104032456,omid:br/061603932390,omid:br/062104032456,2009,P0Y,no,no
oci:061603932381-06403481778,omid:br/061603932381,omid:br/06403481778,2010,P30Y,no,no
oci:061603932381-06703506523,omid:br/061603932381,omid:br/06703506523,2010,P27Y,no,no
oci:061603932381-06404070284,omid:br/061603932381,omid:br/06404070284,2010,P16Y,no,no
oci:061603932381-06503716726,omid:br/061603932381,omid:br/06503716726,2010,P2Y,no,no
oci:061603932381-061802188981,omid:br/061603932381,omid:br/061802188981,2010,P23Y,no,no
oci:061603932381-061802188126,omid:br/061603932381,omid:br/061802188126,2010,P21Y,no,no
oci:061603932381-061503044184,omid:br/061603932381,omid:br/061503044184,2010,P4Y,no,no
oci:061603932381-06170138614,omid:br/061603932381,omid:br/06170138614,2010,P14Y,no,no
oci:061603932381-061603051485,omid:br/061603932381,omid:br/061603051485,2010,P4Y,no,no
oci:061603932371-0625090421,omid:br/061603932371,omid:br/0625090421,2009,P30Y,no,no
oci:061603932371-0670175654,omid:br/061603932371,omid:br/0670175654,2009,P36Y,no,no
oci:061603932371-06110883123,omid:br/061603932371,omid:br/06110883123,2009,P4Y,no,no
oci:061603932371-062601831982,omid:br/061603932371,omid:br/062601831982,2009,P2Y,no,no
oci:061603932371-06503739151,omid:br/061603932371,omid:br/06503739151,2009,P1Y,no,no
oci:061603932371-062101080520,omid:br/061603932371,omid:br/062101080520,2009,P7Y,no,no
oci:061603932388-0660882800,omid:br/061603932388,omid:br/0660882800,2009,P22Y,no,no
oci:061603932342-06204172977,omid:br/061603932342,omid:br/06204172977,2009,P19Y,no,no
oci:061603932342-061501580499,omid:br/061603932342,omid:br/061501580499,2009,P12Y,no,no
oci:061603932342-0604053876,omid:br/061603932342,omid:br/0604053876,2009,P8Y,no,no
oci:061603932342-06301584361,omid:br/061603932342,omid:br/06301584361,2009,P25Y,no,no
oci:061603932342-06310213044,omid:br/061603932342,omid:br/06310213044,2009,P10Y,no,no
oci:061603932342-061703954319,omid:br/061603932342,omid:br/061703954319,2009,P7Y,no,no
oci:061603932342-062504056438,omid:br/061603932342,omid:br/062504056438,2009,P2Y,no,no
oci:061603932342-0690895766,omid:br/061603932342,omid:br/0690895766,2009,P13Y,no,no
oci:061603932342-06130527224,omid:br/061603932342,omid:br/06130527224,2009,P19Y,no,no
oci:061603932342-061601091900,omid:br/061603932342,omid:br/061601091900,2009,P20Y,no,no
oci:061603932342-062102430528,omid:br/061603932342,omid:br/062102430528,2009,P7Y,no,no
oci:061603932342-06260223724,omid:br/061603932342,omid:br/06260223724,2009,P44Y,no,no
oci:061603932399-062104032444,omid:br/061603932399,omid:br/062104032444,2009,P0Y,no,no
oci:061603932399-061203581704,omid:br/061603932399,omid:br/061203581704,2009,P30Y,no,no
oci:061603932399-06220546492,omid:br/061603932399,omid:br/06220546492,2009,P18Y,no,no
oci:061603932399-061503770585,omid:br/061603932399,omid:br/061503770585,2009,P13Y,no,no
oci:061603932399-06702462386,omid:br/061603932399,omid:br/06702462386,2009,P10Y,no,no
oci:061603932389-061101201820,omid:br/061603932389,omid:br/061101201820,2009,P70Y,no,no
oci:061603932333-061602203951,omid:br/061603932333,omid:br/061602203951,2009,P18Y,no,no
oci:061603932333-06502513049,omid:br/061603932333,omid:br/06502513049,2009,P35Y,no,no
oci:061603932333-06130204726,omid:br/061603932333,omid:br/06130204726,2009,P5Y,no,no
oci:061603932333-061302229782,omid:br/061603932333,omid:br/061302229782,2009,P3Y,no,no
oci:062603608348-062502119149,omid:br/062603608348,omid:br/062502119149,2009,P17Y,no,no
oci:062603608348-06903610759,omid:br/062603608348,omid:br/06903610759,2009,,no,no
oci:062603608348-062103031735,omid:br/062603608348,omid:br/062103031735,2009,P14Y,no,no
oci:062603608348-061403021548,omid:br/062603608348,omid:br/061403021548,2009,P22Y,no,no
oci:062603608348-068096162,omid:br/062603608348,omid:br/068096162,2009,P8Y,no,no
oci:062603608348-06170360408,omid:br/062603608348,omid:br/06170360408,2009,P6Y,no,no
oci:061603932366-06130947533,omid:br/061603932366,omid:br/06130947533,2009,P24Y,no,no
oci:061603932366-062401555921,omid:br/061603932366,omid:br/062401555921,2009,P25Y,no,no
oci:061603932366-062503634537,omid:br/061603932366,omid:br/062503634537,2009,P22Y,no,no
oci:061603932366-0620396709,omid:br/061603932366,omid:br/0620396709,2009,P12Y,no,no
oci:061603932366-061801575964,omid:br/061603932366,omid:br/061801575964,2009,P9Y,no,no
oci:061603932366-06180945685,omid:br/061603932366,omid:br/06180945685,2009,P18Y,no,no
oci:061603932366-06230622120,omid:br/061603932366,omid:br/06230622120,2009,P20Y,no,no
oci:061603932366-062203642111,omid:br/061603932366,omid:br/062203642111,2009,P17Y,no,no
oci:061603932366-06240604994,omid:br/061603932366,omid:br/06240604994,2009,P16Y,no,no
oci:061603932366-06310213005,omid:br/061603932366,omid:br/06310213005,2009,P14Y,no,no
oci:061603932366-061503044011,omid:br/061603932366,omid:br/061503044011,2009,P22Y,no,no
oci:061603932366-062103031508,omid:br/061603932366,omid:br/062103031508,2009,P14Y,no,no
oci:061603932366-061803056782,omid:br/061603932366,omid:br/061803056782,2009,P22Y,no,no
oci:061603932366-0640884128,omid:br/061603932366,omid:br/0640884128,2009,P22Y,no,no
oci:061603932366-061801890084,omid:br/061603932366,omid:br/061801890084,2009,P17Y,no,no
oci:061603932366-061804074923,omid:br/061603932366,omid:br/061804074923,2009,P8Y,no,no
oci:061603932366-062403647295,omid:br/061603932366,omid:br/062403647295,2009,P20Y,no,no
oci:061603932366-06130928310,omid:br/061603932366,omid:br/06130928310,2009,P7Y,no,no
oci:061603932366-06170360366,omid:br/061603932366,omid:br/06170360366,2009,P5Y,no,no
oci:061603932366-06103539668,omid:br/061603932366,omid:br/06103539668,2009,P6Y,no,no
oci:061603932367-06502581366,omid:br/061603932367,omid:br/06502581366,2009,P40Y,no,no
oci:061603932367-061601092228,omid:br/061603932367,omid:br/061601092228,2009,P30Y,no,no
oci:061603932367-0640474709,omid:br/061603932367,omid:br/0640474709,2009,P10Y,no,no
oci:061603932361-06290218112,omid:br/061603932361,omid:br/06290218112,2009,P26Y,no,no
oci:061603932361-062104032369,omid:br/061603932361,omid:br/062104032369,2009,P21Y,no,no
oci:061603932405-061803037539,omid:br/061603932405,omid:br/061803037539,2009,P11Y,no,no
oci:061603932405-061803037005,omid:br/061603932405,omid:br/061803037005,2009,P10Y,no,no
oci:061603932405-062203035076,omid:br/061603932405,omid:br/062203035076,2009,P9Y,no,no
oci:061603932405-061801576589,omid:br/061603932405,omid:br/061801576589,2009,P7Y,no,no
oci:061603932405-061902194591,omid:br/061603932405,omid:br/061902194591,2009,P28Y,no,no
oci:061603932405-061503598123,omid:br/061603932405,omid:br/061503598123,2009,,no,no
oci:061603932405-06404024120,omid:br/061603932405,omid:br/06404024120,2009,P43Y,no,no
