id,citing,cited
oci:062304072227-06210934861,omid:br/062304072227,omid:br/06210934861
oci:062304072227-0630493197,omid:br/062304072227,omid:br/0630493197
oci:062304072227-06703464982,omid:br/062304072227,omid:br/06703464982
oci:062304072227-06103109026,omid:br/062304072227,omid:br/06103109026
oci:062304072254-06303922016,omid:br/062304072254,omid:br/06303922016
oci:062304072254-06360207980,omid:br/062304072254,omid:br/06360207980
oci:062304072245-061703988259,omid:br/062304072245,omid:br/061703988259
oci:062304072245-061804061860,omid:br/062304072245,omid:br/061804061860
oci:062304072169-06130535287,omid:br/062304072169,omid:br/06130535287
oci:062304072169-06120534482,omid:br/062304072169,omid:br/06120534482
oci:062304072169-061202868538,omid:br/062304072169,omid:br/061202868538
oci:062304072169-061202868595,omid:br/062304072169,omid:br/061202868595
oci:062304072175-061202868455,omid:br/062304072175,omid:br/061202868455
oci:062304072206-06250539079,omid:br/062304072206,omid:br/06250539079
oci:062304072206-06140533110,omid:br/062304072206,omid:br/06140533110
oci:062304072206-061202868306,omid:br/062304072206,omid:br/061202868306
oci:062304072206-061202868551,omid:br/062304072206,omid:br/061202868551
oci:062304072206-061202868609,omid:br/062304072206,omid:br/061202868609
oci:062304072167-062203320582,omid:br/062304072167,omid:br/062203320582
oci:062304072167-061804062451,omid:br/062304072167,omid:br/061804062451
oci:062304072167-0604831868,omid:br/062304072167,omid:br/0604831868
oci:062304072167-062204066915,omid:br/062304072167,omid:br/062204066915
oci:062304072167-061904070559,omid:br/062304072167,omid:br/061904070559
oci:062304072167-0604003567,omid:br/062304072167,omid:br/0604003567
oci:062304072167-061202868521,omid:br/062304072167,omid:br/061202868521
oci:062304072194-0604286052,omid:br/062304072194,omid:br/0604286052
oci:062304072233-061503977421,omid:br/062304072233,omid:br/061503977421
oci:062304072220-06803534901,omid:br/062304072220,omid:br/06803534901
oci:062304072220-061503977481,omid:br/062304072220,omid:br/061503977481
oci:062304072182-062204066485,omid:br/062304072182,omid:br/062204066485
oci:062304072262-062304072597,omid:br/062304072262,omid:br/062304072597
oci:061804062591-0670539242,omid:br/061804062591,omid:br/0670539242
oci:061804062536-06403097525,omid:br/061804062536,omid:br/06403097525
oci:061804062536-06250231765,omid:br/061804062536,omid:br/06250231765
oci:061804062536-062403560357,omid:br/061804062536,omid:br/062403560357
oci:061804062536-061603978731,omid:br/061804062536,omid:br/061603978731
oci:061804062552-062304073034,omid:br/061804062552,omid:br/062304073034
oci:062304072265-06210354016,omid:br/062304072265,omid:br/06210354016
oci:062304072265-0630357781,omid:br/062304072265,omid:br/0630357781
oci:062304072265-061203646385,omid:br/062304072265,omid:br/061203646385
oci:062304072265-06140480002,omid:br/062304072265,omid:br/06140480002
oci:061804062514-062204067069,omid:br/061804062514,omid:br/062204067069
oci:062304072241-06350302897,omid:br/062304072241,omid:br/06350302897
oci:062304072241-06180622448,omid:br/062304072241,omid:br/06180622448
oci:062304072241-06140480002,omid:br/062304072241,omid:br/06140480002
oci:062304072241-0644011589,omid:br/062304072241,omid:br/0644011589
oci:062304072241-06210354016,omid:br/062304072241,omid:br/06210354016
oci:062304072241-0630357781,omid:br/062304072241,omid:br/0630357781
oci:061804062554-06190906146,omid:br/061804062554,omid:br/06190906146
oci:062304072201-062604098252,omid:br/062304072201,omid:br/062604098252
oci:062304072201-06270253948,omid:br/062304072201,omid:br/06270253948
oci:062304072201-06104070191,omid:br/062304072201,omid:br/06104070191
oci:062304072201-06204055983,omid:br/062304072201,omid:br/06204055983
oci:062304072201-06140480002,omid:br/062304072201,omid:br/06140480002
oci:062304072201-06204056222,omid:br/062304072201,omid:br/06204056222
oci:062304072201-06204056307,omid:br/062304072201,omid:br/06204056307
oci:062304072201-06204056430,omid:br/062304072201,omid:br/06204056430
oci:062304072201-061101876054,omid:br/062304072201,omid:br/061101876054
oci:062304072201-06304059475,omid:br/062304072201,omid:br/06304059475
oci:062304072201-06303294589,omid:br/062304072201,omid:br/06303294589
oci:061804062506-061804062330,omid:br/061804062506,omid:br/061804062330
oci:061804062583-0604003605,omid:br/061804062583,omid:br/0604003605
oci:061804062583-0604662290,omid:br/061804062583,omid:br/0604662290
oci:061804062583-061603978810,omid:br/061804062583,omid:br/061603978810
oci:062304072170-061202868421,omid:br/062304072170,omid:br/061202868421
oci:062304072170-061202868163,omid:br/062304072170,omid:br/061202868163
oci:061804062515-061904070353,omid:br/061804062515,omid:br/061904070353
oci:062304072237-06903601081,omid:br/062304072237,omid:br/06903601081
oci:062304072237-06204169634,omid:br/062304072237,omid:br/06204169634
oci:062304072237-06220850100,omid:br/062304072237,omid:br/06220850100
oci:062304072237-06601487608,omid:br/062304072237,omid:br/06601487608
oci:062304072237-061203730577,omid:br/062304072237,omid:br/061203730577
oci:062304072237-0620489665,omid:br/062304072237,omid:br/0620489665
oci:061804062511-0604662203,omid:br/061804062511,omid:br/0604662203
oci:062304072258-062103556892,omid:br/062304072258,omid:br/062103556892
oci:062304072246-06230459846,omid:br/062304072246,omid:br/06230459846
oci:062304072246-0630541407,omid:br/062304072246,omid:br/0630541407
oci:062304072246-0604285974,omid:br/062304072246,omid:br/0604285974
oci:062304072246-061703988148,omid:br/062304072246,omid:br/061703988148
oci:062304072246-061202868541,omid:br/062304072246,omid:br/061202868541
oci:062304072246-061904070587,omid:br/062304072246,omid:br/061904070587
oci:062304072246-062304073027,omid:br/062304072246,omid:br/062304073027
oci:062304072247-06230459655,omid:br/062304072247,omid:br/06230459655
oci:062304072247-06230459700,omid:br/062304072247,omid:br/06230459700
oci:062304072247-06220450093,omid:br/062304072247,omid:br/06220450093
oci:062304072247-061503977435,omid:br/062304072247,omid:br/061503977435
oci:062304072247-062604186471,omid:br/062304072247,omid:br/062604186471
oci:062304072213-062601359297,omid:br/062304072213,omid:br/062601359297
oci:062304072213-0680696738,omid:br/062304072213,omid:br/0680696738
oci:062304072213-06220449982,omid:br/062304072213,omid:br/06220449982
oci:062304072213-06201350978,omid:br/062304072213,omid:br/06201350978
oci:062304072213-06401357151,omid:br/062304072213,omid:br/06401357151
oci:062304072213-062201423363,omid:br/062304072213,omid:br/062201423363
oci:062304072261-06701475625,omid:br/062304072261,omid:br/06701475625
oci:062304072214-0610612045,omid:br/062304072214,omid:br/0610612045
oci:062304072214-06802326363,omid:br/062304072214,omid:br/06802326363
oci:062304072238-0630526771,omid:br/062304072238,omid:br/0630526771
oci:062304072238-0653057054,omid:br/062304072238,omid:br/0653057054
oci:062304072238-062204066888,omid:br/062304072238,omid:br/062204066888
oci:062304072240-0604831865,omid:br/062304072240,omid:br/0604831865
oci:062304072244-06110545719,omid:br/062304072244,omid:br/06110545719
oci:062304072244-06502352193,omid:br/062304072244,omid:br/06502352193
oci:062304072244-06120534374,omid:br/062304072244,omid:br/06120534374
oci:062304072244-062203573127,omid:br/062304072244,omid:br/062203573127
oci:062304072244-062601499274,omid:br/062304072244,omid:br/062601499274
oci:062304072244-062604186447,omid:br/062304072244,omid:br/062604186447
oci:062304072178-06140533149,omid:br/062304072178,omid:br/06140533149
oci:062304072178-0650542768,omid:br/062304072178,omid:br/0650542768
oci:062304072178-06360207963,omid:br/062304072178,omid:br/06360207963
oci:062304072178-0630541571,omid:br/062304072178,omid:br/0630541571
oci:062304072178-061904070508,omid:br/062304072178,omid:br/061904070508
oci:062304072178-062204066933,omid:br/062304072178,omid:br/062204066933
oci:061503977616-06140533390,omid:br/061503977616,omid:br/06140533390
oci:062304072223-061703945688,omid:br/062304072223,omid:br/061703945688
oci:062304072223-061703945604,omid:br/062304072223,omid:br/061703945604
oci:062304072223-061703988571,omid:br/062304072223,omid:br/061703988571
oci:062304072223-061703988790,omid:br/062304072223,omid:br/061703988790
oci:062304072223-061904070376,omid:br/062304072223,omid:br/061904070376
oci:062304072177-06503305153,omid:br/062304072177,omid:br/06503305153
oci:062304072177-061804062456,omid:br/062304072177,omid:br/061804062456
oci:062304072177-06302613116,omid:br/062304072177,omid:br/06302613116
oci:061503977644-06602556492,omid:br/061503977644,omid:br/06602556492
oci:061503977644-061603520880,omid:br/061503977644,omid:br/061603520880
oci:062304072204-0670408135,omid:br/062304072204,omid:br/0670408135
oci:061503977624-06220450054,omid:br/061503977624,omid:br/06220450054
oci:061503977624-0632015997,omid:br/061503977624,omid:br/0632015997
oci:061503977624-06180690829,omid:br/061503977624,omid:br/06180690829
oci:061503977624-0604831884,omid:br/061503977624,omid:br/0604831884
oci:061603978751-061703988497,omid:br/061603978751,omid:br/061703988497
oci:061603978751-062204066944,omid:br/061603978751,omid:br/062204066944
oci:061603978751-0604003633,omid:br/061603978751,omid:br/0604003633
oci:061603978751-061503977314,omid:br/061603978751,omid:br/061503977314
oci:061603978751-061904070360,omid:br/061603978751,omid:br/061904070360
oci:061603978751-0604286031,omid:br/061603978751,omid:br/0604286031
oci:062304072218-061804062362,omid:br/062304072218,omid:br/061804062362
oci:062304072218-062204066928,omid:br/062304072218,omid:br/062204066928
oci:061603978800-061503977314,omid:br/061603978800,omid:br/061503977314
oci:061603978800-061603978751,omid:br/061603978800,omid:br/061603978751
oci:061603978800-061703988497,omid:br/061603978800,omid:br/061703988497
oci:061603978800-062204066325,omid:br/061603978800,omid:br/062204066325
oci:061603978800-0604662289,omid:br/061603978800,omid:br/0604662289
oci:061503977608-061503977359,omid:br/061503977608,omid:br/061503977359
oci:061503977608-062304072995,omid:br/061503977608,omid:br/062304072995
oci:061503977608-061703988830,omid:br/061503977608,omid:br/061703988830
oci:062304072181-0604831866,omid:br/062304072181,omid:br/0604831866
oci:062304072181-061202868235,omid:br/062304072181,omid:br/061202868235
oci:062304072231-061202675068,omid:br/062304072231,omid:br/061202675068
oci:062304072231-06703073836,omid:br/062304072231,omid:br/06703073836
oci:061603978752-062104065571,omid:br/061603978752,omid:br/062104065571
oci:061603978752-061202868535,omid:br/061603978752,omid:br/061202868535
oci:061603978752-061202868341,omid:br/061603978752,omid:br/061202868341
oci:061603978752-061202868168,omid:br/061603978752,omid:br/061202868168
oci:061603978752-061202868343,omid:br/061603978752,omid:br/061202868343
oci:061603978752-0604286012,omid:br/061603978752,omid:br/0604286012
oci:061503977675-0690547127,omid:br/061503977675,omid:br/0690547127
oci:061503977675-0630541571,omid:br/061503977675,omid:br/0630541571
oci:061503977675-062304072178,omid:br/061503977675,omid:br/062304072178
oci:061503977675-061804062535,omid:br/061503977675,omid:br/061804062535
oci:061503977597-061804061832,omid:br/061503977597,omid:br/061804061832
oci:061503977597-062204066775,omid:br/061503977597,omid:br/062204066775
oci:061503977597-062604186552,omid:br/061503977597,omid:br/062604186552
oci:061503977597-061804062475,omid:br/061503977597,omid:br/061804062475
oci:061503977597-062604186505,omid:br/061503977597,omid:br/062604186505
oci:062304072235-0604831867,omid:br/062304072235,omid:br/0604831867
oci:062304072235-06210603885,omid:br/062304072235,omid:br/06210603885
oci:062304072235-062604186510,omid:br/062304072235,omid:br/062604186510
oci:062304072235-062204066928,omid:br/062304072235,omid:br/062204066928
oci:062304072235-062204066946,omid:br/062304072235,omid:br/062204066946
oci:062304072235-061503977439,omid:br/062304072235,omid:br/061503977439
oci:061603978790-0690529061,omid:br/061603978790,omid:br/0690529061
oci:062304072210-06140533240,omid:br/062304072210,omid:br/06140533240
oci:061603978785-06401230731,omid:br/061603978785,omid:br/06401230731
oci:061603978785-0642055092,omid:br/061603978785,omid:br/0642055092
oci:061603978785-062602776182,omid:br/061603978785,omid:br/062602776182
oci:061603978785-06260502724,omid:br/061603978785,omid:br/06260502724
oci:061603978785-062402742299,omid:br/061603978785,omid:br/062402742299
oci:061603978785-06601576334,omid:br/061603978785,omid:br/06601576334
oci:061603978785-0610493949,omid:br/061603978785,omid:br/0610493949
oci:061603978785-0630354845,omid:br/061603978785,omid:br/0630354845
oci:061603978785-06210634196,omid:br/061603978785,omid:br/06210634196
oci:061603978785-0643057233,omid:br/061603978785,omid:br/0643057233
oci:061503977592-06201313185,omid:br/061503977592,omid:br/06201313185
oci:061503977592-06201313175,omid:br/061503977592,omid:br/06201313175
oci:061503977592-062204066915,omid:br/061503977592,omid:br/062204066915
oci:061503977592-061503977421,omid:br/061503977592,omid:br/061503977421
oci:061503977592-062304072618,omid:br/061503977592,omid:br/062304072618
oci:061503977592-0604286055,omid:br/061503977592,omid:br/0604286055
oci:061503977592-061202868306,omid:br/061503977592,omid:br/061202868306
oci:061503977592-062304072713,omid:br/061503977592,omid:br/062304072713
oci:061503977672-062403483093,omid:br/061503977672,omid:br/062403483093
oci:061503977672-062303746614,omid:br/061503977672,omid:br/062303746614
oci:061603978732-0627039133,omid:br/061603978732,omid:br/0627039133
oci:061603978732-06403918531,omid:br/061603978732,omid:br/06403918531
oci:061603978732-06901677673,omid:br/061603978732,omid:br/06901677673
oci:061603978732-061101662180,omid:br/061603978732,omid:br/061101662180
oci:061603978732-0660607981,omid:br/061603978732,omid:br/0660607981
oci:062304072188-061503977401,omid:br/062304072188,omid:br/061503977401
oci:061503977621-062304072260,omid:br/061503977621,omid:br/062304072260
oci:061503977648-062303746554,omid:br/061503977648,omid:br/062303746554
oci:061503977648-06140598133,omid:br/061503977648,omid:br/06140598133
oci:061503977648-0604003590,omid:br/061503977648,omid:br/0604003590
oci:061503977648-0604285977,omid:br/061503977648,omid:br/0604285977
oci:061503977648-0604286067,omid:br/061503977648,omid:br/0604286067
oci:061503977685-062604186380,omid:br/061503977685,omid:br/062604186380
oci:061503977685-06104591812,omid:br/061503977685,omid:br/06104591812
oci:061603978744-061202868421,omid:br/061603978744,omid:br/061202868421
oci:062304072184-061703987932,omid:br/062304072184,omid:br/061703987932
oci:062304072184-062204066717,omid:br/062304072184,omid:br/062204066717
oci:061503977645-06180690829,omid:br/061503977645,omid:br/06180690829
oci:061503977645-061903335612,omid:br/061503977645,omid:br/061903335612
oci:061503977645-06140685571,omid:br/061503977645,omid:br/06140685571
oci:061503977645-0637060816,omid:br/061503977645,omid:br/0637060816
oci:061503977645-06101364133,omid:br/061503977645,omid:br/06101364133
oci:061503977645-06303914376,omid:br/061503977645,omid:br/06303914376
oci:061503977485-061904073396,omid:br/061503977485,omid:br/061904073396
oci:062304072219-061103716813,omid:br/062304072219,omid:br/061103716813
oci:062304072219-0680414413,omid:br/062304072219,omid:br/0680414413
oci:061503977429-06703894758,omid:br/061503977429,omid:br/06703894758
oci:061503977429-061303042864,omid:br/061503977429,omid:br/061303042864
oci:062304072168-06220152109,omid:br/062304072168,omid:br/06220152109
oci:062304072168-0620540185,omid:br/062304072168,omid:br/0620540185
oci:062304072168-0620540074,omid:br/062304072168,omid:br/0620540074
oci:062304072168-062604186478,omid:br/062304072168,omid:br/062604186478
oci:061503977462-0620540960,omid:br/061503977462,omid:br/0620540960
oci:061503977462-0620540737,omid:br/061503977462,omid:br/0620540737
oci:061503977462-06703894758,omid:br/061503977462,omid:br/06703894758
oci:061503977462-061303042864,omid:br/061503977462,omid:br/061303042864
oci:061503977462-061603979312,omid:br/061503977462,omid:br/061603979312
oci:061503977631-061804062514,omid:br/061503977631,omid:br/061804062514
oci:061603978820-0640544672,omid:br/061603978820,omid:br/0640544672
oci:061603978820-0604831871,omid:br/061603978820,omid:br/0604831871
oci:061603978820-062304072735,omid:br/061603978820,omid:br/062304072735
oci:062304072239-06130535345,omid:br/062304072239,omid:br/06130535345
oci:062304072239-061601614457,omid:br/062304072239,omid:br/061601614457
oci:062304072239-061202868555,omid:br/062304072239,omid:br/061202868555
oci:061603978795-06302613052,omid:br/061603978795,omid:br/06302613052
oci:061603978795-06302613116,omid:br/061603978795,omid:br/06302613116
oci:061603978795-061503977553,omid:br/061603978795,omid:br/061503977553
oci:061603978795-062204066815,omid:br/061603978795,omid:br/062204066815
oci:061503977470-062604186545,omid:br/061503977470,omid:br/062604186545
oci:062304072191-0630541705,omid:br/062304072191,omid:br/0630541705
oci:062304072191-06250151799,omid:br/062304072191,omid:br/06250151799
oci:062304072191-062304072723,omid:br/062304072191,omid:br/062304072723
oci:062304072191-061202868180,omid:br/062304072191,omid:br/061202868180
oci:062304072191-061202868585,omid:br/062304072191,omid:br/061202868585
oci:062304072191-061202868427,omid:br/062304072191,omid:br/061202868427
oci:062304072191-061202868617,omid:br/062304072191,omid:br/061202868617
oci:062304072191-061202868540,omid:br/062304072191,omid:br/061202868540
oci:062304072191-061202868586,omid:br/062304072191,omid:br/061202868586
oci:062304072191-061904070554,omid:br/062304072191,omid:br/061904070554
oci:062304072191-061202868154,omid:br/062304072191,omid:br/061202868154
oci:062304072191-061202868404,omid:br/062304072191,omid:br/061202868404
oci:062304072191-061703988216,omid:br/062304072191,omid:br/061703988216
oci:062304072191-061202868394,omid:br/062304072191,omid:br/061202868394
oci:061503977419-061503977470,omid:br/061503977419,omid:br/061503977470
oci:061503977419-062604186545,omid:br/061503977419,omid:br/062604186545
oci:061503977419-061804062477,omid:br/061503977419,omid:br/061804062477
oci:062304072230-06240154383,omid:br/062304072230,omid:br/06240154383
oci:062304072230-06140533459,omid:br/062304072230,omid:br/06140533459
oci:062304072230-06140533460,omid:br/062304072230,omid:br/06140533460
oci:062304072230-062402646291,omid:br/062304072230,omid:br/062402646291
oci:062304072230-062204066928,omid:br/062304072230,omid:br/062204066928
oci:062304072230-062304072181,omid:br/062304072230,omid:br/062304072181
oci:062304072230-061804062371,omid:br/062304072230,omid:br/061804062371
oci:062304072230-0604831869,omid:br/062304072230,omid:br/0604831869
oci:062304072230-061904070366,omid:br/062304072230,omid:br/061904070366
oci:061603978755-06240153689,omid:br/061603978755,omid:br/06240153689
oci:061603978755-06110545801,omid:br/061603978755,omid:br/06110545801
oci:061603978755-06120534316,omid:br/061603978755,omid:br/06120534316
oci:061603978755-06120534365,omid:br/061603978755,omid:br/06120534365
oci:061603978755-06140533110,omid:br/061603978755,omid:br/06140533110
oci:061603978755-061503977324,omid:br/061603978755,omid:br/061503977324
oci:061603978755-062204066786,omid:br/061603978755,omid:br/062204066786
oci:061603978799-06150541162,omid:br/061603978799,omid:br/06150541162
oci:061603978799-06902698796,omid:br/061603978799,omid:br/06902698796
oci:061603978799-062304072655,omid:br/061603978799,omid:br/062304072655
oci:061603978798-062604186521,omid:br/061603978798,omid:br/062604186521
oci:061603978808-061202868631,omid:br/061603978808,omid:br/061202868631
oci:061804062532-06250539079,omid:br/061804062532,omid:br/06250539079
oci:061804062532-062204066408,omid:br/061804062532,omid:br/062204066408
oci:061804062532-061603978755,omid:br/061804062532,omid:br/061603978755
oci:061804062532-062204066943,omid:br/061804062532,omid:br/062204066943
oci:061804062532-062204066362,omid:br/061804062532,omid:br/062204066362
oci:061503977427-061801390623,omid:br/061503977427,omid:br/061801390623
oci:061503977427-06130479664,omid:br/061503977427,omid:br/06130479664
oci:061503977427-0610361548,omid:br/061503977427,omid:br/0610361548
oci:061503977427-06170601755,omid:br/061503977427,omid:br/06170601755
oci:061503977427-06210604115,omid:br/061503977427,omid:br/06210604115
oci:061804062593-061202868254,omid:br/061804062593,omid:br/061202868254
oci:061603978821-06130535265,omid:br/061603978821,omid:br/06130535265
oci:061603978821-06110545765,omid:br/061603978821,omid:br/06110545765
oci:061603978821-0640544694,omid:br/061603978821,omid:br/0640544694
oci:061603978821-06130535411,omid:br/061603978821,omid:br/06130535411
oci:061603978821-06130535321,omid:br/061603978821,omid:br/06130535321
oci:061603978821-06230161089,omid:br/061603978821,omid:br/06230161089
oci:061603978821-062304072936,omid:br/061603978821,omid:br/062304072936
oci:06270184588-0660287118,omid:br/06270184588,omid:br/0660287118
oci:06270184588-06230489646,omid:br/06270184588,omid:br/06230489646
oci:06270184588-06240348046,omid:br/06270184588,omid:br/06240348046
oci:06270184588-0660288546,omid:br/06270184588,omid:br/0660288546
oci:06270184588-062204066421,omid:br/06270184588,omid:br/062204066421
oci:061804062535-06140533149,omid:br/061804062535,omid:br/06140533149
oci:061804062535-06120534318,omid:br/061804062535,omid:br/06120534318
oci:061804062535-061703988853,omid:br/061804062535,omid:br/061703988853
oci:061804062535-062304072178,omid:br/061804062535,omid:br/062304072178
oci:061804062567-061202868455,omid:br/061804062567,omid:br/061202868455
oci:061804062567-061202868325,omid:br/061804062567,omid:br/061202868325
oci:061603978765-061804061833,omid:br/061603978765,omid:br/061804061833
oci:061603978765-062304073049,omid:br/061603978765,omid:br/062304073049
oci:061603978765-061703988840,omid:br/061603978765,omid:br/061703988840
oci:061603978765-061904091387,omid:br/061603978765,omid:br/061904091387
oci:061804062525-061503977352,omid:br/061804062525,omid:br/061503977352
oci:061503977472-062204066728,omid:br/061503977472,omid:br/062204066728
oci:061603978756-06140533459,omid:br/061603978756,omid:br/06140533459
oci:061603978756-06140533460,omid:br/061603978756,omid:br/06140533460
oci:061603978756-0650542529,omid:br/061603978756,omid:br/0650542529
oci:061603978756-06140532860,omid:br/061603978756,omid:br/06140532860
oci:061603978756-0680216460,omid:br/061603978756,omid:br/0680216460
oci:061603978756-061703988259,omid:br/061603978756,omid:br/061703988259
oci:061603978756-062204066857,omid:br/061603978756,omid:br/062204066857
oci:061603978756-062204066928,omid:br/061603978756,omid:br/062204066928
oci:061804062560-0680216463,omid:br/061804062560,omid:br/0680216463
oci:061804062560-062204066830,omid:br/061804062560,omid:br/062204066830
oci:061804062560-061904070578,omid:br/061804062560,omid:br/061904070578
oci:061804062560-061202868167,omid:br/061804062560,omid:br/061202868167
oci:061804062560-061904070312,omid:br/061804062560,omid:br/061904070312
oci:061503977641-06301485950,omid:br/061503977641,omid:br/06301485950
oci:061503977641-06140266636,omid:br/061503977641,omid:br/06140266636
oci:061503977641-06903617905,omid:br/061503977641,omid:br/06903617905
oci:061503977641-061402175270,omid:br/061503977641,omid:br/061402175270
oci:061503977641-062604186541,omid:br/061503977641,omid:br/062604186541
oci:061503977679-061703988781,omid:br/061503977679,omid:br/061703988781
oci:061503977627-061703988818,omid:br/061503977627,omid:br/061703988818
oci:061603978731-06140533110,omid:br/061603978731,omid:br/06140533110
oci:061603978731-062304072661,omid:br/061603978731,omid:br/062304072661
oci:061804062528-06120534218,omid:br/061804062528,omid:br/06120534218
oci:061804062528-06150541107,omid:br/061804062528,omid:br/06150541107
oci:061804062528-062604186464,omid:br/061804062528,omid:br/062604186464
oci:061804062528-061202868522,omid:br/061804062528,omid:br/061202868522
oci:061804062528-062304072928,omid:br/061804062528,omid:br/062304072928
oci:061804062528-062204066863,omid:br/061804062528,omid:br/062204066863
oci:061804062528-062204066808,omid:br/061804062528,omid:br/062204066808
oci:061804062528-061202868341,omid:br/061804062528,omid:br/061202868341
oci:061804062528-061202868535,omid:br/061804062528,omid:br/061202868535
oci:061804062528-061202868229,omid:br/061804062528,omid:br/061202868229
oci:061804062528-062202051540,omid:br/061804062528,omid:br/062202051540
oci:061804062528-061503977437,omid:br/061804062528,omid:br/061503977437
oci:061804062528-061202868168,omid:br/061804062528,omid:br/061202868168
oci:061804062528-0604662280,omid:br/061804062528,omid:br/0604662280
oci:061804062528-0604286012,omid:br/061804062528,omid:br/0604286012
oci:061804062528-061603978752,omid:br/061804062528,omid:br/061603978752
oci:061603978746-06902464915,omid:br/061603978746,omid:br/06902464915
oci:061603978746-062203320554,omid:br/061603978746,omid:br/062203320554
oci:061603978810-0604003605,omid:br/061603978810,omid:br/0604003605
oci:061603978810-0604662290,omid:br/061603978810,omid:br/0604662290
oci:061603978810-061804062441,omid:br/061603978810,omid:br/061804062441
oci:061603978810-062304072978,omid:br/061603978810,omid:br/062304072978
oci:061804062558-061603978780,omid:br/061804062558,omid:br/061603978780
oci:061804062558-062204066808,omid:br/061804062558,omid:br/062204066808
oci:061804062558-061703988784,omid:br/061804062558,omid:br/061703988784
oci:061603978791-062504191350,omid:br/061603978791,omid:br/062504191350
oci:061603978791-061202868430,omid:br/061603978791,omid:br/061202868430
oci:061603978791-061202868541,omid:br/061603978791,omid:br/061202868541
oci:061503977661-06150755580,omid:br/061503977661,omid:br/06150755580
oci:061503977661-061904070330,omid:br/061503977661,omid:br/061904070330
oci:061503977661-061503977360,omid:br/061503977661,omid:br/061503977360
oci:061503977661-061904070710,omid:br/061503977661,omid:br/061904070710
oci:061503977593-061903335698,omid:br/061503977593,omid:br/061903335698
oci:061503977593-061703988553,omid:br/061503977593,omid:br/061703988553
oci:061503977593-061804061866,omid:br/061503977593,omid:br/061804061866
oci:061503977593-062104065548,omid:br/061503977593,omid:br/062104065548
oci:062304072255-061703988847,omid:br/062304072255,omid:br/061703988847
oci:062304072255-06603295056,omid:br/062304072255,omid:br/06603295056
oci:061503977662-0630541035,omid:br/061503977662,omid:br/0630541035
oci:061503977662-0620540622,omid:br/061503977662,omid:br/0620540622
oci:061503977662-061904070792,omid:br/061503977662,omid:br/061904070792
oci:061503977662-061503977139,omid:br/061503977662,omid:br/061503977139
oci:061503977659-06240835915,omid:br/061503977659,omid:br/06240835915
oci:061503977659-0604831879,omid:br/061503977659,omid:br/0604831879
oci:061603978823-0620540448,omid:br/061603978823,omid:br/0620540448
oci:061603978823-06140532983,omid:br/061603978823,omid:br/06140532983
oci:061603978823-0620695786,omid:br/061603978823,omid:br/0620695786
oci:061603978823-0670538786,omid:br/061603978823,omid:br/0670538786
oci:061603978823-06220223957,omid:br/061603978823,omid:br/06220223957
oci:061603978823-0620695860,omid:br/061603978823,omid:br/0620695860
oci:061603978823-06250897096,omid:br/061603978823,omid:br/06250897096
oci:061603978823-0690701278,omid:br/061603978823,omid:br/0690701278
oci:061603978823-06260923931,omid:br/061603978823,omid:br/06260923931
oci:061603978823-06260923767,omid:br/061603978823,omid:br/06260923767
oci:061603978823-06240886494,omid:br/061603978823,omid:br/06240886494
oci:061603978823-06250897570,omid:br/061603978823,omid:br/06250897570
oci:061603978823-0620695680,omid:br/061603978823,omid:br/0620695680
oci:061603978823-062204067022,omid:br/061603978823,omid:br/062204067022
oci:061603978823-062204067018,omid:br/061603978823,omid:br/062204067018
oci:061603978823-061804062417,omid:br/061603978823,omid:br/061804062417
oci:061804062516-0660541737,omid:br/061804062516,omid:br/0660541737
oci:061804062516-061603978752,omid:br/061804062516,omid:br/061603978752
oci:061804062516-061202868341,omid:br/061804062516,omid:br/061202868341
oci:061804062516-061202868168,omid:br/061804062516,omid:br/061202868168
oci:061804062516-0604662280,omid:br/061804062516,omid:br/0604662280
oci:061804062516-0604286012,omid:br/061804062516,omid:br/0604286012
oci:062304072190-061202868519,omid:br/062304072190,omid:br/061202868519
oci:061804062540-06220152109,omid:br/061804062540,omid:br/06220152109
oci:061804062540-06190157440,omid:br/061804062540,omid:br/06190157440
oci:061804062544-06210155033,omid:br/061804062544,omid:br/06210155033
oci:061603978736-062204066750,omid:br/061603978736,omid:br/062204066750
oci:061603978736-062204066759,omid:br/061603978736,omid:br/062204066759
oci:062304072212-06120268101,omid:br/062304072212,omid:br/06120268101
oci:061503977643-0604831880,omid:br/061503977643,omid:br/0604831880
oci:061503977643-062504104384,omid:br/061503977643,omid:br/062504104384
oci:061503977643-06701336190,omid:br/061503977643,omid:br/06701336190
oci:061503977643-062102200956,omid:br/061503977643,omid:br/062102200956
oci:061503977588-062302134201,omid:br/061503977588,omid:br/062302134201
oci:061503977588-06140346604,omid:br/061503977588,omid:br/06140346604
oci:061503977588-061202868614,omid:br/061503977588,omid:br/061202868614
oci:061503977588-0604831881,omid:br/061503977588,omid:br/0604831881
oci:061603978777-0604286064,omid:br/061603978777,omid:br/0604286064
oci:061603978815-06360302091,omid:br/061603978815,omid:br/06360302091
oci:061603978815-0604831870,omid:br/061603978815,omid:br/0604831870
oci:061603978815-062103312104,omid:br/061603978815,omid:br/062103312104
oci:062603599517-06703985927,omid:br/062603599517,omid:br/06703985927
oci:062603599517-0638029886,omid:br/062603599517,omid:br/0638029886
oci:062603599517-061202868470,omid:br/062603599517,omid:br/061202868470
oci:062503576311-06803993670,omid:br/062503576311,omid:br/06803993670
oci:062503576311-062303577805,omid:br/062503576311,omid:br/062303577805
oci:061804062529-061303941055,omid:br/061804062529,omid:br/061303941055
oci:061804062529-06201091173,omid:br/061804062529,omid:br/06201091173
oci:061804062529-0604831874,omid:br/061804062529,omid:br/0604831874
oci:061804062529-06201210161,omid:br/061804062529,omid:br/06201210161
oci:061804062529-06120534324,omid:br/061804062529,omid:br/06120534324
oci:061804062529-06250151799,omid:br/061804062529,omid:br/06250151799
oci:061804062529-06230161609,omid:br/061804062529,omid:br/06230161609
oci:061804062529-061801198397,omid:br/061804062529,omid:br/061801198397
oci:061804062529-0604286042,omid:br/061804062529,omid:br/0604286042
oci:061804062529-061503977401,omid:br/061804062529,omid:br/061503977401
oci:061804062529-062604186551,omid:br/061804062529,omid:br/062604186551
oci:061804062529-062604186494,omid:br/061804062529,omid:br/062604186494
oci:062304072180-062101296384,omid:br/062304072180,omid:br/062101296384
oci:061804062562-06202825978,omid:br/061804062562,omid:br/06202825978
oci:061804062562-06120534560,omid:br/061804062562,omid:br/06120534560
oci:061804062562-06260556690,omid:br/061804062562,omid:br/06260556690
oci:061804062562-0620540308,omid:br/061804062562,omid:br/0620540308
oci:061804062562-0690547581,omid:br/061804062562,omid:br/0690547581
oci:061804062553-0604831875,omid:br/061804062553,omid:br/0604831875
oci:061603978781-061603978768,omid:br/061603978781,omid:br/061603978768
oci:061603978794-06603914571,omid:br/061603978794,omid:br/06603914571
oci:061603978738-06150862363,omid:br/061603978738,omid:br/06150862363
oci:061603978738-06130195830,omid:br/061603978738,omid:br/06130195830
oci:061603978738-0660154992,omid:br/061603978738,omid:br/0660154992
oci:061603978738-06502286599,omid:br/061603978738,omid:br/06502286599
oci:061603978738-062302631294,omid:br/061603978738,omid:br/062302631294
oci:061603978738-06160605424,omid:br/061603978738,omid:br/06160605424
oci:061804062556-061703988861,omid:br/061804062556,omid:br/061703988861
oci:061804062556-062204066903,omid:br/061804062556,omid:br/062204066903
oci:061603978733-06150152396,omid:br/061603978733,omid:br/06150152396
oci:062304072250-06110545770,omid:br/062304072250,omid:br/06110545770
oci:062304072250-062204066815,omid:br/062304072250,omid:br/062204066815
oci:061804062576-0604560288,omid:br/061804062576,omid:br/0604560288
oci:061804062576-0604518465,omid:br/061804062576,omid:br/0604518465
oci:061804062576-06130535883,omid:br/061804062576,omid:br/06130535883
oci:061503977611-062204066399,omid:br/061503977611,omid:br/062204066399
oci:061503977611-061804062404,omid:br/061503977611,omid:br/061804062404
oci:061603978806-061302625180,omid:br/061603978806,omid:br/061302625180
oci:061603978806-0610888883,omid:br/061603978806,omid:br/0610888883
oci:061603978806-062302631294,omid:br/061603978806,omid:br/062302631294
oci:061503977628-061603979232,omid:br/061503977628,omid:br/061603979232
oci:061503977628-061603979223,omid:br/061503977628,omid:br/061603979223
oci:061503977628-0604285988,omid:br/061503977628,omid:br/0604285988
oci:061804062587-062304072681,omid:br/061804062587,omid:br/062304072681
oci:061603978763-0670408135,omid:br/061603978763,omid:br/0670408135
oci:061603978763-062304072204,omid:br/061603978763,omid:br/062304072204
oci:061603978763-062604186380,omid:br/061603978763,omid:br/062604186380
oci:061804062504-062303746666,omid:br/061804062504,omid:br/062303746666
oci:061804062504-0604831876,omid:br/061804062504,omid:br/0604831876
oci:061603978773-0680546520,omid:br/061603978773,omid:br/0680546520
oci:061603978773-062204066920,omid:br/061603978773,omid:br/062204066920
oci:061804062538-061202868294,omid:br/061804062538,omid:br/061202868294
oci:061603978803-061103716813,omid:br/061603978803,omid:br/061103716813
oci:061603978803-0680414413,omid:br/061603978803,omid:br/0680414413
oci:061603978803-061804062458,omid:br/061603978803,omid:br/061804062458
oci:061603978803-061503977253,omid:br/061603978803,omid:br/061503977253
oci:061603978803-062304072658,omid:br/061603978803,omid:br/062304072658
oci:061603978803-062304072219,omid:br/061603978803,omid:br/062304072219
oci:062304072202-06204110733,omid:br/062304072202,omid:br/06204110733
oci:062304072202-06110106670,omid:br/062304072202,omid:br/06110106670
oci:062304072202-06104125416,omid:br/062304072202,omid:br/06104125416
oci:062304072202-0610408164,omid:br/062304072202,omid:br/0610408164
oci:062304072202-0604831863,omid:br/062304072202,omid:br/0604831863
oci:061603978782-06602565670,omid:br/061603978782,omid:br/06602565670
oci:061603978782-061503977394,omid:br/061603978782,omid:br/061503977394
oci:061503977603-062204066897,omid:br/061503977603,omid:br/062204066897
oci:061603978780-06140533482,omid:br/061603978780,omid:br/06140533482
oci:061603978780-061703988784,omid:br/061603978780,omid:br/061703988784
oci:061603978780-061202868173,omid:br/061603978780,omid:br/061202868173
oci:062304072192-0680546380,omid:br/062304072192,omid:br/0680546380
oci:062304072192-06140533495,omid:br/062304072192,omid:br/06140533495
oci:062304072192-06130535978,omid:br/062304072192,omid:br/06130535978
oci:062304072192-061202868222,omid:br/062304072192,omid:br/061202868222
oci:062304072192-061202868540,omid:br/062304072192,omid:br/061202868540
oci:061503977639-0604831882,omid:br/061503977639,omid:br/0604831882
oci:061503977639-061703945304,omid:br/061503977639,omid:br/061703945304
oci:061503977639-06803216950,omid:br/061503977639,omid:br/06803216950
oci:061503977639-06803993670,omid:br/061503977639,omid:br/06803993670
oci:061503977639-062503576311,omid:br/061503977639,omid:br/062503576311
oci:061503977667-061503977584,omid:br/061503977667,omid:br/061503977584
oci:061503977667-062104065624,omid:br/061503977667,omid:br/062104065624
oci:061503977667-0604285984,omid:br/061503977667,omid:br/0604285984
oci:061603978801-06240154517,omid:br/061603978801,omid:br/06240154517
oci:061804062572-0604515068,omid:br/061804062572,omid:br/0604515068
oci:061804062572-06801307477,omid:br/061804062572,omid:br/06801307477
oci:061804062572-0680450333,omid:br/061804062572,omid:br/0680450333
oci:061804062572-0660357091,omid:br/061804062572,omid:br/0660357091
oci:061804062572-0625093524,omid:br/061804062572,omid:br/0625093524
oci:061804062572-062601916140,omid:br/061804062572,omid:br/062601916140
oci:061804062572-0625093487,omid:br/061804062572,omid:br/0625093487
oci:061804062572-0610908172,omid:br/061804062572,omid:br/0610908172
oci:061804062572-0620355421,omid:br/061804062572,omid:br/0620355421
oci:061804062572-0604831877,omid:br/061804062572,omid:br/0604831877
oci:061603978729-06110545714,omid:br/061603978729,omid:br/06110545714
oci:061603978729-0660541440,omid:br/061603978729,omid:br/0660541440
oci:061603978729-06130535880,omid:br/061603978729,omid:br/06130535880
oci:061603978729-06201313175,omid:br/061603978729,omid:br/06201313175
oci:061603978729-061503977537,omid:br/061603978729,omid:br/061503977537
oci:061603978729-061202868521,omid:br/061603978729,omid:br/061202868521
oci:061603978729-0604662259,omid:br/061603978729,omid:br/0604662259
oci:061804062518-0660541886,omid:br/061804062518,omid:br/0660541886
oci:061804062518-0640544100,omid:br/061804062518,omid:br/0640544100
oci:061804062518-0670539250,omid:br/061804062518,omid:br/0670539250
oci:061804062518-0650542391,omid:br/061804062518,omid:br/0650542391
oci:061804062521-062102200940,omid:br/061804062521,omid:br/062102200940
oci:061804062521-06101658021,omid:br/061804062521,omid:br/06101658021
oci:061804062521-061502841761,omid:br/061804062521,omid:br/061502841761
oci:061804062521-06190488759,omid:br/061804062521,omid:br/06190488759
oci:061804062521-06210621147,omid:br/061804062521,omid:br/06210621147
oci:061804062521-0640359562,omid:br/061804062521,omid:br/0640359562
oci:061804062521-061503066085,omid:br/061804062521,omid:br/061503066085
oci:061804062521-06190488758,omid:br/061804062521,omid:br/06190488758
oci:061804062550-06140533497,omid:br/061804062550,omid:br/06140533497
oci:061804062550-06101364513,omid:br/061804062550,omid:br/06101364513
oci:061804062550-06204001308,omid:br/061804062550,omid:br/06204001308
oci:061804062550-061503977384,omid:br/061804062550,omid:br/061503977384
oci:061603978787-061903336398,omid:br/061603978787,omid:br/061903336398
oci:062304072228-06360207973,omid:br/062304072228,omid:br/06360207973
oci:061503977609-0604831883,omid:br/061503977609,omid:br/0604831883
oci:061804062505-0604831878,omid:br/061804062505,omid:br/0604831878
oci:061804062505-0630357687,omid:br/061804062505,omid:br/0630357687
oci:061804062505-06603746034,omid:br/061804062505,omid:br/06603746034
oci:061804062505-06603745834,omid:br/061804062505,omid:br/06603745834
oci:061804062505-061801475939,omid:br/061804062505,omid:br/061801475939
oci:061804062505-062103556621,omid:br/061804062505,omid:br/062103556621
oci:061804062505-06150488017,omid:br/061804062505,omid:br/06150488017
oci:061804062524-06240154383,omid:br/061804062524,omid:br/06240154383
oci:061804062524-0604831869,omid:br/061804062524,omid:br/0604831869
oci:061804062524-062204066857,omid:br/061804062524,omid:br/062204066857
oci:061503977676-061903336398,omid:br/061503977676,omid:br/061903336398
oci:061503977676-062203320582,omid:br/061503977676,omid:br/062203320582
oci:062304072172-062204066795,omid:br/062304072172,omid:br/062204066795
oci:061804062508-061703988227,omid:br/061804062508,omid:br/061703988227
oci:061804062508-062304072958,omid:br/061804062508,omid:br/062304072958
oci:061804062508-061603978729,omid:br/061804062508,omid:br/061603978729
oci:061804062537-062403585204,omid:br/061804062537,omid:br/062403585204
oci:061804062537-061202868432,omid:br/061804062537,omid:br/061202868432
oci:061804062568-0604286038,omid:br/061804062568,omid:br/0604286038
oci:061804062534-06230625235,omid:br/061804062534,omid:br/06230625235
oci:061804062534-06230625749,omid:br/061804062534,omid:br/06230625749
oci:061804062534-06140479377,omid:br/061804062534,omid:br/06140479377
oci:061804062534-062401772257,omid:br/061804062534,omid:br/062401772257
oci:061804062534-06230625064,omid:br/061804062534,omid:br/06230625064
oci:061804062534-06220617753,omid:br/061804062534,omid:br/06220617753
oci:061804062534-061501792424,omid:br/061804062534,omid:br/061501792424
oci:061804062534-061103761165,omid:br/061804062534,omid:br/061103761165
oci:061804062534-062401772676,omid:br/061804062534,omid:br/062401772676
oci:061804062534-06190624507,omid:br/061804062534,omid:br/06190624507
oci:061804062534-0640490646,omid:br/061804062534,omid:br/0640490646
oci:061804062534-06110622692,omid:br/061804062534,omid:br/06110622692
oci:061804062534-06210621148,omid:br/061804062534,omid:br/06210621148
oci:061804062534-06220617955,omid:br/061804062534,omid:br/06220617955
oci:061804062534-06190624023,omid:br/061804062534,omid:br/06190624023
oci:061804062534-06101814208,omid:br/061804062534,omid:br/06101814208
oci:061804062534-0620622350,omid:br/061804062534,omid:br/0620622350
oci:061804062534-06250616196,omid:br/061804062534,omid:br/06250616196
oci:061804062534-062601953988,omid:br/061804062534,omid:br/062601953988
oci:061804062534-062103610892,omid:br/061804062534,omid:br/062103610892
oci:061804062534-06240608985,omid:br/061804062534,omid:br/06240608985
oci:061804062534-0610629684,omid:br/061804062534,omid:br/0610629684
oci:061804062534-0670484186,omid:br/061804062534,omid:br/0670484186
oci:061804062534-06190624105,omid:br/061804062534,omid:br/06190624105
oci:061804062534-06260687491,omid:br/061804062534,omid:br/06260687491
oci:061804062534-061703633137,omid:br/061804062534,omid:br/061703633137
oci:061804062534-062603778406,omid:br/061804062534,omid:br/062603778406
oci:061804062534-06260636665,omid:br/061804062534,omid:br/06260636665
oci:061804062534-06260637079,omid:br/061804062534,omid:br/06260637079
oci:061804062534-062401772254,omid:br/061804062534,omid:br/062401772254
oci:061804062534-06101813868,omid:br/061804062534,omid:br/06101813868
oci:061804062534-062103609669,omid:br/061804062534,omid:br/062103609669
oci:061804062594-06140533110,omid:br/061804062594,omid:br/06140533110
oci:061804062594-06230161570,omid:br/061804062594,omid:br/06230161570
oci:062304072200-0640495188,omid:br/062304072200,omid:br/0640495188
oci:062304072200-062604186527,omid:br/062304072200,omid:br/062604186527
oci:062304072200-0604286045,omid:br/062304072200,omid:br/0604286045
oci:061804062581-06240609353,omid:br/061804062581,omid:br/06240609353
oci:061804062581-06250616244,omid:br/061804062581,omid:br/06250616244
oci:061804062581-06230625193,omid:br/061804062581,omid:br/06230625193
oci:061804062581-061301692260,omid:br/061804062581,omid:br/061301692260
oci:061804062581-061201783261,omid:br/061804062581,omid:br/061201783261
oci:061804062581-06190488759,omid:br/061804062581,omid:br/06190488759
oci:061804062581-06120612646,omid:br/061804062581,omid:br/06120612646
oci:061804062581-0660486879,omid:br/061804062581,omid:br/0660486879
oci:061804062581-061101962317,omid:br/061804062581,omid:br/061101962317
oci:061804062581-06190487495,omid:br/061804062581,omid:br/06190487495
oci:061804062581-06280266658,omid:br/061804062581,omid:br/06280266658
oci:061804062581-06240479783,omid:br/061804062581,omid:br/06240479783
oci:061804062581-06140480002,omid:br/061804062581,omid:br/06140480002
oci:061804062581-06260503631,omid:br/061804062581,omid:br/06260503631
oci:061804062581-06220617678,omid:br/061804062581,omid:br/06220617678
oci:061804062581-0610629578,omid:br/061804062581,omid:br/0610629578
oci:061804062581-06703526682,omid:br/061804062581,omid:br/06703526682
oci:061804062581-061101876130,omid:br/061804062581,omid:br/061101876130
oci:061804062581-06230625745,omid:br/061804062581,omid:br/06230625745
oci:061804062581-06280266659,omid:br/061804062581,omid:br/06280266659
oci:061804062581-06230625235,omid:br/061804062581,omid:br/06230625235
oci:062304072243-061501610345,omid:br/062304072243,omid:br/061501610345
oci:062304072243-0670539389,omid:br/062304072243,omid:br/0670539389
oci:062304072243-061401593902,omid:br/062304072243,omid:br/061401593902
oci:062304072243-061202868412,omid:br/062304072243,omid:br/061202868412
oci:061603978749-0690701239,omid:br/061603978749,omid:br/0690701239
oci:061603978749-06903351793,omid:br/061603978749,omid:br/06903351793
oci:061603978749-061503977138,omid:br/061603978749,omid:br/061503977138
oci:061603978776-0620695846,omid:br/061603978776,omid:br/0620695846
oci:061603978776-0620695778,omid:br/061603978776,omid:br/0620695778
oci:061603978776-0620695713,omid:br/061603978776,omid:br/0620695713
oci:061603978776-0620695880,omid:br/061603978776,omid:br/0620695880
oci:061603978776-0620695594,omid:br/061603978776,omid:br/0620695594
oci:061603978776-06140685571,omid:br/061603978776,omid:br/06140685571
oci:061603978776-062103312220,omid:br/061603978776,omid:br/062103312220
oci:061603978776-06130681384,omid:br/061603978776,omid:br/06130681384
oci:061603978776-0620695539,omid:br/061603978776,omid:br/0620695539
oci:061804062507-0610289609,omid:br/061804062507,omid:br/0610289609
oci:061804062507-0641059593,omid:br/061804062507,omid:br/0641059593
oci:061804062507-0610289608,omid:br/061804062507,omid:br/0610289608
oci:062304072249-0604831864,omid:br/062304072249,omid:br/0604831864
oci:061804062588-06140533110,omid:br/061804062588,omid:br/06140533110
oci:061804062588-06403918899,omid:br/061804062588,omid:br/06403918899
oci:061804062588-061503977441,omid:br/061804062588,omid:br/061503977441
oci:061804062588-061804061833,omid:br/061804062588,omid:br/061804061833
oci:061603978730-06190157683,omid:br/061603978730,omid:br/06190157683
oci:061804062557-061503977324,omid:br/061804062557,omid:br/061503977324
oci:061804062549-06130681384,omid:br/061804062549,omid:br/06130681384
oci:061804062549-0620695671,omid:br/061804062549,omid:br/0620695671
oci:061804062549-062304072872,omid:br/061804062549,omid:br/062304072872
oci:061804062549-0660257679,omid:br/061804062549,omid:br/0660257679
oci:061804062577-06101364513,omid:br/061804062577,omid:br/06101364513
oci:061804062546-06280266655,omid:br/061804062546,omid:br/06280266655
oci:061804062520-061603939159,omid:br/061804062520,omid:br/061603939159
oci:061603978793-061202675026,omid:br/061603978793,omid:br/061202675026
oci:062304072196-062304073012,omid:br/062304072196,omid:br/062304073012
oci:061603978807-061603939206,omid:br/061603978807,omid:br/061603939206
oci:061804062597-062304072181,omid:br/061804062597,omid:br/062304072181
oci:061804062600-06602348276,omid:br/061804062600,omid:br/06602348276
oci:061603978741-0604831872,omid:br/061603978741,omid:br/0604831872
oci:062304072209-061403046273,omid:br/062304072209,omid:br/061403046273
oci:061603978740-06604570081,omid:br/061603978740,omid:br/06604570081
oci:061603978740-06704539061,omid:br/061603978740,omid:br/06704539061
oci:061603978740-0604831873,omid:br/061603978740,omid:br/0604831873
oci:061804062570-06302613248,omid:br/061804062570,omid:br/06302613248
oci:061603978788-0630541213,omid:br/061603978788,omid:br/0630541213
oci:061603978788-0640544824,omid:br/061603978788,omid:br/0640544824
oci:061603978788-0630541028,omid:br/061603978788,omid:br/0630541028
oci:061603978788-06130535256,omid:br/061603978788,omid:br/06130535256
oci:061603978788-062204066811,omid:br/061603978788,omid:br/062204066811
oci:061603978788-061202868589,omid:br/061603978788,omid:br/061202868589
oci:061804062510-061202868429,omid:br/061804062510,omid:br/061202868429
oci:061603978760-0620695635,omid:br/061603978760,omid:br/0620695635
oci:061603978760-061904070587,omid:br/061603978760,omid:br/061904070587
oci:061603978760-061703988148,omid:br/061603978760,omid:br/061703988148
oci:061603978760-062304072246,omid:br/061603978760,omid:br/062304072246
oci:061603978816-06230459660,omid:br/061603978816,omid:br/06230459660
oci:061603978816-0604003640,omid:br/061603978816,omid:br/0604003640
oci:061603978816-062304072195,omid:br/061603978816,omid:br/062304072195
oci:061603978735-06504011687,omid:br/061603978735,omid:br/06504011687
oci:061603978735-062304072205,omid:br/061603978735,omid:br/062304072205
oci:061603978735-061503977444,omid:br/061603978735,omid:br/061503977444
oci:061603978735-061503977459,omid:br/061603978735,omid:br/061503977459
oci:061603978735-062304072189,omid:br/061603978735,omid:br/062304072189
oci:061603978750-06110545789,omid:br/061603978750,omid:br/06110545789
oci:061603978750-06110545343,omid:br/061603978750,omid:br/06110545343
oci:061603978750-06230459655,omid:br/061603978750,omid:br/06230459655
oci:061603978750-06230459700,omid:br/061603978750,omid:br/06230459700
oci:061603978750-062304072247,omid:br/061603978750,omid:br/062304072247
oci:061603978750-061503977435,omid:br/061603978750,omid:br/061503977435
oci:061603978772-062304072205,omid:br/061603978772,omid:br/062304072205
oci:061603978772-061603978778,omid:br/061603978772,omid:br/061603978778
oci:061603978772-062304072213,omid:br/061603978772,omid:br/062304072213
oci:061603978772-061603978760,omid:br/061603978772,omid:br/061603978760
oci:061603978772-061603978816,omid:br/061603978772,omid:br/061603978816
oci:061603978772-061603978735,omid:br/061603978772,omid:br/061603978735
oci:061603978772-061603978750,omid:br/061603978772,omid:br/061603978750
oci:061804062176-061202868541,omid:br/061804062176,omid:br/061202868541
oci:061804062176-061503977199,omid:br/061804062176,omid:br/061503977199
oci:061804062122-061603978815,omid:br/061804062122,omid:br/061603978815
oci:061804062136-062103312033,omid:br/061804062136,omid:br/062103312033
oci:061804062136-061503977411,omid:br/061804062136,omid:br/061503977411
oci:061804062136-062304072262,omid:br/061804062136,omid:br/062304072262
oci:061804062135-061901964142,omid:br/061804062135,omid:br/061901964142
oci:062204066303-0604831887,omid:br/062204066303,omid:br/0604831887
oci:062204066303-062103312032,omid:br/062204066303,omid:br/062103312032
oci:061804062104-06190157383,omid:br/061804062104,omid:br/06190157383
oci:061804062104-062303577805,omid:br/061804062104,omid:br/062303577805
oci:061804062104-062403566029,omid:br/061804062104,omid:br/062403566029
oci:061804062104-06504019264,omid:br/061804062104,omid:br/06504019264
oci:061804062104-06803993670,omid:br/061804062104,omid:br/06803993670
oci:061804062104-062503576311,omid:br/061804062104,omid:br/062503576311
oci:061804062104-06190594670,omid:br/061804062104,omid:br/06190594670
oci:062204066296-06470294494,omid:br/062204066296,omid:br/06470294494
oci:062204066296-061402792203,omid:br/062204066296,omid:br/061402792203
oci:062204066296-06501637278,omid:br/062204066296,omid:br/06501637278
oci:061804062189-06250152058,omid:br/061804062189,omid:br/06250152058
oci:061804062189-061202868557,omid:br/061804062189,omid:br/061202868557
oci:061804062189-061202868496,omid:br/061804062189,omid:br/061202868496
oci:062204066272-06140990908,omid:br/062204066272,omid:br/06140990908
oci:061804062173-0670538679,omid:br/061804062173,omid:br/0670538679
oci:061804062173-061503977479,omid:br/061804062173,omid:br/061503977479
oci:061804062173-061202868435,omid:br/061804062173,omid:br/061202868435
oci:061804062173-061202868565,omid:br/061804062173,omid:br/061202868565
oci:061804062173-062204066886,omid:br/061804062173,omid:br/062204066886
oci:061804062132-0620695771,omid:br/061804062132,omid:br/0620695771
oci:061804062132-06110691895,omid:br/061804062132,omid:br/06110691895
oci:061804062132-061503977187,omid:br/061804062132,omid:br/061503977187
oci:061804062132-061202868430,omid:br/061804062132,omid:br/061202868430
oci:061804062132-062204066822,omid:br/061804062132,omid:br/062204066822
oci:061804062132-061202868307,omid:br/061804062132,omid:br/061202868307
oci:061804062132-061403557119,omid:br/061804062132,omid:br/061403557119
oci:061804062153-062304072258,omid:br/061804062153,omid:br/062304072258
oci:061804062164-06504011687,omid:br/061804062164,omid:br/06504011687
oci:061804062150-06130682274,omid:br/061804062150,omid:br/06130682274
oci:061804062150-061202868555,omid:br/061804062150,omid:br/061202868555
oci:061804062150-062304072239,omid:br/061804062150,omid:br/062304072239
oci:061804062165-061503977440,omid:br/061804062165,omid:br/061503977440
oci:061804062165-062204066789,omid:br/061804062165,omid:br/062204066789
oci:061804062165-062604186547,omid:br/061804062165,omid:br/062604186547
oci:061804062186-061603978795,omid:br/061804062186,omid:br/061603978795
oci:061804062151-0620695865,omid:br/061804062151,omid:br/0620695865
oci:061804062151-0660541616,omid:br/061804062151,omid:br/0660541616
oci:061804062151-062304072720,omid:br/061804062151,omid:br/062304072720
oci:061804062183-061804062571,omid:br/061804062183,omid:br/061804062571
oci:061804062183-061804062513,omid:br/061804062183,omid:br/061804062513
oci:062204066285-061503977107,omid:br/062204066285,omid:br/061503977107
oci:062204066285-06330142347,omid:br/062204066285,omid:br/06330142347
oci:062204066285-0604003605,omid:br/062204066285,omid:br/0604003605
oci:062204066292-061702042425,omid:br/062204066292,omid:br/061702042425
oci:062204066292-062304072611,omid:br/062204066292,omid:br/062304072611
oci:062204066292-061804062421,omid:br/062204066292,omid:br/061804062421
oci:062204066310-062203321031,omid:br/062204066310,omid:br/062203321031
oci:062204066310-062203320651,omid:br/062204066310,omid:br/062203320651
oci:062204066253-0630541042,omid:br/062204066253,omid:br/0630541042
oci:062204066253-06140533003,omid:br/062204066253,omid:br/06140533003
oci:062204066253-0630541062,omid:br/062204066253,omid:br/0630541062
oci:062204066253-06120534318,omid:br/062204066253,omid:br/06120534318
oci:062204066253-06360207963,omid:br/062204066253,omid:br/06360207963
oci:062204066253-06702824253,omid:br/062204066253,omid:br/06702824253
oci:062204066253-062304072178,omid:br/062204066253,omid:br/062304072178
oci:062204066253-061804062535,omid:br/062204066253,omid:br/061804062535
oci:062204066253-06190607660,omid:br/062204066253,omid:br/06190607660
oci:061603978658-061703988497,omid:br/061603978658,omid:br/061703988497
oci:062204066237-06703526186,omid:br/062204066237,omid:br/06703526186
oci:062204066237-06430331996,omid:br/062204066237,omid:br/06430331996
oci:062204066237-06430331997,omid:br/062204066237,omid:br/06430331997
oci:062204066237-06703525912,omid:br/062204066237,omid:br/06703525912
oci:062204066237-06430331998,omid:br/062204066237,omid:br/06430331998
oci:062204066237-06803534423,omid:br/062204066237,omid:br/06803534423
oci:062204066237-062202718672,omid:br/062204066237,omid:br/062202718672
oci:062204066237-06190866643,omid:br/062204066237,omid:br/06190866643
oci:062204066237-06803534562,omid:br/062204066237,omid:br/06803534562
oci:062204066237-061101103820,omid:br/062204066237,omid:br/061101103820
oci:062204066237-062503009875,omid:br/062204066237,omid:br/062503009875
oci:062204066237-061202868248,omid:br/062204066237,omid:br/061202868248
oci:062204066215-06430331994,omid:br/062204066215,omid:br/06430331994
oci:062204066215-061801193926,omid:br/062204066215,omid:br/061801193926
oci:062204066215-06430331995,omid:br/062204066215,omid:br/06430331995
oci:062204066275-061903628702,omid:br/062204066275,omid:br/061903628702
oci:062204066275-06110186204,omid:br/062204066275,omid:br/06110186204
oci:062204066275-061503749093,omid:br/062204066275,omid:br/061503749093
oci:062204066275-061901202225,omid:br/062204066275,omid:br/061901202225
oci:062204066275-061103775618,omid:br/062204066275,omid:br/061103775618
oci:062204066275-061101875671,omid:br/062204066275,omid:br/061101875671
oci:062204066275-061103775625,omid:br/062204066275,omid:br/061103775625
oci:062204066275-061801193948,omid:br/062204066275,omid:br/061801193948
oci:062204066275-06430332000,omid:br/062204066275,omid:br/06430332000
oci:062204066260-06430331999,omid:br/062204066260,omid:br/06430331999
oci:062204066260-061101103717,omid:br/062204066260,omid:br/061101103717
oci:062204066260-062304072220,omid:br/062204066260,omid:br/062304072220
oci:062204066260-061503977424,omid:br/062204066260,omid:br/061503977424
oci:062204066301-06220482411,omid:br/062204066301,omid:br/06220482411
oci:062204066301-062202718672,omid:br/062204066301,omid:br/062202718672
oci:062204066301-06110545477,omid:br/062204066301,omid:br/06110545477
oci:062204066301-06430332001,omid:br/062204066301,omid:br/06430332001
oci:062204066301-06703526251,omid:br/062204066301,omid:br/06703526251
oci:062204066301-06430332002,omid:br/062204066301,omid:br/06430332002
oci:062204066301-061101103717,omid:br/062204066301,omid:br/061101103717
oci:062204066301-061101103647,omid:br/062204066301,omid:br/061101103647
oci:062204066301-06430332003,omid:br/062204066301,omid:br/06430332003
oci:062204066301-0604831886,omid:br/062204066301,omid:br/0604831886
oci:062304072789-062204066757,omid:br/062304072789,omid:br/062204066757
oci:062304072789-061202868294,omid:br/062304072789,omid:br/061202868294
oci:062304072789-0620540842,omid:br/062304072789,omid:br/0620540842
oci:062304072789-06250152058,omid:br/062304072789,omid:br/06250152058
oci:061804062117-0650212231,omid:br/061804062117,omid:br/0650212231
oci:061804062117-061503977525,omid:br/061804062117,omid:br/061503977525
oci:061804062160-06180488536,omid:br/061804062160,omid:br/06180488536
oci:061804062160-061502199816,omid:br/061804062160,omid:br/061502199816
oci:061804062160-061502199811,omid:br/061804062160,omid:br/061502199811
oci:061804062160-06140104368,omid:br/061804062160,omid:br/06140104368
oci:061803567697-06901210896,omid:br/061803567697,omid:br/06901210896
oci:061804062182-061603978821,omid:br/061804062182,omid:br/061603978821
oci:061804062182-061202868616,omid:br/061804062182,omid:br/061202868616
oci:061804062202-06130535321,omid:br/061804062202,omid:br/06130535321
oci:061804062202-0680546010,omid:br/061804062202,omid:br/0680546010
oci:062304072846-061603978795,omid:br/062304072846,omid:br/061603978795
oci:062304072846-0660357788,omid:br/062304072846,omid:br/0660357788
oci:062304072846-061601175958,omid:br/062304072846,omid:br/061601175958
oci:062304072837-061603978795,omid:br/062304072837,omid:br/061603978795
oci:062304072837-061804062456,omid:br/062304072837,omid:br/061804062456
oci:062304072837-06302613116,omid:br/062304072837,omid:br/06302613116
oci:062304072837-061804062186,omid:br/062304072837,omid:br/061804062186
oci:062304072837-0638030043,omid:br/062304072837,omid:br/0638030043
oci:062304072394-06204001308,omid:br/062304072394,omid:br/06204001308
oci:062304072394-061903583142,omid:br/062304072394,omid:br/061903583142
oci:062304072394-06130535321,omid:br/062304072394,omid:br/06130535321
oci:061804062139-062103312033,omid:br/061804062139,omid:br/062103312033
oci:061804062139-061503977411,omid:br/061804062139,omid:br/061503977411
oci:061804062139-061202868215,omid:br/061804062139,omid:br/061202868215
oci:061804062139-0604003572,omid:br/061804062139,omid:br/0604003572
oci:062304072782-06302613196,omid:br/062304072782,omid:br/06302613196
oci:062304072782-061801168752,omid:br/062304072782,omid:br/061801168752
oci:062304072381-062204066231,omid:br/062304072381,omid:br/062204066231
oci:062304072381-061904070459,omid:br/062304072381,omid:br/061904070459
oci:062304072766-0604831827,omid:br/062304072766,omid:br/0604831827
oci:062304072462-061202868594,omid:br/062304072462,omid:br/061202868594
oci:062304072462-061202868563,omid:br/062304072462,omid:br/061202868563
oci:062304072462-0680216460,omid:br/062304072462,omid:br/0680216460
oci:062304072809-06140104494,omid:br/062304072809,omid:br/06140104494
oci:061804062168-06410310917,omid:br/061804062168,omid:br/06410310917
oci:061804062168-06140533497,omid:br/061804062168,omid:br/06140533497
oci:061804062168-06204001308,omid:br/061804062168,omid:br/06204001308
oci:061804062114-0640544672,omid:br/061804062114,omid:br/0640544672
oci:061804062114-061603978820,omid:br/061804062114,omid:br/061603978820
oci:061804062200-0604003605,omid:br/061804062200,omid:br/0604003605
oci:061804062192-062304072225,omid:br/061804062192,omid:br/062304072225
oci:061804062192-062304072252,omid:br/061804062192,omid:br/062304072252
oci:061804062192-062304072199,omid:br/061804062192,omid:br/062304072199
oci:061804062192-062304072176,omid:br/061804062192,omid:br/062304072176
oci:061804062192-062304072259,omid:br/061804062192,omid:br/062304072259
oci:061804062192-062304072264,omid:br/061804062192,omid:br/062304072264
oci:061804062192-062304072185,omid:br/061804062192,omid:br/062304072185
oci:061804062192-062604186430,omid:br/061804062192,omid:br/062604186430
oci:061804062113-061502199816,omid:br/061804062113,omid:br/061502199816
oci:061804062113-061502199811,omid:br/061804062113,omid:br/061502199811
oci:061804062113-06180488536,omid:br/061804062113,omid:br/06180488536
oci:061804062142-061703945327,omid:br/061804062142,omid:br/061703945327
oci:061804062142-0604100408,omid:br/061804062142,omid:br/0604100408
oci:061804062142-0604831885,omid:br/061804062142,omid:br/0604831885
oci:061804062195-061703945737,omid:br/061804062195,omid:br/061703945737
oci:061804062157-061603978771,omid:br/061804062157,omid:br/061603978771
oci:061804062106-061703988109,omid:br/061804062106,omid:br/061703988109
oci:061603979047-062304072773,omid:br/061603979047,omid:br/062304072773
oci:061603979047-061804062520,omid:br/061603979047,omid:br/061804062520
oci:061804062174-06130535277,omid:br/061804062174,omid:br/06130535277
oci:061804062174-0650542559,omid:br/061804062174,omid:br/0650542559
oci:061804062174-06130535556,omid:br/061804062174,omid:br/06130535556
oci:061804062174-0630541867,omid:br/061804062174,omid:br/0630541867
oci:061804062174-061302194096,omid:br/061804062174,omid:br/061302194096
oci:061804062174-06110545780,omid:br/061804062174,omid:br/06110545780
oci:061603979088-062603148965,omid:br/061603979088,omid:br/062603148965
oci:061804062188-06140354408,omid:br/061804062188,omid:br/06140354408
oci:061804062188-0640174976,omid:br/061804062188,omid:br/0640174976
oci:061804062188-06260280949,omid:br/061804062188,omid:br/06260280949
oci:061804062187-0610549604,omid:br/061804062187,omid:br/0610549604
oci:061804062126-061202868541,omid:br/061804062126,omid:br/061202868541
oci:061804062110-06110106853,omid:br/061804062110,omid:br/06110106853
oci:061804062110-06260448786,omid:br/061804062110,omid:br/06260448786
oci:061804062110-06260448487,omid:br/061804062110,omid:br/06260448487
oci:061804062110-06260448775,omid:br/061804062110,omid:br/06260448775
oci:061804062110-062304072189,omid:br/061804062110,omid:br/062304072189
oci:061804062110-0604831864,omid:br/061804062110,omid:br/0604831864
oci:061804062110-061603978782,omid:br/061804062110,omid:br/061603978782
oci:061804062107-06101364513,omid:br/061804062107,omid:br/06101364513
oci:061804062107-061703988767,omid:br/061804062107,omid:br/061703988767
oci:061804062107-061804061894,omid:br/061804062107,omid:br/061804061894
oci:061804062107-061703988147,omid:br/061804062107,omid:br/061703988147
oci:061804062107-061503977425,omid:br/061804062107,omid:br/061503977425
oci:061804062107-061703988188,omid:br/061804062107,omid:br/061703988188
oci:062304072376-061603978566,omid:br/062304072376,omid:br/061603978566
oci:062304072376-061202868594,omid:br/062304072376,omid:br/061202868594
oci:062304072376-061202868630,omid:br/062304072376,omid:br/061202868630
oci:062304072376-0680216460,omid:br/062304072376,omid:br/0680216460
oci:062304072376-06150540980,omid:br/062304072376,omid:br/06150540980
oci:062304072376-0650212365,omid:br/062304072376,omid:br/0650212365
oci:062304072424-06450188957,omid:br/062304072424,omid:br/06450188957
oci:062304072424-06120268101,omid:br/062304072424,omid:br/06120268101
oci:062304072424-0650212365,omid:br/062304072424,omid:br/0650212365
oci:061804062180-062604186519,omid:br/061804062180,omid:br/062604186519
oci:061804062180-062304072635,omid:br/061804062180,omid:br/062304072635
oci:061804062184-06701490410,omid:br/061804062184,omid:br/06701490410
oci:061804062197-0630353712,omid:br/061804062197,omid:br/0630353712
oci:061804062197-06401494300,omid:br/061804062197,omid:br/06401494300
oci:061804062197-062403575196,omid:br/061804062197,omid:br/062403575196
oci:061804062170-0604286004,omid:br/061804062170,omid:br/0604286004
oci:061804062170-061804062475,omid:br/061804062170,omid:br/061804062475
oci:061804062170-062604186538,omid:br/061804062170,omid:br/062604186538
oci:061804062170-061703988869,omid:br/061804062170,omid:br/061703988869
oci:061804062170-061503977176,omid:br/061804062170,omid:br/061503977176
oci:061804062170-061703988203,omid:br/061804062170,omid:br/061703988203
oci:061804062159-061901513997,omid:br/061804062159,omid:br/061901513997
oci:061804062159-061202868541,omid:br/061804062159,omid:br/061202868541
oci:061804062162-062201829354,omid:br/061804062162,omid:br/062201829354
oci:061804062162-061202868197,omid:br/061804062162,omid:br/061202868197
oci:061804062127-061202868607,omid:br/061804062127,omid:br/061202868607
oci:061804062152-06504019834,omid:br/061804062152,omid:br/06504019834
oci:061804062152-061202868465,omid:br/061804062152,omid:br/061202868465
oci:061804062152-061503589668,omid:br/061804062152,omid:br/061503589668
oci:061804062111-061703988259,omid:br/061804062111,omid:br/061703988259
oci:061804062111-061804061860,omid:br/061804062111,omid:br/061804061860
oci:061804062111-061703988869,omid:br/061804062111,omid:br/061703988869
oci:061804062140-062604186505,omid:br/061804062140,omid:br/062604186505
oci:061804062105-061202868607,omid:br/061804062105,omid:br/061202868607
oci:061804062112-06150692584,omid:br/061804062112,omid:br/06150692584
oci:061804062112-0680216460,omid:br/061804062112,omid:br/0680216460
oci:061804062112-0604286045,omid:br/061804062112,omid:br/0604286045
oci:061804062112-061202868594,omid:br/061804062112,omid:br/061202868594
oci:061804062112-061804062457,omid:br/061804062112,omid:br/061804062457
oci:061804062112-061202868383,omid:br/061804062112,omid:br/061202868383
oci:061804062141-061503977176,omid:br/061804062141,omid:br/061503977176
oci:061904070194-0630210060,omid:br/061904070194,omid:br/0630210060
oci:061904070194-0630210180,omid:br/061904070194,omid:br/0630210180
oci:061904070194-061202868403,omid:br/061904070194,omid:br/061202868403
oci:061904070194-061202868666,omid:br/061904070194,omid:br/061202868666
oci:061904070194-0644016320,omid:br/061904070194,omid:br/0644016320
oci:061904070194-061603979117,omid:br/061904070194,omid:br/061603979117
oci:061904070137-061603939225,omid:br/061904070137,omid:br/061603939225
oci:061904070137-061202868609,omid:br/061904070137,omid:br/061202868609
oci:061904070137-0644016320,omid:br/061904070137,omid:br/0644016320
oci:061904070137-0644016169,omid:br/061904070137,omid:br/0644016169
oci:061904070137-0644016216,omid:br/061904070137,omid:br/0644016216
oci:061804062078-06103108803,omid:br/061804062078,omid:br/06103108803
oci:062104065352-061904070240,omid:br/062104065352,omid:br/061904070240
oci:061904070148-062303583375,omid:br/061904070148,omid:br/062303583375
oci:061904070148-062603601813,omid:br/061904070148,omid:br/062603601813
oci:061904070148-061904070235,omid:br/061904070148,omid:br/061904070235
oci:061904070148-0604845187,omid:br/061904070148,omid:br/0604845187
oci:061904070148-062204066288,omid:br/061904070148,omid:br/062204066288
oci:061804062040-06110545211,omid:br/061804062040,omid:br/06110545211
oci:061804062040-06150351242,omid:br/061804062040,omid:br/06150351242
oci:061804062040-061804062491,omid:br/061804062040,omid:br/061804062491
oci:061804062040-061202868372,omid:br/061804062040,omid:br/061202868372
oci:061804062040-061202868449,omid:br/061804062040,omid:br/061202868449
oci:061904070174-0630210306,omid:br/061904070174,omid:br/0630210306
oci:061904070174-061202868160,omid:br/061904070174,omid:br/061202868160
oci:061804062006-06120638174,omid:br/061804062006,omid:br/06120638174
oci:061804062006-0604831830,omid:br/061804062006,omid:br/0604831830
oci:061804062006-061801393858,omid:br/061804062006,omid:br/061801393858
oci:061804062006-06301123213,omid:br/061804062006,omid:br/06301123213
oci:061904070171-061703946077,omid:br/061904070171,omid:br/061703946077
oci:061904070171-061703946044,omid:br/061904070171,omid:br/061703946044
oci:061904070171-06904189141,omid:br/061904070171,omid:br/06904189141
oci:061904070171-061603938819,omid:br/061904070171,omid:br/061603938819
oci:061904070127-0604083458,omid:br/061904070127,omid:br/0604083458
oci:061904070119-061603978540,omid:br/061904070119,omid:br/061603978540
oci:062104065380-0660541441,omid:br/062104065380,omid:br/0660541441
oci:062104065380-06210454637,omid:br/062104065380,omid:br/06210454637
oci:062104065380-062304072443,omid:br/062104065380,omid:br/062304072443
oci:062104065380-062304072454,omid:br/062104065380,omid:br/062304072454
oci:062104065380-061202868537,omid:br/062104065380,omid:br/061202868537
oci:062104065380-061202868421,omid:br/062104065380,omid:br/061202868421
oci:062104065385-061403308343,omid:br/062104065385,omid:br/061403308343
oci:061904070181-062501486978,omid:br/061904070181,omid:br/062501486978
oci:061904070181-06260448285,omid:br/061904070181,omid:br/06260448285
oci:061904070181-061503977768,omid:br/061904070181,omid:br/061503977768
oci:061904070181-0644016253,omid:br/061904070181,omid:br/0644016253
oci:061804062035-061202868279,omid:br/061804062035,omid:br/061202868279
oci:062104065447-06210486860,omid:br/062104065447,omid:br/06210486860
oci:062104065447-06704115458,omid:br/062104065447,omid:br/06704115458
oci:062104065447-0636048755,omid:br/062104065447,omid:br/0636048755
oci:062104065447-06250599766,omid:br/062104065447,omid:br/06250599766
oci:062104065447-061804062015,omid:br/062104065447,omid:br/061804062015
oci:062104065422-06210486860,omid:br/062104065422,omid:br/06210486860
oci:062104065422-0630485639,omid:br/062104065422,omid:br/0630485639
oci:062104065422-06704115458,omid:br/062104065422,omid:br/06704115458
oci:062104065422-0636048755,omid:br/062104065422,omid:br/0636048755
oci:062104065448-0630354121,omid:br/062104065448,omid:br/0630354121
oci:062104065448-06140532752,omid:br/062104065448,omid:br/06140532752
oci:062104065448-0690547161,omid:br/062104065448,omid:br/0690547161
oci:062104065448-06803534653,omid:br/062104065448,omid:br/06803534653
oci:062104065448-06210486860,omid:br/062104065448,omid:br/06210486860
oci:062104065448-0630485639,omid:br/062104065448,omid:br/0630485639
oci:062104065448-062302723163,omid:br/062104065448,omid:br/062302723163
oci:062104065448-06704115458,omid:br/062104065448,omid:br/06704115458
oci:062104065448-061602438309,omid:br/062104065448,omid:br/061602438309
oci:062104065448-0636048755,omid:br/062104065448,omid:br/0636048755
oci:062104065448-06401722618,omid:br/062104065448,omid:br/06401722618
oci:062104065448-061901202273,omid:br/062104065448,omid:br/061901202273
oci:062104065448-06160605840,omid:br/062104065448,omid:br/06160605840
oci:062104065448-061203325494,omid:br/062104065448,omid:br/061203325494
oci:062104065448-06250283190,omid:br/062104065448,omid:br/06250283190
oci:062104065448-061603978545,omid:br/062104065448,omid:br/061603978545
oci:062104065436-06250599766,omid:br/062104065436,omid:br/06250599766
oci:062104065436-061603978545,omid:br/062104065436,omid:br/061603978545
oci:062104065436-061703988796,omid:br/062104065436,omid:br/061703988796
oci:061804062089-061703946045,omid:br/061804062089,omid:br/061703946045
oci:061804062089-062304072811,omid:br/061804062089,omid:br/062304072811
oci:061804062089-061202868465,omid:br/061804062089,omid:br/061202868465
oci:061804062089-061503589668,omid:br/061804062089,omid:br/061503589668
oci:061804062089-061804061839,omid:br/061804062089,omid:br/061804061839
oci:061804062089-061603978953,omid:br/061804062089,omid:br/061603978953
oci:061804062089-061603978658,omid:br/061804062089,omid:br/061603978658
oci:061804062089-061703988497,omid:br/061804062089,omid:br/061703988497
oci:061804062089-06504019834,omid:br/061804062089,omid:br/06504019834
oci:061904070135-06902464998,omid:br/061904070135,omid:br/06902464998
oci:061804062085-061603939201,omid:br/061804062085,omid:br/061603939201
oci:061804062085-062204066325,omid:br/061804062085,omid:br/062204066325
oci:061804062007-06140533482,omid:br/061804062007,omid:br/06140533482
oci:061804062007-06120534282,omid:br/061804062007,omid:br/06120534282
oci:061804062007-0660541393,omid:br/061804062007,omid:br/0660541393
oci:061804062007-06180542162,omid:br/061804062007,omid:br/06180542162
oci:061804062007-06703894758,omid:br/061804062007,omid:br/06703894758
oci:061904070130-0690547599,omid:br/061904070130,omid:br/0690547599
oci:061904070130-062304072712,omid:br/061904070130,omid:br/062304072712
oci:061904070130-062304072688,omid:br/061904070130,omid:br/062304072688
oci:061904070130-062104065442,omid:br/061904070130,omid:br/062104065442
oci:061904070130-061703988197,omid:br/061904070130,omid:br/061703988197
oci:061904070130-061202868594,omid:br/061904070130,omid:br/061202868594
oci:061904070130-0644016134,omid:br/061904070130,omid:br/0644016134
oci:061904070197-062104065423,omid:br/061904070197,omid:br/062104065423
oci:061804062014-06120534393,omid:br/061804062014,omid:br/06120534393
oci:061804062014-06150540246,omid:br/061804062014,omid:br/06150540246
oci:06803992187-061101161193,omid:br/06803992187,omid:br/061101161193
oci:06803992187-0630407956,omid:br/06803992187,omid:br/0630407956
oci:06803992187-0630407823,omid:br/06803992187,omid:br/0630407823
oci:06803992187-0680414836,omid:br/06803992187,omid:br/0680414836
oci:06803992187-0630407870,omid:br/06803992187,omid:br/0630407870
oci:06803992187-06160541172,omid:br/06803992187,omid:br/06160541172
oci:06803992187-061202868433,omid:br/06803992187,omid:br/061202868433
oci:06803992187-06110606726,omid:br/06803992187,omid:br/06110606726
oci:06803992187-0660608503,omid:br/06803992187,omid:br/0660608503
oci:06803992187-061503595234,omid:br/06803992187,omid:br/061503595234
oci:06803992187-061503576465,omid:br/06803992187,omid:br/061503576465
oci:06803992187-06160605708,omid:br/06803992187,omid:br/06160605708
oci:061904070129-0630407599,omid:br/061904070129,omid:br/0630407599
oci:061904070129-0680609142,omid:br/061904070129,omid:br/0680609142
oci:061904070129-0610613018,omid:br/061904070129,omid:br/0610613018
oci:061904070129-06110607281,omid:br/061904070129,omid:br/06110607281
oci:061904070129-06240592532,omid:br/061904070129,omid:br/06240592532
oci:061804062099-06140104425,omid:br/061804062099,omid:br/06140104425
oci:061804062099-0660351173,omid:br/061804062099,omid:br/0660351173
oci:061804062099-06140479377,omid:br/061804062099,omid:br/06140479377
oci:061804062099-06260371564,omid:br/061804062099,omid:br/06260371564
oci:061804062099-061502199826,omid:br/061804062099,omid:br/061502199826
oci:061804062099-06240609603,omid:br/061804062099,omid:br/06240609603
oci:061804062099-06240532068,omid:br/061804062099,omid:br/06240532068
oci:061804062099-06403481339,omid:br/061804062099,omid:br/06403481339
oci:061804062099-061203050376,omid:br/061804062099,omid:br/061203050376
oci:061804062099-06130535520,omid:br/061804062099,omid:br/06130535520
oci:061904070110-06604007227,omid:br/061904070110,omid:br/06604007227
oci:061904070110-06603484794,omid:br/061904070110,omid:br/06603484794
oci:061904070110-06503496982,omid:br/061904070110,omid:br/06503496982
oci:061904070110-062401472356,omid:br/061904070110,omid:br/062401472356
oci:061904070110-061503977760,omid:br/061904070110,omid:br/061503977760
oci:061904070110-06140599112,omid:br/061904070110,omid:br/06140599112
oci:061904070110-0610613306,omid:br/061904070110,omid:br/0610613306
oci:061904070110-0630611114,omid:br/061904070110,omid:br/0630611114
oci:061904070160-0630407853,omid:br/061904070160,omid:br/0630407853
oci:061904070160-06130597395,omid:br/061904070160,omid:br/06130597395
oci:061904070160-061904070433,omid:br/061904070160,omid:br/061904070433
oci:061904070160-06703987124,omid:br/061904070160,omid:br/06703987124
oci:061904070160-061202868433,omid:br/061904070160,omid:br/061202868433
oci:061904070160-06110607189,omid:br/061904070160,omid:br/06110607189
oci:061804062096-0660487030,omid:br/061804062096,omid:br/0660487030
oci:061804062096-061904070417,omid:br/061804062096,omid:br/061904070417
oci:062104065368-0644016233,omid:br/062104065368,omid:br/0644016233
oci:061804062084-062603790465,omid:br/061804062084,omid:br/062603790465
oci:061804062084-06110836003,omid:br/061804062084,omid:br/06110836003
oci:061804062084-06190358331,omid:br/061804062084,omid:br/06190358331
oci:061804062084-061503294923,omid:br/061804062084,omid:br/061503294923
oci:061804062084-062403509583,omid:br/061804062084,omid:br/062403509583
oci:061804062084-062403509317,omid:br/061804062084,omid:br/062403509317
oci:061804062084-062503042126,omid:br/061804062084,omid:br/062503042126
oci:061804062084-061203492121,omid:br/061804062084,omid:br/061203492121
oci:062104065367-06130535351,omid:br/062104065367,omid:br/06130535351
oci:062104065367-06110545298,omid:br/062104065367,omid:br/06110545298
oci:062104065367-062102049560,omid:br/062104065367,omid:br/062102049560
oci:062104065367-061203576808,omid:br/062104065367,omid:br/061203576808
oci:062104065367-0680216460,omid:br/062104065367,omid:br/0680216460
oci:062104065440-06120534282,omid:br/062104065440,omid:br/06120534282
oci:062104065440-0620540945,omid:br/062104065440,omid:br/0620540945
oci:062104065440-06180542162,omid:br/062104065440,omid:br/06180542162
oci:062104065440-06703894758,omid:br/062104065440,omid:br/06703894758
oci:061904070250-06120534880,omid:br/061904070250,omid:br/06120534880
oci:061904070250-06803908052,omid:br/061904070250,omid:br/06803908052
oci:061904070250-062302777951,omid:br/061904070250,omid:br/062302777951
oci:061904070250-062202882366,omid:br/061904070250,omid:br/062202882366
oci:061904070250-06210454843,omid:br/061904070250,omid:br/06210454843
oci:061804062073-062304072121,omid:br/061804062073,omid:br/062304072121
oci:061804062073-061804062043,omid:br/061804062073,omid:br/061804062043
oci:061804062073-061804062020,omid:br/061804062073,omid:br/061804062020
oci:061904070272-06260448901,omid:br/061904070272,omid:br/06260448901
oci:061904070272-06230459968,omid:br/061904070272,omid:br/06230459968
oci:061804062028-061804061877,omid:br/061804062028,omid:br/061804061877
oci:061804062028-0604831831,omid:br/061804062028,omid:br/0604831831
oci:061703988667-06170619626,omid:br/061703988667,omid:br/06170619626
oci:061703988667-06160588292,omid:br/061703988667,omid:br/06160588292
oci:061703988667-061801475600,omid:br/061703988667,omid:br/061801475600
oci:061703988667-061801567800,omid:br/061703988667,omid:br/061801567800
oci:061703988667-061103776472,omid:br/061703988667,omid:br/061103776472
oci:061703988667-062303727746,omid:br/061703988667,omid:br/062303727746
oci:061703988667-06703526555,omid:br/061703988667,omid:br/06703526555
oci:061703988667-06370318745,omid:br/061703988667,omid:br/06370318745
oci:062104065370-06110606921,omid:br/062104065370,omid:br/06110606921
oci:061804062094-06190357955,omid:br/061804062094,omid:br/06190357955
oci:061804062081-061703988039,omid:br/061804062081,omid:br/061703988039
oci:061804062074-061503977741,omid:br/061804062074,omid:br/061503977741
oci:062104065432-061601133578,omid:br/062104065432,omid:br/061601133578
oci:062104065432-061801121760,omid:br/062104065432,omid:br/061801121760
oci:062104065432-06110364751,omid:br/062104065432,omid:br/06110364751
oci:062104065432-062303746945,omid:br/062104065432,omid:br/062303746945
oci:062104065432-062503744503,omid:br/062104065432,omid:br/062503744503
oci:062104065432-062403758369,omid:br/062104065432,omid:br/062403758369
oci:062104065432-06240712723,omid:br/062104065432,omid:br/06240712723
oci:062104065432-062403758255,omid:br/062104065432,omid:br/062403758255
oci:062104065432-062403758130,omid:br/062104065432,omid:br/062403758130
oci:062104065432-062403758113,omid:br/062104065432,omid:br/062403758113
oci:062104065432-06303909202,omid:br/062104065432,omid:br/06303909202
oci:062104065432-06603484732,omid:br/062104065432,omid:br/06603484732
oci:062104065432-06603484767,omid:br/062104065432,omid:br/06603484767
oci:062104065432-06801134331,omid:br/062104065432,omid:br/06801134331
oci:062104065432-061603978598,omid:br/062104065432,omid:br/061603978598
oci:062104065432-06170602783,omid:br/062104065432,omid:br/06170602783
oci:062104065361-06901379884,omid:br/062104065361,omid:br/06901379884
oci:062104065423-062301696895,omid:br/062104065423,omid:br/062301696895
oci:062104065423-061101166918,omid:br/062104065423,omid:br/061101166918
oci:062104065423-061103717201,omid:br/062104065423,omid:br/061103717201
oci:062104065423-062503744559,omid:br/062104065423,omid:br/062503744559
oci:062104065423-06170284093,omid:br/062104065423,omid:br/06170284093
oci:062104065423-061801364961,omid:br/062104065423,omid:br/061801364961
oci:062104065423-06701559946,omid:br/062104065423,omid:br/06701559946
oci:062104065423-06504131342,omid:br/062104065423,omid:br/06504131342
oci:062104065423-06240713311,omid:br/062104065423,omid:br/06240713311
oci:062104065423-062403757683,omid:br/062104065423,omid:br/062403757683
oci:062104065423-062101256615,omid:br/062104065423,omid:br/062101256615
oci:062104065423-062403758024,omid:br/062104065423,omid:br/062403758024
oci:062104065423-062403757973,omid:br/062104065423,omid:br/062403757973
oci:062104065423-06503496844,omid:br/062104065423,omid:br/06503496844
oci:062104065423-06303476180,omid:br/062104065423,omid:br/06303476180
oci:062104065423-06250471812,omid:br/062104065423,omid:br/06250471812
oci:062104065423-06240712860,omid:br/062104065423,omid:br/06240712860
oci:062104065358-061201122189,omid:br/062104065358,omid:br/061201122189
oci:062104065358-061201122860,omid:br/062104065358,omid:br/061201122860
oci:062104065358-061301126541,omid:br/062104065358,omid:br/061301126541
oci:062104065358-061301126915,omid:br/062104065358,omid:br/061301126915
oci:062104065358-061701131379,omid:br/062104065358,omid:br/061701131379
oci:062104065358-06210169859,omid:br/062104065358,omid:br/06210169859
oci:062104065358-06180266915,omid:br/062104065358,omid:br/06180266915
oci:062104065358-06404021342,omid:br/062104065358,omid:br/06404021342
oci:062104065358-06404020641,omid:br/062104065358,omid:br/06404020641
oci:062104065358-061303074458,omid:br/062104065358,omid:br/061303074458
oci:062104065358-06160288449,omid:br/062104065358,omid:br/06160288449
oci:062104065358-062603519635,omid:br/062104065358,omid:br/062603519635
oci:062104065358-062503744211,omid:br/062104065358,omid:br/062503744211
oci:062104065358-062603519619,omid:br/062104065358,omid:br/062603519619
oci:062104065358-06402857824,omid:br/062104065358,omid:br/06402857824
oci:061804062029-06403235712,omid:br/061804062029,omid:br/06403235712
oci:061804062029-062304072768,omid:br/061804062029,omid:br/062304072768
oci:061804062029-061603978548,omid:br/061804062029,omid:br/061603978548
oci:061904070293-0630407936,omid:br/061904070293,omid:br/0630407936
oci:061904070293-06120596583,omid:br/061904070293,omid:br/06120596583
oci:061904070293-06210869341,omid:br/061904070293,omid:br/06210869341
oci:061904070293-062204066263,omid:br/061904070293,omid:br/062204066263
oci:061804062015-06230490206,omid:br/061804062015,omid:br/06230490206
oci:061804062015-0604831832,omid:br/061804062015,omid:br/0604831832
oci:061904070244-062303577805,omid:br/061904070244,omid:br/062303577805
oci:061904070244-062403566029,omid:br/061904070244,omid:br/062403566029
oci:061904070244-062204066427,omid:br/061904070244,omid:br/062204066427
oci:061904070244-061703988842,omid:br/061904070244,omid:br/061703988842
oci:062104065420-061804062335,omid:br/062104065420,omid:br/061804062335
oci:061904070258-061703988604,omid:br/061904070258,omid:br/061703988604
oci:062104065434-0690613217,omid:br/062104065434,omid:br/0690613217
oci:062104065434-061804062088,omid:br/062104065434,omid:br/061804062088
oci:061804062013-062204066832,omid:br/061804062013,omid:br/062204066832
oci:061804062013-062604186550,omid:br/061804062013,omid:br/062604186550
oci:061804062013-061503977392,omid:br/061804062013,omid:br/061503977392
oci:061804062031-061703945482,omid:br/061804062031,omid:br/061703945482
oci:061804062031-062204066775,omid:br/061804062031,omid:br/062204066775
oci:061804062031-061804062475,omid:br/061804062031,omid:br/061804062475
oci:061804062031-061804062127,omid:br/061804062031,omid:br/061804062127
oci:061804062031-061503977597,omid:br/061804062031,omid:br/061503977597
oci:061904070280-0604831836,omid:br/061904070280,omid:br/0604831836
oci:061904070280-061702698241,omid:br/061904070280,omid:br/061702698241
oci:061904070280-061702698240,omid:br/061904070280,omid:br/061702698240
oci:061904070280-061702698543,omid:br/061904070280,omid:br/061702698543
oci:061904070267-06303491236,omid:br/061904070267,omid:br/06303491236
oci:061904070267-06110607184,omid:br/061904070267,omid:br/06110607184
oci:061904070267-06150605933,omid:br/061904070267,omid:br/06150605933
oci:062104065383-06110545353,omid:br/062104065383,omid:br/06110545353
oci:062104065371-061603939093,omid:br/062104065371,omid:br/061603939093
oci:062104065371-061603939020,omid:br/062104065371,omid:br/061603939020
oci:061904070288-062304072835,omid:br/061904070288,omid:br/062304072835
oci:061904070288-062304072247,omid:br/061904070288,omid:br/062304072247
oci:061904070288-062604186471,omid:br/061904070288,omid:br/062604186471
oci:062104065173-061603939247,omid:br/062104065173,omid:br/061603939247
oci:061904070277-0620605519,omid:br/061904070277,omid:br/0620605519
oci:061904070277-0630611278,omid:br/061904070277,omid:br/0630611278
oci:061904070277-0620605077,omid:br/061904070277,omid:br/0620605077
oci:061904070277-0670605659,omid:br/061904070277,omid:br/0670605659
oci:061804062070-061703945447,omid:br/061804062070,omid:br/061703945447
oci:061804062070-0650699003,omid:br/061804062070,omid:br/0650699003
oci:061804062070-062103312232,omid:br/061804062070,omid:br/062103312232
oci:061804062070-062604186505,omid:br/061804062070,omid:br/062604186505
oci:061904070274-061804061821,omid:br/061904070274,omid:br/061804061821
oci:061904070274-061904070018,omid:br/061904070274,omid:br/061904070018
oci:062104065379-06250539079,omid:br/062104065379,omid:br/06250539079
oci:062104065379-061703988571,omid:br/062104065379,omid:br/061703988571
oci:062104065379-061703988662,omid:br/062104065379,omid:br/061703988662
oci:06520189761-061202675026,omid:br/06520189761,omid:br/061202675026
oci:061904070253-062203946130,omid:br/061904070253,omid:br/062203946130
oci:062104065181-0660252901,omid:br/062104065181,omid:br/0660252901
oci:062104065181-06120800645,omid:br/062104065181,omid:br/06120800645
oci:062104065181-0604827840,omid:br/062104065181,omid:br/0604827840
oci:062104065181-0604831840,omid:br/062104065181,omid:br/0604831840
oci:061804062049-06230851244,omid:br/061804062049,omid:br/06230851244
oci:062104065168-062203320996,omid:br/062104065168,omid:br/062203320996
oci:062104065177-061804062259,omid:br/062104065177,omid:br/061804062259
oci:061904070297-06360203752,omid:br/061904070297,omid:br/06360203752
oci:061904070297-06360203753,omid:br/061904070297,omid:br/06360203753
oci:061904070297-06360203754,omid:br/061904070297,omid:br/06360203754
oci:061904070297-06360203755,omid:br/061904070297,omid:br/06360203755
oci:061904070297-0610629398,omid:br/061904070297,omid:br/0610629398
oci:061904070297-06260636792,omid:br/061904070297,omid:br/06260636792
oci:061904070297-061603978963,omid:br/061904070297,omid:br/061603978963
oci:061603586323-0610550146,omid:br/061603586323,omid:br/0610550146
oci:061603586323-0620540441,omid:br/061603586323,omid:br/0620540441
oci:061804062088-0690613217,omid:br/061804062088,omid:br/0690613217
oci:061804062088-0640607522,omid:br/061804062088,omid:br/0640607522
oci:061904070209-061503977609,omid:br/061904070209,omid:br/061503977609
oci:061904070209-061503977630,omid:br/061904070209,omid:br/061503977630
oci:061804062048-06150540980,omid:br/061804062048,omid:br/06150540980
oci:061904070247-062503055952,omid:br/061904070247,omid:br/062503055952
oci:062104065392-06603484876,omid:br/062104065392,omid:br/06603484876
oci:062104065392-062402648150,omid:br/062104065392,omid:br/062402648150
oci:061904070264-06120352666,omid:br/061904070264,omid:br/06120352666
oci:061904070264-061203766703,omid:br/061904070264,omid:br/061203766703
oci:061904070264-061203766674,omid:br/061904070264,omid:br/061203766674
oci:061904070264-061903508582,omid:br/061904070264,omid:br/061903508582
oci:062104065378-06110545337,omid:br/062104065378,omid:br/06110545337
oci:062104065378-06230161227,omid:br/062104065378,omid:br/06230161227
oci:062104065378-061202868472,omid:br/062104065378,omid:br/061202868472
oci:062104065378-061202868568,omid:br/062104065378,omid:br/061202868568
oci:061904070259-061401089085,omid:br/061904070259,omid:br/061401089085
oci:061904070259-062101189851,omid:br/061904070259,omid:br/062101189851
oci:062104065366-061202868397,omid:br/062104065366,omid:br/061202868397
oci:061904070248-06120352666,omid:br/061904070248,omid:br/06120352666
oci:061904070248-06230490206,omid:br/061904070248,omid:br/06230490206
oci:061904070248-06360203744,omid:br/061904070248,omid:br/06360203744
oci:061904070248-06240476913,omid:br/061904070248,omid:br/06240476913
oci:061904070248-0660481031,omid:br/061904070248,omid:br/0660481031
oci:061904070248-061903508582,omid:br/061904070248,omid:br/061903508582
oci:061904070248-06360203745,omid:br/061904070248,omid:br/06360203745
oci:061804062051-0620540073,omid:br/061804062051,omid:br/0620540073
oci:061804062079-06180488577,omid:br/061804062079,omid:br/06180488577
oci:061804062079-0650486509,omid:br/061804062079,omid:br/0650486509
oci:061804062079-0650353614,omid:br/061804062079,omid:br/0650353614
oci:061804062079-0620353743,omid:br/061804062079,omid:br/0620353743
oci:061904070241-061903580827,omid:br/061904070241,omid:br/061903580827
oci:061904070241-06503298551,omid:br/061904070241,omid:br/06503298551
oci:061904070241-0644016233,omid:br/061904070241,omid:br/0644016233
oci:061804062036-06902464998,omid:br/061804062036,omid:br/06902464998
oci:061804062036-061703946060,omid:br/061804062036,omid:br/061703946060
oci:061804062036-06802854542,omid:br/061804062036,omid:br/06802854542
oci:061804062036-06902464882,omid:br/061804062036,omid:br/06902464882
oci:061804062036-06802854647,omid:br/061804062036,omid:br/06802854647
oci:062104065429-0637018061,omid:br/062104065429,omid:br/0637018061
oci:062104065429-0637018100,omid:br/062104065429,omid:br/0637018100
oci:062104065429-061503977757,omid:br/062104065429,omid:br/061503977757
oci:061904070294-062304072994,omid:br/061904070294,omid:br/062304072994
oci:061904070294-0604286003,omid:br/061904070294,omid:br/0604286003
oci:061904070294-0604286008,omid:br/061904070294,omid:br/0604286008
oci:061904070211-06120352666,omid:br/061904070211,omid:br/06120352666
oci:061904070211-06110545759,omid:br/061904070211,omid:br/06110545759
oci:061904070256-06120612646,omid:br/061904070256,omid:br/06120612646
oci:061904070256-062401916975,omid:br/061904070256,omid:br/062401916975
oci:061904070256-061804062004,omid:br/061904070256,omid:br/061804062004
oci:061904070256-061603978963,omid:br/061904070256,omid:br/061603978963
oci:061904070198-06110545751,omid:br/061904070198,omid:br/06110545751
oci:061904070198-061503977212,omid:br/061904070198,omid:br/061503977212
oci:061904070198-062604186415,omid:br/061904070198,omid:br/062604186415
oci:061904070302-06110545341,omid:br/061904070302,omid:br/06110545341
oci:061904070287-0630352301,omid:br/061904070287,omid:br/0630352301
oci:061904070287-06160349413,omid:br/061904070287,omid:br/06160349413
oci:061904070287-06190488243,omid:br/061904070287,omid:br/06190488243
oci:061904070287-061103727095,omid:br/061904070287,omid:br/061103727095
oci:061904070287-061904070302,omid:br/061904070287,omid:br/061904070302
oci:061904070287-061202868440,omid:br/061904070287,omid:br/061202868440
oci:061904070270-061703945453,omid:br/061904070270,omid:br/061703945453
oci:061904070270-061603978559,omid:br/061904070270,omid:br/061603978559
oci:061904070270-061804062093,omid:br/061904070270,omid:br/061804062093
oci:061904070170-061804062077,omid:br/061904070170,omid:br/061804062077
oci:061904070170-061804062208,omid:br/061904070170,omid:br/061804062208
oci:061904070306-061603978559,omid:br/061904070306,omid:br/061603978559
oci:061904070251-062402046076,omid:br/061904070251,omid:br/062402046076
oci:061904070251-062603861920,omid:br/061904070251,omid:br/062603861920
oci:061904070251-06140584288,omid:br/061904070251,omid:br/06140584288
oci:061904070251-062602777182,omid:br/061904070251,omid:br/062602777182
oci:061904070262-061202868165,omid:br/061904070262,omid:br/061202868165
oci:061904070262-061202868163,omid:br/061904070262,omid:br/061202868163
oci:061904070262-061202868391,omid:br/061904070262,omid:br/061202868391
oci:061904070262-061202868537,omid:br/061904070262,omid:br/061202868537
oci:061904070271-06110490970,omid:br/061904070271,omid:br/06110490970
oci:061904070271-061501960494,omid:br/061904070271,omid:br/061501960494
oci:061904070271-061503294964,omid:br/061904070271,omid:br/061503294964
oci:062104065391-061901336435,omid:br/062104065391,omid:br/061901336435
oci:062104065391-06230161665,omid:br/062104065391,omid:br/06230161665
oci:061703603536-0603906558,omid:br/061703603536,omid:br/0603906558
oci:061703603536-06230459532,omid:br/061703603536,omid:br/06230459532
oci:061703603536-061804062122,omid:br/061703603536,omid:br/061804062122
oci:061703603536-061804062187,omid:br/061703603536,omid:br/061804062187
oci:061703603536-061202868516,omid:br/061703603536,omid:br/061202868516
oci:061703603536-061804061918,omid:br/061703603536,omid:br/061804061918
oci:061703603536-061603978820,omid:br/061703603536,omid:br/061603978820
oci:062104065397-0690547321,omid:br/062104065397,omid:br/0690547321
oci:062104065397-062602701935,omid:br/062104065397,omid:br/062602701935
oci:062104065397-062202669577,omid:br/062104065397,omid:br/062202669577
oci:062104065397-0640544719,omid:br/062104065397,omid:br/0640544719
oci:061804062023-061603978944,omid:br/061804062023,omid:br/061603978944
oci:061804062023-062304072191,omid:br/061804062023,omid:br/062304072191
oci:061904070236-061901963699,omid:br/061904070236,omid:br/061901963699
oci:061904070236-061502111704,omid:br/061904070236,omid:br/061502111704
oci:061904070236-061502111790,omid:br/061904070236,omid:br/061502111790
oci:062104065390-061703988614,omid:br/062104065390,omid:br/061703988614
oci:062104065390-062304072097,omid:br/062104065390,omid:br/062304072097
oci:062104065390-061804062111,omid:br/062104065390,omid:br/061804062111
oci:062104065442-061904070276,omid:br/062104065442,omid:br/061904070276
oci:061904070122-061904070413,omid:br/061904070122,omid:br/061904070413
oci:061904070122-062304072247,omid:br/061904070122,omid:br/062304072247
oci:061904070122-061603978750,omid:br/061904070122,omid:br/061603978750
oci:061904070122-061904070493,omid:br/061904070122,omid:br/061904070493
oci:062104065387-06230160868,omid:br/062104065387,omid:br/06230160868
oci:062104065387-061903336398,omid:br/062104065387,omid:br/061903336398
oci:062104065360-06902208051,omid:br/062104065360,omid:br/06902208051
oci:062104065360-061202868189,omid:br/062104065360,omid:br/061202868189
oci:062104065360-061202868444,omid:br/062104065360,omid:br/061202868444
oci:062104065363-06240836197,omid:br/062104065363,omid:br/06240836197
oci:062104065363-061603038180,omid:br/062104065363,omid:br/061603038180
oci:062104065363-061701688650,omid:br/062104065363,omid:br/061701688650
oci:062104065363-061101498417,omid:br/062104065363,omid:br/061101498417
oci:062104065363-06250430804,omid:br/062104065363,omid:br/06250430804
oci:062104065363-0680544106,omid:br/062104065363,omid:br/0680544106
oci:062104065363-061804061959,omid:br/062104065363,omid:br/061804061959
oci:062104065363-06360302055,omid:br/062104065363,omid:br/06360302055
oci:062104065363-06360302083,omid:br/062104065363,omid:br/06360302083
oci:061904070188-0604083463,omid:br/061904070188,omid:br/0604083463
oci:061904070188-062304072687,omid:br/061904070188,omid:br/062304072687
oci:061904070188-061904070366,omid:br/061904070188,omid:br/061904070366
oci:061804062046-061603939224,omid:br/061804062046,omid:br/061603939224
oci:061804062046-061703988050,omid:br/061804062046,omid:br/061703988050
oci:061804062046-062304072369,omid:br/061804062046,omid:br/062304072369
oci:061904070300-06250231765,omid:br/061904070300,omid:br/06250231765
oci:061904070300-061703988194,omid:br/061904070300,omid:br/061703988194
oci:061904070300-061503977128,omid:br/061904070300,omid:br/061503977128
oci:061904070300-061603978633,omid:br/061904070300,omid:br/061603978633
oci:061904070300-061804062150,omid:br/061904070300,omid:br/061804062150
oci:061904070300-062304072462,omid:br/061904070300,omid:br/062304072462
oci:061904070140-061603939247,omid:br/061904070140,omid:br/061603939247
oci:061904070140-061703988648,omid:br/061904070140,omid:br/061703988648
oci:062104065403-061804062046,omid:br/062104065403,omid:br/061804062046
oci:061904070276-061904070459,omid:br/061904070276,omid:br/061904070459
oci:061904070276-061202868685,omid:br/061904070276,omid:br/061202868685
oci:061904070276-061202868594,omid:br/061904070276,omid:br/061202868594
oci:061804062027-0650607460,omid:br/061804062027,omid:br/0650607460
oci:061904070176-061603939269,omid:br/061904070176,omid:br/061603939269
oci:061904070176-061703945238,omid:br/061904070176,omid:br/061703945238
oci:061904070176-061603939220,omid:br/061904070176,omid:br/061603939220
oci:061904070176-062204066903,omid:br/061904070176,omid:br/062204066903
oci:061804062066-06120534564,omid:br/061804062066,omid:br/06120534564
oci:061804062066-061503977292,omid:br/061804062066,omid:br/061503977292
oci:061904070266-061603939107,omid:br/061904070266,omid:br/061603939107
oci:061904070266-061804062041,omid:br/061904070266,omid:br/061804062041
oci:061904070281-062304072438,omid:br/061904070281,omid:br/062304072438
oci:061904070227-062304072747,omid:br/061904070227,omid:br/062304072747
oci:061804062091-062304072165,omid:br/061804062091,omid:br/062304072165
oci:061904070234-0604831833,omid:br/061904070234,omid:br/0604831833
oci:061904070210-061603939269,omid:br/061904070210,omid:br/061603939269
oci:061904070167-0604831841,omid:br/061904070167,omid:br/0604831841
oci:061904070167-0604831842,omid:br/061904070167,omid:br/0604831842
oci:061904070167-06220400808,omid:br/061904070167,omid:br/06220400808
oci:061904070167-061503977440,omid:br/061904070167,omid:br/061503977440
oci:062104065426-0604257451,omid:br/062104065426,omid:br/0604257451
oci:062104065426-06440303099,omid:br/062104065426,omid:br/06440303099
oci:062104065426-061703945453,omid:br/062104065426,omid:br/061703945453
oci:062104065426-06420302553,omid:br/062104065426,omid:br/06420302553
oci:062104065426-061603978559,omid:br/062104065426,omid:br/061603978559
oci:062104065426-0644016265,omid:br/062104065426,omid:br/0644016265
oci:061904070263-0604831834,omid:br/061904070263,omid:br/0604831834
oci:061904070263-06302332482,omid:br/061904070263,omid:br/06302332482
oci:061904070263-061904070500,omid:br/061904070263,omid:br/061904070500
oci:061804062245-06210540868,omid:br/061804062245,omid:br/06210540868
oci:062104065356-0603906559,omid:br/062104065356,omid:br/0603906559
oci:062104065356-06260448696,omid:br/062104065356,omid:br/06260448696
oci:062104065356-061603978550,omid:br/062104065356,omid:br/061603978550
oci:062104065356-061603978985,omid:br/062104065356,omid:br/061603978985
oci:062104065356-061603979036,omid:br/062104065356,omid:br/061603979036
oci:061904070279-062604186478,omid:br/061904070279,omid:br/062604186478
oci:061904070279-062304072168,omid:br/061904070279,omid:br/062304072168
oci:061904070279-061904070537,omid:br/061904070279,omid:br/061904070537
oci:061804062217-06101813102,omid:br/061804062217,omid:br/06101813102
oci:061804062217-06260503631,omid:br/061804062217,omid:br/06260503631
oci:061804062217-0640488958,omid:br/061804062217,omid:br/0640488958
oci:061904070284-0610497032,omid:br/061904070284,omid:br/0610497032
oci:061904070284-062403736061,omid:br/061904070284,omid:br/062403736061
oci:061904070284-06110221118,omid:br/061904070284,omid:br/06110221118
oci:061904070284-06180253385,omid:br/061904070284,omid:br/06180253385
oci:061904070284-06110221047,omid:br/061904070284,omid:br/06110221047
oci:061904070151-06230460082,omid:br/061904070151,omid:br/06230460082
oci:061904070151-0604083462,omid:br/061904070151,omid:br/0604083462
oci:061904070151-06210454775,omid:br/061904070151,omid:br/06210454775
oci:061904070151-06230460076,omid:br/061904070151,omid:br/06230460076
oci:061904070151-061502111723,omid:br/061904070151,omid:br/061502111723
oci:061904070151-061502111779,omid:br/061904070151,omid:br/061502111779
oci:061904070151-06230460074,omid:br/061904070151,omid:br/06230460074
oci:061904070151-061802578760,omid:br/061904070151,omid:br/061802578760
oci:061904070151-061202868541,omid:br/061904070151,omid:br/061202868541
oci:061904070151-061202868317,omid:br/061904070151,omid:br/061202868317
oci:061904070292-06160694776,omid:br/061904070292,omid:br/06160694776
oci:061904070292-062204066832,omid:br/061904070292,omid:br/062204066832
oci:061904070292-061603979035,omid:br/061904070292,omid:br/061603979035
oci:061904070292-061603978978,omid:br/061904070292,omid:br/061603978978
oci:062104065410-062304072207,omid:br/062104065410,omid:br/062304072207
oci:062104065353-0604831837,omid:br/062104065353,omid:br/0604831837
oci:062104065353-061202868335,omid:br/062104065353,omid:br/061202868335
oci:062104065353-061603978635,omid:br/062104065353,omid:br/061603978635
oci:061804062206-062501782286,omid:br/061804062206,omid:br/062501782286
oci:061804062206-06503922238,omid:br/061804062206,omid:br/06503922238
oci:061804062206-061203487502,omid:br/061804062206,omid:br/061203487502
oci:061804062206-061703495612,omid:br/061804062206,omid:br/061703495612
oci:061804062206-061203487295,omid:br/061804062206,omid:br/061203487295
oci:061804062206-061603303824,omid:br/061804062206,omid:br/061603303824
oci:061804062206-061804062534,omid:br/061804062206,omid:br/061804062534
oci:061904070290-06260448753,omid:br/061904070290,omid:br/06260448753
oci:061904070290-06260448722,omid:br/061904070290,omid:br/06260448722
oci:061904070218-061402999806,omid:br/061904070218,omid:br/061402999806
oci:061904070218-06110622730,omid:br/061904070218,omid:br/06110622730
oci:061904070218-06201005976,omid:br/061904070218,omid:br/06201005976
oci:061904070218-06403476576,omid:br/061904070218,omid:br/06403476576
oci:061904070218-061403000372,omid:br/061904070218,omid:br/061403000372
oci:061904070218-06160588292,omid:br/061904070218,omid:br/06160588292
oci:061904070218-0635047770,omid:br/061904070218,omid:br/0635047770
oci:061904070218-0630349709,omid:br/061904070218,omid:br/0630349709
oci:061904070218-061101003558,omid:br/061904070218,omid:br/061101003558
oci:061904070218-0636048974,omid:br/061904070218,omid:br/0636048974
oci:061904070218-06103933009,omid:br/061904070218,omid:br/06103933009
oci:061904070218-062301369409,omid:br/061904070218,omid:br/062301369409
oci:061904070218-061203779476,omid:br/061904070218,omid:br/061203779476
oci:061904070218-06250347435,omid:br/061904070218,omid:br/06250347435
oci:061904070218-061203779095,omid:br/061904070218,omid:br/061203779095
oci:061904070218-062103053992,omid:br/061904070218,omid:br/062103053992
oci:061904070308-06130535223,omid:br/061904070308,omid:br/06130535223
oci:061904070308-06140584178,omid:br/061904070308,omid:br/06140584178
oci:061904070308-06190853933,omid:br/061904070308,omid:br/06190853933
oci:061904070308-06803908052,omid:br/061904070308,omid:br/06803908052
oci:061904070308-06140584230,omid:br/061904070308,omid:br/06140584230
oci:061904070308-06240481113,omid:br/061904070308,omid:br/06240481113
oci:061904070308-06130533281,omid:br/061904070308,omid:br/06130533281
oci:061904070308-061603978563,omid:br/061904070308,omid:br/061603978563
oci:061904070308-061703988662,omid:br/061904070308,omid:br/061703988662
oci:062104065425-0604442971,omid:br/062104065425,omid:br/0604442971
oci:062104065425-061103727095,omid:br/062104065425,omid:br/061103727095
oci:062104065425-06220746460,omid:br/062104065425,omid:br/06220746460
oci:062104065386-06303927156,omid:br/062104065386,omid:br/06303927156
oci:062104065386-06303927130,omid:br/062104065386,omid:br/06303927130
oci:062104065386-0620489557,omid:br/062104065386,omid:br/0620489557
oci:062104065386-06303927169,omid:br/062104065386,omid:br/06303927169
oci:062104065386-061904070413,omid:br/062104065386,omid:br/061904070413
oci:061904070242-062503056069,omid:br/061904070242,omid:br/062503056069
oci:061904070242-061202868282,omid:br/061904070242,omid:br/061202868282
oci:061904070242-061603978978,omid:br/061904070242,omid:br/061603978978
oci:061904070240-0604831835,omid:br/061904070240,omid:br/0604831835
oci:061904070240-062304072640,omid:br/061904070240,omid:br/062304072640
oci:061804062061-061703988608,omid:br/061804062061,omid:br/061703988608
oci:061804062061-061804062103,omid:br/061804062061,omid:br/061804062103
oci:061804062205-06220450110,omid:br/061804062205,omid:br/06220450110
oci:061804062205-061503977444,omid:br/061804062205,omid:br/061503977444
oci:061804062205-061503977459,omid:br/061804062205,omid:br/061503977459
oci:061804062205-062304072412,omid:br/061804062205,omid:br/062304072412
oci:061804062205-061202868541,omid:br/061804062205,omid:br/061202868541
oci:061804062248-0690547321,omid:br/061804062248,omid:br/0690547321
oci:061804062248-062104065397,omid:br/061804062248,omid:br/062104065397
oci:061904070268-06601371165,omid:br/061904070268,omid:br/06601371165
oci:061904070268-06130596886,omid:br/061904070268,omid:br/06130596886
oci:061904070268-061503977414,omid:br/061904070268,omid:br/061503977414
oci:061904070268-0670604813,omid:br/061904070268,omid:br/0670604813
oci:061904070268-0650607359,omid:br/061904070268,omid:br/0650607359
oci:061904070268-06150606082,omid:br/061904070268,omid:br/06150606082
oci:062104065382-061603978752,omid:br/062104065382,omid:br/061603978752
oci:061804062291-0604831838,omid:br/061804062291,omid:br/0604831838
oci:062104065406-06130535346,omid:br/062104065406,omid:br/06130535346
oci:062104065406-0650542630,omid:br/062104065406,omid:br/0650542630
oci:062104065406-062604186541,omid:br/062104065406,omid:br/062604186541
oci:061804062250-0644016317,omid:br/061804062250,omid:br/0644016317
oci:061804062220-06150495757,omid:br/061804062220,omid:br/06150495757
oci:061804062220-06180542994,omid:br/061804062220,omid:br/06180542994
oci:062104065412-06230851017,omid:br/062104065412,omid:br/06230851017
oci:062104065412-062104065386,omid:br/062104065412,omid:br/062104065386
oci:061804062249-06210216059,omid:br/061804062249,omid:br/06210216059
oci:061804062249-0630210030,omid:br/061804062249,omid:br/0630210030
oci:061904070212-06220450110,omid:br/061904070212,omid:br/06220450110
oci:061904070212-061503977444,omid:br/061904070212,omid:br/061503977444
oci:061904070212-061503977459,omid:br/061904070212,omid:br/061503977459
oci:061904070212-062304072412,omid:br/061904070212,omid:br/062304072412
oci:061804062289-0680216463,omid:br/061804062289,omid:br/0680216463
oci:061804062289-06120534343,omid:br/061804062289,omid:br/06120534343
oci:061804062289-062103323044,omid:br/061804062289,omid:br/062103323044
oci:061804062289-06140533250,omid:br/061804062289,omid:br/06140533250
oci:061804062289-06160541457,omid:br/061804062289,omid:br/06160541457
oci:061804062289-062204066830,omid:br/061804062289,omid:br/062204066830
oci:061804062289-061804062560,omid:br/061804062289,omid:br/061804062560
oci:061804062289-062204066422,omid:br/061804062289,omid:br/062204066422
oci:061804062289-061904070445,omid:br/061804062289,omid:br/061904070445
oci:061804062289-061904070578,omid:br/061804062289,omid:br/061904070578
oci:061804062289-061202868167,omid:br/061804062289,omid:br/061202868167
oci:061804062289-061603978964,omid:br/061804062289,omid:br/061603978964
oci:061804062289-062304072943,omid:br/061804062289,omid:br/062304072943
oci:061804062289-062204066452,omid:br/061804062289,omid:br/062204066452
oci:061804062068-06150692584,omid:br/061804062068,omid:br/06150692584
oci:061804062068-061703988678,omid:br/061804062068,omid:br/061703988678
oci:061804062068-062304072709,omid:br/061804062068,omid:br/062304072709
oci:061804062068-061904070083,omid:br/061804062068,omid:br/061904070083
oci:061804062068-061804061885,omid:br/061804062068,omid:br/061804061885
oci:061904070261-062503056091,omid:br/061904070261,omid:br/062503056091
oci:061904070261-062304072196,omid:br/061904070261,omid:br/062304072196
oci:061904070261-062304072207,omid:br/061904070261,omid:br/062304072207
oci:061904070261-062304072224,omid:br/061904070261,omid:br/062304072224
oci:061904070261-062304072171,omid:br/061904070261,omid:br/062304072171
oci:061804062255-06230459972,omid:br/061804062255,omid:br/06230459972
oci:061804062255-0632016273,omid:br/061804062255,omid:br/0632016273
oci:061804062255-0632016272,omid:br/061804062255,omid:br/0632016272
oci:061804062255-06230460040,omid:br/061804062255,omid:br/06230460040
oci:061804062226-062101089381,omid:br/061804062226,omid:br/062101089381
oci:061804062226-06301485950,omid:br/061804062226,omid:br/06301485950
oci:061804062226-06601487270,omid:br/061804062226,omid:br/06601487270
oci:061804062226-061701174484,omid:br/061804062226,omid:br/061701174484
oci:061804062226-061203586027,omid:br/061804062226,omid:br/061203586027
oci:061804062226-062502849014,omid:br/061804062226,omid:br/062502849014
oci:061804062226-062102869437,omid:br/061804062226,omid:br/062102869437
oci:061804062226-06703988209,omid:br/061804062226,omid:br/06703988209
oci:061804062226-06602517577,omid:br/061804062226,omid:br/06602517577
oci:061804062226-06140918910,omid:br/061804062226,omid:br/06140918910
oci:061804062226-06150929244,omid:br/061804062226,omid:br/06150929244
oci:061804062226-06110545299,omid:br/061804062226,omid:br/06110545299
oci:061804062226-0640544562,omid:br/061804062226,omid:br/0640544562
oci:061804062226-062602885289,omid:br/061804062226,omid:br/062602885289
oci:061804062226-06120842603,omid:br/061804062226,omid:br/06120842603
oci:061804062226-06130535303,omid:br/061804062226,omid:br/06130535303
oci:061804062226-061601012264,omid:br/061804062226,omid:br/061601012264
oci:061804062226-061601012261,omid:br/061804062226,omid:br/061601012261
oci:061904070254-0680546297,omid:br/061904070254,omid:br/0680546297
oci:061904070273-061703988584,omid:br/061904070273,omid:br/061703988584
oci:061804062209-062101089245,omid:br/061804062209,omid:br/062101089245
oci:061804062209-061601012297,omid:br/061804062209,omid:br/061601012297
oci:061804062209-06603986417,omid:br/061804062209,omid:br/06603986417
oci:061804062209-061702664520,omid:br/061804062209,omid:br/061702664520
oci:061804062209-06130844930,omid:br/061804062209,omid:br/06130844930
oci:061804062209-062601188771,omid:br/061804062209,omid:br/062601188771
oci:061804062209-06110490970,omid:br/061804062209,omid:br/06110490970
oci:061804062209-06160915033,omid:br/061804062209,omid:br/06160915033
oci:061804062209-061601012229,omid:br/061804062209,omid:br/061601012229
oci:061804062209-062503571860,omid:br/061804062209,omid:br/062503571860
oci:061804062209-0620489677,omid:br/061804062209,omid:br/0620489677
oci:061804062209-0630488035,omid:br/061804062209,omid:br/0630488035
oci:061804062209-06240481046,omid:br/061804062209,omid:br/06240481046
oci:061804062209-0620489525,omid:br/061804062209,omid:br/0620489525
oci:061804062209-0638030007,omid:br/061804062209,omid:br/0638030007
oci:061804062209-06101498744,omid:br/061804062209,omid:br/06101498744
oci:061804062209-061303560321,omid:br/061804062209,omid:br/061303560321
oci:061804062209-06160914979,omid:br/061804062209,omid:br/06160914979
oci:061804062209-06160914961,omid:br/061804062209,omid:br/06160914961
oci:061804062209-062302134149,omid:br/061804062209,omid:br/062302134149
oci:061804062209-061703599235,omid:br/061804062209,omid:br/061703599235
oci:061804062209-061601012278,omid:br/061804062209,omid:br/061601012278
oci:061804062209-06160738054,omid:br/061804062209,omid:br/06160738054
oci:061804062209-0630488131,omid:br/061804062209,omid:br/0630488131
oci:061804062209-061601012243,omid:br/061804062209,omid:br/061601012243
oci:061804062077-06140532690,omid:br/061804062077,omid:br/06140532690
oci:061804062077-06140532808,omid:br/061804062077,omid:br/06140532808
oci:061804062077-061603978755,omid:br/061804062077,omid:br/061603978755
oci:061804062077-061202868407,omid:br/061804062077,omid:br/061202868407
oci:061804062054-0641059577,omid:br/061804062054,omid:br/0641059577
oci:062104065402-06230459745,omid:br/062104065402,omid:br/06230459745
oci:062104065402-0604286068,omid:br/062104065402,omid:br/0604286068
oci:062104065197-062304072123,omid:br/062104065197,omid:br/062304072123
oci:062104065163-062201082036,omid:br/062104065163,omid:br/062201082036
oci:061804062030-06120534378,omid:br/061804062030,omid:br/06120534378
oci:061804062030-06110545783,omid:br/061804062030,omid:br/06110545783
oci:061804062030-061202868448,omid:br/061804062030,omid:br/061202868448
oci:061804062030-061804062672,omid:br/061804062030,omid:br/061804062672
oci:061804062030-061202868260,omid:br/061804062030,omid:br/061202868260
oci:061804062030-062204066981,omid:br/061804062030,omid:br/062204066981
oci:061804062043-062204066926,omid:br/061804062043,omid:br/062204066926
oci:061804062043-061603979111,omid:br/061804062043,omid:br/061603979111
oci:061804062043-061603978711,omid:br/061804062043,omid:br/061603978711
oci:062104065365-061703946052,omid:br/062104065365,omid:br/061703946052
oci:062104065365-06902464998,omid:br/062104065365,omid:br/06902464998
oci:062104065365-06802854542,omid:br/062104065365,omid:br/06802854542
oci:062104065365-06902464882,omid:br/062104065365,omid:br/06902464882
oci:062104065365-061804062036,omid:br/062104065365,omid:br/061804062036
oci:061804062090-06110545060,omid:br/061804062090,omid:br/06110545060
oci:061804062090-0630210251,omid:br/061804062090,omid:br/0630210251
oci:061804062083-061603979028,omid:br/061804062083,omid:br/061603979028
oci:061804062083-061703987997,omid:br/061804062083,omid:br/061703987997
oci:061804062020-06110543698,omid:br/061804062020,omid:br/06110543698
oci:061804062020-06230546498,omid:br/061804062020,omid:br/06230546498
oci:062104065405-06902464993,omid:br/062104065405,omid:br/06902464993
oci:062104065405-06802854287,omid:br/062104065405,omid:br/06802854287
oci:062104065405-06701475702,omid:br/062104065405,omid:br/06701475702
oci:062104065405-06603295056,omid:br/062104065405,omid:br/06603295056
oci:061804062282-06180897554,omid:br/061804062282,omid:br/06180897554
oci:061804062282-0610612766,omid:br/061804062282,omid:br/0610612766
oci:062104065162-061804061995,omid:br/062104065162,omid:br/061804061995
oci:062104065235-061202868387,omid:br/062104065235,omid:br/061202868387
oci:061804062042-061503589668,omid:br/061804062042,omid:br/061503589668
oci:062104065362-061101201764,omid:br/062104065362,omid:br/061101201764
oci:062104065362-0652034792,omid:br/062104065362,omid:br/0652034792
oci:062104065362-061103775987,omid:br/062104065362,omid:br/061103775987
oci:061804062230-0680216331,omid:br/061804062230,omid:br/0680216331
oci:061804062230-061703988604,omid:br/061804062230,omid:br/061703988604
oci:061804062230-062104065435,omid:br/061804062230,omid:br/062104065435
oci:061804062230-061904070258,omid:br/061804062230,omid:br/061904070258
oci:061603978976-061202868461,omid:br/061603978976,omid:br/061202868461
oci:061904070168-0636045128,omid:br/061904070168,omid:br/0636045128
oci:061904070168-06210635704,omid:br/061904070168,omid:br/06210635704
oci:061904070168-0644016191,omid:br/061904070168,omid:br/0644016191
oci:061904070168-06310274612,omid:br/061904070168,omid:br/06310274612
oci:062104065250-061901178207,omid:br/062104065250,omid:br/061901178207
oci:062104065250-061703946052,omid:br/062104065250,omid:br/061703946052
oci:062104065250-06802854647,omid:br/062104065250,omid:br/06802854647
oci:062104065250-06802854542,omid:br/062104065250,omid:br/06802854542
oci:062104065250-061804062036,omid:br/062104065250,omid:br/061804062036
oci:062104065236-062304072986,omid:br/062104065236,omid:br/062304072986
oci:062104065236-06803993670,omid:br/062104065236,omid:br/06803993670
oci:062104065236-06190594670,omid:br/062104065236,omid:br/06190594670
oci:062104065236-06190594839,omid:br/062104065236,omid:br/06190594839
oci:062104065236-062304072449,omid:br/062104065236,omid:br/062304072449
oci:062104065236-062303577805,omid:br/062104065236,omid:br/062303577805
oci:062104065431-06160915105,omid:br/062104065431,omid:br/06160915105
oci:062104065431-061703604245,omid:br/062104065431,omid:br/061703604245
oci:062104065431-06160915262,omid:br/062104065431,omid:br/06160915262
oci:062104065431-061703512074,omid:br/062104065431,omid:br/061703512074
oci:062104065431-062601188695,omid:br/062104065431,omid:br/062601188695
oci:062104065431-061303631078,omid:br/062104065431,omid:br/061303631078
oci:062104065431-0630136846,omid:br/062104065431,omid:br/0630136846
oci:062104065431-061203658854,omid:br/062104065431,omid:br/061203658854
oci:062104065431-0630488268,omid:br/062104065431,omid:br/0630488268
oci:062104065431-0630488072,omid:br/062104065431,omid:br/0630488072
oci:062104065431-0630488895,omid:br/062104065431,omid:br/0630488895
oci:062104065431-0630488901,omid:br/062104065431,omid:br/0630488901
oci:061804062258-061804061821,omid:br/061804062258,omid:br/061804061821
oci:061804062258-061904070277,omid:br/061804062258,omid:br/061904070277
oci:061804062258-061904070018,omid:br/061804062258,omid:br/061904070018
oci:061804062258-061904070274,omid:br/061804062258,omid:br/061904070274
oci:061804062258-0630611475,omid:br/061804062258,omid:br/0630611475
oci:061804062258-06170602633,omid:br/061804062258,omid:br/06170602633
oci:062104065249-062204066499,omid:br/062104065249,omid:br/062204066499
oci:061804062234-061702698506,omid:br/061804062234,omid:br/061702698506
oci:061804062234-06240592400,omid:br/061804062234,omid:br/06240592400
oci:061804062251-061603939301,omid:br/061804062251,omid:br/061603939301
oci:061804062251-061603939229,omid:br/061804062251,omid:br/061603939229
oci:061804062251-061603939216,omid:br/061804062251,omid:br/061603939216
oci:061904070123-06120534275,omid:br/061904070123,omid:br/06120534275
oci:061904070123-061202868564,omid:br/061904070123,omid:br/061202868564
oci:061904070123-0644016279,omid:br/061904070123,omid:br/0644016279
oci:062104065243-062402045762,omid:br/062104065243,omid:br/062402045762
oci:062104065243-06502352295,omid:br/062104065243,omid:br/06502352295
oci:062104065243-06402358211,omid:br/062104065243,omid:br/06402358211
oci:062104065243-061502111703,omid:br/062104065243,omid:br/061502111703
oci:062104065243-0690839245,omid:br/062104065243,omid:br/0690839245
oci:062104065243-061502111723,omid:br/062104065243,omid:br/061502111723
oci:062104065243-06402358100,omid:br/062104065243,omid:br/06402358100
oci:062104065243-061502111750,omid:br/062104065243,omid:br/061502111750
oci:061804062243-06110545725,omid:br/061804062243,omid:br/06110545725
oci:061804062243-0620540667,omid:br/061804062243,omid:br/0620540667
oci:061804062243-06240154517,omid:br/061804062243,omid:br/06240154517
oci:061804062243-06230460033,omid:br/061804062243,omid:br/06230460033
oci:061804062243-06402635584,omid:br/061804062243,omid:br/06402635584
oci:061804062243-06502632680,omid:br/061804062243,omid:br/06502632680
oci:061804062243-06502632746,omid:br/061804062243,omid:br/06502632746
oci:061804062243-061603978968,omid:br/061804062243,omid:br/061603978968
oci:061804062278-0680216447,omid:br/061804062278,omid:br/0680216447
oci:061804062278-06502632351,omid:br/061804062278,omid:br/06502632351
oci:061804062278-06302628851,omid:br/061804062278,omid:br/06302628851
oci:061904070115-06902208344,omid:br/061904070115,omid:br/06902208344
oci:061904070115-06120534343,omid:br/061904070115,omid:br/06120534343
oci:061804062280-0650212316,omid:br/061804062280,omid:br/0650212316
oci:061804062280-062204066928,omid:br/061804062280,omid:br/062204066928
oci:061804062280-061603979120,omid:br/061804062280,omid:br/061603979120
oci:061804062280-061703988594,omid:br/061804062280,omid:br/061703988594
oci:061804062280-061804062048,omid:br/061804062280,omid:br/061804062048
oci:061804062280-061202868472,omid:br/061804062280,omid:br/061202868472
oci:061804062280-061804062178,omid:br/061804062280,omid:br/061804062178
oci:062104065178-062204066499,omid:br/062104065178,omid:br/062204066499
oci:062104065188-06204567181,omid:br/062104065188,omid:br/06204567181
oci:061904070185-0630541039,omid:br/061904070185,omid:br/0630541039
oci:061904070185-061801168752,omid:br/061904070185,omid:br/061801168752
oci:061904070185-06130535880,omid:br/061904070185,omid:br/06130535880
oci:061904070185-06120534275,omid:br/061904070185,omid:br/06120534275
oci:061904070185-0644016218,omid:br/061904070185,omid:br/0644016218
oci:061904070185-0644016215,omid:br/061904070185,omid:br/0644016215
oci:061904070185-061904070499,omid:br/061904070185,omid:br/061904070499
oci:061904070185-061703988597,omid:br/061904070185,omid:br/061703988597
oci:061904070185-061202868564,omid:br/061904070185,omid:br/061202868564
oci:061904070185-0644016219,omid:br/061904070185,omid:br/0644016219
oci:062104065157-061701281903,omid:br/062104065157,omid:br/061701281903
oci:062104065157-06170939963,omid:br/062104065157,omid:br/06170939963
oci:062104065157-061703069440,omid:br/062104065157,omid:br/061703069440
oci:061804062262-0604286003,omid:br/061804062262,omid:br/0604286003
oci:061804062247-061202868620,omid:br/061804062247,omid:br/061202868620
oci:061804062293-062303571421,omid:br/061804062293,omid:br/062303571421
oci:061804062293-06250151747,omid:br/061804062293,omid:br/06250151747
oci:061804062293-061503977739,omid:br/061804062293,omid:br/061503977739
oci:061804062293-061202868465,omid:br/061804062293,omid:br/061202868465
oci:061804062238-06230161367,omid:br/061804062238,omid:br/06230161367
oci:061804062238-06150152071,omid:br/061804062238,omid:br/06150152071
oci:061804062238-0630210311,omid:br/061804062238,omid:br/0630210311
oci:061804062238-061202868568,omid:br/061804062238,omid:br/061202868568
oci:061804062238-061603979004,omid:br/061804062238,omid:br/061603979004
oci:061804062238-062104065378,omid:br/061804062238,omid:br/062104065378
oci:061904070138-06220746691,omid:br/061904070138,omid:br/06220746691
oci:061904070138-0604083459,omid:br/061904070138,omid:br/0604083459
oci:061904070138-062302777842,omid:br/061904070138,omid:br/062302777842
oci:061904070138-0604083460,omid:br/061904070138,omid:br/0604083460
oci:061904070138-0604083461,omid:br/061904070138,omid:br/0604083461
oci:061904070138-06220746658,omid:br/061904070138,omid:br/06220746658
oci:061804062265-061103776001,omid:br/061804062265,omid:br/061103776001
oci:061804062265-06210541644,omid:br/061804062265,omid:br/06210541644
oci:061804062265-062303497082,omid:br/061804062265,omid:br/062303497082
oci:061804062265-061603978963,omid:br/061804062265,omid:br/061603978963
oci:061804062292-061703945482,omid:br/061804062292,omid:br/061703945482
oci:061804062292-061603939280,omid:br/061804062292,omid:br/061603939280
oci:061804062292-061603939236,omid:br/061804062292,omid:br/061603939236
oci:061804062292-0680217173,omid:br/061804062292,omid:br/0680217173
oci:061804062292-061603939254,omid:br/061804062292,omid:br/061603939254
oci:061804062292-061603939269,omid:br/061804062292,omid:br/061603939269
oci:061804062292-06904189129,omid:br/061804062292,omid:br/06904189129
oci:061804062292-06150692584,omid:br/061804062292,omid:br/06150692584
oci:061804062292-0680216460,omid:br/061804062292,omid:br/0680216460
oci:061804062292-062402646291,omid:br/061804062292,omid:br/062402646291
oci:061804062292-061703988259,omid:br/061804062292,omid:br/061703988259
oci:061804062292-061804061860,omid:br/061804062292,omid:br/061804061860
oci:061804062292-061703988854,omid:br/061804062292,omid:br/061703988854
oci:061804062292-061804062111,omid:br/061804062292,omid:br/061804062111
oci:061804062292-061804062127,omid:br/061804062292,omid:br/061804062127
oci:061804062292-061804062117,omid:br/061804062292,omid:br/061804062117
oci:061804062292-061202868383,omid:br/061804062292,omid:br/061202868383
oci:061804062292-061202868220,omid:br/061804062292,omid:br/061202868220
oci:061804062292-062304073049,omid:br/061804062292,omid:br/062304073049
oci:061804062292-061703988869,omid:br/061804062292,omid:br/061703988869
oci:061804062292-061703988678,omid:br/061804062292,omid:br/061703988678
oci:061804062292-061804062457,omid:br/061804062292,omid:br/061804062457
oci:061804062292-061202868594,omid:br/061804062292,omid:br/061202868594
oci:061804062292-0604286045,omid:br/061804062292,omid:br/0604286045
oci:061804062292-061503977781,omid:br/061804062292,omid:br/061503977781
oci:061804062292-061804062068,omid:br/061804062292,omid:br/061804062068
oci:061804062292-0604831838,omid:br/061804062292,omid:br/0604831838
oci:061804062292-061603978995,omid:br/061804062292,omid:br/061603978995
oci:061804062292-061703988495,omid:br/061804062292,omid:br/061703988495
oci:061804062292-061804062382,omid:br/061804062292,omid:br/061804062382
oci:061804062292-061703988632,omid:br/061804062292,omid:br/061703988632
oci:061804062292-061603979003,omid:br/061804062292,omid:br/061603979003
oci:061804062281-0604831839,omid:br/061804062281,omid:br/0604831839
oci:061703988609-061603978961,omid:br/061703988609,omid:br/061603978961
oci:061703988609-062304072462,omid:br/061703988609,omid:br/062304072462
oci:062104065170-0610697695,omid:br/062104065170,omid:br/0610697695
oci:062104065170-061804062138,omid:br/062104065170,omid:br/061804062138
oci:062104065170-061904070597,omid:br/062104065170,omid:br/061904070597
oci:061703988604-0640495188,omid:br/061703988604,omid:br/0640495188
oci:061703988604-0604286045,omid:br/061703988604,omid:br/0604286045
oci:061703988604-061904070395,omid:br/061703988604,omid:br/061904070395
oci:061703988604-061804061885,omid:br/061703988604,omid:br/061804061885
oci:061703988632-061804062457,omid:br/061703988632,omid:br/061804062457
oci:061703988632-061202868383,omid:br/061703988632,omid:br/061202868383
oci:061703988632-061603979003,omid:br/061703988632,omid:br/061603979003
oci:061703988605-062204066802,omid:br/061703988605,omid:br/062204066802
oci:061703988605-062204066855,omid:br/061703988605,omid:br/062204066855
oci:061703988605-0604831828,omid:br/061703988605,omid:br/0604831828
oci:062104065213-061703945482,omid:br/062104065213,omid:br/061703945482
oci:062104065213-06120427715,omid:br/062104065213,omid:br/06120427715
oci:062104065213-061703988648,omid:br/062104065213,omid:br/061703988648
oci:062104065213-061804062127,omid:br/062104065213,omid:br/061804062127
oci:062104065213-061503977597,omid:br/062104065213,omid:br/061503977597
oci:062104065213-061804062031,omid:br/062104065213,omid:br/061804062031
oci:061904070128-062101089264,omid:br/061904070128,omid:br/062101089264
oci:061904070128-062101089242,omid:br/061904070128,omid:br/062101089242
oci:061904070128-062101089285,omid:br/061904070128,omid:br/062101089285
oci:061904070128-0638030043,omid:br/061904070128,omid:br/0638030043
oci:061904070128-061603978795,omid:br/061904070128,omid:br/061603978795
oci:061703988599-0630611737,omid:br/061703988599,omid:br/0630611737
oci:061703988599-0630407853,omid:br/061703988599,omid:br/0630407853
oci:061703988599-06160605567,omid:br/061703988599,omid:br/06160605567
oci:061703988592-06901090228,omid:br/061703988592,omid:br/06901090228
oci:062104065160-061703946089,omid:br/062104065160,omid:br/061703946089
oci:062104065245-06250897001,omid:br/062104065245,omid:br/06250897001
oci:062104065245-06220450110,omid:br/062104065245,omid:br/06220450110
oci:062104065245-061503977459,omid:br/062104065245,omid:br/061503977459
oci:062104065245-061202868541,omid:br/062104065245,omid:br/061202868541
oci:062104065174-061503977146,omid:br/062104065174,omid:br/061503977146
oci:062104065174-061503589668,omid:br/062104065174,omid:br/061503589668
oci:062104065233-06802854403,omid:br/062104065233,omid:br/06802854403
oci:062104065196-06150605933,omid:br/062104065196,omid:br/06150605933
oci:062104065196-06110607184,omid:br/062104065196,omid:br/06110607184
oci:062104065187-061804062068,omid:br/062104065187,omid:br/061804062068
oci:062104065187-062104065435,omid:br/062104065187,omid:br/062104065435
oci:062104065187-061202868594,omid:br/062104065187,omid:br/061202868594
oci:062104065187-061703988604,omid:br/062104065187,omid:br/061703988604
oci:061703988662-06140533110,omid:br/061703988662,omid:br/06140533110
oci:061703988662-06250539079,omid:br/061703988662,omid:br/06250539079
oci:061703988662-0604831829,omid:br/061703988662,omid:br/0604831829
oci:061703988662-062204066828,omid:br/061703988662,omid:br/062204066828
oci:061703988662-0604285975,omid:br/061703988662,omid:br/0604285975
oci:061703988662-061202868488,omid:br/061703988662,omid:br/061202868488
oci:061703988662-061503977771,omid:br/061703988662,omid:br/061503977771
oci:061703988662-061603978927,omid:br/061703988662,omid:br/061603978927
oci:061703988662-061503977731,omid:br/061703988662,omid:br/061503977731
oci:061703988662-061603978665,omid:br/061703988662,omid:br/061603978665
oci:061703988662-061503977738,omid:br/061703988662,omid:br/061503977738
oci:061904070141-0610354550,omid:br/061904070141,omid:br/0610354550
oci:061904070141-06140533390,omid:br/061904070141,omid:br/06140533390
oci:061904070141-0630353712,omid:br/061904070141,omid:br/0630353712
oci:061904070141-06210353294,omid:br/061904070141,omid:br/06210353294
oci:061904070141-06180488847,omid:br/061904070141,omid:br/06180488847
oci:062104065221-0650607396,omid:br/062104065221,omid:br/0650607396
oci:062104065221-0610613288,omid:br/062104065221,omid:br/0610613288
oci:061904070199-06220850276,omid:br/061904070199,omid:br/06220850276
oci:061904070199-06301799123,omid:br/061904070199,omid:br/06301799123
oci:062104065189-06204229994,omid:br/062104065189,omid:br/06204229994
oci:062104065189-062403758415,omid:br/062104065189,omid:br/062403758415
oci:062104065189-0630138129,omid:br/062104065189,omid:br/0630138129
oci:062104065189-06150541158,omid:br/062104065189,omid:br/06150541158
oci:062104065189-06130535904,omid:br/062104065189,omid:br/06130535904
oci:061904070186-06250482209,omid:br/061904070186,omid:br/06250482209
oci:062104065207-061603939239,omid:br/062104065207,omid:br/061603939239
oci:062104065207-06904189126,omid:br/062104065207,omid:br/06904189126
oci:062104065207-061804062185,omid:br/062104065207,omid:br/061804062185
oci:062104065207-062304072801,omid:br/062104065207,omid:br/062304072801
oci:061904070169-0680546305,omid:br/061904070169,omid:br/0680546305
oci:061904070169-0670539255,omid:br/061904070169,omid:br/0670539255
oci:061904070169-0680546512,omid:br/061904070169,omid:br/0680546512
oci:061904070169-0680546390,omid:br/061904070169,omid:br/0680546390
oci:061904070169-0604081754,omid:br/061904070169,omid:br/0604081754
oci:062104065191-061703988775,omid:br/062104065191,omid:br/061703988775
oci:061904070172-062502849037,omid:br/061904070172,omid:br/062502849037
oci:061904070172-0660357788,omid:br/061904070172,omid:br/0660357788
oci:061904070172-062603598571,omid:br/061904070172,omid:br/062603598571
oci:061904070172-061804062186,omid:br/061904070172,omid:br/061804062186
oci:062104065206-061601318406,omid:br/062104065206,omid:br/061601318406
oci:062104065206-062304179210,omid:br/062104065206,omid:br/062304179210
oci:062104065206-061603979014,omid:br/062104065206,omid:br/061603979014
oci:062104065240-06130535321,omid:br/062104065240,omid:br/06130535321
oci:061703988648-06230160766,omid:br/061703988648,omid:br/06230160766
oci:061703988648-06210155471,omid:br/061703988648,omid:br/06210155471
oci:061703988648-061603939403,omid:br/061703988648,omid:br/061603939403
oci:061703988648-061703988203,omid:br/061703988648,omid:br/061703988203
oci:061703988648-0604286004,omid:br/061703988648,omid:br/0604286004
oci:061703988648-061804062475,omid:br/061703988648,omid:br/061804062475
oci:061703988648-062604186538,omid:br/061703988648,omid:br/062604186538
oci:061703988648-061804062170,omid:br/061703988648,omid:br/061804062170
oci:061703988648-061603979053,omid:br/061703988648,omid:br/061603979053
oci:061703988648-061603978933,omid:br/061703988648,omid:br/061603978933
oci:061703988648-062204067096,omid:br/061703988648,omid:br/062204067096
oci:061703988648-061804061832,omid:br/061703988648,omid:br/061804061832
oci:061703988648-061503977176,omid:br/061703988648,omid:br/061503977176
oci:062104065165-061904070578,omid:br/062104065165,omid:br/061904070578
oci:062104065229-061703946015,omid:br/062104065229,omid:br/061703946015
oci:061703988603-06603484732,omid:br/061703988603,omid:br/06603484732
oci:061703988603-0660609374,omid:br/061703988603,omid:br/0660609374
oci:061703988603-06603484928,omid:br/061703988603,omid:br/06603484928
oci:061703988603-06603485013,omid:br/061703988603,omid:br/06603485013
oci:061703988603-0620605476,omid:br/061703988603,omid:br/0620605476
oci:061703988587-06110545725,omid:br/061703988587,omid:br/06110545725
oci:061804062093-061202868348,omid:br/061804062093,omid:br/061202868348
oci:061804062302-06502340886,omid:br/061804062302,omid:br/06502340886
oci:061804062233-061603939097,omid:br/061804062233,omid:br/061603939097
oci:061804062233-062104065403,omid:br/061804062233,omid:br/062104065403
oci:061804062208-0630210425,omid:br/061804062208,omid:br/0630210425
oci:061804062208-0630210258,omid:br/061804062208,omid:br/0630210258
oci:061804062208-061202868407,omid:br/061804062208,omid:br/061202868407
oci:061804062208-061804062077,omid:br/061804062208,omid:br/061804062077
oci:062104065175-061103776473,omid:br/062104065175,omid:br/061103776473
oci:062104065175-061103776211,omid:br/062104065175,omid:br/061103776211
oci:062104065175-0620622350,omid:br/062104065175,omid:br/0620622350
oci:062104065175-06260637418,omid:br/062104065175,omid:br/06260637418
oci:062104065175-06250616149,omid:br/062104065175,omid:br/06250616149
oci:062104065175-061103776395,omid:br/062104065175,omid:br/061103776395
oci:062104065175-061603978963,omid:br/062104065175,omid:br/061603978963
oci:062303564257-06250539079,omid:br/062303564257,omid:br/06250539079
oci:062303564257-0644016305,omid:br/062303564257,omid:br/0644016305
oci:061804062034-06240921195,omid:br/061804062034,omid:br/06240921195
oci:061804062034-061703988594,omid:br/061804062034,omid:br/061703988594
oci:061804062067-061904070428,omid:br/061804062067,omid:br/061904070428
oci:061804062229-06360302345,omid:br/061804062229,omid:br/06360302345
oci:061804062229-06160488673,omid:br/061804062229,omid:br/06160488673
oci:061804062229-06140104338,omid:br/061804062229,omid:br/06140104338
oci:061804062229-06160488598,omid:br/061804062229,omid:br/06160488598
oci:061804062229-062303514714,omid:br/061804062229,omid:br/062303514714
oci:061804062229-06220746615,omid:br/061804062229,omid:br/06220746615
oci:061804062229-0633048570,omid:br/061804062229,omid:br/0633048570
oci:061804062229-06210354818,omid:br/061804062229,omid:br/06210354818
oci:061804062229-0637050422,omid:br/061804062229,omid:br/0637050422
oci:061804062229-0633048652,omid:br/061804062229,omid:br/0633048652
oci:061804062229-06150488017,omid:br/061804062229,omid:br/06150488017
oci:061804062229-062303514822,omid:br/061804062229,omid:br/062303514822
oci:061804062229-061103726834,omid:br/061804062229,omid:br/061103726834
oci:061804062229-061103727002,omid:br/061804062229,omid:br/061103727002
oci:061804062229-06110850946,omid:br/061804062229,omid:br/06110850946
oci:061804062229-06304059626,omid:br/061804062229,omid:br/06304059626
oci:061804062229-061103727053,omid:br/061804062229,omid:br/061103727053
oci:061804062229-062603648694,omid:br/061804062229,omid:br/062603648694
oci:061804062229-06150352872,omid:br/061804062229,omid:br/06150352872
oci:061804062229-06160915033,omid:br/061804062229,omid:br/06160915033
oci:061804062229-06503524470,omid:br/061804062229,omid:br/06503524470
oci:061804062229-061103727167,omid:br/061804062229,omid:br/061103727167
oci:061804062229-062601188173,omid:br/061804062229,omid:br/062601188173
oci:061804062229-0635047647,omid:br/061804062229,omid:br/0635047647
oci:061804062229-06180355365,omid:br/061804062229,omid:br/06180355365
oci:061804062229-0630488512,omid:br/061804062229,omid:br/0630488512
oci:061804062229-0630853149,omid:br/061804062229,omid:br/0630853149
oci:061804062229-061703511986,omid:br/061804062229,omid:br/061703511986
oci:061804062229-062203052984,omid:br/061804062229,omid:br/062203052984
oci:061804062229-062104065431,omid:br/061804062229,omid:br/062104065431
oci:061804062277-061603939375,omid:br/061804062277,omid:br/061603939375
oci:061804062277-061804061983,omid:br/061804062277,omid:br/061804061983
oci:061804062268-0644016259,omid:br/061804062268,omid:br/0644016259
oci:061804062268-0644016322,omid:br/061804062268,omid:br/0644016322
oci:061804062253-06802562686,omid:br/061804062253,omid:br/06802562686
oci:061804062253-062203320582,omid:br/061804062253,omid:br/062203320582
oci:061804062253-062103312203,omid:br/061804062253,omid:br/062103312203
oci:061804062272-062104065426,omid:br/061804062272,omid:br/062104065426
oci:061804062288-0680202930,omid:br/061804062288,omid:br/0680202930
oci:061804062288-06702545140,omid:br/061804062288,omid:br/06702545140
oci:061804062288-061903336398,omid:br/061804062288,omid:br/061903336398
oci:061804062227-062204066499,omid:br/061804062227,omid:br/062204066499
oci:062204066566-061603978963,omid:br/062204066566,omid:br/061603978963
oci:062204066566-062104065175,omid:br/062204066566,omid:br/062104065175
oci:062604186364-0620540842,omid:br/062604186364,omid:br/0620540842
oci:062604186364-0620540444,omid:br/062604186364,omid:br/0620540444
oci:062604186364-06130597223,omid:br/062604186364,omid:br/06130597223
oci:062604186364-062104065811,omid:br/062604186364,omid:br/062104065811
oci:062604186359-062104065831,omid:br/062604186359,omid:br/062104065831
oci:062604186275-0650283830,omid:br/062604186275,omid:br/0650283830
oci:062604186275-0660288546,omid:br/062604186275,omid:br/0660288546
oci:062604186275-06170279900,omid:br/062604186275,omid:br/06170279900
oci:062604186275-0670352977,omid:br/062604186275,omid:br/0670352977
oci:062604186275-06110545734,omid:br/062604186275,omid:br/06110545734
oci:062604186275-06130535736,omid:br/062604186275,omid:br/06130535736
oci:062604186275-06270184588,omid:br/062604186275,omid:br/06270184588
oci:062604186320-0660409334,omid:br/062604186320,omid:br/0660409334
oci:062604186320-06260620238,omid:br/062604186320,omid:br/06260620238
oci:062604186320-06120534312,omid:br/062604186320,omid:br/06120534312
oci:062604186320-0640544682,omid:br/062604186320,omid:br/0640544682
oci:062604186320-06130596578,omid:br/062604186320,omid:br/06130596578
oci:062604186320-061603978950,omid:br/062604186320,omid:br/061603978950
oci:062304072474-0680216281,omid:br/062304072474,omid:br/0680216281
oci:062604186330-0620540867,omid:br/062604186330,omid:br/0620540867
oci:062604186330-061303964841,omid:br/062604186330,omid:br/061303964841
oci:062604186330-06210454792,omid:br/062604186330,omid:br/06210454792
oci:062604186330-06110544019,omid:br/062604186330,omid:br/06110544019
oci:062604186330-061203766794,omid:br/062604186330,omid:br/061203766794
oci:062604186330-062304072370,omid:br/062604186330,omid:br/062304072370
oci:062604186330-0643018189,omid:br/062604186330,omid:br/0643018189
oci:062604186330-0643018216,omid:br/062604186330,omid:br/0643018216
oci:061804061780-062403062325,omid:br/061804061780,omid:br/062403062325
oci:061804061780-06220449455,omid:br/061804061780,omid:br/06220449455
oci:061804061780-062104065832,omid:br/061804061780,omid:br/062104065832
oci:061804061780-062101732061,omid:br/061804061780,omid:br/062101732061
oci:061804061780-062201729689,omid:br/061804061780,omid:br/062201729689
oci:061804061780-061202868684,omid:br/061804061780,omid:br/061202868684
oci:061804061780-062201730009,omid:br/061804061780,omid:br/062201730009
oci:061804061780-062101732064,omid:br/061804061780,omid:br/062101732064
oci:061703988416-06210540868,omid:br/061703988416,omid:br/06210540868
oci:061703988416-061904070201,omid:br/061703988416,omid:br/061904070201
oci:061703988416-0644016212,omid:br/061703988416,omid:br/0644016212
oci:062304072488-06504581901,omid:br/062304072488,omid:br/06504581901
oci:062304072488-0640494839,omid:br/062304072488,omid:br/0640494839
oci:062304072488-06240724356,omid:br/062304072488,omid:br/06240724356
oci:062304072488-06480315770,omid:br/062304072488,omid:br/06480315770
oci:062304072488-06110543336,omid:br/062304072488,omid:br/06110543336
oci:062304072488-06110545679,omid:br/062304072488,omid:br/06110545679
oci:062304072488-061202868384,omid:br/062304072488,omid:br/061202868384
oci:0604370738-0604252546,omid:br/0604370738,omid:br/0604252546
oci:0604370738-0604370681,omid:br/0604370738,omid:br/0604370681
oci:0604370694-0644016051,omid:br/0604370694,omid:br/0644016051
oci:0604370723-061703945383,omid:br/0604370723,omid:br/061703945383
oci:0604370723-062204066222,omid:br/0604370723,omid:br/062204066222
oci:061804061709-061603978772,omid:br/061804061709,omid:br/061603978772
oci:062104065799-061202868178,omid:br/062104065799,omid:br/061202868178
oci:062104065799-0690613302,omid:br/062104065799,omid:br/0690613302
oci:062204066605-062204066758,omid:br/062204066605,omid:br/062204066758
oci:062204066605-06902464804,omid:br/062204066605,omid:br/06902464804
oci:0604370743-061202868429,omid:br/0604370743,omid:br/061202868429
oci:0604370743-0644016207,omid:br/0604370743,omid:br/0644016207
oci:062604186303-062104065764,omid:br/062604186303,omid:br/062104065764
oci:062604186303-06201488451,omid:br/062604186303,omid:br/06201488451
oci:062304072503-061603939269,omid:br/062304072503,omid:br/061603939269
oci:062304072503-0604831849,omid:br/062304072503,omid:br/0604831849
oci:061804061739-0610497032,omid:br/061804061739,omid:br/0610497032
oci:061804061739-061903336447,omid:br/061804061739,omid:br/061903336447
oci:061804061739-061502111636,omid:br/061804061739,omid:br/061502111636
oci:061804061739-061404029644,omid:br/061804061739,omid:br/061404029644
oci:061804061739-0643018053,omid:br/061804061739,omid:br/0643018053
oci:061804061739-06260448285,omid:br/061804061739,omid:br/06260448285
oci:061804061739-061503977908,omid:br/061804061739,omid:br/061503977908
oci:061804061739-0604252610,omid:br/061804061739,omid:br/0604252610
oci:061804061739-061703988486,omid:br/061804061739,omid:br/061703988486
oci:061804061739-0644016288,omid:br/061804061739,omid:br/0644016288
oci:061804061739-061804061787,omid:br/061804061739,omid:br/061804061787
oci:062304072535-06250539079,omid:br/062304072535,omid:br/06250539079
oci:062304072535-061703988662,omid:br/062304072535,omid:br/061703988662
oci:061804061787-06260448971,omid:br/061804061787,omid:br/06260448971
oci:061804061787-061502111636,omid:br/061804061787,omid:br/061502111636
oci:061804061787-0670336676,omid:br/061804061787,omid:br/0670336676
oci:061804061787-062304072113,omid:br/061804061787,omid:br/062304072113
oci:062104065783-0644015983,omid:br/062104065783,omid:br/0644015983
oci:062304072529-06703456403,omid:br/062304072529,omid:br/06703456403
oci:062304072529-06602824947,omid:br/062304072529,omid:br/06602824947
oci:062304072529-06170757608,omid:br/062304072529,omid:br/06170757608
oci:062304072529-06501058446,omid:br/062304072529,omid:br/06501058446
oci:061804061763-061901739729,omid:br/061804061763,omid:br/061901739729
oci:061804061763-06401422685,omid:br/061804061763,omid:br/06401422685
oci:061804061763-06220449455,omid:br/061804061763,omid:br/06220449455
oci:061804061723-061303964841,omid:br/061804061723,omid:br/061303964841
oci:061804061723-06180691246,omid:br/061804061723,omid:br/06180691246
oci:061804061723-062103312223,omid:br/061804061723,omid:br/062103312223
oci:061804061723-061601317782,omid:br/061804061723,omid:br/061601317782
oci:061804061723-06140685571,omid:br/061804061723,omid:br/06140685571
oci:061804061723-062103312220,omid:br/061804061723,omid:br/062103312220
oci:061804061775-062302134358,omid:br/061804061775,omid:br/062302134358
oci:062104065810-061801674908,omid:br/062104065810,omid:br/061801674908
oci:062104065810-06160753523,omid:br/062104065810,omid:br/06160753523
oci:062104065810-06160753519,omid:br/062104065810,omid:br/06160753519
oci:062104065810-062304072850,omid:br/062104065810,omid:br/062304072850
oci:062104065810-0644016292,omid:br/062104065810,omid:br/0644016292
oci:062104065810-0644016119,omid:br/062104065810,omid:br/0644016119
oci:062104065810-0640606632,omid:br/062104065810,omid:br/0640606632
oci:061703988404-062104065753,omid:br/061703988404,omid:br/062104065753
oci:062604186293-061601317910,omid:br/062604186293,omid:br/061601317910
oci:062604186293-062401300649,omid:br/062604186293,omid:br/062401300649
oci:062604186293-061804062255,omid:br/062604186293,omid:br/061804062255
oci:062604186293-061904070269,omid:br/062604186293,omid:br/061904070269
oci:062604186293-0643018110,omid:br/062604186293,omid:br/0643018110
oci:0604370747-0604252544,omid:br/0604370747,omid:br/0604252544
oci:062604186334-061703946015,omid:br/062604186334,omid:br/061703946015
oci:062604186334-061603938886,omid:br/062604186334,omid:br/061603938886
oci:062604186334-061703945219,omid:br/062604186334,omid:br/061703945219
oci:062604186334-062104065229,omid:br/062604186334,omid:br/062104065229
oci:062104065752-06160351161,omid:br/062104065752,omid:br/06160351161
oci:061703988411-062104065764,omid:br/061703988411,omid:br/062104065764
oci:062604186271-061703946015,omid:br/062604186271,omid:br/061703946015
oci:062604186271-061603462650,omid:br/062604186271,omid:br/061603462650
oci:062604186271-062104065229,omid:br/062604186271,omid:br/062104065229
oci:061703988428-06250539079,omid:br/061703988428,omid:br/06250539079
oci:061703988428-06150605606,omid:br/061703988428,omid:br/06150605606
oci:061703988428-06240592570,omid:br/061703988428,omid:br/06240592570
oci:061703988449-06101521031,omid:br/061703988449,omid:br/06101521031
oci:061703988449-0604831852,omid:br/061703988449,omid:br/0604831852
oci:062104065851-06260448636,omid:br/062104065851,omid:br/06260448636
oci:061804061744-06404005715,omid:br/061804061744,omid:br/06404005715
oci:061703988474-0645022760,omid:br/061703988474,omid:br/0645022760
oci:061804061743-061202868541,omid:br/061804061743,omid:br/061202868541
oci:061804061743-061303964841,omid:br/061804061743,omid:br/061303964841
oci:061804061778-0630407823,omid:br/061804061778,omid:br/0630407823
oci:061804061778-061804062373,omid:br/061804061778,omid:br/061804062373
oci:061804061778-06180602549,omid:br/061804061778,omid:br/06180602549
oci:061804061778-06140597542,omid:br/061804061778,omid:br/06140597542
oci:061804061778-06180602598,omid:br/061804061778,omid:br/06180602598
oci:061804061778-0640608347,omid:br/061804061778,omid:br/0640608347
oci:061804061778-06130596190,omid:br/061804061778,omid:br/06130596190
oci:061804061778-06403490665,omid:br/061804061778,omid:br/06403490665
oci:061804061778-0630407870,omid:br/061804061778,omid:br/0630407870
oci:061703988402-061904070140,omid:br/061703988402,omid:br/061904070140
oci:061703988402-062104065173,omid:br/061703988402,omid:br/062104065173
oci:061703988402-061904070419,omid:br/061703988402,omid:br/061904070419
oci:061703988402-061904070333,omid:br/061703988402,omid:br/061904070333
oci:062604186331-06401508889,omid:br/062604186331,omid:br/06401508889
oci:062604186335-06250231765,omid:br/062604186335,omid:br/06250231765
oci:062604186335-0604252533,omid:br/062604186335,omid:br/0604252533
oci:062604186335-062204066263,omid:br/062604186335,omid:br/062204066263
oci:0604370683-06210541679,omid:br/0604370683,omid:br/06210541679
oci:0604370683-062103312033,omid:br/0604370683,omid:br/062103312033
oci:061703988429-062104065800,omid:br/061703988429,omid:br/062104065800
oci:061703988429-062304072558,omid:br/061703988429,omid:br/062304072558
oci:061703988429-062304072502,omid:br/061703988429,omid:br/062304072502
oci:0604370754-062201205794,omid:br/0604370754,omid:br/062201205794
oci:0604370754-06260448901,omid:br/0604370754,omid:br/06260448901
oci:0604370754-062403062325,omid:br/0604370754,omid:br/062403062325
oci:0604370754-06401422576,omid:br/0604370754,omid:br/06401422576
oci:0604370754-062503055978,omid:br/0604370754,omid:br/062503055978
oci:0604370754-06260448796,omid:br/0604370754,omid:br/06260448796
oci:0604370754-06260448799,omid:br/0604370754,omid:br/06260448799
oci:0604370754-061202868350,omid:br/0604370754,omid:br/061202868350
oci:0604370734-06230459932,omid:br/0604370734,omid:br/06230459932
oci:0604370734-062101731911,omid:br/0604370734,omid:br/062101731911
oci:0604370734-062103312032,omid:br/0604370734,omid:br/062103312032
oci:0604370734-062203320582,omid:br/0604370734,omid:br/062203320582
oci:0604370734-062101731709,omid:br/0604370734,omid:br/062101731709
oci:0604370734-061403323701,omid:br/0604370734,omid:br/061403323701
oci:0604370734-062101731893,omid:br/0604370734,omid:br/062101731893
oci:0604370734-0643018041,omid:br/0604370734,omid:br/0643018041
oci:0604370734-062201729890,omid:br/0604370734,omid:br/062201729890
oci:0604370734-062201730186,omid:br/0604370734,omid:br/062201730186
oci:0604370734-062201729733,omid:br/0604370734,omid:br/062201729733
oci:0604370768-062503055946,omid:br/0604370768,omid:br/062503055946
oci:062104065802-061603939043,omid:br/062104065802,omid:br/061603939043
oci:062104065802-061703946016,omid:br/062104065802,omid:br/061703946016
oci:062104065802-06402635874,omid:br/062104065802,omid:br/06402635874
oci:062604186276-0620540073,omid:br/062604186276,omid:br/0620540073
oci:062604186276-0620540265,omid:br/062604186276,omid:br/0620540265
oci:062604186276-06502632746,omid:br/062604186276,omid:br/06502632746
oci:062604186276-062601076815,omid:br/062604186276,omid:br/062601076815
oci:0604370751-0630209948,omid:br/0604370751,omid:br/0630209948
oci:0604370751-061202868436,omid:br/0604370751,omid:br/061202868436
oci:0604370751-061903843821,omid:br/0604370751,omid:br/061903843821
oci:0604370751-061202868432,omid:br/0604370751,omid:br/061202868432
oci:0604370751-062604186527,omid:br/0604370751,omid:br/062604186527
oci:0604370751-062304072515,omid:br/0604370751,omid:br/062304072515
oci:062104065797-061202868306,omid:br/062104065797,omid:br/061202868306
oci:062104065797-061904070115,omid:br/062104065797,omid:br/061904070115
oci:061703988422-0680216486,omid:br/061703988422,omid:br/0680216486
oci:061703988422-061202868306,omid:br/061703988422,omid:br/061202868306
oci:061703988422-0644015989,omid:br/061703988422,omid:br/0644015989
oci:0604370699-061903336444,omid:br/0604370699,omid:br/061903336444
oci:0604370699-06160525965,omid:br/0604370699,omid:br/06160525965
oci:0604370699-062201730173,omid:br/0604370699,omid:br/062201730173
oci:062304072480-06220688994,omid:br/062304072480,omid:br/06220688994
oci:062304072480-061703945440,omid:br/062304072480,omid:br/061703945440
oci:062304072480-061804062253,omid:br/062304072480,omid:br/061804062253
oci:062304072480-0604252571,omid:br/062304072480,omid:br/0604252571
oci:062304072480-0644016106,omid:br/062304072480,omid:br/0644016106
oci:062104065803-061603978974,omid:br/062104065803,omid:br/061603978974
oci:062204066604-0644016340,omid:br/062204066604,omid:br/0644016340
oci:062604186345-0604252609,omid:br/062604186345,omid:br/0604252609
oci:062604186345-061703988775,omid:br/062604186345,omid:br/061703988775
oci:062604186313-061503977223,omid:br/062604186313,omid:br/061503977223
oci:062604186313-061202868609,omid:br/062604186313,omid:br/061202868609
oci:062604186313-061804062382,omid:br/062604186313,omid:br/061804062382
oci:062604186313-061503977200,omid:br/062604186313,omid:br/061503977200
oci:062604186347-061703988495,omid:br/062604186347,omid:br/061703988495
oci:062604186347-061804062382,omid:br/062604186347,omid:br/061804062382
oci:0604370698-062101731654,omid:br/0604370698,omid:br/062101731654
oci:062604186290-0670408282,omid:br/062604186290,omid:br/0670408282
oci:062604186290-0644016045,omid:br/062604186290,omid:br/0644016045
oci:062604186290-06220601002,omid:br/062604186290,omid:br/06220601002
oci:062604186290-0643018108,omid:br/062604186290,omid:br/0643018108
oci:062604186290-062604186323,omid:br/062604186290,omid:br/062604186323
oci:062304072487-061804062335,omid:br/062304072487,omid:br/061804062335
oci:062604186356-061703945425,omid:br/062604186356,omid:br/061703945425
oci:062604186356-061804062318,omid:br/062604186356,omid:br/061804062318
oci:062104065804-062104065382,omid:br/062104065804,omid:br/062104065382
oci:062204066592-0643018007,omid:br/062204066592,omid:br/0643018007
oci:062204066592-0643017978,omid:br/062204066592,omid:br/0643017978
oci:062204066592-061804061762,omid:br/062204066592,omid:br/061804061762
oci:062204066592-062604186357,omid:br/062204066592,omid:br/062604186357
oci:062604186348-062203482313,omid:br/062604186348,omid:br/062203482313
oci:061703988437-06220746706,omid:br/061703988437,omid:br/06220746706
oci:061703988437-061202868440,omid:br/061703988437,omid:br/061202868440
oci:061703988437-0644016121,omid:br/061703988437,omid:br/0644016121
oci:061703988437-061603978608,omid:br/061703988437,omid:br/061603978608
oci:061703988437-062104065803,omid:br/061703988437,omid:br/062104065803
oci:061703988437-062304072483,omid:br/061703988437,omid:br/062304072483
oci:062304072542-061303920628,omid:br/062304072542,omid:br/061303920628
oci:061703988391-0660409468,omid:br/061703988391,omid:br/0660409468
oci:062304072509-061303011137,omid:br/062304072509,omid:br/061303011137
oci:062304072509-061303920720,omid:br/062304072509,omid:br/061303920720
oci:062304072509-06150588465,omid:br/062304072509,omid:br/06150588465
oci:062304072509-0650953519,omid:br/062304072509,omid:br/0650953519
oci:062204066515-0644016103,omid:br/062204066515,omid:br/0644016103
oci:062204066515-061202868277,omid:br/062204066515,omid:br/061202868277
oci:061804061730-0604286012,omid:br/061804061730,omid:br/0604286012
oci:061804061730-062104065564,omid:br/061804061730,omid:br/062104065564
oci:062304072489-061603796514,omid:br/062304072489,omid:br/061603796514
oci:062604186324-061603939221,omid:br/062604186324,omid:br/061603939221
oci:062604186324-061701744393,omid:br/062604186324,omid:br/061701744393
oci:061703988405-062602434366,omid:br/061703988405,omid:br/062602434366
oci:061703988405-0660608893,omid:br/061703988405,omid:br/0660608893
oci:061703988405-062203567034,omid:br/061703988405,omid:br/062203567034
oci:062604186339-06201499982,omid:br/062604186339,omid:br/06201499982
oci:0604370679-0644016138,omid:br/0604370679,omid:br/0644016138
oci:0604370679-061503977753,omid:br/0604370679,omid:br/061503977753
oci:062104065807-061803632257,omid:br/062104065807,omid:br/061803632257
oci:062104065807-06320280962,omid:br/062104065807,omid:br/06320280962
oci:062204066578-0636017589,omid:br/062204066578,omid:br/0636017589
oci:062304072481-06202518599,omid:br/062304072481,omid:br/06202518599
oci:062304072481-06180875997,omid:br/062304072481,omid:br/06180875997
oci:062304072481-0630488650,omid:br/062304072481,omid:br/0630488650
oci:062304072481-06180875911,omid:br/062304072481,omid:br/06180875911
oci:062304072481-062603066132,omid:br/062304072481,omid:br/062603066132
oci:062304072481-0630488043,omid:br/062304072481,omid:br/0630488043
oci:062304072481-06180876143,omid:br/062304072481,omid:br/06180876143
oci:062304072481-0630488241,omid:br/062304072481,omid:br/0630488241
oci:062304072481-06240480927,omid:br/062304072481,omid:br/06240480927
oci:062304072481-06903525707,omid:br/062304072481,omid:br/06903525707
oci:062304072481-061901044336,omid:br/062304072481,omid:br/061901044336
oci:062304072481-061303695456,omid:br/062304072481,omid:br/061303695456
oci:062304072481-062403736508,omid:br/062304072481,omid:br/062403736508
oci:062304072481-061803632076,omid:br/062304072481,omid:br/061803632076
oci:062304072481-0620355193,omid:br/062304072481,omid:br/0620355193
oci:062304072481-06503524476,omid:br/062304072481,omid:br/06503524476
oci:062304072481-062102390824,omid:br/062304072481,omid:br/062102390824
oci:062304072481-061901044323,omid:br/062304072481,omid:br/061901044323
oci:062304072481-0690345566,omid:br/062304072481,omid:br/0690345566
oci:062304072481-06903618038,omid:br/062304072481,omid:br/06903618038
oci:062304072481-062403560206,omid:br/062304072481,omid:br/062403560206
oci:062304072481-06110343117,omid:br/062304072481,omid:br/06110343117
oci:062304072481-06203560820,omid:br/062304072481,omid:br/06203560820
oci:062304072481-06190900985,omid:br/062304072481,omid:br/06190900985
oci:062304072481-061203714281,omid:br/062304072481,omid:br/061203714281
oci:062304072481-061901044224,omid:br/062304072481,omid:br/061901044224
oci:062304072481-06340222717,omid:br/062304072481,omid:br/06340222717
oci:062304072481-06370228301,omid:br/062304072481,omid:br/06370228301
oci:062304072481-06220746512,omid:br/062304072481,omid:br/06220746512
oci:061804061768-06503554177,omid:br/061804061768,omid:br/06503554177
oci:061804061768-06150489287,omid:br/061804061768,omid:br/06150489287
oci:062204066552-06120253165,omid:br/062204066552,omid:br/06120253165
oci:062204066552-061202868405,omid:br/062204066552,omid:br/061202868405
oci:0604370704-06402635581,omid:br/0604370704,omid:br/06402635581
oci:0604370704-0644016027,omid:br/0604370704,omid:br/0644016027
oci:062304072511-061201199076,omid:br/062304072511,omid:br/061201199076
oci:062304072511-06202518638,omid:br/062304072511,omid:br/06202518638
oci:061804061788-061901926395,omid:br/061804061788,omid:br/061901926395
oci:061804061788-06202400237,omid:br/061804061788,omid:br/06202400237
oci:061804061788-062602863452,omid:br/061804061788,omid:br/062602863452
oci:061804061788-062402223270,omid:br/061804061788,omid:br/062402223270
oci:061804061788-062201856945,omid:br/061804061788,omid:br/062201856945
oci:061804061788-06150193519,omid:br/061804061788,omid:br/06150193519
oci:061804061788-06903150620,omid:br/061804061788,omid:br/06903150620
oci:061804061788-06903150619,omid:br/061804061788,omid:br/06903150619
oci:061804061788-062101049693,omid:br/061804061788,omid:br/062101049693
oci:061804061788-0604020194,omid:br/061804061788,omid:br/0604020194
oci:061804061803-06102418185,omid:br/061804061803,omid:br/06102418185
oci:061804061803-0643018136,omid:br/061804061803,omid:br/0643018136
oci:061804061803-062203057295,omid:br/061804061803,omid:br/062203057295
oci:061804061803-0637050730,omid:br/061804061803,omid:br/0637050730
oci:061804061803-06903150620,omid:br/061804061803,omid:br/06903150620
oci:0604370706-06260448354,omid:br/0604370706,omid:br/06260448354
oci:0604370706-06202769681,omid:br/0604370706,omid:br/06202769681
oci:062604186340-06601311841,omid:br/062604186340,omid:br/06601311841
oci:062604186340-06220269595,omid:br/062604186340,omid:br/06220269595
oci:062604186340-06201091241,omid:br/062604186340,omid:br/06201091241
oci:062604186340-0620159034,omid:br/062604186340,omid:br/0620159034
oci:062604186340-062101864418,omid:br/062604186340,omid:br/062101864418
oci:062604186340-062101864043,omid:br/062604186340,omid:br/062101864043
oci:062604186340-0640164194,omid:br/062604186340,omid:br/0640164194
oci:062204066543-062104065362,omid:br/062204066543,omid:br/062104065362
oci:062604186357-061703988662,omid:br/062604186357,omid:br/061703988662
oci:062604186357-062304072535,omid:br/062604186357,omid:br/062304072535
oci:061804061732-06501756898,omid:br/061804061732,omid:br/06501756898
oci:061804061732-06260503631,omid:br/061804061732,omid:br/06260503631
oci:062204066550-06240275560,omid:br/062204066550,omid:br/06240275560
oci:0604370769-061603938972,omid:br/0604370769,omid:br/061603938972
oci:0604370769-061603938991,omid:br/0604370769,omid:br/061603938991
oci:0604370769-061703988457,omid:br/0604370769,omid:br/061703988457
oci:062604186314-061103727262,omid:br/062604186314,omid:br/061103727262
oci:062604186314-061103726839,omid:br/062604186314,omid:br/061103726839
oci:062604186314-061103726692,omid:br/062604186314,omid:br/061103726692
oci:062604186314-06503524350,omid:br/062604186314,omid:br/06503524350
oci:062604186314-062103558227,omid:br/062604186314,omid:br/062103558227
oci:062604186314-06304589267,omid:br/062604186314,omid:br/06304589267
oci:062604186314-0630161389,omid:br/062604186314,omid:br/0630161389
oci:062604186314-06180876047,omid:br/062604186314,omid:br/06180876047
oci:062604186314-06180876079,omid:br/062604186314,omid:br/06180876079
oci:062604186314-062603066017,omid:br/062604186314,omid:br/062603066017
oci:062604186314-062603066086,omid:br/062604186314,omid:br/062603066086
oci:062604186314-062603066153,omid:br/062604186314,omid:br/062603066153
oci:062604186284-06460301775,omid:br/062604186284,omid:br/06460301775
oci:062604186284-06360113662,omid:br/062604186284,omid:br/06360113662
oci:062604186284-0627077350,omid:br/062604186284,omid:br/0627077350
oci:062604186284-061804062052,omid:br/062604186284,omid:br/061804062052
oci:062604186284-06230608624,omid:br/062604186284,omid:br/06230608624
oci:062204066525-061202868282,omid:br/062204066525,omid:br/061202868282
oci:062604186278-062304072473,omid:br/062604186278,omid:br/062304072473
oci:062204066559-061601974988,omid:br/062204066559,omid:br/061601974988
oci:062204066559-061401944812,omid:br/062204066559,omid:br/061401944812
oci:062604186329-06240835889,omid:br/062604186329,omid:br/06240835889
oci:062104065849-062304072369,omid:br/062104065849,omid:br/062304072369
oci:062104065849-061202868432,omid:br/062104065849,omid:br/061202868432
oci:062104065849-062604186527,omid:br/062104065849,omid:br/062604186527
oci:062104065849-061703988050,omid:br/062104065849,omid:br/061703988050
oci:062104065927-0604831854,omid:br/062104065927,omid:br/0604831854
oci:062104065927-0644016047,omid:br/062104065927,omid:br/0644016047
oci:062104065927-061703945428,omid:br/062104065927,omid:br/061703945428
oci:062104065927-062304072493,omid:br/062104065927,omid:br/062304072493
oci:061703988481-06220939706,omid:br/061703988481,omid:br/06220939706
oci:061703988481-06210690771,omid:br/061703988481,omid:br/06210690771
oci:061703988481-06130596447,omid:br/061703988481,omid:br/06130596447
oci:061703988481-06220600968,omid:br/061703988481,omid:br/06220600968
oci:062104065896-061703945623,omid:br/062104065896,omid:br/061703945623
oci:062104065896-062304072101,omid:br/062104065896,omid:br/062304072101
oci:062104065896-06301799087,omid:br/062104065896,omid:br/06301799087
oci:061804061795-0660409698,omid:br/061804061795,omid:br/0660409698
oci:061804061795-06210522325,omid:br/061804061795,omid:br/06210522325
oci:061804061795-0643018221,omid:br/061804061795,omid:br/0643018221
oci:061804061795-06210602942,omid:br/061804061795,omid:br/06210602942
oci:061804061795-061602713011,omid:br/061804061795,omid:br/061602713011
oci:061804061795-06210602844,omid:br/061804061795,omid:br/06210602844
oci:061804061795-06260364489,omid:br/061804061795,omid:br/06260364489
oci:061804061795-06602442383,omid:br/061804061795,omid:br/06602442383
oci:061804061795-06701673790,omid:br/061804061795,omid:br/06701673790
oci:061804061795-06160541398,omid:br/061804061795,omid:br/06160541398
oci:062604186292-061603979025,omid:br/062604186292,omid:br/061603979025
oci:0604370681-061903336398,omid:br/0604370681,omid:br/061903336398
oci:0604370681-062304072369,omid:br/0604370681,omid:br/062304072369
oci:0604370681-061202868432,omid:br/0604370681,omid:br/061202868432
oci:0604370681-062604186527,omid:br/0604370681,omid:br/062604186527
oci:0604370681-061703988050,omid:br/0604370681,omid:br/061703988050
oci:0604370681-062104065849,omid:br/0604370681,omid:br/062104065849
oci:061703988453-062604186276,omid:br/061703988453,omid:br/062604186276
oci:061703988453-061202868160,omid:br/061703988453,omid:br/061202868160
oci:061703988453-0644016071,omid:br/061703988453,omid:br/0644016071
oci:062104065825-06170537292,omid:br/062104065825,omid:br/06170537292
oci:062104065825-06302348054,omid:br/062104065825,omid:br/06302348054
oci:062104065825-06110543534,omid:br/062104065825,omid:br/06110543534
oci:062104065825-0690546873,omid:br/062104065825,omid:br/0690546873
oci:062104065825-06110544813,omid:br/062104065825,omid:br/06110544813
oci:061804061741-061401945079,omid:br/061804061741,omid:br/061401945079
oci:061804061741-0644016192,omid:br/061804061741,omid:br/0644016192
oci:061804061741-06140104368,omid:br/061804061741,omid:br/06140104368
oci:062104065790-061702698506,omid:br/062104065790,omid:br/061702698506
oci:062104065790-06240592400,omid:br/062104065790,omid:br/06240592400
oci:062104065790-06130596221,omid:br/062104065790,omid:br/06130596221
oci:062104065790-06250599053,omid:br/062104065790,omid:br/06250599053
oci:0604370707-061703988797,omid:br/0604370707,omid:br/061703988797
oci:0604370707-061804061810,omid:br/0604370707,omid:br/061804061810
oci:0604370767-061904070578,omid:br/0604370767,omid:br/061904070578
oci:0604370767-0643018116,omid:br/0604370767,omid:br/0643018116
oci:062503581137-06201488490,omid:br/062503581137,omid:br/06201488490
oci:062104065774-062501305864,omid:br/062104065774,omid:br/062501305864
oci:062104065774-061301312650,omid:br/062104065774,omid:br/061301312650
oci:062104065774-062501367066,omid:br/062104065774,omid:br/062501367066
oci:062104065774-062201735421,omid:br/062104065774,omid:br/062201735421
oci:062104065774-062201735132,omid:br/062104065774,omid:br/062201735132
oci:062104065774-061301295327,omid:br/062104065774,omid:br/061301295327
oci:062104065774-06801425145,omid:br/062104065774,omid:br/06801425145
oci:062104065774-0690202788,omid:br/062104065774,omid:br/0690202788
oci:062104065774-06170193781,omid:br/062104065774,omid:br/06170193781
oci:062104065774-061403765763,omid:br/062104065774,omid:br/061403765763
oci:062104065774-06170193720,omid:br/062104065774,omid:br/06170193720
oci:062104065774-061301861880,omid:br/062104065774,omid:br/061301861880
oci:061804061796-06101579757,omid:br/061804061796,omid:br/06101579757
oci:061403567925-06210900415,omid:br/061403567925,omid:br/06210900415
oci:061403567925-06210900429,omid:br/061403567925,omid:br/06210900429
oci:061403567925-06260707355,omid:br/061403567925,omid:br/06260707355
oci:062604186315-062304072560,omid:br/062604186315,omid:br/062304072560
oci:0604370733-061904070578,omid:br/0604370733,omid:br/061904070578
oci:0604370733-062304072898,omid:br/0604370733,omid:br/062304072898
oci:0604370733-061703988581,omid:br/0604370733,omid:br/061703988581
oci:0604370733-061202868167,omid:br/0604370733,omid:br/061202868167
oci:061804061716-061703988662,omid:br/061804061716,omid:br/061703988662
oci:061804061716-062304072535,omid:br/061804061716,omid:br/062304072535
oci:061804061716-062604186357,omid:br/061804061716,omid:br/062604186357
oci:061804061716-061503977771,omid:br/061804061716,omid:br/061503977771
oci:061804061716-061603978927,omid:br/061804061716,omid:br/061603978927
oci:061804061716-062104065898,omid:br/061804061716,omid:br/062104065898
oci:061804061716-062104065910,omid:br/061804061716,omid:br/062104065910
oci:061804061716-0604370744,omid:br/061804061716,omid:br/0604370744
oci:061804061716-061503977930,omid:br/061804061716,omid:br/061503977930
oci:061804061716-0604370696,omid:br/061804061716,omid:br/0604370696
oci:061804061716-0644015999,omid:br/061804061716,omid:br/0644015999
oci:061804061711-062304072558,omid:br/061804061711,omid:br/062304072558
oci:061804061711-0610872287,omid:br/061804061711,omid:br/0610872287
oci:0604370702-0644016326,omid:br/0604370702,omid:br/0644016326
oci:0604370702-061403946031,omid:br/0604370702,omid:br/061403946031
oci:0604370702-0643018116,omid:br/0604370702,omid:br/0643018116
oci:061804061726-0643018112,omid:br/061804061726,omid:br/0643018112
oci:061804061726-0643018207,omid:br/061804061726,omid:br/0643018207
oci:061804061726-0644016320,omid:br/061804061726,omid:br/0644016320
oci:061804061726-0644016169,omid:br/061804061726,omid:br/0644016169
oci:061804061726-06201061847,omid:br/061804061726,omid:br/06201061847
oci:061703988433-062304072527,omid:br/061703988433,omid:br/062304072527
oci:061703988433-062604186337,omid:br/061703988433,omid:br/062604186337
oci:062104065937-061804061959,omid:br/062104065937,omid:br/061804061959
oci:062104065937-0644016258,omid:br/062104065937,omid:br/0644016258
oci:061804061773-0644016341,omid:br/061804061773,omid:br/0644016341
oci:061804061773-0643018072,omid:br/061804061773,omid:br/0643018072
oci:061804061773-0643018019,omid:br/061804061773,omid:br/0643018019
oci:061804061773-0644015993,omid:br/061804061773,omid:br/0644015993
oci:061804061773-0644016320,omid:br/061804061773,omid:br/0644016320
oci:061804061773-0643018222,omid:br/061804061773,omid:br/0643018222
oci:061804061773-0643018207,omid:br/061804061773,omid:br/0643018207
oci:061804061773-0643018075,omid:br/061804061773,omid:br/0643018075
oci:061804061773-06201061630,omid:br/061804061773,omid:br/06201061630
oci:061804061773-0604252547,omid:br/061804061773,omid:br/0604252547
oci:061804061773-0643018052,omid:br/061804061773,omid:br/0643018052
oci:062104065938-061804062335,omid:br/062104065938,omid:br/061804062335
oci:062104065938-062304072487,omid:br/062104065938,omid:br/062304072487
oci:062104065777-0644016216,omid:br/062104065777,omid:br/0644016216
oci:062104065777-0644016212,omid:br/062104065777,omid:br/0644016212
oci:062104065777-0644016305,omid:br/062104065777,omid:br/0644016305
oci:0604370692-062203482003,omid:br/0604370692,omid:br/062203482003
oci:0604370692-061202868535,omid:br/0604370692,omid:br/061202868535
oci:062104065875-061703945614,omid:br/062104065875,omid:br/061703945614
oci:062104065875-061703945482,omid:br/062104065875,omid:br/061703945482
oci:062104065875-0680217173,omid:br/062104065875,omid:br/0680217173
oci:062104065875-061603939254,omid:br/062104065875,omid:br/061603939254
oci:062104065875-061703945350,omid:br/062104065875,omid:br/061703945350
oci:062104065875-061603939236,omid:br/062104065875,omid:br/061603939236
oci:062104065875-061603939269,omid:br/062104065875,omid:br/061603939269
oci:062104065875-06904189129,omid:br/062104065875,omid:br/06904189129
oci:062104065875-061703988259,omid:br/062104065875,omid:br/061703988259
oci:062104065875-061703988258,omid:br/062104065875,omid:br/061703988258
oci:062104065875-061804061860,omid:br/062104065875,omid:br/061804061860
oci:062104065875-061703988854,omid:br/062104065875,omid:br/061703988854
oci:062104065875-061804062127,omid:br/062104065875,omid:br/061804062127
oci:062104065875-061804062117,omid:br/062104065875,omid:br/061804062117
oci:062104065875-061703988869,omid:br/062104065875,omid:br/061703988869
oci:062104065875-061703988678,omid:br/062104065875,omid:br/061703988678
oci:062104065875-062304072503,omid:br/062104065875,omid:br/062304072503
oci:062104065875-0644016091,omid:br/062104065875,omid:br/0644016091
oci:062104065875-061202868594,omid:br/062104065875,omid:br/061202868594
oci:062104065875-062104065213,omid:br/062104065875,omid:br/062104065213
oci:062104065875-061503977781,omid:br/062104065875,omid:br/061503977781
oci:062104065875-061804062068,omid:br/062104065875,omid:br/061804062068
oci:062104065875-061603978995,omid:br/062104065875,omid:br/061603978995
oci:062104065875-061703988495,omid:br/062104065875,omid:br/061703988495
oci:062104065875-061804062382,omid:br/062104065875,omid:br/061804062382
oci:062104065875-061703988632,omid:br/062104065875,omid:br/061703988632
oci:062104065875-061603979003,omid:br/062104065875,omid:br/061603979003
oci:062304072508-062403758354,omid:br/062304072508,omid:br/062403758354
oci:062304072508-0646016042,omid:br/062304072508,omid:br/0646016042
oci:062104065805-062402046334,omid:br/062104065805,omid:br/062402046334
oci:062104065805-062402045690,omid:br/062104065805,omid:br/062402045690
oci:062104065805-062402045891,omid:br/062104065805,omid:br/062402045891
oci:062104065805-061502111570,omid:br/062104065805,omid:br/061502111570
oci:062104065890-06803985179,omid:br/062104065890,omid:br/06803985179
oci:062104065890-061804062583,omid:br/062104065890,omid:br/061804062583
oci:062304072467-06160754338,omid:br/062304072467,omid:br/06160754338
oci:062304072467-06101415050,omid:br/062304072467,omid:br/06101415050
oci:062304072467-062603512883,omid:br/062304072467,omid:br/062603512883
oci:062304072467-06260573997,omid:br/062304072467,omid:br/06260573997
oci:062304072467-06260574355,omid:br/062304072467,omid:br/06260574355
oci:062304072467-068097345,omid:br/062304072467,omid:br/068097345
oci:062304072467-061501025154,omid:br/062304072467,omid:br/061501025154
oci:062304072467-06702131367,omid:br/062304072467,omid:br/06702131367
oci:062304072467-061402044111,omid:br/062304072467,omid:br/061402044111
oci:062304072467-061603978631,omid:br/062304072467,omid:br/061603978631
oci:062304072467-06250598701,omid:br/062304072467,omid:br/06250598701
oci:062304072467-06510290646,omid:br/062304072467,omid:br/06510290646
oci:062304072467-0604252599,omid:br/062304072467,omid:br/0604252599
oci:062304072467-0610613292,omid:br/062304072467,omid:br/0610613292
oci:062104065889-062104065890,omid:br/062104065889,omid:br/062104065890
oci:062104065889-061202868449,omid:br/062104065889,omid:br/061202868449
oci:062104065889-0644016009,omid:br/062104065889,omid:br/0644016009
oci:062104065787-06602565519,omid:br/062104065787,omid:br/06602565519
oci:061804061777-06120612646,omid:br/061804061777,omid:br/06120612646
oci:062104065919-06250347542,omid:br/062104065919,omid:br/06250347542
oci:062104065919-062304072207,omid:br/062104065919,omid:br/062304072207
oci:062104065907-0644016126,omid:br/062104065907,omid:br/0644016126
oci:062104065907-062604186356,omid:br/062104065907,omid:br/062604186356
oci:062104065920-06704115458,omid:br/062104065920,omid:br/06704115458
oci:062104065920-0636048755,omid:br/062104065920,omid:br/0636048755
oci:062104065920-0644016225,omid:br/062104065920,omid:br/0644016225
oci:062104065920-062104065448,omid:br/062104065920,omid:br/062104065448
oci:062104065846-061503977588,omid:br/062104065846,omid:br/061503977588
oci:062104065846-061703988082,omid:br/062104065846,omid:br/061703988082
oci:061703988455-06402573631,omid:br/061703988455,omid:br/06402573631
oci:061703988455-0604831853,omid:br/061703988455,omid:br/0604831853
oci:061703988455-062304072249,omid:br/061703988455,omid:br/062304072249
oci:06404005715-061804062265,omid:br/06404005715,omid:br/061804062265
oci:062104065832-06210454649,omid:br/062104065832,omid:br/06210454649
oci:062104065892-061903336449,omid:br/062104065892,omid:br/061903336449
oci:062104065892-06260448696,omid:br/062104065892,omid:br/06260448696
oci:062104065892-062201730186,omid:br/062104065892,omid:br/062201730186
oci:061804061749-062104065890,omid:br/061804061749,omid:br/062104065890
oci:061804061749-061804062441,omid:br/061804061749,omid:br/061804062441
oci:06803985179-06202629025,omid:br/06803985179,omid:br/06202629025
oci:062204066211-0630354121,omid:br/062204066211,omid:br/0630354121
oci:062204066211-0630485639,omid:br/062204066211,omid:br/0630485639
oci:062204066211-06704115458,omid:br/062204066211,omid:br/06704115458
oci:062204066211-0640491219,omid:br/062204066211,omid:br/0640491219
oci:062204066211-061602438309,omid:br/062204066211,omid:br/061602438309
oci:062204066211-06210486860,omid:br/062204066211,omid:br/06210486860
oci:062204066211-06403986788,omid:br/062204066211,omid:br/06403986788
oci:061804061802-062104065907,omid:br/061804061802,omid:br/062104065907
oci:061804061802-061904070786,omid:br/061804061802,omid:br/061904070786
oci:061804061802-0644016009,omid:br/061804061802,omid:br/0644016009
oci:061804061802-061103716810,omid:br/061804061802,omid:br/061103716810
oci:0604370727-062101732092,omid:br/0604370727,omid:br/062101732092
oci:0604370727-062101732004,omid:br/0604370727,omid:br/062101732004
oci:0604370727-062101731983,omid:br/0604370727,omid:br/062101731983
oci:0604370727-061603978791,omid:br/0604370727,omid:br/061603978791
oci:0604370727-061202868541,omid:br/0604370727,omid:br/061202868541
oci:061804061779-0644016009,omid:br/061804061779,omid:br/0644016009
oci:061804061779-062204066211,omid:br/061804061779,omid:br/062204066211
oci:061804061779-062104065889,omid:br/061804061779,omid:br/062104065889
oci:062204066209-062204066985,omid:br/062204066209,omid:br/062204066985
oci:062204066209-062204066913,omid:br/062204066209,omid:br/062204066913
oci:062204066209-061804061907,omid:br/062204066209,omid:br/061804061907
oci:062204066209-062604186325,omid:br/062204066209,omid:br/062604186325
oci:062204066209-061503977300,omid:br/062204066209,omid:br/061503977300
oci:062204066209-062604186333,omid:br/062204066209,omid:br/062604186333
oci:062204066209-062204066927,omid:br/062204066209,omid:br/062204066927
oci:062204066209-061804061914,omid:br/062204066209,omid:br/061804061914
oci:062204066209-062204066909,omid:br/062204066209,omid:br/062204066909
oci:062204066209-0643018187,omid:br/062204066209,omid:br/0643018187
oci:062204066209-062204066947,omid:br/062204066209,omid:br/062204066947
oci:062204066209-062204066945,omid:br/062204066209,omid:br/062204066945
oci:062204066209-062204066960,omid:br/062204066209,omid:br/062204066960
oci:062204066209-062204066969,omid:br/062204066209,omid:br/062204066969
oci:062104065918-06704115458,omid:br/062104065918,omid:br/06704115458
oci:062104065918-0643018229,omid:br/062104065918,omid:br/0643018229
oci:062104065918-061703988464,omid:br/062104065918,omid:br/061703988464
oci:062104065918-0644016009,omid:br/062104065918,omid:br/0644016009
oci:061703988464-06240724416,omid:br/061703988464,omid:br/06240724416
oci:061703988464-0643018163,omid:br/061703988464,omid:br/0643018163
oci:061703988464-062104065208,omid:br/061703988464,omid:br/062104065208
oci:061703988464-0643018227,omid:br/061703988464,omid:br/0643018227
oci:061804061734-0604370679,omid:br/061804061734,omid:br/0604370679
oci:0604370760-061904070128,omid:br/0604370760,omid:br/061904070128
oci:061703988445-061703988463,omid:br/061703988445,omid:br/061703988463
oci:061703988445-062304072507,omid:br/061703988445,omid:br/062304072507
oci:061703988445-0643018227,omid:br/061703988445,omid:br/0643018227
oci:061703988445-061703988464,omid:br/061703988445,omid:br/061703988464
oci:062104065761-061103716959,omid:br/062104065761,omid:br/061103716959
oci:062104065761-06180897566,omid:br/062104065761,omid:br/06180897566
oci:061103602239-062204066947,omid:br/061103602239,omid:br/062204066947
oci:061103602239-062204066909,omid:br/061103602239,omid:br/062204066909
oci:061103602239-061804061907,omid:br/061103602239,omid:br/061804061907
oci:061103602239-062204066972,omid:br/061103602239,omid:br/062204066972
oci:062104065845-061202868306,omid:br/062104065845,omid:br/061202868306
oci:0604370705-062502665685,omid:br/0604370705,omid:br/062502665685
oci:0604370705-061603586323,omid:br/0604370705,omid:br/061603586323
oci:0604370691-06260448964,omid:br/0604370691,omid:br/06260448964
oci:0604370691-06902207967,omid:br/0604370691,omid:br/06902207967
oci:0604370691-06260448312,omid:br/0604370691,omid:br/06260448312
oci:0604370691-06401422605,omid:br/0604370691,omid:br/06401422605
oci:0604370691-062501045462,omid:br/0604370691,omid:br/062501045462
oci:0604370691-06502381918,omid:br/0604370691,omid:br/06502381918
oci:0604370691-06220449770,omid:br/0604370691,omid:br/06220449770
oci:0604370691-0604831856,omid:br/0604370691,omid:br/0604831856
oci:062104065800-06120534740,omid:br/062104065800,omid:br/06120534740
oci:062104065800-062204066263,omid:br/062104065800,omid:br/062204066263
oci:0604370762-062304072527,omid:br/0604370762,omid:br/062304072527
oci:061703988431-061603939020,omid:br/061703988431,omid:br/061603939020
oci:061804061783-0643018139,omid:br/061804061783,omid:br/0643018139
oci:061804061783-062104065386,omid:br/061804061783,omid:br/062104065386
oci:062104065878-062104065897,omid:br/062104065878,omid:br/062104065897
oci:062104065878-061103602239,omid:br/062104065878,omid:br/061103602239
oci:061804061729-0604831859,omid:br/061804061729,omid:br/0604831859
oci:061804061725-0610609433,omid:br/061804061725,omid:br/0610609433
oci:061804061725-0640495137,omid:br/061804061725,omid:br/0640495137
oci:061804061725-06901350560,omid:br/061804061725,omid:br/06901350560
oci:062304072497-062304072915,omid:br/062304072497,omid:br/062304072915
oci:062304072497-062604186525,omid:br/062304072497,omid:br/062604186525
oci:062304072497-062304072602,omid:br/062304072497,omid:br/062304072602
oci:062304072497-062304072777,omid:br/062304072497,omid:br/062304072777
oci:061804061750-06402635874,omid:br/061804061750,omid:br/06402635874
oci:061804061750-062104065802,omid:br/061804061750,omid:br/062104065802
oci:061804061750-061603938597,omid:br/061804061750,omid:br/061603938597
oci:061804061790-062304072898,omid:br/061804061790,omid:br/062304072898
oci:061804061790-061703988581,omid:br/061804061790,omid:br/061703988581
oci:061804061790-061904070578,omid:br/061804061790,omid:br/061904070578
oci:061804061790-062304072943,omid:br/061804061790,omid:br/062304072943
oci:061804061790-061904070312,omid:br/061804061790,omid:br/061904070312
oci:061804061790-0604662258,omid:br/061804061790,omid:br/0604662258
oci:061804061790-062204066830,omid:br/061804061790,omid:br/062204066830
oci:061804061790-061804062560,omid:br/061804061790,omid:br/061804062560
oci:061804061790-0680216463,omid:br/061804061790,omid:br/0680216463
oci:0604370711-06250151747,omid:br/0604370711,omid:br/06250151747
oci:0604370711-0640156902,omid:br/0604370711,omid:br/0640156902
oci:0604370711-062104065802,omid:br/0604370711,omid:br/062104065802
oci:061804061762-0643018007,omid:br/061804061762,omid:br/0643018007
oci:061804061762-062104065855,omid:br/061804061762,omid:br/062104065855
oci:061804061762-0643017978,omid:br/061804061762,omid:br/0643017978
oci:061703988418-061703988443,omid:br/061703988418,omid:br/061703988443
oci:062304072525-06110545343,omid:br/062304072525,omid:br/06110545343
oci:062304072525-06110545789,omid:br/062304072525,omid:br/06110545789
oci:062304072525-061901177847,omid:br/062304072525,omid:br/061901177847
oci:062304072525-062204066380,omid:br/062304072525,omid:br/062204066380
oci:061804061791-06160603832,omid:br/061804061791,omid:br/06160603832
oci:061804061791-0630357330,omid:br/061804061791,omid:br/0630357330
oci:061804061791-061103510126,omid:br/061804061791,omid:br/061103510126
oci:061804061791-06170349555,omid:br/061804061791,omid:br/06170349555
oci:062104065767-061203495515,omid:br/062104065767,omid:br/061203495515
oci:062304072515-062102049018,omid:br/062304072515,omid:br/062102049018
oci:062304072515-0680216460,omid:br/062304072515,omid:br/0680216460
oci:062304072515-062104065820,omid:br/062304072515,omid:br/062104065820
oci:061804061786-061503977199,omid:br/061804061786,omid:br/061503977199
oci:0604370713-0604831857,omid:br/0604370713,omid:br/0604831857
oci:0604370713-062104065621,omid:br/0604370713,omid:br/062104065621
oci:0604370713-062104065628,omid:br/0604370713,omid:br/062104065628
oci:0604370726-061603938991,omid:br/0604370726,omid:br/061603938991
oci:0604370726-062604186306,omid:br/0604370726,omid:br/062604186306
oci:061804061733-06220601013,omid:br/061804061733,omid:br/06220601013
oci:061804061733-06210602876,omid:br/061804061733,omid:br/06210602876
oci:061804061733-06170601502,omid:br/061804061733,omid:br/06170601502
oci:061804061733-06170601503,omid:br/061804061733,omid:br/06170601503
oci:061804061733-06160603783,omid:br/061804061733,omid:br/06160603783
oci:061804061733-06501058446,omid:br/061804061733,omid:br/06501058446
oci:061804061733-0645022406,omid:br/061804061733,omid:br/0645022406
oci:062304072468-061603939268,omid:br/062304072468,omid:br/061603939268
oci:062304072468-06130536147,omid:br/062304072468,omid:br/06130536147
oci:062304072468-0680545939,omid:br/062304072468,omid:br/0680545939
oci:062304072468-061503977568,omid:br/062304072468,omid:br/061503977568
oci:062304072468-06703978204,omid:br/062304072468,omid:br/06703978204
oci:062304072468-062204066288,omid:br/062304072468,omid:br/062204066288
oci:062304072468-061603978595,omid:br/062304072468,omid:br/061603978595
oci:062304072477-06130536147,omid:br/062304072477,omid:br/06130536147
oci:062304072477-0690547690,omid:br/062304072477,omid:br/0690547690
oci:062304072477-06150151647,omid:br/062304072477,omid:br/06150151647
oci:062304072477-0680545939,omid:br/062304072477,omid:br/0680545939
oci:062304072477-061201858968,omid:br/062304072477,omid:br/061201858968
oci:062304072477-061201858982,omid:br/062304072477,omid:br/061201858982
oci:062304072477-0604662251,omid:br/062304072477,omid:br/0604662251
oci:062304072477-061503977568,omid:br/062304072477,omid:br/061503977568
oci:062304072477-06703978204,omid:br/062304072477,omid:br/06703978204
oci:0604370749-061703945482,omid:br/0604370749,omid:br/061703945482
oci:0604370749-06120427715,omid:br/0604370749,omid:br/06120427715
oci:0604370749-061603938819,omid:br/0604370749,omid:br/061603938819
oci:0604370749-061804062127,omid:br/0604370749,omid:br/061804062127
oci:0604370749-061503977597,omid:br/0604370749,omid:br/061503977597
oci:0604370749-061804062031,omid:br/0604370749,omid:br/061804062031
oci:0604370749-062104065213,omid:br/0604370749,omid:br/062104065213
oci:0604370749-0643018021,omid:br/0604370749,omid:br/0643018021
oci:062304072550-061603939060,omid:br/062304072550,omid:br/061603939060
oci:062104065912-0645057822,omid:br/062104065912,omid:br/0645057822
oci:062104065912-06230608624,omid:br/062104065912,omid:br/06230608624
oci:062104065912-06150605262,omid:br/062104065912,omid:br/06150605262
oci:0604370710-061603938639,omid:br/0604370710,omid:br/061603938639
oci:062104065893-061904070117,omid:br/062104065893,omid:br/061904070117
oci:062104065932-062104065418,omid:br/062104065932,omid:br/062104065418
oci:062104065932-061202868541,omid:br/062104065932,omid:br/061202868541
oci:062104065898-061503977753,omid:br/062104065898,omid:br/061503977753
oci:062104065898-062304072469,omid:br/062104065898,omid:br/062304072469
oci:0604370671-061603939144,omid:br/0604370671,omid:br/061603939144
oci:0604370671-062104065229,omid:br/0604370671,omid:br/062104065229
oci:062104065877-061603978614,omid:br/062104065877,omid:br/061603978614
oci:0604370673-0640353975,omid:br/0604370673,omid:br/0640353975
oci:0604370673-06190854289,omid:br/0604370673,omid:br/06190854289
oci:0604370673-0610355031,omid:br/0604370673,omid:br/0610355031
oci:0604370673-06503554518,omid:br/0604370673,omid:br/06503554518
oci:062104065924-06270184588,omid:br/062104065924,omid:br/06270184588
oci:062104065924-062604186275,omid:br/062104065924,omid:br/062604186275
oci:062104065867-0644016203,omid:br/062104065867,omid:br/0644016203
oci:062104065939-061703945997,omid:br/062104065939,omid:br/061703945997
oci:062104065939-0680216331,omid:br/062104065939,omid:br/0680216331
oci:062104065939-061703945988,omid:br/062104065939,omid:br/061703945988
oci:062104065939-062604186359,omid:br/062104065939,omid:br/062604186359
oci:061503977889-061603525717,omid:br/061503977889,omid:br/061603525717
oci:062204066213-0604831855,omid:br/062204066213,omid:br/0604831855
oci:061503977964-062602885708,omid:br/061503977964,omid:br/062602885708
oci:061503977964-061902842938,omid:br/061503977964,omid:br/061902842938
oci:061503977964-062104065386,omid:br/061503977964,omid:br/062104065386
oci:061503977964-061703988401,omid:br/061503977964,omid:br/061703988401
oci:062104065854-062304072493,omid:br/062104065854,omid:br/062304072493
oci:062104065922-062604186344,omid:br/062104065922,omid:br/062604186344
oci:062104065922-062304072527,omid:br/062104065922,omid:br/062304072527
oci:062104065882-062304072400,omid:br/062104065882,omid:br/062304072400
oci:062104065882-0644016340,omid:br/062104065882,omid:br/0644016340
oci:062104065882-061804062059,omid:br/062104065882,omid:br/061804062059
oci:062104065882-061503977468,omid:br/062104065882,omid:br/061503977468
oci:062104065882-06110261663,omid:br/062104065882,omid:br/06110261663
oci:062104065882-061703988242,omid:br/062104065882,omid:br/061703988242
oci:062104065882-0604831847,omid:br/062104065882,omid:br/0604831847
oci:061503977909-06260448722,omid:br/061503977909,omid:br/06260448722
oci:061503977909-06120253060,omid:br/061503977909,omid:br/06120253060
oci:061503977909-06401422679,omid:br/061503977909,omid:br/06401422679
oci:061503977909-06260448753,omid:br/061503977909,omid:br/06260448753
oci:061503977909-062304072249,omid:br/061503977909,omid:br/062304072249
oci:061503977909-06302613348,omid:br/061503977909,omid:br/06302613348
oci:061503977909-0640544672,omid:br/061503977909,omid:br/0640544672
oci:061703988403-0645023169,omid:br/061703988403,omid:br/0645023169
oci:061703988403-0644016005,omid:br/061703988403,omid:br/0644016005
oci:062304072530-062204066283,omid:br/062304072530,omid:br/062204066283
oci:061503977971-062104065206,omid:br/061503977971,omid:br/062104065206
oci:061503977971-061603979014,omid:br/061503977971,omid:br/061603979014
oci:061503977971-062304072487,omid:br/061503977971,omid:br/062304072487
oci:061503977971-061601318406,omid:br/061503977971,omid:br/061601318406
oci:061503977971-062304179210,omid:br/061503977971,omid:br/062304179210
oci:061503977971-06301745790,omid:br/061503977971,omid:br/06301745790
oci:062304072554-06703175016,omid:br/062304072554,omid:br/06703175016
oci:062304072554-06170880897,omid:br/062304072554,omid:br/06170880897
oci:062304072554-06110607304,omid:br/062304072554,omid:br/06110607304
oci:062304072554-06110606704,omid:br/062304072554,omid:br/06110606704
oci:062603984691-062103312203,omid:br/062603984691,omid:br/062103312203
oci:062603984691-061403323701,omid:br/062603984691,omid:br/061403323701
oci:062603984691-061903336449,omid:br/062603984691,omid:br/061903336449
oci:062603984691-062603984694,omid:br/062603984691,omid:br/062603984694
oci:062603984691-062201729855,omid:br/062603984691,omid:br/062201729855
oci:062204066572-061804062291,omid:br/062204066572,omid:br/061804062291
oci:062204066572-061703945350,omid:br/062204066572,omid:br/061703945350
oci:062204066572-0604831860,omid:br/062204066572,omid:br/0604831860
oci:062204066572-0680216331,omid:br/062204066572,omid:br/0680216331
oci:062204066572-0643018034,omid:br/062204066572,omid:br/0643018034
oci:061503977966-061603938594,omid:br/061503977966,omid:br/061603938594
oci:061503977966-061603938521,omid:br/061503977966,omid:br/061603938521
oci:061503977966-06703073836,omid:br/061503977966,omid:br/06703073836
oci:061503977966-061202675068,omid:br/061503977966,omid:br/061202675068
oci:061503977966-062304072231,omid:br/061503977966,omid:br/062304072231
oci:062304072544-0644016083,omid:br/062304072544,omid:br/0644016083
oci:062304072544-061202868260,omid:br/062304072544,omid:br/061202868260
oci:061703988392-061603938581,omid:br/061703988392,omid:br/061603938581
oci:061703988392-061603938959,omid:br/061703988392,omid:br/061603938959
oci:061703988392-062104065426,omid:br/061703988392,omid:br/062104065426
oci:061703988392-062304072560,omid:br/061703988392,omid:br/062304072560
oci:062204066602-06801307357,omid:br/062204066602,omid:br/06801307357
oci:061503977917-062304072525,omid:br/061503977917,omid:br/062304072525
oci:061503977917-062201730186,omid:br/061503977917,omid:br/062201730186
oci:061503977917-061101748846,omid:br/061503977917,omid:br/061101748846
oci:061503977917-06901760980,omid:br/061503977917,omid:br/06901760980
oci:061503977917-061101748619,omid:br/061503977917,omid:br/061101748619
oci:061503977917-06401422586,omid:br/061503977917,omid:br/06401422586
oci:062304072538-0620540073,omid:br/062304072538,omid:br/0620540073
oci:062304072538-061603939301,omid:br/062304072538,omid:br/061603939301
oci:062304072538-06502632680,omid:br/062304072538,omid:br/06502632680
oci:062304072538-06502632746,omid:br/062304072538,omid:br/06502632746
oci:062304072538-062601076815,omid:br/062304072538,omid:br/062601076815
oci:061703988444-06110545211,omid:br/061703988444,omid:br/06110545211
oci:061703988444-0644016047,omid:br/061703988444,omid:br/0644016047
oci:061703988444-06230460033,omid:br/061703988444,omid:br/06230460033
oci:061703988444-06110545725,omid:br/061703988444,omid:br/06110545725
oci:061703988444-061202868372,omid:br/061703988444,omid:br/061202868372
oci:061703988444-0644016001,omid:br/061703988444,omid:br/0644016001
oci:062304072560-062104065177,omid:br/062304072560,omid:br/062104065177
oci:062204066573-061503977915,omid:br/062204066573,omid:br/061503977915
oci:061503977887-061203048176,omid:br/061503977887,omid:br/061203048176
oci:061503977887-061302408900,omid:br/061503977887,omid:br/061302408900
oci:061503977887-06190944528,omid:br/061503977887,omid:br/06190944528
oci:062304072549-06120533971,omid:br/062304072549,omid:br/06120533971
oci:062304072549-0680415028,omid:br/062304072549,omid:br/0680415028
oci:062304072549-061702178043,omid:br/062304072549,omid:br/061702178043
oci:061703988472-06220600995,omid:br/061703988472,omid:br/06220600995
oci:061703988472-06250598745,omid:br/061703988472,omid:br/06250598745
oci:061703988472-061703987905,omid:br/061703988472,omid:br/061703987905
oci:061703988472-061904070482,omid:br/061703988472,omid:br/061904070482
oci:061703988472-061703988738,omid:br/061703988472,omid:br/061703988738
oci:062104065941-062101731893,omid:br/062104065941,omid:br/062101731893
oci:062104065941-061403323701,omid:br/062104065941,omid:br/061403323701
oci:062104065941-06260448597,omid:br/062104065941,omid:br/06260448597
oci:062104065941-06260448888,omid:br/062104065941,omid:br/06260448888
oci:062104065941-062201729855,omid:br/062104065941,omid:br/062201729855
oci:061503977891-061503977919,omid:br/061503977891,omid:br/061503977919
oci:061703988395-061804062046,omid:br/061703988395,omid:br/061804062046
oci:062204066568-0604370738,omid:br/062204066568,omid:br/0604370738
oci:062204066568-0604370681,omid:br/062204066568,omid:br/0604370681
oci:061503977950-06160541057,omid:br/061503977950,omid:br/06160541057
oci:061503977950-06170151279,omid:br/061503977950,omid:br/06170151279
oci:061503977950-062104065229,omid:br/061503977950,omid:br/062104065229
oci:0604370756-062103312032,omid:br/0604370756,omid:br/062103312032
oci:0604370765-061603978640,omid:br/0604370765,omid:br/061603978640
oci:0604370765-061603978642,omid:br/0604370765,omid:br/061603978642
oci:0604370765-06170603061,omid:br/0604370765,omid:br/06170603061
oci:0604370765-06130597392,omid:br/0604370765,omid:br/06130597392
oci:0604370765-06250598727,omid:br/0604370765,omid:br/06250598727
oci:0604370765-06210602900,omid:br/0604370765,omid:br/06210602900
oci:062304072501-061904070181,omid:br/062304072501,omid:br/061904070181
oci:062304072501-062304072735,omid:br/062304072501,omid:br/062304072735
oci:062204066511-0604370706,omid:br/062204066511,omid:br/0604370706
oci:062204066511-061804062066,omid:br/062204066511,omid:br/061804062066
oci:062204066511-061804062091,omid:br/062204066511,omid:br/061804062091
oci:062204066511-061804062059,omid:br/062204066511,omid:br/061804062059
oci:062204066511-061804062044,omid:br/062204066511,omid:br/061804062044
oci:061703988479-061202868306,omid:br/061703988479,omid:br/061202868306
oci:061703988479-062204066362,omid:br/061703988479,omid:br/062204066362
oci:0604370758-061703945992,omid:br/0604370758,omid:br/061703945992
oci:0604370758-061703946032,omid:br/0604370758,omid:br/061703946032
oci:0604370758-06250756998,omid:br/0604370758,omid:br/06250756998
oci:062304072557-06210900429,omid:br/062304072557,omid:br/06210900429
oci:062304072557-061601318400,omid:br/062304072557,omid:br/061601318400
oci:062304072557-06220449872,omid:br/062304072557,omid:br/06220449872
oci:062304072557-061601318048,omid:br/062304072557,omid:br/061601318048
oci:062304072557-0604831848,omid:br/062304072557,omid:br/0604831848
oci:062304072557-0636017850,omid:br/062304072557,omid:br/0636017850
oci:062304072557-0636017852,omid:br/062304072557,omid:br/0636017852
oci:061903577413-0630696247,omid:br/061903577413,omid:br/0630696247
oci:062304072545-06260448447,omid:br/062304072545,omid:br/06260448447
oci:062304072545-06260448597,omid:br/062304072545,omid:br/06260448597
oci:062304072545-0680372380,omid:br/062304072545,omid:br/0680372380
oci:062304072545-06260448931,omid:br/062304072545,omid:br/06260448931
oci:062304072545-06250539079,omid:br/062304072545,omid:br/06250539079
oci:062304072545-061603979115,omid:br/062304072545,omid:br/061603979115
oci:0604370700-06260960604,omid:br/0604370700,omid:br/06260960604
oci:0604370700-06103108630,omid:br/0604370700,omid:br/06103108630
oci:0604370700-06220939947,omid:br/0604370700,omid:br/06220939947
oci:0604370700-062602701154,omid:br/0604370700,omid:br/062602701154
oci:0604370700-06190944528,omid:br/0604370700,omid:br/06190944528
oci:0604370700-06150152416,omid:br/0604370700,omid:br/06150152416
oci:061703988410-06260448759,omid:br/061703988410,omid:br/06260448759
oci:061703988451-0644016009,omid:br/061703988451,omid:br/0644016009
oci:061703988451-0604252609,omid:br/061703988451,omid:br/0604252609
oci:062204066579-061903336449,omid:br/062204066579,omid:br/061903336449
oci:062304072518-06210900429,omid:br/062304072518,omid:br/06210900429
oci:062304072518-061903336229,omid:br/062304072518,omid:br/061903336229
oci:062304072518-062203320556,omid:br/062304072518,omid:br/062203320556
oci:062304072518-062603984694,omid:br/062304072518,omid:br/062603984694
oci:062304072518-062104065168,omid:br/062304072518,omid:br/062104065168
oci:061503977931-06360243564,omid:br/061503977931,omid:br/06360243564
oci:062204066580-061804062066,omid:br/062204066580,omid:br/061804062066
oci:061703988466-062304072128,omid:br/061703988466,omid:br/062304072128
oci:061703988466-062304072138,omid:br/061703988466,omid:br/062304072138
oci:061703988466-062304072155,omid:br/061703988466,omid:br/062304072155
oci:061703988466-062304072074,omid:br/061703988466,omid:br/062304072074
oci:061703988466-062304072131,omid:br/061703988466,omid:br/062304072131
oci:061703988466-062304072140,omid:br/061703988466,omid:br/062304072140
oci:061703988466-062204066394,omid:br/061703988466,omid:br/062204066394
oci:062304072472-06203467110,omid:br/062304072472,omid:br/06203467110
oci:062304072472-06902207967,omid:br/062304072472,omid:br/06902207967
oci:062204066532-0604370706,omid:br/062204066532,omid:br/0604370706
oci:061503977949-06140351142,omid:br/061503977949,omid:br/06140351142
oci:061503977949-062203119716,omid:br/061503977949,omid:br/062203119716
oci:061503977949-0604831845,omid:br/061503977949,omid:br/0604831845
oci:061503977949-061703997671,omid:br/061503977949,omid:br/061703997671
oci:061503977949-0604252551,omid:br/061503977949,omid:br/0604252551
oci:061503977949-06520296035,omid:br/061503977949,omid:br/06520296035
oci:061503977949-06303913465,omid:br/061503977949,omid:br/06303913465
oci:061503977949-0610358236,omid:br/061503977949,omid:br/0610358236
oci:061503977967-061703945219,omid:br/061503977967,omid:br/061703945219
oci:061503977967-061703988457,omid:br/061503977967,omid:br/061703988457
oci:062604186344-062304072495,omid:br/062604186344,omid:br/062304072495
oci:061503977923-0644016118,omid:br/061503977923,omid:br/0644016118
oci:061503977923-061904070207,omid:br/061503977923,omid:br/061904070207
oci:061503977913-061804062319,omid:br/061503977913,omid:br/061804062319
oci:061503977913-061703988755,omid:br/061503977913,omid:br/061703988755
oci:061503977913-0604286021,omid:br/061503977913,omid:br/0604286021
oci:062104065935-061904070128,omid:br/062104065935,omid:br/061904070128
oci:061503977907-06180962098,omid:br/061503977907,omid:br/06180962098
oci:062104065925-062302059453,omid:br/062104065925,omid:br/062302059453
oci:062104065925-062102055816,omid:br/062104065925,omid:br/062102055816
oci:062104065925-0648016318,omid:br/062104065925,omid:br/0648016318
oci:062104065925-0644016067,omid:br/062104065925,omid:br/0644016067
oci:062104065925-0643018222,omid:br/062104065925,omid:br/0643018222
oci:062104065925-061703988861,omid:br/062104065925,omid:br/061703988861
oci:062104065925-061603979303,omid:br/062104065925,omid:br/061603979303
oci:062104065925-061603979281,omid:br/062104065925,omid:br/061603979281
oci:061503977943-06220449938,omid:br/061503977943,omid:br/06220449938
oci:061503977943-061603939015,omid:br/061503977943,omid:br/061603939015
oci:062304072555-061703644727,omid:br/062304072555,omid:br/061703644727
oci:062304072555-06220746409,omid:br/062304072555,omid:br/06220746409
oci:062204066526-062604186366,omid:br/062204066526,omid:br/062604186366
oci:062204066526-061202868449,omid:br/062204066526,omid:br/061202868449
oci:062204066526-061904070207,omid:br/062204066526,omid:br/061904070207
oci:062104065888-061904070194,omid:br/062104065888,omid:br/061904070194
oci:061703988436-061703945482,omid:br/061703988436,omid:br/061703945482
oci:061703988436-061804062475,omid:br/061703988436,omid:br/061804062475
oci:061703988436-061503977597,omid:br/061703988436,omid:br/061503977597
oci:062204066554-062304072468,omid:br/062204066554,omid:br/062304072468
oci:062204066554-062304072550,omid:br/062204066554,omid:br/062304072550
oci:062204066554-0643017975,omid:br/062204066554,omid:br/0643017975
oci:062104065879-061202868666,omid:br/062104065879,omid:br/061202868666
oci:062104065879-0644016320,omid:br/062104065879,omid:br/0644016320
oci:062104065879-0644016169,omid:br/062104065879,omid:br/0644016169
oci:062604186317-062304072499,omid:br/062604186317,omid:br/062304072499
oci:061703988467-06260448759,omid:br/061703988467,omid:br/06260448759
oci:0604370709-061603979085,omid:br/0604370709,omid:br/061603979085
oci:0604370709-062302059453,omid:br/0604370709,omid:br/062302059453
oci:0604370709-062102055816,omid:br/0604370709,omid:br/062102055816
oci:061503977974-061804062245,omid:br/061503977974,omid:br/061804062245
oci:061503977974-062504054673,omid:br/061503977974,omid:br/062504054673
oci:061503977974-06180962098,omid:br/061503977974,omid:br/06180962098
oci:061503977886-06602565835,omid:br/061503977886,omid:br/06602565835
oci:061503977886-0604081740,omid:br/061503977886,omid:br/0604081740
oci:061503977886-06703981449,omid:br/061503977886,omid:br/06703981449
oci:061503977886-061904070420,omid:br/061503977886,omid:br/061904070420
oci:061503977886-061603978668,omid:br/061503977886,omid:br/061603978668
oci:061503977886-062104065356,omid:br/061503977886,omid:br/062104065356
oci:061503977886-062104065381,omid:br/061503977886,omid:br/062104065381
oci:061503977886-062604186525,omid:br/061503977886,omid:br/062604186525
oci:061503977886-061603979065,omid:br/061503977886,omid:br/061603979065
oci:062604186269-061804061868,omid:br/062604186269,omid:br/061804061868
oci:062304072527-061603939225,omid:br/062304072527,omid:br/061603939225
oci:062304072527-061703987933,omid:br/062304072527,omid:br/061703987933
oci:062604186325-061804061907,omid:br/062604186325,omid:br/061804061907
oci:062604186325-061503977690,omid:br/062604186325,omid:br/061503977690
oci:062604186325-0643018225,omid:br/062604186325,omid:br/0643018225
oci:0604370761-06302628707,omid:br/0604370761,omid:br/06302628707
oci:0604370761-06201488412,omid:br/0604370761,omid:br/06201488412
oci:0604370761-06201488440,omid:br/0604370761,omid:br/06201488440
oci:0604370761-06201487741,omid:br/0604370761,omid:br/06201487741
oci:061503977924-061904070200,omid:br/061503977924,omid:br/061904070200
oci:062604186295-0604252544,omid:br/062604186295,omid:br/0604252544
oci:062604186295-062304072527,omid:br/062604186295,omid:br/062304072527
oci:062604186295-062304072495,omid:br/062604186295,omid:br/062304072495
oci:062604186295-062604186337,omid:br/062604186295,omid:br/062604186337
oci:062604186295-0643018187,omid:br/062604186295,omid:br/0643018187
oci:062604186295-0643018217,omid:br/062604186295,omid:br/0643018217
oci:062204066546-062103312223,omid:br/062204066546,omid:br/062103312223
oci:061703988452-062104065208,omid:br/061703988452,omid:br/062104065208
oci:061804061731-061202868631,omid:br/061804061731,omid:br/061202868631
oci:061804061731-0643018220,omid:br/061804061731,omid:br/0643018220
oci:061804061731-0670214784,omid:br/061804061731,omid:br/0670214784
oci:062104065856-061904070194,omid:br/062104065856,omid:br/061904070194
oci:062104065862-0630210425,omid:br/062104065862,omid:br/0630210425
oci:062104065862-0630210444,omid:br/062104065862,omid:br/0630210444
oci:062104065862-0630210258,omid:br/062104065862,omid:br/0630210258
oci:062604186328-0643018225,omid:br/062604186328,omid:br/0643018225
oci:062104065900-0630210425,omid:br/062104065900,omid:br/0630210425
oci:062104065900-0644016169,omid:br/062104065900,omid:br/0644016169
oci:061703988486-0610549376,omid:br/061703988486,omid:br/0610549376
oci:061703988486-0644016103,omid:br/061703988486,omid:br/0644016103
oci:061703988486-0644016121,omid:br/061703988486,omid:br/0644016121
oci:061703988486-061804062114,omid:br/061703988486,omid:br/061804062114
oci:061503977919-062604186315,omid:br/061503977919,omid:br/062604186315
oci:061703988438-061703945963,omid:br/061703988438,omid:br/061703945963
oci:061703988438-061603939254,omid:br/061703988438,omid:br/061603939254
oci:061703988438-061202868348,omid:br/061703988438,omid:br/061202868348
oci:061703988438-061703988129,omid:br/061703988438,omid:br/061703988129
oci:061703988438-061804062117,omid:br/061703988438,omid:br/061804062117
oci:062604186363-061603070591,omid:br/062604186363,omid:br/061603070591
oci:062604186363-06150540662,omid:br/062604186363,omid:br/06150540662
oci:062604186363-0644015997,omid:br/062604186363,omid:br/0644015997
oci:062604186363-0643018187,omid:br/062604186363,omid:br/0643018187
oci:062604186363-0643018217,omid:br/062604186363,omid:br/0643018217
oci:062604186363-0643018214,omid:br/062604186363,omid:br/0643018214
oci:062303576114-06902751742,omid:br/062303576114,omid:br/06902751742
oci:062104065861-061703988404,omid:br/062104065861,omid:br/061703988404
oci:062304072548-061702698164,omid:br/062304072548,omid:br/061702698164
oci:062304072548-06250599454,omid:br/062304072548,omid:br/06250599454
oci:062304072548-0644016056,omid:br/062304072548,omid:br/0644016056
oci:062604186302-0644016251,omid:br/062604186302,omid:br/0644016251
oci:062304072504-061703945979,omid:br/062304072504,omid:br/061703945979
oci:062304072504-061703945570,omid:br/062304072504,omid:br/061703945570
oci:062304072504-061703945194,omid:br/062304072504,omid:br/061703945194
oci:062104065853-0644016123,omid:br/062104065853,omid:br/0644016123
oci:062104065853-06250598702,omid:br/062104065853,omid:br/06250598702
oci:0604370750-0644016278,omid:br/0604370750,omid:br/0644016278
oci:062304072516-0670214921,omid:br/062304072516,omid:br/0670214921
oci:062304072516-0680216221,omid:br/062304072516,omid:br/0680216221
oci:062304072516-0644016075,omid:br/062304072516,omid:br/0644016075
oci:062604186309-06210454704,omid:br/062604186309,omid:br/06210454704
oci:062604186309-0644016250,omid:br/062604186309,omid:br/0644016250
oci:062604186309-062604186546,omid:br/062604186309,omid:br/062604186546
oci:061804061757-062402646291,omid:br/061804061757,omid:br/062402646291
oci:061804061757-06220939911,omid:br/061804061757,omid:br/06220939911
oci:062304072553-0634050364,omid:br/062304072553,omid:br/0634050364
oci:062304072553-061901758275,omid:br/062304072553,omid:br/061901758275
oci:062304072553-06170193680,omid:br/062304072553,omid:br/06170193680
oci:062304072553-062601498984,omid:br/062304072553,omid:br/062601498984
oci:062304072553-0670271821,omid:br/062304072553,omid:br/0670271821
oci:062304072553-061801168876,omid:br/062304072553,omid:br/061801168876
oci:062304072553-0630770184,omid:br/062304072553,omid:br/0630770184
oci:062304072553-06504012638,omid:br/062304072553,omid:br/06504012638
oci:062304072553-061403774331,omid:br/062304072553,omid:br/061403774331
oci:062304072553-06180848641,omid:br/062304072553,omid:br/06180848641
oci:062304072553-06190489304,omid:br/062304072553,omid:br/06190489304
oci:062304072553-0620175725,omid:br/062304072553,omid:br/0620175725
oci:062304072553-062503058384,omid:br/062304072553,omid:br/062503058384
oci:062304072553-0610496759,omid:br/062304072553,omid:br/0610496759
oci:062304072553-062603044890,omid:br/062304072553,omid:br/062603044890
oci:062304072553-06130212099,omid:br/062304072553,omid:br/06130212099
oci:062304072553-062401455345,omid:br/062304072553,omid:br/062401455345
oci:062304072553-06190799373,omid:br/062304072553,omid:br/06190799373
oci:062304072553-06703456616,omid:br/062304072553,omid:br/06703456616
oci:062304072553-061303631161,omid:br/062304072553,omid:br/061303631161
oci:062304072553-062101444352,omid:br/062304072553,omid:br/062101444352
oci:062304072553-06140408869,omid:br/062304072553,omid:br/06140408869
oci:062304072553-061403108743,omid:br/062304072553,omid:br/061403108743
oci:062604186306-061703988457,omid:br/062604186306,omid:br/061703988457
oci:062604186306-061804062093,omid:br/062604186306,omid:br/061804062093
oci:062204066514-062104065425,omid:br/062204066514,omid:br/062104065425
oci:062204066514-061804062518,omid:br/062204066514,omid:br/061804062518
oci:062204066514-0604442971,omid:br/062204066514,omid:br/0604442971
oci:062304072563-061301312997,omid:br/062304072563,omid:br/061301312997
oci:062304072563-06110491042,omid:br/062304072563,omid:br/06110491042
oci:062304072563-06160915033,omid:br/062304072563,omid:br/06160915033
oci:062304072563-0670948449,omid:br/062304072563,omid:br/0670948449
oci:062304072563-06503554426,omid:br/062304072563,omid:br/06503554426
oci:062304072563-06110490970,omid:br/062304072563,omid:br/06110490970
oci:062304072563-0660957234,omid:br/062304072563,omid:br/0660957234
oci:062304072563-06403519420,omid:br/062304072563,omid:br/06403519420
oci:062304072563-06601009287,omid:br/062304072563,omid:br/06601009287
oci:062304072563-06401011697,omid:br/062304072563,omid:br/06401011697
oci:062304072563-06110362622,omid:br/062304072563,omid:br/06110362622
oci:062304072563-06120842521,omid:br/062304072563,omid:br/06120842521
oci:062304072563-0660957337,omid:br/062304072563,omid:br/0660957337
oci:062304072563-06160915511,omid:br/062304072563,omid:br/06160915511
oci:062304072563-06203990007,omid:br/062304072563,omid:br/06203990007
oci:062304072563-062301167304,omid:br/062304072563,omid:br/062301167304
oci:062304072563-062601188513,omid:br/062304072563,omid:br/062601188513
oci:062304072563-06160915104,omid:br/062304072563,omid:br/06160915104
oci:062304072563-062203584958,omid:br/062304072563,omid:br/062203584958
oci:062304072563-061703512074,omid:br/062304072563,omid:br/061703512074
oci:062304072563-062101748031,omid:br/062304072563,omid:br/062101748031
oci:062304072563-06210354818,omid:br/062304072563,omid:br/06210354818
oci:062304072563-0631049741,omid:br/062304072563,omid:br/0631049741
oci:062304072563-06130845430,omid:br/062304072563,omid:br/06130845430
oci:062304072563-06140847878,omid:br/062304072563,omid:br/06140847878
oci:062304072563-06120842405,omid:br/062304072563,omid:br/06120842405
oci:062304072563-0670140709,omid:br/062304072563,omid:br/0670140709
oci:062304072563-0632048432,omid:br/062304072563,omid:br/0632048432
oci:062304072563-06401485948,omid:br/062304072563,omid:br/06401485948
oci:062104065911-062303055990,omid:br/062104065911,omid:br/062303055990
oci:062104065911-06160812308,omid:br/062104065911,omid:br/06160812308
oci:062104065911-062101091067,omid:br/062104065911,omid:br/062101091067
oci:062104065911-06160541750,omid:br/062104065911,omid:br/06160541750
oci:061503977922-061603978926,omid:br/061503977922,omid:br/061603978926
oci:061503977922-0604831858,omid:br/061503977922,omid:br/0604831858
oci:061804061754-0644016286,omid:br/061804061754,omid:br/0644016286
oci:062304072473-062101089285,omid:br/062304072473,omid:br/062101089285
oci:062304072473-062101089299,omid:br/062304072473,omid:br/062101089299
oci:062304072473-062101089264,omid:br/062304072473,omid:br/062101089264
oci:062304072473-062101089390,omid:br/062304072473,omid:br/062101089390
oci:062304072473-061904070128,omid:br/062304072473,omid:br/061904070128
oci:062304072483-06150541073,omid:br/062304072483,omid:br/06150541073
oci:062304072483-062104065803,omid:br/062304072483,omid:br/062104065803
oci:062204066520-061903586376,omid:br/062204066520,omid:br/061903586376
oci:0604370719-062604186321,omid:br/0604370719,omid:br/062604186321
oci:062304072558-06130536148,omid:br/062304072558,omid:br/06130536148
oci:062304072558-0670539191,omid:br/062304072558,omid:br/0670539191
oci:062304072558-062101833717,omid:br/062304072558,omid:br/062101833717
oci:062304072558-06120534740,omid:br/062304072558,omid:br/06120534740
oci:062304072558-06603480990,omid:br/062304072558,omid:br/06603480990
oci:062304072558-062204066263,omid:br/062304072558,omid:br/062204066263
oci:062304072558-062104065800,omid:br/062304072558,omid:br/062104065800
oci:061804061714-061703945434,omid:br/061804061714,omid:br/061703945434
oci:062304072532-062104065408,omid:br/062304072532,omid:br/062104065408
oci:062104065758-061303055793,omid:br/062104065758,omid:br/061303055793
oci:062104065758-06602565345,omid:br/062104065758,omid:br/06602565345
oci:062104065758-06170100227,omid:br/062104065758,omid:br/06170100227
oci:062104065758-06170100228,omid:br/062104065758,omid:br/06170100228
oci:062104065758-06302564312,omid:br/062104065758,omid:br/06302564312
oci:062104065758-06170100155,omid:br/062104065758,omid:br/06170100155
oci:061804061724-062104065910,omid:br/061804061724,omid:br/062104065910
oci:061804061724-0635023733,omid:br/061804061724,omid:br/0635023733
oci:061804061724-0644023366,omid:br/061804061724,omid:br/0644023366
oci:061804061724-0644023506,omid:br/061804061724,omid:br/0644023506
oci:061804061724-0644023697,omid:br/061804061724,omid:br/0644023697
oci:061703988432-061202868484,omid:br/061703988432,omid:br/061202868484
oci:061703988432-062204066815,omid:br/061703988432,omid:br/062204066815
oci:061703988432-061703988584,omid:br/061703988432,omid:br/061703988584
oci:061703988408-0604831850,omid:br/061703988408,omid:br/0604831850
oci:061703988408-0604831851,omid:br/061703988408,omid:br/0604831851
oci:061703988408-0644016340,omid:br/061703988408,omid:br/0644016340
oci:061703988408-0644016161,omid:br/061703988408,omid:br/0644016161
oci:062204066544-062101748110,omid:br/062204066544,omid:br/062101748110
oci:062204066544-06160915033,omid:br/062204066544,omid:br/06160915033
oci:062204066544-06210848139,omid:br/062204066544,omid:br/06210848139
oci:062204066544-06260154029,omid:br/062204066544,omid:br/06260154029
oci:062204066544-06160915105,omid:br/062204066544,omid:br/06160915105
oci:062204066544-061703604245,omid:br/062204066544,omid:br/061703604245
oci:061804061781-06220449455,omid:br/061804061781,omid:br/06220449455
oci:061703988468-061804061963,omid:br/061703988468,omid:br/061804061963
oci:061703988468-062104065380,omid:br/061703988468,omid:br/062104065380
oci:062204066518-061303920583,omid:br/062204066518,omid:br/061303920583
oci:062204066518-06220746743,omid:br/062204066518,omid:br/06220746743
oci:062204066518-06220746627,omid:br/062204066518,omid:br/06220746627
oci:062204066518-06220746666,omid:br/062204066518,omid:br/06220746666
oci:062204066518-061303920597,omid:br/062204066518,omid:br/061303920597
oci:062204066518-061303920620,omid:br/062204066518,omid:br/061303920620
oci:062204066518-061303920652,omid:br/062204066518,omid:br/061303920652
oci:062204066518-061303920760,omid:br/062204066518,omid:br/061303920760
oci:062204066518-0604831861,omid:br/062204066518,omid:br/0604831861
oci:062204066518-06460331975,omid:br/062204066518,omid:br/06460331975
oci:0604370745-06230608407,omid:br/0604370745,omid:br/06230608407
oci:0604370745-06220601006,omid:br/0604370745,omid:br/06220601006
oci:0604370745-06210602879,omid:br/0604370745,omid:br/06210602879
oci:061703988469-062103312033,omid:br/061703988469,omid:br/062103312033
oci:0604370739-06603485362,omid:br/0604370739,omid:br/06603485362
oci:0604370739-062301493127,omid:br/0604370739,omid:br/062301493127
oci:0604252568-06210540868,omid:br/0604252568,omid:br/06210540868
oci:0604252568-06250539079,omid:br/0604252568,omid:br/06250539079
oci:0604252568-0644016212,omid:br/0604252568,omid:br/0644016212
oci:0604252568-0644016356,omid:br/0604252568,omid:br/0644016356
oci:0604252573-0640431716,omid:br/0604252573,omid:br/0640431716
oci:0604252573-061603979041,omid:br/0604252573,omid:br/061603979041
oci:061503977976-06240233560,omid:br/061503977976,omid:br/06240233560
oci:061503977976-061101539194,omid:br/061503977976,omid:br/061101539194
oci:061503977976-06901552109,omid:br/061503977976,omid:br/06901552109
oci:061503977976-0670356288,omid:br/061503977976,omid:br/0670356288
oci:061503977976-06120596313,omid:br/061503977976,omid:br/06120596313
oci:061503977976-0645022399,omid:br/061503977976,omid:br/0645022399
oci:061503977976-06240590840,omid:br/061503977976,omid:br/06240590840
oci:061503977976-06210602862,omid:br/061503977976,omid:br/06210602862
oci:061503977976-0680608786,omid:br/061503977976,omid:br/0680608786
oci:061503977976-06190606299,omid:br/061503977976,omid:br/06190606299
oci:061503977976-06210602937,omid:br/061503977976,omid:br/06210602937
oci:061503977976-06240591764,omid:br/061503977976,omid:br/06240591764
oci:061503977976-06190606315,omid:br/061503977976,omid:br/06190606315
oci:061503977976-06210602880,omid:br/061503977976,omid:br/06210602880
oci:0604370731-06603485209,omid:br/0604370731,omid:br/06603485209
oci:0604370731-06503497041,omid:br/0604370731,omid:br/06503497041
oci:0604370731-061103717255,omid:br/0604370731,omid:br/061103717255
oci:0604370731-062301481793,omid:br/0604370731,omid:br/062301481793
oci:0604370731-06210602843,omid:br/0604370731,omid:br/06210602843
oci:0604370678-0643018056,omid:br/0604370678,omid:br/0643018056
oci:0604370678-06503496982,omid:br/0604370678,omid:br/06503496982
oci:061503977945-06602442383,omid:br/061503977945,omid:br/06602442383
oci:061503977945-06260364489,omid:br/061503977945,omid:br/06260364489
oci:061503977945-061901098586,omid:br/061503977945,omid:br/061901098586
oci:061503977945-062503021011,omid:br/061503977945,omid:br/062503021011
oci:061503977945-0643018221,omid:br/061503977945,omid:br/0643018221
oci:061503977945-06210602971,omid:br/061503977945,omid:br/06210602971
oci:061703988463-061503595548,omid:br/061703988463,omid:br/061503595548
oci:061703988463-061603979308,omid:br/061703988463,omid:br/061603979308
oci:062104065770-061101498417,omid:br/062104065770,omid:br/061101498417
oci:062104065770-061701688650,omid:br/062104065770,omid:br/061701688650
oci:062104065770-061401665662,omid:br/062104065770,omid:br/061401665662
oci:062104065770-061804061959,omid:br/062104065770,omid:br/061804061959
oci:062104065770-0644016258,omid:br/062104065770,omid:br/0644016258
oci:062204066534-0644016320,omid:br/062204066534,omid:br/0644016320
oci:062204066534-0643017934,omid:br/062204066534,omid:br/0643017934
oci:0604252572-06130535351,omid:br/0604252572,omid:br/06130535351
oci:0604252572-06110545298,omid:br/0604252572,omid:br/06110545298
oci:0604252572-0620861964,omid:br/0604252572,omid:br/0620861964
oci:0604252572-0680216460,omid:br/0604252572,omid:br/0680216460
oci:0604252572-06150152041,omid:br/0604252572,omid:br/06150152041
oci:0604252572-0604831843,omid:br/0604252572,omid:br/0604831843
oci:061503977927-06250599645,omid:br/061503977927,omid:br/06250599645
oci:061503977927-06210604225,omid:br/061503977927,omid:br/06210604225
oci:061503977927-06210604600,omid:br/061503977927,omid:br/06210604600
oci:061503977927-0640608310,omid:br/061503977927,omid:br/0640608310
oci:061503977927-0640608307,omid:br/061503977927,omid:br/0640608307
oci:061503977927-0610612673,omid:br/061503977927,omid:br/0610612673
oci:061303573717-06301799117,omid:br/061303573717,omid:br/06301799117
oci:061303573717-062304072915,omid:br/061303573717,omid:br/062304072915
oci:062104065764-0680216460,omid:br/062104065764,omid:br/0680216460
oci:062104065817-0670536829,omid:br/062104065817,omid:br/0670536829
oci:062104065817-06240532403,omid:br/062104065817,omid:br/06240532403
oci:062104065817-0644016305,omid:br/062104065817,omid:br/0644016305
oci:062104065817-062303564257,omid:br/062104065817,omid:br/062303564257
oci:062104065817-0644016216,omid:br/062104065817,omid:br/0644016216
oci:0604252618-06501521001,omid:br/0604252618,omid:br/06501521001
oci:0604252618-06303922016,omid:br/0604252618,omid:br/06303922016
oci:0604252618-06703526764,omid:br/0604252618,omid:br/06703526764
oci:0604252618-0644016203,omid:br/0604252618,omid:br/0644016203
oci:0604252537-061703945955,omid:br/0604252537,omid:br/061703945955
oci:0604252537-061603939130,omid:br/0604252537,omid:br/061603939130
oci:0604252537-06250151794,omid:br/0604252537,omid:br/06250151794
oci:0604252537-061703945953,omid:br/0604252537,omid:br/061703945953
oci:0604252541-06503954022,omid:br/0604252541,omid:br/06503954022
oci:0604252541-06250539079,omid:br/0604252541,omid:br/06250539079
oci:0604252541-0644016210,omid:br/0604252541,omid:br/0644016210
oci:0604252531-061303964841,omid:br/0604252531,omid:br/061303964841
oci:0604252531-061904070151,omid:br/0604252531,omid:br/061904070151
oci:0604252532-061801168752,omid:br/0604252532,omid:br/061801168752
oci:0604252532-06130535880,omid:br/0604252532,omid:br/06130535880
oci:0604252532-06120534275,omid:br/0604252532,omid:br/06120534275
oci:0604252532-061201691874,omid:br/0604252532,omid:br/061201691874
oci:0604252532-0644016218,omid:br/0604252532,omid:br/0644016218
oci:0604252532-0644016215,omid:br/0604252532,omid:br/0644016215
oci:0604252532-061904070499,omid:br/0604252532,omid:br/061904070499
oci:0604252535-0604081751,omid:br/0604252535,omid:br/0604081751
oci:0604252559-062502665685,omid:br/0604252559,omid:br/062502665685
oci:0604252559-06150541158,omid:br/0604252559,omid:br/06150541158
oci:0604252559-0680216460,omid:br/0604252559,omid:br/0680216460
oci:0604252559-062304072747,omid:br/0604252559,omid:br/062304072747
oci:0604252559-06204001308,omid:br/0604252559,omid:br/06204001308
oci:0604252559-061703988504,omid:br/0604252559,omid:br/061703988504
oci:0604252559-061703988792,omid:br/0604252559,omid:br/061703988792
oci:062104065840-06402573430,omid:br/062104065840,omid:br/06402573430
oci:062204066600-061603938652,omid:br/062204066600,omid:br/061603938652
oci:062204066600-062104065229,omid:br/062204066600,omid:br/062104065229
oci:062204066600-06250756836,omid:br/062204066600,omid:br/06250756836
oci:062204066530-061804062127,omid:br/062204066530,omid:br/061804062127
oci:062204066530-061703988259,omid:br/062204066530,omid:br/061703988259
oci:062204066530-061703988258,omid:br/062204066530,omid:br/061703988258
oci:062204066530-061804061860,omid:br/062204066530,omid:br/061804061860
oci:062204066530-061703988854,omid:br/062204066530,omid:br/061703988854
oci:062204066530-061703988869,omid:br/062204066530,omid:br/061703988869
oci:062204066530-061804062111,omid:br/062204066530,omid:br/061804062111
oci:062204066530-061703945381,omid:br/062204066530,omid:br/061703945381
oci:062204066530-0604370721,omid:br/062204066530,omid:br/0604370721
oci:0604252552-061301154520,omid:br/0604252552,omid:br/061301154520
oci:0604252552-061904070135,omid:br/0604252552,omid:br/061904070135
oci:0604252533-062101833717,omid:br/0604252533,omid:br/062101833717
oci:0604252533-06120533917,omid:br/0604252533,omid:br/06120533917
oci:0604252533-062204066263,omid:br/0604252533,omid:br/062204066263
oci:0604252590-0604831844,omid:br/0604252590,omid:br/0604831844
oci:0604252590-0660542098,omid:br/0604252590,omid:br/0660542098
oci:0604252590-0690612667,omid:br/0604252590,omid:br/0690612667
oci:0604252590-0650607737,omid:br/0604252590,omid:br/0650607737
oci:0604252590-06130597512,omid:br/0604252590,omid:br/06130597512
oci:062104065811-0620540444,omid:br/062104065811,omid:br/0620540444
oci:062104065811-06130597223,omid:br/062104065811,omid:br/06130597223
oci:062104065811-061202868348,omid:br/062104065811,omid:br/061202868348
oci:0604252576-061302194096,omid:br/0604252576,omid:br/061302194096
oci:062304072505-06401422584,omid:br/062304072505,omid:br/06401422584
oci:0604252612-061503977292,omid:br/0604252612,omid:br/061503977292
oci:062304072507-0604831846,omid:br/062304072507,omid:br/0604831846
oci:062304072507-062204066256,omid:br/062304072507,omid:br/062204066256
oci:061503977898-06602565835,omid:br/061503977898,omid:br/06602565835
oci:061503977898-062203320582,omid:br/061503977898,omid:br/062203320582
oci:061503977898-06702545211,omid:br/061503977898,omid:br/06702545211
oci:061503977898-061804061959,omid:br/061503977898,omid:br/061804061959
oci:0604252600-061202868384,omid:br/0604252600,omid:br/061202868384
oci:061503977937-06190324353,omid:br/061503977937,omid:br/06190324353
oci:061503977937-06402635921,omid:br/061503977937,omid:br/06402635921
oci:061503977937-0644016276,omid:br/061503977937,omid:br/0644016276
oci:061503977981-062104065932,omid:br/061503977981,omid:br/062104065932
oci:061503977981-062104065429,omid:br/061503977981,omid:br/062104065429
oci:061503977981-062104065418,omid:br/061503977981,omid:br/062104065418
oci:062104065831-061703945219,omid:br/062104065831,omid:br/061703945219
oci:062104065831-0680216331,omid:br/062104065831,omid:br/0680216331
oci:062204066548-06401422783,omid:br/062204066548,omid:br/06401422783
oci:062104065757-0680546475,omid:br/062104065757,omid:br/0680546475
oci:062104065757-0660542042,omid:br/062104065757,omid:br/0660542042
oci:062104065757-061903336447,omid:br/062104065757,omid:br/061903336447
oci:062104065757-0644016121,omid:br/062104065757,omid:br/0644016121
oci:062104065757-062604186484,omid:br/062104065757,omid:br/062604186484
oci:062204066597-061703988424,omid:br/062204066597,omid:br/061703988424
oci:061503977946-06802849005,omid:br/061503977946,omid:br/06802849005
oci:061503977946-0646016042,omid:br/061503977946,omid:br/0646016042
oci:061503977946-062104065370,omid:br/061503977946,omid:br/062104065370
oci:061503977946-062104065432,omid:br/061503977946,omid:br/062104065432
oci:061503977946-06303491025,omid:br/061503977946,omid:br/06303491025
oci:061503977946-06180602619,omid:br/061503977946,omid:br/06180602619
oci:061503977946-06210602940,omid:br/061503977946,omid:br/06210602940
oci:061503977946-062104065423,omid:br/061503977946,omid:br/062104065423
oci:061503977946-062104065358,omid:br/061503977946,omid:br/062104065358
oci:062104065820-06130535351,omid:br/062104065820,omid:br/06130535351
oci:062104065820-06110545298,omid:br/062104065820,omid:br/06110545298
oci:062104065820-06150152041,omid:br/062104065820,omid:br/06150152041
oci:062104065820-06240153946,omid:br/062104065820,omid:br/06240153946
oci:062104065820-06502850079,omid:br/062104065820,omid:br/06502850079
oci:062104065820-06203911354,omid:br/062104065820,omid:br/06203911354
oci:062104065820-06903518245,omid:br/062104065820,omid:br/06903518245
oci:062104065820-0680216460,omid:br/062104065820,omid:br/0680216460
oci:062104065820-062104065367,omid:br/062104065820,omid:br/062104065367
oci:062104065820-0604286045,omid:br/062104065820,omid:br/0604286045
oci:0604252539-06503496225,omid:br/0604252539,omid:br/06503496225
oci:0604252539-06240592389,omid:br/0604252539,omid:br/06240592389
oci:0604252539-06260619877,omid:br/0604252539,omid:br/06260619877
oci:0604252539-061601343957,omid:br/0604252539,omid:br/061601343957
oci:0604252539-0630611612,omid:br/0604252539,omid:br/0630611612
oci:061503977932-061601318440,omid:br/061503977932,omid:br/061601318440
oci:061503977932-06230460077,omid:br/061503977932,omid:br/06230460077
oci:061503977932-0644016051,omid:br/061503977932,omid:br/0644016051
oci:061503977932-06220449518,omid:br/061503977932,omid:br/06220449518
oci:061503977932-062204066815,omid:br/061503977932,omid:br/062204066815
oci:062103578054-06301799134,omid:br/062103578054,omid:br/06301799134
oci:062204066569-06903595444,omid:br/062204066569,omid:br/06903595444
oci:061503977903-06230460076,omid:br/061503977903,omid:br/06230460076
oci:061503977903-06230460082,omid:br/061503977903,omid:br/06230460082
oci:061503977903-0644016051,omid:br/061503977903,omid:br/0644016051
oci:062103970681-0643017972,omid:br/062103970681,omid:br/0643017972
oci:062103970681-0643017965,omid:br/062103970681,omid:br/0643017965
oci:062103970681-0644016026,omid:br/062103970681,omid:br/0644016026
oci:062103970681-0604020197,omid:br/062103970681,omid:br/0604020197
oci:062304072522-0660409698,omid:br/062304072522,omid:br/0660409698
oci:062304072522-06240590991,omid:br/062304072522,omid:br/06240590991
oci:062304072522-06210522325,omid:br/062304072522,omid:br/06210522325
oci:062304072522-06510290646,omid:br/062304072522,omid:br/06510290646
oci:062104065795-062503744296,omid:br/062104065795,omid:br/062503744296
oci:062104065795-06240713591,omid:br/062104065795,omid:br/06240713591
oci:062104065795-062503744498,omid:br/062104065795,omid:br/062503744498
oci:062104065795-06403491164,omid:br/062104065795,omid:br/06403491164
oci:062104065795-062104065222,omid:br/062104065795,omid:br/062104065222
oci:0604252578-06503496966,omid:br/0604252578,omid:br/06503496966
oci:0604252578-06170602020,omid:br/0604252578,omid:br/06170602020
oci:062304072512-062103312032,omid:br/062304072512,omid:br/062103312032
oci:062304072512-06210454881,omid:br/062304072512,omid:br/06210454881
oci:062304072512-0680696738,omid:br/062304072512,omid:br/0680696738
oci:062304072512-06180690967,omid:br/062304072512,omid:br/06180690967
oci:062304072512-0604252565,omid:br/062304072512,omid:br/0604252565
oci:061503977962-062304072747,omid:br/061503977962,omid:br/062304072747
oci:062104065785-06120534132,omid:br/062104065785,omid:br/06120534132
oci:062104065785-0644016265,omid:br/062104065785,omid:br/0644016265
oci:062304072502-0670539191,omid:br/062304072502,omid:br/0670539191
oci:062304072502-062101833717,omid:br/062304072502,omid:br/062101833717
oci:062304072502-062204066263,omid:br/062304072502,omid:br/062204066263
oci:062304072502-062104065800,omid:br/062304072502,omid:br/062104065800
oci:0604252556-0690529003,omid:br/0604252556,omid:br/0690529003
oci:0604252556-06190524294,omid:br/0604252556,omid:br/06190524294
oci:0604252556-06240592810,omid:br/0604252556,omid:br/06240592810
oci:062104065755-0680450080,omid:br/062104065755,omid:br/0680450080
oci:062104065755-06260503631,omid:br/062104065755,omid:br/06260503631
oci:062104065755-061903071554,omid:br/062104065755,omid:br/061903071554
oci:062104065755-06490224293,omid:br/062104065755,omid:br/06490224293
oci:062104065755-06120532889,omid:br/062104065755,omid:br/06120532889
oci:062104065755-0644016002,omid:br/062104065755,omid:br/0644016002
oci:062104065778-061503589668,omid:br/062104065778,omid:br/061503589668
oci:062104065778-0644016152,omid:br/062104065778,omid:br/0644016152
oci:062104065778-0648016366,omid:br/062104065778,omid:br/0648016366
oci:0604252543-061703945438,omid:br/0604252543,omid:br/061703945438
oci:0604252543-061603978926,omid:br/0604252543,omid:br/061603978926
oci:062304072493-06220449901,omid:br/062304072493,omid:br/06220449901
oci:062304072493-06110544282,omid:br/062304072493,omid:br/06110544282
oci:062304072493-061602893425,omid:br/062304072493,omid:br/061602893425
oci:062304072493-06704487888,omid:br/062304072493,omid:br/06704487888
oci:062304072493-061703945438,omid:br/062304072493,omid:br/061703945438
oci:062304072493-061603939301,omid:br/062304072493,omid:br/061603939301
oci:062304072493-0644016340,omid:br/062304072493,omid:br/0644016340
oci:062304072493-061703988242,omid:br/062304072493,omid:br/061703988242
oci:062304072493-0604831847,omid:br/062304072493,omid:br/0604831847
oci:062304072493-061804062036,omid:br/062304072493,omid:br/061804062036
oci:062204066586-062604186494,omid:br/062204066586,omid:br/062604186494
oci:062204066586-062104065854,omid:br/062204066586,omid:br/062104065854
oci:062204066586-062104065890,omid:br/062204066586,omid:br/062104065890
oci:062204066586-061603939216,omid:br/062204066586,omid:br/061603939216
oci:0604252599-061601465314,omid:br/0604252599,omid:br/061601465314
oci:0604252599-06602442383,omid:br/0604252599,omid:br/06602442383
oci:0604252599-06260364489,omid:br/0604252599,omid:br/06260364489
oci:0604252599-06210522325,omid:br/0604252599,omid:br/06210522325
oci:0604252565-06260448186,omid:br/0604252565,omid:br/06260448186
oci:0604252565-062103312032,omid:br/0604252565,omid:br/062103312032
oci:0604252605-0620540867,omid:br/0604252605,omid:br/0620540867
oci:0604252605-06120534560,omid:br/0604252605,omid:br/06120534560
oci:0604252605-06230459610,omid:br/0604252605,omid:br/06230459610
oci:0604252619-061603602110,omid:br/0604252619,omid:br/061603602110
oci:0604252619-062604186545,omid:br/0604252619,omid:br/062604186545
oci:0604252619-061503977470,omid:br/0604252619,omid:br/061503977470
oci:0604252619-061503977419,omid:br/0604252619,omid:br/061503977419
oci:062304072534-06210454881,omid:br/062304072534,omid:br/06210454881
oci:062304072534-06210454731,omid:br/062304072534,omid:br/06210454731
oci:062304072534-062101732077,omid:br/062304072534,omid:br/062101732077
oci:062304072534-06401422636,omid:br/062304072534,omid:br/06401422636
oci:062304072534-062201729884,omid:br/062304072534,omid:br/062201729884
oci:0604252575-0690547675,omid:br/0604252575,omid:br/0690547675
oci:0604252575-0620695771,omid:br/0604252575,omid:br/0620695771
oci:0604252575-061703988584,omid:br/0604252575,omid:br/061703988584
oci:0604252575-061904070273,omid:br/0604252575,omid:br/061904070273
oci:0604252575-061804062187,omid:br/0604252575,omid:br/061804062187
oci:0604252553-0690547556,omid:br/0604252553,omid:br/0690547556
oci:0604252553-061603979005,omid:br/0604252553,omid:br/061603979005
oci:06104008731-061804062036,omid:br/06104008731,omid:br/061804062036
oci:06104008731-0643017999,omid:br/06104008731,omid:br/0643017999
oci:06104008731-0643017945,omid:br/06104008731,omid:br/0643017945
oci:06104008731-0643018228,omid:br/06104008731,omid:br/0643018228
oci:06104008731-06802854542,omid:br/06104008731,omid:br/06802854542
oci:06104008731-0643018059,omid:br/06104008731,omid:br/0643018059
oci:062103563397-061804062015,omid:br/062103563397,omid:br/061804062015
oci:062103563397-0644016101,omid:br/062103563397,omid:br/0644016101
oci:061503977939-06120253040,omid:br/061503977939,omid:br/06120253040
oci:061503977939-0644016005,omid:br/061503977939,omid:br/0644016005
oci:061503977939-06190594689,omid:br/061503977939,omid:br/06190594689
oci:061503977939-062501047815,omid:br/061503977939,omid:br/062501047815
oci:062104065779-0604662201,omid:br/062104065779,omid:br/0604662201
oci:062104065779-061804061818,omid:br/062104065779,omid:br/061804061818
oci:062104065753-06150540980,omid:br/062104065753,omid:br/06150540980
oci:062104065753-061703946006,omid:br/062104065753,omid:br/061703946006
oci:062104065753-061603979049,omid:br/062104065753,omid:br/061603979049
oci:062104065823-0630488148,omid:br/062104065823,omid:br/0630488148
oci:062104065823-0630488883,omid:br/062104065823,omid:br/0630488883
oci:062104065823-06101142280,omid:br/062104065823,omid:br/06101142280
oci:062104065823-06402358408,omid:br/062104065823,omid:br/06402358408
oci:062104065823-062204066293,omid:br/062104065823,omid:br/062204066293
oci:062104065822-062601046094,omid:br/062104065822,omid:br/062601046094
oci:062104065822-06220737837,omid:br/062104065822,omid:br/06220737837
oci:062104065822-061904070148,omid:br/062104065822,omid:br/061904070148
oci:0604252609-061804062335,omid:br/0604252609,omid:br/061804062335
oci:0604252609-062304072377,omid:br/0604252609,omid:br/062304072377
oci:0604252571-06220688994,omid:br/0604252571,omid:br/06220688994
oci:0604252571-06260448236,omid:br/0604252571,omid:br/06260448236
oci:0604252571-061804062253,omid:br/0604252571,omid:br/061804062253
oci:0604252571-0644016106,omid:br/0604252571,omid:br/0644016106
oci:0604252540-061804062245,omid:br/0604252540,omid:br/061804062245
oci:06304001999-061201858901,omid:br/06304001999,omid:br/061201858901
oci:06304001999-062103563397,omid:br/06304001999,omid:br/062103563397
oci:06304001999-0644016101,omid:br/06304001999,omid:br/0644016101
oci:06304001999-0644016009,omid:br/06304001999,omid:br/0644016009
oci:0604252563-061603979120,omid:br/0604252563,omid:br/061603979120
oci:0604252546-062203320582,omid:br/0604252546,omid:br/062203320582
oci:0604252546-061403563003,omid:br/0604252546,omid:br/061403563003
oci:061503977904-061603979040,omid:br/061503977904,omid:br/061603979040
oci:062104065827-06701475625,omid:br/062104065827,omid:br/06701475625
oci:062104065827-0644015992,omid:br/062104065827,omid:br/0644015992
oci:062104065775-06510296668,omid:br/062104065775,omid:br/06510296668
oci:062104065775-061103727095,omid:br/062104065775,omid:br/061103727095
oci:062104065775-061901163099,omid:br/062104065775,omid:br/061901163099
oci:062104065775-06130894478,omid:br/062104065775,omid:br/06130894478
oci:062104065775-06160354428,omid:br/062104065775,omid:br/06160354428
oci:062104065775-061303695511,omid:br/062104065775,omid:br/061303695511
oci:062104065775-061202868440,omid:br/062104065775,omid:br/061202868440
oci:062104065775-061904070148,omid:br/062104065775,omid:br/061904070148
oci:062104065775-0644016103,omid:br/062104065775,omid:br/0644016103
oci:062104065775-0644016121,omid:br/062104065775,omid:br/0644016121
oci:062104065775-0644016029,omid:br/062104065775,omid:br/0644016029
oci:061503977921-061904070166,omid:br/061503977921,omid:br/061904070166
oci:061503977921-0610613288,omid:br/061503977921,omid:br/0610613288
oci:061503977921-062104065221,omid:br/061503977921,omid:br/062104065221
oci:061503977921-0640608151,omid:br/061503977921,omid:br/0640608151
oci:061503977921-0610613129,omid:br/061503977921,omid:br/0610613129
oci:061503977940-06404582206,omid:br/061503977940,omid:br/06404582206
oci:061503977940-061203766703,omid:br/061503977940,omid:br/061203766703
oci:061503977940-062603077326,omid:br/061503977940,omid:br/062603077326
oci:061503977940-061603978575,omid:br/061503977940,omid:br/061603978575
oci:061503977940-061703988613,omid:br/061503977940,omid:br/061703988613
oci:0604252551-06140351142,omid:br/0604252551,omid:br/06140351142
oci:0604252551-06510313204,omid:br/0604252551,omid:br/06510313204
oci:0604252551-06303913465,omid:br/0604252551,omid:br/06303913465
oci:0604252551-0610358236,omid:br/0604252551,omid:br/0610358236
oci:0604252551-0604831845,omid:br/0604252551,omid:br/0604831845
oci:0604252551-062203119716,omid:br/0604252551,omid:br/062203119716
oci:062104065756-0610497032,omid:br/062104065756,omid:br/0610497032
oci:062104065756-06210486752,omid:br/062104065756,omid:br/06210486752
oci:062104065756-06701475625,omid:br/062104065756,omid:br/06701475625
oci:062104065756-0660357788,omid:br/062104065756,omid:br/0660357788
oci:062104065756-06180253385,omid:br/062104065756,omid:br/06180253385
oci:062104065756-062403736510,omid:br/062104065756,omid:br/062403736510
oci:062104065756-061201295928,omid:br/062104065756,omid:br/061201295928
oci:062104065756-061103137769,omid:br/062104065756,omid:br/061103137769
oci:062104065756-06801145759,omid:br/062104065756,omid:br/06801145759
oci:062104065756-062403736061,omid:br/062104065756,omid:br/062403736061
oci:062104065756-06130211995,omid:br/062104065756,omid:br/06130211995
oci:061503977920-0644016320,omid:br/061503977920,omid:br/0644016320
oci:0604252534-061904070163,omid:br/0604252534,omid:br/061904070163
oci:062204066516-0643018193,omid:br/062204066516,omid:br/0643018193
oci:062204066516-0643018194,omid:br/062204066516,omid:br/0643018194
oci:0604252544-061804061907,omid:br/0604252544,omid:br/061804061907
oci:0604252544-061503977690,omid:br/0604252544,omid:br/061503977690
oci:061403562516-06110545121,omid:br/061403562516,omid:br/06110545121
oci:061403562516-062303497450,omid:br/061403562516,omid:br/062303497450
oci:061403562516-0644016191,omid:br/061403562516,omid:br/0644016191
oci:0604252529-062104065442,omid:br/0604252529,omid:br/062104065442
oci:062204066576-06402573631,omid:br/062204066576,omid:br/06402573631
oci:062204066576-06502381918,omid:br/062204066576,omid:br/06502381918
oci:062204066576-06260448698,omid:br/062204066576,omid:br/06260448698
oci:0604252528-062503744498,omid:br/0604252528,omid:br/062503744498
oci:062603984694-06220449872,omid:br/062603984694,omid:br/06220449872
oci:062603984694-0690108895,omid:br/062603984694,omid:br/0690108895
oci:062603984694-062503056069,omid:br/062603984694,omid:br/062503056069
oci:062603984694-06260448636,omid:br/062603984694,omid:br/06260448636
oci:061503977896-06701475990,omid:br/061503977896,omid:br/06701475990
oci:061503977896-0635036217,omid:br/061503977896,omid:br/0635036217
oci:062104065766-0636048979,omid:br/062104065766,omid:br/0636048979
oci:062104065766-0637050853,omid:br/062104065766,omid:br/0637050853
oci:062104065766-061601920603,omid:br/062104065766,omid:br/061601920603
oci:062104065766-06103932983,omid:br/062104065766,omid:br/06103932983
oci:062104065766-06230953541,omid:br/062104065766,omid:br/06230953541
oci:062104065766-0632048930,omid:br/062104065766,omid:br/0632048930
oci:062104065766-06503553890,omid:br/062104065766,omid:br/06503553890
oci:062104065766-062403053556,omid:br/062104065766,omid:br/062403053556
oci:062104065766-06103933009,omid:br/062104065766,omid:br/06103933009
oci:062104065766-06250347435,omid:br/062104065766,omid:br/06250347435
oci:062104065766-0630349709,omid:br/062104065766,omid:br/0630349709
oci:062104065766-062103053848,omid:br/062104065766,omid:br/062103053848
oci:062104065766-061601920766,omid:br/062104065766,omid:br/061601920766
oci:062104065766-06210515716,omid:br/062104065766,omid:br/06210515716
oci:062104065766-0632048281,omid:br/062104065766,omid:br/0632048281
oci:0604252567-06203467110,omid:br/0604252567,omid:br/06203467110
oci:0604252567-062103312203,omid:br/0604252567,omid:br/062103312203
oci:062104065806-061301861411,omid:br/062104065806,omid:br/061301861411
oci:062104065806-0610497032,omid:br/062104065806,omid:br/0610497032
oci:062104065806-06503554432,omid:br/062104065806,omid:br/06503554432
oci:062104065806-062303514796,omid:br/062104065806,omid:br/062303514796
oci:062104065806-06180253534,omid:br/062104065806,omid:br/06180253534
oci:062104065806-06703929469,omid:br/062104065806,omid:br/06703929469
oci:062104065806-061702130790,omid:br/062104065806,omid:br/061702130790
oci:062104065806-06160354428,omid:br/062104065806,omid:br/06160354428
oci:062104065806-06903739454,omid:br/062104065806,omid:br/06903739454
oci:062104065806-06320443119,omid:br/062104065806,omid:br/06320443119
oci:062104065806-06701475625,omid:br/062104065806,omid:br/06701475625
oci:062104065806-061103137769,omid:br/062104065806,omid:br/061103137769
oci:0604252582-062503056069,omid:br/0604252582,omid:br/062503056069
oci:0604252582-0644016199,omid:br/0604252582,omid:br/0644016199
oci:0604252549-061403949972,omid:br/0604252549,omid:br/061403949972
oci:0604252549-06220746619,omid:br/0604252549,omid:br/06220746619
oci:0604252549-06230459537,omid:br/0604252549,omid:br/06230459537
oci:0604252549-062204066940,omid:br/0604252549,omid:br/062204066940
oci:0604252610-061903336447,omid:br/0604252610,omid:br/061903336447
oci:0604252610-0644016302,omid:br/0604252610,omid:br/0644016302
oci:0604252610-061503977430,omid:br/0604252610,omid:br/061503977430
oci:0604252561-0644016251,omid:br/0604252561,omid:br/0644016251
oci:0604252579-0603906558,omid:br/0604252579,omid:br/0603906558
oci:0604252579-062503056069,omid:br/0604252579,omid:br/062503056069
oci:061603978871-06504598049,omid:br/061603978871,omid:br/06504598049
oci:062604186757-06902104432,omid:br/062604186757,omid:br/06902104432
oci:0604053052-062201729884,omid:br/0604053052,omid:br/062201729884
oci:0604053083-0643018239,omid:br/0604053083,omid:br/0643018239
oci:0604053083-061901739720,omid:br/0604053083,omid:br/061901739720
oci:0604053065-06220346495,omid:br/0604053065,omid:br/06220346495
oci:0604053078-062101089285,omid:br/0604053078,omid:br/062101089285
oci:0604053071-061904070278,omid:br/0604053071,omid:br/061904070278
oci:0604053044-061804061796,omid:br/0604053044,omid:br/061804061796
oci:0604053040-061804061802,omid:br/0604053040,omid:br/061804061802
oci:0604053040-06301745744,omid:br/0604053040,omid:br/06301745744
oci:062104065660-062104065933,omid:br/062104065660,omid:br/062104065933
oci:062104065749-0610497030,omid:br/062104065749,omid:br/0610497030
oci:062104065749-06240480927,omid:br/062104065749,omid:br/06240480927
oci:062104065749-061303920599,omid:br/062104065749,omid:br/061303920599
oci:062104065749-06202518599,omid:br/062104065749,omid:br/06202518599
oci:062104065749-0620355193,omid:br/062104065749,omid:br/0620355193
oci:062104065749-0650356460,omid:br/062104065749,omid:br/0650356460
oci:062104065749-061203658736,omid:br/062104065749,omid:br/061203658736
oci:062104065749-062204119189,omid:br/062104065749,omid:br/062204119189
oci:0604053081-0644016251,omid:br/0604053081,omid:br/0644016251
oci:062104065657-061804061716,omid:br/062104065657,omid:br/061804061716
oci:062104065657-062304072535,omid:br/062104065657,omid:br/062304072535
oci:062104065657-061503977738,omid:br/062104065657,omid:br/061503977738
oci:062104065657-061503977693,omid:br/062104065657,omid:br/061503977693
oci:062104065657-061703988662,omid:br/062104065657,omid:br/061703988662
oci:062104065657-06201061847,omid:br/062104065657,omid:br/06201061847
oci:062104065694-061103514663,omid:br/062104065694,omid:br/061103514663
oci:062104065692-0644016217,omid:br/062104065692,omid:br/0644016217
oci:062104065692-061804062557,omid:br/062104065692,omid:br/061804062557
oci:062104065692-0643018007,omid:br/062104065692,omid:br/0643018007
oci:062104065663-06430202304,omid:br/062104065663,omid:br/06430202304
oci:062104065663-06180602610,omid:br/062104065663,omid:br/06180602610
oci:062104065663-06803135012,omid:br/062104065663,omid:br/06803135012
oci:062104065663-06160603757,omid:br/062104065663,omid:br/06160603757
oci:062104065663-06140596948,omid:br/062104065663,omid:br/06140596948
oci:062104065663-0620356855,omid:br/062104065663,omid:br/0620356855
oci:062104065663-061701087064,omid:br/062104065663,omid:br/061701087064
oci:0604053066-06403176296,omid:br/0604053066,omid:br/06403176296
oci:0604053066-06220400786,omid:br/0604053066,omid:br/06220400786
oci:0604053066-06220400720,omid:br/0604053066,omid:br/06220400720
oci:0604053066-062104065235,omid:br/0604053066,omid:br/062104065235
oci:0604053066-062604186321,omid:br/0604053066,omid:br/062604186321
oci:062103991375-062304072642,omid:br/062103991375,omid:br/062304072642
oci:062103991375-06170603151,omid:br/062103991375,omid:br/06170603151
oci:062103991375-06130597183,omid:br/062103991375,omid:br/06130597183
oci:062103991375-0637018840,omid:br/062103991375,omid:br/0637018840
oci:062103991375-06260620101,omid:br/062103991375,omid:br/06260620101
oci:062104065742-06703987124,omid:br/062104065742,omid:br/06703987124
oci:062104065742-06130597395,omid:br/062104065742,omid:br/06130597395
oci:062104065742-061202868433,omid:br/062104065742,omid:br/061202868433
oci:062104065742-06160603731,omid:br/062104065742,omid:br/06160603731
oci:062104065742-061904070433,omid:br/062104065742,omid:br/061904070433
oci:062104065742-06160603729,omid:br/062104065742,omid:br/06160603729
oci:062104065742-06180602549,omid:br/062104065742,omid:br/06180602549
oci:062104065742-06110607189,omid:br/062104065742,omid:br/06110607189
oci:062104065742-061904070160,omid:br/062104065742,omid:br/061904070160
oci:062104065742-06160603737,omid:br/062104065742,omid:br/06160603737
oci:062104065742-0660408996,omid:br/062104065742,omid:br/0660408996
oci:062104065690-062201730186,omid:br/062104065690,omid:br/062201730186
oci:062104065690-062201730187,omid:br/062104065690,omid:br/062201730187
oci:062104065690-062201729733,omid:br/062104065690,omid:br/062201729733
oci:062104065690-0643017929,omid:br/062104065690,omid:br/0643017929
oci:062104065690-0604370734,omid:br/062104065690,omid:br/0604370734
oci:062104065690-0643018041,omid:br/062104065690,omid:br/0643018041
oci:062104065690-062101731420,omid:br/062104065690,omid:br/062101731420
oci:062104065669-062104065753,omid:br/062104065669,omid:br/062104065753
oci:062104065669-061703946006,omid:br/062104065669,omid:br/061703946006
oci:0604053031-062104065663,omid:br/0604053031,omid:br/062104065663
oci:0604053031-061804061796,omid:br/0604053031,omid:br/061804061796
oci:0604053084-061103717088,omid:br/0604053084,omid:br/061103717088
oci:062104065711-062104065366,omid:br/062104065711,omid:br/062104065366
oci:062104065711-062104065764,omid:br/062104065711,omid:br/062104065764
oci:062104065711-061703988411,omid:br/062104065711,omid:br/061703988411
oci:062104065711-062604186303,omid:br/062104065711,omid:br/062604186303
oci:0604053048-061801158592,omid:br/0604053048,omid:br/061801158592
oci:0604053048-061401151709,omid:br/0604053048,omid:br/061401151709
oci:0604053048-06120595307,omid:br/0604053048,omid:br/06120595307
oci:0649068188-0630210425,omid:br/0649068188,omid:br/0630210425
oci:062104065695-06250846576,omid:br/062104065695,omid:br/06250846576
oci:062104065688-062601096991,omid:br/062104065688,omid:br/062601096991
oci:0604053039-062304072191,omid:br/0604053039,omid:br/062304072191
oci:0604053039-061603978944,omid:br/0604053039,omid:br/061603978944
oci:062104065653-0643018149,omid:br/062104065653,omid:br/0643018149
oci:0604053051-06801608312,omid:br/0604053051,omid:br/06801608312
oci:062104065720-061903681073,omid:br/062104065720,omid:br/061903681073
oci:062104065720-061202117740,omid:br/062104065720,omid:br/061202117740
oci:062104065720-061702131202,omid:br/062104065720,omid:br/061702131202
oci:062104065681-06470280053,omid:br/062104065681,omid:br/06470280053
oci:062104065681-0643017872,omid:br/062104065681,omid:br/0643017872
oci:062104065681-0643017875,omid:br/062104065681,omid:br/0643017875
oci:062104065710-062104065380,omid:br/062104065710,omid:br/062104065380
oci:062104065710-061703988437,omid:br/062104065710,omid:br/061703988437
oci:062104065655-06801608312,omid:br/062104065655,omid:br/06801608312
oci:062104065655-06301745733,omid:br/062104065655,omid:br/06301745733
oci:062104065655-061904070201,omid:br/062104065655,omid:br/061904070201
oci:0604053058-061804061716,omid:br/0604053058,omid:br/061804061716
oci:0604053058-062104065657,omid:br/0604053058,omid:br/062104065657
oci:0604053058-061804062208,omid:br/0604053058,omid:br/061804062208
oci:062104065731-0644016208,omid:br/062104065731,omid:br/0644016208
oci:062104065731-061904070207,omid:br/062104065731,omid:br/061904070207
oci:0604053123-061703945570,omid:br/0604053123,omid:br/061703945570
oci:0604053123-062304072504,omid:br/0604053123,omid:br/062304072504
oci:0604053123-061703945194,omid:br/0604053123,omid:br/061703945194
oci:0604053123-061703945979,omid:br/0604053123,omid:br/061703945979
oci:0604053121-061202868631,omid:br/0604053121,omid:br/061202868631
oci:0604053121-0643018007,omid:br/0604053121,omid:br/0643018007
oci:0604053121-061804061762,omid:br/0604053121,omid:br/061804061762
oci:0604053121-062104065232,omid:br/0604053121,omid:br/062104065232
oci:0604053121-061904070118,omid:br/0604053121,omid:br/061904070118
oci:0604053121-06250846690,omid:br/0604053121,omid:br/06250846690
oci:0604053097-062304072550,omid:br/0604053097,omid:br/062304072550
oci:0604053097-0643017975,omid:br/0604053097,omid:br/0643017975
oci:0604053062-061503977967,omid:br/0604053062,omid:br/061503977967
oci:0604053110-062304072534,omid:br/0604053110,omid:br/062304072534
oci:0604053072-06504699138,omid:br/0604053072,omid:br/06504699138
oci:0604053109-06401509005,omid:br/0604053109,omid:br/06401509005
oci:0604053109-0604831862,omid:br/0604053109,omid:br/0604831862
oci:0604053099-06504699138,omid:br/0604053099,omid:br/06504699138
oci:06403992707-06203227650,omid:br/06403992707,omid:br/06203227650
oci:06403992707-06401508890,omid:br/06403992707,omid:br/06401508890
oci:0604053047-06401422559,omid:br/0604053047,omid:br/06401422559
oci:0604053047-06120252842,omid:br/0604053047,omid:br/06120252842
oci:0604053047-061703988401,omid:br/0604053047,omid:br/061703988401
oci:0604053047-0643017774,omid:br/0604053047,omid:br/0643017774
oci:0604053122-0643018193,omid:br/0604053122,omid:br/0643018193
oci:0604053122-0643018194,omid:br/0604053122,omid:br/0643018194
oci:0604053108-06260448753,omid:br/0604053108,omid:br/06260448753
oci:0604053108-061503977909,omid:br/0604053108,omid:br/061503977909
oci:0604053108-06401422679,omid:br/0604053108,omid:br/06401422679
oci:0604053108-0643018001,omid:br/0604053108,omid:br/0643018001
oci:0604053108-06302613348,omid:br/0604053108,omid:br/06302613348
oci:0604053108-06260448722,omid:br/0604053108,omid:br/06260448722
oci:0604053055-0644016340,omid:br/0604053055,omid:br/0644016340
oci:0604053055-06160541061,omid:br/0604053055,omid:br/06160541061
oci:0604053055-0644016039,omid:br/0604053055,omid:br/0644016039
oci:0604053043-062402045628,omid:br/0604053043,omid:br/062402045628
oci:0604053043-062402045876,omid:br/0604053043,omid:br/062402045876
oci:0604053043-06240481126,omid:br/0604053043,omid:br/06240481126
oci:0604053043-061302051532,omid:br/0604053043,omid:br/061302051532
oci:0604053043-061302051530,omid:br/0604053043,omid:br/061302051530
oci:0604053043-061302051524,omid:br/0604053043,omid:br/061302051524
oci:0604053043-062402427737,omid:br/0604053043,omid:br/062402427737
oci:0604053086-062402045690,omid:br/0604053086,omid:br/062402045690
oci:0604053086-062402045658,omid:br/0604053086,omid:br/062402045658
oci:0604053086-06410218572,omid:br/0604053086,omid:br/06410218572
oci:062304072355-06403041105,omid:br/062304072355,omid:br/06403041105
oci:061904069968-0660486755,omid:br/061904069968,omid:br/0660486755
oci:062104065303-062202609602,omid:br/062104065303,omid:br/062202609602
oci:062104065330-062501859416,omid:br/062104065330,omid:br/062501859416
oci:062104065330-062501859462,omid:br/062104065330,omid:br/062501859462
oci:062104065330-06240284545,omid:br/062104065330,omid:br/06240284545
oci:062104065330-062101408181,omid:br/062104065330,omid:br/062101408181
