id,citing,cited
oci:0604605766-06201765928,omid:br/0604605766,omid:br/06201765928
oci:06104024116-06140169340,omid:br/06104024116,omid:br/06140169340
oci:06104024116-061301286696,omid:br/06104024116,omid:br/061301286696
oci:06104024116-06601296380,omid:br/06104024116,omid:br/06601296380
oci:06104024116-062302744325,omid:br/06104024116,omid:br/062302744325
oci:06104024116-06130446093,omid:br/06104024116,omid:br/06130446093
oci:06104024116-06201765799,omid:br/06104024116,omid:br/06201765799
oci:06104024116-06403712335,omid:br/06104024116,omid:br/06403712335
oci:06104024116-061703772230,omid:br/06104024116,omid:br/061703772230
oci:06104024116-061503742998,omid:br/06104024116,omid:br/061503742998
oci:06104024116-06601296374,omid:br/06104024116,omid:br/06601296374
oci:06104024116-062302735855,omid:br/06104024116,omid:br/062302735855
oci:06104024116-061503768963,omid:br/06104024116,omid:br/061503768963
oci:0604605734-061903302297,omid:br/0604605734,omid:br/061903302297
oci:0604605717-061102843596,omid:br/0604605717,omid:br/061102843596
oci:06604008338-062501702636,omid:br/06604008338,omid:br/062501702636
oci:06604008338-0660259976,omid:br/06604008338,omid:br/0660259976
oci:06604008338-0610981529,omid:br/06604008338,omid:br/0610981529
oci:06604008338-0650258739,omid:br/06604008338,omid:br/0650258739
oci:06604008338-06504008549,omid:br/06604008338,omid:br/06504008549
oci:06604008338-06103448741,omid:br/06604008338,omid:br/06103448741
oci:06604008338-0610981448,omid:br/06604008338,omid:br/0610981448
oci:062203564298-06104024116,omid:br/062203564298,omid:br/06104024116
oci:0604605751-06190324134,omid:br/0604605751,omid:br/06190324134
oci:0604605735-061102843596,omid:br/0604605735,omid:br/061102843596
oci:0604605739-06220708794,omid:br/0604605739,omid:br/06220708794
oci:0604605790-06110362247,omid:br/0604605790,omid:br/06110362247
oci:0604605790-061503703832,omid:br/0604605790,omid:br/061503703832
oci:0604605775-0604844837,omid:br/0604605775,omid:br/0604844837
oci:0604605741-06901668775,omid:br/0604605741,omid:br/06901668775
oci:0604605725-06501386311,omid:br/0604605725,omid:br/06501386311
oci:0604605725-061402848715,omid:br/0604605725,omid:br/061402848715
oci:0604605725-062503308058,omid:br/0604605725,omid:br/062503308058
oci:0604605725-061602826064,omid:br/0604605725,omid:br/061602826064
oci:0604605725-0640996580,omid:br/0604605725,omid:br/0640996580
oci:0604605725-06303257207,omid:br/0604605725,omid:br/06303257207
oci:0604605725-061502872960,omid:br/0604605725,omid:br/061502872960
oci:0604605725-0604605780,omid:br/0604605725,omid:br/0604605780
oci:0604605725-061602878837,omid:br/0604605725,omid:br/061602878837
oci:0604605725-062602860354,omid:br/0604605725,omid:br/062602860354
oci:0604605725-061203631521,omid:br/0604605725,omid:br/061203631521
oci:0604605725-0652044724,omid:br/0604605725,omid:br/0652044724
oci:0604605755-061101257209,omid:br/0604605755,omid:br/061101257209
oci:0604605755-06150935502,omid:br/0604605755,omid:br/06150935502
oci:0604605755-062503048048,omid:br/0604605755,omid:br/062503048048
oci:0604605755-06180355814,omid:br/0604605755,omid:br/06180355814
oci:0604605755-061901649362,omid:br/0604605755,omid:br/061901649362
oci:0604605755-062201582851,omid:br/0604605755,omid:br/062201582851
oci:0604605755-06702321790,omid:br/0604605755,omid:br/06702321790
oci:0604605785-061103054337,omid:br/0604605785,omid:br/061103054337
oci:0604605785-061103053906,omid:br/0604605785,omid:br/061103053906
oci:06490235782-06190939454,omid:br/06490235782,omid:br/06190939454
oci:06490235782-0640202423,omid:br/06490235782,omid:br/0640202423
oci:06490235782-06230930821,omid:br/06490235782,omid:br/06230930821
oci:06490235782-06160942354,omid:br/06490235782,omid:br/06160942354
oci:06490235782-06210929452,omid:br/06490235782,omid:br/06210929452
oci:06490235782-06230930807,omid:br/06490235782,omid:br/06230930807
oci:06490235782-06260954516,omid:br/06490235782,omid:br/06260954516
oci:06520233765-06260954139,omid:br/06520233765,omid:br/06260954139
oci:06520233765-061601077796,omid:br/06520233765,omid:br/061601077796
oci:06520233778-06240915276,omid:br/06520233778,omid:br/06240915276
oci:06520233778-062401229437,omid:br/06520233778,omid:br/062401229437
oci:06520233778-06902899096,omid:br/06520233778,omid:br/06902899096
oci:06520233778-06902899880,omid:br/06520233778,omid:br/06902899880
oci:06520233778-06110234886,omid:br/06520233778,omid:br/06110234886
oci:06520233778-06902899269,omid:br/06520233778,omid:br/06902899269
oci:06520233778-06180231054,omid:br/06520233778,omid:br/06180231054
oci:06520233778-06240916107,omid:br/06520233778,omid:br/06240916107
oci:06520233778-06250927733,omid:br/06520233778,omid:br/06250927733
oci:06520233754-06170939919,omid:br/06520233754,omid:br/06170939919
oci:06520233754-06240915446,omid:br/06520233754,omid:br/06240915446
oci:06520233754-06170939928,omid:br/06520233754,omid:br/06170939928
oci:06520233754-06170940341,omid:br/06520233754,omid:br/06170940341
oci:06520233754-061601078332,omid:br/06520233754,omid:br/061601078332
oci:06520233754-0618084363,omid:br/06520233754,omid:br/0618084363
oci:06520233754-061602881187,omid:br/06520233754,omid:br/061602881187
oci:06520233754-061701075189,omid:br/06520233754,omid:br/061701075189
oci:06520233754-0621085165,omid:br/06520233754,omid:br/0621085165
oci:06520233754-061701074989,omid:br/06520233754,omid:br/061701074989
oci:06490235730-0610614844,omid:br/06490235730,omid:br/0610614844
oci:06490235730-06220435078,omid:br/06490235730,omid:br/06220435078
oci:06490235730-06180229493,omid:br/06490235730,omid:br/06180229493
oci:06490235730-062203754383,omid:br/06490235730,omid:br/062203754383
oci:061803951504-0640989731,omid:br/061803951504,omid:br/0640989731
oci:061803951504-06250812430,omid:br/061803951504,omid:br/06250812430
oci:061803951504-061201456043,omid:br/061803951504,omid:br/061201456043
oci:061803951504-061201455862,omid:br/061803951504,omid:br/061201455862
oci:061803951504-061301457910,omid:br/061803951504,omid:br/061301457910
oci:06490235729-0650255338,omid:br/06490235729,omid:br/0650255338
oci:06490235729-0650255350,omid:br/06490235729,omid:br/0650255350
oci:06490235729-061504048539,omid:br/06490235729,omid:br/061504048539
oci:06490235723-06102536716,omid:br/06490235723,omid:br/06102536716
oci:06490235723-06190939449,omid:br/06490235723,omid:br/06190939449
oci:06490235723-0670201046,omid:br/06490235723,omid:br/0670201046
oci:06490235723-061903577589,omid:br/06490235723,omid:br/061903577589
oci:061403567029-06480232005,omid:br/061403567029,omid:br/06480232005
oci:061403567029-06260954503,omid:br/061403567029,omid:br/06260954503
oci:061403567029-06260954462,omid:br/061403567029,omid:br/06260954462
oci:061403567029-06190938802,omid:br/061403567029,omid:br/06190938802
oci:061403567029-06260954385,omid:br/061403567029,omid:br/06260954385
oci:061403567029-06180930735,omid:br/061403567029,omid:br/06180930735
oci:061403567029-061601177553,omid:br/061403567029,omid:br/061601177553
oci:06510242761-06260924352,omid:br/06510242761,omid:br/06260924352
oci:06510242761-062403012820,omid:br/06510242761,omid:br/062403012820
oci:06520233154-062401460774,omid:br/06520233154,omid:br/062401460774
oci:06520233154-06170742612,omid:br/06520233154,omid:br/06170742612
oci:06490235776-06210354843,omid:br/06490235776,omid:br/06210354843
oci:06490235776-061103590793,omid:br/06490235776,omid:br/061103590793
oci:06490235776-06240916225,omid:br/06490235776,omid:br/06240916225
oci:06520233166-06601528084,omid:br/06520233166,omid:br/06601528084
oci:06490235790-06140226312,omid:br/06490235790,omid:br/06140226312
oci:06490235790-06601289132,omid:br/06490235790,omid:br/06601289132
oci:06490235755-06240915726,omid:br/06490235755,omid:br/06240915726
oci:06490235755-06170939826,omid:br/06490235755,omid:br/06170939826
oci:06490235743-061301330204,omid:br/06490235743,omid:br/061301330204
oci:06490235743-062202414649,omid:br/06490235743,omid:br/062202414649
oci:06490235743-062101105236,omid:br/06490235743,omid:br/062101105236
oci:06490235743-062201106782,omid:br/06490235743,omid:br/062201106782
oci:06490235743-061301450112,omid:br/06490235743,omid:br/061301450112
oci:06490235743-061301450471,omid:br/06490235743,omid:br/061301450471
oci:06490235743-061201449268,omid:br/06490235743,omid:br/061201449268
oci:06490235743-062501101874,omid:br/06490235743,omid:br/062501101874
oci:06490235743-0650990641,omid:br/06490235743,omid:br/0650990641
oci:06490235743-06603906996,omid:br/06490235743,omid:br/06603906996
oci:06490235743-061501784738,omid:br/06490235743,omid:br/061501784738
oci:06490235767-061504048544,omid:br/06490235767,omid:br/061504048544
oci:06490235767-061201455995,omid:br/06490235767,omid:br/061201455995
oci:06490235767-06260835719,omid:br/06490235767,omid:br/06260835719
oci:06490235767-06601461277,omid:br/06490235767,omid:br/06601461277
oci:06490235767-061401063068,omid:br/06490235767,omid:br/061401063068
oci:06490235767-061201455944,omid:br/06490235767,omid:br/061201455944
oci:06490235767-061301457435,omid:br/06490235767,omid:br/061301457435
oci:06490235767-061201455776,omid:br/06490235767,omid:br/061201455776
oci:06490235767-061201455948,omid:br/06490235767,omid:br/061201455948
oci:06490235767-061301457563,omid:br/06490235767,omid:br/061301457563
oci:06490235767-06103225250,omid:br/06490235767,omid:br/06103225250
oci:06490235767-0640989508,omid:br/06490235767,omid:br/0640989508
oci:06490235767-06803728725,omid:br/06490235767,omid:br/06803728725
oci:06490235733-062706369,omid:br/06490235733,omid:br/062706369
oci:06490235733-061201455959,omid:br/06490235733,omid:br/061201455959
oci:06490235733-061301457375,omid:br/06490235733,omid:br/061301457375
oci:06490235733-06220434157,omid:br/06490235733,omid:br/06220434157
oci:06490235733-061201456450,omid:br/06490235733,omid:br/061201456450
oci:06490235733-06703192486,omid:br/06490235733,omid:br/06703192486
oci:06490235733-062501101874,omid:br/06490235733,omid:br/062501101874
oci:06490235733-0610690155,omid:br/06490235733,omid:br/0610690155
oci:062103564027-06701520939,omid:br/062103564027,omid:br/06701520939
oci:061103600164-06230930603,omid:br/061103600164,omid:br/06230930603
oci:061103600164-06190939060,omid:br/061103600164,omid:br/06190939060
oci:061103600164-061401063225,omid:br/061103600164,omid:br/061401063225
oci:061103600164-06240915461,omid:br/061103600164,omid:br/06240915461
oci:061103600164-061401063678,omid:br/061103600164,omid:br/061401063678
oci:061103600164-061401063289,omid:br/061103600164,omid:br/061401063289
oci:06490235758-061503505585,omid:br/06490235758,omid:br/061503505585
oci:06490235758-06480231635,omid:br/06490235758,omid:br/06480231635
oci:06490235758-06260954257,omid:br/06490235758,omid:br/06260954257
oci:06490235758-06490235627,omid:br/06490235758,omid:br/06490235627
oci:06490235793-06180323057,omid:br/06490235793,omid:br/06180323057
oci:06490235793-061701075310,omid:br/06490235793,omid:br/061701075310
oci:06490235793-061601586319,omid:br/06490235793,omid:br/061601586319
oci:06490235793-06190637486,omid:br/06490235793,omid:br/06190637486
oci:06490235793-06430213330,omid:br/06490235793,omid:br/06430213330
oci:06490235793-06430213324,omid:br/06490235793,omid:br/06430213324
oci:06510242772-062601602689,omid:br/06510242772,omid:br/062601602689
oci:06490235698-061401506262,omid:br/06490235698,omid:br/061401506262
oci:06490235698-0620291780,omid:br/06490235698,omid:br/0620291780
oci:06490235698-06301529288,omid:br/06490235698,omid:br/06301529288
oci:06490235698-061902620579,omid:br/06490235698,omid:br/061902620579
oci:06490235698-0660296056,omid:br/06490235698,omid:br/0660296056
oci:06490235698-06220478944,omid:br/06490235698,omid:br/06220478944
oci:06490235698-0650293157,omid:br/06490235698,omid:br/0650293157
oci:06490235698-0640297595,omid:br/06490235698,omid:br/0640297595
oci:06490235792-06150487038,omid:br/06490235792,omid:br/06150487038
oci:06490235792-062501564056,omid:br/06490235792,omid:br/062501564056
oci:06490235792-0680565188,omid:br/06490235792,omid:br/0680565188
oci:06490235706-06402333888,omid:br/06490235706,omid:br/06402333888
oci:06490235706-062602639900,omid:br/06490235706,omid:br/062602639900
oci:06490235746-06480231635,omid:br/06490235746,omid:br/06480231635
oci:06490235746-06520233285,omid:br/06490235746,omid:br/06520233285
oci:06490235746-06902899718,omid:br/06490235746,omid:br/06902899718
oci:06490235763-061403328533,omid:br/06490235763,omid:br/061403328533
oci:06490235763-061801440484,omid:br/06490235763,omid:br/061801440484
oci:06490235763-06250927740,omid:br/06490235763,omid:br/06250927740
oci:06490235763-06901462286,omid:br/06490235763,omid:br/06901462286
oci:06490235763-061703889997,omid:br/06490235763,omid:br/061703889997
oci:06490235763-06260954174,omid:br/06490235763,omid:br/06260954174
oci:06490235763-06260954427,omid:br/06490235763,omid:br/06260954427
oci:06490235763-06601180052,omid:br/06490235763,omid:br/06601180052
oci:06490235763-06520233327,omid:br/06490235763,omid:br/06520233327
oci:06490235763-06210929925,omid:br/06490235763,omid:br/06210929925
oci:06490235763-06260502984,omid:br/06490235763,omid:br/06260502984
oci:06490235763-061701074989,omid:br/06490235763,omid:br/061701074989
oci:06490235763-06230931070,omid:br/06490235763,omid:br/06230931070
oci:06504000021-061101448413,omid:br/06504000021,omid:br/061101448413
oci:06504000021-06104005172,omid:br/06504000021,omid:br/06104005172
oci:06490235740-06603294158,omid:br/06490235740,omid:br/06603294158
oci:06490235740-06480232231,omid:br/06490235740,omid:br/06480232231
oci:06490235757-06240915454,omid:br/06490235757,omid:br/06240915454
oci:06490235757-061401062773,omid:br/06490235757,omid:br/061401062773
oci:06490235757-062502442502,omid:br/06490235757,omid:br/062502442502
oci:06490235757-062402440066,omid:br/06490235757,omid:br/062402440066
oci:06490235757-061302207163,omid:br/06490235757,omid:br/061302207163
oci:06490235757-061401063661,omid:br/06490235757,omid:br/061401063661
oci:06490235757-061401063231,omid:br/06490235757,omid:br/061401063231
oci:06490235757-061401063297,omid:br/06490235757,omid:br/061401063297
oci:06490235757-06510242209,omid:br/06490235757,omid:br/06510242209
oci:06490235745-06240915726,omid:br/06490235745,omid:br/06240915726
oci:06490235745-061201456054,omid:br/06490235745,omid:br/061201456054
oci:06490235745-06202839457,omid:br/06490235745,omid:br/06202839457
oci:06490235745-06102853468,omid:br/06490235745,omid:br/06102853468
oci:061803576608-06250927733,omid:br/061803576608,omid:br/06250927733
oci:061803576608-061601012966,omid:br/061803576608,omid:br/061601012966
oci:061803576608-0660596062,omid:br/061803576608,omid:br/0660596062
oci:06490235774-06703192486,omid:br/06490235774,omid:br/06703192486
oci:06490235774-06250812798,omid:br/06490235774,omid:br/06250812798
oci:06490235739-06210929570,omid:br/06490235739,omid:br/06210929570
oci:06490235737-062402440066,omid:br/06490235737,omid:br/062402440066
oci:06490235737-061401062773,omid:br/06490235737,omid:br/061401062773
oci:061903592226-062403012820,omid:br/061903592226,omid:br/062403012820
oci:06490235663-06701515650,omid:br/06490235663,omid:br/06701515650
oci:06490235742-06301550166,omid:br/06490235742,omid:br/06301550166
oci:06490235742-06230931058,omid:br/06490235742,omid:br/06230931058
oci:06490235742-0630228198,omid:br/06490235742,omid:br/0630228198
oci:06490235742-06190939158,omid:br/06490235742,omid:br/06190939158
oci:06490235742-061401062938,omid:br/06490235742,omid:br/061401062938
oci:06490235685-061102631079,omid:br/06490235685,omid:br/061102631079
oci:06490235787-06180931033,omid:br/06490235787,omid:br/06180931033
oci:06490235787-061401063675,omid:br/06490235787,omid:br/061401063675
oci:06803978779-06260954158,omid:br/06803978779,omid:br/06260954158
oci:06803978779-06260954277,omid:br/06803978779,omid:br/06260954277
oci:06490235764-06190939335,omid:br/06490235764,omid:br/06190939335
oci:06490235764-06430213700,omid:br/06490235764,omid:br/06430213700
oci:06490235764-06202607412,omid:br/06490235764,omid:br/06202607412
oci:06490235789-06260954337,omid:br/06490235789,omid:br/06260954337
oci:06490235761-06603920140,omid:br/06490235761,omid:br/06603920140
oci:06490235761-061201455959,omid:br/06490235761,omid:br/061201455959
oci:06490235761-061301457713,omid:br/06490235761,omid:br/061301457713
oci:06490235761-06703192486,omid:br/06490235761,omid:br/06703192486
oci:06490235761-061201455937,omid:br/06490235761,omid:br/061201455937
oci:06490235761-061201456450,omid:br/06490235761,omid:br/061201456450
oci:06490235761-061301457711,omid:br/06490235761,omid:br/061301457711
oci:06490235761-06103225318,omid:br/06490235761,omid:br/06103225318
oci:06490235761-061201455956,omid:br/06490235761,omid:br/061201455956
oci:06490235761-06250812798,omid:br/06490235761,omid:br/06250812798
oci:06490235761-061504048542,omid:br/06490235761,omid:br/061504048542
oci:06490235761-06603906996,omid:br/06490235761,omid:br/06603906996
oci:06490235761-061303277598,omid:br/06490235761,omid:br/061303277598
oci:06104024226-06230930967,omid:br/06104024226,omid:br/06230930967
oci:06490235772-06170317019,omid:br/06490235772,omid:br/06170317019
oci:06490235772-06170939671,omid:br/06490235772,omid:br/06170939671
oci:06490235772-061701075393,omid:br/06490235772,omid:br/061701075393
oci:06490235772-0631052781,omid:br/06490235772,omid:br/0631052781
oci:06490235772-06703977799,omid:br/06490235772,omid:br/06703977799
oci:06490235772-061701075247,omid:br/06490235772,omid:br/061701075247
oci:06490235772-061701075757,omid:br/06490235772,omid:br/061701075757
oci:06490235772-061401063289,omid:br/06490235772,omid:br/061401063289
oci:06490235772-061501077042,omid:br/06490235772,omid:br/061501077042
oci:06490235772-061401063361,omid:br/06490235772,omid:br/061401063361
oci:06490235734-0604635297,omid:br/06490235734,omid:br/0604635297
oci:06490235734-061601078244,omid:br/06490235734,omid:br/061601078244
oci:06490235734-06170940077,omid:br/06490235734,omid:br/06170940077
oci:06490235734-06440217586,omid:br/06490235734,omid:br/06440217586
oci:06490235734-062601764358,omid:br/06490235734,omid:br/062601764358
oci:06510242765-06170742612,omid:br/06510242765,omid:br/06170742612
oci:06490235765-062401461108,omid:br/06490235765,omid:br/062401461108
oci:06490235765-06130479317,omid:br/06490235765,omid:br/06130479317
oci:06490235699-06250681299,omid:br/06490235699,omid:br/06250681299
oci:06490235721-061401063594,omid:br/06490235721,omid:br/061401063594
oci:06490235721-06210929321,omid:br/06490235721,omid:br/06210929321
oci:062103566414-0650256259,omid:br/062103566414,omid:br/0650256259
oci:062103566414-061301457460,omid:br/062103566414,omid:br/061301457460
oci:062103566414-061303277558,omid:br/062103566414,omid:br/061303277558
oci:062103566414-0650256243,omid:br/062103566414,omid:br/0650256243
oci:062103566414-061301457481,omid:br/062103566414,omid:br/061301457481
oci:062103566414-0650256240,omid:br/062103566414,omid:br/0650256240
oci:06490235780-061701075122,omid:br/06490235780,omid:br/061701075122
oci:06490235791-061701075302,omid:br/06490235791,omid:br/061701075302
oci:06490235791-061401063525,omid:br/06490235791,omid:br/061401063525
oci:06490235791-06490235748,omid:br/06490235791,omid:br/06490235748
oci:06490235769-061501077018,omid:br/06490235769,omid:br/061501077018
oci:06490235769-061601077943,omid:br/06490235769,omid:br/061601077943
oci:06490235769-061601078231,omid:br/06490235769,omid:br/061601078231
oci:06490235781-0640472184,omid:br/06490235781,omid:br/0640472184
oci:06490235781-06504002225,omid:br/06490235781,omid:br/06504002225
oci:06490235752-06230931048,omid:br/06490235752,omid:br/06230931048
oci:06490235752-06260954097,omid:br/06490235752,omid:br/06260954097
oci:06490235751-06230931048,omid:br/06490235751,omid:br/06230931048
oci:06490235731-06340202610,omid:br/06490235731,omid:br/06340202610
oci:06490235731-06103172659,omid:br/06490235731,omid:br/06103172659
oci:06490235731-061203653128,omid:br/06490235731,omid:br/061203653128
oci:06490235731-061103672513,omid:br/06490235731,omid:br/061103672513
oci:06490235731-061203652905,omid:br/06490235731,omid:br/061203652905
oci:061403560266-061301785833,omid:br/061403560266,omid:br/061301785833
oci:061403560266-06170939671,omid:br/061403560266,omid:br/06170939671
oci:061403560266-061601078297,omid:br/061403560266,omid:br/061601078297
oci:061403560266-06180931193,omid:br/061403560266,omid:br/06180931193
oci:061403560266-06501778545,omid:br/061403560266,omid:br/06501778545
oci:061403560266-0646017016,omid:br/061403560266,omid:br/0646017016
oci:061403560266-061701075112,omid:br/061403560266,omid:br/061701075112
oci:061403560266-061401063231,omid:br/061403560266,omid:br/061401063231
oci:061403560266-062602444009,omid:br/061403560266,omid:br/062602444009
oci:06490235794-06260954422,omid:br/06490235794,omid:br/06260954422
oci:06490235794-0640396400,omid:br/06490235794,omid:br/0640396400
oci:06490235794-06180931161,omid:br/06490235794,omid:br/06180931161
oci:06490235794-062602423428,omid:br/06490235794,omid:br/062602423428
oci:06490235794-062302395183,omid:br/06490235794,omid:br/062302395183
oci:06490235794-062502392419,omid:br/06490235794,omid:br/062502392419
oci:06490235778-06602439719,omid:br/06490235778,omid:br/06602439719
oci:06490235778-06901184321,omid:br/06490235778,omid:br/06901184321
oci:06490235778-06501593397,omid:br/06490235778,omid:br/06501593397
oci:06490235778-06110235459,omid:br/06490235778,omid:br/06110235459
oci:06490235778-0660362950,omid:br/06490235778,omid:br/0660362950
oci:06490235778-0650486325,omid:br/06490235778,omid:br/0650486325
oci:06490235779-06320270770,omid:br/06490235779,omid:br/06320270770
oci:06490235779-06801383854,omid:br/06490235779,omid:br/06801383854
oci:06490235779-063206251,omid:br/06490235779,omid:br/063206251
oci:06490235779-06230930994,omid:br/06490235779,omid:br/06230930994
oci:06490235779-061202873561,omid:br/06490235779,omid:br/061202873561
oci:06490235779-06230931167,omid:br/06490235779,omid:br/06230931167
oci:06490235779-06230951224,omid:br/06490235779,omid:br/06230951224
oci:06490235779-061701075344,omid:br/06490235779,omid:br/061701075344
oci:06510242781-062401460769,omid:br/06510242781,omid:br/062401460769
oci:06603989477-062601986830,omid:br/06603989477,omid:br/062601986830
oci:06603989477-06201179813,omid:br/06603989477,omid:br/06201179813
oci:06603989477-061201619512,omid:br/06603989477,omid:br/061201619512
oci:06603989477-06110788654,omid:br/06603989477,omid:br/06110788654
oci:06603989477-06101188903,omid:br/06603989477,omid:br/06101188903
oci:06603989477-06240915908,omid:br/06603989477,omid:br/06240915908
oci:06603989477-06150532160,omid:br/06603989477,omid:br/06150532160
oci:06603989477-0626099603,omid:br/06603989477,omid:br/0626099603
oci:06603989477-062401202765,omid:br/06603989477,omid:br/062401202765
oci:06603989477-061701075089,omid:br/06603989477,omid:br/061701075089
oci:06603989477-06180930376,omid:br/06603989477,omid:br/06180930376
oci:06603989477-062202415391,omid:br/06603989477,omid:br/062202415391
oci:06603989477-062102415523,omid:br/06603989477,omid:br/062102415523
oci:06490235799-061701075302,omid:br/06490235799,omid:br/061701075302
oci:06490235799-061401063525,omid:br/06490235799,omid:br/061401063525
oci:06490235799-06490235748,omid:br/06490235799,omid:br/06490235748
oci:06490235799-06490235791,omid:br/06490235799,omid:br/06490235791
oci:06490235799-06120226542,omid:br/06490235799,omid:br/06120226542
oci:06490235799-061503505245,omid:br/06490235799,omid:br/061503505245
oci:061703590590-06220934658,omid:br/061703590590,omid:br/06220934658
oci:061703590590-06170939686,omid:br/061703590590,omid:br/06170939686
oci:06490235732-061601100816,omid:br/06490235732,omid:br/061601100816
oci:06490235732-061601078086,omid:br/06490235732,omid:br/061601078086
oci:06490235732-06210929565,omid:br/06490235732,omid:br/06210929565
oci:06490235732-06260954534,omid:br/06490235732,omid:br/06260954534
oci:06490235732-06202840469,omid:br/06490235732,omid:br/06202840469
oci:06490235732-06190939055,omid:br/06490235732,omid:br/06190939055
oci:06490236129-06260835090,omid:br/06490236129,omid:br/06260835090
oci:06490236129-061603301084,omid:br/06490236129,omid:br/061603301084
oci:06490236129-061301457481,omid:br/06490236129,omid:br/061301457481
oci:06490236129-0650256294,omid:br/06490236129,omid:br/0650256294
oci:061603585624-06210929806,omid:br/061603585624,omid:br/06210929806
oci:061603585624-061701075280,omid:br/061603585624,omid:br/061701075280
oci:061603585624-06240915429,omid:br/061603585624,omid:br/06240915429
oci:061603585624-06210929203,omid:br/061603585624,omid:br/06210929203
oci:061603585624-06220934424,omid:br/061603585624,omid:br/06220934424
oci:061603585624-06210929596,omid:br/061603585624,omid:br/06210929596
oci:061603585624-062203571977,omid:br/061603585624,omid:br/062203571977
oci:061603585624-061601078256,omid:br/061603585624,omid:br/061601078256
oci:061603585624-06210929800,omid:br/061603585624,omid:br/06210929800
oci:061603585624-061401063361,omid:br/061603585624,omid:br/061401063361
oci:061603585624-061501077049,omid:br/061603585624,omid:br/061501077049
oci:06604443931-06260954422,omid:br/06604443931,omid:br/06260954422
oci:06604443931-062502392676,omid:br/06604443931,omid:br/062502392676
oci:06604443931-06220934392,omid:br/06604443931,omid:br/06220934392
oci:06604443931-062302171287,omid:br/06604443931,omid:br/062302171287
oci:06604443931-062602423527,omid:br/06604443931,omid:br/062602423527
oci:06604443931-061701075630,omid:br/06604443931,omid:br/061701075630
oci:06604443931-06260954193,omid:br/06604443931,omid:br/06260954193
oci:06604443931-06260954197,omid:br/06604443931,omid:br/06260954197
oci:06490235749-06190939234,omid:br/06490235749,omid:br/06190939234
oci:06490235749-06250928215,omid:br/06490235749,omid:br/06250928215
oci:06490235749-062501882289,omid:br/06490235749,omid:br/062501882289
oci:061303560367-06220934390,omid:br/061303560367,omid:br/06220934390
oci:061303560367-06230930538,omid:br/061303560367,omid:br/06230930538
oci:061303560367-061701074956,omid:br/061303560367,omid:br/061701074956
oci:061303560367-06104352078,omid:br/061303560367,omid:br/06104352078
oci:061303560367-061601101480,omid:br/061303560367,omid:br/061601101480
oci:061303560367-06140226084,omid:br/061303560367,omid:br/06140226084
oci:06490236145-0650990670,omid:br/06490236145,omid:br/0650990670
oci:06490236145-06520233307,omid:br/06490236145,omid:br/06520233307
oci:06603994432-0626097665,omid:br/06603994432,omid:br/0626097665
oci:06603994432-062501370807,omid:br/06603994432,omid:br/062501370807
oci:06603994432-06490236094,omid:br/06603994432,omid:br/06490236094
oci:06603994432-0650462509,omid:br/06603994432,omid:br/0650462509
oci:062403565692-06260954352,omid:br/062403565692,omid:br/06260954352
oci:062403565692-06401559168,omid:br/062403565692,omid:br/06401559168
oci:06490236128-06520233453,omid:br/06490236128,omid:br/06520233453
oci:06490236128-06510242462,omid:br/06490236128,omid:br/06510242462
oci:06490236128-06490235526,omid:br/06490236128,omid:br/06490235526
oci:06490236152-062601764276,omid:br/06490236152,omid:br/062601764276
oci:06490236152-06170940077,omid:br/06490236152,omid:br/06170940077
oci:06490236152-06510242431,omid:br/06490236152,omid:br/06510242431
oci:06490236152-06520233289,omid:br/06490236152,omid:br/06520233289
oci:06490236152-06490236100,omid:br/06490236152,omid:br/06490236100
oci:06490236152-06303998747,omid:br/06490236152,omid:br/06303998747
oci:0604485330-061203496051,omid:br/0604485330,omid:br/061203496051
oci:0604485330-06150265941,omid:br/0604485330,omid:br/06150265941
oci:0604485330-0632039521,omid:br/0604485330,omid:br/0632039521
oci:0604485330-06130264085,omid:br/0604485330,omid:br/06130264085
oci:0604485330-06801579979,omid:br/0604485330,omid:br/06801579979
oci:0604485330-061403487604,omid:br/0604485330,omid:br/061403487604
oci:0604485330-0680260900,omid:br/0604485330,omid:br/0680260900
oci:0604485330-06803280541,omid:br/0604485330,omid:br/06803280541
oci:0604485330-06140262705,omid:br/0604485330,omid:br/06140262705
oci:0604485330-0631040591,omid:br/0604485330,omid:br/0631040591
oci:0604485330-06160269014,omid:br/0604485330,omid:br/06160269014
oci:06490236139-06510242229,omid:br/06490236139,omid:br/06510242229
oci:06490236139-06240915726,omid:br/06490236139,omid:br/06240915726
oci:06490236139-061201456054,omid:br/06490236139,omid:br/061201456054
oci:06490236139-061301457514,omid:br/06490236139,omid:br/061301457514
oci:06490236139-06260954480,omid:br/06490236139,omid:br/06260954480
oci:06490236139-061101449150,omid:br/06490236139,omid:br/061101449150
oci:06490236139-06480231656,omid:br/06490236139,omid:br/06480231656
oci:06490236139-06510242201,omid:br/06490236139,omid:br/06510242201
oci:06490236139-06210929321,omid:br/06490236139,omid:br/06210929321
oci:06490236139-061401063296,omid:br/06490236139,omid:br/061401063296
oci:06490236139-06510242359,omid:br/06490236139,omid:br/06510242359
oci:0604485309-062075449,omid:br/0604485309,omid:br/062075449
oci:0604485309-062706394,omid:br/0604485309,omid:br/062706394
oci:0604485309-061301457457,omid:br/0604485309,omid:br/061301457457
oci:0604485309-06250928127,omid:br/0604485309,omid:br/06250928127
oci:0604485309-0630411355,omid:br/0604485309,omid:br/0630411355
oci:06490236141-061301457886,omid:br/06490236141,omid:br/061301457886
oci:06490235660-061801516799,omid:br/06490235660,omid:br/061801516799
oci:06490235660-063409949,omid:br/06490235660,omid:br/063409949
oci:061103591199-06180355700,omid:br/061103591199,omid:br/06180355700
oci:061103591199-06201586939,omid:br/061103591199,omid:br/06201586939
oci:0604485348-062601502255,omid:br/0604485348,omid:br/062601502255
oci:0604485348-06202607950,omid:br/0604485348,omid:br/06202607950
oci:0604485348-061701100599,omid:br/0604485348,omid:br/061701100599
oci:0604485348-06170940104,omid:br/0604485348,omid:br/06170940104
oci:0604485348-06240916043,omid:br/0604485348,omid:br/06240916043
oci:061803902749-06110889430,omid:br/061803902749,omid:br/06110889430
oci:061803902749-06250927922,omid:br/061803902749,omid:br/06250927922
oci:061803902749-061701074975,omid:br/061803902749,omid:br/061701074975
oci:061803902749-062501436497,omid:br/061803902749,omid:br/062501436497
oci:061803902749-061801440773,omid:br/061803902749,omid:br/061801440773
oci:061803902749-06190637788,omid:br/061803902749,omid:br/06190637788
oci:0604485349-061601077756,omid:br/0604485349,omid:br/061601077756
oci:0604485349-06250812934,omid:br/0604485349,omid:br/06250812934
oci:0604485349-06210929800,omid:br/0604485349,omid:br/06210929800
oci:0604485349-061601078231,omid:br/0604485349,omid:br/061601078231
oci:0604485349-06102853946,omid:br/0604485349,omid:br/06102853946
oci:0604485371-06240915504,omid:br/0604485371,omid:br/06240915504
oci:06490235771-061401063093,omid:br/06490235771,omid:br/061401063093
oci:06490235771-061701075458,omid:br/06490235771,omid:br/061701075458
oci:06490235771-06260954589,omid:br/06490235771,omid:br/06260954589
oci:06490235771-061201455996,omid:br/06490235771,omid:br/061201455996
oci:06490235771-06190637486,omid:br/06490235771,omid:br/06190637486
oci:06490235771-061701075541,omid:br/06490235771,omid:br/061701075541
oci:06490235771-06220934421,omid:br/06490235771,omid:br/06220934421
oci:06490235771-061501076921,omid:br/06490235771,omid:br/061501076921
oci:06490236156-0646082511,omid:br/06490236156,omid:br/0646082511
oci:06490236156-0650990670,omid:br/06490236156,omid:br/0650990670
oci:06490236156-06480231656,omid:br/06490236156,omid:br/06480231656
oci:06490236156-06520233265,omid:br/06490236156,omid:br/06520233265
oci:06490236156-06520233307,omid:br/06490236156,omid:br/06520233307
oci:06490236137-06120469995,omid:br/06490236137,omid:br/06120469995
oci:06490236137-06480231671,omid:br/06490236137,omid:br/06480231671
oci:06490236137-061401063610,omid:br/06490236137,omid:br/061401063610
oci:06490236137-061701075630,omid:br/06490236137,omid:br/061701075630
oci:06490236137-06220934848,omid:br/06490236137,omid:br/06220934848
oci:06490236137-06510242333,omid:br/06490236137,omid:br/06510242333
oci:06490236137-06230930571,omid:br/06490236137,omid:br/06230930571
oci:06490236137-06260954233,omid:br/06490236137,omid:br/06260954233
oci:06490236137-06480231853,omid:br/06490236137,omid:br/06480231853
oci:06490236137-06903618445,omid:br/06490236137,omid:br/06903618445
oci:06490236137-06260954197,omid:br/06490236137,omid:br/06260954197
oci:06490235773-06901185145,omid:br/06490235773,omid:br/06901185145
oci:06490235773-06701169349,omid:br/06490235773,omid:br/06701169349
oci:06490235773-06260954369,omid:br/06490235773,omid:br/06260954369
oci:06490235773-0660693056,omid:br/06490235773,omid:br/0660693056
oci:06490235773-06260954591,omid:br/06490235773,omid:br/06260954591
oci:0604485334-06120538710,omid:br/0604485334,omid:br/06120538710
oci:0604485334-0610668885,omid:br/0604485334,omid:br/0610668885
oci:0604485320-06260954297,omid:br/0604485320,omid:br/06260954297
oci:0604485320-06190939128,omid:br/0604485320,omid:br/06190939128
oci:0604485320-06202840469,omid:br/0604485320,omid:br/06202840469
oci:0604485320-061303819345,omid:br/0604485320,omid:br/061303819345
oci:06490235724-06190939234,omid:br/06490235724,omid:br/06190939234
oci:06490235724-06250928215,omid:br/06490235724,omid:br/06250928215
oci:06490235724-06240667783,omid:br/06490235724,omid:br/06240667783
oci:06490235724-061301457876,omid:br/06490235724,omid:br/061301457876
oci:06490235724-06490235749,omid:br/06490235724,omid:br/06490235749
oci:06490235724-0630986130,omid:br/06490235724,omid:br/0630986130
oci:06490235724-0640989805,omid:br/06490235724,omid:br/0640989805
oci:06490235724-061703513353,omid:br/06490235724,omid:br/061703513353
oci:061803906665-06240916057,omid:br/061803906665,omid:br/06240916057
oci:061803906665-06503999580,omid:br/061803906665,omid:br/06503999580
oci:061803906665-062103306047,omid:br/061803906665,omid:br/062103306047
oci:061803906665-06520233331,omid:br/061803906665,omid:br/06520233331
oci:0604485328-06260953867,omid:br/0604485328,omid:br/06260953867
oci:0604485328-06430213700,omid:br/0604485328,omid:br/06430213700
oci:0604485328-06430213710,omid:br/0604485328,omid:br/06430213710
oci:0604485328-0604635304,omid:br/0604485328,omid:br/0604635304
oci:0604485328-06170940311,omid:br/0604485328,omid:br/06170940311
oci:0604485328-06220934634,omid:br/0604485328,omid:br/06220934634
oci:0604485328-06430213914,omid:br/0604485328,omid:br/06430213914
oci:06490236146-06230931039,omid:br/06490236146,omid:br/06230931039
oci:06490236146-06260954202,omid:br/06490236146,omid:br/06260954202
oci:06490236146-061601078506,omid:br/06490236146,omid:br/061601078506
oci:061603582946-06240915997,omid:br/061603582946,omid:br/06240915997
oci:061603582946-06101483036,omid:br/061603582946,omid:br/06101483036
oci:06490235775-06260835090,omid:br/06490235775,omid:br/06260835090
oci:06490235775-06601158295,omid:br/06490235775,omid:br/06601158295
oci:06490235775-061301457460,omid:br/06490235775,omid:br/061301457460
oci:06490235775-0650256243,omid:br/06490235775,omid:br/0650256243
oci:06490235775-06101561091,omid:br/06490235775,omid:br/06101561091
oci:06490236094-06260954222,omid:br/06490236094,omid:br/06260954222
oci:06490236094-061401063709,omid:br/06490236094,omid:br/061401063709
oci:06490236094-0670681039,omid:br/06490236094,omid:br/0670681039
oci:06490236094-062503566306,omid:br/06490236094,omid:br/062503566306
oci:06490236094-061503588603,omid:br/06490236094,omid:br/061503588603
oci:06490236094-061101748097,omid:br/06490236094,omid:br/061101748097
oci:06490236094-06520233310,omid:br/06490236094,omid:br/06520233310
oci:06490236094-0640989816,omid:br/06490236094,omid:br/0640989816
oci:06490236094-061903716079,omid:br/06490236094,omid:br/061903716079
oci:06490236094-06520233635,omid:br/06490236094,omid:br/06520233635
oci:06490236094-061301457670,omid:br/06490236094,omid:br/061301457670
oci:06490236094-06170961222,omid:br/06490236094,omid:br/06170961222
oci:06490236094-061301457892,omid:br/06490236094,omid:br/061301457892
oci:06490236094-061601078380,omid:br/06490236094,omid:br/061601078380
oci:062203563241-062403778752,omid:br/062203563241,omid:br/062403778752
oci:062203563241-06220985625,omid:br/062203563241,omid:br/06220985625
oci:062203563241-06230930458,omid:br/062203563241,omid:br/06230930458
oci:062203563241-061401063501,omid:br/062203563241,omid:br/061401063501
oci:06490235754-061701075037,omid:br/06490235754,omid:br/061701075037
oci:06490235754-061701075679,omid:br/06490235754,omid:br/061701075679
oci:06490235754-06120225952,omid:br/06490235754,omid:br/06120225952
oci:06490235754-06180930433,omid:br/06490235754,omid:br/06180930433
oci:06490236086-06240915974,omid:br/06490236086,omid:br/06240915974
oci:06490236086-06260954258,omid:br/06490236086,omid:br/06260954258
oci:06490236086-06190857323,omid:br/06490236086,omid:br/06190857323
oci:06490236086-06170939933,omid:br/06490236086,omid:br/06170939933
oci:06490236086-06170940351,omid:br/06490236086,omid:br/06170940351
oci:06490236086-06230930515,omid:br/06490236086,omid:br/06230930515
oci:06490236136-06490235515,omid:br/06490236136,omid:br/06490235515
oci:06490236127-06302852500,omid:br/06490236127,omid:br/06302852500
oci:06490236127-061501077018,omid:br/06490236127,omid:br/061501077018
oci:06490236127-061902686223,omid:br/06490236127,omid:br/061902686223
oci:06490236127-06210929806,omid:br/06490236127,omid:br/06210929806
oci:06490236127-062203571977,omid:br/06490236127,omid:br/062203571977
oci:06490236127-062203616525,omid:br/06490236127,omid:br/062203616525
oci:06490236127-061203800653,omid:br/06490236127,omid:br/061203800653
oci:06490236099-06520233271,omid:br/06490236099,omid:br/06520233271
oci:06490236099-06510242431,omid:br/06490236099,omid:br/06510242431
oci:06490235756-061901422845,omid:br/06490235756,omid:br/061901422845
oci:06490235756-061601077943,omid:br/06490235756,omid:br/061601077943
oci:06490235756-061601077756,omid:br/06490235756,omid:br/061601077756
oci:06490235756-06240915265,omid:br/06490235756,omid:br/06240915265
oci:06490235756-06510242301,omid:br/06490235756,omid:br/06510242301
oci:06490235756-061801376351,omid:br/06490235756,omid:br/061801376351
oci:06490235756-061903579163,omid:br/06490235756,omid:br/061903579163
oci:06490235756-061501077049,omid:br/06490235756,omid:br/061501077049
oci:06490235756-061601078231,omid:br/06490235756,omid:br/061601078231
oci:0644075044-061201456090,omid:br/0644075044,omid:br/061201456090
oci:0644075044-061301457498,omid:br/0644075044,omid:br/061301457498
oci:0644075044-0630986130,omid:br/0644075044,omid:br/0630986130
oci:0644075044-061201455977,omid:br/0644075044,omid:br/061201455977
oci:0644075044-061301457646,omid:br/0644075044,omid:br/061301457646
oci:06490235798-062103053800,omid:br/06490235798,omid:br/062103053800
oci:06490235798-061503066307,omid:br/06490235798,omid:br/061503066307
oci:0604485347-06260954449,omid:br/0604485347,omid:br/06260954449
oci:0604485347-0604485346,omid:br/0604485347,omid:br/0604485346
oci:0604485347-06250927960,omid:br/0604485347,omid:br/06250927960
oci:0604485347-06230931064,omid:br/0604485347,omid:br/06230931064
oci:0604485335-061701075302,omid:br/0604485335,omid:br/061701075302
oci:0604485335-061401063525,omid:br/0604485335,omid:br/061401063525
oci:0604485335-06490235799,omid:br/0604485335,omid:br/06490235799
oci:0604485335-06490235791,omid:br/0604485335,omid:br/06490235791
oci:0604485335-06260954485,omid:br/0604485335,omid:br/06260954485
oci:0604485335-061503505245,omid:br/0604485335,omid:br/061503505245
oci:06490236104-06170939829,omid:br/06490236104,omid:br/06170939829
oci:0632080098-06250812379,omid:br/0632080098,omid:br/06250812379
oci:0632080098-06180854485,omid:br/0632080098,omid:br/06180854485
oci:0632080098-06160693056,omid:br/0632080098,omid:br/06160693056
oci:0632080098-062706352,omid:br/0632080098,omid:br/062706352
oci:0632080098-0610668810,omid:br/0632080098,omid:br/0610668810
oci:0632080098-061301457455,omid:br/0632080098,omid:br/061301457455
oci:0632080098-06260591178,omid:br/0632080098,omid:br/06260591178
oci:0632080098-061303474022,omid:br/0632080098,omid:br/061303474022
oci:0632080098-06260835625,omid:br/0632080098,omid:br/06260835625
oci:06603991490-0610202595,omid:br/06603991490,omid:br/0610202595
oci:06603991490-06250928635,omid:br/06603991490,omid:br/06250928635
oci:06603991490-061203579717,omid:br/06603991490,omid:br/061203579717
oci:06603991490-06180930325,omid:br/06603991490,omid:br/06180930325
oci:06603991490-061401062901,omid:br/06603991490,omid:br/061401062901
oci:06603991490-06170940386,omid:br/06603991490,omid:br/06170940386
oci:06490236120-06490235497,omid:br/06490236120,omid:br/06490235497
oci:06490236120-06240915843,omid:br/06490236120,omid:br/06240915843
oci:06490236120-06170940267,omid:br/06490236120,omid:br/06170940267
oci:06490236120-061904005435,omid:br/06490236120,omid:br/061904005435
oci:06490236120-062501436412,omid:br/06490236120,omid:br/062501436412
oci:06490236120-06450216106,omid:br/06490236120,omid:br/06450216106
oci:06490235728-06490235721,omid:br/06490235728,omid:br/06490235721
oci:06490235728-06490235755,omid:br/06490235728,omid:br/06490235755
oci:06490235728-06520233326,omid:br/06490235728,omid:br/06520233326
oci:06490235728-06210929321,omid:br/06490235728,omid:br/06210929321
oci:0604485302-06230930754,omid:br/0604485302,omid:br/06230930754
oci:0604485302-06240915495,omid:br/0604485302,omid:br/06240915495
oci:0604485302-06230931312,omid:br/0604485302,omid:br/06230931312
oci:0604485302-06220934784,omid:br/0604485302,omid:br/06220934784
oci:0604485302-06260954045,omid:br/0604485302,omid:br/06260954045
oci:06490236112-061401063582,omid:br/06490236112,omid:br/061401063582
oci:06490236112-06603988308,omid:br/06490236112,omid:br/06603988308
oci:06490235796-061601077791,omid:br/06490235796,omid:br/061601077791
oci:06490235796-061601077770,omid:br/06490235796,omid:br/061601077770
oci:06490235796-062602423528,omid:br/06490235796,omid:br/062602423528
oci:06490235796-0660197957,omid:br/06490235796,omid:br/0660197957
oci:06490235796-0650197838,omid:br/06490235796,omid:br/0650197838
oci:06490235796-062602423475,omid:br/06490235796,omid:br/062602423475
oci:06490235796-06260954227,omid:br/06490235796,omid:br/06260954227
oci:06490236105-06602609192,omid:br/06490236105,omid:br/06602609192
oci:06490236105-06602609074,omid:br/06490236105,omid:br/06602609074
oci:06490236105-06602609125,omid:br/06490236105,omid:br/06602609125
oci:06490236105-06602609126,omid:br/06490236105,omid:br/06602609126
oci:06490236105-06530299424,omid:br/06490236105,omid:br/06530299424
oci:06490236105-061601078362,omid:br/06490236105,omid:br/061601078362
oci:06490236105-06602609281,omid:br/06490236105,omid:br/06602609281
oci:06490236105-06240915373,omid:br/06490236105,omid:br/06240915373
oci:0604485341-0640989507,omid:br/0604485341,omid:br/0640989507
oci:0604485341-061201456357,omid:br/0604485341,omid:br/061201456357
oci:0604485341-061301457697,omid:br/0604485341,omid:br/061301457697
oci:0604485341-061301457694,omid:br/0604485341,omid:br/061301457694
oci:0604485341-0640989297,omid:br/0604485341,omid:br/0640989297
oci:0604485341-06220550361,omid:br/0604485341,omid:br/06220550361
oci:0604485341-061201456350,omid:br/0604485341,omid:br/061201456350
oci:0604485341-06190791442,omid:br/0604485341,omid:br/06190791442
oci:0604485341-0640989504,omid:br/0604485341,omid:br/0640989504
oci:0604485341-061301457402,omid:br/0604485341,omid:br/061301457402
oci:0604485341-06260835505,omid:br/0604485341,omid:br/06260835505
oci:0604485341-061301457309,omid:br/0604485341,omid:br/061301457309
oci:0604485315-06220934881,omid:br/0604485315,omid:br/06220934881
oci:0604485315-06440217174,omid:br/0604485315,omid:br/06440217174
oci:06370150403-061401063070,omid:br/06370150403,omid:br/061401063070
oci:06370150403-061401063285,omid:br/06370150403,omid:br/061401063285
oci:06370150403-06101087900,omid:br/06370150403,omid:br/06101087900
oci:06370150403-061701075424,omid:br/06370150403,omid:br/061701075424
oci:06370150403-062601091386,omid:br/06370150403,omid:br/062601091386
oci:06370150403-061401160436,omid:br/06370150403,omid:br/061401160436
oci:06370150403-06190939066,omid:br/06370150403,omid:br/06190939066
oci:06370150403-06150353079,omid:br/06370150403,omid:br/06150353079
oci:06370150403-06240915781,omid:br/06370150403,omid:br/06240915781
oci:06490236106-061401063198,omid:br/06490236106,omid:br/061401063198
oci:06490236106-061401063499,omid:br/06490236106,omid:br/061401063499
oci:06490236106-06802249052,omid:br/06490236106,omid:br/06802249052
oci:06490236089-061601000984,omid:br/06490236089,omid:br/061601000984
oci:06490236089-06180930479,omid:br/06490236089,omid:br/06180930479
oci:06490236089-06230931058,omid:br/06490236089,omid:br/06230931058
oci:0604485332-061601078408,omid:br/0604485332,omid:br/061601078408
oci:0604485332-061401062784,omid:br/0604485332,omid:br/061401062784
oci:06510242533-06701515650,omid:br/06510242533,omid:br/06701515650
oci:06510242533-061301518617,omid:br/06510242533,omid:br/061301518617
oci:06104018854-06301581041,omid:br/06104018854,omid:br/06301581041
oci:06104018854-061601077875,omid:br/06104018854,omid:br/061601077875
oci:06104018854-06250928633,omid:br/06104018854,omid:br/06250928633
oci:06104018854-06260954021,omid:br/06104018854,omid:br/06260954021
oci:06104018854-062201227155,omid:br/06104018854,omid:br/062201227155
oci:06104018854-06210929175,omid:br/06104018854,omid:br/06210929175
oci:06104018854-06170939986,omid:br/06104018854,omid:br/06170939986
oci:06104018854-061203655326,omid:br/06104018854,omid:br/061203655326
oci:06104018854-061601077934,omid:br/06104018854,omid:br/061601077934
oci:06104018854-06250928558,omid:br/06104018854,omid:br/06250928558
oci:06104018854-06404181730,omid:br/06104018854,omid:br/06404181730
oci:06104018854-06170497550,omid:br/06104018854,omid:br/06170497550
oci:06104018854-062201226939,omid:br/06104018854,omid:br/062201226939
oci:06703984428-06250812497,omid:br/06703984428,omid:br/06250812497
oci:06703984428-061201456110,omid:br/06703984428,omid:br/061201456110
oci:06703984428-061201455768,omid:br/06703984428,omid:br/061201455768
oci:06703984428-0630985432,omid:br/06703984428,omid:br/0630985432
oci:06703984428-061301457444,omid:br/06703984428,omid:br/061301457444
oci:06703984428-06260835726,omid:br/06703984428,omid:br/06260835726
oci:06703984428-06240916198,omid:br/06703984428,omid:br/06240916198
oci:06703984428-06180930381,omid:br/06703984428,omid:br/06180930381
oci:06703984428-06260834999,omid:br/06703984428,omid:br/06260834999
oci:06703984428-061201456086,omid:br/06703984428,omid:br/061201456086
oci:06703984428-061601077814,omid:br/06703984428,omid:br/061601077814
oci:06490236144-06210823560,omid:br/06490236144,omid:br/06210823560
oci:06490236144-061301169561,omid:br/06490236144,omid:br/061301169561
oci:06490236144-061401063499,omid:br/06490236144,omid:br/061401063499
oci:06490236117-06240915726,omid:br/06490236117,omid:br/06240915726
oci:06490236117-0630985755,omid:br/06490236117,omid:br/0630985755
oci:06490236117-061201456054,omid:br/06490236117,omid:br/061201456054
oci:06490236117-061401063296,omid:br/06490236117,omid:br/061401063296
oci:0604485357-06102139204,omid:br/0604485357,omid:br/06102139204
oci:0604485357-06260954094,omid:br/0604485357,omid:br/06260954094
oci:0604485357-061601077932,omid:br/0604485357,omid:br/061601077932
oci:0604485357-061601077816,omid:br/0604485357,omid:br/061601077816
oci:0604485357-06250196108,omid:br/0604485357,omid:br/06250196108
oci:0604485357-06490235763,omid:br/0604485357,omid:br/06490235763
oci:06490236123-06220934859,omid:br/06490236123,omid:br/06220934859
oci:06490236123-06510242271,omid:br/06490236123,omid:br/06510242271
oci:06490236123-06190939213,omid:br/06490236123,omid:br/06190939213
oci:06490236123-062403711737,omid:br/06490236123,omid:br/062403711737
oci:06490236123-0620319763,omid:br/06490236123,omid:br/0620319763
oci:06490236123-061401063661,omid:br/06490236123,omid:br/061401063661
oci:06490236123-06490235412,omid:br/06490236123,omid:br/06490235412
oci:06490236123-06490235521,omid:br/06490236123,omid:br/06490235521
oci:062103563237-0629056139,omid:br/062103563237,omid:br/0629056139
oci:062103563237-06260954088,omid:br/062103563237,omid:br/06260954088
oci:062103563237-06190939669,omid:br/062103563237,omid:br/06190939669
oci:0604485363-061701493947,omid:br/0604485363,omid:br/061701493947
oci:0604485363-06260650353,omid:br/0604485363,omid:br/06260650353
oci:0604485310-06260954113,omid:br/0604485310,omid:br/06260954113
oci:0604485310-0629056139,omid:br/0604485310,omid:br/0629056139
oci:0604485310-06260954088,omid:br/0604485310,omid:br/06260954088
oci:0604485310-06190939669,omid:br/0604485310,omid:br/06190939669
oci:06903599243-0626097665,omid:br/06903599243,omid:br/0626097665
oci:06903599243-06110234882,omid:br/06903599243,omid:br/06110234882
oci:06903599243-06520233291,omid:br/06903599243,omid:br/06520233291
oci:06903599243-062103306047,omid:br/06903599243,omid:br/062103306047
oci:06903599243-062503559799,omid:br/06903599243,omid:br/062503559799
oci:06903599243-061701075156,omid:br/06903599243,omid:br/061701075156
oci:06903599243-061701074979,omid:br/06903599243,omid:br/061701074979
oci:06903599243-061902686551,omid:br/06903599243,omid:br/061902686551
oci:06490236138-061501444903,omid:br/06490236138,omid:br/061501444903
oci:06490236138-062303875241,omid:br/06490236138,omid:br/062303875241
oci:06490236122-061501076901,omid:br/06490236122,omid:br/061501076901
oci:06490236109-061301457719,omid:br/06490236109,omid:br/061301457719
oci:06490236109-061303277558,omid:br/06490236109,omid:br/061303277558
oci:06490236109-0650256243,omid:br/06490236109,omid:br/0650256243
oci:06490236109-061301457581,omid:br/06490236109,omid:br/061301457581
oci:06490236109-0650256354,omid:br/06490236109,omid:br/0650256354
oci:06490236109-061301457481,omid:br/06490236109,omid:br/061301457481
oci:06490236109-0650256240,omid:br/06490236109,omid:br/0650256240
oci:06490236109-0650256312,omid:br/06490236109,omid:br/0650256312
oci:06490236109-061301457358,omid:br/06490236109,omid:br/061301457358
oci:061603594198-0630196194,omid:br/061603594198,omid:br/0630196194
oci:061603594198-061103250530,omid:br/061603594198,omid:br/061103250530
oci:061603594198-06490235726,omid:br/061603594198,omid:br/06490235726
oci:061603594198-06202840469,omid:br/061603594198,omid:br/06202840469
oci:061603594198-06120740849,omid:br/061603594198,omid:br/06120740849
oci:061603594198-06601179409,omid:br/061603594198,omid:br/06601179409
oci:0604485367-06140413666,omid:br/0604485367,omid:br/06140413666
oci:0604485367-061801210363,omid:br/0604485367,omid:br/061801210363
oci:06490236085-0611088867,omid:br/06490236085,omid:br/0611088867
oci:06490236085-06510242229,omid:br/06490236085,omid:br/06510242229
oci:06490236085-06240915726,omid:br/06490236085,omid:br/06240915726
oci:06490236085-0630985755,omid:br/06490236085,omid:br/0630985755
oci:06490236085-061201456054,omid:br/06490236085,omid:br/061201456054
oci:06490236085-06480231740,omid:br/06490236085,omid:br/06480231740
oci:06490236085-061401063594,omid:br/06490236085,omid:br/061401063594
oci:06490236085-06520233326,omid:br/06490236085,omid:br/06520233326
oci:06490236085-06490235519,omid:br/06490236085,omid:br/06490235519
oci:06490236085-061401063259,omid:br/06490236085,omid:br/061401063259
oci:06490236085-06170939922,omid:br/06490236085,omid:br/06170939922
oci:06490236085-06510242201,omid:br/06490236085,omid:br/06510242201
oci:06490236085-061401063296,omid:br/06490236085,omid:br/061401063296
oci:06490236085-06510242359,omid:br/06490236085,omid:br/06510242359
oci:06490236148-061603301084,omid:br/06490236148,omid:br/061603301084
oci:06490171563-06220934712,omid:br/06490171563,omid:br/06220934712
oci:06490171563-06220934397,omid:br/06490171563,omid:br/06220934397
oci:06490171563-06220934658,omid:br/06490171563,omid:br/06220934658
oci:06490171563-06230931289,omid:br/06490171563,omid:br/06230931289
oci:0604485372-06260954297,omid:br/0604485372,omid:br/06260954297
oci:0604485372-061701075124,omid:br/0604485372,omid:br/061701075124
oci:0604485361-06240916023,omid:br/0604485361,omid:br/06240916023
oci:0604485361-06240915726,omid:br/0604485361,omid:br/06240915726
oci:0604485361-06102853468,omid:br/0604485361,omid:br/06102853468
oci:06803982701-06140226084,omid:br/06803982701,omid:br/06140226084
oci:0604485364-06220935204,omid:br/0604485364,omid:br/06220935204
oci:0604485364-06240915756,omid:br/0604485364,omid:br/06240915756
oci:0604485364-062401461292,omid:br/0604485364,omid:br/062401461292
oci:0604485364-06260954045,omid:br/0604485364,omid:br/06260954045
oci:0604485325-06260835090,omid:br/0604485325,omid:br/06260835090
oci:0604485325-061501806023,omid:br/0604485325,omid:br/061501806023
oci:0604485325-06601158295,omid:br/0604485325,omid:br/06601158295
oci:0604485325-061301457581,omid:br/0604485325,omid:br/061301457581
oci:0604485325-06101561091,omid:br/0604485325,omid:br/06101561091
oci:0604485325-06490236109,omid:br/0604485325,omid:br/06490236109
oci:0604485325-0631056655,omid:br/0604485325,omid:br/0631056655
oci:06703983239-061701075233,omid:br/06703983239,omid:br/061701075233
oci:06703983239-06220985625,omid:br/06703983239,omid:br/06220985625
oci:06703983239-062502442085,omid:br/06703983239,omid:br/062502442085
oci:06703983239-06250928671,omid:br/06703983239,omid:br/06250928671
oci:06703983239-061401063501,omid:br/06703983239,omid:br/061401063501
oci:06703983239-06260954325,omid:br/06703983239,omid:br/06260954325
oci:06490236098-06110481020,omid:br/06490236098,omid:br/06110481020
oci:06490236098-0680340018,omid:br/06490236098,omid:br/0680340018
oci:06490236098-061701075137,omid:br/06490236098,omid:br/061701075137
oci:06490236111-06110481020,omid:br/06490236111,omid:br/06110481020
oci:0604485355-06190939326,omid:br/0604485355,omid:br/06190939326
oci:0604485355-061401063476,omid:br/0604485355,omid:br/061401063476
oci:0604485355-06190939323,omid:br/0604485355,omid:br/06190939323
oci:0604485355-061401063694,omid:br/0604485355,omid:br/061401063694
oci:0604485355-06250928334,omid:br/0604485355,omid:br/06250928334
oci:0604485355-061501405103,omid:br/0604485355,omid:br/061501405103
oci:0604485355-06230930468,omid:br/0604485355,omid:br/06230930468
oci:0604485355-061601177098,omid:br/0604485355,omid:br/061601177098
oci:0604485355-06230930527,omid:br/0604485355,omid:br/06230930527
oci:0604485355-06230930945,omid:br/0604485355,omid:br/06230930945
oci:0604485322-062203522194,omid:br/0604485322,omid:br/062203522194
oci:0604485322-061601078242,omid:br/0604485322,omid:br/061601078242
oci:0604485331-06230931058,omid:br/0604485331,omid:br/06230931058
oci:0604485331-06190939195,omid:br/0604485331,omid:br/06190939195
oci:0604485331-06701843057,omid:br/0604485331,omid:br/06701843057
oci:0604485331-06170939859,omid:br/0604485331,omid:br/06170939859
oci:0604485331-06240915442,omid:br/0604485331,omid:br/06240915442
oci:0604485331-06140350091,omid:br/0604485331,omid:br/06140350091
oci:0604485331-06490236089,omid:br/0604485331,omid:br/06490236089
oci:0604485331-06240915443,omid:br/0604485331,omid:br/06240915443
oci:06520233756-06260954059,omid:br/06520233756,omid:br/06260954059
oci:062403579117-061701075233,omid:br/062403579117,omid:br/061701075233
oci:062403579117-062403778752,omid:br/062403579117,omid:br/062403778752
oci:062403579117-06220985625,omid:br/062403579117,omid:br/06220985625
oci:062403579117-061602636557,omid:br/062403579117,omid:br/061602636557
oci:062403579117-06260954430,omid:br/062403579117,omid:br/06260954430
oci:062403579117-06301077693,omid:br/062403579117,omid:br/06301077693
oci:062403579117-061401063501,omid:br/062403579117,omid:br/061401063501
oci:062403579117-06180930860,omid:br/062403579117,omid:br/06180930860
oci:06604011806-06203986669,omid:br/06604011806,omid:br/06203986669
oci:0604485312-06260954353,omid:br/0604485312,omid:br/06260954353
oci:0604485312-06260954385,omid:br/0604485312,omid:br/06260954385
oci:06490236119-06504017454,omid:br/06490236119,omid:br/06504017454
oci:06490236119-06490235532,omid:br/06490236119,omid:br/06490235532
oci:06490236119-06190938921,omid:br/06490236119,omid:br/06190938921
oci:06490236119-06170940077,omid:br/06490236119,omid:br/06170940077
oci:06490236119-06210929020,omid:br/06490236119,omid:br/06210929020
oci:06490236119-06260954279,omid:br/06490236119,omid:br/06260954279
oci:06520233737-06160269033,omid:br/06520233737,omid:br/06160269033
oci:06520233737-06120538710,omid:br/06520233737,omid:br/06120538710
oci:06520233737-0680260954,omid:br/06520233737,omid:br/0680260954
oci:06520233737-0640553279,omid:br/06520233737,omid:br/0640553279
oci:06520233762-06120740758,omid:br/06520233762,omid:br/06120740758
oci:06520233762-0640488905,omid:br/06520233762,omid:br/0640488905
oci:06520233722-06160942354,omid:br/06520233722,omid:br/06160942354
oci:06520233722-061601078611,omid:br/06520233722,omid:br/061601078611
oci:06520233722-06180930474,omid:br/06520233722,omid:br/06180930474
oci:06520233722-062601502188,omid:br/06520233722,omid:br/062601502188
oci:06520233722-06250928615,omid:br/06520233722,omid:br/06250928615
oci:06520233722-061401063450,omid:br/06520233722,omid:br/061401063450
oci:06520233722-06490236154,omid:br/06520233722,omid:br/06490236154
oci:06520233722-06260954391,omid:br/06520233722,omid:br/06260954391
oci:06520233722-06260954285,omid:br/06520233722,omid:br/06260954285
oci:06520233722-06210929259,omid:br/06520233722,omid:br/06210929259
oci:0604485339-061301070131,omid:br/0604485339,omid:br/061301070131
oci:0604485339-061301070136,omid:br/0604485339,omid:br/061301070136
oci:0604485339-06260954424,omid:br/0604485339,omid:br/06260954424
oci:0604485339-06260954427,omid:br/0604485339,omid:br/06260954427
oci:0604485339-06260954257,omid:br/0604485339,omid:br/06260954257
oci:0604485339-061601078152,omid:br/0604485339,omid:br/061601078152
oci:0604485339-06260953918,omid:br/0604485339,omid:br/06260953918
oci:0604485338-06170863329,omid:br/0604485338,omid:br/06170863329
oci:0604485338-061201329394,omid:br/0604485338,omid:br/061201329394
oci:0604485338-06250812931,omid:br/0604485338,omid:br/06250812931
oci:0604485338-061301457524,omid:br/0604485338,omid:br/061301457524
oci:0604485338-061301330210,omid:br/0604485338,omid:br/061301330210
oci:0604485338-061301457337,omid:br/0604485338,omid:br/061301457337
oci:0604485338-061101831560,omid:br/0604485338,omid:br/061101831560
oci:062603609554-061401063712,omid:br/062603609554,omid:br/061401063712
oci:062603609554-06170693084,omid:br/062603609554,omid:br/06170693084
oci:062603609554-06250927971,omid:br/062603609554,omid:br/06250927971
oci:062603609554-06260954512,omid:br/062603609554,omid:br/06260954512
oci:062603609554-062501882625,omid:br/062603609554,omid:br/062501882625
oci:062603609554-06101482972,omid:br/062603609554,omid:br/06101482972
oci:062603609554-062502442279,omid:br/062603609554,omid:br/062502442279
oci:0604485314-06260835790,omid:br/0604485314,omid:br/06260835790
oci:0604485314-061301457460,omid:br/0604485314,omid:br/061301457460
oci:06490236132-06703192486,omid:br/06490236132,omid:br/06703192486
oci:06490236132-06250928429,omid:br/06490236132,omid:br/06250928429
oci:06490236132-06101761715,omid:br/06490236132,omid:br/06101761715
oci:06490236132-06101762123,omid:br/06490236132,omid:br/06101762123
oci:06490236132-06160160617,omid:br/06490236132,omid:br/06160160617
oci:06490236132-06250812798,omid:br/06490236132,omid:br/06250812798
oci:06490236132-06490235459,omid:br/06490236132,omid:br/06490235459
oci:06520233726-06210929565,omid:br/06520233726,omid:br/06210929565
oci:06520233726-06260954534,omid:br/06520233726,omid:br/06260954534
oci:06520233726-06202840469,omid:br/06520233726,omid:br/06202840469
oci:06520233726-06490235732,omid:br/06520233726,omid:br/06490235732
oci:061303557836-06170939709,omid:br/061303557836,omid:br/06170939709
oci:061303557836-06701169116,omid:br/061303557836,omid:br/06701169116
oci:061303557836-06490235799,omid:br/061303557836,omid:br/06490235799
oci:061303557836-06180930448,omid:br/061303557836,omid:br/06180930448
oci:0604485317-061201455982,omid:br/0604485317,omid:br/061201455982
oci:0604485317-06220935148,omid:br/0604485317,omid:br/06220935148
oci:0604485317-061201456256,omid:br/0604485317,omid:br/061201456256
oci:0604485317-061201455840,omid:br/0604485317,omid:br/061201455840
oci:0604485317-061301457910,omid:br/0604485317,omid:br/061301457910
oci:0604485319-0610336488,omid:br/0604485319,omid:br/0610336488
oci:0604485319-06170940309,omid:br/0604485319,omid:br/06170940309
oci:0604485319-06490235748,omid:br/0604485319,omid:br/06490235748
oci:0604485319-06490235799,omid:br/0604485319,omid:br/06490235799
oci:0604485319-06490235791,omid:br/0604485319,omid:br/06490235791
oci:0604485319-06120226542,omid:br/0604485319,omid:br/06120226542
oci:0604485368-06210929785,omid:br/0604485368,omid:br/06210929785
oci:0604485368-06180930436,omid:br/0604485368,omid:br/06180930436
oci:0604485368-062402440232,omid:br/0604485368,omid:br/062402440232
oci:0604485368-061601078462,omid:br/0604485368,omid:br/061601078462
oci:0604485368-06210929681,omid:br/0604485368,omid:br/06210929681
oci:0604485368-06230931064,omid:br/0604485368,omid:br/06230931064
oci:06270180914-061501076978,omid:br/06270180914,omid:br/061501076978
oci:06270180914-06210929631,omid:br/06270180914,omid:br/06210929631
oci:06270180914-062502442502,omid:br/06270180914,omid:br/062502442502
oci:06270180914-06803980262,omid:br/06270180914,omid:br/06803980262
oci:06270180914-06220934586,omid:br/06270180914,omid:br/06220934586
oci:06270180914-06170940397,omid:br/06270180914,omid:br/06170940397
oci:06270180914-06220934321,omid:br/06270180914,omid:br/06220934321
oci:06270180914-06230930569,omid:br/06270180914,omid:br/06230930569
oci:06270180914-061801440812,omid:br/06270180914,omid:br/061801440812
oci:061603596195-061501806233,omid:br/061603596195,omid:br/061501806233
oci:061603596195-06260953933,omid:br/061603596195,omid:br/06260953933
oci:061603596195-06160942191,omid:br/061603596195,omid:br/06160942191
oci:061603596195-06240915843,omid:br/061603596195,omid:br/06240915843
oci:061603596195-06260954295,omid:br/061603596195,omid:br/06260954295
oci:061603596195-06101483143,omid:br/061603596195,omid:br/06101483143
oci:061603596195-06260954026,omid:br/061603596195,omid:br/06260954026
oci:061603596195-06450216106,omid:br/061603596195,omid:br/06450216106
oci:0604485337-06201550532,omid:br/0604485337,omid:br/06201550532
oci:0604485337-06803995847,omid:br/0604485337,omid:br/06803995847
oci:0604485337-06430213830,omid:br/0604485337,omid:br/06430213830
oci:0604485337-06301550404,omid:br/0604485337,omid:br/06301550404
oci:0604485337-06301550541,omid:br/0604485337,omid:br/06301550541
oci:0604485337-06220934634,omid:br/0604485337,omid:br/06220934634
oci:0604485337-06250928340,omid:br/0604485337,omid:br/06250928340
oci:0604485337-06280135293,omid:br/0604485337,omid:br/06280135293
oci:0604485337-06430213914,omid:br/0604485337,omid:br/06430213914
oci:0604485337-061801489029,omid:br/0604485337,omid:br/061801489029
oci:06520233763-061901495573,omid:br/06520233763,omid:br/061901495573
oci:06490236124-06190323822,omid:br/06490236124,omid:br/06190323822
oci:06490236124-061701075500,omid:br/06490236124,omid:br/061701075500
oci:06490236124-061701075092,omid:br/06490236124,omid:br/061701075092
oci:06490236124-06220935239,omid:br/06490236124,omid:br/06220935239
oci:06490236124-06230930942,omid:br/06490236124,omid:br/06230930942
oci:06490236124-06490236123,omid:br/06490236124,omid:br/06490236123
oci:06490236088-061603578018,omid:br/06490236088,omid:br/061603578018
oci:06490236088-06520233659,omid:br/06490236088,omid:br/06520233659
oci:06490236088-06480232216,omid:br/06490236088,omid:br/06480232216
oci:06490236088-06490235447,omid:br/06490236088,omid:br/06490235447
oci:06490236088-06490236029,omid:br/06490236088,omid:br/06490236029
oci:06490236088-06490236032,omid:br/06490236088,omid:br/06490236032
oci:06490236088-06520233317,omid:br/06490236088,omid:br/06520233317
oci:06490236088-06520233319,omid:br/06490236088,omid:br/06520233319
oci:06490236088-06490235495,omid:br/06490236088,omid:br/06490235495
oci:0604485346-0650349131,omid:br/0604485346,omid:br/0650349131
oci:0604485346-06230930449,omid:br/0604485346,omid:br/06230930449
oci:06490236155-06260954512,omid:br/06490236155,omid:br/06260954512
oci:06490236155-06220934952,omid:br/06490236155,omid:br/06220934952
oci:06490236155-06101482972,omid:br/06490236155,omid:br/06101482972
oci:06490236130-062602423428,omid:br/06490236130,omid:br/062602423428
oci:06490236157-061103588583,omid:br/06490236157,omid:br/061103588583
oci:06490236157-061701075122,omid:br/06490236157,omid:br/061701075122
oci:06490236157-06510242040,omid:br/06490236157,omid:br/06510242040
oci:06490236157-06510242478,omid:br/06490236157,omid:br/06510242478
oci:06490236157-06520233295,omid:br/06490236157,omid:br/06520233295
oci:06203986669-06490236147,omid:br/06203986669,omid:br/06490236147
oci:06203986669-0630887167,omid:br/06203986669,omid:br/0630887167
oci:061803579645-062202196322,omid:br/061803579645,omid:br/062202196322
oci:061803579645-06210929169,omid:br/061803579645,omid:br/06210929169
oci:061803579645-06190939162,omid:br/061803579645,omid:br/06190939162
oci:06490236092-06503952921,omid:br/06490236092,omid:br/06503952921
oci:06490236092-06130416264,omid:br/06490236092,omid:br/06130416264
oci:06490236092-061701075627,omid:br/06490236092,omid:br/061701075627
oci:06490236092-06190939217,omid:br/06490236092,omid:br/06190939217
oci:06490236092-0650695948,omid:br/06490236092,omid:br/0650695948
oci:06490236083-06220934599,omid:br/06490236083,omid:br/06220934599
oci:06490236083-061501077050,omid:br/06490236083,omid:br/061501077050
oci:06490236083-061103603663,omid:br/06490236083,omid:br/061103603663
oci:0604485333-06250928635,omid:br/0604485333,omid:br/06250928635
oci:0604485333-06450216094,omid:br/0604485333,omid:br/06450216094
oci:0604485333-06210929567,omid:br/0604485333,omid:br/06210929567
oci:0604485333-06260954469,omid:br/0604485333,omid:br/06260954469
oci:0604485333-06260954329,omid:br/0604485333,omid:br/06260954329
oci:0604485333-06240916043,omid:br/0604485333,omid:br/06240916043
oci:0604485333-06190939497,omid:br/0604485333,omid:br/06190939497
oci:0604485333-061501076979,omid:br/0604485333,omid:br/061501076979
oci:0604485333-061701075152,omid:br/0604485333,omid:br/061701075152
oci:0604485333-06260954279,omid:br/0604485333,omid:br/06260954279
oci:0604485365-0670617932,omid:br/0604485365,omid:br/0670617932
oci:0604485365-06240513072,omid:br/0604485365,omid:br/06240513072
oci:0604485365-061901880248,omid:br/0604485365,omid:br/061901880248
oci:0604485365-06150514676,omid:br/0604485365,omid:br/06150514676
oci:0604485365-06190939030,omid:br/0604485365,omid:br/06190939030
oci:0604485365-06230930360,omid:br/0604485365,omid:br/06230930360
oci:0604485365-06170939902,omid:br/0604485365,omid:br/06170939902
oci:0604485365-06250928098,omid:br/0604485365,omid:br/06250928098
oci:0604485365-06170940257,omid:br/0604485365,omid:br/06170940257
oci:0604485365-06190939160,omid:br/0604485365,omid:br/06190939160
oci:0604485365-061503623110,omid:br/0604485365,omid:br/061503623110
oci:0604485365-061801041181,omid:br/0604485365,omid:br/061801041181
oci:0604485362-06250812855,omid:br/0604485362,omid:br/06250812855
oci:0604485362-061401063721,omid:br/0604485362,omid:br/061401063721
oci:0604485362-061401063477,omid:br/0604485362,omid:br/061401063477
oci:0604485362-0620319763,omid:br/0604485362,omid:br/0620319763
oci:0604485362-06210929647,omid:br/0604485362,omid:br/06210929647
oci:0604485362-061401063262,omid:br/0604485362,omid:br/061401063262
oci:0604485362-061701075691,omid:br/0604485362,omid:br/061701075691
oci:0604485362-061401062827,omid:br/0604485362,omid:br/061401062827
oci:0604485362-06240915557,omid:br/0604485362,omid:br/06240915557
oci:06490236107-061301330041,omid:br/06490236107,omid:br/061301330041
oci:06490236107-06160321131,omid:br/06490236107,omid:br/06160321131
oci:06490236107-061301330181,omid:br/06490236107,omid:br/061301330181
oci:06490236107-061601335442,omid:br/06490236107,omid:br/061601335442
oci:06490236107-061201455782,omid:br/06490236107,omid:br/061201455782
oci:06490236107-061601335629,omid:br/06490236107,omid:br/061601335629
oci:06520233717-061503064088,omid:br/06520233717,omid:br/061503064088
oci:06520233717-06110234699,omid:br/06520233717,omid:br/06110234699
oci:06520233717-06201586925,omid:br/06520233717,omid:br/06201586925
oci:06520233717-061103589693,omid:br/06520233717,omid:br/061103589693
oci:06520233717-062501139630,omid:br/06520233717,omid:br/062501139630
oci:06520233717-061702460264,omid:br/06520233717,omid:br/061702460264
oci:06520233717-06130978911,omid:br/06520233717,omid:br/06130978911
oci:0604485352-061501077018,omid:br/0604485352,omid:br/061501077018
oci:0604485352-061601077943,omid:br/0604485352,omid:br/061601077943
oci:0604485352-061601077756,omid:br/0604485352,omid:br/061601077756
oci:0604485352-0630733040,omid:br/0604485352,omid:br/0630733040
oci:0604485352-0650948542,omid:br/0604485352,omid:br/0650948542
oci:0604485352-061801376351,omid:br/0604485352,omid:br/061801376351
oci:0604485352-061601078231,omid:br/0604485352,omid:br/061601078231
oci:06490236118-06230931048,omid:br/06490236118,omid:br/06230931048
oci:06490236118-06260954097,omid:br/06490236118,omid:br/06260954097
oci:0604485307-061401063086,omid:br/0604485307,omid:br/061401063086
oci:0604485307-06180738028,omid:br/0604485307,omid:br/06180738028
oci:0604485307-062103725961,omid:br/0604485307,omid:br/062103725961
oci:0604485307-06601374834,omid:br/0604485307,omid:br/06601374834
oci:0604485307-06230931127,omid:br/0604485307,omid:br/06230931127
oci:0604485307-061701075583,omid:br/0604485307,omid:br/061701075583
oci:0604485307-06190743004,omid:br/0604485307,omid:br/06190743004
oci:0604485307-062601502340,omid:br/0604485307,omid:br/062601502340
oci:0604485307-061903651768,omid:br/0604485307,omid:br/061903651768
oci:0604485307-061103594270,omid:br/0604485307,omid:br/061103594270
oci:0604485307-0610327171,omid:br/0604485307,omid:br/0610327171
oci:0604485307-06401028726,omid:br/0604485307,omid:br/06401028726
oci:06490236153-06210823560,omid:br/06490236153,omid:br/06210823560
oci:06490236153-061501176356,omid:br/06490236153,omid:br/061501176356
oci:06490236153-061301169561,omid:br/06490236153,omid:br/061301169561
oci:06490236153-0628054718,omid:br/06490236153,omid:br/0628054718
oci:06490236153-061401063198,omid:br/06490236153,omid:br/061401063198
oci:06490236097-06102852607,omid:br/06490236097,omid:br/06102852607
oci:06490236097-06370222912,omid:br/06490236097,omid:br/06370222912
oci:061903594419-06490235741,omid:br/061903594419,omid:br/06490235741
oci:061903594419-06490235750,omid:br/061903594419,omid:br/06490235750
oci:06510242566-06110187364,omid:br/06510242566,omid:br/06110187364
oci:0604485326-06240915773,omid:br/0604485326,omid:br/06240915773
oci:0604485326-061401063157,omid:br/0604485326,omid:br/061401063157
oci:0604485326-06180930896,omid:br/0604485326,omid:br/06180930896
oci:0604485326-06180930435,omid:br/0604485326,omid:br/06180930435
oci:0604485326-06170939669,omid:br/0604485326,omid:br/06170939669
oci:0604485326-06190939323,omid:br/0604485326,omid:br/06190939323
oci:061103594054-06250862111,omid:br/061103594054,omid:br/06250862111
oci:061103594054-061301330041,omid:br/061103594054,omid:br/061301330041
oci:061103594054-061801001213,omid:br/061103594054,omid:br/061801001213
oci:061103594054-06110233640,omid:br/061103594054,omid:br/06110233640
oci:061103594054-06160897113,omid:br/061103594054,omid:br/06160897113
oci:061103594054-06170939768,omid:br/061103594054,omid:br/06170939768
oci:061103594054-0621081888,omid:br/061103594054,omid:br/0621081888
oci:061103594054-061201455782,omid:br/061103594054,omid:br/061201455782
oci:06490236154-06240915546,omid:br/06490236154,omid:br/06240915546
oci:06490236154-06230931030,omid:br/06490236154,omid:br/06230931030
oci:06490236154-06240915575,omid:br/06490236154,omid:br/06240915575
oci:06490236154-06220934253,omid:br/06490236154,omid:br/06220934253
oci:06490236154-06250928392,omid:br/06490236154,omid:br/06250928392
oci:06490236154-06230930460,omid:br/06490236154,omid:br/06230930460
oci:06490236154-06210929327,omid:br/06490236154,omid:br/06210929327
oci:06490236154-06260954391,omid:br/06490236154,omid:br/06260954391
oci:06490236154-06260954335,omid:br/06490236154,omid:br/06260954335
oci:06490236154-06230930461,omid:br/06490236154,omid:br/06230930461
oci:06490236154-061701074940,omid:br/06490236154,omid:br/061701074940
oci:06490236154-06702234416,omid:br/06490236154,omid:br/06702234416
oci:06490236115-061501176121,omid:br/06490236115,omid:br/061501176121
oci:06490236115-06250928046,omid:br/06490236115,omid:br/06250928046
oci:06490236115-062503575793,omid:br/06490236115,omid:br/062503575793
oci:06490236115-06901020196,omid:br/06490236115,omid:br/06901020196
oci:06490236115-061101011836,omid:br/06490236115,omid:br/061101011836
oci:06490236115-061103594270,omid:br/06490236115,omid:br/061103594270
oci:06490236115-06301066880,omid:br/06490236115,omid:br/06301066880
oci:061403568101-06240915860,omid:br/061403568101,omid:br/06240915860
oci:061403568101-06401055192,omid:br/061403568101,omid:br/06401055192
oci:061403568101-06160321131,omid:br/061403568101,omid:br/06160321131
oci:061403568101-061101587041,omid:br/061403568101,omid:br/061101587041
oci:061403568101-061201455937,omid:br/061403568101,omid:br/061201455937
oci:061403568101-061803800056,omid:br/061403568101,omid:br/061803800056
oci:061403568101-06170940390,omid:br/061403568101,omid:br/06170940390
oci:061403568101-06240915260,omid:br/061403568101,omid:br/06240915260
oci:061403568101-06302839407,omid:br/061403568101,omid:br/06302839407
oci:0604485305-06901185168,omid:br/0604485305,omid:br/06901185168
oci:0604485306-06260954352,omid:br/0604485306,omid:br/06260954352
oci:0604485306-06260954106,omid:br/0604485306,omid:br/06260954106
oci:0604485306-06401559168,omid:br/0604485306,omid:br/06401559168
oci:0604485306-06190939287,omid:br/0604485306,omid:br/06190939287
oci:062603601043-061701075251,omid:br/062603601043,omid:br/061701075251
oci:062603601043-0610354782,omid:br/062603601043,omid:br/0610354782
oci:062603601043-06210929865,omid:br/062603601043,omid:br/06210929865
oci:062603601043-0613082954,omid:br/062603601043,omid:br/0613082954
oci:062603601043-06101482972,omid:br/062603601043,omid:br/06101482972
oci:06490236147-061701075465,omid:br/06490236147,omid:br/061701075465
oci:06490236147-061501137937,omid:br/06490236147,omid:br/061501137937
oci:06490236147-061101448478,omid:br/06490236147,omid:br/061101448478
oci:06490236147-061801489133,omid:br/06490236147,omid:br/061801489133
oci:06490236147-06190939034,omid:br/06490236147,omid:br/06190939034
oci:06490236147-062501436158,omid:br/06490236147,omid:br/062501436158
oci:06490236091-06210480008,omid:br/06490236091,omid:br/06210480008
oci:06490236091-06301550578,omid:br/06490236091,omid:br/06301550578
oci:06490236091-06603474170,omid:br/06490236091,omid:br/06603474170
oci:06490236091-06170939784,omid:br/06490236091,omid:br/06170939784
oci:06490236091-06504634231,omid:br/06490236091,omid:br/06504634231
oci:06490236091-06250927964,omid:br/06490236091,omid:br/06250927964
oci:0604485308-06180323057,omid:br/0604485308,omid:br/06180323057
oci:0604485308-06240915482,omid:br/0604485308,omid:br/06240915482
oci:0604485308-06190637486,omid:br/0604485308,omid:br/06190637486
oci:0604485308-06190939446,omid:br/0604485308,omid:br/06190939446
oci:06490236149-061202095933,omid:br/06490236149,omid:br/061202095933
oci:06490236149-06150997005,omid:br/06490236149,omid:br/06150997005
oci:06490236149-061703149907,omid:br/06490236149,omid:br/061703149907
oci:06490236149-06450305618,omid:br/06490236149,omid:br/06450305618
oci:06490236149-06450305555,omid:br/06490236149,omid:br/06450305555
oci:06490236149-06802481443,omid:br/06490236149,omid:br/06802481443
oci:06490236149-06402998525,omid:br/06490236149,omid:br/06402998525
oci:06490236149-061103594270,omid:br/06490236149,omid:br/061103594270
oci:06490236149-06230931174,omid:br/06490236149,omid:br/06230931174
oci:06490236149-06603994674,omid:br/06490236149,omid:br/06603994674
oci:06490236114-061301457624,omid:br/06490236114,omid:br/061301457624
oci:06490236114-06170940346,omid:br/06490236114,omid:br/06170940346
oci:06490236114-06170940240,omid:br/06490236114,omid:br/06170940240
oci:06490236114-061301457308,omid:br/06490236114,omid:br/061301457308
oci:06490236114-061201456378,omid:br/06490236114,omid:br/061201456378
oci:06490236114-061301457398,omid:br/06490236114,omid:br/061301457398
oci:06490236114-06170940381,omid:br/06490236114,omid:br/06170940381
oci:0604485336-0629056139,omid:br/0604485336,omid:br/0629056139
oci:0604485336-06210929785,omid:br/0604485336,omid:br/06210929785
oci:0604485336-061601078297,omid:br/0604485336,omid:br/061601078297
oci:0604485336-062402440232,omid:br/0604485336,omid:br/062402440232
oci:0604485336-061601078462,omid:br/0604485336,omid:br/061601078462
oci:0604485336-06250928429,omid:br/0604485336,omid:br/06250928429
oci:0604485336-061601177165,omid:br/0604485336,omid:br/061601177165
oci:0604485336-06230931064,omid:br/0604485336,omid:br/06230931064
oci:0604485336-06702234416,omid:br/0604485336,omid:br/06702234416
oci:06490236082-0610668789,omid:br/06490236082,omid:br/0610668789
oci:06490236082-06703985156,omid:br/06490236082,omid:br/06703985156
oci:06490236082-06220935005,omid:br/06490236082,omid:br/06220935005
oci:06490236082-06201417377,omid:br/06490236082,omid:br/06201417377
oci:06490236082-06210635884,omid:br/06490236082,omid:br/06210635884
oci:06490236082-061701075609,omid:br/06490236082,omid:br/061701075609
oci:06490236082-061401062956,omid:br/06490236082,omid:br/061401062956
oci:06490236084-0690364750,omid:br/06490236084,omid:br/0690364750
oci:06490236084-06170940627,omid:br/06490236084,omid:br/06170940627
oci:06490236084-0670200120,omid:br/06490236084,omid:br/0670200120
oci:06490236084-062301452939,omid:br/06490236084,omid:br/062301452939
oci:06490236101-061103923161,omid:br/06490236101,omid:br/061103923161
oci:06490236101-06140312579,omid:br/06490236101,omid:br/06140312579
oci:06490236110-061401063189,omid:br/06490236110,omid:br/061401063189
oci:06490236110-061401063424,omid:br/06490236110,omid:br/061401063424
oci:06490236110-06210929805,omid:br/06490236110,omid:br/06210929805
oci:06490236110-06230931057,omid:br/06490236110,omid:br/06230931057
oci:06490236110-06190323822,omid:br/06490236110,omid:br/06190323822
oci:06490236110-061301069186,omid:br/06490236110,omid:br/061301069186
oci:06490235788-061701075296,omid:br/06490235788,omid:br/061701075296
oci:06490235788-061701075683,omid:br/06490235788,omid:br/061701075683
oci:06490235788-06210929355,omid:br/06490235788,omid:br/06210929355
oci:06510242498-061701524482,omid:br/06510242498,omid:br/061701524482
oci:06490236121-061401063189,omid:br/06490236121,omid:br/061401063189
oci:06490236121-061401063424,omid:br/06490236121,omid:br/061401063424
oci:06490236121-061401063383,omid:br/06490236121,omid:br/061401063383
oci:06490236121-061401063164,omid:br/06490236121,omid:br/061401063164
oci:06490236121-061701075218,omid:br/06490236121,omid:br/061701075218
oci:06490236121-06210929805,omid:br/06490236121,omid:br/06210929805
oci:06490236121-06190323822,omid:br/06490236121,omid:br/06190323822
oci:06490236121-06240915813,omid:br/06490236121,omid:br/06240915813
oci:06490236121-061301069186,omid:br/06490236121,omid:br/061301069186
oci:06490236087-06130264337,omid:br/06490236087,omid:br/06130264337
oci:06490236087-06201550854,omid:br/06490236087,omid:br/06201550854
oci:06490236087-06180931160,omid:br/06490236087,omid:br/06180931160
oci:06490236087-06240915802,omid:br/06490236087,omid:br/06240915802
oci:06490236087-06170940346,omid:br/06490236087,omid:br/06170940346
oci:06490236087-061201455955,omid:br/06490236087,omid:br/061201455955
oci:06490236087-061201456378,omid:br/06490236087,omid:br/061201456378
oci:06490236087-061301457720,omid:br/06490236087,omid:br/061301457720
oci:06490236087-061201455890,omid:br/06490236087,omid:br/061201455890
oci:06490236087-061201455950,omid:br/06490236087,omid:br/061201455950
oci:061103579999-06701168966,omid:br/061103579999,omid:br/06701168966
oci:061103579999-06501802138,omid:br/061103579999,omid:br/06501802138
oci:061103579999-06210354843,omid:br/061103579999,omid:br/06210354843
oci:061103579999-06230930483,omid:br/061103579999,omid:br/06230930483
oci:061103579999-061701075485,omid:br/061103579999,omid:br/061701075485
oci:061103579999-06110203665,omid:br/061103579999,omid:br/06110203665
oci:06903600108-06504012521,omid:br/06903600108,omid:br/06504012521
oci:06903600108-0670501520,omid:br/06903600108,omid:br/0670501520
oci:06903600108-062601502261,omid:br/06903600108,omid:br/062601502261
oci:06903600108-06260753890,omid:br/06903600108,omid:br/06260753890
oci:06903600108-06180930688,omid:br/06903600108,omid:br/06180930688
oci:06903600108-061502385992,omid:br/06903600108,omid:br/061502385992
oci:06903600108-061701074986,omid:br/06903600108,omid:br/061701074986
oci:0604485366-061601077978,omid:br/0604485366,omid:br/061601077978
oci:0604485366-0670200464,omid:br/0604485366,omid:br/0670200464
oci:0604485366-0620194951,omid:br/0604485366,omid:br/0620194951
oci:0604485366-06210798582,omid:br/0604485366,omid:br/06210798582
oci:0604485366-06120226542,omid:br/0604485366,omid:br/06120226542
oci:0604485366-063206160,omid:br/0604485366,omid:br/063206160
oci:0604485366-061401063494,omid:br/0604485366,omid:br/061401063494
oci:06490236159-061701074908,omid:br/06490236159,omid:br/061701074908
oci:06490236159-06370222921,omid:br/06490236159,omid:br/06370222921
oci:06490236159-062301732762,omid:br/06490236159,omid:br/062301732762
oci:06490235738-06160942224,omid:br/06490235738,omid:br/06160942224
oci:06490235738-061701175243,omid:br/06490235738,omid:br/061701175243
oci:06490235738-06260954027,omid:br/06490235738,omid:br/06260954027
oci:06604443932-06703208571,omid:br/06604443932,omid:br/06703208571
oci:061703862650-06240916186,omid:br/061703862650,omid:br/06240916186
oci:061703862650-061201456133,omid:br/061703862650,omid:br/061201456133
oci:061703862650-061701075587,omid:br/061703862650,omid:br/061701075587
oci:061703862650-061401772444,omid:br/061703862650,omid:br/061401772444
oci:061703862650-061401772516,omid:br/061703862650,omid:br/061401772516
oci:061703862650-062501736125,omid:br/061703862650,omid:br/062501736125
oci:061703862650-061301457448,omid:br/061703862650,omid:br/061301457448
oci:061703862650-06701169348,omid:br/061703862650,omid:br/06701169348
oci:061703862650-061401772465,omid:br/061703862650,omid:br/061401772465
oci:061703862650-06260954139,omid:br/061703862650,omid:br/06260954139
oci:061703862650-061501076918,omid:br/061703862650,omid:br/061501076918
oci:061703862650-061401772440,omid:br/061703862650,omid:br/061401772440
oci:061703862650-06101189119,omid:br/061703862650,omid:br/06101189119
oci:061703862650-06180930596,omid:br/061703862650,omid:br/06180930596
oci:061703862650-061401772509,omid:br/061703862650,omid:br/061401772509
oci:061703862650-06250927733,omid:br/061703862650,omid:br/06250927733
oci:061703862650-061701075107,omid:br/061703862650,omid:br/061701075107
oci:06490235722-061201456197,omid:br/06490235722,omid:br/061201456197
oci:06490235722-061201456140,omid:br/06490235722,omid:br/061201456140
oci:06490235722-06240915843,omid:br/06490235722,omid:br/06240915843
oci:06490235741-06190486964,omid:br/06490235741,omid:br/06190486964
oci:06490236103-06703987332,omid:br/06490236103,omid:br/06703987332
oci:06490235770-061401063673,omid:br/06490235770,omid:br/061401063673
oci:06490235770-061401063429,omid:br/06490235770,omid:br/061401063429
oci:06490235770-06180738496,omid:br/06490235770,omid:br/06180738496
oci:06490235770-061601078286,omid:br/06490235770,omid:br/061601078286
oci:06490235770-062601502495,omid:br/06490235770,omid:br/062601502495
oci:06490235770-0650229471,omid:br/06490235770,omid:br/0650229471
oci:06490235770-061703149586,omid:br/06490235770,omid:br/061703149586
oci:06490235770-06150610327,omid:br/06490235770,omid:br/06150610327
oci:06490235770-0660198230,omid:br/06490235770,omid:br/0660198230
oci:06490235770-06220934721,omid:br/06490235770,omid:br/06220934721
oci:06490235770-061401063104,omid:br/06490235770,omid:br/061401063104
oci:06490235770-061401062918,omid:br/06490235770,omid:br/061401062918
oci:06490235770-06180930644,omid:br/06490235770,omid:br/06180930644
oci:06490235770-06702241526,omid:br/06490235770,omid:br/06702241526
oci:06490235770-061403484864,omid:br/06490235770,omid:br/061403484864
oci:06490235770-0670200514,omid:br/06490235770,omid:br/0670200514
oci:06490235770-062601010826,omid:br/06490235770,omid:br/062601010826
oci:06490235770-06902000516,omid:br/06490235770,omid:br/06902000516
oci:06490235770-061701075551,omid:br/06490235770,omid:br/061701075551
oci:0604485342-06170940210,omid:br/0604485342,omid:br/06170940210
oci:0604485342-061301457560,omid:br/0604485342,omid:br/061301457560
oci:0604485342-0640989821,omid:br/0604485342,omid:br/0640989821
oci:0604485342-06260835603,omid:br/0604485342,omid:br/06260835603
oci:0604485342-0630986227,omid:br/0604485342,omid:br/0630986227
oci:0604485342-0640989680,omid:br/0604485342,omid:br/0640989680
oci:0604485342-062706370,omid:br/0604485342,omid:br/062706370
oci:0604485342-061201456156,omid:br/0604485342,omid:br/061201456156
oci:0604485342-06601460775,omid:br/0604485342,omid:br/06601460775
oci:0604485342-061301457438,omid:br/0604485342,omid:br/061301457438
oci:0604485342-062706241,omid:br/0604485342,omid:br/062706241
oci:0604485342-061301457532,omid:br/0604485342,omid:br/061301457532
oci:0604485342-061301457808,omid:br/0604485342,omid:br/061301457808
oci:0604485342-06110272463,omid:br/0604485342,omid:br/06110272463
oci:0604485342-061301457865,omid:br/0604485342,omid:br/061301457865
oci:0604485342-061201456355,omid:br/0604485342,omid:br/061201456355
oci:0604485342-06190792169,omid:br/0604485342,omid:br/06190792169
oci:0604485342-061301457686,omid:br/0604485342,omid:br/061301457686
oci:0604485342-06260834925,omid:br/0604485342,omid:br/06260834925
oci:0604485342-061301457461,omid:br/0604485342,omid:br/061301457461
oci:06490236125-06230931048,omid:br/06490236125,omid:br/06230931048
oci:062503960724-0619024822,omid:br/062503960724,omid:br/0619024822
oci:06490235786-06240916208,omid:br/06490235786,omid:br/06240916208
oci:06490235786-061401062843,omid:br/06490235786,omid:br/061401062843
oci:06490235786-061701074913,omid:br/06490235786,omid:br/061701074913
oci:06490235786-06240916209,omid:br/06490235786,omid:br/06240916209
oci:06490235727-06703208571,omid:br/06490235727,omid:br/06703208571
oci:06490236108-061201595423,omid:br/06490236108,omid:br/061201595423
oci:06490236108-06302838232,omid:br/06490236108,omid:br/06302838232
oci:06490236108-06220934329,omid:br/06490236108,omid:br/06220934329
oci:06490236108-06220934257,omid:br/06490236108,omid:br/06220934257
oci:06490236108-06230931165,omid:br/06490236108,omid:br/06230931165
oci:062603957184-06102536716,omid:br/062603957184,omid:br/06102536716
oci:062603957184-06703732002,omid:br/062603957184,omid:br/06703732002
oci:062603957184-06803741349,omid:br/062603957184,omid:br/06803741349
oci:062603957184-06180930368,omid:br/062603957184,omid:br/06180930368
oci:062603957184-06240915762,omid:br/062603957184,omid:br/06240915762
oci:062603957184-06180738563,omid:br/062603957184,omid:br/06180738563
oci:062603957184-0640202423,omid:br/062603957184,omid:br/0640202423
oci:062603957184-062501486705,omid:br/062603957184,omid:br/062501486705
oci:062603957184-06170939990,omid:br/062603957184,omid:br/06170939990
oci:062603957184-0690204983,omid:br/062603957184,omid:br/0690204983
oci:062603957184-0670201046,omid:br/062603957184,omid:br/0670201046
oci:062603957184-0690205150,omid:br/062603957184,omid:br/0690205150
oci:062603957184-06130226693,omid:br/062603957184,omid:br/06130226693
oci:062403579637-0629056139,omid:br/062403579637,omid:br/0629056139
oci:062403579637-061601100816,omid:br/062403579637,omid:br/061601100816
oci:062403579637-061401063307,omid:br/062403579637,omid:br/061401063307
oci:062403579637-061701075271,omid:br/062403579637,omid:br/061701075271
oci:062403579637-061401062832,omid:br/062403579637,omid:br/061401062832
oci:062403579637-061701075140,omid:br/062403579637,omid:br/061701075140
oci:062403579637-06210929834,omid:br/062403579637,omid:br/06210929834
oci:062403579637-061501077036,omid:br/062403579637,omid:br/061501077036
oci:062403579637-061701075568,omid:br/062403579637,omid:br/061701075568
oci:062403579637-061601177640,omid:br/062403579637,omid:br/061601177640
oci:062403579637-06702234416,omid:br/062403579637,omid:br/06702234416
oci:06490235797-061201456197,omid:br/06490235797,omid:br/061201456197
oci:06490235797-06170940547,omid:br/06490235797,omid:br/06170940547
oci:0604485351-062602423528,omid:br/0604485351,omid:br/062602423528
oci:0604485351-06250927955,omid:br/0604485351,omid:br/06250927955
oci:0604485351-06170939952,omid:br/0604485351,omid:br/06170939952
oci:0604485351-0660197957,omid:br/0604485351,omid:br/0660197957
oci:0604485351-062502392075,omid:br/0604485351,omid:br/062502392075
oci:0604485351-062602423655,omid:br/0604485351,omid:br/062602423655
oci:0604485351-0650197838,omid:br/0604485351,omid:br/0650197838
oci:0604485351-06502266495,omid:br/0604485351,omid:br/06502266495
oci:0604485351-06602260450,omid:br/0604485351,omid:br/06602260450
oci:0604485351-0620195162,omid:br/0604485351,omid:br/0620195162
oci:0604485351-062602423475,omid:br/0604485351,omid:br/062602423475
oci:0604485351-06230931265,omid:br/0604485351,omid:br/06230931265
oci:0604485351-0660198631,omid:br/0604485351,omid:br/0660198631
oci:0604485351-062401724118,omid:br/0604485351,omid:br/062401724118
oci:0604485351-06101188791,omid:br/0604485351,omid:br/06101188791
oci:0604485351-06901596298,omid:br/0604485351,omid:br/06901596298
oci:0604485351-062402392695,omid:br/0604485351,omid:br/062402392695
oci:0604485351-06260954272,omid:br/0604485351,omid:br/06260954272
oci:0604485351-06260954227,omid:br/0604485351,omid:br/06260954227
oci:0604485351-06260954193,omid:br/0604485351,omid:br/06260954193
oci:06490236151-06240915726,omid:br/06490236151,omid:br/06240915726
oci:06490235747-06240915501,omid:br/06490235747,omid:br/06240915501
oci:06490235784-06170939821,omid:br/06490235784,omid:br/06170939821
oci:06490235784-06110481020,omid:br/06490235784,omid:br/06110481020
oci:06490235784-06170317019,omid:br/06490235784,omid:br/06170317019
oci:06490235784-06601583558,omid:br/06490235784,omid:br/06601583558
oci:06490235784-061601078035,omid:br/06490235784,omid:br/061601078035
oci:06490235784-061701075404,omid:br/06490235784,omid:br/061701075404
oci:06490236116-061701075449,omid:br/06490236116,omid:br/061701075449
oci:06490236116-06220762948,omid:br/06490236116,omid:br/06220762948
oci:06490236116-06104125192,omid:br/06490236116,omid:br/06104125192
oci:06490236116-061401063513,omid:br/06490236116,omid:br/061401063513
oci:06490235800-06430213257,omid:br/06490235800,omid:br/06430213257
oci:06490235800-06220935141,omid:br/06490235800,omid:br/06220935141
oci:06490235800-06430213940,omid:br/06490235800,omid:br/06430213940
oci:062303568731-0626097665,omid:br/062303568731,omid:br/0626097665
oci:062303568731-06260954516,omid:br/062303568731,omid:br/06260954516
oci:062303568731-06260954575,omid:br/062303568731,omid:br/06260954575
oci:06490235736-06110481020,omid:br/06490235736,omid:br/06110481020
oci:06490235736-06101112805,omid:br/06490235736,omid:br/06101112805
oci:06490235736-061601078079,omid:br/06490235736,omid:br/061601078079
oci:06490235736-061601078035,omid:br/06490235736,omid:br/061601078035
oci:06490235736-06180931206,omid:br/06490235736,omid:br/06180931206
oci:06490235736-061601335629,omid:br/06490235736,omid:br/061601335629
oci:061203899794-06260954042,omid:br/061203899794,omid:br/06260954042
oci:061203899794-06260954469,omid:br/061203899794,omid:br/06260954469
oci:061203899794-06180930589,omid:br/061203899794,omid:br/06180930589
oci:061203899794-06260953873,omid:br/061203899794,omid:br/06260953873
oci:061203899794-061501076956,omid:br/061203899794,omid:br/061501076956
oci:061203899794-06260954157,omid:br/061203899794,omid:br/06260954157
oci:06490235726-06170939930,omid:br/06490235726,omid:br/06170939930
oci:06490235726-061601100816,omid:br/06490235726,omid:br/061601100816
oci:06490235726-061701097958,omid:br/06490235726,omid:br/061701097958
oci:06490235726-06240915461,omid:br/06490235726,omid:br/06240915461
oci:06490235726-06201454014,omid:br/06490235726,omid:br/06201454014
oci:06490235726-061701075613,omid:br/06490235726,omid:br/061701075613
oci:06490235726-06202840469,omid:br/06490235726,omid:br/06202840469
oci:06490235726-06260954308,omid:br/06490235726,omid:br/06260954308
oci:06490236113-06190939242,omid:br/06490236113,omid:br/06190939242
oci:06490236113-06303240856,omid:br/06490236113,omid:br/06303240856
oci:06490236113-061801040875,omid:br/06490236113,omid:br/061801040875
oci:06490236113-0660592547,omid:br/06490236113,omid:br/0660592547
oci:06490236113-06490235513,omid:br/06490236113,omid:br/06490235513
oci:06490236113-061701075159,omid:br/06490236113,omid:br/061701075159
oci:06490236113-062601091013,omid:br/06490236113,omid:br/062601091013
oci:06490236113-061401063223,omid:br/06490236113,omid:br/061401063223
oci:06490235768-06190938923,omid:br/06490235768,omid:br/06190938923
oci:0604485358-06370150403,omid:br/0604485358,omid:br/06370150403
oci:0604485358-061401063721,omid:br/0604485358,omid:br/061401063721
oci:0604485358-062601091386,omid:br/0604485358,omid:br/062601091386
oci:0604485358-06150353079,omid:br/0604485358,omid:br/06150353079
oci:0604485373-06201005879,omid:br/0604485373,omid:br/06201005879
oci:06490236093-06110953244,omid:br/06490236093,omid:br/06110953244
oci:06490236093-0670681039,omid:br/06490236093,omid:br/0670681039
oci:06490236093-06230867112,omid:br/06490236093,omid:br/06230867112
oci:06490236093-062706352,omid:br/06490236093,omid:br/062706352
oci:06490236093-06901030828,omid:br/06490236093,omid:br/06901030828
oci:06490236093-061301457357,omid:br/06490236093,omid:br/061301457357
oci:06490236093-06230931232,omid:br/06490236093,omid:br/06230931232
oci:06490236093-061903651453,omid:br/06490236093,omid:br/061903651453
oci:06490236093-06210929768,omid:br/06490236093,omid:br/06210929768
oci:06490236093-061601078337,omid:br/06490236093,omid:br/061601078337
oci:06803993438-06240915688,omid:br/06803993438,omid:br/06240915688
oci:06803993438-06230931284,omid:br/06803993438,omid:br/06230931284
oci:06490235762-061801170231,omid:br/06490235762,omid:br/061801170231
oci:06490235762-06240915864,omid:br/06490235762,omid:br/06240915864
oci:06490235762-06240916225,omid:br/06490235762,omid:br/06240916225
oci:06490235762-061601078172,omid:br/06490235762,omid:br/061601078172
oci:0604485304-06210354843,omid:br/0604485304,omid:br/06210354843
oci:0604485304-06502266495,omid:br/0604485304,omid:br/06502266495
oci:0604485304-062602423475,omid:br/0604485304,omid:br/062602423475
oci:0604485304-06501187236,omid:br/0604485304,omid:br/06501187236
oci:0604485304-06220934450,omid:br/0604485304,omid:br/06220934450
oci:0604485304-06230931138,omid:br/0604485304,omid:br/06230931138
oci:0604485304-062302171198,omid:br/0604485304,omid:br/062302171198
oci:0604485304-06101188791,omid:br/0604485304,omid:br/06101188791
oci:0604485304-06260954552,omid:br/0604485304,omid:br/06260954552
oci:0604485304-06190939038,omid:br/0604485304,omid:br/06190939038
oci:0604485304-06260954227,omid:br/0604485304,omid:br/06260954227
oci:0604485304-06260954193,omid:br/0604485304,omid:br/06260954193
oci:0604485304-061401772471,omid:br/0604485304,omid:br/061401772471
oci:0604485304-06180930477,omid:br/0604485304,omid:br/06180930477
oci:061403570100-06250927960,omid:br/061403570100,omid:br/06250927960
oci:061403570100-06230931064,omid:br/061403570100,omid:br/06230931064
oci:06490235720-06220935179,omid:br/06490235720,omid:br/06220935179
oci:06490235720-062101415481,omid:br/06490235720,omid:br/062101415481
oci:06490235720-06430213486,omid:br/06490235720,omid:br/06430213486
oci:06490235720-06190939127,omid:br/06490235720,omid:br/06190939127
oci:06490235720-061401063249,omid:br/06490235720,omid:br/061401063249
oci:06490235720-06603294148,omid:br/06490235720,omid:br/06603294148
oci:06490235720-061201456192,omid:br/06490235720,omid:br/061201456192
oci:06490235720-061201455954,omid:br/06490235720,omid:br/061201455954
oci:0604485375-061301457563,omid:br/0604485375,omid:br/061301457563
oci:0604485375-061301457435,omid:br/0604485375,omid:br/061301457435
oci:0604485375-061201455799,omid:br/0604485375,omid:br/061201455799
oci:0604485375-06260954542,omid:br/0604485375,omid:br/06260954542
oci:06490236142-06102565318,omid:br/06490236142,omid:br/06102565318
oci:06490236142-06250812613,omid:br/06490236142,omid:br/06250812613
oci:06490236142-061301457886,omid:br/06490236142,omid:br/061301457886
oci:0604485323-06230851505,omid:br/0604485323,omid:br/06230851505
oci:0604485323-0630250635,omid:br/0604485323,omid:br/0630250635
oci:0604485323-06250928611,omid:br/0604485323,omid:br/06250928611
oci:06490235750-0610495839,omid:br/06490235750,omid:br/0610495839
oci:06490236102-06170939671,omid:br/06490236102,omid:br/06170939671
oci:06490236102-06190323822,omid:br/06490236102,omid:br/06190323822
oci:06490236102-06190939077,omid:br/06490236102,omid:br/06190939077
oci:06490236102-06170940254,omid:br/06490236102,omid:br/06170940254
oci:06490236102-06240915460,omid:br/06490236102,omid:br/06240915460
oci:06490236102-06490235468,omid:br/06490236102,omid:br/06490235468
oci:06490236102-061401062777,omid:br/06490236102,omid:br/061401062777
oci:06490236102-06190938960,omid:br/06490236102,omid:br/06190938960
oci:06490236102-06190939079,omid:br/06490236102,omid:br/06190939079
oci:06490236102-06230930496,omid:br/06490236102,omid:br/06230930496
oci:06490236102-06170939856,omid:br/06490236102,omid:br/06170939856
oci:0604485311-061501076968,omid:br/0604485311,omid:br/061501076968
oci:0604485311-06260501904,omid:br/0604485311,omid:br/06260501904
oci:0604485311-061701075528,omid:br/0604485311,omid:br/061701075528
oci:0604485311-061401062849,omid:br/0604485311,omid:br/061401062849
oci:0604485311-061701075597,omid:br/0604485311,omid:br/061701075597
oci:0604485311-06260954574,omid:br/0604485311,omid:br/06260954574
oci:0604485311-061401062987,omid:br/0604485311,omid:br/061401062987
oci:0604485311-0614062580,omid:br/0604485311,omid:br/0614062580
oci:0604485311-06190939239,omid:br/0604485311,omid:br/06190939239
oci:0604485311-061401063472,omid:br/0604485311,omid:br/061401063472
oci:06490235725-06240916208,omid:br/06490235725,omid:br/06240916208
oci:06490235725-062601121960,omid:br/06490235725,omid:br/062601121960
oci:06490235725-06250927734,omid:br/06490235725,omid:br/06250927734
oci:06490235725-06220935180,omid:br/06490235725,omid:br/06220935180
oci:06490235725-06240915798,omid:br/06490235725,omid:br/06240915798
oci:06490235725-061701074913,omid:br/06490235725,omid:br/061701074913
oci:06490236140-06401028833,omid:br/06490236140,omid:br/06401028833
oci:0604485374-061603754071,omid:br/0604485374,omid:br/061603754071
oci:0604485374-061203665965,omid:br/0604485374,omid:br/061203665965
oci:0604485374-06160488667,omid:br/0604485374,omid:br/06160488667
oci:0604485374-061401063198,omid:br/0604485374,omid:br/061401063198
oci:0604485374-061401063499,omid:br/0604485374,omid:br/061401063499
oci:0604485374-06490236106,omid:br/0604485374,omid:br/06490236106
oci:0604485374-062601170268,omid:br/0604485374,omid:br/062601170268
oci:06490236126-061501077018,omid:br/06490236126,omid:br/061501077018
oci:06490236126-061601078620,omid:br/06490236126,omid:br/061601078620
oci:06490236126-06490235500,omid:br/06490236126,omid:br/06490235500
oci:06490236126-06210929806,omid:br/06490236126,omid:br/06210929806
oci:06490236126-062203571977,omid:br/06490236126,omid:br/062203571977
oci:06490235753-0650197793,omid:br/06490235753,omid:br/0650197793
oci:06490235753-061401063194,omid:br/06490235753,omid:br/061401063194
oci:06490235753-06180930324,omid:br/06490235753,omid:br/06180930324
oci:0604485343-062503227223,omid:br/0604485343,omid:br/062503227223
oci:0604485343-061201166037,omid:br/0604485343,omid:br/061201166037
oci:0604485343-06170940086,omid:br/0604485343,omid:br/06170940086
oci:0604485343-0620195070,omid:br/0604485343,omid:br/0620195070
oci:0604485343-06210929843,omid:br/0604485343,omid:br/06210929843
oci:06490235795-06260835667,omid:br/06490235795,omid:br/06260835667
oci:06490235795-062203478357,omid:br/06490235795,omid:br/062203478357
oci:06490235795-06603919611,omid:br/06490235795,omid:br/06603919611
oci:06490235795-061301457921,omid:br/06490235795,omid:br/061301457921
oci:06490235795-062201587459,omid:br/06490235795,omid:br/062201587459
oci:06490235795-061201456100,omid:br/06490235795,omid:br/061201456100
oci:06490235795-061601078535,omid:br/06490235795,omid:br/061601078535
oci:06490236135-061701075449,omid:br/06490236135,omid:br/061701075449
oci:06490236135-061701075613,omid:br/06490236135,omid:br/061701075613
oci:0604485370-06180930672,omid:br/0604485370,omid:br/06180930672
oci:0604485370-06170692969,omid:br/0604485370,omid:br/06170692969
oci:0604485370-0626097665,omid:br/0604485370,omid:br/0626097665
oci:0604485370-06260954225,omid:br/0604485370,omid:br/06260954225
oci:0604485370-06170940353,omid:br/0604485370,omid:br/06170940353
oci:0604485370-06210929874,omid:br/0604485370,omid:br/06210929874
oci:0604485370-06520233291,omid:br/0604485370,omid:br/06520233291
oci:0604485370-06230930474,omid:br/0604485370,omid:br/06230930474
oci:0604485370-061201456108,omid:br/0604485370,omid:br/061201456108
oci:0604485370-06240915242,omid:br/0604485370,omid:br/06240915242
oci:0604485370-06170693142,omid:br/0604485370,omid:br/06170693142
oci:0604485370-06190939240,omid:br/0604485370,omid:br/06190939240
oci:0604485370-06210929818,omid:br/0604485370,omid:br/06210929818
oci:0604485370-06230930807,omid:br/0604485370,omid:br/06230930807
oci:0604485370-06260954516,omid:br/0604485370,omid:br/06260954516
oci:0604485370-06260954575,omid:br/0604485370,omid:br/06260954575
oci:0604485370-06260954545,omid:br/0604485370,omid:br/06260954545
oci:0604485370-06260954444,omid:br/0604485370,omid:br/06260954444
oci:0604485370-06260954325,omid:br/0604485370,omid:br/06260954325
oci:0604485370-06260954095,omid:br/0604485370,omid:br/06260954095
oci:0604485370-06170939825,omid:br/0604485370,omid:br/06170939825
oci:0604485370-06170940389,omid:br/0604485370,omid:br/06170940389
oci:06490236143-0670681039,omid:br/06490236143,omid:br/0670681039
oci:06490236143-06230930476,omid:br/06490236143,omid:br/06230930476
oci:06490236143-06260835462,omid:br/06490236143,omid:br/06260835462
oci:06490236143-06160160741,omid:br/06490236143,omid:br/06160160741
oci:06490236143-06160160776,omid:br/06490236143,omid:br/06160160776
oci:06490236143-062706352,omid:br/06490236143,omid:br/062706352
oci:06490236143-062401421473,omid:br/06490236143,omid:br/062401421473
oci:06490236143-061401063521,omid:br/06490236143,omid:br/061401063521
oci:06490236143-06250927971,omid:br/06490236143,omid:br/06250927971
oci:06490236143-061601078297,omid:br/06490236143,omid:br/061601078297
oci:06490236143-06703192486,omid:br/06490236143,omid:br/06703192486
oci:06490236143-061401429480,omid:br/06490236143,omid:br/061401429480
oci:06490236143-06250927829,omid:br/06490236143,omid:br/06250927829
oci:06490236143-06230931232,omid:br/06490236143,omid:br/06230931232
oci:06490236143-06250928429,omid:br/06490236143,omid:br/06250928429
oci:06490236143-062501436705,omid:br/06490236143,omid:br/062501436705
oci:06490236143-062601465619,omid:br/06490236143,omid:br/062601465619
oci:06490236143-062401421699,omid:br/06490236143,omid:br/062401421699
oci:06490236143-062401422361,omid:br/06490236143,omid:br/062401422361
oci:06490236143-062501435829,omid:br/06490236143,omid:br/062501435829
oci:06490236143-062401422065,omid:br/06490236143,omid:br/062401422065
oci:06490236143-061301457881,omid:br/06490236143,omid:br/061301457881
oci:06490236143-06210929768,omid:br/06490236143,omid:br/06210929768
oci:06490236143-06240915850,omid:br/06490236143,omid:br/06240915850
oci:06490236143-061601078380,omid:br/06490236143,omid:br/061601078380
oci:06490236143-061203582447,omid:br/06490236143,omid:br/061203582447
oci:061303907784-062601602848,omid:br/061303907784,omid:br/062601602848
oci:0604485327-062301365154,omid:br/0604485327,omid:br/062301365154
oci:0604485327-06220934259,omid:br/0604485327,omid:br/06220934259
oci:0604485327-061201456054,omid:br/0604485327,omid:br/061201456054
oci:0604485327-06190637486,omid:br/0604485327,omid:br/06190637486
oci:06490236096-06210354843,omid:br/06490236096,omid:br/06210354843
oci:06490236096-06504634233,omid:br/06490236096,omid:br/06504634233
oci:06490236096-062602423475,omid:br/06490236096,omid:br/062602423475
oci:06490236096-061401772487,omid:br/06490236096,omid:br/061401772487
oci:06490236096-06230931265,omid:br/06490236096,omid:br/06230931265
oci:06490236096-06180931011,omid:br/06490236096,omid:br/06180931011
oci:06490236096-06220934753,omid:br/06490236096,omid:br/06220934753
oci:06490236096-06260954227,omid:br/06490236096,omid:br/06260954227
oci:06490236096-06260954193,omid:br/06490236096,omid:br/06260954193
oci:06490236096-06260954272,omid:br/06490236096,omid:br/06260954272
oci:06490236096-06260954175,omid:br/06490236096,omid:br/06260954175
oci:06490236096-06260954112,omid:br/06490236096,omid:br/06260954112
oci:06490236096-06230931126,omid:br/06490236096,omid:br/06230931126
oci:06490236095-061101105317,omid:br/06490236095,omid:br/061101105317
oci:06490236095-062102220853,omid:br/06490236095,omid:br/062102220853
oci:06490236095-06210929484,omid:br/06490236095,omid:br/06210929484
oci:06490236095-06210929044,omid:br/06490236095,omid:br/06210929044
oci:06490236095-061701075430,omid:br/06490236095,omid:br/061701075430
oci:06490236095-061801441006,omid:br/06490236095,omid:br/061801441006
oci:06490236095-061901181287,omid:br/06490236095,omid:br/061901181287
oci:06490236095-06240916223,omid:br/06490236095,omid:br/06240916223
oci:06490236095-062501436597,omid:br/06490236095,omid:br/062501436597
oci:0604485329-06130779573,omid:br/0604485329,omid:br/06130779573
oci:0604485329-06130779584,omid:br/0604485329,omid:br/06130779584
oci:0604485329-061601078572,omid:br/0604485329,omid:br/061601078572
oci:06490236133-06240915841,omid:br/06490236133,omid:br/06240915841
oci:06490236133-06220934370,omid:br/06490236133,omid:br/06220934370
oci:06490236133-06210929560,omid:br/06490236133,omid:br/06210929560
oci:06490236133-06210929469,omid:br/06490236133,omid:br/06210929469
oci:06490236133-06170940351,omid:br/06490236133,omid:br/06170940351
oci:06104371805-06403750897,omid:br/06104371805,omid:br/06403750897
oci:06104371805-06180738308,omid:br/06104371805,omid:br/06180738308
oci:06104371805-061401063009,omid:br/06104371805,omid:br/061401063009
oci:06104371805-062601565083,omid:br/06104371805,omid:br/062601565083
oci:06104371805-062501537951,omid:br/06104371805,omid:br/062501537951
oci:06803980262-061101449134,omid:br/06803980262,omid:br/061101449134
oci:06803980262-061801441006,omid:br/06803980262,omid:br/061801441006
oci:06803980262-061701075176,omid:br/06803980262,omid:br/061701075176
oci:062503561435-06260954378,omid:br/062503561435,omid:br/06260954378
oci:061103603663-063804659,omid:br/061103603663,omid:br/063804659
oci:061103603663-061101421140,omid:br/061103603663,omid:br/061101421140
oci:061103603663-061601177162,omid:br/061103603663,omid:br/061601177162
oci:061103603663-06101398832,omid:br/061103603663,omid:br/06101398832
oci:061103603663-06110347593,omid:br/061103603663,omid:br/06110347593
oci:061103603663-061401063247,omid:br/061103603663,omid:br/061401063247
oci:061103603663-06190954521,omid:br/061103603663,omid:br/06190954521
oci:061103603663-06260882597,omid:br/061103603663,omid:br/06260882597
oci:061103603663-061101448442,omid:br/061103603663,omid:br/061101448442
oci:061103603663-0640730931,omid:br/061103603663,omid:br/0640730931
oci:061103603663-06120353982,omid:br/061103603663,omid:br/06120353982
oci:061103603663-06303228503,omid:br/061103603663,omid:br/06303228503
oci:0604485313-061901179042,omid:br/0604485313,omid:br/061901179042
oci:0604485313-06170939930,omid:br/0604485313,omid:br/06170939930
oci:0604485313-06210929804,omid:br/0604485313,omid:br/06210929804
oci:0604485313-06180931235,omid:br/0604485313,omid:br/06180931235
oci:0604485313-061701075743,omid:br/0604485313,omid:br/061701075743
oci:0604485313-061401063499,omid:br/0604485313,omid:br/061401063499
