id,citing,cited
oci:06340355923-062502604751,omid:br/06340355923,omid:br/062502604751
oci:06350304015-06503038615,omid:br/06350304015,omid:br/06503038615
oci:06350304015-061201654585,omid:br/06350304015,omid:br/061201654585
oci:06350304049-062103011078,omid:br/06350304049,omid:br/062103011078
oci:06530168447-0690592809,omid:br/06530168447,omid:br/0690592809
oci:062204088546-06102458314,omid:br/062204088546,omid:br/06102458314
oci:062204088499-06701040758,omid:br/062204088499,omid:br/06701040758
oci:062204088535-06430300761,omid:br/062204088535,omid:br/06430300761
oci:062204088502-06370312728,omid:br/062204088502,omid:br/06370312728
oci:062204088502-06370312615,omid:br/062204088502,omid:br/06370312615
oci:062204088522-0604844696,omid:br/062204088522,omid:br/0604844696
oci:062204088522-061302035854,omid:br/062204088522,omid:br/061302035854
oci:062204088522-06404023611,omid:br/062204088522,omid:br/06404023611
oci:062204088522-0604844697,omid:br/062204088522,omid:br/0604844697
oci:06270277372-0604844683,omid:br/06270277372,omid:br/0604844683
oci:062204088490-0604846482,omid:br/062204088490,omid:br/0604846482
oci:062204088490-0604846481,omid:br/062204088490,omid:br/0604846481
oci:062204088490-0604844699,omid:br/062204088490,omid:br/0604844699
oci:06270277332-06701498922,omid:br/06270277332,omid:br/06701498922
oci:06270277387-06201313185,omid:br/06270277387,omid:br/06201313185
oci:06270277387-06370312137,omid:br/06270277387,omid:br/06370312137
oci:06270277387-06350303337,omid:br/06270277387,omid:br/06350303337
oci:062204088539-06360302502,omid:br/062204088539,omid:br/06360302502
oci:06270277350-06201349883,omid:br/06270277350,omid:br/06201349883
oci:06270277350-061103503302,omid:br/06270277350,omid:br/061103503302
oci:062204088534-061501539638,omid:br/062204088534,omid:br/061501539638
oci:062204088542-062101125740,omid:br/062204088542,omid:br/062101125740
oci:062204088542-061903616304,omid:br/062204088542,omid:br/061903616304
oci:06270277345-0604844684,omid:br/06270277345,omid:br/0604844684
oci:062204088562-06160496015,omid:br/062204088562,omid:br/06160496015
oci:062204088562-062301393259,omid:br/062204088562,omid:br/062301393259
oci:062204088562-06203914409,omid:br/062204088562,omid:br/06203914409
oci:062204088562-0690886976,omid:br/062204088562,omid:br/0690886976
oci:062204088562-0604838093,omid:br/062204088562,omid:br/0604838093
oci:06270277368-06220613687,omid:br/06270277368,omid:br/06220613687
oci:06270277368-062102120257,omid:br/06270277368,omid:br/062102120257
oci:06270277371-0616090037,omid:br/06270277371,omid:br/0616090037
oci:062204088549-06230489789,omid:br/062204088549,omid:br/06230489789
oci:062204088549-06290247550,omid:br/062204088549,omid:br/06290247550
oci:06270277317-061903597648,omid:br/06270277317,omid:br/061903597648
oci:06270277392-0617086690,omid:br/06270277392,omid:br/0617086690
oci:062204088524-06170524068,omid:br/062204088524,omid:br/06170524068
oci:06270277342-06240478869,omid:br/06270277342,omid:br/06240478869
oci:062204088569-06210613106,omid:br/062204088569,omid:br/06210613106
oci:062204088569-06250353819,omid:br/062204088569,omid:br/06250353819
oci:062204088569-06502447567,omid:br/062204088569,omid:br/06502447567
oci:06270277346-0670940016,omid:br/06270277346,omid:br/0670940016
oci:06270277384-06270241197,omid:br/06270277384,omid:br/06270241197
oci:06270277391-061302229147,omid:br/06270277391,omid:br/061302229147
oci:06270277391-0650952799,omid:br/06270277391,omid:br/0650952799
oci:06270277391-0680947395,omid:br/06270277391,omid:br/0680947395
oci:06270277391-0604844685,omid:br/06270277391,omid:br/0604844685
oci:06270277391-0604844686,omid:br/06270277391,omid:br/0604844686
oci:06270277370-061701539281,omid:br/06270277370,omid:br/061701539281
oci:062204088501-062101724434,omid:br/062204088501,omid:br/062101724434
oci:062204088501-062502055103,omid:br/062204088501,omid:br/062502055103
oci:06270277311-06350302843,omid:br/06270277311,omid:br/06350302843
oci:06270277311-06270240914,omid:br/06270277311,omid:br/06270240914
oci:06270277311-06270240839,omid:br/06270277311,omid:br/06270240839
oci:06270277378-06260701565,omid:br/06270277378,omid:br/06260701565
oci:06270277344-06270240914,omid:br/06270277344,omid:br/06270240914
oci:06270277344-06270240839,omid:br/06270277344,omid:br/06270240839
oci:06270277361-0604844687,omid:br/06270277361,omid:br/0604844687
oci:06270277361-062103305816,omid:br/06270277361,omid:br/062103305816
oci:06270277361-0680947388,omid:br/06270277361,omid:br/0680947388
oci:06270277327-06150351889,omid:br/06270277327,omid:br/06150351889
oci:06270277327-0604844690,omid:br/06270277327,omid:br/0604844690
oci:06270277327-0634024110,omid:br/06270277327,omid:br/0634024110
oci:06270277327-0604844691,omid:br/06270277327,omid:br/0604844691
oci:06270277358-063079060,omid:br/06270277358,omid:br/063079060
oci:062204088573-06370312600,omid:br/062204088573,omid:br/06370312600
oci:062204088581-062603657110,omid:br/062204088581,omid:br/062603657110
oci:062204088581-0680621581,omid:br/062204088581,omid:br/0680621581
oci:06270277360-0604711439,omid:br/06270277360,omid:br/0604711439
oci:062204088497-06160879610,omid:br/062204088497,omid:br/06160879610
oci:062204088497-0690611955,omid:br/062204088497,omid:br/0690611955
oci:062204088497-06201663384,omid:br/062204088497,omid:br/06201663384
oci:062204088497-06160526393,omid:br/062204088497,omid:br/06160526393
oci:062204088497-06210710303,omid:br/062204088497,omid:br/06210710303
oci:062204088536-0610561368,omid:br/062204088536,omid:br/0610561368
oci:062204088537-0680696966,omid:br/062204088537,omid:br/0680696966
oci:062204088537-06230327826,omid:br/062204088537,omid:br/06230327826
oci:062204088537-06160694775,omid:br/062204088537,omid:br/06160694775
oci:062204088538-0604838094,omid:br/062204088538,omid:br/0604838094
oci:062204088566-062501611684,omid:br/062204088566,omid:br/062501611684
oci:06270277402-062301274475,omid:br/06270277402,omid:br/062301274475
oci:06270277402-06110530987,omid:br/06270277402,omid:br/06110530987
oci:06270277402-06180871926,omid:br/06270277402,omid:br/06180871926
oci:06270277400-0604844688,omid:br/06270277400,omid:br/0604844688
oci:06270277400-0604844689,omid:br/06270277400,omid:br/0604844689
oci:06270277359-06490303022,omid:br/06270277359,omid:br/06490303022
oci:06270277369-0690624681,omid:br/06270277369,omid:br/0690624681
oci:062204088504-06170925291,omid:br/062204088504,omid:br/06170925291
oci:062204088504-062602257659,omid:br/062204088504,omid:br/062602257659
oci:062204088504-06130681919,omid:br/062204088504,omid:br/06130681919
oci:062204088504-06304561278,omid:br/062204088504,omid:br/06304561278
oci:062204088504-06490302863,omid:br/062204088504,omid:br/06490302863
oci:062204088504-0604844698,omid:br/062204088504,omid:br/0604844698
oci:062204088493-06102230954,omid:br/062204088493,omid:br/06102230954
oci:062204088560-061201126004,omid:br/062204088560,omid:br/061201126004
oci:062204088560-06201118491,omid:br/062204088560,omid:br/06201118491
oci:062204088565-06150526506,omid:br/062204088565,omid:br/06150526506
oci:062204088565-062501644577,omid:br/062204088565,omid:br/062501644577
oci:062204088565-061801949625,omid:br/062204088565,omid:br/061801949625
oci:06270277365-06260553939,omid:br/06270277365,omid:br/06260553939
oci:062204088554-0630678003,omid:br/062204088554,omid:br/0630678003
oci:062204088554-0604844692,omid:br/062204088554,omid:br/0604844692
oci:062204088554-061403657976,omid:br/062204088554,omid:br/061403657976
oci:062204088554-0604844693,omid:br/062204088554,omid:br/0604844693
oci:062204088554-06120348373,omid:br/062204088554,omid:br/06120348373
oci:062204088554-0680502753,omid:br/062204088554,omid:br/0680502753
oci:062204088554-0621085017,omid:br/062204088554,omid:br/0621085017
oci:062204088554-0604844694,omid:br/062204088554,omid:br/0604844694
oci:062204088554-06120593720,omid:br/062204088554,omid:br/06120593720
oci:062204088554-061101704553,omid:br/062204088554,omid:br/061101704553
oci:062204088554-0604844695,omid:br/062204088554,omid:br/0604844695
oci:062204088554-06160714838,omid:br/062204088554,omid:br/06160714838
oci:062204088554-0660606075,omid:br/062204088554,omid:br/0660606075
oci:062204088531-0634024305,omid:br/062204088531,omid:br/0634024305
oci:062204088531-0642058436,omid:br/062204088531,omid:br/0642058436
oci:062204088531-06220598699,omid:br/062204088531,omid:br/06220598699
oci:062204088531-062301643456,omid:br/062204088531,omid:br/062301643456
oci:062604120029-06290247542,omid:br/062604120029,omid:br/06290247542
oci:062604120064-061901389961,omid:br/062604120064,omid:br/061901389961
oci:062604120064-06401402479,omid:br/062604120064,omid:br/06401402479
oci:062604120015-06230850999,omid:br/062604120015,omid:br/06230850999
oci:062604120066-06250612203,omid:br/062604120066,omid:br/06250612203
oci:062604120066-0640353210,omid:br/062604120066,omid:br/0640353210
oci:062604120066-06130482488,omid:br/062604120066,omid:br/06130482488
oci:062604120043-061403702084,omid:br/062604120043,omid:br/061403702084
oci:062604120043-06603946200,omid:br/062604120043,omid:br/06603946200
oci:062604120043-062203034013,omid:br/062604120043,omid:br/062203034013
oci:062604120043-06150590822,omid:br/062604120043,omid:br/06150590822
oci:062604120088-0614084373,omid:br/062604120088,omid:br/0614084373
oci:062604120036-06160879856,omid:br/062604120036,omid:br/06160879856
oci:062604120045-062503045040,omid:br/062604120045,omid:br/062503045040
oci:062604120045-061902893418,omid:br/062604120045,omid:br/061902893418
oci:062604120030-061501610010,omid:br/062604120030,omid:br/061501610010
oci:062604120030-061701615140,omid:br/062604120030,omid:br/061701615140
oci:062604120030-0604844672,omid:br/062604120030,omid:br/0604844672
oci:062604120030-0604844673,omid:br/062604120030,omid:br/0604844673
oci:062604120020-0604844680,omid:br/062604120020,omid:br/0604844680
oci:062604120060-06160101242,omid:br/062604120060,omid:br/06160101242
oci:062604120068-06240836528,omid:br/062604120068,omid:br/06240836528
oci:062604120055-066088914,omid:br/062604120055,omid:br/066088914
oci:062604120055-061201569592,omid:br/062604120055,omid:br/061201569592
oci:062604120021-06160486810,omid:br/062604120021,omid:br/06160486810
oci:062604120081-066089291,omid:br/062604120081,omid:br/066089291
oci:062604120081-0634024214,omid:br/062604120081,omid:br/0634024214
oci:062604120081-0604844675,omid:br/062604120081,omid:br/0604844675
oci:062604120081-0604844676,omid:br/062604120081,omid:br/0604844676
oci:062604120081-0680881327,omid:br/062604120081,omid:br/0680881327
oci:062604120081-0604844677,omid:br/062604120081,omid:br/0604844677
oci:062604120081-0604844678,omid:br/062604120081,omid:br/0604844678
oci:062604120081-0634024347,omid:br/062604120081,omid:br/0634024347
oci:062604120009-061703034206,omid:br/062604120009,omid:br/061703034206
oci:062604120009-061603038241,omid:br/062604120009,omid:br/061603038241
oci:062604120018-06130472649,omid:br/062604120018,omid:br/06130472649
oci:062604120018-06902087991,omid:br/062604120018,omid:br/06902087991
oci:062604120018-06140610055,omid:br/062604120018,omid:br/06140610055
oci:062604120018-06160478483,omid:br/062604120018,omid:br/06160478483
oci:062604120018-0630882346,omid:br/062604120018,omid:br/0630882346
oci:062604120018-06401142615,omid:br/062604120018,omid:br/06401142615
oci:062604120018-061701131534,omid:br/062604120018,omid:br/061701131534
oci:062604120018-06120471818,omid:br/062604120018,omid:br/06120471818
oci:062604120018-06301776996,omid:br/062604120018,omid:br/06301776996
oci:06270277314-0634024292,omid:br/06270277314,omid:br/0634024292
oci:06270277314-0604844681,omid:br/06270277314,omid:br/0604844681
oci:062604120092-061303702947,omid:br/062604120092,omid:br/061303702947
oci:062604120076-06303526956,omid:br/062604120076,omid:br/06303526956
oci:062604120014-0638023575,omid:br/062604120014,omid:br/0638023575
oci:062604120014-06704233146,omid:br/062604120014,omid:br/06704233146
oci:062604120014-0604844674,omid:br/062604120014,omid:br/0604844674
oci:062604120073-06130991191,omid:br/062604120073,omid:br/06130991191
oci:062604120075-06401005238,omid:br/062604120075,omid:br/06401005238
oci:06270277375-0604844682,omid:br/06270277375,omid:br/0604844682
oci:06270277375-06350302884,omid:br/06270277375,omid:br/06350302884
oci:062604120083-062301734682,omid:br/062604120083,omid:br/062301734682
oci:06270277348-06701243835,omid:br/06270277348,omid:br/06701243835
oci:06270277348-061502227070,omid:br/06270277348,omid:br/061502227070
oci:062604120096-06150526571,omid:br/062604120096,omid:br/06150526571
oci:062604120096-06140518866,omid:br/062604120096,omid:br/06140518866
oci:062604120096-06150526780,omid:br/062604120096,omid:br/06150526780
oci:062604120096-06110531100,omid:br/062604120096,omid:br/06110531100
oci:062604120096-06120519664,omid:br/062604120096,omid:br/06120519664
oci:062604120096-06160526832,omid:br/062604120096,omid:br/06160526832
oci:062604120053-0604844679,omid:br/062604120053,omid:br/0604844679
oci:06280277544-06120680943,omid:br/06280277544,omid:br/06120680943
oci:06280277544-0610612048,omid:br/06280277544,omid:br/0610612048
oci:06280277544-064086431,omid:br/06280277544,omid:br/064086431
oci:06280277544-06110874257,omid:br/06280277544,omid:br/06110874257
oci:06280277544-06140518697,omid:br/06280277544,omid:br/06140518697
oci:06280277544-061901952608,omid:br/06280277544,omid:br/061901952608
oci:06280277544-0690886469,omid:br/06280277544,omid:br/0690886469
oci:06280277544-0670603939,omid:br/06280277544,omid:br/0670603939
oci:06280277544-062201943137,omid:br/06280277544,omid:br/062201943137
oci:06280277544-06150526757,omid:br/06280277544,omid:br/06150526757
oci:06270277621-061203490339,omid:br/06270277621,omid:br/061203490339
oci:062504104434-061303597329,omid:br/062504104434,omid:br/061303597329
oci:062504104434-061302221008,omid:br/062504104434,omid:br/061302221008
oci:062404104186-062402686335,omid:br/062404104186,omid:br/062402686335
oci:06280277547-06803902061,omid:br/06280277547,omid:br/06803902061
oci:06270277645-061603938971,omid:br/06270277645,omid:br/061603938971
oci:06270277645-06501714934,omid:br/06270277645,omid:br/06501714934
oci:062204088656-06180837499,omid:br/062204088656,omid:br/06180837499
oci:062204088634-06270240919,omid:br/062204088634,omid:br/06270240919
oci:062204088634-06270241397,omid:br/062204088634,omid:br/06270241397
oci:062204088634-0604844723,omid:br/062204088634,omid:br/0604844723
oci:06280277523-068090171,omid:br/06280277523,omid:br/068090171
oci:062604119896-06301384514,omid:br/062604119896,omid:br/06301384514
oci:06280277517-0604844695,omid:br/06280277517,omid:br/0604844695
oci:06270277618-06250333046,omid:br/06270277618,omid:br/06250333046
oci:062404104177-06280255282,omid:br/062404104177,omid:br/06280255282
oci:062404104177-0604455772,omid:br/062404104177,omid:br/0604455772
oci:06270277625-061701412051,omid:br/06270277625,omid:br/061701412051
oci:062204088677-06250657395,omid:br/062204088677,omid:br/06250657395
oci:062204088677-06704518039,omid:br/062204088677,omid:br/06704518039
oci:062204088610-06410202508,omid:br/062204088610,omid:br/06410202508
oci:06280277549-06110360333,omid:br/06280277549,omid:br/06110360333
oci:06280277567-06250353809,omid:br/06280277567,omid:br/06250353809
oci:06280277567-061501389587,omid:br/06280277567,omid:br/061501389587
oci:06280277567-0650486654,omid:br/06280277567,omid:br/0650486654
oci:06280277527-06260504031,omid:br/06280277527,omid:br/06260504031
oci:062204088631-0670124368,omid:br/062204088631,omid:br/0670124368
oci:062204088650-0611088942,omid:br/062204088650,omid:br/0611088942
oci:062204088650-06403480705,omid:br/062204088650,omid:br/06403480705
oci:062504103657-061901396574,omid:br/062504103657,omid:br/061901396574
oci:062204088663-06270254116,omid:br/062204088663,omid:br/06270254116
oci:062204088663-06401342076,omid:br/062204088663,omid:br/06401342076
oci:062504104481-06380301279,omid:br/062504104481,omid:br/06380301279
oci:06270277637-0670992200,omid:br/06270277637,omid:br/0670992200
oci:062204088641-0604844724,omid:br/062204088641,omid:br/0604844724
oci:06270277633-062101567266,omid:br/06270277633,omid:br/062101567266
oci:06270277633-061501001626,omid:br/06270277633,omid:br/061501001626
oci:062204088669-06404023882,omid:br/062204088669,omid:br/06404023882
oci:062204088592-06604043008,omid:br/062204088592,omid:br/06604043008
oci:062504103680-062202579040,omid:br/062504103680,omid:br/062202579040
oci:062204088600-0650527216,omid:br/062204088600,omid:br/0650527216
oci:062504104470-06230850999,omid:br/062504104470,omid:br/06230850999
oci:06280277528-0604844722,omid:br/06280277528,omid:br/0604844722
oci:06280277558-06601138578,omid:br/06280277558,omid:br/06601138578
oci:06280277558-06150526771,omid:br/06280277558,omid:br/06150526771
oci:06280277558-0610611704,omid:br/06280277558,omid:br/0610611704
oci:062504103633-062201675267,omid:br/062504103633,omid:br/062201675267
oci:062504103633-062401667552,omid:br/062504103633,omid:br/062401667552
oci:062204088657-06240479370,omid:br/062204088657,omid:br/06240479370
oci:062204088657-06801387500,omid:br/062204088657,omid:br/06801387500
oci:062204088657-06230981146,omid:br/062204088657,omid:br/06230981146
oci:062204088657-06180613550,omid:br/062204088657,omid:br/06180613550
oci:06280277548-0640881024,omid:br/06280277548,omid:br/0640881024
oci:06280277548-0620878866,omid:br/06280277548,omid:br/0620878866
oci:06280277548-06170880530,omid:br/06280277548,omid:br/06170880530
oci:06280277548-06110605792,omid:br/06280277548,omid:br/06110605792
oci:062204088622-06160526725,omid:br/062204088622,omid:br/06160526725
oci:062204088622-06110531154,omid:br/062204088622,omid:br/06110531154
oci:062204088643-061203065447,omid:br/062204088643,omid:br/061203065447
oci:062204088643-06202997918,omid:br/062204088643,omid:br/06202997918
oci:062204088582-0604844725,omid:br/062204088582,omid:br/0604844725
oci:06280277573-069091347,omid:br/06280277573,omid:br/069091347
oci:062204088607-0670604670,omid:br/062204088607,omid:br/0670604670
oci:062204088607-06601094465,omid:br/062204088607,omid:br/06601094465
oci:062204088607-06601094694,omid:br/062204088607,omid:br/06601094694
oci:062204088607-0640606591,omid:br/062204088607,omid:br/0640606591
oci:06270277640-062101125762,omid:br/06270277640,omid:br/062101125762
oci:062204088628-06101263042,omid:br/062204088628,omid:br/06101263042
oci:062204088628-061601399045,omid:br/062204088628,omid:br/061601399045
oci:062204088674-06240167365,omid:br/062204088674,omid:br/06240167365
oci:062604119843-0650607071,omid:br/062604119843,omid:br/0650607071
oci:062604119843-062304127192,omid:br/062604119843,omid:br/062304127192
oci:062204088642-06360302680,omid:br/062204088642,omid:br/06360302680
oci:062204088642-06410310484,omid:br/062204088642,omid:br/06410310484
oci:062204088620-06101407988,omid:br/062204088620,omid:br/06101407988
oci:062204088626-06202217092,omid:br/062204088626,omid:br/06202217092
oci:062204088605-06601138578,omid:br/062204088605,omid:br/06601138578
oci:062204088593-06203745282,omid:br/062204088593,omid:br/06203745282
oci:062204088593-0690834445,omid:br/062204088593,omid:br/0690834445
oci:062204088593-062101274344,omid:br/062204088593,omid:br/062101274344
oci:062204088593-062201493621,omid:br/062204088593,omid:br/062201493621
oci:062204088609-06601138578,omid:br/062204088609,omid:br/06601138578
oci:062204088627-062201238993,omid:br/062204088627,omid:br/062201238993
oci:062204088614-0604844726,omid:br/062204088614,omid:br/0604844726
oci:062504103682-06130751818,omid:br/062504103682,omid:br/06130751818
oci:062404104195-062601258197,omid:br/062404104195,omid:br/062601258197
oci:06270277094-06250811717,omid:br/06270277094,omid:br/06250811717
oci:06270277094-06110482378,omid:br/06270277094,omid:br/06110482378
oci:062204088670-0604844727,omid:br/062204088670,omid:br/0604844727
oci:062204088670-0604844728,omid:br/062204088670,omid:br/0604844728
oci:062204088670-062601292892,omid:br/062204088670,omid:br/062601292892
oci:062204088670-0604844729,omid:br/062204088670,omid:br/0604844729
oci:062204088670-062202036000,omid:br/062204088670,omid:br/062202036000
oci:062204088670-0650607019,omid:br/062204088670,omid:br/0650607019
oci:062604119812-0638023432,omid:br/062604119812,omid:br/0638023432
oci:062204088599-06470294456,omid:br/062204088599,omid:br/06470294456
oci:06270277099-061501137803,omid:br/06270277099,omid:br/061501137803
oci:062504104403-0604844742,omid:br/062504104403,omid:br/0604844742
oci:06280277570-06430300761,omid:br/06280277570,omid:br/06430300761
oci:06280277570-0630353824,omid:br/06280277570,omid:br/0630353824
oci:06280277570-0628026369,omid:br/06280277570,omid:br/0628026369
oci:06270277080-0640278477,omid:br/06270277080,omid:br/0640278477
oci:06270277013-0604844701,omid:br/06270277013,omid:br/0604844701
oci:06270277013-06440303274,omid:br/06270277013,omid:br/06440303274
oci:06270277632-0640881240,omid:br/06270277632,omid:br/0640881240
oci:06270277632-062401941031,omid:br/06270277632,omid:br/062401941031
oci:06270277632-06404584087,omid:br/06270277632,omid:br/06404584087
oci:06270277632-06480303460,omid:br/06270277632,omid:br/06480303460
oci:06270277632-06170523568,omid:br/06270277632,omid:br/06170523568
oci:06270277632-06140469804,omid:br/06270277632,omid:br/06140469804
oci:06270277632-06120595835,omid:br/06270277632,omid:br/06120595835
oci:06270277632-06130519804,omid:br/06270277632,omid:br/06130519804
oci:06270277632-0650607237,omid:br/06270277632,omid:br/0650607237
oci:06270277632-0690612228,omid:br/06270277632,omid:br/0690612228
oci:06270277632-0610611611,omid:br/06270277632,omid:br/0610611611
oci:06280277572-06170476790,omid:br/06280277572,omid:br/06170476790
oci:06270277075-0604844702,omid:br/06270277075,omid:br/0604844702
oci:06290266744-0604844710,omid:br/06290266744,omid:br/0604844710
oci:06270277054-0640357287,omid:br/06270277054,omid:br/0640357287
oci:06290266696-0604844713,omid:br/06290266696,omid:br/0604844713
oci:062504104419-0660362733,omid:br/062504104419,omid:br/0660362733
oci:062204088304-0610612374,omid:br/062204088304,omid:br/0610612374
oci:062204088304-0604844754,omid:br/062204088304,omid:br/0604844754
oci:062204088304-062402225049,omid:br/062204088304,omid:br/062402225049
oci:062204088304-062602257651,omid:br/062204088304,omid:br/062602257651
oci:062204088304-061801132519,omid:br/062204088304,omid:br/061801132519
oci:06270277049-0604844702,omid:br/06270277049,omid:br/0604844702
oci:06270277608-061401121088,omid:br/06270277608,omid:br/061401121088
oci:06270277608-06220992547,omid:br/06270277608,omid:br/06220992547
oci:06290266787-061602140035,omid:br/06290266787,omid:br/061602140035
oci:06290266787-0670604197,omid:br/06290266787,omid:br/0670604197
oci:06270277053-06903078605,omid:br/06270277053,omid:br/06903078605
oci:06280277530-0604844714,omid:br/06280277530,omid:br/0604844714
oci:06280277530-0604844715,omid:br/06280277530,omid:br/0604844715
oci:062604119867-06303919853,omid:br/062604119867,omid:br/06303919853
oci:062504104396-062601976219,omid:br/062504104396,omid:br/062601976219
oci:062504104396-06704539964,omid:br/062504104396,omid:br/06704539964
oci:062604119885-0604844704,omid:br/062604119885,omid:br/0604844704
oci:062604119885-06240478940,omid:br/062604119885,omid:br/06240478940
oci:062604119885-0604844705,omid:br/062604119885,omid:br/0604844705
oci:06270277097-06130680811,omid:br/06270277097,omid:br/06130680811
oci:06270277097-06120209964,omid:br/06270277097,omid:br/06120209964
oci:06270277061-061901282767,omid:br/06270277061,omid:br/061901282767
oci:062604119884-062303493029,omid:br/062604119884,omid:br/062303493029
oci:06280277541-061801531907,omid:br/06280277541,omid:br/061801531907
oci:06280277541-0604844716,omid:br/06280277541,omid:br/0604844716
oci:06280277541-0604844717,omid:br/06280277541,omid:br/0604844717
oci:06280277540-062203280483,omid:br/06280277540,omid:br/062203280483
oci:06280277540-062401094493,omid:br/06280277540,omid:br/062401094493
oci:06280277540-062602089354,omid:br/06280277540,omid:br/062602089354
oci:06280277540-062402053222,omid:br/06280277540,omid:br/062402053222
oci:06280277540-062503483018,omid:br/06280277540,omid:br/062503483018
oci:06280277540-06402456192,omid:br/06280277540,omid:br/06402456192
oci:06280277540-061601124070,omid:br/06280277540,omid:br/061601124070
oci:06280277540-062602089349,omid:br/06280277540,omid:br/062602089349
oci:06280277540-06702426855,omid:br/06280277540,omid:br/06702426855
oci:06280277540-06702426686,omid:br/06280277540,omid:br/06702426686
oci:06280277540-06203916571,omid:br/06280277540,omid:br/06203916571
oci:06280277540-062203490474,omid:br/06280277540,omid:br/062203490474
oci:06280277540-062603516107,omid:br/06280277540,omid:br/062603516107
oci:06280277540-06903523566,omid:br/06280277540,omid:br/06903523566
oci:06280277540-06303920137,omid:br/06280277540,omid:br/06303920137
oci:062604119865-06210496444,omid:br/062604119865,omid:br/06210496444
oci:06290266784-0604844711,omid:br/06290266784,omid:br/0604844711
oci:06290266784-0604844712,omid:br/06290266784,omid:br/0604844712
oci:06270277059-06101262644,omid:br/06270277059,omid:br/06101262644
oci:06270277059-062201238955,omid:br/06270277059,omid:br/062201238955
oci:06270277059-06170652505,omid:br/06270277059,omid:br/06170652505
oci:06270277059-06503009215,omid:br/06270277059,omid:br/06503009215
oci:06270277059-062102582388,omid:br/06270277059,omid:br/062102582388
oci:06270277059-06140870964,omid:br/06270277059,omid:br/06140870964
oci:06270277059-061401108950,omid:br/06270277059,omid:br/061401108950
oci:062604119882-06703898006,omid:br/062604119882,omid:br/06703898006
oci:062604119882-0604844706,omid:br/062604119882,omid:br/0604844706
oci:06290266693-06403743675,omid:br/06290266693,omid:br/06403743675
oci:06270277093-061101173052,omid:br/06270277093,omid:br/061101173052
oci:06270277093-06404584076,omid:br/06270277093,omid:br/06404584076
oci:06270277093-06170523873,omid:br/06270277093,omid:br/06170523873
oci:06270277093-061303483199,omid:br/06270277093,omid:br/061303483199
oci:06270277093-06501298808,omid:br/06270277093,omid:br/06501298808
oci:06270277093-06110531069,omid:br/06270277093,omid:br/06110531069
oci:06270277093-06170524056,omid:br/06270277093,omid:br/06170524056
oci:06270277093-061085957,omid:br/06270277093,omid:br/061085957
oci:06270277093-0690612048,omid:br/06270277093,omid:br/0690612048
oci:06270277093-06404584071,omid:br/06270277093,omid:br/06404584071
oci:06270277093-06460301759,omid:br/06270277093,omid:br/06460301759
oci:06270277093-06160526719,omid:br/06270277093,omid:br/06160526719
oci:06270277093-06102455013,omid:br/06270277093,omid:br/06102455013
oci:06270277093-06180527952,omid:br/06270277093,omid:br/06180527952
oci:06270277093-06110530702,omid:br/06270277093,omid:br/06110530702
oci:06270277070-0640606619,omid:br/06270277070,omid:br/0640606619
oci:06270277070-06150526587,omid:br/06270277070,omid:br/06150526587
oci:06270277070-0610611502,omid:br/06270277070,omid:br/0610611502
oci:062604119863-0604844707,omid:br/062604119863,omid:br/0604844707
oci:06270277021-06180528229,omid:br/06270277021,omid:br/06180528229
oci:06270277065-06350302535,omid:br/06270277065,omid:br/06350302535
oci:06290266739-06601004393,omid:br/06290266739,omid:br/06601004393
oci:06290266788-062402119852,omid:br/06290266788,omid:br/062402119852
oci:06270277046-06404584054,omid:br/06270277046,omid:br/06404584054
oci:06270277046-06402342437,omid:br/06270277046,omid:br/06402342437
oci:06270277046-061303952471,omid:br/06270277046,omid:br/061303952471
oci:06290266714-0641059589,omid:br/06290266714,omid:br/0641059589
oci:06290266715-0604141484,omid:br/06290266715,omid:br/0604141484
oci:06280277520-062402668755,omid:br/06280277520,omid:br/062402668755
oci:06280277520-061602416027,omid:br/06280277520,omid:br/061602416027
oci:06270277057-06120865494,omid:br/06270277057,omid:br/06120865494
oci:06270277057-062502118961,omid:br/06270277057,omid:br/062502118961
oci:06270277057-06120595645,omid:br/06270277057,omid:br/06120595645
oci:06270277057-06501301285,omid:br/06270277057,omid:br/06501301285
oci:06270277057-06110605500,omid:br/06270277057,omid:br/06110605500
oci:06270277057-06404584197,omid:br/06270277057,omid:br/06404584197
oci:06270277057-06204085710,omid:br/06270277057,omid:br/06204085710
oci:06270277057-0610611560,omid:br/06270277057,omid:br/0610611560
oci:06290266725-0670604197,omid:br/06290266725,omid:br/0670604197
oci:06290266725-06150877903,omid:br/06290266725,omid:br/06150877903
oci:06290266725-062302124575,omid:br/06290266725,omid:br/062302124575
oci:06290266725-06250346425,omid:br/06290266725,omid:br/06250346425
oci:062204088316-06110874576,omid:br/062204088316,omid:br/06110874576
oci:062204088316-0620603974,omid:br/062204088316,omid:br/0620603974
oci:062204088316-0641057156,omid:br/062204088316,omid:br/0641057156
oci:062204088316-06480302554,omid:br/062204088316,omid:br/06480302554
oci:062204088316-0670604197,omid:br/062204088316,omid:br/0670604197
oci:062204088316-061701090005,omid:br/062204088316,omid:br/061701090005
oci:06270277090-06430300746,omid:br/06270277090,omid:br/06430300746
oci:06270277047-061703329136,omid:br/06270277047,omid:br/061703329136
oci:06270277047-061304039074,omid:br/06270277047,omid:br/061304039074
oci:06270277047-06270241150,omid:br/06270277047,omid:br/06270241150
oci:06270277047-06404584054,omid:br/06270277047,omid:br/06404584054
oci:06290266736-06250611737,omid:br/06290266736,omid:br/06250611737
oci:06290266706-06702489549,omid:br/06290266706,omid:br/06702489549
oci:06270277076-06360302662,omid:br/06270277076,omid:br/06360302662
oci:06270277076-061602691260,omid:br/06270277076,omid:br/061602691260
oci:06280277525-06460302186,omid:br/06280277525,omid:br/06460302186
oci:06280277525-0604844718,omid:br/06280277525,omid:br/0604844718
oci:06280277525-0604844719,omid:br/06280277525,omid:br/0604844719
oci:06280277525-0604844720,omid:br/06280277525,omid:br/0604844720
oci:062604119886-06901389648,omid:br/062604119886,omid:br/06901389648
oci:06270277642-0638023438,omid:br/06270277642,omid:br/0638023438
oci:06270277642-0604844721,omid:br/06270277642,omid:br/0604844721
oci:06290266731-0610611688,omid:br/06290266731,omid:br/0610611688
oci:062604119835-06704539653,omid:br/062604119835,omid:br/06704539653
oci:062604119849-0604844703,omid:br/062604119849,omid:br/0604844703
oci:06290266692-06160995085,omid:br/06290266692,omid:br/06160995085
oci:062504103954-0638023406,omid:br/062504103954,omid:br/0638023406
oci:062504103980-062502394629,omid:br/062504103980,omid:br/062502394629
oci:06280278210-06360302662,omid:br/06280278210,omid:br/06360302662
oci:06280278210-062504079809,omid:br/06280278210,omid:br/062504079809
oci:06270277062-0604844700,omid:br/06270277062,omid:br/0604844700
oci:06280278235-0604844722,omid:br/06280278235,omid:br/0604844722
oci:062504103911-06602844780,omid:br/062504103911,omid:br/06602844780
oci:062504103911-06203914614,omid:br/062504103911,omid:br/06203914614
oci:062504103911-06902088234,omid:br/062504103911,omid:br/06902088234
oci:062604119839-06130480423,omid:br/062604119839,omid:br/06130480423
oci:062604119811-0690882996,omid:br/062604119811,omid:br/0690882996
oci:062604119811-06704559341,omid:br/062604119811,omid:br/06704559341
oci:06270277086-061603653417,omid:br/06270277086,omid:br/061603653417
oci:06280278248-061901660591,omid:br/06280278248,omid:br/061901660591
oci:062604119809-06410310484,omid:br/062604119809,omid:br/06410310484
oci:062504103942-062502064047,omid:br/062504103942,omid:br/062502064047
oci:062604119848-06360302502,omid:br/062604119848,omid:br/06360302502
oci:062604119825-06410310484,omid:br/062604119825,omid:br/06410310484
oci:06280278273-0604844736,omid:br/06280278273,omid:br/0604844736
oci:062504103899-0604844746,omid:br/062504103899,omid:br/0604844746
oci:062404104170-06120681585,omid:br/062404104170,omid:br/06120681585
oci:062404104170-0680450100,omid:br/062404104170,omid:br/0680450100
oci:062604119841-0604844708,omid:br/062604119841,omid:br/0604844708
oci:062604119813-06110691232,omid:br/062604119813,omid:br/06110691232
oci:062604119813-06160694125,omid:br/062604119813,omid:br/06160694125
oci:062604119813-062601978164,omid:br/062604119813,omid:br/062601978164
oci:062204088358-061101179055,omid:br/062204088358,omid:br/061101179055
oci:062204088358-0604844750,omid:br/062204088358,omid:br/0604844750
oci:062204088358-0604844751,omid:br/062204088358,omid:br/0604844751
oci:06270277029-06170347348,omid:br/06270277029,omid:br/06170347348
oci:062204088334-06604508222,omid:br/062204088334,omid:br/06604508222
oci:062504103926-06270241289,omid:br/062504103926,omid:br/06270241289
oci:062504103945-0638023543,omid:br/062504103945,omid:br/0638023543
oci:062504103945-0604845916,omid:br/062504103945,omid:br/0604845916
oci:062504103945-0638023574,omid:br/062504103945,omid:br/0638023574
oci:062504103945-0638023627,omid:br/062504103945,omid:br/0638023627
oci:062504103945-0604846475,omid:br/062504103945,omid:br/0604846475
oci:062504103945-0604846476,omid:br/062504103945,omid:br/0604846476
oci:06270277100-061302674174,omid:br/06270277100,omid:br/061302674174
oci:062204088290-0604844752,omid:br/062204088290,omid:br/0604844752
oci:06290266782-06804048180,omid:br/06290266782,omid:br/06804048180
oci:06290266782-06530313024,omid:br/06290266782,omid:br/06530313024
oci:062204088368-061301673869,omid:br/062204088368,omid:br/061301673869
oci:062504103889-0638023543,omid:br/062504103889,omid:br/0638023543
oci:062504103889-061603038810,omid:br/062504103889,omid:br/061603038810
oci:062504103889-061603038907,omid:br/062504103889,omid:br/061603038907
oci:062204088364-061601465256,omid:br/062204088364,omid:br/061601465256
oci:06290266700-0604844709,omid:br/06290266700,omid:br/0604844709
oci:06290266700-062504453078,omid:br/06290266700,omid:br/062504453078
oci:062504103983-06701335832,omid:br/062504103983,omid:br/06701335832
oci:062504103983-0660486879,omid:br/062504103983,omid:br/0660486879
oci:06290266737-06410202496,omid:br/06290266737,omid:br/06410202496
oci:06290266737-06220614890,omid:br/06290266737,omid:br/06220614890
oci:06280278272-06180996688,omid:br/06280278272,omid:br/06180996688
oci:062504103974-06490303032,omid:br/062504103974,omid:br/06490303032
oci:062204088301-06460302186,omid:br/062204088301,omid:br/06460302186
oci:062504103900-06503925382,omid:br/062504103900,omid:br/06503925382
oci:062504103981-06270254289,omid:br/062504103981,omid:br/06270254289
oci:062204088361-0604844722,omid:br/062204088361,omid:br/0604844722
oci:062204088361-061101161049,omid:br/062204088361,omid:br/061101161049
oci:06280278213-06470294228,omid:br/06280278213,omid:br/06470294228
oci:06280278213-06460301653,omid:br/06280278213,omid:br/06460301653
oci:06280278213-06480303399,omid:br/06280278213,omid:br/06480303399
oci:06280278213-0604844737,omid:br/06280278213,omid:br/0604844737
oci:06280278213-0604844738,omid:br/06280278213,omid:br/0604844738
oci:06280278213-061203492011,omid:br/06280278213,omid:br/061203492011
oci:06280278213-06130681919,omid:br/06280278213,omid:br/06130681919
oci:06280278213-0640607071,omid:br/06280278213,omid:br/0640607071
oci:06280278213-06404009215,omid:br/06280278213,omid:br/06404009215
oci:06280278238-0650533443,omid:br/06280278238,omid:br/0650533443
oci:06280278238-062501202173,omid:br/06280278238,omid:br/062501202173
oci:06280278208-06410310446,omid:br/06280278208,omid:br/06410310446
oci:062204088297-0604844753,omid:br/062204088297,omid:br/0604844753
oci:062504103905-0604844747,omid:br/062504103905,omid:br/0604844747
oci:06290266774-0604844683,omid:br/06290266774,omid:br/0604844683
oci:06290266774-0633090195,omid:br/06290266774,omid:br/0633090195
oci:06290266774-06102230930,omid:br/06290266774,omid:br/06102230930
oci:06290266774-06702425467,omid:br/06290266774,omid:br/06702425467
oci:062504103917-0604832242,omid:br/062504103917,omid:br/0604832242
oci:062504103917-06110531128,omid:br/062504103917,omid:br/06110531128
oci:062504103917-06303918440,omid:br/062504103917,omid:br/06303918440
oci:062504103917-06130869165,omid:br/062504103917,omid:br/06130869165
oci:062504103917-06150526363,omid:br/062504103917,omid:br/06150526363
oci:062504103917-0604828894,omid:br/062504103917,omid:br/0604828894
oci:062504103917-0604832245,omid:br/062504103917,omid:br/0604832245
oci:062504103917-06604508258,omid:br/062504103917,omid:br/06604508258
oci:062504103917-0610562186,omid:br/062504103917,omid:br/0610562186
oci:062504103917-06201400661,omid:br/062504103917,omid:br/06201400661
oci:06290266727-06110219899,omid:br/06290266727,omid:br/06110219899
oci:062504103977-06260504017,omid:br/062504103977,omid:br/06260504017
oci:062504103977-0610361670,omid:br/062504103977,omid:br/0610361670
oci:062504103977-0660486696,omid:br/062504103977,omid:br/0660486696
oci:062504103965-06190486955,omid:br/062504103965,omid:br/06190486955
oci:062204088373-0604844748,omid:br/062204088373,omid:br/0604844748
oci:062204088373-06703883814,omid:br/062204088373,omid:br/06703883814
oci:062204088370-062301273714,omid:br/062204088370,omid:br/062301273714
oci:062204088370-062501333449,omid:br/062204088370,omid:br/062501333449
oci:062204088370-062501333452,omid:br/062204088370,omid:br/062501333452
oci:062504103904-0660487459,omid:br/062504103904,omid:br/0660487459
oci:062504103904-0640360891,omid:br/062504103904,omid:br/0640360891
oci:062504103904-061903061268,omid:br/062504103904,omid:br/061903061268
oci:062504103936-06160694722,omid:br/062504103936,omid:br/06160694722
oci:062504103936-06802854688,omid:br/062504103936,omid:br/06802854688
oci:062504103936-062304122498,omid:br/062504103936,omid:br/062304122498
oci:062504103936-06301521446,omid:br/062504103936,omid:br/06301521446
oci:062204088305-06803916706,omid:br/062204088305,omid:br/06803916706
oci:062204088305-062601292892,omid:br/062204088305,omid:br/062601292892
oci:062204088305-06102344170,omid:br/062204088305,omid:br/06102344170
oci:062204088305-061302229136,omid:br/062204088305,omid:br/061302229136
oci:062204088305-06210672044,omid:br/062204088305,omid:br/06210672044
oci:062204088305-0670604780,omid:br/062204088305,omid:br/0670604780
oci:062204088305-06701098746,omid:br/062204088305,omid:br/06701098746
oci:062204088305-06120595811,omid:br/062204088305,omid:br/06120595811
oci:062204088305-061201711015,omid:br/062204088305,omid:br/061201711015
oci:062204088305-061202057427,omid:br/062204088305,omid:br/061202057427
oci:062204088305-06404584028,omid:br/062204088305,omid:br/06404584028
oci:062204088305-061901948136,omid:br/062204088305,omid:br/061901948136
oci:062204088305-062303567176,omid:br/062204088305,omid:br/062303567176
oci:062204088305-0634024218,omid:br/062204088305,omid:br/0634024218
oci:062204088305-061601107369,omid:br/062204088305,omid:br/061601107369
oci:062204088305-0670604444,omid:br/062204088305,omid:br/0670604444
oci:062504104397-0604844739,omid:br/062504104397,omid:br/0604844739
oci:062204088292-06140118297,omid:br/062204088292,omid:br/06140118297
oci:062204088292-06110979202,omid:br/062204088292,omid:br/06110979202
oci:062204088350-0610697701,omid:br/062204088350,omid:br/0610697701
oci:062204088350-06270241008,omid:br/062204088350,omid:br/06270241008
oci:062504104442-0604844740,omid:br/062504104442,omid:br/0604844740
oci:062504104442-0604844741,omid:br/062504104442,omid:br/0604844741
oci:062504103687-0618092909,omid:br/062504103687,omid:br/0618092909
oci:062404104199-06250846226,omid:br/062404104199,omid:br/06250846226
oci:062404104199-06250845943,omid:br/062404104199,omid:br/06250845943
oci:062504104432-06803217198,omid:br/062504104432,omid:br/06803217198
oci:062204088324-06130471898,omid:br/062204088324,omid:br/06130471898
oci:062204088324-06140470633,omid:br/062204088324,omid:br/06140470633
oci:062504104471-06150351709,omid:br/062504104471,omid:br/06150351709
oci:062504104471-06401673880,omid:br/062504104471,omid:br/06401673880
oci:062504104471-06530313000,omid:br/062504104471,omid:br/06530313000
oci:062504104471-0652059700,omid:br/062504104471,omid:br/0652059700
oci:062504104471-06101262812,omid:br/062504104471,omid:br/06101262812
oci:062504104471-062502578992,omid:br/062504104471,omid:br/062502578992
oci:062504104471-0670604801,omid:br/062504104471,omid:br/0670604801
oci:062504104471-062203318378,omid:br/062504104471,omid:br/062203318378
oci:062504104471-06403010486,omid:br/062504104471,omid:br/06403010486
oci:062504104471-062301239051,omid:br/062504104471,omid:br/062301239051
oci:062504104471-0690612204,omid:br/062504104471,omid:br/0690612204
oci:062504104471-06240514971,omid:br/062504104471,omid:br/06240514971
oci:062504104471-06101262558,omid:br/062504104471,omid:br/06101262558
oci:062504104471-06701388358,omid:br/062504104471,omid:br/06701388358
oci:062504104471-06401636688,omid:br/062504104471,omid:br/06401636688
oci:062504104471-06180528231,omid:br/062504104471,omid:br/06180528231
oci:062204088360-06201740965,omid:br/062204088360,omid:br/06201740965
oci:062204088360-0604844749,omid:br/062204088360,omid:br/0604844749
oci:062504104413-0604844743,omid:br/062504104413,omid:br/0604844743
oci:062504104413-062501037026,omid:br/062504104413,omid:br/062501037026
oci:062504104413-062401216158,omid:br/062504104413,omid:br/062401216158
oci:062504104413-06301250755,omid:br/062504104413,omid:br/06301250755
oci:062504104413-062401216404,omid:br/062504104413,omid:br/062401216404
oci:062504104413-061902006034,omid:br/062504104413,omid:br/061902006034
oci:062504104413-06101262561,omid:br/062504104413,omid:br/06101262561
oci:062504104413-062501233614,omid:br/062504104413,omid:br/062501233614
oci:062504104413-06101263296,omid:br/062504104413,omid:br/06101263296
oci:062504104413-06702809035,omid:br/062504104413,omid:br/06702809035
oci:062504104413-061901952509,omid:br/062504104413,omid:br/061901952509
oci:062504104479-0636054553,omid:br/062504104479,omid:br/0636054553
oci:062504104480-061501625249,omid:br/062504104480,omid:br/061501625249
oci:062504103664-062501233338,omid:br/062504103664,omid:br/062501233338
oci:062504103664-0612088573,omid:br/062504103664,omid:br/0612088573
oci:062504103664-06101262561,omid:br/062504103664,omid:br/06101262561
oci:062504103664-06301250646,omid:br/062504103664,omid:br/06301250646
oci:062504103664-061101542926,omid:br/062504103664,omid:br/061101542926
oci:062504103664-06503487586,omid:br/062504103664,omid:br/06503487586
oci:062204088322-06210870085,omid:br/062204088322,omid:br/06210870085
oci:062204088322-062101293138,omid:br/062204088322,omid:br/062101293138
oci:062504103656-06110621706,omid:br/062504103656,omid:br/06110621706
oci:062504103656-061401523250,omid:br/062504103656,omid:br/061401523250
oci:062504103656-062304144427,omid:br/062504103656,omid:br/062304144427
oci:062504103656-062401216158,omid:br/062504103656,omid:br/062401216158
oci:062504103656-062102001486,omid:br/062504103656,omid:br/062102001486
oci:062504103656-0650728210,omid:br/062504103656,omid:br/0650728210
oci:062504103656-06901739147,omid:br/062504103656,omid:br/06901739147
oci:062504103656-06201252671,omid:br/062504103656,omid:br/06201252671
oci:062504104478-062202385147,omid:br/062504104478,omid:br/062202385147
oci:062504104478-062503482984,omid:br/062504104478,omid:br/062503482984
oci:062204088375-06110268164,omid:br/062204088375,omid:br/06110268164
oci:062504103636-062201649791,omid:br/062504103636,omid:br/062201649791
oci:062504103930-0604844745,omid:br/062504103930,omid:br/0604844745
oci:062504103632-06140470122,omid:br/062504103632,omid:br/06140470122
oci:062504103632-06603290662,omid:br/062504103632,omid:br/06603290662
oci:062504103632-06601054150,omid:br/062504103632,omid:br/06601054150
oci:062504103632-061201943591,omid:br/062504103632,omid:br/061201943591
oci:062504103632-06130868705,omid:br/062504103632,omid:br/06130868705
oci:06280278181-06401141857,omid:br/06280278181,omid:br/06401141857
oci:06280278181-06210394275,omid:br/06280278181,omid:br/06210394275
oci:06280278181-06130680579,omid:br/06280278181,omid:br/06130680579
oci:06280278181-0604844730,omid:br/06280278181,omid:br/0604844730
oci:06280278181-0604844731,omid:br/06280278181,omid:br/0604844731
oci:062204088329-06602386247,omid:br/062204088329,omid:br/06602386247
oci:06280278184-062501498135,omid:br/06280278184,omid:br/062501498135
oci:062404104194-06404584028,omid:br/062404104194,omid:br/06404584028
oci:062404104194-06260870707,omid:br/062404104194,omid:br/06260870707
oci:062404104194-06603277995,omid:br/062404104194,omid:br/06603277995
oci:062404104194-0650540443,omid:br/062404104194,omid:br/0650540443
oci:062404104194-0604844757,omid:br/062404104194,omid:br/0604844757
oci:062404104194-0627038918,omid:br/062404104194,omid:br/0627038918
oci:062404104194-0604844758,omid:br/062404104194,omid:br/0604844758
oci:062404104194-0604844759,omid:br/062404104194,omid:br/0604844759
oci:062404104194-061701540017,omid:br/062404104194,omid:br/061701540017
oci:062404104194-06150521871,omid:br/062404104194,omid:br/06150521871
oci:062404104194-061101726856,omid:br/062404104194,omid:br/061101726856
oci:062404104194-06180988581,omid:br/062404104194,omid:br/06180988581
oci:062404104194-0650728210,omid:br/062404104194,omid:br/0650728210
oci:062404104194-061702014105,omid:br/062404104194,omid:br/061702014105
oci:062404104189-062201942485,omid:br/062404104189,omid:br/062201942485
oci:062404104189-061801950195,omid:br/062404104189,omid:br/061801950195
oci:062404104189-06140685501,omid:br/062404104189,omid:br/06140685501
oci:062404104189-06140686113,omid:br/062404104189,omid:br/06140686113
oci:062404104189-06160694641,omid:br/062404104189,omid:br/06160694641
oci:062404104189-0604844755,omid:br/062404104189,omid:br/0604844755
oci:062504104443-061401720153,omid:br/062504104443,omid:br/061401720153
oci:062504103661-061601676084,omid:br/062504103661,omid:br/061601676084
oci:062504103661-062302249074,omid:br/062504103661,omid:br/062302249074
oci:062504103661-062503479571,omid:br/062504103661,omid:br/062503479571
oci:062504103661-06303916952,omid:br/062504103661,omid:br/06303916952
oci:062504103661-061601741438,omid:br/062504103661,omid:br/061601741438
oci:062504103661-0627056018,omid:br/062504103661,omid:br/0627056018
oci:062504103661-06140871170,omid:br/062504103661,omid:br/06140871170
oci:062504103661-06240514554,omid:br/062504103661,omid:br/06240514554
oci:062504103661-062601258009,omid:br/062504103661,omid:br/062601258009
oci:062504103661-06301282769,omid:br/062504103661,omid:br/06301282769
oci:062504103661-061703296412,omid:br/062504103661,omid:br/061703296412
oci:062504103661-06240153269,omid:br/062504103661,omid:br/06240153269
oci:062504103661-06402452035,omid:br/062504103661,omid:br/06402452035
oci:062504103661-062303492564,omid:br/062504103661,omid:br/062303492564
oci:062504103661-06120595878,omid:br/062504103661,omid:br/06120595878
oci:062504103661-06203916555,omid:br/062504103661,omid:br/06203916555
oci:062504103661-0610611598,omid:br/062504103661,omid:br/0610611598
oci:062504103661-0690612302,omid:br/062504103661,omid:br/0690612302
oci:06280278240-062601730605,omid:br/06280278240,omid:br/062601730605
oci:06280278263-061601063639,omid:br/06280278263,omid:br/061601063639
oci:06280278263-061802612852,omid:br/06280278263,omid:br/061802612852
oci:062204088298-06203914508,omid:br/062204088298,omid:br/06203914508
oci:06280278255-062302125186,omid:br/06280278255,omid:br/062302125186
oci:062504103971-06110874596,omid:br/062504103971,omid:br/06110874596
oci:062504103971-06130471835,omid:br/062504103971,omid:br/06130471835
oci:062504103971-06150476927,omid:br/062504103971,omid:br/06150476927
oci:062504103971-0638023558,omid:br/062504103971,omid:br/0638023558
oci:062504103971-0634024081,omid:br/062504103971,omid:br/0634024081
oci:062504103934-06201741016,omid:br/062504103934,omid:br/06201741016
oci:062204088302-06460302186,omid:br/062204088302,omid:br/06460302186
oci:062204088302-0620521858,omid:br/062204088302,omid:br/0620521858
oci:062204088302-06210869854,omid:br/062204088302,omid:br/06210869854
oci:06280278212-062501119446,omid:br/06280278212,omid:br/062501119446
oci:06280278212-06270241397,omid:br/06280278212,omid:br/06270241397
oci:06280278207-0650857261,omid:br/06280278207,omid:br/0650857261
oci:06280278207-06140587052,omid:br/06280278207,omid:br/06140587052
oci:062204088348-062101388355,omid:br/062204088348,omid:br/062101388355
oci:062504103909-0638023467,omid:br/062504103909,omid:br/0638023467
oci:062504103909-0604846467,omid:br/062504103909,omid:br/0604846467
oci:062504103909-0604844744,omid:br/062504103909,omid:br/0604844744
oci:062404104205-0604845918,omid:br/062404104205,omid:br/0604845918
oci:062404104205-06250484105,omid:br/062404104205,omid:br/06250484105
oci:062504104455-06401100311,omid:br/062504104455,omid:br/06401100311
oci:062204088349-06403919195,omid:br/062204088349,omid:br/06403919195
oci:062204088319-0660208837,omid:br/062204088319,omid:br/0660208837
oci:062504103631-0604845919,omid:br/062504103631,omid:br/0604845919
oci:062504104457-06190809294,omid:br/062504104457,omid:br/06190809294
oci:06280278237-0604844732,omid:br/06280278237,omid:br/0604844732
oci:06280278237-061301103915,omid:br/06280278237,omid:br/061301103915
oci:062504103941-061601112591,omid:br/062504103941,omid:br/061601112591
oci:062204088311-06170346861,omid:br/062204088311,omid:br/06170346861
oci:062204088311-061102070807,omid:br/062204088311,omid:br/061102070807
oci:062204088311-06250354556,omid:br/062204088311,omid:br/06250354556
oci:062204088311-06130681919,omid:br/062204088311,omid:br/06130681919
oci:062204088311-06150876310,omid:br/062204088311,omid:br/06150876310
oci:062204088310-062502050693,omid:br/062204088310,omid:br/062502050693
oci:062204088310-062503483787,omid:br/062204088310,omid:br/062503483787
oci:062204088310-062402224947,omid:br/062204088310,omid:br/062402224947
oci:06280278174-0604844735,omid:br/06280278174,omid:br/0604844735
oci:06280278174-06130608581,omid:br/06280278174,omid:br/06130608581
oci:06280278174-06150525977,omid:br/06280278174,omid:br/06150525977
oci:06280278174-06250262147,omid:br/06280278174,omid:br/06250262147
oci:06280278174-06202333008,omid:br/06280278174,omid:br/06202333008
oci:062504103640-0604844756,omid:br/062504103640,omid:br/0604844756
oci:06280278206-06130868888,omid:br/06280278206,omid:br/06130868888
oci:06280278190-062501202173,omid:br/06280278190,omid:br/062501202173
oci:06280278229-0604844733,omid:br/06280278229,omid:br/0604844733
oci:062504103943-06490302949,omid:br/062504103943,omid:br/06490302949
oci:06280278201-06240211741,omid:br/06280278201,omid:br/06240211741
oci:06280278183-062401482630,omid:br/06280278183,omid:br/062401482630
oci:062504103643-062401316546,omid:br/062504103643,omid:br/062401316546
oci:06280278245-06104038862,omid:br/06280278245,omid:br/06104038862
oci:06280278261-0670604197,omid:br/06280278261,omid:br/0670604197
oci:06280278261-061202854903,omid:br/06280278261,omid:br/061202854903
oci:06280278250-0604844734,omid:br/06280278250,omid:br/0604844734
oci:06270277280-0640529395,omid:br/06270277280,omid:br/0640529395
oci:06270277280-0630527068,omid:br/06270277280,omid:br/0630527068
oci:061904091333-062601257987,omid:br/061904091333,omid:br/062601257987
oci:062304097547-06903518802,omid:br/062304097547,omid:br/06903518802
oci:062304097547-0620878928,omid:br/062304097547,omid:br/0620878928
oci:062304097547-062601257987,omid:br/062304097547,omid:br/062601257987
oci:06270277197-06410310446,omid:br/06270277197,omid:br/06410310446
oci:06270277197-06270241275,omid:br/06270277197,omid:br/06270241275
oci:06270277205-061303944872,omid:br/06270277205,omid:br/061303944872
oci:06270277205-0604845924,omid:br/06270277205,omid:br/0604845924
oci:06270277205-061303944852,omid:br/06270277205,omid:br/061303944852
oci:06270277205-062602257753,omid:br/06270277205,omid:br/062602257753
oci:06270277129-06460302162,omid:br/06270277129,omid:br/06460302162
oci:06270277129-062401113742,omid:br/06270277129,omid:br/062401113742
oci:06270277129-06210522215,omid:br/06270277129,omid:br/06210522215
oci:06270277129-0640522906,omid:br/06270277129,omid:br/0640522906
oci:06270277160-06202219450,omid:br/06270277160,omid:br/06202219450
oci:06270277160-062601258009,omid:br/06270277160,omid:br/062601258009
oci:06270277160-06201249068,omid:br/06270277160,omid:br/06201249068
oci:062504103746-0670604197,omid:br/062504103746,omid:br/0670604197
oci:06270277130-06210988788,omid:br/06270277130,omid:br/06210988788
oci:06270277130-06703898535,omid:br/06270277130,omid:br/06703898535
oci:062304097525-06901969621,omid:br/062304097525,omid:br/06901969621
oci:062304097525-06120865490,omid:br/062304097525,omid:br/06120865490
oci:062304097525-06130751243,omid:br/062304097525,omid:br/06130751243
oci:062304097525-062401937020,omid:br/062304097525,omid:br/062401937020
oci:062304097525-06120865361,omid:br/062304097525,omid:br/06120865361
oci:062304097525-0636057302,omid:br/062304097525,omid:br/0636057302
oci:062304097525-06150878379,omid:br/062304097525,omid:br/06150878379
oci:062304097525-06190523209,omid:br/062304097525,omid:br/06190523209
oci:062304097525-0633056343,omid:br/062304097525,omid:br/0633056343
oci:062304097525-062203500514,omid:br/062304097525,omid:br/062203500514
oci:062304097525-0620521862,omid:br/062304097525,omid:br/0620521862
oci:062304097525-06140869899,omid:br/062304097525,omid:br/06140869899
oci:062304097525-06210869348,omid:br/062304097525,omid:br/06210869348
oci:06270277263-0670758424,omid:br/06270277263,omid:br/0670758424
oci:06270277263-06220987915,omid:br/06270277263,omid:br/06220987915
oci:06270277168-06350303074,omid:br/06270277168,omid:br/06350303074
oci:06270277168-06260504031,omid:br/06270277168,omid:br/06260504031
oci:06270277168-0690493911,omid:br/06270277168,omid:br/0690493911
oci:06270277168-06360302544,omid:br/06270277168,omid:br/06360302544
oci:06270277168-06270254367,omid:br/06270277168,omid:br/06270254367
oci:06270277171-0604845921,omid:br/06270277171,omid:br/0604845921
oci:06270277178-062201100302,omid:br/06270277178,omid:br/062201100302
oci:06270277178-062402622514,omid:br/06270277178,omid:br/062402622514
oci:06270277178-061801098643,omid:br/06270277178,omid:br/061801098643
oci:06270277178-061301642375,omid:br/06270277178,omid:br/061301642375
oci:06270277178-061101653510,omid:br/06270277178,omid:br/061101653510
oci:06270277170-06140753377,omid:br/06270277170,omid:br/06140753377
oci:061904091328-06102789298,omid:br/061904091328,omid:br/06102789298
oci:06270277166-06170477189,omid:br/06270277166,omid:br/06170477189
oci:06270277166-062301755130,omid:br/06270277166,omid:br/062301755130
oci:06270277113-06703898535,omid:br/06270277113,omid:br/06703898535
oci:06270277113-062201239026,omid:br/06270277113,omid:br/062201239026
oci:06270277291-062602257726,omid:br/06270277291,omid:br/062602257726
oci:06270277183-0650607071,omid:br/06270277183,omid:br/0650607071
oci:061904091318-06420302005,omid:br/061904091318,omid:br/06420302005
oci:06270277140-06110605635,omid:br/06270277140,omid:br/06110605635
oci:06270277152-06220734341,omid:br/06270277152,omid:br/06220734341
oci:06270277235-062201133071,omid:br/06270277235,omid:br/062201133071
oci:06270277235-06260538116,omid:br/06270277235,omid:br/06260538116
oci:06270277235-06250520749,omid:br/06270277235,omid:br/06250520749
oci:06270277235-0604844786,omid:br/06270277235,omid:br/0604844786
oci:061904091283-06303920187,omid:br/061904091283,omid:br/06303920187
oci:061904091283-061102070494,omid:br/061904091283,omid:br/061102070494
oci:06270277268-06602575575,omid:br/06270277268,omid:br/06602575575
oci:06270277268-06803902061,omid:br/06270277268,omid:br/06803902061
oci:06270277268-06702422582,omid:br/06270277268,omid:br/06702422582
oci:06270277268-061703506521,omid:br/06270277268,omid:br/061703506521
oci:06270277268-06903521885,omid:br/06270277268,omid:br/06903521885
oci:06270277111-06190523078,omid:br/06270277111,omid:br/06190523078
oci:062504103726-06110873881,omid:br/062504103726,omid:br/06110873881
oci:06270277190-06102343636,omid:br/06270277190,omid:br/06102343636
oci:061904091396-06210934137,omid:br/061904091396,omid:br/06210934137
oci:061904091396-061102070807,omid:br/061904091396,omid:br/061102070807
oci:061904091396-061402040423,omid:br/061904091396,omid:br/061402040423
oci:06270277122-06701251613,omid:br/06270277122,omid:br/06701251613
oci:06270277122-061501003292,omid:br/06270277122,omid:br/061501003292
oci:06270277226-06130681399,omid:br/06270277226,omid:br/06130681399
oci:06270277226-0638022946,omid:br/06270277226,omid:br/0638022946
oci:061904091417-06704181487,omid:br/061904091417,omid:br/06704181487
oci:061904091398-061603938971,omid:br/061904091398,omid:br/061603938971
oci:06270277227-06120750297,omid:br/06270277227,omid:br/06120750297
oci:062304097514-0604845920,omid:br/062304097514,omid:br/0604845920
oci:06270277157-062101292817,omid:br/06270277157,omid:br/062101292817
oci:06270277157-06203916555,omid:br/06270277157,omid:br/06203916555
oci:06270277157-0660607801,omid:br/06270277157,omid:br/0660607801
oci:06270277186-0620604454,omid:br/06270277186,omid:br/0620604454
oci:06270277186-06190523078,omid:br/06270277186,omid:br/06190523078
oci:061904091450-062402646053,omid:br/061904091450,omid:br/062402646053
oci:061904091450-06203071583,omid:br/061904091450,omid:br/06203071583
oci:06270277107-061401928716,omid:br/06270277107,omid:br/061401928716
oci:06270277107-06130520148,omid:br/06270277107,omid:br/06130520148
oci:06270277107-062501946425,omid:br/06270277107,omid:br/062501946425
oci:06270277107-0680879107,omid:br/06270277107,omid:br/0680879107
oci:06270277161-06160522154,omid:br/06270277161,omid:br/06160522154
oci:06270277173-06130751818,omid:br/06270277173,omid:br/06130751818
oci:06270277173-061501003292,omid:br/06270277173,omid:br/061501003292
oci:062304097560-06360230518,omid:br/062304097560,omid:br/06360230518
oci:06270277119-06170523698,omid:br/06270277119,omid:br/06170523698
oci:06270277155-0604846460,omid:br/06270277155,omid:br/0604846460
oci:06270277155-06130751869,omid:br/06270277155,omid:br/06130751869
oci:06270277155-0604844760,omid:br/06270277155,omid:br/0604844760
oci:06270277193-06230234710,omid:br/06270277193,omid:br/06230234710
oci:06270277163-06201249105,omid:br/06270277163,omid:br/06201249105
oci:06270277163-06402140682,omid:br/06270277163,omid:br/06402140682
oci:06270277163-06201249007,omid:br/06270277163,omid:br/06201249007
oci:061904091406-06130535225,omid:br/061904091406,omid:br/06130535225
oci:06303992495-06360230617,omid:br/06303992495,omid:br/06360230617
oci:06303992495-06360230608,omid:br/06303992495,omid:br/06360230608
oci:06303992495-061701090116,omid:br/06303992495,omid:br/061701090116
oci:06270277175-0604846467,omid:br/06270277175,omid:br/0604846467
oci:06270277175-06201708751,omid:br/06270277175,omid:br/06201708751
oci:06270277195-06110874352,omid:br/06270277195,omid:br/06110874352
oci:06270277195-061503503330,omid:br/06270277195,omid:br/061503503330
oci:06270277195-06201249169,omid:br/06270277195,omid:br/06201249169
oci:06270277195-062601258197,omid:br/06270277195,omid:br/062601258197
oci:06270277147-0604844761,omid:br/06270277147,omid:br/0604844761
oci:06270277147-0604844762,omid:br/06270277147,omid:br/0604844762
oci:06270277147-0638023414,omid:br/06270277147,omid:br/0638023414
oci:06270277147-06901171071,omid:br/06270277147,omid:br/06901171071
oci:06270277147-061101160863,omid:br/06270277147,omid:br/061101160863
oci:061904091412-06260106522,omid:br/061904091412,omid:br/06260106522
oci:061904091412-0640607438,omid:br/061904091412,omid:br/0640607438
oci:061904091412-06140597918,omid:br/061904091412,omid:br/06140597918
oci:06270277156-061301154672,omid:br/06270277156,omid:br/061301154672
oci:06270277154-06260230540,omid:br/06270277154,omid:br/06260230540
oci:061904091410-06403915378,omid:br/061904091410,omid:br/06403915378
oci:061904091410-06120519074,omid:br/061904091410,omid:br/06120519074
oci:061904091410-0630527069,omid:br/061904091410,omid:br/0630527069
oci:061904091410-0620878679,omid:br/061904091410,omid:br/0620878679
oci:061904091410-06180215473,omid:br/061904091410,omid:br/06180215473
oci:061904091410-0604844775,omid:br/061904091410,omid:br/0604844775
oci:061904091410-062602257699,omid:br/061904091410,omid:br/062602257699
oci:061904091410-061501610345,omid:br/061904091410,omid:br/061501610345
oci:06270277194-062304127113,omid:br/06270277194,omid:br/062304127113
oci:061904091336-06350302896,omid:br/061904091336,omid:br/06350302896
oci:061904091336-06130751317,omid:br/061904091336,omid:br/06130751317
oci:062504104370-061101263008,omid:br/062504104370,omid:br/061101263008
oci:061904091352-061902194251,omid:br/061904091352,omid:br/061902194251
oci:061904091352-0690503092,omid:br/061904091352,omid:br/0690503092
oci:061904091295-0643036075,omid:br/061904091295,omid:br/0643036075
oci:062504104350-0604844783,omid:br/062504104350,omid:br/0604844783
oci:061904091371-06250321136,omid:br/061904091371,omid:br/06250321136
oci:061904091371-0648023157,omid:br/061904091371,omid:br/0648023157
oci:06270277108-06130751818,omid:br/06270277108,omid:br/06130751818
oci:061904091315-0640180416,omid:br/061904091315,omid:br/0640180416
oci:062304097498-062501202226,omid:br/062304097498,omid:br/062501202226
oci:062304097498-062502684785,omid:br/062304097498,omid:br/062502684785
oci:061904091378-06603474477,omid:br/061904091378,omid:br/06603474477
oci:061904091378-061303498470,omid:br/061904091378,omid:br/061303498470
oci:062304097567-0640607010,omid:br/062304097567,omid:br/0640607010
oci:062504104355-0627038917,omid:br/062504104355,omid:br/0627038917
oci:061904091355-0620692688,omid:br/061904091355,omid:br/0620692688
oci:061904091427-06250353809,omid:br/061904091427,omid:br/06250353809
oci:061904091321-06704181490,omid:br/061904091321,omid:br/06704181490
oci:061904091367-06504581551,omid:br/061904091367,omid:br/06504581551
oci:062104084912-061901342978,omid:br/062104084912,omid:br/061901342978
oci:062104084912-062103094794,omid:br/062104084912,omid:br/062103094794
oci:062104084913-0604845929,omid:br/062104084913,omid:br/0604845929
oci:061904091407-06430300569,omid:br/061904091407,omid:br/06430300569
oci:061904091407-06110899953,omid:br/061904091407,omid:br/06110899953
oci:061904091407-06110899920,omid:br/061904091407,omid:br/06110899920
oci:061904091359-06130750996,omid:br/061904091359,omid:br/06130750996
oci:061904091359-0670758373,omid:br/061904091359,omid:br/0670758373
oci:062104084909-0604845917,omid:br/062104084909,omid:br/0604845917
oci:061904091260-06210284681,omid:br/061904091260,omid:br/06210284681
oci:061904091260-0620282504,omid:br/061904091260,omid:br/0620282504
oci:061904091260-061403482614,omid:br/061904091260,omid:br/061403482614
oci:061904091337-0604844776,omid:br/061904091337,omid:br/0604844776
oci:061904091346-062103474201,omid:br/061904091346,omid:br/062103474201
oci:061904091346-0630357598,omid:br/061904091346,omid:br/0630357598
oci:062504104288-0604844784,omid:br/062504104288,omid:br/0604844784
oci:061904091304-06603520665,omid:br/061904091304,omid:br/06603520665
oci:061904091304-062601044782,omid:br/061904091304,omid:br/062601044782
oci:061904091438-0660357206,omid:br/061904091438,omid:br/0660357206
oci:061904091447-06901789629,omid:br/061904091447,omid:br/06901789629
oci:061904091314-06190523705,omid:br/061904091314,omid:br/06190523705
oci:061904091314-06204568428,omid:br/061904091314,omid:br/06204568428
oci:06270277298-06101260010,omid:br/06270277298,omid:br/06101260010
oci:06270277298-06140753453,omid:br/06270277298,omid:br/06140753453
oci:06270277298-06704539716,omid:br/06270277298,omid:br/06704539716
oci:061904091263-062604051183,omid:br/061904091263,omid:br/062604051183
oci:062304097585-06603912965,omid:br/062304097585,omid:br/06603912965
oci:062304097585-06603912997,omid:br/062304097585,omid:br/06603912997
oci:062304097585-06203914442,omid:br/062304097585,omid:br/06203914442
oci:062304097537-06102231322,omid:br/062304097537,omid:br/06102231322
oci:062304097537-062402053383,omid:br/062304097537,omid:br/062402053383
oci:062504103736-062203483274,omid:br/062504103736,omid:br/062203483274
oci:062504103736-062303483749,omid:br/062504103736,omid:br/062303483749
oci:062504103736-06240741181,omid:br/062504103736,omid:br/06240741181
oci:062104084904-0604845920,omid:br/062104084904,omid:br/0604845920
oci:062104084904-061401891809,omid:br/062104084904,omid:br/061401891809
oci:062104084904-06501497787,omid:br/062104084904,omid:br/06501497787
oci:062104084904-062503045626,omid:br/062104084904,omid:br/062503045626
oci:062104084904-06903521812,omid:br/062104084904,omid:br/06903521812
oci:062104084904-061803495891,omid:br/062104084904,omid:br/061803495891
oci:062104084904-061303498470,omid:br/062104084904,omid:br/061303498470
oci:062104084904-0690493878,omid:br/062104084904,omid:br/0690493878
oci:062104084904-061203587270,omid:br/062104084904,omid:br/061203587270
oci:062104084904-06403053588,omid:br/062104084904,omid:br/06403053588
oci:062104084904-06240348703,omid:br/062104084904,omid:br/06240348703
oci:062104084904-06380300984,omid:br/062104084904,omid:br/06380300984
oci:062104084904-06240211420,omid:br/062104084904,omid:br/06240211420
oci:062304097545-06490302130,omid:br/062304097545,omid:br/06490302130
oci:062304097545-0604844763,omid:br/062304097545,omid:br/0604844763
oci:062304097545-06701533443,omid:br/062304097545,omid:br/06701533443
oci:062304097545-062101529555,omid:br/062304097545,omid:br/062101529555
oci:062304097545-061901539808,omid:br/062304097545,omid:br/061901539808
oci:062104084984-06240211420,omid:br/062104084984,omid:br/06240211420
oci:062104084984-062503045626,omid:br/062104084984,omid:br/062503045626
oci:062104084984-06201249105,omid:br/062104084984,omid:br/06201249105
oci:062104084984-06701251614,omid:br/062104084984,omid:br/06701251614
oci:06270277269-06160693805,omid:br/06270277269,omid:br/06160693805
oci:06270277269-06301217095,omid:br/06270277269,omid:br/06301217095
oci:06270277269-0604844785,omid:br/06270277269,omid:br/0604844785
oci:062104084898-062301754388,omid:br/062104084898,omid:br/062301754388
oci:062104084898-06240211420,omid:br/062104084898,omid:br/06240211420
oci:062104084973-06140753129,omid:br/062104084973,omid:br/06140753129
oci:062104084965-06240506453,omid:br/062104084965,omid:br/06240506453
oci:062104084965-06380300984,omid:br/062104084965,omid:br/06380300984
oci:061904091397-061401418217,omid:br/061904091397,omid:br/061401418217
oci:061904091345-0670758125,omid:br/061904091345,omid:br/0670758125
oci:061904091414-06202759958,omid:br/061904091414,omid:br/06202759958
oci:061904091332-06704539801,omid:br/061904091332,omid:br/06704539801
oci:061904091401-06701251722,omid:br/061904091401,omid:br/06701251722
oci:061904091291-061601464847,omid:br/061904091291,omid:br/061601464847
oci:061904091291-061801079552,omid:br/061904091291,omid:br/061801079552
oci:061904091291-06160605347,omid:br/061904091291,omid:br/06160605347
oci:061904091409-061101161018,omid:br/061904091409,omid:br/061101161018
oci:061904091343-06130751869,omid:br/061904091343,omid:br/06130751869
oci:062504103707-062501332617,omid:br/062504103707,omid:br/062501332617
oci:061904091344-06304561592,omid:br/061904091344,omid:br/06304561592
oci:061904091379-06501567576,omid:br/061904091379,omid:br/06501567576
oci:06290266919-06140753244,omid:br/06290266919,omid:br/06140753244
oci:06290266892-06430300330,omid:br/06290266892,omid:br/06430300330
oci:062504104359-061303944851,omid:br/062504104359,omid:br/061303944851
oci:062104084960-061801157883,omid:br/062104084960,omid:br/061801157883
oci:061904091353-0633056511,omid:br/061904091353,omid:br/0633056511
oci:061904091353-06303920112,omid:br/061904091353,omid:br/06303920112
oci:061904091353-06190878120,omid:br/061904091353,omid:br/06190878120
oci:061904091353-062203499986,omid:br/061904091353,omid:br/062203499986
oci:061904091353-0670604242,omid:br/061904091353,omid:br/0670604242
oci:061904091353-061603297648,omid:br/061904091353,omid:br/061603297648
oci:061904091353-06803906449,omid:br/061904091353,omid:br/06803906449
oci:061904091353-06103935657,omid:br/061904091353,omid:br/06103935657
oci:061904091353-06140869237,omid:br/061904091353,omid:br/06140869237
oci:061904091353-062303285162,omid:br/061904091353,omid:br/062303285162
oci:061904091393-06403915140,omid:br/061904091393,omid:br/06403915140
oci:061904091393-06301400469,omid:br/061904091393,omid:br/06301400469
oci:061904091393-061103508666,omid:br/061904091393,omid:br/061103508666
oci:061904091393-06260493539,omid:br/061904091393,omid:br/06260493539
oci:06290266911-06430300330,omid:br/06290266911,omid:br/06430300330
oci:06290266911-06702436343,omid:br/06290266911,omid:br/06702436343
oci:062504104344-06103946235,omid:br/062504104344,omid:br/06103946235
oci:062504104344-0636059497,omid:br/062504104344,omid:br/0636059497
oci:062504104344-0604845923,omid:br/062504104344,omid:br/0604845923
oci:062504104324-061303944887,omid:br/062504104324,omid:br/061303944887
oci:061904091372-0604844774,omid:br/061904091372,omid:br/0604844774
oci:062504104365-061303498470,omid:br/062504104365,omid:br/061303498470
oci:062504104384-06604570523,omid:br/062504104384,omid:br/06604570523
oci:062504104384-06470294477,omid:br/062504104384,omid:br/06470294477
oci:062504104295-06130751818,omid:br/062504104295,omid:br/06130751818
oci:062504104295-06101260010,omid:br/062504104295,omid:br/06101260010
oci:062504104295-0670758201,omid:br/062504104295,omid:br/0670758201
oci:062504104295-06201249105,omid:br/062504104295,omid:br/06201249105
oci:062204088226-06410310203,omid:br/062204088226,omid:br/06410310203
oci:062204088195-06120746365,omid:br/062204088195,omid:br/06120746365
oci:062204088195-06120746348,omid:br/062204088195,omid:br/06120746348
oci:062504104322-06704539705,omid:br/062504104322,omid:br/06704539705
oci:062504104322-061501433212,omid:br/062504104322,omid:br/061501433212
oci:062504104322-06140598331,omid:br/062504104322,omid:br/06140598331
oci:062504104322-06210575876,omid:br/062504104322,omid:br/06210575876
oci:062504104322-062201133594,omid:br/062504104322,omid:br/062201133594
oci:062504104322-062201133382,omid:br/062504104322,omid:br/062201133382
oci:062504104322-06260928235,omid:br/062504104322,omid:br/06260928235
oci:061904091444-06140350138,omid:br/061904091444,omid:br/06140350138
oci:061904091444-06502583857,omid:br/061904091444,omid:br/06502583857
oci:061904091444-062402622514,omid:br/061904091444,omid:br/062402622514
oci:061904091444-062201100302,omid:br/061904091444,omid:br/062201100302
oci:061904091444-062503045626,omid:br/061904091444,omid:br/062503045626
oci:061904091444-0630357862,omid:br/061904091444,omid:br/0630357862
oci:062104084901-06101262644,omid:br/062104084901,omid:br/06101262644
oci:06290266952-06410310446,omid:br/06290266952,omid:br/06410310446
oci:06290266952-06701251613,omid:br/06290266952,omid:br/06701251613
oci:062104084916-062601258197,omid:br/062104084916,omid:br/062601258197
oci:062104084916-06130751818,omid:br/062104084916,omid:br/06130751818
oci:062104084916-06103948264,omid:br/062104084916,omid:br/06103948264
oci:062104084916-062401095313,omid:br/062104084916,omid:br/062401095313
oci:062104084916-06530313013,omid:br/062104084916,omid:br/06530313013
oci:062104084916-06220734946,omid:br/062104084916,omid:br/06220734946
oci:062104084916-062601138222,omid:br/062104084916,omid:br/062601138222
oci:062104084916-062503503808,omid:br/062104084916,omid:br/062503503808
oci:062104084931-06490302974,omid:br/062104084931,omid:br/06490302974
oci:062104084931-0604844766,omid:br/062104084931,omid:br/0604844766
oci:062104084931-06360230608,omid:br/062104084931,omid:br/06360230608
oci:062104084931-061302803656,omid:br/062104084931,omid:br/061302803656
oci:062104084931-06204567610,omid:br/062104084931,omid:br/06204567610
oci:06290266902-0648056815,omid:br/06290266902,omid:br/0648056815
oci:06290266902-061801079203,omid:br/06290266902,omid:br/061801079203
oci:062204088253-0680343284,omid:br/062204088253,omid:br/0680343284
oci:062204088253-0604844779,omid:br/062204088253,omid:br/0604844779
oci:062204088253-061103592416,omid:br/062204088253,omid:br/061103592416
oci:062104084925-06701338233,omid:br/062104084925,omid:br/06701338233
oci:062104084925-06490302836,omid:br/062104084925,omid:br/06490302836
oci:062104084925-06490302764,omid:br/062104084925,omid:br/06490302764
oci:062104084925-0690766248,omid:br/062104084925,omid:br/0690766248
oci:062104084925-061101725972,omid:br/062104084925,omid:br/061101725972
oci:062104084925-062404131741,omid:br/062104084925,omid:br/062404131741
oci:062104084925-0604844767,omid:br/062104084925,omid:br/0604844767
oci:062204088207-0604844780,omid:br/062204088207,omid:br/0604844780
oci:06290266934-0604844773,omid:br/06290266934,omid:br/0604844773
oci:062104084977-0643060638,omid:br/062104084977,omid:br/0643060638
oci:062104084977-0604844768,omid:br/062104084977,omid:br/0604844768
oci:062104084977-0604844769,omid:br/062104084977,omid:br/0604844769
oci:062104084977-0604844770,omid:br/062104084977,omid:br/0604844770
oci:062104084977-06140871370,omid:br/062104084977,omid:br/06140871370
oci:062104084977-062602084691,omid:br/062104084977,omid:br/062602084691
oci:062204088212-06103612555,omid:br/062204088212,omid:br/06103612555
oci:062204088212-062302249079,omid:br/062204088212,omid:br/062302249079
oci:062104084929-06230935438,omid:br/062104084929,omid:br/06230935438
oci:062104084991-062201523776,omid:br/062104084991,omid:br/062201523776
oci:062204088266-06901343674,omid:br/062204088266,omid:br/06901343674
oci:061904091310-06220471145,omid:br/061904091310,omid:br/06220471145
oci:061904091310-06110483119,omid:br/061904091310,omid:br/06110483119
oci:061904091310-061901600028,omid:br/061904091310,omid:br/061901600028
oci:062204088205-06204568441,omid:br/062204088205,omid:br/06204568441
oci:062204088205-06120471818,omid:br/062204088205,omid:br/06120471818
oci:062204088205-0648056940,omid:br/062204088205,omid:br/0648056940
oci:062204088205-06150478245,omid:br/062204088205,omid:br/06150478245
oci:062204088205-06250672553,omid:br/062204088205,omid:br/06250672553
oci:062204088205-06240665795,omid:br/062204088205,omid:br/06240665795
oci:06290266906-06230490124,omid:br/06290266906,omid:br/06230490124
oci:061904091275-06260693630,omid:br/061904091275,omid:br/06260693630
oci:061904091275-062301647818,omid:br/061904091275,omid:br/062301647818
oci:061904091275-062401095278,omid:br/061904091275,omid:br/062401095278
oci:061904091275-06210604309,omid:br/061904091275,omid:br/06210604309
oci:061904091275-0648057100,omid:br/061904091275,omid:br/0648057100
oci:061904091275-0632057038,omid:br/061904091275,omid:br/0632057038
oci:062204088191-061501257552,omid:br/062204088191,omid:br/061501257552
oci:06290266949-06201249105,omid:br/06290266949,omid:br/06201249105
oci:061904091330-0604844777,omid:br/061904091330,omid:br/0604844777
oci:06290266973-0604845928,omid:br/06290266973,omid:br/0604845928
oci:06290266905-061301605215,omid:br/06290266905,omid:br/061301605215
oci:06290266905-062501231152,omid:br/06290266905,omid:br/062501231152
oci:061904091296-062503479288,omid:br/061904091296,omid:br/062503479288
oci:061904091296-062503479558,omid:br/061904091296,omid:br/062503479558
oci:061904091296-06503924492,omid:br/061904091296,omid:br/06503924492
oci:061904091296-061603504652,omid:br/061904091296,omid:br/061603504652
oci:06290266938-061601107354,omid:br/06290266938,omid:br/061601107354
oci:06290266938-06801720452,omid:br/06290266938,omid:br/06801720452
oci:06290266938-061101726841,omid:br/06290266938,omid:br/061101726841
oci:06290266938-061101726834,omid:br/06290266938,omid:br/061101726834
oci:061904091265-06190523078,omid:br/061904091265,omid:br/06190523078
oci:061904091265-06120862985,omid:br/061904091265,omid:br/06120862985
oci:06290266963-06701251614,omid:br/06290266963,omid:br/06701251614
oci:06290266983-06201249105,omid:br/06290266983,omid:br/06201249105
oci:062204088208-06802326199,omid:br/062204088208,omid:br/06802326199
oci:062204088208-06150876008,omid:br/062204088208,omid:br/06150876008
oci:061904091311-062601258159,omid:br/061904091311,omid:br/062601258159
oci:062204088229-062601953337,omid:br/062204088229,omid:br/062601953337
oci:062204088229-061103645862,omid:br/062204088229,omid:br/061103645862
oci:062204088229-06150513527,omid:br/062204088229,omid:br/06150513527
oci:062204088229-06240506335,omid:br/062204088229,omid:br/06240506335
oci:062204088229-0604832822,omid:br/062204088229,omid:br/0604832822
oci:062504104307-062401472785,omid:br/062504104307,omid:br/062401472785
oci:062504104307-0604257398,omid:br/062504104307,omid:br/0604257398
oci:062204088248-062401472785,omid:br/062204088248,omid:br/062401472785
oci:062204088248-0604257398,omid:br/062204088248,omid:br/0604257398
oci:062204088248-0604170631,omid:br/062204088248,omid:br/0604170631
oci:06290266940-061202845327,omid:br/06290266940,omid:br/061202845327
oci:062504104332-06180604317,omid:br/062504104332,omid:br/06180604317
oci:062504104332-06180604078,omid:br/062504104332,omid:br/06180604078
oci:062504104332-06180604079,omid:br/062504104332,omid:br/06180604079
oci:062504104332-06250520749,omid:br/062504104332,omid:br/06250520749
oci:06290266965-06803223283,omid:br/06290266965,omid:br/06803223283
oci:06290266965-06150281658,omid:br/06290266965,omid:br/06150281658
oci:06290266965-0604844771,omid:br/06290266965,omid:br/0604844771
oci:06290266965-0604844772,omid:br/06290266965,omid:br/0604844772
oci:06290266965-06120279833,omid:br/06290266965,omid:br/06120279833
oci:06290266965-0620281624,omid:br/06290266965,omid:br/0620281624
oci:06290266965-0638023573,omid:br/06290266965,omid:br/0638023573
oci:06290266965-0660287576,omid:br/06290266965,omid:br/0660287576
oci:06290266965-0650284709,omid:br/06290266965,omid:br/0650284709
oci:06290266965-06230288563,omid:br/06290266965,omid:br/06230288563
oci:06290266981-06803513812,omid:br/06290266981,omid:br/06803513812
oci:06290266981-06104497506,omid:br/06290266981,omid:br/06104497506
oci:061904091273-06101260224,omid:br/061904091273,omid:br/06101260224
oci:062504104335-0670353895,omid:br/062504104335,omid:br/0670353895
oci:062504104335-06203916571,omid:br/062504104335,omid:br/06203916571
oci:062504104314-0604844781,omid:br/062504104314,omid:br/0604844781
oci:06290266945-06240472425,omid:br/06290266945,omid:br/06240472425
oci:06290266945-06901410499,omid:br/06290266945,omid:br/06901410499
oci:06290266945-061801158067,omid:br/06290266945,omid:br/061801158067
oci:062504104303-062501487165,omid:br/062504104303,omid:br/062501487165
oci:06290266974-062601612086,omid:br/06290266974,omid:br/062601612086
oci:062504103750-06103924196,omid:br/062504103750,omid:br/06103924196
oci:062504103750-06201740796,omid:br/062504103750,omid:br/06201740796
oci:062504103785-061501616081,omid:br/062504103785,omid:br/061501616081
oci:06290266923-062601257993,omid:br/06290266923,omid:br/062601257993
oci:062504104342-06403068269,omid:br/062504104342,omid:br/06403068269
oci:062504104342-0604844782,omid:br/062504104342,omid:br/0604844782
oci:062504104321-062501946425,omid:br/062504104321,omid:br/062501946425
oci:06290266964-0604480652,omid:br/06290266964,omid:br/0604480652
oci:062504104302-06302824494,omid:br/062504104302,omid:br/06302824494
oci:062204088232-06380305473,omid:br/062204088232,omid:br/06380305473
oci:062204088271-062401745420,omid:br/062204088271,omid:br/062401745420
oci:06290266970-06130751031,omid:br/06290266970,omid:br/06130751031
oci:061703812499-06220734825,omid:br/061703812499,omid:br/06220734825
oci:061703812499-06101260007,omid:br/061703812499,omid:br/06101260007
oci:061703812499-06130751031,omid:br/061703812499,omid:br/06130751031
oci:062504104296-06350303337,omid:br/062504104296,omid:br/06350303337
oci:062204088193-062501332901,omid:br/062204088193,omid:br/062501332901
oci:062204088193-062501333449,omid:br/062204088193,omid:br/062501333449
oci:062204088193-06104207624,omid:br/062204088193,omid:br/06104207624
oci:062504103741-06520296111,omid:br/062504103741,omid:br/06520296111
oci:062504103741-061403296102,omid:br/062504103741,omid:br/061403296102
oci:062504103741-061901657235,omid:br/062504103741,omid:br/061901657235
oci:062504103741-062401753446,omid:br/062504103741,omid:br/062401753446
oci:062504103773-06170878430,omid:br/062504103773,omid:br/06170878430
oci:062504103773-06150876195,omid:br/062504103773,omid:br/06150876195
oci:062504103773-062401635578,omid:br/062504103773,omid:br/062401635578
oci:062504103773-06130866555,omid:br/062504103773,omid:br/06130866555
oci:062504103773-0648057100,omid:br/062504103773,omid:br/0648057100
oci:062504103773-0641057464,omid:br/062504103773,omid:br/0641057464
oci:062504103773-06140519023,omid:br/062504103773,omid:br/06140519023
oci:062504103773-0650606502,omid:br/062504103773,omid:br/0650606502
oci:062204088238-062302248980,omid:br/062204088238,omid:br/062302248980
oci:062204088238-061601465362,omid:br/062204088238,omid:br/061601465362
oci:062204088238-06180604094,omid:br/062204088238,omid:br/06180604094
oci:062204088238-06160605347,omid:br/062204088238,omid:br/06160605347
oci:062204088238-06601692398,omid:br/062204088238,omid:br/06601692398
oci:06290266967-0680343284,omid:br/06290266967,omid:br/0680343284
oci:06290266967-0610363097,omid:br/06290266967,omid:br/0610363097
oci:06290266967-06202171964,omid:br/06290266967,omid:br/06202171964
oci:062504104298-061101574929,omid:br/062504104298,omid:br/061101574929
oci:062504104298-06120791025,omid:br/062504104298,omid:br/06120791025
oci:062504104298-06120791634,omid:br/062504104298,omid:br/06120791634
oci:062504103745-06120471858,omid:br/062504103745,omid:br/06120471858
oci:06290266968-062103479754,omid:br/06290266968,omid:br/062103479754
oci:06290266968-06902088601,omid:br/06290266968,omid:br/06902088601
oci:06290266968-06501096363,omid:br/06290266968,omid:br/06501096363
oci:062504104328-06401412034,omid:br/062504104328,omid:br/06401412034
oci:062504104328-0630357862,omid:br/062504104328,omid:br/0630357862
oci:062504104328-06140350138,omid:br/062504104328,omid:br/06140350138
oci:062504104328-062402622514,omid:br/062504104328,omid:br/062402622514
oci:062504103754-06190879487,omid:br/062504103754,omid:br/06190879487
oci:062504103754-0627056418,omid:br/062504103754,omid:br/0627056418
oci:062504103754-06210869311,omid:br/062504103754,omid:br/06210869311
oci:062504103754-06170878430,omid:br/062504103754,omid:br/06170878430
oci:062504103754-0650882182,omid:br/062504103754,omid:br/0650882182
oci:062504103754-06220517340,omid:br/062504103754,omid:br/06220517340
oci:062504103754-06150522012,omid:br/062504103754,omid:br/06150522012
oci:062504103754-06170475010,omid:br/062504103754,omid:br/06170475010
oci:062204088197-062101100736,omid:br/062204088197,omid:br/062101100736
oci:062104084980-0638023632,omid:br/062104084980,omid:br/0638023632
oci:06290266957-0610363097,omid:br/06290266957,omid:br/0610363097
oci:06290266957-0680343284,omid:br/06290266957,omid:br/0680343284
oci:06290266957-06201740609,omid:br/06290266957,omid:br/06201740609
oci:062204088251-062302601602,omid:br/062204088251,omid:br/062302601602
oci:06290266891-06360230636,omid:br/06290266891,omid:br/06360230636
oci:062104084986-0604844699,omid:br/062104084986,omid:br/0604844699
oci:062504103781-06120681585,omid:br/062504103781,omid:br/06120681585
oci:062504103781-062401315766,omid:br/062504103781,omid:br/062401315766
oci:062204088182-0604515024,omid:br/062204088182,omid:br/0604515024
oci:062504103695-061801950079,omid:br/062504103695,omid:br/061801950079
oci:06290266889-0670604801,omid:br/06290266889,omid:br/0670604801
oci:06290266889-06170878422,omid:br/06290266889,omid:br/06170878422
oci:06290266947-06410310220,omid:br/06290266947,omid:br/06410310220
oci:062204088188-0604515024,omid:br/062204088188,omid:br/0604515024
oci:062504104313-06360302056,omid:br/062504104313,omid:br/06360302056
oci:062504104379-06901171013,omid:br/062504104379,omid:br/06901171013
oci:062504103725-06204567909,omid:br/062504103725,omid:br/06204567909
oci:062104084978-061302167754,omid:br/062104084978,omid:br/061302167754
oci:062104084978-061402209538,omid:br/062104084978,omid:br/061402209538
oci:062104084956-0604844764,omid:br/062104084956,omid:br/0604844764
oci:062104084956-061903660592,omid:br/062104084956,omid:br/061903660592
oci:062104084956-0604844765,omid:br/062104084956,omid:br/0604844765
oci:062104084956-061402039904,omid:br/062104084956,omid:br/061402039904
oci:062204088270-0604844778,omid:br/062204088270,omid:br/0604844778
oci:06290266907-062602831362,omid:br/06290266907,omid:br/062602831362
oci:062504103742-06120681585,omid:br/062504103742,omid:br/06120681585
oci:062504103742-06601350226,omid:br/062504103742,omid:br/06601350226
oci:062504103742-062601258566,omid:br/062504103742,omid:br/062601258566
oci:062504103742-061101348360,omid:br/062504103742,omid:br/061101348360
oci:062204088211-06140685512,omid:br/062204088211,omid:br/06140685512
oci:062204088211-0660526530,omid:br/062204088211,omid:br/0660526530
oci:062204088211-06160527064,omid:br/062204088211,omid:br/06160527064
oci:062104084922-06302518400,omid:br/062104084922,omid:br/06302518400
oci:062104084922-06704181486,omid:br/062104084922,omid:br/06704181486
oci:06290266928-06140513382,omid:br/06290266928,omid:br/06140513382
oci:06290266928-06230607986,omid:br/06290266928,omid:br/06230607986
oci:062204088209-0604845922,omid:br/062204088209,omid:br/0604845922
oci:062204088247-06120242610,omid:br/062204088247,omid:br/06120242610
oci:062204088247-06210354223,omid:br/062204088247,omid:br/06210354223
oci:062204088247-0680921069,omid:br/062204088247,omid:br/0680921069
oci:06270276828-0620204906,omid:br/06270276828,omid:br/0620204906
oci:06270276846-06140753798,omid:br/06270276846,omid:br/06140753798
oci:06270276846-0670758180,omid:br/06270276846,omid:br/0670758180
oci:062404103258-061501258077,omid:br/062404103258,omid:br/061501258077
oci:06504618294-06201249557,omid:br/06504618294,omid:br/06201249557
oci:062404103267-06701251696,omid:br/062404103267,omid:br/06701251696
oci:06504618300-06280214076,omid:br/06504618300,omid:br/06280214076
oci:06270276905-061501257951,omid:br/06270276905,omid:br/061501257951
oci:06504618595-06201249787,omid:br/06504618595,omid:br/06201249787
oci:06504618607-06201249970,omid:br/06504618607,omid:br/06201249970
oci:06504618561-06130751520,omid:br/06504618561,omid:br/06130751520
oci:06504618617-0670758424,omid:br/06504618617,omid:br/0670758424
oci:06504618543-061501257532,omid:br/06504618543,omid:br/061501257532
oci:0604260108-06101260007,omid:br/0604260108,omid:br/06101260007
oci:06504618567-062602100252,omid:br/06504618567,omid:br/062602100252
oci:062404103252-061602242191,omid:br/062404103252,omid:br/061602242191
oci:06504618630-061501257969,omid:br/06504618630,omid:br/061501257969
oci:062304098389-061701662923,omid:br/062304098389,omid:br/061701662923
oci:062404103222-06501059782,omid:br/062404103222,omid:br/06501059782
oci:062404103222-06901060792,omid:br/062404103222,omid:br/06901060792
oci:06504618556-06802453857,omid:br/06504618556,omid:br/06802453857
oci:06504618556-062102065461,omid:br/06504618556,omid:br/062102065461
oci:062304098426-062102826260,omid:br/062304098426,omid:br/062102826260
oci:062304098416-061401053340,omid:br/062304098416,omid:br/061401053340
oci:06270276841-061501258032,omid:br/06270276841,omid:br/061501258032
oci:0604260156-06201249813,omid:br/0604260156,omid:br/06201249813
oci:06504618268-0640406144,omid:br/06504618268,omid:br/0640406144
oci:062404103231-061501258226,omid:br/062404103231,omid:br/061501258226
oci:062404103231-06301259605,omid:br/062404103231,omid:br/06301259605
oci:062404103231-062102065004,omid:br/062404103231,omid:br/062102065004
oci:062404103231-06140753798,omid:br/062404103231,omid:br/06140753798
oci:062404103231-062202651421,omid:br/062404103231,omid:br/062202651421
oci:062404103231-06250679900,omid:br/062404103231,omid:br/06250679900
oci:062404103231-06190943003,omid:br/062404103231,omid:br/06190943003
oci:062404103231-06260959064,omid:br/062404103231,omid:br/06260959064
oci:062404103231-061302745429,omid:br/062404103231,omid:br/061302745429
oci:062504103848-06220734825,omid:br/062504103848,omid:br/06220734825
oci:06290266664-0615091828,omid:br/06290266664,omid:br/0615091828
oci:062504103870-06201419703,omid:br/062504103870,omid:br/06201419703
oci:061904092021-06701652834,omid:br/061904092021,omid:br/06701652834
oci:061904092021-062403116401,omid:br/061904092021,omid:br/062403116401
oci:06290267295-0627039455,omid:br/06290267295,omid:br/0627039455
oci:06290266805-06802624694,omid:br/06290266805,omid:br/06802624694
oci:061904092030-062301040276,omid:br/061904092030,omid:br/062301040276
oci:061904092030-06701652546,omid:br/061904092030,omid:br/06701652546
oci:061904092030-062301040016,omid:br/061904092030,omid:br/062301040016
oci:061904092030-062101369383,omid:br/061904092030,omid:br/062101369383
oci:061904092030-062601683054,omid:br/061904092030,omid:br/062601683054
oci:061904092030-06501675013,omid:br/061904092030,omid:br/06501675013
oci:061904092030-06140777830,omid:br/061904092030,omid:br/06140777830
oci:061904092030-06140777760,omid:br/061904092030,omid:br/06140777760
oci:061904091776-06601623314,omid:br/061904091776,omid:br/06601623314
oci:062104085031-06140118924,omid:br/062104085031,omid:br/06140118924
oci:06310262761-0620649491,omid:br/06310262761,omid:br/0620649491
oci:06310262761-061802648632,omid:br/06310262761,omid:br/061802648632
oci:06290267320-062301039964,omid:br/06290267320,omid:br/062301039964
oci:06290267320-062201616424,omid:br/06290267320,omid:br/062201616424
oci:06290266842-0690374904,omid:br/06290266842,omid:br/0690374904
oci:06290266842-06701164505,omid:br/06290266842,omid:br/06701164505
oci:06290266842-06130593982,omid:br/06290266842,omid:br/06130593982
oci:06290266842-06602385584,omid:br/06290266842,omid:br/06602385584
oci:06290266842-061103090251,omid:br/06290266842,omid:br/061103090251
oci:06290266865-0620406455,omid:br/06290266865,omid:br/0620406455
oci:06290266865-06140282756,omid:br/06290266865,omid:br/06140282756
oci:06290266857-06303091934,omid:br/06290266857,omid:br/06303091934
oci:06290266857-062601303502,omid:br/06290266857,omid:br/062601303502
oci:06290266857-06601165525,omid:br/06290266857,omid:br/06601165525
oci:061904091832-06260701302,omid:br/061904091832,omid:br/06260701302
oci:062204088129-06130611645,omid:br/062204088129,omid:br/06130611645
oci:061904091971-061202749867,omid:br/061904091971,omid:br/061202749867
oci:06290266823-06403907892,omid:br/06290266823,omid:br/06403907892
oci:062204088090-06201329471,omid:br/062204088090,omid:br/06201329471
oci:061904091999-0690954204,omid:br/061904091999,omid:br/0690954204
oci:061904091999-06601054195,omid:br/061904091999,omid:br/06601054195
oci:06310262740-0660999764,omid:br/06310262740,omid:br/0660999764
oci:06310262740-0670940353,omid:br/06310262740,omid:br/0670940353
oci:06280278340-06170522104,omid:br/06280278340,omid:br/06170522104
oci:062204088112-06301325761,omid:br/062204088112,omid:br/06301325761
oci:06280278318-06130519230,omid:br/06280278318,omid:br/06130519230
oci:06280278318-061601466993,omid:br/06280278318,omid:br/061601466993
oci:06280278361-0680531101,omid:br/06280278361,omid:br/0680531101
oci:06280278361-0690532573,omid:br/06280278361,omid:br/0690532573
oci:061904091828-0604844605,omid:br/061904091828,omid:br/0604844605
oci:061904091828-0604844606,omid:br/061904091828,omid:br/0604844606
oci:061904091828-06230431945,omid:br/061904091828,omid:br/06230431945
oci:061904091828-0604844607,omid:br/061904091828,omid:br/0604844607
oci:06290266791-06101702729,omid:br/06290266791,omid:br/06101702729
oci:06290266817-0670467848,omid:br/06290266817,omid:br/0670467848
oci:061904091781-0660947519,omid:br/061904091781,omid:br/0660947519
oci:061904091781-062302248905,omid:br/061904091781,omid:br/062302248905
oci:061904091781-06103746350,omid:br/061904091781,omid:br/06103746350
oci:06310262768-06190943054,omid:br/06310262768,omid:br/06190943054
oci:06310262768-06190942850,omid:br/06310262768,omid:br/06190942850
oci:062204088158-06180532894,omid:br/062204088158,omid:br/06180532894
oci:062204088158-0670528871,omid:br/062204088158,omid:br/0670528871
oci:062204088158-0660947652,omid:br/062204088158,omid:br/0660947652
oci:06290266810-0650554702,omid:br/06290266810,omid:br/0650554702
oci:06290266810-06503097490,omid:br/06290266810,omid:br/06503097490
oci:062204088153-0680947827,omid:br/062204088153,omid:br/0680947827
oci:06290266824-06503097606,omid:br/06290266824,omid:br/06503097606
oci:062104085013-06702426807,omid:br/062104085013,omid:br/06702426807
oci:06290267316-061202653922,omid:br/06290267316,omid:br/061202653922
oci:06290267316-061202653474,omid:br/06290267316,omid:br/061202653474
oci:062204088181-062501037441,omid:br/062204088181,omid:br/062501037441
oci:062104085008-0604844622,omid:br/062104085008,omid:br/0604844622
oci:062104085025-062304133753,omid:br/062104085025,omid:br/062304133753
oci:06280278314-06603923493,omid:br/06280278314,omid:br/06603923493
oci:062204088145-06902679136,omid:br/062204088145,omid:br/06902679136
oci:061904091972-06801655316,omid:br/061904091972,omid:br/06801655316
oci:062104085007-06802991128,omid:br/062104085007,omid:br/06802991128
oci:062104085007-0670940600,omid:br/062104085007,omid:br/0670940600
oci:06290266870-06903654933,omid:br/06290266870,omid:br/06903654933
oci:06290266861-0634060388,omid:br/06290266861,omid:br/0634060388
oci:061904092011-061703300880,omid:br/061904092011,omid:br/061703300880
oci:061904092011-06101061291,omid:br/061904092011,omid:br/06101061291
oci:061904092011-06601054229,omid:br/061904092011,omid:br/06601054229
oci:062104085016-06120118806,omid:br/062104085016,omid:br/06120118806
oci:062104085016-0604844619,omid:br/062104085016,omid:br/0604844619
oci:062104085016-0604844605,omid:br/062104085016,omid:br/0604844605
oci:062104085016-0604844606,omid:br/062104085016,omid:br/0604844606
oci:06290266855-0627039296,omid:br/06290266855,omid:br/0627039296
oci:062104085009-06201661604,omid:br/062104085009,omid:br/06201661604
oci:062104085056-0660998993,omid:br/062104085056,omid:br/0660998993
oci:062104085045-06140778313,omid:br/062104085045,omid:br/06140778313
oci:06290266830-061902663106,omid:br/06290266830,omid:br/061902663106
oci:06290266830-06140777805,omid:br/06290266830,omid:br/06140777805
oci:062604119941-0611085940,omid:br/062604119941,omid:br/0611085940
oci:062604119941-061203751850,omid:br/062604119941,omid:br/061203751850
oci:062604119973-06201661720,omid:br/062604119973,omid:br/06201661720
oci:062604119973-06501674192,omid:br/062604119973,omid:br/06501674192
oci:061904092025-06120932020,omid:br/061904092025,omid:br/06120932020
oci:061904091849-06801659561,omid:br/061904091849,omid:br/06801659561
oci:061904091849-062402648098,omid:br/061904091849,omid:br/062402648098
oci:062604119945-0660999421,omid:br/062604119945,omid:br/0660999421
oci:062604119945-06190943465,omid:br/062604119945,omid:br/06190943465
oci:062604119945-061102671899,omid:br/062604119945,omid:br/061102671899
oci:061904091956-06250219492,omid:br/061904091956,omid:br/06250219492
oci:061904091956-0660998853,omid:br/061904091956,omid:br/0660998853
oci:062604119985-0625077298,omid:br/062604119985,omid:br/0625077298
oci:062604119985-06703892178,omid:br/062604119985,omid:br/06703892178
oci:062604119999-062403116419,omid:br/062604119999,omid:br/062403116419
oci:062604119934-0637060328,omid:br/062604119934,omid:br/0637060328
oci:062604119995-062303488697,omid:br/062604119995,omid:br/062303488697
oci:06290266848-06140777828,omid:br/06290266848,omid:br/06140777828
oci:062604119926-06140777936,omid:br/062604119926,omid:br/06140777936
oci:061904091986-062503642366,omid:br/061904091986,omid:br/062503642366
oci:061904091987-0660999588,omid:br/061904091987,omid:br/0660999588
oci:061904091987-0660947203,omid:br/061904091987,omid:br/0660947203
oci:061904091984-06803902907,omid:br/061904091984,omid:br/06803902907
oci:061904091984-06303914382,omid:br/061904091984,omid:br/06303914382
oci:06290266849-06502519249,omid:br/06290266849,omid:br/06502519249
oci:062504104139-062101646885,omid:br/062504104139,omid:br/062101646885
oci:062504104171-06901116804,omid:br/062504104171,omid:br/06901116804
oci:062504104171-061401033678,omid:br/062504104171,omid:br/061401033678
oci:062504104171-061401033714,omid:br/062504104171,omid:br/061401033714
oci:061904091952-0604844634,omid:br/061904091952,omid:br/0604844634
oci:061904091952-062403116238,omid:br/061904091952,omid:br/062403116238
oci:061904091952-06101061870,omid:br/061904091952,omid:br/06101061870
oci:062504104137-06403907415,omid:br/062504104137,omid:br/06403907415
oci:062504104137-06110292037,omid:br/062504104137,omid:br/06110292037
oci:062504104137-06150857814,omid:br/062504104137,omid:br/06150857814
oci:061904091815-06403097812,omid:br/061904091815,omid:br/06403097812
oci:062604119922-06450279854,omid:br/062604119922,omid:br/06450279854
oci:061904091826-06203728977,omid:br/061904091826,omid:br/06203728977
oci:062504104102-06190398124,omid:br/062504104102,omid:br/06190398124
oci:06290266838-06260792587,omid:br/06290266838,omid:br/06260792587
oci:061904091824-06250679302,omid:br/061904091824,omid:br/06250679302
oci:06290266806-0604244714,omid:br/06290266806,omid:br/0604244714
oci:06290266806-061202653206,omid:br/06290266806,omid:br/061202653206
oci:06270277005-06703892183,omid:br/06270277005,omid:br/06703892183
oci:06270277005-061902060502,omid:br/06270277005,omid:br/061902060502
oci:062504104104-06230517522,omid:br/062504104104,omid:br/06230517522
oci:06290266878-06901390492,omid:br/06290266878,omid:br/06901390492
oci:06290266878-061301421840,omid:br/06290266878,omid:br/061301421840
oci:06290266878-061201444818,omid:br/06290266878,omid:br/061201444818
oci:062604119912-0660999325,omid:br/062604119912,omid:br/0660999325
oci:06290266845-06170284288,omid:br/06290266845,omid:br/06170284288
oci:062604119929-06101061291,omid:br/062604119929,omid:br/06101061291
oci:06280278296-06501090429,omid:br/06280278296,omid:br/06501090429
oci:06280278296-06403500446,omid:br/06280278296,omid:br/06403500446
oci:061904091833-06130480601,omid:br/061904091833,omid:br/06130480601
oci:06270276952-06180526800,omid:br/06270276952,omid:br/06180526800
oci:062504104160-06450297281,omid:br/062504104160,omid:br/06450297281
oci:06270276932-06202440285,omid:br/06270276932,omid:br/06202440285
oci:06270276934-06150755580,omid:br/06270276934,omid:br/06150755580
oci:062504104130-06202775567,omid:br/062504104130,omid:br/06202775567
oci:062504104130-06210872496,omid:br/062504104130,omid:br/06210872496
oci:062504104130-06303077880,omid:br/062504104130,omid:br/06303077880
oci:062504104130-06203744710,omid:br/062504104130,omid:br/06203744710
oci:062504104130-06240589494,omid:br/062504104130,omid:br/06240589494
oci:062504104130-06210476288,omid:br/062504104130,omid:br/06210476288
oci:061904091808-062103322706,omid:br/061904091808,omid:br/062103322706
oci:061904091808-06201329644,omid:br/061904091808,omid:br/06201329644
oci:061904091808-06201329471,omid:br/061904091808,omid:br/06201329471
oci:061904091808-061902663008,omid:br/061904091808,omid:br/061902663008
oci:06270276992-062602088166,omid:br/06270276992,omid:br/062602088166
oci:06270276992-06170522189,omid:br/06270276992,omid:br/06170522189
oci:06270276956-061902060186,omid:br/06270276956,omid:br/061902060186
oci:062604120001-06202424861,omid:br/062604120001,omid:br/06202424861
oci:06280278343-062203511632,omid:br/06280278343,omid:br/062203511632
oci:06280278359-06110481386,omid:br/06280278359,omid:br/06110481386
oci:062304097653-061801653599,omid:br/062304097653,omid:br/061801653599
oci:06320256528-06301093329,omid:br/06320256528,omid:br/06301093329
oci:06320256528-06301092631,omid:br/06320256528,omid:br/06301092631
oci:0604675434-06602516469,omid:br/0604675434,omid:br/06602516469
oci:0604675484-06520288249,omid:br/0604675484,omid:br/06520288249
oci:0604675484-062102049848,omid:br/0604675484,omid:br/062102049848
oci:0604675457-06160629734,omid:br/0604675457,omid:br/06160629734
oci:06320256448-06803248905,omid:br/06320256448,omid:br/06803248905
oci:06320256178-062403116327,omid:br/06320256178,omid:br/062403116327
oci:06320256474-0680947714,omid:br/06320256474,omid:br/0680947714
oci:06320256517-061703300880,omid:br/06320256517,omid:br/061703300880
oci:0604675464-062401022303,omid:br/0604675464,omid:br/062401022303
oci:06320256496-06180533054,omid:br/06320256496,omid:br/06180533054
oci:06320256496-06180532662,omid:br/06320256496,omid:br/06180532662
oci:06310262905-06140871503,omid:br/06310262905,omid:br/06140871503
oci:062304097618-062602755037,omid:br/062304097618,omid:br/062602755037
oci:06320256525-062502181647,omid:br/06320256525,omid:br/062502181647
oci:06320256449-062202195362,omid:br/06320256449,omid:br/062202195362
oci:06320256449-06160619911,omid:br/06320256449,omid:br/06160619911
oci:06320256449-0610124123,omid:br/06320256449,omid:br/0610124123
oci:06320256449-061601662073,omid:br/06320256449,omid:br/061601662073
oci:06320256449-062401636814,omid:br/06320256449,omid:br/062401636814
oci:06320256449-061801649068,omid:br/06320256449,omid:br/061801649068
oci:06320256449-061302827791,omid:br/06320256449,omid:br/061302827791
oci:06320256449-0650443494,omid:br/06320256449,omid:br/0650443494
oci:06320256527-061102671903,omid:br/06320256527,omid:br/061102671903
oci:06320256527-062403116358,omid:br/06320256527,omid:br/062403116358
oci:06320256527-06602516556,omid:br/06320256527,omid:br/06602516556
oci:062304097615-06250679448,omid:br/062304097615,omid:br/06250679448
oci:062304097615-0604844614,omid:br/062304097615,omid:br/0604844614
oci:062304097602-061402816033,omid:br/062304097602,omid:br/061402816033
oci:062304097602-062201645208,omid:br/062304097602,omid:br/062201645208
oci:062304097602-061602847379,omid:br/062304097602,omid:br/061602847379
oci:062304097602-06902832508,omid:br/062304097602,omid:br/06902832508
oci:062304097602-06110621609,omid:br/062304097602,omid:br/06110621609
oci:062304097602-0690452292,omid:br/062304097602,omid:br/0690452292
oci:062304097602-0680624953,omid:br/062304097602,omid:br/0680624953
oci:062304097602-061503747361,omid:br/062304097602,omid:br/061503747361
oci:062304097602-06503745097,omid:br/062304097602,omid:br/06503745097
oci:062104085387-0670940594,omid:br/062104085387,omid:br/0670940594
oci:062104085387-061402209282,omid:br/062104085387,omid:br/061402209282
oci:06320256221-062501037296,omid:br/06320256221,omid:br/062501037296
oci:06310262942-06401058097,omid:br/06310262942,omid:br/06401058097
oci:06320256230-06140778045,omid:br/06320256230,omid:br/06140778045
oci:06320256230-062403303344,omid:br/06320256230,omid:br/062403303344
oci:061904091748-0604844649,omid:br/061904091748,omid:br/0604844649
oci:06310262891-06101675788,omid:br/06310262891,omid:br/06101675788
oci:06310262891-062301040369,omid:br/06310262891,omid:br/062301040369
oci:06320256218-06801655092,omid:br/06320256218,omid:br/06801655092
oci:06320256218-0604844590,omid:br/06320256218,omid:br/0604844590
oci:06320256497-062503479624,omid:br/06320256497,omid:br/062503479624
oci:06320256497-0660998952,omid:br/06320256497,omid:br/0660998952
oci:06320256497-06190942783,omid:br/06320256497,omid:br/06190942783
oci:06320256497-06160945952,omid:br/06320256497,omid:br/06160945952
oci:06320256473-061202653510,omid:br/06320256473,omid:br/061202653510
oci:06320256473-061202653977,omid:br/06320256473,omid:br/061202653977
oci:06320256473-0660999066,omid:br/06320256473,omid:br/0660999066
oci:06310262893-062301040369,omid:br/06310262893,omid:br/062301040369
oci:0604675499-0604844589,omid:br/0604675499,omid:br/0604844589
oci:061904091669-06140777951,omid:br/061904091669,omid:br/06140777951
oci:062304097679-06801093762,omid:br/062304097679,omid:br/06801093762
oci:0604675410-06240219308,omid:br/0604675410,omid:br/06240219308
oci:0604675410-06602516378,omid:br/0604675410,omid:br/06602516378
oci:062104085339-061202653510,omid:br/062104085339,omid:br/061202653510
oci:062304097641-06303917093,omid:br/062304097641,omid:br/06303917093
oci:06310262870-06401057947,omid:br/06310262870,omid:br/06401057947
oci:06310262870-06701652391,omid:br/06310262870,omid:br/06701652391
oci:06310262870-06501059573,omid:br/06310262870,omid:br/06501059573
oci:06310262870-06110941895,omid:br/06310262870,omid:br/06110941895
oci:06310262870-06190943629,omid:br/06310262870,omid:br/06190943629
oci:06310262870-06603740055,omid:br/06310262870,omid:br/06603740055
oci:06310262870-06180934797,omid:br/06310262870,omid:br/06180934797
oci:062304097593-062502644394,omid:br/062304097593,omid:br/062502644394
oci:062304097593-061901657566,omid:br/062304097593,omid:br/061901657566
oci:0604675475-061901228410,omid:br/0604675475,omid:br/061901228410
oci:061904091743-062101038401,omid:br/061904091743,omid:br/062101038401
oci:06310262967-0630352301,omid:br/06310262967,omid:br/0630352301
oci:06310262940-0604844659,omid:br/06310262940,omid:br/0604844659
oci:06320256531-062403116463,omid:br/06320256531,omid:br/062403116463
oci:06320256531-06301326025,omid:br/06320256531,omid:br/06301326025
oci:0604675486-0670989827,omid:br/0604675486,omid:br/0670989827
oci:061904091724-06502519145,omid:br/061904091724,omid:br/06502519145
oci:0604675423-062403116497,omid:br/0604675423,omid:br/062403116497
oci:062104085364-06140777805,omid:br/062104085364,omid:br/06140777805
oci:062104085364-06120611090,omid:br/062104085364,omid:br/06120611090
oci:06310262883-06240219144,omid:br/06310262883,omid:br/06240219144
oci:061904091655-0604844641,omid:br/061904091655,omid:br/0604844641
oci:06310262924-06301325760,omid:br/06310262924,omid:br/06301325760
oci:06310262907-06603722742,omid:br/06310262907,omid:br/06603722742
oci:06310262907-061703505284,omid:br/06310262907,omid:br/061703505284
oci:06310262907-061103504795,omid:br/06310262907,omid:br/061103504795
oci:061904091725-0604844642,omid:br/061904091725,omid:br/0604844642
oci:061904091725-0604844643,omid:br/061904091725,omid:br/0604844643
oci:061904091725-061701302148,omid:br/061904091725,omid:br/061701302148
oci:061904091725-061601306282,omid:br/061904091725,omid:br/061601306282
oci:061904091725-062501379234,omid:br/061904091725,omid:br/062501379234
oci:062104085386-06501059655,omid:br/062104085386,omid:br/06501059655
oci:0604675493-06203911407,omid:br/0604675493,omid:br/06203911407
oci:0604675493-062602876355,omid:br/0604675493,omid:br/062602876355
oci:0604675493-06520288249,omid:br/0604675493,omid:br/06520288249
oci:061904091740-062101293041,omid:br/061904091740,omid:br/062101293041
oci:061904091740-061701301716,omid:br/061904091740,omid:br/061701301716
oci:061904091740-0604844644,omid:br/061904091740,omid:br/0604844644
oci:0604675482-062202650627,omid:br/0604675482,omid:br/062202650627
oci:0604675482-06601053925,omid:br/0604675482,omid:br/06601053925
oci:06310262968-06401336816,omid:br/06310262968,omid:br/06401336816
oci:06310262968-06201328750,omid:br/06310262968,omid:br/06201328750
oci:0604675474-06603739485,omid:br/0604675474,omid:br/06603739485
oci:0604675474-062202651326,omid:br/0604675474,omid:br/062202651326
oci:062104085365-0660999457,omid:br/062104085365,omid:br/0660999457
oci:062104085341-0660999450,omid:br/062104085341,omid:br/0660999450
oci:062104085341-061603507887,omid:br/062104085341,omid:br/061603507887
oci:06320256521-06301325523,omid:br/06320256521,omid:br/06301325523
oci:06320256521-06301326025,omid:br/06320256521,omid:br/06301326025
oci:06320256521-0604844664,omid:br/06320256521,omid:br/0604844664
oci:06320256521-0637060789,omid:br/06320256521,omid:br/0637060789
oci:06320256435-06401058632,omid:br/06320256435,omid:br/06401058632
oci:06310262933-06803725604,omid:br/06310262933,omid:br/06803725604
oci:06310262933-062603338542,omid:br/06310262933,omid:br/062603338542
oci:06310262933-062602609025,omid:br/06310262933,omid:br/062602609025
oci:06310262896-062601561697,omid:br/06310262896,omid:br/062601561697
oci:06320256470-061303955301,omid:br/06320256470,omid:br/061303955301
oci:06320256470-0604676611,omid:br/06320256470,omid:br/0604676611
oci:06320256470-061202653690,omid:br/06320256470,omid:br/061202653690
oci:06320256470-0660999147,omid:br/06320256470,omid:br/0660999147
oci:06320256500-06201329471,omid:br/06320256500,omid:br/06201329471
oci:06320256500-06401336366,omid:br/06320256500,omid:br/06401336366
oci:06320256500-06301325761,omid:br/06320256500,omid:br/06301325761
oci:06310262884-06301093122,omid:br/06310262884,omid:br/06301093122
oci:06310262884-06301325680,omid:br/06310262884,omid:br/06301325680
oci:06310262884-0660999714,omid:br/06310262884,omid:br/0660999714
oci:06310262847-062101649495,omid:br/06310262847,omid:br/062101649495
oci:06310262920-06301325358,omid:br/06310262920,omid:br/06301325358
oci:06310262899-06160441055,omid:br/06310262899,omid:br/06160441055
oci:06310262899-06303914376,omid:br/06310262899,omid:br/06303914376
oci:06310262899-06250219570,omid:br/06310262899,omid:br/06250219570
oci:06310262899-06240218681,omid:br/06310262899,omid:br/06240218681
oci:06310262899-06502519855,omid:br/06310262899,omid:br/06502519855
oci:06310262898-06601664026,omid:br/06310262898,omid:br/06601664026
oci:06310262898-0627039509,omid:br/06310262898,omid:br/0627039509
oci:06310262898-061501051446,omid:br/06310262898,omid:br/061501051446
oci:06310262898-0670989651,omid:br/06310262898,omid:br/0670989651
oci:06310262898-06502519740,omid:br/06310262898,omid:br/06502519740
oci:06310262898-0660999601,omid:br/06310262898,omid:br/0660999601
oci:062304097677-06601053817,omid:br/062304097677,omid:br/06601053817
oci:06310262927-06180935304,omid:br/06310262927,omid:br/06180935304
oci:06310262927-0660999519,omid:br/06310262927,omid:br/0660999519
oci:061904091659-0604844646,omid:br/061904091659,omid:br/0604844646
oci:061904091659-0604844647,omid:br/061904091659,omid:br/0604844647
oci:061904091659-0604844648,omid:br/061904091659,omid:br/0604844648
oci:061904091659-06301768315,omid:br/061904091659,omid:br/06301768315
oci:06320256446-06301325680,omid:br/06320256446,omid:br/06301325680
oci:06320256446-06201329644,omid:br/06320256446,omid:br/06201329644
oci:062204087838-06101061291,omid:br/062204087838,omid:br/06101061291
oci:062204087858-061902662745,omid:br/062204087858,omid:br/061902662745
oci:062204087861-062102651435,omid:br/062204087861,omid:br/062102651435
oci:062204087861-062101388335,omid:br/062204087861,omid:br/062101388335
oci:062204087861-06520288225,omid:br/062204087861,omid:br/06520288225
oci:062304097659-06502518955,omid:br/062304097659,omid:br/06502518955
oci:062304097617-06601662283,omid:br/062304097617,omid:br/06601662283
oci:062204087836-0630609288,omid:br/062204087836,omid:br/0630609288
oci:062204087836-062303488665,omid:br/062204087836,omid:br/062303488665
oci:062204087836-061402829449,omid:br/062204087836,omid:br/061402829449
oci:062304097626-061802648913,omid:br/062304097626,omid:br/061802648913
oci:06310262822-061801372990,omid:br/06310262822,omid:br/061801372990
oci:062104085357-06140778137,omid:br/062104085357,omid:br/06140778137
oci:062104085357-06401612865,omid:br/062104085357,omid:br/06401612865
oci:062104085357-061701664308,omid:br/062104085357,omid:br/061701664308
oci:062304097600-06190942927,omid:br/062304097600,omid:br/06190942927
oci:062304097600-061302648730,omid:br/062304097600,omid:br/061302648730
oci:06310262771-061501051376,omid:br/06310262771,omid:br/061501051376
oci:0604675439-061801037552,omid:br/0604675439,omid:br/061801037552
oci:0604675439-0660999716,omid:br/0604675439,omid:br/0660999716
oci:0604675479-062102651621,omid:br/0604675479,omid:br/062102651621
oci:0604675479-061601983415,omid:br/0604675479,omid:br/061601983415
oci:0604675479-061303296386,omid:br/0604675479,omid:br/061303296386
oci:061904091672-061803653823,omid:br/061904091672,omid:br/061803653823
oci:062404103343-06130935878,omid:br/062404103343,omid:br/06130935878
oci:062404103343-06240218603,omid:br/062404103343,omid:br/06240218603
oci:062204087862-06230677315,omid:br/062204087862,omid:br/06230677315
oci:062204087862-06470227232,omid:br/062204087862,omid:br/06470227232
oci:062204087801-06601623409,omid:br/062204087801,omid:br/06601623409
oci:062404103305-061802647856,omid:br/062404103305,omid:br/061802647856
oci:062404103272-06501003460,omid:br/062404103272,omid:br/06501003460
oci:062204087819-061503499934,omid:br/062204087819,omid:br/061503499934
oci:062204087819-061503498194,omid:br/062204087819,omid:br/061503498194
oci:062204087819-062503479173,omid:br/062204087819,omid:br/062503479173
oci:062204087819-06703892814,omid:br/062204087819,omid:br/06703892814
oci:062204087819-06303917093,omid:br/062204087819,omid:br/06303917093
oci:062204087819-06502519769,omid:br/062204087819,omid:br/06502519769
oci:06310262813-06140778086,omid:br/06310262813,omid:br/06140778086
oci:062304097632-06401058050,omid:br/062304097632,omid:br/06401058050
oci:062404103340-06303914382,omid:br/062404103340,omid:br/06303914382
oci:06310262800-06502518977,omid:br/06310262800,omid:br/06502518977
oci:06310262800-06140778077,omid:br/06310262800,omid:br/06140778077
oci:062104085333-06602516685,omid:br/062104085333,omid:br/06602516685
oci:06310262842-061302648730,omid:br/06310262842,omid:br/061302648730
oci:06310262867-06703892814,omid:br/06310262867,omid:br/06703892814
oci:062104085369-06250218926,omid:br/062104085369,omid:br/06250218926
oci:06310262830-06501059655,omid:br/06310262830,omid:br/06501059655
oci:062104085350-06701044130,omid:br/062104085350,omid:br/06701044130
oci:062104085305-061403481031,omid:br/062104085305,omid:br/061403481031
oci:061904091742-06602516793,omid:br/061904091742,omid:br/06602516793
oci:062404103320-0604844657,omid:br/062404103320,omid:br/0604844657
oci:062404103320-0604844658,omid:br/062404103320,omid:br/0604844658
oci:062204087879-061101421102,omid:br/062204087879,omid:br/061101421102
oci:062404103275-061601306375,omid:br/062404103275,omid:br/061601306375
oci:062404103363-06602516308,omid:br/062404103363,omid:br/06602516308
oci:062404103363-062403116169,omid:br/062404103363,omid:br/062403116169
oci:061904091675-06602516410,omid:br/061904091675,omid:br/06602516410
oci:062104085318-06501671451,omid:br/062104085318,omid:br/06501671451
oci:062404103359-06502519249,omid:br/062404103359,omid:br/06502519249
oci:062104085304-06601664026,omid:br/062104085304,omid:br/06601664026
oci:062404103297-06140777957,omid:br/062404103297,omid:br/06140777957
oci:062404103297-06180600933,omid:br/062404103297,omid:br/06180600933
oci:062404103297-06180600629,omid:br/062404103297,omid:br/06180600629
oci:062404103280-06801545174,omid:br/062404103280,omid:br/06801545174
oci:062404103280-06260701236,omid:br/062404103280,omid:br/06260701236
oci:06504618456-062302654464,omid:br/06504618456,omid:br/062302654464
oci:06320256318-06140777887,omid:br/06320256318,omid:br/06140777887
oci:062604120405-062403116197,omid:br/062604120405,omid:br/062403116197
oci:062604120405-06502519526,omid:br/062604120405,omid:br/06502519526
oci:062604120405-062202651431,omid:br/062604120405,omid:br/062202651431
oci:062604120405-061901047901,omid:br/062604120405,omid:br/061901047901
oci:062604120405-062101038798,omid:br/062604120405,omid:br/062101038798
oci:06320256276-062301040016,omid:br/06320256276,omid:br/062301040016
oci:06320256276-061102671903,omid:br/06320256276,omid:br/061102671903
oci:062204087905-0680947413,omid:br/062204087905,omid:br/0680947413
oci:06270276676-06240218884,omid:br/06270276676,omid:br/06240218884
oci:06310263439-06140778196,omid:br/06310263439,omid:br/06140778196
oci:06310263439-06250219599,omid:br/06310263439,omid:br/06250219599
oci:06504618523-062301649263,omid:br/06504618523,omid:br/062301649263
oci:062204087927-06190943251,omid:br/062204087927,omid:br/06190943251
oci:062604120406-062403116445,omid:br/062604120406,omid:br/062403116445
oci:06310263389-061902663155,omid:br/06310263389,omid:br/061902663155
oci:06310263389-061901048175,omid:br/06310263389,omid:br/061901048175
oci:062204087912-06140777929,omid:br/062204087912,omid:br/06140777929
oci:062204087912-061501177670,omid:br/062204087912,omid:br/061501177670
oci:062204087912-06210496350,omid:br/062204087912,omid:br/06210496350
oci:06320256243-062403116467,omid:br/06320256243,omid:br/062403116467
oci:06310263461-062203486929,omid:br/06310263461,omid:br/062203486929
oci:06310263399-061503498255,omid:br/06310263399,omid:br/061503498255
oci:062204087971-061201694246,omid:br/062204087971,omid:br/061201694246
oci:062204087942-0604844591,omid:br/062204087942,omid:br/0604844591
oci:062204087942-061502236232,omid:br/062204087942,omid:br/061502236232
oci:062204087956-06203911184,omid:br/062204087956,omid:br/06203911184
oci:062204087956-0670940423,omid:br/062204087956,omid:br/0670940423
oci:062204087956-06250219199,omid:br/062204087956,omid:br/06250219199
oci:062204087962-061703300880,omid:br/062204087962,omid:br/061703300880
oci:06504618501-06803068017,omid:br/06504618501,omid:br/06803068017
oci:06320256285-0604844595,omid:br/06320256285,omid:br/0604844595
oci:06504618519-06201662643,omid:br/06504618519,omid:br/06201662643
oci:06504618514-061401518046,omid:br/06504618514,omid:br/061401518046
oci:06310263374-062503479624,omid:br/06310263374,omid:br/062503479624
oci:06310263374-061301532312,omid:br/06310263374,omid:br/061301532312
oci:06310263374-061403295838,omid:br/06310263374,omid:br/061403295838
oci:06310263374-06603913148,omid:br/06310263374,omid:br/06603913148
oci:06310263216-06190943621,omid:br/06310263216,omid:br/06190943621
oci:06320256257-062403116505,omid:br/06320256257,omid:br/062403116505
oci:06320256257-0670990108,omid:br/06320256257,omid:br/0670990108
oci:06320256257-0660999066,omid:br/06320256257,omid:br/0660999066
oci:06320256257-0660998941,omid:br/06320256257,omid:br/0660998941
oci:062604120417-06150620378,omid:br/062604120417,omid:br/06150620378
oci:06504618531-062202651244,omid:br/06504618531,omid:br/062202651244
oci:06504618454-06103088336,omid:br/06504618454,omid:br/06103088336
oci:062204087940-06201756445,omid:br/062204087940,omid:br/06201756445
oci:062204087946-061202654087,omid:br/062204087946,omid:br/061202654087
oci:062204087946-061402209670,omid:br/062204087946,omid:br/061402209670
oci:062204087946-061502235712,omid:br/062204087946,omid:br/061502235712
oci:06310263380-06240218891,omid:br/06310263380,omid:br/06240218891
oci:06270276695-06301753796,omid:br/06270276695,omid:br/06301753796
oci:06270276695-0680624946,omid:br/06270276695,omid:br/0680624946
oci:06270276695-06401767800,omid:br/06270276695,omid:br/06401767800
oci:062204087910-062403303726,omid:br/062204087910,omid:br/062403303726
oci:06270276665-061402044138,omid:br/06270276665,omid:br/061402044138
oci:06310263409-06260736933,omid:br/06310263409,omid:br/06260736933
oci:06310263409-06520231955,omid:br/06310263409,omid:br/06520231955
oci:06310263409-06510241222,omid:br/06310263409,omid:br/06510241222
oci:06290267095-06903520555,omid:br/06290267095,omid:br/06903520555
oci:06270276686-06120595370,omid:br/06270276686,omid:br/06120595370
oci:062204087945-06150946727,omid:br/062204087945,omid:br/06150946727
oci:06320256234-062403116443,omid:br/06320256234,omid:br/062403116443
oci:06310263401-062403116442,omid:br/06310263401,omid:br/062403116442
oci:06290267116-06303735086,omid:br/06290267116,omid:br/06303735086
oci:062204087970-0670989586,omid:br/062204087970,omid:br/0670989586
oci:06270276656-06101831572,omid:br/06270276656,omid:br/06101831572
oci:06270276656-06130611258,omid:br/06270276656,omid:br/06130611258
oci:06270276656-06380332655,omid:br/06270276656,omid:br/06380332655
oci:06320256295-06190607589,omid:br/06320256295,omid:br/06190607589
oci:06320256295-061601064589,omid:br/06320256295,omid:br/061601064589
oci:06320256295-06701652546,omid:br/06320256295,omid:br/06701652546
oci:06320256295-06250671092,omid:br/06320256295,omid:br/06250671092
oci:06320256295-06303743006,omid:br/06320256295,omid:br/06303743006
oci:06320256315-061102408273,omid:br/06320256315,omid:br/061102408273
oci:06290267145-061904072823,omid:br/06290267145,omid:br/061904072823
oci:06320256262-06110941887,omid:br/06320256262,omid:br/06110941887
oci:06320256265-06104129148,omid:br/06320256265,omid:br/06104129148
oci:06320256265-06150946711,omid:br/06320256265,omid:br/06150946711
oci:06290267138-061101545123,omid:br/06290267138,omid:br/061101545123
oci:06290267136-061904072822,omid:br/06290267136,omid:br/061904072822
oci:06290267183-06904222836,omid:br/06290267183,omid:br/06904222836
oci:06320256304-06110858521,omid:br/06320256304,omid:br/06110858521
oci:06504618464-06502519941,omid:br/06504618464,omid:br/06502519941
oci:06504618443-062603516236,omid:br/06504618443,omid:br/062603516236
oci:06320256283-06250219119,omid:br/06320256283,omid:br/06250219119
oci:062204087907-06140936258,omid:br/062204087907,omid:br/06140936258
oci:06320256314-062201616424,omid:br/06320256314,omid:br/062201616424
oci:06320256314-061301198583,omid:br/06320256314,omid:br/061301198583
oci:06320256314-06240219291,omid:br/06320256314,omid:br/06240219291
oci:06320256314-06250218995,omid:br/06320256314,omid:br/06250218995
oci:06320256314-06502519317,omid:br/06320256314,omid:br/06502519317
oci:06310263192-0660998854,omid:br/06310263192,omid:br/0660998854
oci:06310263268-061601662072,omid:br/06310263268,omid:br/061601662072
oci:06290267156-062403304357,omid:br/06290267156,omid:br/062403304357
oci:06310263177-061203312729,omid:br/06310263177,omid:br/061203312729
oci:06310263177-06301754302,omid:br/06310263177,omid:br/06301754302
oci:06310263173-06502519090,omid:br/06310263173,omid:br/06502519090
oci:06320256236-062402844286,omid:br/06320256236,omid:br/062402844286
oci:06310263464-06250219390,omid:br/06310263464,omid:br/06250219390
oci:06310263464-06403918948,omid:br/06310263464,omid:br/06403918948
oci:06320256272-061304063164,omid:br/06320256272,omid:br/061304063164
oci:06320256238-061304063163,omid:br/06320256238,omid:br/061304063163
oci:06310263257-062403303574,omid:br/06310263257,omid:br/062403303574
oci:062604119739-06110130181,omid:br/062604119739,omid:br/06110130181
oci:06320256264-06303743006,omid:br/06320256264,omid:br/06303743006
oci:06310263181-06250219277,omid:br/06310263181,omid:br/06250219277
oci:06310263213-0604844596,omid:br/06310263213,omid:br/0604844596
oci:06320256248-06140778281,omid:br/06320256248,omid:br/06140778281
oci:06504618451-06501634415,omid:br/06504618451,omid:br/06501634415
oci:06504618451-061302228955,omid:br/06504618451,omid:br/061302228955
oci:062604119760-061802648812,omid:br/062604119760,omid:br/061802648812
oci:062604119764-061101868344,omid:br/062604119764,omid:br/061101868344
oci:06310263465-06502519072,omid:br/06310263465,omid:br/06502519072
oci:06310263465-06140778314,omid:br/06310263465,omid:br/06140778314
oci:06504618463-06190869495,omid:br/06504618463,omid:br/06190869495
oci:06504618463-06803068523,omid:br/06504618463,omid:br/06803068523
oci:06310263428-061703958221,omid:br/06310263428,omid:br/061703958221
oci:06310263428-06140613292,omid:br/06310263428,omid:br/06140613292
oci:06310263209-061901228410,omid:br/06310263209,omid:br/061901228410
oci:062604119782-062102651985,omid:br/062604119782,omid:br/062102651985
oci:06504618511-06901214915,omid:br/06504618511,omid:br/06901214915
oci:062604119743-06602516674,omid:br/062604119743,omid:br/06602516674
oci:06280277663-062102651913,omid:br/06280277663,omid:br/062102651913
oci:06310263266-061201195820,omid:br/06310263266,omid:br/061201195820
oci:06280277867-061801037631,omid:br/06280277867,omid:br/061801037631
oci:06280277628-06803068467,omid:br/06280277628,omid:br/06803068467
oci:062604119774-061202653589,omid:br/062604119774,omid:br/061202653589
oci:06504618489-06140487980,omid:br/06504618489,omid:br/06140487980
oci:06504618489-06220939927,omid:br/06504618489,omid:br/06220939927
oci:06320256271-06503924508,omid:br/06320256271,omid:br/06503924508
oci:06310263455-06902678600,omid:br/06310263455,omid:br/06902678600
oci:06504618496-06502519809,omid:br/06504618496,omid:br/06502519809
oci:06504618496-0670989621,omid:br/06504618496,omid:br/0670989621
oci:06280277626-062403116413,omid:br/06280277626,omid:br/062403116413
oci:06280277626-06502519640,omid:br/06280277626,omid:br/06502519640
oci:06280277627-061302648730,omid:br/06280277627,omid:br/061302648730
oci:06280277627-0670989824,omid:br/06280277627,omid:br/0670989824
oci:06280277627-06602516296,omid:br/06280277627,omid:br/06602516296
oci:06320256233-061304063162,omid:br/06320256233,omid:br/061304063162
oci:06320256233-062403116211,omid:br/06320256233,omid:br/062403116211
oci:06310263386-06602516426,omid:br/06310263386,omid:br/06602516426
oci:06280277576-061202653884,omid:br/06280277576,omid:br/061202653884
oci:062604119714-0660999366,omid:br/062604119714,omid:br/0660999366
oci:06280277819-062502049287,omid:br/06280277819,omid:br/062502049287
oci:062604119722-0670989634,omid:br/062604119722,omid:br/0670989634
oci:062604119722-06150620726,omid:br/062604119722,omid:br/06150620726
oci:062604119722-06602516339,omid:br/062604119722,omid:br/06602516339
oci:062604119722-062304168248,omid:br/062604119722,omid:br/062304168248
oci:062604119722-06501766138,omid:br/062604119722,omid:br/06501766138
oci:062604119722-06503924372,omid:br/062604119722,omid:br/06503924372
oci:06280277606-062603346743,omid:br/06280277606,omid:br/062603346743
oci:06280277606-062601064801,omid:br/06280277606,omid:br/062601064801
oci:06280277835-06602516389,omid:br/06280277835,omid:br/06602516389
oci:06280277830-061903503467,omid:br/06280277830,omid:br/061903503467
oci:06290267132-062502645971,omid:br/06290267132,omid:br/062502645971
oci:06504618498-061302228929,omid:br/06504618498,omid:br/061302228929
oci:06504618498-061104074893,omid:br/06504618498,omid:br/061104074893
oci:06504618498-061104074512,omid:br/06504618498,omid:br/061104074512
oci:06280277615-06303922551,omid:br/06280277615,omid:br/06303922551
oci:06280277614-061601306274,omid:br/06280277614,omid:br/061601306274
oci:06310263233-0670940622,omid:br/06310263233,omid:br/0670940622
oci:062604119761-06502519004,omid:br/062604119761,omid:br/06502519004
oci:06280277854-06290302839,omid:br/06280277854,omid:br/06290302839
oci:06280277594-061901228410,omid:br/06280277594,omid:br/061901228410
oci:06280277581-0680624346,omid:br/06280277581,omid:br/0680624346
oci:06280277581-06502519683,omid:br/06280277581,omid:br/06502519683
oci:06280277662-06140777785,omid:br/06280277662,omid:br/06140777785
oci:06280277871-06210416359,omid:br/06280277871,omid:br/06210416359
oci:06280277639-0680947413,omid:br/06280277639,omid:br/0680947413
oci:062604119749-06502415977,omid:br/062604119749,omid:br/06502415977
oci:06280277600-062101292630,omid:br/06280277600,omid:br/062101292630
oci:06280277645-061703506460,omid:br/06280277645,omid:br/061703506460
oci:06280277645-062203486929,omid:br/06280277645,omid:br/062203486929
oci:062604119730-062302249054,omid:br/062604119730,omid:br/062302249054
oci:062604119730-0640622567,omid:br/062604119730,omid:br/0640622567
oci:062604119730-06603913051,omid:br/062604119730,omid:br/06603913051
oci:062604119730-062302055127,omid:br/062604119730,omid:br/062302055127
oci:062604119711-06501003384,omid:br/062604119711,omid:br/06501003384
oci:062604119711-06501003460,omid:br/062604119711,omid:br/06501003460
oci:062604119711-06140777785,omid:br/062604119711,omid:br/06140777785
oci:062204087904-062403116497,omid:br/062204087904,omid:br/062403116497
oci:062204087904-062401022490,omid:br/062204087904,omid:br/062401022490
oci:062604119742-0650952846,omid:br/062604119742,omid:br/0650952846
oci:06280277864-06501218062,omid:br/06280277864,omid:br/06501218062
oci:062604119772-0680624946,omid:br/062604119772,omid:br/0680624946
oci:062604119772-06603915299,omid:br/062604119772,omid:br/06603915299
oci:062204087963-062301040016,omid:br/062204087963,omid:br/062301040016
oci:062604119759-062201649551,omid:br/062604119759,omid:br/062201649551
oci:06280277794-06160946298,omid:br/06280277794,omid:br/06160946298
oci:062204087938-06140777774,omid:br/062204087938,omid:br/06140777774
oci:062204087901-06140777830,omid:br/062204087901,omid:br/06140777830
oci:062204087901-06501100087,omid:br/062204087901,omid:br/06501100087
oci:062204087932-06120931896,omid:br/062204087932,omid:br/06120931896
oci:062204087932-06103088883,omid:br/062204087932,omid:br/06103088883
oci:062604119766-062203310152,omid:br/062604119766,omid:br/062203310152
oci:06280277869-061703300880,omid:br/06280277869,omid:br/061703300880
oci:06280277869-06101061338,omid:br/06280277869,omid:br/06101061338
oci:06280277869-062102651913,omid:br/06280277869,omid:br/062102651913
oci:062604119781-0660539581,omid:br/062604119781,omid:br/0660539581
oci:06290267111-0604844593,omid:br/06290267111,omid:br/0604844593
oci:06280277580-0643061146,omid:br/06280277580,omid:br/0643061146
oci:062604119741-0604844592,omid:br/062604119741,omid:br/0604844592
oci:062604119777-061601662072,omid:br/062604119777,omid:br/061601662072
oci:06280277588-06704540193,omid:br/06280277588,omid:br/06704540193
oci:06280277588-0643061146,omid:br/06280277588,omid:br/0643061146
oci:06290267181-061402209554,omid:br/06290267181,omid:br/061402209554
oci:062604119755-061802648585,omid:br/062604119755,omid:br/061802648585
oci:06290267178-06140778281,omid:br/06290267178,omid:br/06140778281
oci:06290267178-06140777979,omid:br/06290267178,omid:br/06140777979
oci:06290267178-06140777907,omid:br/06290267178,omid:br/06140777907
oci:06290267142-0635057675,omid:br/06290267142,omid:br/0635057675
oci:06290267142-062101038798,omid:br/06290267142,omid:br/062101038798
oci:06280277609-06401671320,omid:br/06280277609,omid:br/06401671320
oci:06280277609-06240219037,omid:br/06280277609,omid:br/06240219037
oci:06280277609-061402043682,omid:br/06280277609,omid:br/061402043682
oci:06280277607-062101292663,omid:br/06280277607,omid:br/062101292663
oci:06280277607-0604844594,omid:br/06280277607,omid:br/0604844594
oci:06280277631-061102390864,omid:br/06280277631,omid:br/061102390864
oci:06280277632-06401674321,omid:br/06280277632,omid:br/06401674321
oci:06280277635-062603526676,omid:br/06280277635,omid:br/062603526676
oci:06280277635-0630654430,omid:br/06280277635,omid:br/0630654430
oci:06280277635-0620648813,omid:br/06280277635,omid:br/0620648813
oci:06280277604-062403303344,omid:br/06280277604,omid:br/062403303344
oci:06280277604-06501003780,omid:br/06280277604,omid:br/06501003780
oci:062104085134-0604844602,omid:br/062104085134,omid:br/0604844602
oci:062104085161-06260701142,omid:br/062104085161,omid:br/06260701142
oci:062404103958-061101662249,omid:br/062404103958,omid:br/061101662249
oci:062304098059-061701080324,omid:br/062304098059,omid:br/061701080324
oci:062304098059-061201070138,omid:br/062304098059,omid:br/061201070138
oci:062104085147-061301509879,omid:br/062104085147,omid:br/061301509879
oci:062104085148-06250679247,omid:br/062104085148,omid:br/06250679247
oci:062104085148-0604844603,omid:br/062104085148,omid:br/0604844603
oci:06290267073-062202044320,omid:br/06290267073,omid:br/062202044320
oci:06290267073-06803067946,omid:br/06290267073,omid:br/06803067946
oci:06290267073-06303743132,omid:br/06290267073,omid:br/06303743132
oci:062404104157-061903503467,omid:br/062404104157,omid:br/061903503467
oci:06290267027-06250219599,omid:br/06290267027,omid:br/06250219599
oci:06290267027-06901672070,omid:br/06290267027,omid:br/06901672070
oci:06290267027-06250219762,omid:br/06290267027,omid:br/06250219762
oci:062304098010-062202652314,omid:br/062304098010,omid:br/062202652314
oci:062304098010-06601054147,omid:br/062304098010,omid:br/06601054147
oci:06290266996-062603337831,omid:br/06290266996,omid:br/062603337831
oci:062304098013-06110621640,omid:br/062304098013,omid:br/06110621640
oci:062304098013-061501176975,omid:br/062304098013,omid:br/061501176975
oci:062304098013-06180621393,omid:br/062304098013,omid:br/06180621393
oci:062404103883-06301768573,omid:br/062404103883,omid:br/06301768573
oci:062404103883-0670940434,omid:br/062404103883,omid:br/0670940434
oci:062404103883-06303914382,omid:br/062404103883,omid:br/06303914382
oci:062404103883-062202051355,omid:br/062404103883,omid:br/062202051355
oci:062404103883-061203488806,omid:br/062404103883,omid:br/061203488806
oci:062304098077-0680402100,omid:br/062304098077,omid:br/0680402100
oci:062504104261-062202652163,omid:br/062504104261,omid:br/062202652163
oci:062304098074-06480267894,omid:br/062304098074,omid:br/06480267894
oci:062304098074-06140576502,omid:br/062304098074,omid:br/06140576502
oci:061904091572-06130935713,omid:br/061904091572,omid:br/06130935713
oci:062404103902-06250670318,omid:br/062404103902,omid:br/06250670318
oci:062304098017-0680947369,omid:br/062304098017,omid:br/0680947369
oci:062304098017-06240218890,omid:br/062304098017,omid:br/06240218890
oci:062304098017-061601064796,omid:br/062304098017,omid:br/061601064796
oci:062304098017-061202653314,omid:br/062304098017,omid:br/061202653314
oci:06290267067-06240219375,omid:br/06290267067,omid:br/06240219375
oci:062504104257-06602516615,omid:br/062504104257,omid:br/06602516615
oci:062404103907-061903503467,omid:br/062404103907,omid:br/061903503467
oci:062504104208-062303641795,omid:br/062504104208,omid:br/062303641795
oci:062404103934-0604844608,omid:br/062404103934,omid:br/0604844608
oci:061904091614-06801545174,omid:br/061904091614,omid:br/06801545174
oci:061904091614-06190326373,omid:br/061904091614,omid:br/06190326373
oci:062404103933-061401641039,omid:br/062404103933,omid:br/061401641039
oci:062404103891-0680947563,omid:br/062404103891,omid:br/0680947563
oci:062504104216-06901409796,omid:br/062504104216,omid:br/06901409796
oci:062104085102-062403116192,omid:br/062104085102,omid:br/062403116192
oci:061904091633-0660998815,omid:br/061904091633,omid:br/0660998815
oci:061904091633-061701302221,omid:br/061904091633,omid:br/061701302221
oci:061904091633-06140778137,omid:br/061904091633,omid:br/06140778137
oci:061904091633-0638060165,omid:br/061904091633,omid:br/0638060165
oci:062104085138-061201651511,omid:br/062104085138,omid:br/061201651511
oci:062104085135-06501004042,omid:br/062104085135,omid:br/06501004042
oci:062104085135-06501003384,omid:br/062104085135,omid:br/06501003384
oci:062104085135-06190943465,omid:br/062104085135,omid:br/06190943465
oci:062104085135-0690954204,omid:br/062104085135,omid:br/0690954204
oci:062104085135-0690954150,omid:br/062104085135,omid:br/0690954150
oci:062104085141-06301093254,omid:br/062104085141,omid:br/06301093254
oci:06504618169-061401728684,omid:br/06504618169,omid:br/061401728684
oci:061904091637-0604844599,omid:br/061904091637,omid:br/0604844599
oci:062304098058-06240218932,omid:br/062304098058,omid:br/06240218932
oci:062304098058-06250219020,omid:br/062304098058,omid:br/06250219020
oci:062304098058-06602516333,omid:br/062304098058,omid:br/06602516333
oci:06504618207-061303914792,omid:br/06504618207,omid:br/061303914792
oci:062104085166-0650952855,omid:br/062104085166,omid:br/0650952855
oci:062104085192-06103920184,omid:br/062104085192,omid:br/06103920184
oci:062104085192-0650952695,omid:br/062104085192,omid:br/0650952695
oci:062104085192-062303488639,omid:br/062104085192,omid:br/062303488639
oci:062104085165-06601394426,omid:br/062104085165,omid:br/06601394426
oci:062504104205-061102851077,omid:br/062504104205,omid:br/061102851077
oci:06504618223-06160228360,omid:br/06504618223,omid:br/06160228360
oci:062104085125-061501588514,omid:br/062104085125,omid:br/061501588514
oci:062104085125-0690954193,omid:br/062104085125,omid:br/0690954193
oci:062104085125-06120489853,omid:br/062104085125,omid:br/06120489853
oci:062104085105-06140778020,omid:br/062104085105,omid:br/06140778020
oci:06504618230-0670990328,omid:br/06504618230,omid:br/0670990328
oci:06504618205-06502519471,omid:br/06504618205,omid:br/06502519471
oci:062104085106-06603909486,omid:br/062104085106,omid:br/06603909486
oci:062104085106-06203912937,omid:br/062104085106,omid:br/06203912937
oci:06290267084-06250219412,omid:br/06290267084,omid:br/06250219412
oci:06290267084-061101177925,omid:br/06290267084,omid:br/061101177925
oci:06290267084-06250219072,omid:br/06290267084,omid:br/06250219072
oci:06290267084-06250219366,omid:br/06290267084,omid:br/06250219366
oci:062404104108-062403116496,omid:br/062404104108,omid:br/062403116496
oci:062104085120-06160946115,omid:br/062104085120,omid:br/06160946115
oci:062104085120-062101292652,omid:br/062104085120,omid:br/062101292652
oci:062504104265-0630484125,omid:br/062504104265,omid:br/0630484125
oci:062504104214-062502780797,omid:br/062504104214,omid:br/062502780797
oci:062404104097-0670990149,omid:br/062404104097,omid:br/0670990149
oci:062104085118-06601623353,omid:br/062104085118,omid:br/06601623353
oci:062404103936-0604844604,omid:br/062404103936,omid:br/0604844604
oci:06504618173-061302649065,omid:br/06504618173,omid:br/061302649065
oci:06504618183-06240219323,omid:br/06504618183,omid:br/06240219323
oci:06504618183-061401572553,omid:br/06504618183,omid:br/061401572553
oci:062404103901-061503499934,omid:br/062404103901,omid:br/061503499934
oci:06290267004-061401728571,omid:br/06290267004,omid:br/061401728571
oci:062504104283-06190326021,omid:br/062504104283,omid:br/06190326021
oci:062504104210-06302233624,omid:br/062504104210,omid:br/06302233624
oci:062504104210-062304052343,omid:br/062504104210,omid:br/062304052343
oci:06504618193-06270269269,omid:br/06504618193,omid:br/06270269269
oci:062404104113-061101172079,omid:br/062404104113,omid:br/061101172079
oci:062404103887-062501653050,omid:br/062404103887,omid:br/062501653050
oci:06504618197-06150946351,omid:br/06504618197,omid:br/06150946351
oci:06504618203-06160946425,omid:br/06504618203,omid:br/06160946425
oci:06504618203-061302228876,omid:br/06504618203,omid:br/061302228876
oci:062404103962-061503497873,omid:br/062404103962,omid:br/061503497873
oci:062404103962-06103922690,omid:br/062404103962,omid:br/06103922690
oci:062404103962-061503500039,omid:br/062404103962,omid:br/061503500039
oci:062404103962-06501674224,omid:br/062404103962,omid:br/06501674224
oci:062404103962-061303479840,omid:br/062404103962,omid:br/061303479840
oci:062404103962-061103505305,omid:br/062404103962,omid:br/061103505305
oci:062404103962-061203488832,omid:br/062404103962,omid:br/061203488832
oci:062404103962-06903518991,omid:br/062404103962,omid:br/06903518991
oci:062404103962-062202044567,omid:br/062404103962,omid:br/062202044567
oci:062404103962-06403919318,omid:br/062404103962,omid:br/06403919318
oci:062104085186-06703892975,omid:br/062104085186,omid:br/06703892975
oci:062404103937-0660999696,omid:br/062404103937,omid:br/0660999696
oci:06504618206-061502235917,omid:br/06504618206,omid:br/061502235917
oci:062504104203-062501650136,omid:br/062504104203,omid:br/062501650136
oci:062304098051-0640215065,omid:br/062304098051,omid:br/0640215065
oci:061904091604-06250679421,omid:br/061904091604,omid:br/06250679421
oci:06504618144-06501099902,omid:br/06504618144,omid:br/06501099902
oci:061904091568-06303916958,omid:br/061904091568,omid:br/06303916958
oci:062104085112-06140778076,omid:br/062104085112,omid:br/06140778076
oci:062104085112-06130612021,omid:br/062104085112,omid:br/06130612021
oci:062104085112-06140777721,omid:br/062104085112,omid:br/06140777721
oci:06290266990-06502519075,omid:br/06290266990,omid:br/06502519075
oci:06290267074-06403918789,omid:br/06290267074,omid:br/06403918789
oci:062504104234-0650900710,omid:br/062504104234,omid:br/0650900710
oci:061904091563-062403116438,omid:br/061904091563,omid:br/062403116438
oci:062304098030-06201658668,omid:br/062304098030,omid:br/06201658668
oci:061904091607-06140778097,omid:br/061904091607,omid:br/06140778097
oci:061904091607-06604571222,omid:br/061904091607,omid:br/06604571222
oci:061904091607-0610611518,omid:br/061904091607,omid:br/0610611518
oci:061904091607-062402053084,omid:br/061904091607,omid:br/062402053084
oci:061904091607-0610611687,omid:br/061904091607,omid:br/0610611687
oci:061904091607-061201651511,omid:br/061904091607,omid:br/061201651511
oci:061904091613-06140777981,omid:br/061904091613,omid:br/06140777981
oci:061904091642-062502666213,omid:br/061904091642,omid:br/062502666213
oci:061904091582-061203490368,omid:br/061904091582,omid:br/061203490368
oci:062604120139-062403116480,omid:br/062604120139,omid:br/062403116480
oci:062604120201-062404170558,omid:br/062604120201,omid:br/062404170558
oci:062604120201-06250219474,omid:br/062604120201,omid:br/06250219474
oci:062604120146-06502519890,omid:br/062604120146,omid:br/06502519890
oci:062404103953-061903065845,omid:br/062404103953,omid:br/061903065845
oci:062404103953-062401022251,omid:br/062404103953,omid:br/062401022251
oci:062404103953-0635057675,omid:br/062404103953,omid:br/0635057675
oci:062404103953-0637060756,omid:br/062404103953,omid:br/0637060756
oci:062404103953-062101292978,omid:br/062404103953,omid:br/062101292978
oci:062404103953-062501651768,omid:br/062404103953,omid:br/062501651768
oci:062404103953-061802648632,omid:br/062404103953,omid:br/061802648632
oci:06290267060-06301054436,omid:br/06290267060,omid:br/06301054436
oci:062604120182-062601064702,omid:br/062604120182,omid:br/062601064702
oci:062604120182-062501037107,omid:br/062604120182,omid:br/062501037107
oci:062404103876-06801546188,omid:br/062404103876,omid:br/06801546188
oci:062404103876-0604844620,omid:br/062404103876,omid:br/0604844620
oci:062404103876-061203488650,omid:br/062404103876,omid:br/061203488650
oci:062404103876-06401674321,omid:br/062404103876,omid:br/06401674321
oci:062404103876-06603909486,omid:br/062404103876,omid:br/06603909486
oci:062404103876-062303486899,omid:br/062404103876,omid:br/062303486899
oci:06290267039-062202051536,omid:br/06290267039,omid:br/062202051536
oci:06290267039-062202051031,omid:br/06290267039,omid:br/062202051031
oci:062604120121-06203911407,omid:br/062604120121,omid:br/06203911407
oci:062604120131-06703715409,omid:br/062604120131,omid:br/06703715409
oci:061904091581-06803902055,omid:br/061904091581,omid:br/06803902055
oci:061904091581-06503925381,omid:br/061904091581,omid:br/06503925381
oci:061904091581-062601680839,omid:br/061904091581,omid:br/062601680839
oci:061904091581-061103507040,omid:br/061904091581,omid:br/061103507040
oci:061904091581-06303916916,omid:br/061904091581,omid:br/06303916916
oci:062104085117-062403303965,omid:br/062104085117,omid:br/062403303965
oci:062604120134-06301054436,omid:br/062604120134,omid:br/06301054436
oci:062604120134-062202651758,omid:br/062604120134,omid:br/062202651758
oci:062404103892-061901304332,omid:br/062404103892,omid:br/061901304332
oci:062304098046-06201050986,omid:br/062304098046,omid:br/06201050986
oci:062304098046-061602847377,omid:br/062304098046,omid:br/061602847377
oci:062404103964-0604844609,omid:br/062404103964,omid:br/0604844609
oci:062404103964-06250899884,omid:br/062404103964,omid:br/06250899884
oci:062404103964-0604844610,omid:br/062404103964,omid:br/0604844610
oci:062104085110-06803068819,omid:br/062104085110,omid:br/06803068819
oci:062104085154-0604844600,omid:br/062104085154,omid:br/0604844600
oci:062104085154-0604844601,omid:br/062104085154,omid:br/0604844601
oci:062104085154-06140777805,omid:br/062104085154,omid:br/06140777805
oci:062304098024-06601053924,omid:br/062304098024,omid:br/06601053924
oci:062304098024-06502519809,omid:br/062304098024,omid:br/06502519809
oci:062304098024-06502519508,omid:br/062304098024,omid:br/06502519508
oci:062404103928-0604844611,omid:br/062404103928,omid:br/0604844611
oci:062404103928-0604844612,omid:br/062404103928,omid:br/0604844612
oci:062404103928-0604844613,omid:br/062404103928,omid:br/0604844613
oci:062404103928-0604844614,omid:br/062404103928,omid:br/0604844614
oci:062404103928-0604844615,omid:br/062404103928,omid:br/0604844615
oci:062404103928-0604844616,omid:br/062404103928,omid:br/0604844616
oci:062404103928-06190943133,omid:br/062404103928,omid:br/06190943133
oci:062404103928-0604844617,omid:br/062404103928,omid:br/0604844617
oci:062404103928-061802648977,omid:br/062404103928,omid:br/061802648977
oci:062404103928-06502415941,omid:br/062404103928,omid:br/06502415941
oci:062404103928-06403097935,omid:br/062404103928,omid:br/06403097935
oci:062104085149-061601662072,omid:br/062104085149,omid:br/061601662072
oci:062104085149-062501652321,omid:br/062104085149,omid:br/062501652321
oci:062104085149-0637060661,omid:br/062104085149,omid:br/0637060661
oci:062104085149-061601662604,omid:br/062104085149,omid:br/061601662604
oci:062104085149-062101292817,omid:br/062104085149,omid:br/062101292817
oci:062404103871-0604844618,omid:br/062404103871,omid:br/0604844618
oci:062404103927-06170812648,omid:br/062404103927,omid:br/06170812648
oci:062404103927-06180806999,omid:br/062404103927,omid:br/06180806999
oci:062404103927-061802648666,omid:br/062404103927,omid:br/061802648666
oci:062104085167-062501653155,omid:br/062104085167,omid:br/062501653155
oci:062604120125-06301400817,omid:br/062604120125,omid:br/06301400817
oci:06290266988-06502519659,omid:br/06290266988,omid:br/06502519659
oci:06290267040-0660489802,omid:br/06290267040,omid:br/0660489802
oci:061904091159-061601662072,omid:br/061904091159,omid:br/061601662072
oci:061904091159-062501652321,omid:br/061904091159,omid:br/062501652321
oci:062504104217-06190942927,omid:br/062504104217,omid:br/06190942927
oci:062504104217-061102671432,omid:br/062504104217,omid:br/061102671432
oci:062504104217-06201329064,omid:br/062504104217,omid:br/06201329064
oci:06290266989-0604844598,omid:br/06290266989,omid:br/0604844598
oci:06290266989-0690872314,omid:br/06290266989,omid:br/0690872314
oci:062404104102-06602516709,omid:br/062404104102,omid:br/06602516709
oci:062504104222-062304052344,omid:br/062504104222,omid:br/062304052344
oci:062504104222-06201329713,omid:br/062504104222,omid:br/06201329713
oci:062504104222-06301325539,omid:br/062504104222,omid:br/06301325539
oci:061904091595-062402648053,omid:br/061904091595,omid:br/062402648053
oci:061904091205-062301649263,omid:br/061904091205,omid:br/062301649263
oci:061904091205-062101645575,omid:br/061904091205,omid:br/062101645575
oci:061904091205-062403116431,omid:br/061904091205,omid:br/062403116431
oci:062504104212-061603502615,omid:br/062504104212,omid:br/061603502615
oci:061904091154-06502519002,omid:br/061904091154,omid:br/06502519002
oci:061904091154-062201829585,omid:br/061904091154,omid:br/062201829585
oci:061904091154-061104207766,omid:br/061904091154,omid:br/061104207766
oci:062504104233-06502519437,omid:br/062504104233,omid:br/06502519437
oci:062504104233-06502519051,omid:br/062504104233,omid:br/06502519051
oci:062404103935-06510312578,omid:br/062404103935,omid:br/06510312578
oci:062604120113-06501060025,omid:br/062604120113,omid:br/06501060025
oci:062604120113-061602847095,omid:br/062604120113,omid:br/061602847095
oci:062604120143-062403116503,omid:br/062604120143,omid:br/062403116503
oci:061904091247-06803902907,omid:br/061904091247,omid:br/06803902907
oci:061904091247-06303914382,omid:br/061904091247,omid:br/06303914382
oci:061904091247-06303921981,omid:br/061904091247,omid:br/06303921981
oci:061904091247-061203488806,omid:br/061904091247,omid:br/061203488806
oci:061904091170-06803068475,omid:br/061904091170,omid:br/06803068475
oci:062404103965-061302744532,omid:br/062404103965,omid:br/061302744532
oci:062604120187-0660999066,omid:br/062604120187,omid:br/0660999066
oci:062604120187-0660998941,omid:br/062604120187,omid:br/0660998941
oci:061904091233-061402549685,omid:br/061904091233,omid:br/061402549685
oci:062404103890-061802648845,omid:br/062404103890,omid:br/061802648845
oci:062604120175-0660999519,omid:br/062604120175,omid:br/0660999519
oci:062604120175-06140613747,omid:br/062604120175,omid:br/06140613747
oci:061904091185-06502519317,omid:br/061904091185,omid:br/06502519317
oci:061904091185-06502519865,omid:br/061904091185,omid:br/06502519865
oci:061904091185-061302648839,omid:br/061904091185,omid:br/061302648839
oci:061904091185-06240218974,omid:br/061904091185,omid:br/06240218974
oci:062604120150-06201756962,omid:br/062604120150,omid:br/06201756962
oci:062604120150-06502518992,omid:br/062604120150,omid:br/06502518992
oci:061904091631-06201329203,omid:br/061904091631,omid:br/06201329203
oci:061904091631-06301093312,omid:br/061904091631,omid:br/06301093312
oci:061904091631-06301092675,omid:br/061904091631,omid:br/06301092675
oci:062504104197-061802647856,omid:br/062504104197,omid:br/061802647856
oci:062504104197-062403116506,omid:br/062504104197,omid:br/062403116506
oci:062604120141-06150620472,omid:br/062604120141,omid:br/06150620472
oci:062604120164-06190623387,omid:br/062604120164,omid:br/06190623387
oci:062604120194-061103154262,omid:br/062604120194,omid:br/061103154262
oci:062504104260-061402209836,omid:br/062504104260,omid:br/061402209836
oci:062604120185-0604844597,omid:br/062604120185,omid:br/0604844597
oci:062604120185-06403098530,omid:br/062604120185,omid:br/06403098530
oci:062604120161-06240218859,omid:br/062604120161,omid:br/06240218859
oci:062604120161-06250219267,omid:br/062604120161,omid:br/06250219267
oci:061904091182-062202651565,omid:br/061904091182,omid:br/062202651565
oci:061904091602-06270269561,omid:br/061904091602,omid:br/06270269561
oci:062604120200-0670989534,omid:br/062604120200,omid:br/0670989534
oci:061904091212-0690130123,omid:br/061904091212,omid:br/0690130123
oci:061904091232-06602516648,omid:br/061904091232,omid:br/06602516648
oci:061904091232-061104207767,omid:br/061904091232,omid:br/061104207767
oci:061904091232-061101178476,omid:br/061904091232,omid:br/061101178476
oci:062404104160-06602516236,omid:br/062404104160,omid:br/06602516236
oci:0604677713-0660999171,omid:br/0604677713,omid:br/0660999171
oci:0604677713-0660999325,omid:br/0604677713,omid:br/0660999325
oci:06270277470-06401674321,omid:br/06270277470,omid:br/06401674321
oci:06270277470-062101649284,omid:br/06270277470,omid:br/062101649284
oci:06270277502-0604844632,omid:br/06270277502,omid:br/0604844632
oci:06270277442-062602702390,omid:br/06270277442,omid:br/062602702390
oci:06270277442-062303125688,omid:br/06270277442,omid:br/062303125688
oci:062304097926-062202051765,omid:br/062304097926,omid:br/062202051765
oci:0604677732-0645057840,omid:br/0604677732,omid:br/0645057840
oci:0604677705-061401640402,omid:br/0604677705,omid:br/061401640402
oci:062304097820-061701536357,omid:br/062304097820,omid:br/061701536357
oci:06504618345-06703892975,omid:br/06504618345,omid:br/06703892975
oci:0604677793-062403116419,omid:br/0604677793,omid:br/062403116419
oci:062304097934-06270269259,omid:br/062304097934,omid:br/06270269259
oci:0604677718-061202185651,omid:br/0604677718,omid:br/061202185651
oci:062504104491-06703892975,omid:br/062504104491,omid:br/06703892975
oci:062504104491-06703894382,omid:br/062504104491,omid:br/06703894382
oci:062504104491-0660490572,omid:br/062504104491,omid:br/0660490572
oci:062504104491-06190604858,omid:br/062504104491,omid:br/06190604858
oci:062504104499-0645057840,omid:br/062504104499,omid:br/0645057840
oci:062504104499-0604844623,omid:br/062504104499,omid:br/0604844623
oci:062504104499-0690130959,omid:br/062504104499,omid:br/0690130959
oci:06504618335-06403911339,omid:br/06504618335,omid:br/06403911339
oci:06270277454-06203911612,omid:br/06270277454,omid:br/06203911612
oci:062304097912-06480302845,omid:br/062304097912,omid:br/06480302845
oci:06290266520-061501540531,omid:br/06290266520,omid:br/061501540531
oci:062604119561-06904074638,omid:br/062604119561,omid:br/06904074638
oci:06504618396-06704540034,omid:br/06504618396,omid:br/06704540034
oci:062504104519-061202653560,omid:br/062504104519,omid:br/061202653560
oci:06290266543-061601662072,omid:br/06290266543,omid:br/061601662072
oci:06290266543-061601662604,omid:br/06290266543,omid:br/061601662604
oci:062504104514-06140936508,omid:br/062504104514,omid:br/06140936508
oci:062304097925-06704540447,omid:br/062304097925,omid:br/06704540447
oci:062304097925-06704540443,omid:br/062304097925,omid:br/06704540443
oci:062304097925-061301650911,omid:br/062304097925,omid:br/061301650911
oci:062304097925-06503746304,omid:br/062304097925,omid:br/06503746304
oci:062304097925-062603338586,omid:br/062304097925,omid:br/062603338586
oci:062304097925-062201647507,omid:br/062304097925,omid:br/062201647507
oci:062304097925-061503499289,omid:br/062304097925,omid:br/061503499289
oci:062304097925-06504581720,omid:br/062304097925,omid:br/06504581720
oci:062304097925-06403911627,omid:br/062304097925,omid:br/06403911627
oci:062304097925-0604844660,omid:br/062304097925,omid:br/0604844660
oci:062304097987-061103504722,omid:br/062304097987,omid:br/061103504722
oci:062304097987-061701614959,omid:br/062304097987,omid:br/061701614959
oci:062304097987-06203911184,omid:br/062304097987,omid:br/06203911184
oci:06270277420-0604844633,omid:br/06270277420,omid:br/0604844633
oci:06270277420-061501540407,omid:br/06270277420,omid:br/061501540407
oci:06504618383-06303916916,omid:br/06504618383,omid:br/06303916916
oci:06504618383-06803902055,omid:br/06504618383,omid:br/06803902055
oci:06504618383-06203671435,omid:br/06504618383,omid:br/06203671435
oci:06504618383-062501652379,omid:br/06504618383,omid:br/062501652379
oci:06504618383-06201547530,omid:br/06504618383,omid:br/06201547530
oci:06504618383-06703892933,omid:br/06504618383,omid:br/06703892933
oci:06290266572-061202750669,omid:br/06290266572,omid:br/061202750669
oci:062504104497-0604844624,omid:br/062504104497,omid:br/0604844624
oci:06270277439-0604844625,omid:br/06270277439,omid:br/0604844625
oci:06270277439-061601662072,omid:br/06270277439,omid:br/061601662072
oci:062304097958-0604844661,omid:br/062304097958,omid:br/0604844661
oci:062304097958-0604844662,omid:br/062304097958,omid:br/0604844662
oci:062304097948-06904074558,omid:br/062304097948,omid:br/06904074558
oci:062304097953-06101013702,omid:br/062304097953,omid:br/06101013702
oci:06270277441-06503925367,omid:br/06270277441,omid:br/06503925367
oci:062304097931-0604844663,omid:br/062304097931,omid:br/0604844663
oci:062304097931-06704540065,omid:br/062304097931,omid:br/06704540065
oci:062304097968-0645058000,omid:br/062304097968,omid:br/0645058000
oci:0604677792-06190942884,omid:br/0604677792,omid:br/06190942884
oci:0604677792-061703505032,omid:br/0604677792,omid:br/061703505032
oci:0604677721-062202051267,omid:br/0604677721,omid:br/062202051267
oci:062304097933-0604844665,omid:br/062304097933,omid:br/0604844665
oci:062304097933-062102055775,omid:br/062304097933,omid:br/062102055775
oci:062304097933-0604844650,omid:br/062304097933,omid:br/0604844650
oci:062304097933-06903518583,omid:br/062304097933,omid:br/06903518583
oci:0604677760-06503925382,omid:br/0604677760,omid:br/06503925382
oci:0604677760-062601065019,omid:br/0604677760,omid:br/062601065019
oci:0604677760-061902663007,omid:br/0604677760,omid:br/061902663007
oci:0604677760-0610360540,omid:br/0604677760,omid:br/0610360540
oci:0604677760-06160946385,omid:br/0604677760,omid:br/06160946385
oci:06504618336-06303922529,omid:br/06504618336,omid:br/06303922529
oci:06504618336-06903518579,omid:br/06504618336,omid:br/06903518579
oci:06504618336-061203488650,omid:br/06504618336,omid:br/061203488650
oci:06504618336-062102055736,omid:br/06504618336,omid:br/062102055736
oci:06504618336-06303916943,omid:br/06504618336,omid:br/06303916943
oci:06504618336-062603512196,omid:br/06504618336,omid:br/062603512196
oci:062504104516-062501037761,omid:br/062504104516,omid:br/062501037761
oci:06504618380-062303488699,omid:br/06504618380,omid:br/062303488699
oci:06504618380-061203490384,omid:br/06504618380,omid:br/061203490384
oci:06504618380-062503479717,omid:br/06504618380,omid:br/062503479717
oci:062604119542-0680641784,omid:br/062604119542,omid:br/0680641784
oci:062304097886-06480302579,omid:br/062304097886,omid:br/06480302579
oci:062504104563-0650952857,omid:br/062504104563,omid:br/0650952857
oci:062504104563-0660999172,omid:br/062504104563,omid:br/0660999172
oci:06504618387-0604844652,omid:br/06504618387,omid:br/0604844652
oci:06504618347-0670124658,omid:br/06504618347,omid:br/0670124658
oci:062504104528-0604844625,omid:br/062504104528,omid:br/0604844625
oci:062504104528-06403919300,omid:br/062504104528,omid:br/06403919300
oci:062504104528-061903660856,omid:br/062504104528,omid:br/061903660856
oci:062604119578-06150637518,omid:br/062604119578,omid:br/06150637518
oci:06270277485-06903099374,omid:br/06270277485,omid:br/06903099374
oci:062504104521-06502518977,omid:br/062504104521,omid:br/06502518977
oci:06270277495-062601064990,omid:br/06270277495,omid:br/062601064990
oci:06504618408-0604844653,omid:br/06504618408,omid:br/0604844653
oci:06504618408-06250679299,omid:br/06504618408,omid:br/06250679299
oci:06270277466-06140778086,omid:br/06270277466,omid:br/06140778086
oci:06270277444-0604844626,omid:br/06270277444,omid:br/0604844626
oci:06270277444-0604844627,omid:br/06270277444,omid:br/0604844627
oci:06270277444-0604844628,omid:br/06270277444,omid:br/0604844628
oci:06270277444-061901303649,omid:br/06270277444,omid:br/061901303649
oci:06270277444-0604844629,omid:br/06270277444,omid:br/0604844629
oci:06504618349-062302058907,omid:br/06504618349,omid:br/062302058907
oci:06504618349-062102055782,omid:br/06504618349,omid:br/062102055782
oci:06504618349-062302059264,omid:br/06504618349,omid:br/062302059264
oci:06270277503-061901542937,omid:br/06270277503,omid:br/061901542937
oci:062604119549-06480302824,omid:br/062604119549,omid:br/06480302824
oci:062604119549-06504581706,omid:br/062604119549,omid:br/06504581706
oci:06504618392-06104576690,omid:br/06504618392,omid:br/06104576690
oci:06270277448-062302059016,omid:br/06270277448,omid:br/062302059016
oci:06270277448-062102055674,omid:br/06270277448,omid:br/062102055674
oci:06270277427-0604844630,omid:br/06270277427,omid:br/0604844630
oci:06270277427-06150122017,omid:br/06270277427,omid:br/06150122017
oci:062604119557-06904074580,omid:br/062604119557,omid:br/06904074580
oci:06270277460-061101981434,omid:br/06270277460,omid:br/061101981434
oci:06270277417-0640542307,omid:br/06270277417,omid:br/0640542307
oci:06270277474-0660947533,omid:br/06270277474,omid:br/0660947533
oci:06270277497-062601772626,omid:br/06270277497,omid:br/062601772626
oci:062604119586-06203913021,omid:br/062604119586,omid:br/06203913021
oci:062604119586-06260701334,omid:br/062604119586,omid:br/06260701334
oci:062604119586-062203486927,omid:br/062604119586,omid:br/062203486927
oci:062604119586-062302052990,omid:br/062604119586,omid:br/062302052990
oci:062604119541-061701543320,omid:br/062604119541,omid:br/061701543320
oci:0604677719-06420326689,omid:br/0604677719,omid:br/06420326689
oci:0604677719-06140613262,omid:br/0604677719,omid:br/06140613262
oci:06290266526-06703892814,omid:br/06290266526,omid:br/06703892814
oci:06290266526-06903518815,omid:br/06290266526,omid:br/06903518815
oci:06290266526-0604844650,omid:br/06290266526,omid:br/0604844650
oci:06290266526-061603502546,omid:br/06290266526,omid:br/061603502546
oci:06270277499-061801299046,omid:br/06270277499,omid:br/061801299046
oci:0604677730-061202653398,omid:br/0604677730,omid:br/061202653398
oci:062304097839-061901747062,omid:br/062304097839,omid:br/061901747062
oci:062304097839-062202051422,omid:br/062304097839,omid:br/062202051422
oci:062304097839-06103920081,omid:br/062304097839,omid:br/06103920081
oci:06270277449-061403781555,omid:br/06270277449,omid:br/061403781555
oci:06270277477-06902235599,omid:br/06270277477,omid:br/06902235599
oci:062604119566-06904074652,omid:br/062604119566,omid:br/06904074652
oci:062604119566-06904074587,omid:br/062604119566,omid:br/06904074587
oci:062604119566-06904074536,omid:br/062604119566,omid:br/06904074536
oci:062604119568-062202050794,omid:br/062604119568,omid:br/062202050794
oci:062604119568-06503924329,omid:br/062604119568,omid:br/06503924329
oci:06270277500-0604844631,omid:br/06270277500,omid:br/0604844631
oci:06270277500-0650952612,omid:br/06270277500,omid:br/0650952612
oci:06270277500-06250679348,omid:br/06270277500,omid:br/06250679348
oci:06290266548-0604844651,omid:br/06290266548,omid:br/0604844651
oci:062304097863-06170652564,omid:br/062304097863,omid:br/06170652564
oci:06290266501-06203912937,omid:br/06290266501,omid:br/06203912937
oci:06290266501-062503479173,omid:br/06290266501,omid:br/062503479173
oci:0604677778-061302648548,omid:br/0604677778,omid:br/061302648548
oci:0604677778-061301509879,omid:br/0604677778,omid:br/061301509879
oci:062204088022-06704540037,omid:br/062204088022,omid:br/06704540037
oci:062204088022-06704540001,omid:br/062204088022,omid:br/06704540001
oci:062204088022-06804564513,omid:br/062204088022,omid:br/06804564513
oci:062204088022-06110129339,omid:br/062204088022,omid:br/06110129339
oci:062204088022-06803901137,omid:br/062204088022,omid:br/06803901137
oci:062204088022-062202051664,omid:br/062204088022,omid:br/062202051664
oci:062204088022-06130471408,omid:br/062204088022,omid:br/06130471408
oci:062204088067-0604844655,omid:br/062204088067,omid:br/0604844655
oci:062204088058-061101662278,omid:br/062204088058,omid:br/061101662278
oci:062304097895-06201001240,omid:br/062304097895,omid:br/06201001240
oci:0604677737-06403918789,omid:br/0604677737,omid:br/06403918789
oci:062204088068-0627039376,omid:br/062204088068,omid:br/0627039376
oci:062204088068-0604845232,omid:br/062204088068,omid:br/0604845232
oci:062404103817-062302059403,omid:br/062404103817,omid:br/062302059403
oci:062404103817-062202051207,omid:br/062404103817,omid:br/062202051207
oci:062404103817-062202051402,omid:br/062404103817,omid:br/062202051402
oci:062404103817-061203488167,omid:br/062404103817,omid:br/061203488167
oci:062304097962-062102055888,omid:br/062304097962,omid:br/062102055888
oci:062204088074-0604845232,omid:br/062204088074,omid:br/0604845232
oci:062304097808-06203913021,omid:br/062304097808,omid:br/06203913021
oci:062304097893-062302693716,omid:br/062304097893,omid:br/062302693716
oci:06290266589-062303488699,omid:br/06290266589,omid:br/062303488699
oci:062304097849-06201661630,omid:br/062304097849,omid:br/06201661630
oci:062304097849-062202051769,omid:br/062304097849,omid:br/062202051769
oci:06290266569-06903519951,omid:br/06290266569,omid:br/06903519951
oci:062204088069-0604844656,omid:br/062204088069,omid:br/0604844656
oci:062204088041-0604844654,omid:br/062204088041,omid:br/0604844654
oci:062504104547-06703892814,omid:br/062504104547,omid:br/06703892814
oci:062304097900-06303921803,omid:br/062304097900,omid:br/06303921803
oci:062304097900-06903518583,omid:br/062304097900,omid:br/06903518583
oci:062304097900-061503498242,omid:br/062304097900,omid:br/061503498242
oci:062304097981-062102055775,omid:br/062304097981,omid:br/062102055775
oci:062304097981-0604844650,omid:br/062304097981,omid:br/0604844650
oci:062304097981-062102049579,omid:br/062304097981,omid:br/062102049579
oci:062304097981-06903518583,omid:br/062304097981,omid:br/06903518583
oci:062304097981-061503498242,omid:br/062304097981,omid:br/061503498242
oci:062304097945-06480302935,omid:br/062304097945,omid:br/06480302935
oci:062404103796-06520296592,omid:br/062404103796,omid:br/06520296592
oci:062404103796-06110237295,omid:br/062404103796,omid:br/06110237295
oci:062504104559-06404580186,omid:br/062504104559,omid:br/06404580186
oci:0604677759-061401119209,omid:br/0604677759,omid:br/061401119209
oci:062204088004-061203490384,omid:br/062204088004,omid:br/061203490384
oci:062204088004-062201530984,omid:br/062204088004,omid:br/062201530984
oci:062204088057-06703892975,omid:br/062204088057,omid:br/06703892975
oci:062204088057-06250679422,omid:br/062204088057,omid:br/06250679422
oci:062504104583-06130121443,omid:br/062504104583,omid:br/06130121443
oci:062204088018-06260701475,omid:br/062204088018,omid:br/06260701475
oci:062204088018-061403479355,omid:br/062204088018,omid:br/061403479355
oci:062204087985-062302806453,omid:br/062204087985,omid:br/062302806453
oci:062304097986-06504581712,omid:br/062304097986,omid:br/06504581712
oci:0604677710-0670496124,omid:br/0604677710,omid:br/0670496124
oci:062504104581-0604844621,omid:br/062504104581,omid:br/0604844621
oci:062504104581-06140778196,omid:br/062504104581,omid:br/06140778196
oci:06290266550-061601662604,omid:br/06290266550,omid:br/061601662604
oci:06290266550-06403918948,omid:br/06290266550,omid:br/06403918948
oci:062404103775-0620725876,omid:br/062404103775,omid:br/0620725876
oci:062404103775-06480302841,omid:br/062404103775,omid:br/06480302841
oci:062404103775-06480302822,omid:br/062404103775,omid:br/06480302822
oci:062404103847-06301233995,omid:br/062404103847,omid:br/06301233995
oci:062404103847-062403304357,omid:br/062404103847,omid:br/062403304357
oci:062404103847-061901656754,omid:br/062404103847,omid:br/061901656754
oci:062404103847-061201651625,omid:br/062404103847,omid:br/061201651625
oci:062404103847-0660122538,omid:br/062404103847,omid:br/0660122538
oci:062404103804-06403919318,omid:br/062404103804,omid:br/06403919318
oci:062404103804-06103922690,omid:br/062404103804,omid:br/06103922690
oci:062404103804-0604844645,omid:br/062404103804,omid:br/0604844645
oci:062404103804-06104576330,omid:br/062404103804,omid:br/06104576330
oci:062404103804-061903502016,omid:br/062404103804,omid:br/061903502016
oci:062404103804-061703505032,omid:br/062404103804,omid:br/061703505032
oci:062404103806-0604844640,omid:br/062404103806,omid:br/0604844640
oci:062204087989-06904074349,omid:br/062204087989,omid:br/06904074349
oci:062504104487-06503924431,omid:br/062504104487,omid:br/06503924431
oci:062404103792-061201651622,omid:br/062404103792,omid:br/061201651622
oci:062404103792-06602331594,omid:br/062404103792,omid:br/06602331594
oci:062404103792-061103507037,omid:br/062404103792,omid:br/061103507037
oci:062404103792-06602331462,omid:br/062404103792,omid:br/06602331462
oci:062404103792-061401517797,omid:br/062404103792,omid:br/061401517797
oci:062304097923-06250679150,omid:br/062304097923,omid:br/06250679150
oci:06290266511-06480302826,omid:br/06290266511,omid:br/06480302826
oci:0604677785-061301798856,omid:br/0604677785,omid:br/061301798856
oci:062404103839-0604844636,omid:br/062404103839,omid:br/0604844636
oci:062204088003-06801545174,omid:br/062204088003,omid:br/06801545174
oci:062204088003-06901558759,omid:br/062204088003,omid:br/06901558759
oci:062204088003-06704540479,omid:br/062204088003,omid:br/06704540479
oci:062204088039-062302059044,omid:br/062204088039,omid:br/062302059044
oci:062304097908-06904074652,omid:br/062304097908,omid:br/06904074652
oci:062504104524-06260137119,omid:br/062504104524,omid:br/06260137119
oci:062504104524-06210989288,omid:br/062504104524,omid:br/06210989288
oci:062304097965-0604831560,omid:br/062304097965,omid:br/0604831560
oci:062504104582-061101105352,omid:br/062504104582,omid:br/061101105352
oci:062304097937-06250679422,omid:br/062304097937,omid:br/06250679422
oci:062504104578-06130638580,omid:br/062504104578,omid:br/06130638580
oci:062504104506-061901656679,omid:br/062504104506,omid:br/061901656679
oci:06504618417-061703505032,omid:br/06504618417,omid:br/061703505032
oci:06504618417-06260701475,omid:br/06504618417,omid:br/06260701475
oci:062304097815-062102049506,omid:br/062304097815,omid:br/062102049506
oci:062304097788-061203490368,omid:br/062304097788,omid:br/061203490368
oci:062304097788-062102049806,omid:br/062304097788,omid:br/062102049806
oci:062304097944-06504581706,omid:br/062304097944,omid:br/06504581706
oci:062304097921-06250124477,omid:br/062304097921,omid:br/06250124477
oci:062304097921-0604844666,omid:br/062304097921,omid:br/0604844666
oci:062304097921-0604844667,omid:br/062304097921,omid:br/0604844667
oci:062304097888-061603504178,omid:br/062304097888,omid:br/061603504178
oci:062204088064-06160228360,omid:br/062204088064,omid:br/06160228360
oci:062204088064-062501534853,omid:br/062204088064,omid:br/062501534853
oci:062204088064-061703505032,omid:br/062204088064,omid:br/061703505032
oci:062204088081-06203911045,omid:br/062204088081,omid:br/06203911045
oci:062204088045-0644059139,omid:br/062204088045,omid:br/0644059139
oci:062204088045-06250679299,omid:br/062204088045,omid:br/06250679299
oci:062404103863-0604844635,omid:br/062404103863,omid:br/0604844635
oci:062404103863-0604844636,omid:br/062404103863,omid:br/0604844636
oci:062404103863-0604844637,omid:br/062404103863,omid:br/0604844637
oci:062404103863-0604844638,omid:br/062404103863,omid:br/0604844638
oci:062404103863-0604844639,omid:br/062404103863,omid:br/0604844639
oci:06320255899-0635057923,omid:br/06320255899,omid:br/0635057923
oci:06320255899-062202051324,omid:br/06320255899,omid:br/062202051324
oci:06320255899-062302059372,omid:br/06320255899,omid:br/062302059372
oci:06310263032-061903586881,omid:br/06310263032,omid:br/061903586881
oci:062104085228-0604844807,omid:br/062104085228,omid:br/0604844807
oci:062104085228-0604844808,omid:br/062104085228,omid:br/0604844808
oci:062104085228-0604844809,omid:br/062104085228,omid:br/0604844809
oci:06310263498-062203486927,omid:br/06310263498,omid:br/062203486927
oci:062404104026-06460301852,omid:br/062404104026,omid:br/06460301852
oci:06310263059-06503925628,omid:br/06310263059,omid:br/06503925628
oci:06310263026-062202051139,omid:br/06310263026,omid:br/062202051139
oci:06310263026-062102055805,omid:br/06310263026,omid:br/062102055805
oci:0604552943-062501534688,omid:br/0604552943,omid:br/062501534688
oci:062104085247-061203488167,omid:br/062104085247,omid:br/061203488167
oci:062104085247-0634060707,omid:br/062104085247,omid:br/0634060707
oci:062104085247-062402686419,omid:br/062104085247,omid:br/062402686419
oci:0604552985-06803901137,omid:br/0604552985,omid:br/06803901137
oci:062404103989-0604844798,omid:br/062404103989,omid:br/0604844798
oci:062404103989-06504581855,omid:br/062404103989,omid:br/06504581855
oci:062404103989-062202050868,omid:br/062404103989,omid:br/062202050868
oci:062404103989-06240479074,omid:br/062404103989,omid:br/06240479074
oci:0604552988-06901991940,omid:br/0604552988,omid:br/06901991940
oci:0604552988-061801533789,omid:br/0604552988,omid:br/061801533789
oci:06504617924-0644059166,omid:br/06504617924,omid:br/0644059166
oci:06310263508-0604844669,omid:br/06310263508,omid:br/0604844669
oci:06310263508-0604844670,omid:br/06310263508,omid:br/0604844670
oci:06310263018-061303480835,omid:br/06310263018,omid:br/061303480835
oci:0604552986-062601437927,omid:br/0604552986,omid:br/062601437927
oci:0604552986-06250680025,omid:br/0604552986,omid:br/06250680025
oci:06504617909-061402733479,omid:br/06504617909,omid:br/061402733479
oci:062404103982-061601661976,omid:br/062404103982,omid:br/061601661976
oci:0604583733-0645057864,omid:br/0604583733,omid:br/0645057864
oci:06310263028-06904074514,omid:br/06310263028,omid:br/06904074514
oci:06320256763-06203072239,omid:br/06320256763,omid:br/06203072239
oci:06310263003-06204568192,omid:br/06310263003,omid:br/06204568192
oci:06504618667-06601401705,omid:br/06504618667,omid:br/06601401705
oci:06504618667-061101399406,omid:br/06504618667,omid:br/061101399406
oci:06310263020-061601662072,omid:br/06310263020,omid:br/061601662072
oci:062104085204-0650119012,omid:br/062104085204,omid:br/0650119012
oci:062104085204-0645058000,omid:br/062104085204,omid:br/0645058000
oci:06320255877-0680127256,omid:br/06320255877,omid:br/0680127256
oci:06310263010-0604845223,omid:br/06310263010,omid:br/0604845223
oci:062104085220-0604844810,omid:br/062104085220,omid:br/0604844810
oci:06310263030-06904074456,omid:br/06310263030,omid:br/06904074456
oci:06310263043-06504581860,omid:br/06310263043,omid:br/06504581860
oci:06320256744-0604844794,omid:br/06320256744,omid:br/0604844794
oci:06504618707-0634060575,omid:br/06504618707,omid:br/0634060575
oci:06504618707-0641059065,omid:br/06504618707,omid:br/0641059065
oci:0604583724-061101539074,omid:br/0604583724,omid:br/061101539074
oci:06310263047-06403176366,omid:br/06310263047,omid:br/06403176366
oci:06310263047-06503470936,omid:br/06310263047,omid:br/06503470936
oci:06310263047-0604827132,omid:br/06310263047,omid:br/0604827132
oci:06504618645-06203911183,omid:br/06504618645,omid:br/06203911183
oci:06504618645-062502054561,omid:br/06504618645,omid:br/062502054561
oci:06504618645-0635058181,omid:br/06504618645,omid:br/0635058181
oci:06504618645-0631060389,omid:br/06504618645,omid:br/0631060389
oci:06504618645-06210687431,omid:br/06504618645,omid:br/06210687431
oci:06504617894-06403918789,omid:br/06504617894,omid:br/06403918789
oci:06504618680-06230605633,omid:br/06504618680,omid:br/06230605633
oci:06504618680-061201841850,omid:br/06504618680,omid:br/061201841850
oci:06504618692-0638060186,omid:br/06504618692,omid:br/0638060186
oci:06504618692-0634061154,omid:br/06504618692,omid:br/0634061154
oci:06504618692-0641059476,omid:br/06504618692,omid:br/0641059476
oci:06504618692-06403919318,omid:br/06504618692,omid:br/06403919318
oci:06504618692-061503499955,omid:br/06504618692,omid:br/061503499955
oci:06504618692-0639061699,omid:br/06504618692,omid:br/0639061699
oci:06504618692-0629060335,omid:br/06504618692,omid:br/0629060335
oci:06504618692-06180870323,omid:br/06504618692,omid:br/06180870323
oci:06504618692-062102055806,omid:br/06504618692,omid:br/062102055806
oci:06504618692-06130471058,omid:br/06504618692,omid:br/06130471058
oci:06504618692-0639061566,omid:br/06504618692,omid:br/0639061566
oci:06504618692-0634061245,omid:br/06504618692,omid:br/0634061245
oci:06504618692-0642058456,omid:br/06504618692,omid:br/0642058456
oci:06504617918-06140669525,omid:br/06504617918,omid:br/06140669525
oci:06504618644-06704540409,omid:br/06504618644,omid:br/06704540409
oci:062104085242-0640358830,omid:br/062104085242,omid:br/0640358830
oci:06504617917-0639061938,omid:br/06504617917,omid:br/0639061938
oci:06504617917-062302694515,omid:br/06504617917,omid:br/062302694515
oci:0604583734-061702015217,omid:br/0604583734,omid:br/061702015217
oci:06320256768-0633057995,omid:br/06320256768,omid:br/0633057995
oci:06504617915-062202047334,omid:br/06504617915,omid:br/062202047334
oci:0604583727-0604844811,omid:br/0604583727,omid:br/0604844811
oci:0604583687-06504581258,omid:br/0604583687,omid:br/06504581258
oci:0604583687-06104576033,omid:br/0604583687,omid:br/06104576033
oci:0604552962-061201651625,omid:br/0604552962,omid:br/061201651625
oci:06320256761-06904074485,omid:br/06320256761,omid:br/06904074485
oci:06320256761-06501008993,omid:br/06320256761,omid:br/06501008993
oci:06320256761-06501413238,omid:br/06320256761,omid:br/06501413238
oci:06320256761-06601402240,omid:br/06320256761,omid:br/06601402240
oci:06320256761-06601401705,omid:br/06320256761,omid:br/06601401705
oci:06320256761-061101399406,omid:br/06320256761,omid:br/061101399406
oci:06320256761-06480302968,omid:br/06320256761,omid:br/06480302968
oci:06320256746-061801299571,omid:br/06320256746,omid:br/061801299571
oci:06320256746-0604844795,omid:br/06320256746,omid:br/0604844795
oci:06310263068-061702015217,omid:br/06310263068,omid:br/061702015217
oci:06504617879-061902194267,omid:br/06504617879,omid:br/061902194267
oci:06310263065-061103326392,omid:br/06310263065,omid:br/061103326392
oci:062104085254-061701302374,omid:br/062104085254,omid:br/061701302374
oci:062104085288-0670487902,omid:br/062104085288,omid:br/0670487902
oci:062404104025-06801518744,omid:br/062404104025,omid:br/06801518744
oci:062104085270-06701385369,omid:br/062104085270,omid:br/06701385369
oci:062104085203-0634061056,omid:br/062104085203,omid:br/0634061056
oci:06320256734-06904074618,omid:br/06320256734,omid:br/06904074618
oci:06310262980-06802443859,omid:br/06310262980,omid:br/06802443859
oci:06504618679-061902194267,omid:br/06504618679,omid:br/061902194267
oci:062104085208-061701278092,omid:br/062104085208,omid:br/061701278092
oci:062104085286-061701281780,omid:br/062104085286,omid:br/061701281780
oci:062104085286-06190942917,omid:br/062104085286,omid:br/06190942917
oci:0604552972-061702015217,omid:br/0604552972,omid:br/061702015217
oci:0604553011-0637060165,omid:br/0604553011,omid:br/0637060165
oci:0604553011-06703892975,omid:br/0604553011,omid:br/06703892975
oci:062104085205-06250679184,omid:br/062104085205,omid:br/06250679184
oci:062104085233-06250679544,omid:br/062104085233,omid:br/06250679544
oci:062104085251-061701615161,omid:br/062104085251,omid:br/061701615161
oci:062104085251-061701615236,omid:br/062104085251,omid:br/061701615236
oci:06280278490-06202441569,omid:br/06280278490,omid:br/06202441569
oci:062104085257-06250679418,omid:br/062104085257,omid:br/06250679418
oci:0604552952-0604844792,omid:br/0604552952,omid:br/0604844792
oci:0604552952-0604844793,omid:br/0604552952,omid:br/0604844793
oci:06504618687-06801546226,omid:br/06504618687,omid:br/06801546226
oci:06504618687-0604844633,omid:br/06504618687,omid:br/0604844633
oci:06504618687-061601662072,omid:br/06504618687,omid:br/061601662072
oci:06504618687-061701662918,omid:br/06504618687,omid:br/061701662918
oci:06290266452-0650119569,omid:br/06290266452,omid:br/0650119569
oci:06290266452-06150351889,omid:br/06290266452,omid:br/06150351889
oci:06290266451-06301548836,omid:br/06290266451,omid:br/06301548836
oci:0604552954-06403918789,omid:br/0604552954,omid:br/06403918789
oci:0604552987-0604844625,omid:br/0604552987,omid:br/0604844625
oci:0604583763-06801544387,omid:br/0604583763,omid:br/06801544387
oci:06280278500-061503497873,omid:br/06280278500,omid:br/061503497873
oci:06280278500-06303922267,omid:br/06280278500,omid:br/06303922267
oci:06280278500-062202051352,omid:br/06280278500,omid:br/062202051352
oci:062304098215-06150541154,omid:br/062304098215,omid:br/06150541154
oci:062304098215-062403486729,omid:br/062304098215,omid:br/062403486729
oci:062304098215-06802444015,omid:br/062304098215,omid:br/06802444015
oci:062304098215-062603515978,omid:br/062304098215,omid:br/062603515978
oci:062304098215-06803902861,omid:br/062304098215,omid:br/06803902861
oci:062304098215-061902052944,omid:br/062304098215,omid:br/061902052944
oci:062304098215-061902059578,omid:br/062304098215,omid:br/061902059578
oci:06290266445-0631060368,omid:br/06290266445,omid:br/0631060368
oci:06290266445-061301535832,omid:br/06290266445,omid:br/061301535832
oci:06310262979-061203490368,omid:br/06310262979,omid:br/061203490368
oci:06280278499-06504581921,omid:br/06280278499,omid:br/06504581921
oci:06280278499-06250899926,omid:br/06280278499,omid:br/06250899926
oci:06290266488-0604844800,omid:br/06290266488,omid:br/0604844800
oci:06290266488-062102049579,omid:br/06290266488,omid:br/062102049579
oci:06290266488-06203912937,omid:br/06290266488,omid:br/06203912937
oci:062304098279-06140630360,omid:br/062304098279,omid:br/06140630360
oci:0604583708-061501535369,omid:br/0604583708,omid:br/061501535369
oci:0604583708-061501534592,omid:br/0604583708,omid:br/061501534592
oci:0604583708-061601539566,omid:br/0604583708,omid:br/061601539566
oci:0604583708-061701277775,omid:br/0604583708,omid:br/061701277775
oci:0604583708-061501535052,omid:br/0604583708,omid:br/061501535052
oci:0604583708-062202051681,omid:br/0604583708,omid:br/062202051681
oci:0604583708-062202051104,omid:br/0604583708,omid:br/062202051104
oci:0604583708-061902058976,omid:br/0604583708,omid:br/061902058976
oci:0604583708-0639061391,omid:br/0604583708,omid:br/0639061391
oci:0604583708-06901551630,omid:br/0604583708,omid:br/06901551630
oci:0604583708-06702427075,omid:br/0604583708,omid:br/06702427075
oci:0604583708-06150351889,omid:br/0604583708,omid:br/06150351889
oci:0604552992-062202051163,omid:br/0604552992,omid:br/062202051163
oci:0604552992-062302059422,omid:br/0604552992,omid:br/062302059422
oci:062404104032-06601401705,omid:br/062404104032,omid:br/06601401705
oci:062404104032-0635058528,omid:br/062404104032,omid:br/0635058528
oci:062304098240-0637060750,omid:br/062304098240,omid:br/0637060750
oci:0604583702-061903501277,omid:br/0604583702,omid:br/061903501277
oci:0604583725-061601661976,omid:br/0604583725,omid:br/061601661976
oci:06290266474-06904074392,omid:br/06290266474,omid:br/06904074392
oci:062404104034-06701389671,omid:br/062404104034,omid:br/06701389671
oci:062404104034-0604844797,omid:br/062404104034,omid:br/0604844797
oci:062404104034-0635057949,omid:br/062404104034,omid:br/0635057949
oci:06280278506-06303917089,omid:br/06280278506,omid:br/06303917089
oci:06280278506-0639061158,omid:br/06280278506,omid:br/0639061158
oci:06280278506-0604844799,omid:br/06280278506,omid:br/0604844799
oci:06280278506-062403480503,omid:br/06280278506,omid:br/062403480503
oci:06280278491-06204568203,omid:br/06280278491,omid:br/06204568203
oci:06280278491-06104576627,omid:br/06280278491,omid:br/06104576627
oci:062404103997-06904074652,omid:br/062404103997,omid:br/06904074652
oci:06290266464-061902194267,omid:br/06290266464,omid:br/061902194267
oci:06290266464-06303921882,omid:br/06290266464,omid:br/06303921882
oci:062304098192-0604844806,omid:br/062304098192,omid:br/0604844806
oci:06290266437-061603502546,omid:br/06290266437,omid:br/061603502546
oci:0604583676-06120611269,omid:br/0604583676,omid:br/06120611269
oci:06290266449-062503303204,omid:br/06290266449,omid:br/062503303204
oci:062304098277-062603515978,omid:br/062304098277,omid:br/062603515978
oci:0604552933-06403068158,omid:br/0604552933,omid:br/06403068158
oci:0604552933-0604844789,omid:br/0604552933,omid:br/0604844789
oci:0604552933-0604844790,omid:br/0604552933,omid:br/0604844790
oci:0604552933-0604844791,omid:br/0604552933,omid:br/0604844791
oci:06290266434-061203488167,omid:br/06290266434,omid:br/061203488167
oci:06290266434-06104576689,omid:br/06290266434,omid:br/06104576689
oci:06290266434-06703894340,omid:br/06290266434,omid:br/06703894340
oci:06290266434-06510313123,omid:br/06290266434,omid:br/06510313123
oci:06290266434-06903518585,omid:br/06290266434,omid:br/06903518585
oci:062104085216-061801653342,omid:br/062104085216,omid:br/061801653342
oci:062304098286-061704299311,omid:br/062304098286,omid:br/061704299311
oci:062304098286-0604525853,omid:br/062304098286,omid:br/0604525853
oci:062304098286-06704540075,omid:br/062304098286,omid:br/06704540075
oci:06310262971-061503499934,omid:br/06310262971,omid:br/061503499934
oci:062304098265-06201328952,omid:br/062304098265,omid:br/06201328952
oci:062304098265-06303735576,omid:br/062304098265,omid:br/06303735576
oci:06280278473-061801653342,omid:br/06280278473,omid:br/061801653342
oci:06280278473-06460301795,omid:br/06280278473,omid:br/06460301795
oci:06280278473-061401640336,omid:br/06280278473,omid:br/061401640336
oci:062404104052-06504581860,omid:br/062404104052,omid:br/06504581860
oci:062104085282-061702015217,omid:br/062104085282,omid:br/061702015217
oci:06290266481-06704540474,omid:br/06290266481,omid:br/06704540474
oci:06290266481-06204568216,omid:br/06290266481,omid:br/06204568216
oci:062404104033-061902194357,omid:br/062404104033,omid:br/061902194357
oci:06280278510-06303735086,omid:br/06280278510,omid:br/06303735086
oci:06280278510-0604844801,omid:br/06280278510,omid:br/0604844801
oci:06280278510-0604844802,omid:br/06280278510,omid:br/0604844802
oci:06290266435-06904074524,omid:br/06290266435,omid:br/06904074524
oci:062404104016-06504581829,omid:br/062404104016,omid:br/06504581829
oci:062404104016-06204567883,omid:br/062404104016,omid:br/06204567883
oci:062404104016-06504581893,omid:br/062404104016,omid:br/06504581893
oci:062404104016-06104576682,omid:br/062404104016,omid:br/06104576682
oci:062404104016-06504581853,omid:br/062404104016,omid:br/06504581853
oci:062404104016-06504581837,omid:br/062404104016,omid:br/06504581837
oci:06310262975-061803492584,omid:br/06310262975,omid:br/061803492584
oci:0604583757-062203486949,omid:br/0604583757,omid:br/062203486949
oci:0604583757-062402686748,omid:br/0604583757,omid:br/062402686748
oci:0604583757-0635057969,omid:br/0604583757,omid:br/0635057969
oci:06504618672-06503925393,omid:br/06504618672,omid:br/06503925393
oci:06504618672-0641059882,omid:br/06504618672,omid:br/0641059882
oci:06504618672-06802443953,omid:br/06504618672,omid:br/06802443953
oci:06504618672-062503479620,omid:br/06504618672,omid:br/062503479620
oci:06504618672-06402455784,omid:br/06504618672,omid:br/06402455784
oci:06504618672-06802443505,omid:br/06504618672,omid:br/06802443505
oci:06504618710-06460301787,omid:br/06504618710,omid:br/06460301787
oci:06504618710-06503925393,omid:br/06504618710,omid:br/06503925393
oci:06504618651-0639061656,omid:br/06504618651,omid:br/0639061656
oci:062104085239-06803902058,omid:br/062104085239,omid:br/06803902058
oci:062104085239-062203487083,omid:br/062104085239,omid:br/062203487083
oci:06310262994-0604844671,omid:br/06310262994,omid:br/0604844671
oci:06310262994-061303301899,omid:br/06310262994,omid:br/061303301899
oci:062404104064-06903518585,omid:br/062404104064,omid:br/06903518585
oci:06290266444-0644059139,omid:br/06290266444,omid:br/0644059139
oci:06290266444-06250679274,omid:br/06290266444,omid:br/06250679274
oci:06504618726-0604844804,omid:br/06504618726,omid:br/0604844804
oci:06290266470-06303916943,omid:br/06290266470,omid:br/06303916943
oci:0604552955-06904074484,omid:br/0604552955,omid:br/06904074484
oci:062304098255-0637060567,omid:br/062304098255,omid:br/0637060567
oci:0604583751-0637060567,omid:br/0604583751,omid:br/0637060567
oci:06280278495-062202050817,omid:br/06280278495,omid:br/062202050817
oci:06504618716-061601662072,omid:br/06504618716,omid:br/061601662072
oci:062304098225-06503923995,omid:br/062304098225,omid:br/06503923995
oci:062304098225-061101959490,omid:br/062304098225,omid:br/061101959490
oci:062304098225-0635058217,omid:br/062304098225,omid:br/0635058217
oci:06310263478-0604844625,omid:br/06310263478,omid:br/0604844625
oci:0604583758-0604844814,omid:br/0604583758,omid:br/0604844814
oci:0604583758-0604844815,omid:br/0604583758,omid:br/0604844815
oci:0604583758-06501634921,omid:br/0604583758,omid:br/06501634921
oci:0604583758-0604844816,omid:br/0604583758,omid:br/0604844816
oci:0604583758-0604844817,omid:br/0604583758,omid:br/0604844817
oci:0604583758-0604844801,omid:br/0604583758,omid:br/0604844801
oci:0604583758-06601623347,omid:br/0604583758,omid:br/06601623347
oci:0604583715-0604844814,omid:br/0604583715,omid:br/0604844814
oci:0604583715-0604844818,omid:br/0604583715,omid:br/0604844818
oci:0604583736-06503470936,omid:br/0604583736,omid:br/06503470936
oci:06504618709-0604844803,omid:br/06504618709,omid:br/0604844803
oci:06504618709-0639061158,omid:br/06504618709,omid:br/0639061158
oci:06504617882-0604844788,omid:br/06504617882,omid:br/0604844788
oci:0604552971-0604844787,omid:br/0604552971,omid:br/0604844787
oci:0604552971-062102049645,omid:br/0604552971,omid:br/062102049645
oci:0604552971-062102049579,omid:br/0604552971,omid:br/062102049579
oci:06310263487-062501535094,omid:br/06310263487,omid:br/062501535094
oci:06504618650-061703323782,omid:br/06504618650,omid:br/061703323782
oci:06280278503-06203912937,omid:br/06280278503,omid:br/06203912937
oci:06280278503-06110638137,omid:br/06280278503,omid:br/06110638137
oci:06320255879-0637060165,omid:br/06320255879,omid:br/0637060165
oci:06320255873-06303922649,omid:br/06320255873,omid:br/06303922649
oci:06320255873-0604844668,omid:br/06320255873,omid:br/0604844668
oci:0604552937-06403068158,omid:br/0604552937,omid:br/06403068158
oci:0604552937-0604844788,omid:br/0604552937,omid:br/0604844788
oci:0604583682-0604844812,omid:br/0604583682,omid:br/0604844812
oci:0604583682-0604844813,omid:br/0604583682,omid:br/0604844813
oci:06310263476-061603502546,omid:br/06310263476,omid:br/061603502546
oci:06310263476-062102055775,omid:br/06310263476,omid:br/062102055775
oci:06310263476-06303922649,omid:br/06310263476,omid:br/06303922649
oci:06310263476-06903518815,omid:br/06310263476,omid:br/06903518815
oci:06290266468-06701538187,omid:br/06290266468,omid:br/06701538187
oci:06504618691-0642058390,omid:br/06504618691,omid:br/0642058390
oci:06504618691-062302694515,omid:br/06504618691,omid:br/062302694515
oci:06290266466-06901970066,omid:br/06290266466,omid:br/06901970066
oci:06290266466-06602331337,omid:br/06290266466,omid:br/06602331337
oci:06290266466-0633058309,omid:br/06290266466,omid:br/0633058309
oci:06320256745-06302440906,omid:br/06320256745,omid:br/06302440906
oci:06320256745-06504581894,omid:br/06320256745,omid:br/06504581894
oci:06320256745-06510313123,omid:br/06320256745,omid:br/06510313123
oci:06320256745-06460302147,omid:br/06320256745,omid:br/06460302147
oci:06320256745-06802443949,omid:br/06320256745,omid:br/06802443949
oci:06320256745-062502055478,omid:br/06320256745,omid:br/062502055478
oci:06320256745-061201943869,omid:br/06320256745,omid:br/061201943869
oci:06320256745-062402686349,omid:br/06320256745,omid:br/062402686349
oci:0604583740-06904074354,omid:br/0604583740,omid:br/06904074354
oci:06320256756-06104576696,omid:br/06320256756,omid:br/06104576696
oci:06320256756-06504581915,omid:br/06320256756,omid:br/06504581915
oci:06320256756-06510313127,omid:br/06320256756,omid:br/06510313127
oci:06320256756-061503500045,omid:br/06320256756,omid:br/061503500045
oci:06320255902-061401523776,omid:br/06320255902,omid:br/061401523776
oci:06320255902-06501556759,omid:br/06320255902,omid:br/06501556759
oci:06504617897-062602680563,omid:br/06504617897,omid:br/062602680563
oci:06504617897-0604844796,omid:br/06504617897,omid:br/0604844796
oci:06504617897-0670940362,omid:br/06504617897,omid:br/0670940362
oci:06320256732-0627039271,omid:br/06320256732,omid:br/0627039271
oci:06320256732-06170943797,omid:br/06320256732,omid:br/06170943797
oci:06320255900-0635058528,omid:br/06320255900,omid:br/0635058528
oci:062304098223-06203912937,omid:br/062304098223,omid:br/06203912937
oci:062304098223-0642058341,omid:br/062304098223,omid:br/0642058341
oci:0604583730-0620121351,omid:br/0604583730,omid:br/0620121351
oci:06320256769-062502054992,omid:br/06320256769,omid:br/062502054992
oci:06320256769-06502451678,omid:br/06320256769,omid:br/06502451678
oci:06320256769-0637060567,omid:br/06320256769,omid:br/0637060567
oci:06320256769-06502451077,omid:br/06320256769,omid:br/06502451077
oci:062304098282-0604844805,omid:br/062304098282,omid:br/0604844805
oci:0604583705-06230129267,omid:br/0604583705,omid:br/06230129267
oci:06504617934-06904074392,omid:br/06504617934,omid:br/06904074392
oci:06504617934-06904074558,omid:br/06504617934,omid:br/06904074558
oci:062304098238-062302059372,omid:br/062304098238,omid:br/062302059372
oci:06320255920-06803902802,omid:br/06320255920,omid:br/06803902802
oci:06320255920-06801545088,omid:br/06320255920,omid:br/06801545088
oci:06320255907-0620540867,omid:br/06320255907,omid:br/0620540867
oci:06320255907-06140533485,omid:br/06320255907,omid:br/06140533485
oci:062404104062-0637060677,omid:br/062404104062,omid:br/0637060677
oci:06320255929-0604844665,omid:br/06320255929,omid:br/0604844665
oci:06320255929-061603502546,omid:br/06320255929,omid:br/061603502546
oci:06320255929-06703892814,omid:br/06320255929,omid:br/06703892814
oci:06320255929-06903518815,omid:br/06320255929,omid:br/06903518815
oci:06310263494-0644059539,omid:br/06310263494,omid:br/0644059539
oci:06320255888-06904074504,omid:br/06320255888,omid:br/06904074504
oci:06320255922-061603502400,omid:br/06320255922,omid:br/061603502400
oci:06310263492-06250679786,omid:br/06310263492,omid:br/06250679786
oci:06310263492-0635057923,omid:br/06310263492,omid:br/0635057923
oci:06310263492-061902059367,omid:br/06310263492,omid:br/061902059367
oci:06310263492-062302059197,omid:br/06310263492,omid:br/062302059197
oci:06310263492-062302059372,omid:br/06310263492,omid:br/062302059372
oci:06310263492-06303917093,omid:br/06310263492,omid:br/06303917093
oci:06320255908-06104576325,omid:br/06320255908,omid:br/06104576325
oci:06320255924-0635057878,omid:br/06320255924,omid:br/0635057878
oci:062404103404-0604844820,omid:br/062404103404,omid:br/0604844820
oci:062404103450-062202050977,omid:br/062404103450,omid:br/062202050977
oci:06310263306-061802059211,omid:br/06310263306,omid:br/061802059211
oci:06310263321-0604844832,omid:br/06310263321,omid:br/0604844832
oci:06310263330-06402455848,omid:br/06310263330,omid:br/06402455848
oci:062404103447-0660353131,omid:br/062404103447,omid:br/0660353131
oci:062404103447-06401673892,omid:br/062404103447,omid:br/06401673892
oci:062404103447-0690130921,omid:br/062404103447,omid:br/0690130921
oci:062404103447-0670124443,omid:br/062404103447,omid:br/0670124443
oci:062404103447-062202047177,omid:br/062404103447,omid:br/062202047177
oci:062404103447-06901676480,omid:br/062404103447,omid:br/06901676480
oci:062404103447-062501534674,omid:br/062404103447,omid:br/062501534674
oci:062404103447-061101662630,omid:br/062404103447,omid:br/061101662630
oci:062404103447-0650120273,omid:br/062404103447,omid:br/0650120273
oci:062404103447-061401639579,omid:br/062404103447,omid:br/061401639579
oci:062404103447-061401639657,omid:br/062404103447,omid:br/061401639657
oci:062404103447-0690130163,omid:br/062404103447,omid:br/0690130163
oci:062404103447-0670124892,omid:br/062404103447,omid:br/0670124892
oci:062404103447-062201647737,omid:br/062404103447,omid:br/062201647737
oci:062604120361-061703506404,omid:br/062604120361,omid:br/061703506404
oci:062604120361-0604844825,omid:br/062604120361,omid:br/0604844825
oci:062604120361-0636058900,omid:br/062604120361,omid:br/0636058900
oci:062604120361-06150619957,omid:br/062604120361,omid:br/06150619957
oci:062604120361-0632058857,omid:br/062604120361,omid:br/0632058857
oci:062604120361-06203912937,omid:br/062604120361,omid:br/06203912937
oci:062604120361-0604844826,omid:br/062604120361,omid:br/0604844826
oci:062604120361-0604844827,omid:br/062604120361,omid:br/0604844827
oci:062604120347-0604844823,omid:br/062604120347,omid:br/0604844823
oci:06310263328-06403068099,omid:br/06310263328,omid:br/06403068099
oci:06310263328-0604844829,omid:br/06310263328,omid:br/0604844829
oci:06310263328-0604844833,omid:br/06310263328,omid:br/0604844833
oci:06310263328-0604844834,omid:br/06310263328,omid:br/0604844834
oci:06310263328-0604844835,omid:br/06310263328,omid:br/0604844835
oci:06310263328-0604844836,omid:br/06310263328,omid:br/0604844836
oci:062604120327-0641059505,omid:br/062604120327,omid:br/0641059505
oci:062604120327-062402685817,omid:br/062604120327,omid:br/062402685817
oci:062604120379-0636059481,omid:br/062604120379,omid:br/0636059481
oci:062604120379-0632058857,omid:br/062604120379,omid:br/0632058857
oci:062604120379-06802444135,omid:br/062604120379,omid:br/06802444135
oci:062404103380-061503500144,omid:br/062404103380,omid:br/061503500144
oci:062404103448-062101724452,omid:br/062404103448,omid:br/062101724452
oci:06310263304-0636058898,omid:br/06310263304,omid:br/0636058898
oci:06310263304-0641059489,omid:br/06310263304,omid:br/0641059489
oci:062404103422-06210124155,omid:br/062404103422,omid:br/06210124155
oci:06310263301-06901411084,omid:br/06310263301,omid:br/06901411084
oci:06310263301-06701389510,omid:br/06310263301,omid:br/06701389510
oci:062404103416-0638060513,omid:br/062404103416,omid:br/0638060513
oci:06310263271-061902662177,omid:br/06310263271,omid:br/061902662177
oci:062604120313-06104576044,omid:br/062604120313,omid:br/06104576044
oci:062604120313-06104576030,omid:br/062604120313,omid:br/06104576030
oci:062604120313-06104576064,omid:br/062604120313,omid:br/06104576064
oci:062604120313-06203911368,omid:br/062604120313,omid:br/06203911368
oci:062604120313-06104576101,omid:br/062604120313,omid:br/06104576101
oci:062604120313-06802326607,omid:br/062604120313,omid:br/06802326607
oci:062604120313-0637060706,omid:br/062604120313,omid:br/0637060706
oci:06310263275-0604844828,omid:br/06310263275,omid:br/0604844828
oci:06310263275-0604844829,omid:br/06310263275,omid:br/0604844829
oci:062404103462-06902135946,omid:br/062404103462,omid:br/06902135946
oci:062404103397-062603512329,omid:br/062404103397,omid:br/062603512329
oci:062404103397-06901557273,omid:br/062404103397,omid:br/06901557273
oci:062404103375-061902052899,omid:br/062404103375,omid:br/061902052899
oci:062604120351-0604844824,omid:br/062604120351,omid:br/0604844824
oci:062404103443-06203912937,omid:br/062404103443,omid:br/06203912937
oci:062404103393-06303917093,omid:br/062404103393,omid:br/06303917093
oci:06310263335-0638059874,omid:br/06310263335,omid:br/0638059874
oci:062404103382-06130210950,omid:br/062404103382,omid:br/06130210950
oci:062404103384-062302059114,omid:br/062404103384,omid:br/062302059114
oci:062404103389-06503925393,omid:br/062404103389,omid:br/06503925393
oci:06310263320-06104576067,omid:br/06310263320,omid:br/06104576067
oci:06310263320-0604844830,omid:br/06310263320,omid:br/0604844830
oci:06310263320-0604844831,omid:br/06310263320,omid:br/0604844831
oci:062404103398-0604844821,omid:br/062404103398,omid:br/0604844821
oci:062404103398-0604844822,omid:br/062404103398,omid:br/0604844822
oci:062404103454-0604844819,omid:br/062404103454,omid:br/0604844819
oci:062404103379-0670940016,omid:br/062404103379,omid:br/0670940016
