id,citing,cited,creation,timespan,journal_sc,author_sc
oci:061403959573-06904101220,omid:br/061403959573,omid:br/06904101220,1996,P1Y,yes,no
oci:061203970501-062401711721,omid:br/061203970501,omid:br/062401711721,1996,P4Y,no,no
oci:061203970484-06704539618,omid:br/061203970484,omid:br/06704539618,1996,P4Y,no,no
oci:061203970484-06604571024,omid:br/061203970484,omid:br/06604571024,1996,P1Y,no,no
oci:061104104642-06704476799,omid:br/061104104642,omid:br/06704476799,1995,P1Y,yes,no
oci:061104104538-06704476877,omid:br/061104104538,omid:br/06704476877,1995,P1Y,yes,no
oci:061104104494-061303950655,omid:br/061104104494,omid:br/061303950655,1995,P1Y,yes,no
oci:061104104722-06130479475,omid:br/061104104722,omid:br/06130479475,1995,P15Y,no,no
oci:061104104722-06240477469,omid:br/061104104722,omid:br/06240477469,1995,P0Y,no,no
oci:061104104476-061303950626,omid:br/061104104476,omid:br/061303950626,1995,P1Y,yes,no
oci:061104104480-061303950717,omid:br/061104104480,omid:br/061303950717,1995,P1Y,yes,no
oci:06704477179-06180355766,omid:br/06704477179,omid:br/06180355766,1997,P1Y,no,no
oci:061104104689-06804499809,omid:br/061104104689,omid:br/06804499809,1995,P1Y,yes,no
oci:061104104689-06340229210,omid:br/061104104689,omid:br/06340229210,1995,P6Y,no,no
oci:061203970503-061203971025,omid:br/061203970503,omid:br/061203971025,1996,P2Y,yes,no
oci:061203970503-06704476859,omid:br/061203970503,omid:br/06704476859,1996,P2Y,yes,no
oci:061403959564-06704477146,omid:br/061403959564,omid:br/06704477146,1997,P0Y,yes,no
oci:061104104652-0604837862,omid:br/061104104652,omid:br/0604837862,1995,P10Y,no,no
oci:061403959571-061104104689,omid:br/061403959571,omid:br/061104104689,1997,P2Y,yes,no
oci:061403959640-06204568463,omid:br/061403959640,omid:br/06204568463,1997,P6Y,no,no
oci:061403959640-061703973604,omid:br/061403959640,omid:br/061703973604,1997,P2Y,yes,no
oci:061104104712-061303950705,omid:br/061104104712,omid:br/061303950705,1995,P1Y,yes,no
oci:06704477178-06804499865,omid:br/06704477178,omid:br/06804499865,1997,P3Y,yes,no
oci:061403959613-06804500118,omid:br/061403959613,omid:br/06804500118,1997,P1Y,yes,no
oci:061403959613-061603966907,omid:br/061403959613,omid:br/061603966907,1997,P1Y,yes,no
oci:061403959613-061403959627,omid:br/061403959613,omid:br/061403959627,1997,P1Y,yes,no
oci:061104104730-06704476837,omid:br/061104104730,omid:br/06704476837,1995,P1Y,yes,no
oci:061403958787-0604837865,omid:br/061403958787,omid:br/0604837865,1995,P2Y,no,no
oci:061403958787-06902424881,omid:br/061403958787,omid:br/06902424881,1995,P2Y,no,no
oci:061403958787-06902424762,omid:br/061403958787,omid:br/06902424762,1995,P1Y,no,no
oci:061403958832-06220673632,omid:br/061403958832,omid:br/06220673632,1995,P2Y,no,no
oci:06704477084-061203971065,omid:br/06704477084,omid:br/061203971065,1997,P3Y,yes,no
oci:06704477084-061703973589,omid:br/06704477084,omid:br/061703973589,1997,P2Y,yes,no
oci:06704477084-06804500130,omid:br/06704477084,omid:br/06804500130,1997,P1Y,yes,no
oci:06704477116-06180228514,omid:br/06704477116,omid:br/06180228514,1997,P33Y,no,no
oci:06704477116-06210229318,omid:br/06704477116,omid:br/06210229318,1997,P30Y,no,no
oci:06704477172-0604652549,omid:br/06704477172,omid:br/0604652549,1997,P3Y,yes,no
oci:06704477172-061303950624,omid:br/06704477172,omid:br/061303950624,1997,P3Y,yes,no
oci:061104104678-06804499861,omid:br/061104104678,omid:br/06804499861,1995,P1Y,yes,no
oci:061403959631-061403959584,omid:br/061403959631,omid:br/061403959584,1997,P1Y,yes,no
oci:061104104739-0660357206,omid:br/061104104739,omid:br/0660357206,1995,P21Y,no,no
oci:061403959557-061104104500,omid:br/061403959557,omid:br/061104104500,1997,P2Y,yes,no
oci:061104104645-061104104647,omid:br/061104104645,omid:br/061104104647,1995,P0Y,yes,no
oci:061203970549-0604837859,omid:br/061203970549,omid:br/0604837859,1996,P5Y,no,no
oci:061203970500-061303950692,omid:br/061203970500,omid:br/061303950692,1996,P2Y,yes,no
oci:061203970500-061403958770,omid:br/061203970500,omid:br/061403958770,1996,P1Y,yes,no
oci:061104104687-0604837871,omid:br/061104104687,omid:br/0604837871,1995,P7Y,no,no
oci:061403958768-061702607411,omid:br/061403958768,omid:br/061702607411,1995,P15Y,no,no
oci:061203970518-06904101155,omid:br/061203970518,omid:br/06904101155,1996,P1Y,yes,no
oci:061203970518-06904101143,omid:br/061203970518,omid:br/06904101143,1996,P1Y,yes,no
oci:061403958817-0604652549,omid:br/061403958817,omid:br/0604652549,1995,P1Y,yes,no
oci:061104104489-0680902633,omid:br/061104104489,omid:br/0680902633,1995,P3Y,no,no
oci:061403958778-0604837863,omid:br/061403958778,omid:br/0604837863,1995,P2Y,no,no
oci:061403958778-0604837864,omid:br/061403958778,omid:br/0604837864,1995,P2Y,no,no
oci:061104104732-0604652522,omid:br/061104104732,omid:br/0604652522,1995,P1Y,yes,no
oci:061104104664-061303950655,omid:br/061104104664,omid:br/061303950655,1995,P1Y,yes,no
oci:061403959598-06260870464,omid:br/061403959598,omid:br/06260870464,1997,P1Y,no,no
oci:061703973512-0604837866,omid:br/061703973512,omid:br/0604837866,1995,P0Y,no,no
oci:061403959633-061403958788,omid:br/061403959633,omid:br/061403958788,1997,P2Y,yes,no
oci:061703973578-0604652522,omid:br/061703973578,omid:br/0604652522,1995,P1Y,yes,no
oci:061703973589-061203971065,omid:br/061703973589,omid:br/061203971065,1995,P1Y,yes,no
oci:061603966927-061403958761,omid:br/061603966927,omid:br/061403958761,1996,P1Y,yes,no
oci:061603966925-061104104741,omid:br/061603966925,omid:br/061104104741,1996,P1Y,yes,no
oci:061703973559-06480228334,omid:br/061703973559,omid:br/06480228334,1995,P17Y,no,no
oci:061703973559-061203970991,omid:br/061703973559,omid:br/061203970991,1995,P1Y,yes,no
oci:061703973583-0604652522,omid:br/061703973583,omid:br/0604652522,1995,P1Y,yes,no
oci:06704477105-0630486948,omid:br/06704477105,omid:br/0630486948,1997,P17Y,no,no
oci:06704477105-06260504002,omid:br/06704477105,omid:br/06260504002,1997,P16Y,no,no
oci:061603966890-061104104526,omid:br/061603966890,omid:br/061104104526,1996,P1Y,yes,no
oci:061603966890-061403958789,omid:br/061603966890,omid:br/061403958789,1996,P1Y,yes,no
oci:061603966890-061403958795,omid:br/061603966890,omid:br/061403958795,1996,P1Y,yes,no
oci:061603966890-06904101222,omid:br/061603966890,omid:br/06904101222,1996,P1Y,yes,no
oci:061104104509-06470204071,omid:br/061104104509,omid:br/06470204071,1995,P10Y,no,no
oci:061703973516-061801842123,omid:br/061703973516,omid:br/061801842123,1996,P3Y,no,no
oci:06704477138-061604028532,omid:br/06704477138,omid:br/061604028532,1997,P1Y,no,no
oci:061104104499-06250351789,omid:br/061104104499,omid:br/06250351789,1995,P26Y,no,no
oci:061104104499-061301722394,omid:br/061104104499,omid:br/061301722394,1995,P22Y,no,no
oci:061603966931-061203971065,omid:br/061603966931,omid:br/061203971065,1996,P2Y,yes,no
oci:061603966931-061703973589,omid:br/061603966931,omid:br/061703973589,1996,P1Y,yes,no
oci:061603966931-06804500130,omid:br/061603966931,omid:br/06804500130,1996,P0Y,yes,no
oci:061703973533-062102800324,omid:br/061703973533,omid:br/062102800324,1996,P3Y,no,no
oci:061603966948-06904101134,omid:br/061603966948,omid:br/06904101134,1996,P1Y,yes,no
oci:061703973534-0604837867,omid:br/061703973534,omid:br/0604837867,1996,P6Y,no,no
oci:061703973596-06240702919,omid:br/061703973596,omid:br/06240702919,1996,P18Y,no,no
oci:061703973571-061104104691,omid:br/061703973571,omid:br/061104104691,1996,P1Y,yes,no
oci:06904101200-06902271660,omid:br/06904101200,omid:br/06902271660,1995,P1Y,no,no
oci:06904101200-061402372495,omid:br/06904101200,omid:br/061402372495,1995,P1Y,no,no
oci:061104104464-061203971031,omid:br/061104104464,omid:br/061203971031,1995,P1Y,yes,no
oci:06904101184-06804499825,omid:br/06904101184,omid:br/06804499825,1995,P1Y,yes,no
oci:06904101184-061203971065,omid:br/06904101184,omid:br/061203971065,1995,P1Y,yes,no
oci:061703973540-06703154295,omid:br/061703973540,omid:br/06703154295,1996,P13Y,no,no
oci:061703973540-061403958788,omid:br/061703973540,omid:br/061403958788,1996,P1Y,yes,no
oci:061703973540-06104103252,omid:br/061703973540,omid:br/06104103252,1996,P8Y,no,no
oci:061703973597-06804500112,omid:br/061703973597,omid:br/06804500112,1996,P0Y,yes,no
oci:061703973597-061104104723,omid:br/061703973597,omid:br/061104104723,1996,P1Y,yes,no
oci:061703973597-061104104460,omid:br/061703973597,omid:br/061104104460,1996,P1Y,yes,no
oci:061603966889-061402209600,omid:br/061603966889,omid:br/061402209600,1996,P18Y,no,no
oci:061104104529-061502236735,omid:br/061104104529,omid:br/061502236735,1995,P9Y,no,no
oci:061104104529-061502236677,omid:br/061104104529,omid:br/061502236677,1995,P7Y,no,no
oci:06904101208-061203971040,omid:br/06904101208,omid:br/061203971040,1995,P1Y,yes,no
oci:061603966869-061104128798,omid:br/061603966869,omid:br/061104128798,1996,P1Y,no,no
oci:061603966869-061104104537,omid:br/061603966869,omid:br/061104104537,1996,P1Y,yes,no
oci:06904101199-061104104699,omid:br/06904101199,omid:br/061104104699,1995,P1Y,yes,no
oci:061603966946-061203970516,omid:br/061603966946,omid:br/061203970516,1996,P0Y,yes,no
oci:06704477125-06130479597,omid:br/06704477125,omid:br/06130479597,1997,P10Y,no,no
oci:06704477140-06804499853,omid:br/06704477140,omid:br/06804499853,1997,P3Y,yes,no
oci:06704477140-061104104672,omid:br/06704477140,omid:br/061104104672,1997,P2Y,yes,no
oci:06904101144-0604837860,omid:br/06904101144,omid:br/0604837860,1995,P2Y,no,no
oci:06904101144-06601050570,omid:br/06904101144,omid:br/06601050570,1995,P15Y,no,no
oci:06904101144-06403469504,omid:br/06904101144,omid:br/06403469504,1995,P14Y,no,no
oci:06904101180-061701851385,omid:br/06904101180,omid:br/061701851385,1995,P40Y,no,no
oci:06704477109-06704476846,omid:br/06704477109,omid:br/06704476846,1997,P3Y,yes,no
oci:06704477109-061403958799,omid:br/06704477109,omid:br/061403958799,1997,P2Y,yes,no
oci:06704477109-061303950653,omid:br/06704477109,omid:br/061303950653,1997,P3Y,yes,no
oci:06704477143-0604837860,omid:br/06704477143,omid:br/0604837860,1997,P4Y,no,no
oci:06704477143-0610622861,omid:br/06704477143,omid:br/0610622861,1997,P33Y,no,no
oci:06704477148-061603966877,omid:br/06704477148,omid:br/061603966877,1997,P1Y,yes,no
oci:061403959622-061603966904,omid:br/061403959622,omid:br/061603966904,1996,P0Y,yes,no
oci:061203970519-061104104521,omid:br/061203970519,omid:br/061104104521,1996,P1Y,yes,no
oci:061603966916-06402858030,omid:br/061603966916,omid:br/06402858030,1996,P3Y,no,no
oci:06804500142-061403958816,omid:br/06804500142,omid:br/061403958816,1996,P1Y,yes,no
oci:061203970488-061303950689,omid:br/061203970488,omid:br/061303950689,1996,P2Y,yes,no
oci:061203970559-061703973589,omid:br/061203970559,omid:br/061703973589,1996,P1Y,yes,no
oci:06804500152-06260870429,omid:br/06804500152,omid:br/06260870429,1996,P1Y,no,no
oci:06704477152-0630441808,omid:br/06704477152,omid:br/0630441808,1997,P32Y,no,no
oci:06704477152-06403937774,omid:br/06704477152,omid:br/06403937774,1997,P29Y,no,no
oci:06804500137-062601175151,omid:br/06804500137,omid:br/062601175151,1996,P4Y,no,no
oci:06804500118-061104104691,omid:br/06804500118,omid:br/061104104691,1996,P1Y,yes,no
oci:061603966879-061203971057,omid:br/061603966879,omid:br/061203971057,1996,P2Y,yes,no
oci:06804500170-06904101134,omid:br/06804500170,omid:br/06904101134,1996,P1Y,yes,no
oci:06804500173-06704476877,omid:br/06804500173,omid:br/06704476877,1996,P2Y,yes,no
oci:06804500173-061203970991,omid:br/06804500173,omid:br/061203970991,1996,P2Y,yes,no
oci:06804500173-061703973559,omid:br/06804500173,omid:br/061703973559,1996,P1Y,yes,no
oci:061603966897-061403958770,omid:br/061603966897,omid:br/061403958770,1996,P1Y,yes,no
oci:061603966918-0604845427,omid:br/061603966918,omid:br/0604845427,1996,P0Y,no,no
oci:06704477132-06230851278,omid:br/06704477132,omid:br/06230851278,1997,P7Y,no,no
oci:06704477132-06103747023,omid:br/06704477132,omid:br/06103747023,1997,P10Y,no,no
oci:06704477132-06160938599,omid:br/06704477132,omid:br/06160938599,1997,P15Y,no,no
oci:061203970582-06290290344,omid:br/061203970582,omid:br/06290290344,1996,P3Y,no,no
oci:06804500130-061203971065,omid:br/06804500130,omid:br/061203971065,1996,P2Y,yes,no
oci:06804500130-06904101184,omid:br/06804500130,omid:br/06904101184,1996,P1Y,yes,no
oci:06804500130-061703973589,omid:br/06804500130,omid:br/061703973589,1996,P1Y,yes,no
oci:06804500175-06904101194,omid:br/06804500175,omid:br/06904101194,1996,P1Y,yes,no
oci:061203970545-062102800292,omid:br/061203970545,omid:br/062102800292,1996,P2Y,no,no
oci:061203970545-06140351313,omid:br/061203970545,omid:br/06140351313,1996,P1Y,no,no
oci:061603967477-061303950393,omid:br/061603967477,omid:br/061303950393,1998,P1Y,yes,no
oci:061303950401-061503963011,omid:br/061303950401,omid:br/061503963011,1997,P1Y,yes,no
oci:061303950414-06804499798,omid:br/061303950414,omid:br/06804499798,1997,P3Y,yes,no
oci:061303950908-06170628181,omid:br/061303950908,omid:br/06170628181,1999,P1Y,no,no
oci:061303950908-0610613281,omid:br/061303950908,omid:br/0610613281,1999,P2Y,no,no
oci:061303950347-06904101199,omid:br/061303950347,omid:br/06904101199,1997,P2Y,yes,no
oci:061303950845-06260870768,omid:br/061303950845,omid:br/06260870768,1999,P1Y,no,no
oci:0604283129-0604837848,omid:br/0604283129,omid:br/0604837848,1998,P1Y,no,no
oci:061203971266-061601287174,omid:br/061203971266,omid:br/061601287174,1997,P3Y,no,no
oci:061203971266-062601764660,omid:br/061203971266,omid:br/062601764660,1997,P3Y,no,no
oci:061603967498-06304560433,omid:br/061603967498,omid:br/06304560433,1998,P7Y,no,no
oci:061203971230-06340296077,omid:br/061203971230,omid:br/06340296077,1997,P1Y,no,no
oci:061203971230-061701282015,omid:br/061203971230,omid:br/061701282015,1997,P4Y,no,no
oci:061303950824-061604028723,omid:br/061303950824,omid:br/061604028723,1999,P6Y,no,no
oci:061603967491-061603966951,omid:br/061603967491,omid:br/061603966951,1998,P2Y,yes,no
oci:061203971226-061203971002,omid:br/061203971226,omid:br/061203971002,1997,P3Y,yes,no
oci:061203971264-06250481565,omid:br/061203971264,omid:br/06250481565,1997,P2Y,no,no
oci:0604283161-061603966963,omid:br/0604283161,omid:br/061603966963,1998,P2Y,yes,no
oci:061303950901-06804500136,omid:br/061303950901,omid:br/06804500136,1999,P3Y,yes,no
oci:061203971244-061203971253,omid:br/061203971244,omid:br/061203971253,1997,P0Y,yes,no
oci:061403959543-0660357206,omid:br/061403959543,omid:br/0660357206,1998,P24Y,no,no
oci:061403959543-061303950335,omid:br/061403959543,omid:br/061303950335,1998,P1Y,yes,no
oci:061703973395-061104104480,omid:br/061703973395,omid:br/061104104480,1998,P3Y,yes,no
oci:061403959552-061403958799,omid:br/061403959552,omid:br/061403958799,1998,P3Y,yes,no
oci:061703973388-06901702502,omid:br/061703973388,omid:br/06901702502,1998,P4Y,no,no
oci:061703973388-06302576689,omid:br/061703973388,omid:br/06302576689,1998,P15Y,no,no
oci:061703973388-06140674265,omid:br/061703973388,omid:br/06140674265,1998,P2Y,no,no
oci:061703973388-06190287686,omid:br/061703973388,omid:br/06190287686,1998,P7Y,no,no
oci:061403959516-061903508985,omid:br/061403959516,omid:br/061903508985,1998,P1Y,no,no
oci:061703973403-061203971265,omid:br/061703973403,omid:br/061203971265,1998,P1Y,yes,no
oci:061303950896-06230490238,omid:br/061303950896,omid:br/06230490238,1999,P9Y,no,no
oci:061603967490-06801093115,omid:br/061603967490,omid:br/06801093115,1998,P11Y,no,no
oci:061603967490-06204421680,omid:br/061603967490,omid:br/06204421680,1998,P13Y,no,no
oci:061603967490-06804499804,omid:br/061603967490,omid:br/06804499804,1998,P4Y,yes,no
oci:061303950331-06230489104,omid:br/061303950331,omid:br/06230489104,1997,P1Y,no,no
oci:061303950331-06220751638,omid:br/061303950331,omid:br/06220751638,1997,P3Y,no,no
oci:061303950331-061601916064,omid:br/061303950331,omid:br/061601916064,1997,P10Y,no,no
oci:061303950397-06230489104,omid:br/061303950397,omid:br/06230489104,1997,P1Y,no,no
oci:061403959546-06130479344,omid:br/061403959546,omid:br/06130479344,1998,P13Y,no,no
oci:061603967486-061401426930,omid:br/061603967486,omid:br/061401426930,1998,P17Y,no,no
oci:061603967486-061403812899,omid:br/061603967486,omid:br/061403812899,1998,P17Y,no,no
oci:061403959502-06301092985,omid:br/061403959502,omid:br/06301092985,1998,P8Y,no,no
oci:061703973407-06504001294,omid:br/061703973407,omid:br/06504001294,1998,P1Y,no,no
oci:061703973407-06230490081,omid:br/061703973407,omid:br/06230490081,1998,P18Y,no,no
oci:061703973407-061103512159,omid:br/061703973407,omid:br/061103512159,1998,P2Y,no,no
oci:061703973407-06240477469,omid:br/061703973407,omid:br/06240477469,1998,P3Y,no,no
oci:061703973407-06240476872,omid:br/061703973407,omid:br/06240476872,1998,P3Y,no,no
oci:061603967501-061403959584,omid:br/061603967501,omid:br/061403959584,1998,P2Y,yes,no
oci:061303950890-061703985472,omid:br/061303950890,omid:br/061703985472,1999,P1Y,no,no
oci:061303950890-061303950363,omid:br/061303950890,omid:br/061303950363,1999,P2Y,yes,no
oci:061703973402-0604837845,omid:br/061703973402,omid:br/0604837845,1998,P1Y,no,no
oci:061303950366-061104104528,omid:br/061303950366,omid:br/061104104528,1997,P2Y,yes,no
oci:061303950366-061603966958,omid:br/061303950366,omid:br/061603966958,1997,P1Y,yes,no
oci:061403959529-061303950346,omid:br/061403959529,omid:br/061303950346,1998,P1Y,yes,no
oci:061303950409-06804499858,omid:br/061303950409,omid:br/06804499858,1997,P3Y,yes,no
oci:061203971214-06110784616,omid:br/061203971214,omid:br/06110784616,1998,P2Y,no,no
oci:061203971190-061403958792,omid:br/061203971190,omid:br/061403958792,1998,P3Y,yes,no
oci:061203971239-0604837844,omid:br/061203971239,omid:br/0604837844,1998,P0Y,no,no
oci:061403959484-0604837846,omid:br/061403959484,omid:br/0604837846,1998,P1Y,no,no
oci:061403959484-0604302016,omid:br/061403959484,omid:br/0604302016,1998,P1Y,no,no
oci:0604283110-061403959489,omid:br/0604283110,omid:br/061403959489,1998,P0Y,yes,no
oci:061603967495-06103499463,omid:br/061603967495,omid:br/06103499463,1998,P1Y,no,no
oci:0604283196-061603967477,omid:br/0604283196,omid:br/061603967477,1998,P0Y,yes,no
oci:061703973360-0610355229,omid:br/061703973360,omid:br/0610355229,1998,P1Y,no,no
oci:061703973360-06250353819,omid:br/061703973360,omid:br/06250353819,1998,P26Y,no,no
oci:0604283185-06704476877,omid:br/0604283185,omid:br/06704476877,1998,P4Y,yes,no
oci:061603966658-061703973589,omid:br/061603966658,omid:br/061703973589,2000,P5Y,yes,no
oci:061603966658-061303950831,omid:br/061603966658,omid:br/061303950831,2000,P1Y,yes,no
oci:0604283151-061403958770,omid:br/0604283151,omid:br/061403958770,1998,P3Y,yes,no
oci:0604283115-06704477170,omid:br/0604283115,omid:br/06704477170,1998,P1Y,yes,no
oci:0604658494-061303950345,omid:br/0604658494,omid:br/061303950345,1999,P2Y,yes,no
oci:0604658494-06704477148,omid:br/0604658494,omid:br/06704477148,1999,P2Y,yes,no
oci:061203971237-062102800335,omid:br/061203971237,omid:br/062102800335,1997,P2Y,no,no
oci:0604283122-061403958767,omid:br/0604283122,omid:br/061403958767,1998,P3Y,yes,no
oci:061403959498-06190856886,omid:br/061403959498,omid:br/06190856886,1998,P5Y,no,no
oci:061503963969-061303950859,omid:br/061503963969,omid:br/061303950859,2000,P1Y,yes,no
oci:061503963969-062601677348,omid:br/061503963969,omid:br/062601677348,2000,P6Y,no,no
oci:061503963994-0604283139,omid:br/061503963994,omid:br/0604283139,2000,P2Y,yes,no
oci:0604283147-061703973400,omid:br/0604283147,omid:br/061703973400,1998,P0Y,yes,no
oci:061603967511-06804500133,omid:br/061603967511,omid:br/06804500133,1998,P2Y,yes,no
oci:061303950834-0660357206,omid:br/061303950834,omid:br/0660357206,1999,P25Y,no,no
oci:0604283136-061203971000,omid:br/0604283136,omid:br/061203971000,1998,P4Y,yes,no
oci:0604283136-061203971277,omid:br/0604283136,omid:br/061203971277,1998,P1Y,yes,no
oci:061203971255-06140989310,omid:br/061203971255,omid:br/06140989310,1997,P16Y,no,no
oci:061303950885-06401289327,omid:br/061303950885,omid:br/06401289327,1999,P19Y,no,no
oci:061603967508-061502235665,omid:br/061603967508,omid:br/061502235665,1998,P9Y,no,no
oci:061603967508-061502235646,omid:br/061603967508,omid:br/061502235646,1998,P1Y,no,no
oci:061203971277-061203971000,omid:br/061203971277,omid:br/061203971000,1997,P3Y,yes,no
oci:061603967484-061602209830,omid:br/061603967484,omid:br/061602209830,1998,P28Y,no,no
oci:061203971191-061303950414,omid:br/061203971191,omid:br/061303950414,1997,P0Y,yes,no
oci:0604283114-061403959638,omid:br/0604283114,omid:br/061403959638,1998,P1Y,yes,no
oci:0604283114-0604837849,omid:br/0604283114,omid:br/0604837849,1998,P5Y,no,no
oci:0604658497-06804500151,omid:br/0604658497,omid:br/06804500151,1999,P3Y,yes,no
oci:0604283131-06301063388,omid:br/0604283131,omid:br/06301063388,1998,P3Y,no,no
oci:062403570971-061101421115,omid:br/062403570971,omid:br/061101421115,1998,P12Y,no,no
oci:062403570971-06701085193,omid:br/062403570971,omid:br/06701085193,1998,P7Y,no,no
oci:0604658507-061104104529,omid:br/0604658507,omid:br/061104104529,1999,P4Y,yes,no
oci:061403959500-061303950624,omid:br/061403959500,omid:br/061303950624,1998,P4Y,yes,no
oci:0604658560-06240341892,omid:br/0604658560,omid:br/06240341892,1999,P2Y,no,no
oci:0604658560-0604837852,omid:br/0604658560,omid:br/0604837852,1999,P5Y,no,no
oci:0604658591-061203970515,omid:br/0604658591,omid:br/061203970515,1999,P3Y,yes,no
oci:0604658591-061603966961,omid:br/0604658591,omid:br/061603966961,1999,P3Y,yes,no
oci:0604658578-0604837850,omid:br/0604658578,omid:br/0604837850,1998,P8Y,no,no
oci:0604658533-06904101163,omid:br/0604658533,omid:br/06904101163,1998,P3Y,yes,no
oci:0604658503-0604837853,omid:br/0604658503,omid:br/0604837853,1999,P9Y,no,no
oci:061503963114-06101092455,omid:br/061503963114,omid:br/06101092455,2000,P12Y,no,no
oci:0604658555-061403959584,omid:br/0604658555,omid:br/061403959584,1999,P3Y,yes,no
oci:0604658555-061403959631,omid:br/0604658555,omid:br/061403959631,1999,P2Y,yes,no
oci:061203971275-061503982619,omid:br/061203971275,omid:br/061503982619,1997,P1Y,no,no
oci:0604658513-061203971000,omid:br/0604658513,omid:br/061203971000,1998,P4Y,yes,no
oci:061403959481-06804500142,omid:br/061403959481,omid:br/06804500142,1998,P2Y,yes,no
oci:0604658567-061403959584,omid:br/0604658567,omid:br/061403959584,1999,P3Y,yes,no
oci:0604283181-06210354767,omid:br/0604283181,omid:br/06210354767,1998,P1Y,no,no
oci:0604658559-0680789991,omid:br/0604658559,omid:br/0680789991,1999,P1Y,no,no
oci:061503963029-06704476877,omid:br/061503963029,omid:br/06704476877,2000,P6Y,yes,no
oci:06904100707-06490280937,omid:br/06904100707,omid:br/06490280937,1999,P1Y,no,no
oci:0604283124-0604837847,omid:br/0604283124,omid:br/0604837847,1998,P0Y,no,no
oci:06904100637-0604837855,omid:br/06904100637,omid:br/0604837855,1999,P0Y,no,no
oci:0604658545-06703687628,omid:br/0604658545,omid:br/06703687628,1999,P38Y,no,no
oci:061503963084-061201739398,omid:br/061503963084,omid:br/061201739398,2000,P3Y,no,no
oci:0604658580-0670785075,omid:br/0604658580,omid:br/0670785075,1999,P0Y,no,no
oci:061503963067-061203971259,omid:br/061503963067,omid:br/061203971259,1999,P1Y,yes,no
oci:0604283141-061901222527,omid:br/0604283141,omid:br/061901222527,1998,P19Y,no,no
oci:061503963058-061403958775,omid:br/061503963058,omid:br/061403958775,1999,P4Y,yes,no
oci:0604658572-06201572701,omid:br/0604658572,omid:br/06201572701,1999,P6Y,no,no
oci:061503963063-06804500107,omid:br/061503963063,omid:br/06804500107,1999,P3Y,yes,no
oci:061503963063-061703973537,omid:br/061503963063,omid:br/061703973537,1999,P3Y,yes,no
oci:061503963038-061104104673,omid:br/061503963038,omid:br/061104104673,1999,P4Y,yes,no
oci:0604658540-06190358335,omid:br/0604658540,omid:br/06190358335,1999,P4Y,no,no
oci:06904100725-06704476820,omid:br/06904100725,omid:br/06704476820,1999,P5Y,yes,no
oci:06904100725-061603967464,omid:br/06904100725,omid:br/061603967464,1999,P1Y,yes,no
oci:061503963090-061603967509,omid:br/061503963090,omid:br/061603967509,2000,P2Y,yes,no
oci:061503963050-0604283138,omid:br/061503963050,omid:br/0604283138,1999,P1Y,yes,no
oci:061503963050-061603967511,omid:br/061503963050,omid:br/061603967511,1999,P1Y,yes,no
oci:061503963050-061603967496,omid:br/061503963050,omid:br/061603967496,1999,P1Y,yes,no
oci:0604658562-0604837851,omid:br/0604658562,omid:br/0604837851,1999,P4Y,no,no
oci:0604658509-061303950393,omid:br/0604658509,omid:br/061303950393,1999,P2Y,yes,no
oci:0604658509-0604658525,omid:br/0604658509,omid:br/0604658525,1999,P0Y,yes,no
oci:0604283145-061403959577,omid:br/0604283145,omid:br/061403959577,1998,P1Y,yes,no
oci:0604658543-061403959635,omid:br/0604658543,omid:br/061403959635,1999,P2Y,yes,no
oci:0604658554-061403959584,omid:br/0604658554,omid:br/061403959584,1999,P3Y,yes,no
oci:0604658554-061603967501,omid:br/0604658554,omid:br/061603967501,1999,P1Y,yes,no
oci:061303950867-061101446851,omid:br/061303950867,omid:br/061101446851,1999,P19Y,no,no
oci:061303950839-06704477153,omid:br/061303950839,omid:br/06704477153,1999,P2Y,yes,no
oci:061303950391-061402209117,omid:br/061303950391,omid:br/061402209117,1997,P8Y,no,no
oci:061303950391-06390286352,omid:br/061303950391,omid:br/06390286352,1997,P11Y,no,no
oci:061303950391-061402209056,omid:br/061303950391,omid:br/061402209056,1997,P8Y,no,no
oci:061303950391-061402209272,omid:br/061303950391,omid:br/061402209272,1997,P4Y,no,no
oci:061303950391-06260870562,omid:br/061303950391,omid:br/06260870562,1997,P11Y,no,no
oci:061503964006-06180355717,omid:br/061503964006,omid:br/06180355717,2000,P6Y,no,no
oci:061403959539-061502739665,omid:br/061403959539,omid:br/061502739665,1998,P1Y,no,no
oci:061503963098-061302862159,omid:br/061503963098,omid:br/061302862159,1999,P9Y,no,no
oci:061503963098-061703973363,omid:br/061503963098,omid:br/061703973363,1999,P1Y,yes,no
oci:061603966644-061502235697,omid:br/061603966644,omid:br/061502235697,2000,P2Y,no,no
oci:061303950339-0604837862,omid:br/061303950339,omid:br/0604837862,1997,P12Y,no,no
oci:061503963034-061401265826,omid:br/061503963034,omid:br/061401265826,1999,P5Y,no,no
oci:061503964004-06180355360,omid:br/061503964004,omid:br/06180355360,2000,P8Y,no,no
oci:061503964004-06503295348,omid:br/061503964004,omid:br/06503295348,2000,P1Y,no,no
oci:061303950831-061203971065,omid:br/061303950831,omid:br/061203971065,1999,P5Y,yes,no
oci:061303950831-06904101184,omid:br/061303950831,omid:br/06904101184,1999,P4Y,yes,no
oci:061303950831-061703973589,omid:br/061303950831,omid:br/061703973589,1999,P4Y,yes,no
oci:061303950831-06804500130,omid:br/061303950831,omid:br/06804500130,1999,P3Y,yes,no
oci:061303950367-06804500109,omid:br/061303950367,omid:br/06804500109,1997,P1Y,yes,no
oci:06904100728-0604837854,omid:br/06904100728,omid:br/0604837854,1999,P13Y,no,no
oci:061503963970-06104199168,omid:br/061503963970,omid:br/06104199168,2000,P2Y,no,no
oci:061503963970-0660724062,omid:br/061503963970,omid:br/0660724062,2000,P4Y,no,no
oci:061303950897-061104104689,omid:br/061303950897,omid:br/061104104689,1999,P4Y,yes,no
oci:061303950897-061403959571,omid:br/061303950897,omid:br/061403959571,1999,P2Y,yes,no
oci:06904100696-06701155133,omid:br/06904100696,omid:br/06701155133,1999,P11Y,no,no
oci:061403959457-06210354747,omid:br/061403959457,omid:br/06210354747,1998,P4Y,no,no
oci:061303950350-061203970996,omid:br/061303950350,omid:br/061203970996,1997,P3Y,yes,no
oci:061403959534-06140351279,omid:br/061403959534,omid:br/06140351279,1998,P2Y,no,no
oci:061303950360-061203971039,omid:br/061303950360,omid:br/061203971039,1997,P3Y,yes,no
oci:061303950363-06704476874,omid:br/061303950363,omid:br/06704476874,1997,P3Y,yes,no
oci:061503963037-061703973399,omid:br/061503963037,omid:br/061703973399,1999,P1Y,yes,no
oci:061403959540-06704477146,omid:br/061403959540,omid:br/06704477146,1998,P1Y,yes,no
oci:061403959540-061403959564,omid:br/061403959540,omid:br/061403959564,1998,P1Y,yes,no
oci:061403959540-06704477132,omid:br/061403959540,omid:br/06704477132,1998,P1Y,yes,no
oci:061503963082-061203971200,omid:br/061503963082,omid:br/061203971200,1999,P2Y,yes,no
oci:061503963082-061203971259,omid:br/061503963082,omid:br/061203971259,1999,P1Y,yes,no
oci:061503963082-061303950844,omid:br/061503963082,omid:br/061303950844,1999,P0Y,yes,no
oci:061403959549-06704477099,omid:br/061403959549,omid:br/06704477099,1998,P1Y,yes,no
oci:061503963096-0604283143,omid:br/061503963096,omid:br/0604283143,1999,P1Y,yes,no
oci:06904100716-06704477093,omid:br/06904100716,omid:br/06704477093,1999,P2Y,yes,no
oci:06904100716-061603967484,omid:br/06904100716,omid:br/061603967484,1999,P1Y,yes,no
oci:06904100716-06904101156,omid:br/06904100716,omid:br/06904101156,1999,P4Y,yes,no
oci:06904100654-061203970488,omid:br/06904100654,omid:br/061203970488,1999,P3Y,yes,no
oci:06904100654-061104104682,omid:br/06904100654,omid:br/061104104682,1999,P4Y,yes,no
oci:061503963978-0604658494,omid:br/061503963978,omid:br/0604658494,2000,P1Y,yes,no
oci:061503963057-0604658534,omid:br/061503963057,omid:br/0604658534,1999,P1Y,yes,no
oci:06904100653-0604283143,omid:br/06904100653,omid:br/0604283143,1999,P1Y,yes,no
oci:061403959510-061303950352,omid:br/061403959510,omid:br/061303950352,1998,P1Y,yes,no
oci:061503963996-062301359396,omid:br/061503963996,omid:br/062301359396,2000,P76Y,no,no
oci:06904100656-06704476870,omid:br/06904100656,omid:br/06704476870,1999,P5Y,yes,no
oci:06904100665-061603966936,omid:br/06904100665,omid:br/061603966936,1999,P3Y,yes,no
oci:06904100665-06320224401,omid:br/06904100665,omid:br/06320224401,1999,P4Y,no,no
oci:0604283172-061203970543,omid:br/0604283172,omid:br/061203970543,1998,P2Y,yes,no
oci:0604283172-061203970518,omid:br/0604283172,omid:br/061203970518,1998,P2Y,yes,no
oci:061503963121-061603967470,omid:br/061503963121,omid:br/061603967470,1999,P1Y,yes,no
oci:061303950408-06804500154,omid:br/061303950408,omid:br/06804500154,1997,P1Y,yes,no
oci:06904100647-0604283147,omid:br/06904100647,omid:br/0604283147,1999,P1Y,yes,no
oci:06904100647-0604283163,omid:br/06904100647,omid:br/0604283163,1999,P1Y,yes,no
oci:06904100647-0604283169,omid:br/06904100647,omid:br/0604283169,1999,P1Y,yes,no
oci:061603966626-061303950335,omid:br/061603966626,omid:br/061303950335,2000,P3Y,yes,no
oci:061503963993-06704476874,omid:br/061503963993,omid:br/06704476874,2000,P6Y,yes,no
oci:061503963993-061203971228,omid:br/061503963993,omid:br/061203971228,2000,P3Y,yes,no
oci:061503963993-061303950363,omid:br/061503963993,omid:br/061303950363,2000,P3Y,yes,no
oci:061303950340-061403958770,omid:br/061303950340,omid:br/061403958770,1997,P2Y,yes,no
oci:061303950340-06804499853,omid:br/061303950340,omid:br/06804499853,1997,P3Y,yes,no
oci:061303950340-061203971076,omid:br/061303950340,omid:br/061203971076,1997,P3Y,yes,no
oci:061303950340-06804500132,omid:br/061303950340,omid:br/06804500132,1997,P1Y,yes,no
oci:061303950340-061603966897,omid:br/061303950340,omid:br/061603966897,1997,P1Y,yes,no
oci:061303950340-061403958848,omid:br/061303950340,omid:br/061403958848,1997,P2Y,yes,no
oci:061303950381-0604837861,omid:br/061303950381,omid:br/0604837861,1997,P1Y,no,no
oci:061303950381-06470294600,omid:br/061303950381,omid:br/06470294600,1997,P2Y,no,no
oci:061503963974-061403958847,omid:br/061503963974,omid:br/061403958847,2000,P5Y,yes,no
oci:061503963078-06260370792,omid:br/061503963078,omid:br/06260370792,1999,P21Y,no,no
oci:061503963119-06150353203,omid:br/061503963119,omid:br/06150353203,1999,P3Y,no,no
oci:061503963103-0604837856,omid:br/061503963103,omid:br/0604837856,1999,P6Y,no,no
oci:061503963975-061803313242,omid:br/061503963975,omid:br/061803313242,2000,P7Y,no,no
oci:061303950402-061203970560,omid:br/061303950402,omid:br/061203970560,1997,P1Y,yes,no
oci:061303950402-061203970503,omid:br/061303950402,omid:br/061203970503,1997,P1Y,yes,no
oci:061503963064-0604365585,omid:br/061503963064,omid:br/0604365585,1999,P3Y,no,no
oci:061503963064-06460320397,omid:br/061503963064,omid:br/06460320397,1999,P0Y,no,no
oci:061603966636-0604658587,omid:br/061603966636,omid:br/0604658587,2000,P1Y,yes,no
oci:061503963041-06904086351,omid:br/061503963041,omid:br/06904086351,2000,P4Y,no,no
oci:061503963041-06340296311,omid:br/061503963041,omid:br/06340296311,2000,P1Y,no,no
oci:061104105258-061603966638,omid:br/061104105258,omid:br/061603966638,2001,P1Y,yes,no
oci:061104105258-06901556559,omid:br/061104105258,omid:br/06901556559,2001,P58Y,no,no
oci:061203971085-0604658500,omid:br/061203971085,omid:br/0604658500,2001,P2Y,yes,no
oci:061203971085-061603966737,omid:br/061203971085,omid:br/061603966737,2001,P1Y,yes,no
oci:061603966755-061503963890,omid:br/061603966755,omid:br/061503963890,2001,P1Y,yes,no
oci:06704476674-0604658495,omid:br/06704476674,omid:br/0604658495,2001,P2Y,yes,no
oci:061603966764-061403958770,omid:br/061603966764,omid:br/061403958770,2001,P6Y,yes,no
oci:061104105323-0604283185,omid:br/061104105323,omid:br/0604283185,2001,P3Y,yes,no
oci:061603966678-061603966751,omid:br/061603966678,omid:br/061603966751,2001,P0Y,yes,no
oci:061104105284-061603966693,omid:br/061104105284,omid:br/061603966693,2001,P1Y,yes,no
oci:061104105284-061104105274,omid:br/061104105284,omid:br/061104105274,2001,P0Y,yes,no
oci:061104105284-0604431921,omid:br/061104105284,omid:br/0604431921,2001,P0Y,yes,no
oci:061203971122-06260365436,omid:br/061203971122,omid:br/06260365436,2001,P1Y,no,no
oci:061104105294-061503963079,omid:br/061104105294,omid:br/061503963079,2001,P1Y,yes,no
oci:06704476621-06230981518,omid:br/06704476621,omid:br/06230981518,2001,P15Y,no,no
oci:061603966736-0604283107,omid:br/061603966736,omid:br/0604283107,2001,P3Y,yes,no
oci:061603966736-061503963044,omid:br/061603966736,omid:br/061503963044,2001,P2Y,yes,no
oci:061603966736-061104104556,omid:br/061603966736,omid:br/061104104556,2001,P1Y,yes,no
oci:06704476589-061203970572,omid:br/06704476589,omid:br/061203970572,2001,P5Y,yes,no
oci:06704476609-06310274747,omid:br/06704476609,omid:br/06310274747,2001,P5Y,no,no
oci:06704476629-061603966751,omid:br/06704476629,omid:br/061603966751,2001,P0Y,yes,no
oci:061203971109-0640353170,omid:br/061203971109,omid:br/0640353170,2001,P2Y,no,no
oci:061203971109-06230354030,omid:br/061203971109,omid:br/06230354030,2001,P1Y,no,no
oci:06704476608-0610361156,omid:br/06704476608,omid:br/0610361156,2001,P22Y,no,no
oci:06704476622-06304561003,omid:br/06704476622,omid:br/06304561003,2001,P1Y,no,no
oci:061203971150-061603966681,omid:br/061203971150,omid:br/061603966681,2001,P1Y,yes,no
oci:061203971150-061104104565,omid:br/061203971150,omid:br/061104104565,2001,P1Y,yes,no
oci:061203971166-062601174843,omid:br/061203971166,omid:br/062601174843,2001,P3Y,no,no
oci:061104104556-061503963044,omid:br/061104104556,omid:br/061503963044,2000,P1Y,yes,no
oci:06704476648-061904111140,omid:br/06704476648,omid:br/061904111140,2001,P2Y,no,no
oci:06704476648-06502780279,omid:br/06704476648,omid:br/06502780279,2001,P4Y,no,no
oci:061104104604-061904100500,omid:br/061104104604,omid:br/061904100500,2000,P1Y,no,no
oci:061104104618-061503964002,omid:br/061104104618,omid:br/061503964002,2000,P0Y,yes,no
oci:06704476597-06140269016,omid:br/06704476597,omid:br/06140269016,2001,P30Y,no,no
oci:06704476597-06140269189,omid:br/06704476597,omid:br/06140269189,2001,P27Y,no,no
oci:06704476597-061203970983,omid:br/06704476597,omid:br/061203970983,2001,P7Y,yes,no
oci:061104105304-06501006875,omid:br/061104105304,omid:br/06501006875,2002,P0Y,no,no
oci:061203971103-061603966619,omid:br/061203971103,omid:br/061603966619,2001,P1Y,yes,no
oci:06704476592-061603966747,omid:br/06704476592,omid:br/061603966747,2001,P1Y,yes,no
oci:06704476588-061503963998,omid:br/06704476588,omid:br/061503963998,2001,P1Y,yes,no
oci:06704476632-061403982514,omid:br/06704476632,omid:br/061403982514,2001,P0Y,no,no
oci:06704476643-061104104615,omid:br/06704476643,omid:br/061104104615,2001,P1Y,yes,no
oci:061203971160-061104104605,omid:br/061203971160,omid:br/061104104605,2001,P1Y,yes,no
oci:061603966732-06403469524,omid:br/061603966732,omid:br/06403469524,2001,P28Y,no,no
oci:061603966732-06210340169,omid:br/061603966732,omid:br/06210340169,2001,P2Y,no,no
oci:061603966732-062602444207,omid:br/061603966732,omid:br/062602444207,2001,P2Y,no,no
oci:061203971170-061503963102,omid:br/061203971170,omid:br/061503963102,2001,P1Y,yes,no
oci:061203971170-061904100490,omid:br/061203971170,omid:br/061904100490,2001,P2Y,no,no
oci:061603966687-06904100631,omid:br/061603966687,omid:br/06904100631,2001,P2Y,yes,no
oci:061104105288-0630487157,omid:br/061104105288,omid:br/0630487157,2002,P21Y,no,no
oci:061603966743-06904085850,omid:br/061603966743,omid:br/06904085850,2001,P2Y,no,no
oci:061104104591-0604658503,omid:br/061104104591,omid:br/0604658503,2000,P1Y,yes,no
oci:061104104591-06704477115,omid:br/061104104591,omid:br/06704477115,2000,P3Y,yes,no
oci:061104104591-06804500089,omid:br/061104104591,omid:br/06804500089,2000,P4Y,yes,no
oci:061603966741-061403958782,omid:br/061603966741,omid:br/061403958782,2001,P6Y,yes,no
oci:061603966750-06904100655,omid:br/061603966750,omid:br/06904100655,2001,P2Y,yes,no
oci:061603966750-0604283176,omid:br/061603966750,omid:br/0604283176,2001,P3Y,yes,no
oci:061603966750-0604658573,omid:br/061603966750,omid:br/0604658573,2001,P2Y,yes,no
oci:061603966750-061104104590,omid:br/061603966750,omid:br/061104104590,2001,P1Y,yes,no
oci:061603966750-061503963904,omid:br/061603966750,omid:br/061503963904,2001,P1Y,yes,no
oci:061104105261-06704477094,omid:br/061104105261,omid:br/06704477094,2001,P4Y,yes,no
oci:061104105261-06904100660,omid:br/061104105261,omid:br/06904100660,2001,P2Y,yes,no
oci:061104104630-061104104561,omid:br/061104104630,omid:br/061104104561,2000,P0Y,yes,no
oci:061303950587-061503963177,omid:br/061303950587,omid:br/061503963177,2002,P0Y,yes,no
oci:061303950587-061503963035,omid:br/061303950587,omid:br/061503963035,2002,P3Y,yes,no
oci:061104105274-061603966693,omid:br/061104105274,omid:br/061603966693,2001,P1Y,yes,no
oci:061104105274-0604431921,omid:br/061104105274,omid:br/0604431921,2001,P0Y,yes,no
oci:061104104615-061603967509,omid:br/061104104615,omid:br/061603967509,2000,P2Y,yes,no
oci:061503963171-06220712952,omid:br/061503963171,omid:br/06220712952,2002,P1Y,no,no
oci:061104105320-061303950379,omid:br/061104105320,omid:br/061303950379,2001,P4Y,yes,no
oci:061303950561-06330304581,omid:br/061303950561,omid:br/06330304581,2002,P28Y,no,no
oci:061503963213-0604846326,omid:br/061503963213,omid:br/0604846326,2002,P3Y,no,no
oci:0604431975-06704539772,omid:br/0604431975,omid:br/06704539772,2001,P8Y,no,no
oci:0604431975-062403583075,omid:br/0604431975,omid:br/062403583075,2001,P5Y,no,no
oci:0604431975-06703899794,omid:br/0604431975,omid:br/06703899794,2001,P3Y,no,no
oci:061104105242-061104104598,omid:br/061104105242,omid:br/061104104598,2001,P1Y,yes,no
oci:061104105242-061503963029,omid:br/061104105242,omid:br/061503963029,2001,P1Y,yes,no
oci:061104105242-0620230365,omid:br/061104105242,omid:br/0620230365,2001,P77Y,no,no
oci:0604431980-06470227857,omid:br/0604431980,omid:br/06470227857,2001,P4Y,no,no
oci:0604431980-06260870231,omid:br/0604431980,omid:br/06260870231,2001,P3Y,no,no
oci:061603966671-061503963988,omid:br/061603966671,omid:br/061503963988,2001,P1Y,yes,no
oci:061603966742-0620348989,omid:br/061603966742,omid:br/0620348989,2001,P0Y,no,no
oci:0604431927-062103115621,omid:br/0604431927,omid:br/062103115621,2001,P3Y,no,no
oci:0604431937-0604431896,omid:br/0604431937,omid:br/0604431896,2001,P0Y,yes,no
oci:061303950599-061104105301,omid:br/061303950599,omid:br/061104105301,2002,P1Y,yes,no
oci:061303950599-06104154140,omid:br/061303950599,omid:br/06104154140,2002,P4Y,no,no
oci:061303950599-06240249046,omid:br/061303950599,omid:br/06240249046,2002,P5Y,no,no
oci:061303950599-06403108665,omid:br/061303950599,omid:br/06403108665,2002,P4Y,no,no
oci:061303950599-061403639703,omid:br/061303950599,omid:br/061403639703,2002,P0Y,no,no
oci:061104104564-0603972927,omid:br/061104104564,omid:br/0603972927,2000,P2Y,no,no
oci:0604431964-0619085361,omid:br/0604431964,omid:br/0619085361,2001,P1Y,no,no
oci:0604431951-061303950339,omid:br/0604431951,omid:br/061303950339,2001,P4Y,yes,no
oci:061104104565-06140777414,omid:br/061104104565,omid:br/06140777414,2000,P3Y,no,no
oci:061104104565-06801538772,omid:br/061104104565,omid:br/06801538772,2000,P2Y,no,no
oci:061104104597-06904100724,omid:br/061104104597,omid:br/06904100724,2000,P1Y,yes,no
oci:061303950519-061703512088,omid:br/061303950519,omid:br/061703512088,2002,P3Y,no,no
oci:061104105270-0604431938,omid:br/061104105270,omid:br/0604431938,2001,P0Y,yes,no
oci:061603966705-06704476877,omid:br/061603966705,omid:br/06704476877,2000,P6Y,yes,no
oci:061104105269-061203971161,omid:br/061104105269,omid:br/061203971161,2001,P0Y,yes,no
oci:061104105301-06340248160,omid:br/061104105301,omid:br/06340248160,2001,P1Y,no,no
oci:0604431932-061603966765,omid:br/0604431932,omid:br/061603966765,2001,P1Y,yes,no
oci:0604431932-06340296426,omid:br/0604431932,omid:br/06340296426,2001,P6Y,no,no
oci:0604431932-061703094394,omid:br/0604431932,omid:br/061703094394,2001,P6Y,no,no
oci:0604431932-06904085850,omid:br/0604431932,omid:br/06904085850,2001,P2Y,no,no
oci:061603966765-061703973559,omid:br/061603966765,omid:br/061703973559,2000,P5Y,yes,no
oci:061603966765-061401828476,omid:br/061603966765,omid:br/061401828476,2000,P4Y,no,no
oci:0604431902-0651022283,omid:br/0604431902,omid:br/0651022283,2001,P19Y,no,no
oci:061503963142-06140349059,omid:br/061503963142,omid:br/06140349059,2002,P49Y,no,no
oci:061503963142-06230533478,omid:br/061503963142,omid:br/06230533478,2002,P5Y,no,no
oci:061503963142-062302229028,omid:br/061503963142,omid:br/062302229028,2002,P14Y,no,no
oci:061503963142-06401556189,omid:br/061503963142,omid:br/06401556189,2002,P45Y,no,no
oci:061503963142-06260504063,omid:br/061503963142,omid:br/06260504063,2002,P15Y,no,no
oci:061503963142-06220481625,omid:br/061503963142,omid:br/06220481625,2002,P11Y,no,no
oci:061503963142-06110784629,omid:br/061503963142,omid:br/06110784629,2002,P3Y,no,no
oci:061503963215-0610354795,omid:br/061503963215,omid:br/0610354795,2002,P1Y,no,no
oci:061503963215-06150647937,omid:br/061503963215,omid:br/06150647937,2002,P1Y,no,no
oci:061104105324-06130480436,omid:br/061104105324,omid:br/06130480436,2001,P14Y,no,no
oci:061603966747-06904100704,omid:br/061603966747,omid:br/06904100704,2000,P1Y,yes,no
oci:061503963149-061303950917,omid:br/061503963149,omid:br/061303950917,2002,P3Y,yes,no
oci:061603966722-061203971000,omid:br/061603966722,omid:br/061203971000,2000,P6Y,yes,no
oci:061303950581-061104104605,omid:br/061303950581,omid:br/061104104605,2002,P2Y,yes,no
oci:061503963208-061104105301,omid:br/061503963208,omid:br/061104105301,2002,P1Y,yes,no
oci:061503963208-061503963052,omid:br/061503963208,omid:br/061503963052,2002,P2Y,yes,no
oci:061503963208-061503963040,omid:br/061503963208,omid:br/061503963040,2002,P3Y,yes,no
oci:061503963208-061603966633,omid:br/061503963208,omid:br/061603966633,2002,P2Y,yes,no
oci:061503963208-061203971190,omid:br/061503963208,omid:br/061203971190,2002,P4Y,yes,no
oci:061503963208-061603966899,omid:br/061503963208,omid:br/061603966899,2002,P6Y,yes,no
oci:061104105277-061903581775,omid:br/061104105277,omid:br/061903581775,2001,,no,no
oci:061104105277-06604071121,omid:br/061104105277,omid:br/06604071121,2001,P5Y,no,no
oci:061104105277-06302852657,omid:br/061104105277,omid:br/06302852657,2001,P3Y,no,no
oci:061104105326-0680790064,omid:br/061104105326,omid:br/0680790064,2001,P4Y,no,no
oci:061104105326-06140351279,omid:br/061104105326,omid:br/06140351279,2001,P5Y,no,no
oci:0604431921-061503963958,omid:br/0604431921,omid:br/061503963958,2001,P1Y,yes,no
oci:0604431921-06210340169,omid:br/0604431921,omid:br/06210340169,2001,P2Y,no,no
oci:0604431893-06140114944,omid:br/0604431893,omid:br/06140114944,2001,P1Y,no,no
oci:061503963156-061303950910,omid:br/061503963156,omid:br/061303950910,2002,P3Y,yes,no
oci:061203970886-06201061379,omid:br/061203970886,omid:br/06201061379,2002,P7Y,no,no
oci:061203970886-0660722427,omid:br/061203970886,omid:br/0660722427,2002,P24Y,no,no
oci:061203970886-0650848088,omid:br/061203970886,omid:br/0650848088,2002,P21Y,no,no
oci:061203970886-061503963940,omid:br/061203970886,omid:br/061503963940,2002,P2Y,yes,no
oci:061203970886-061403959613,omid:br/061203970886,omid:br/061403959613,2002,P5Y,yes,no
oci:061104105307-061403959622,omid:br/061104105307,omid:br/061403959622,2001,P5Y,yes,no
oci:061203970934-061503963034,omid:br/061203970934,omid:br/061503963034,2002,P3Y,yes,no
oci:061104105321-06804500115,omid:br/061104105321,omid:br/06804500115,2001,P5Y,yes,no
oci:061503963206-061203971083,omid:br/061503963206,omid:br/061203971083,2002,P1Y,yes,no
oci:061503963206-0604431944,omid:br/061503963206,omid:br/0604431944,2002,P1Y,yes,no
oci:061104105339-061203971180,omid:br/061104105339,omid:br/061203971180,2001,P0Y,yes,no
oci:061104105339-0604431938,omid:br/061104105339,omid:br/0604431938,2001,P0Y,yes,no
oci:061104105339-06704476615,omid:br/061104105339,omid:br/06704476615,2001,P0Y,yes,no
oci:061303950591-061603966679,omid:br/061303950591,omid:br/061603966679,2002,P1Y,yes,no
oci:061104105336-06704477143,omid:br/061104105336,omid:br/06704477143,2001,P4Y,yes,no
oci:061104105268-06904100634,omid:br/061104105268,omid:br/06904100634,2002,P3Y,yes,no
oci:061104105268-061403958770,omid:br/061104105268,omid:br/061403958770,2002,P7Y,yes,no
oci:061104105268-061104104521,omid:br/061104105268,omid:br/061104104521,2002,P7Y,yes,no
oci:061104105268-061104104709,omid:br/061104105268,omid:br/061104104709,2002,P7Y,yes,no
oci:061104105268-061703973586,omid:br/061104105268,omid:br/061703973586,2002,P6Y,yes,no
oci:061104105268-06904101208,omid:br/061104105268,omid:br/06904101208,2002,P7Y,yes,no
oci:061104105268-061703973547,omid:br/061104105268,omid:br/061703973547,2002,P7Y,yes,no
oci:061104105292-061801842320,omid:br/061104105292,omid:br/061801842320,2002,P3Y,no,no
oci:0604431923-0604837833,omid:br/0604431923,omid:br/0604837833,2001,P13Y,no,no
oci:0604431923-0604837834,omid:br/0604431923,omid:br/0604837834,2001,P0Y,no,no
oci:061203970967-0604431950,omid:br/061203970967,omid:br/0604431950,2002,P1Y,yes,no
oci:061203970967-06704477162,omid:br/061203970967,omid:br/06704477162,2002,P5Y,yes,no
oci:061203970895-061403959495,omid:br/061203970895,omid:br/061403959495,2002,P4Y,yes,no
oci:061104105265-061203971105,omid:br/061104105265,omid:br/061203971105,2002,P1Y,yes,no
oci:0604431894-061303950877,omid:br/0604431894,omid:br/061303950877,2001,P2Y,yes,no
oci:061503963151-061104105307,omid:br/061503963151,omid:br/061104105307,2002,P1Y,yes,no
oci:061503963151-061403959622,omid:br/061503963151,omid:br/061403959622,2002,P6Y,yes,no
oci:061603966669-062401033648,omid:br/061603966669,omid:br/062401033648,2001,P1Y,no,no
oci:061503963177-061503963035,omid:br/061503963177,omid:br/061503963035,2002,P3Y,yes,no
oci:061503963164-0604283147,omid:br/061503963164,omid:br/0604283147,2002,P4Y,yes,no
oci:061503963164-06904100647,omid:br/061503963164,omid:br/06904100647,2002,P3Y,yes,no
oci:061503963214-061104105279,omid:br/061503963214,omid:br/061104105279,2002,P1Y,yes,no
oci:061203970937-06704476610,omid:br/061203970937,omid:br/06704476610,2002,P1Y,yes,no
oci:061603966686-06210355625,omid:br/061603966686,omid:br/06210355625,2001,P5Y,no,no
oci:061603966686-0650356969,omid:br/061603966686,omid:br/0650356969,2001,P11Y,no,no
oci:0604431929-061503963875,omid:br/0604431929,omid:br/061503963875,2001,P1Y,yes,no
oci:0604431929-06804500132,omid:br/0604431929,omid:br/06804500132,2001,P5Y,yes,no
oci:061303950555-061303950552,omid:br/061303950555,omid:br/061303950552,2002,P0Y,yes,no
oci:0604431944-06704476599,omid:br/0604431944,omid:br/06704476599,2001,P0Y,yes,no
oci:061203970919-06901173840,omid:br/061203970919,omid:br/06901173840,2002,P1Y,no,no
oci:061203970919-061101164912,omid:br/061203970919,omid:br/061101164912,2002,P1Y,no,no
oci:061503963188-061203971255,omid:br/061503963188,omid:br/061203971255,2002,P5Y,yes,no
oci:061503963188-06230489882,omid:br/061503963188,omid:br/06230489882,2002,P11Y,no,no
oci:061503963188-06110784102,omid:br/061503963188,omid:br/06110784102,2002,P1Y,no,no
oci:061503963188-06801542398,omid:br/061503963188,omid:br/06801542398,2002,P16Y,no,no
oci:061603966691-061303950866,omid:br/061603966691,omid:br/061303950866,2001,P2Y,yes,no
oci:061303950546-061104104560,omid:br/061303950546,omid:br/061104104560,2002,P2Y,yes,no
oci:061503963906-061403959551,omid:br/061503963906,omid:br/061403959551,2000,P2Y,yes,no
oci:061503963906-061903508665,omid:br/061503963906,omid:br/061903508665,2000,P1Y,no,no
oci:061503963906-06170350551,omid:br/061503963906,omid:br/06170350551,2000,P4Y,no,no
oci:061104104546-061203971065,omid:br/061104104546,omid:br/061203971065,2000,P6Y,yes,no
oci:061104104546-06904101184,omid:br/061104104546,omid:br/06904101184,2000,P5Y,yes,no
oci:061104104546-061703973589,omid:br/061104104546,omid:br/061703973589,2000,P5Y,yes,no
oci:061104104546-06804500130,omid:br/061104104546,omid:br/06804500130,2000,P4Y,yes,no
oci:061104104546-061303950831,omid:br/061104104546,omid:br/061303950831,2000,P1Y,yes,no
oci:061104104546-061303950912,omid:br/061104104546,omid:br/061303950912,2000,P1Y,yes,no
oci:061503963155-061403959505,omid:br/061503963155,omid:br/061403959505,2002,P4Y,yes,no
oci:061503963155-061403959490,omid:br/061503963155,omid:br/061403959490,2002,P4Y,yes,no
oci:061503963898-06240346116,omid:br/061503963898,omid:br/06240346116,2000,P33Y,no,no
oci:061104104576-061203971191,omid:br/061104104576,omid:br/061203971191,2000,P3Y,yes,no
oci:061503963124-061901211152,omid:br/061503963124,omid:br/061901211152,2002,P1Y,no,no
oci:061104104632-061503963928,omid:br/061104104632,omid:br/061503963928,2000,P0Y,yes,no
oci:061203970938-0604837828,omid:br/061203970938,omid:br/0604837828,2002,P0Y,no,no
oci:061203970938-06160612666,omid:br/061203970938,omid:br/06160612666,2002,P3Y,no,no
oci:061303950535-061104104605,omid:br/061303950535,omid:br/061104104605,2002,P2Y,yes,no
oci:061203970894-0604837829,omid:br/061203970894,omid:br/0604837829,2002,P1Y,no,no
oci:061503963959-061503963096,omid:br/061503963959,omid:br/061503963096,2000,P1Y,yes,no
oci:061104104577-06804500130,omid:br/061104104577,omid:br/06804500130,2000,P4Y,yes,no
oci:061104104577-061303950831,omid:br/061104104577,omid:br/061303950831,2000,P1Y,yes,no
oci:061303950609-061104105249,omid:br/061303950609,omid:br/061104105249,2002,P1Y,yes,no
oci:061503963873-06704476795,omid:br/061503963873,omid:br/06704476795,2000,P6Y,yes,no
oci:061203970975-061603966765,omid:br/061203970975,omid:br/061603966765,2002,P2Y,yes,no
oci:061303950522-061104104652,omid:br/061303950522,omid:br/061104104652,2002,P7Y,yes,no
oci:061203970936-0604837830,omid:br/061203970936,omid:br/0604837830,2002,P1Y,no,no
oci:061503963945-061201153198,omid:br/061503963945,omid:br/061201153198,2000,P2Y,no,no
oci:061503963897-06503869438,omid:br/061503963897,omid:br/06503869438,2000,P3Y,no,no
oci:061203970924-061503963063,omid:br/061203970924,omid:br/061503963063,2002,P3Y,yes,no
oci:061503963887-0630746599,omid:br/061503963887,omid:br/0630746599,2000,P2Y,no,no
oci:061503963927-061303950874,omid:br/061503963927,omid:br/061303950874,2000,P1Y,yes,no
oci:061503963874-061104104513,omid:br/061503963874,omid:br/061104104513,2000,P5Y,yes,no
oci:061303950603-061603966636,omid:br/061303950603,omid:br/061603966636,2002,P2Y,yes,no
oci:061303950603-06150487357,omid:br/061303950603,omid:br/06150487357,2002,P11Y,no,no
oci:061104104566-061503963883,omid:br/061104104566,omid:br/061503963883,2000,P0Y,yes,no
oci:061303950536-061603510055,omid:br/061303950536,omid:br/061603510055,2002,P4Y,no,no
oci:061303950617-061503963206,omid:br/061303950617,omid:br/061503963206,2002,P0Y,yes,no
oci:061203970976-06240348075,omid:br/061203970976,omid:br/06240348075,2002,P23Y,no,no
oci:061203970976-06240348546,omid:br/061203970976,omid:br/06240348546,2002,P18Y,no,no
oci:061603966709-061904111044,omid:br/061603966709,omid:br/061904111044,2000,P4Y,no,no
oci:061603966709-06250362523,omid:br/061603966709,omid:br/06250362523,2000,P1Y,no,no
oci:061104104602-061603966903,omid:br/061104104602,omid:br/061603966903,2000,P4Y,yes,no
oci:061303950553-061103512260,omid:br/061303950553,omid:br/061103512260,2002,P1Y,no,no
oci:061203970902-061703512461,omid:br/061203970902,omid:br/061703512461,2002,P1Y,no,no
oci:061203970902-062102805374,omid:br/061203970902,omid:br/062102805374,2002,P1Y,no,no
oci:061203970925-06901748293,omid:br/061203970925,omid:br/06901748293,2002,P8Y,no,no
oci:061203970925-062301722309,omid:br/061203970925,omid:br/062301722309,2002,P7Y,no,no
oci:061603966730-06304537929,omid:br/061603966730,omid:br/06304537929,2000,P5Y,no,no
oci:061303950593-061601287063,omid:br/061303950593,omid:br/061601287063,2002,P0Y,no,no
oci:061203970939-061303950624,omid:br/061203970939,omid:br/061303950624,2002,P8Y,yes,no
oci:061203970939-061403959500,omid:br/061203970939,omid:br/061403959500,2002,P4Y,yes,no
oci:061203970946-061203971083,omid:br/061203970946,omid:br/061203971083,2002,P1Y,yes,no
oci:061503963941-06260373341,omid:br/061503963941,omid:br/06260373341,2000,P6Y,no,no
oci:061503963877-0604837857,omid:br/061503963877,omid:br/0604837857,2000,P2Y,no,no
oci:061503963877-0604837858,omid:br/061503963877,omid:br/0604837858,2000,P4Y,no,no
oci:061503963885-061601853638,omid:br/061503963885,omid:br/061601853638,2000,P4Y,no,no
oci:061503963902-06904100683,omid:br/061503963902,omid:br/06904100683,2000,P1Y,yes,no
oci:061203970959-06260953186,omid:br/061203970959,omid:br/06260953186,2002,P3Y,no,no
oci:061503963914-061202845413,omid:br/061503963914,omid:br/061202845413,2000,P3Y,no,no
oci:061503963946-061303950869,omid:br/061503963946,omid:br/061303950869,2000,P1Y,yes,no
oci:061104104622-0604837832,omid:br/061104104622,omid:br/0604837832,2000,P3Y,no,no
oci:061603966863-061203971041,omid:br/061603966863,omid:br/061203971041,2003,P9Y,yes,no
oci:06704476778-061203971140,omid:br/06704476778,omid:br/061203971140,2004,P3Y,yes,no
oci:061203970828-06804500387,omid:br/061203970828,omid:br/06804500387,2005,P2Y,yes,no
oci:061203970828-06340296391,omid:br/061203970828,omid:br/06340296391,2005,P8Y,no,no
oci:061303950479-0690654874,omid:br/061303950479,omid:br/0690654874,2004,P20Y,no,no
oci:061303950479-06110647783,omid:br/061303950479,omid:br/06110647783,2004,P28Y,no,no
oci:061303950479-06130638408,omid:br/061303950479,omid:br/06130638408,2004,P25Y,no,no
oci:061303950479-061104104464,omid:br/061303950479,omid:br/061104104464,2004,P9Y,yes,no
oci:061603966791-061303950603,omid:br/061603966791,omid:br/061303950603,2003,P1Y,yes,no
oci:061703973426-06701767961,omid:br/061703973426,omid:br/06701767961,2005,P1Y,no,no
oci:061203970797-0604431896,omid:br/061203970797,omid:br/0604431896,2005,P4Y,yes,no
oci:061203970797-06704476599,omid:br/061203970797,omid:br/06704476599,2005,P4Y,yes,no
oci:061203970426-061203970974,omid:br/061203970426,omid:br/061203970974,2003,P1Y,yes,no
oci:061303950449-061303950516,omid:br/061303950449,omid:br/061303950516,2004,P0Y,yes,no
oci:061303950449-061603966858,omid:br/061303950449,omid:br/061603966858,2004,P1Y,yes,no
oci:061403959280-0604837840,omid:br/061403959280,omid:br/0604837840,2004,P11Y,no,no
oci:061603966833-061503963182,omid:br/061603966833,omid:br/061503963182,2003,P1Y,yes,no
oci:061603966833-06602385752,omid:br/061603966833,omid:br/06602385752,2003,P6Y,no,no
oci:061603966833-06602385710,omid:br/061603966833,omid:br/06602385710,2003,P1Y,no,no
oci:061203970816-062101153337,omid:br/061203970816,omid:br/062101153337,2005,P0Y,no,no
oci:061703973453-061703973601,omid:br/061703973453,omid:br/061703973601,2005,P9Y,yes,no
oci:061203970407-061503963212,omid:br/061203970407,omid:br/061503963212,2003,P1Y,yes,no
oci:061203970407-061203971219,omid:br/061203970407,omid:br/061203971219,2003,P5Y,yes,no
oci:061203970837-0604431944,omid:br/061203970837,omid:br/0604431944,2005,P4Y,yes,no
oci:061403959263-06804500419,omid:br/061403959263,omid:br/06804500419,2004,P1Y,yes,no
oci:061403959263-061603966859,omid:br/061403959263,omid:br/061603966859,2004,P1Y,yes,no
oci:061403959279-061203970932,omid:br/061403959279,omid:br/061203970932,2004,P2Y,yes,no
oci:061403959279-061603966811,omid:br/061403959279,omid:br/061603966811,2004,P1Y,yes,no
oci:061403959279-061303950570,omid:br/061403959279,omid:br/061303950570,2004,P2Y,yes,no
oci:061203927744-061104105292,omid:br/061203927744,omid:br/061104105292,2004,P2Y,yes,no
oci:061403959337-061603966739,omid:br/061403959337,omid:br/061603966739,2004,P3Y,yes,no
oci:061403959337-061503963305,omid:br/061403959337,omid:br/061503963305,2004,P1Y,yes,no
oci:061703973418-0615081245,omid:br/061703973418,omid:br/0615081245,2005,P1Y,no,no
oci:061703973418-062103706156,omid:br/061703973418,omid:br/062103706156,2005,P2Y,no,no
oci:061703973418-06140480666,omid:br/061703973418,omid:br/06140480666,2005,P2Y,no,no
oci:061703973418-0610354792,omid:br/061703973418,omid:br/0610354792,2005,P5Y,no,no
oci:061203970465-06250347455,omid:br/061203970465,omid:br/06250347455,2003,P3Y,no,no
oci:061203970465-06202172331,omid:br/061203970465,omid:br/06202172331,2003,P0Y,no,no
oci:06404007628-06903616901,omid:br/06404007628,omid:br/06903616901,2004,P1Y,yes,no
oci:06404007628-061701851385,omid:br/06404007628,omid:br/061701851385,2004,P49Y,no,no
oci:06404007628-06904101180,omid:br/06404007628,omid:br/06904101180,2004,P9Y,yes,no
oci:061603966777-06430211254,omid:br/061603966777,omid:br/06430211254,2003,P5Y,no,no
oci:061303950442-061104105263,omid:br/061303950442,omid:br/061104105263,2004,P3Y,yes,no
oci:061703973442-06220993913,omid:br/061703973442,omid:br/06220993913,2005,P1Y,no,no
oci:061403959274-061503963305,omid:br/061403959274,omid:br/061503963305,2004,P1Y,yes,no
oci:061603966857-06904101195,omid:br/061603966857,omid:br/06904101195,2003,P8Y,yes,no
oci:061703973489-0604837836,omid:br/061703973489,omid:br/0604837836,2005,P3Y,no,no
oci:061703973489-062202195877,omid:br/061703973489,omid:br/062202195877,2005,P3Y,no,no
oci:061603966803-0604283185,omid:br/061603966803,omid:br/0604283185,2003,P5Y,yes,no
oci:061603966803-06704476877,omid:br/061603966803,omid:br/06704476877,2003,P9Y,yes,no
oci:061603966803-06804500173,omid:br/061603966803,omid:br/06804500173,2003,P7Y,yes,no
oci:061603966803-06704476863,omid:br/061603966803,omid:br/06704476863,2003,P9Y,yes,no
oci:061403959352-061503963082,omid:br/061403959352,omid:br/061503963082,2004,P5Y,yes,no
oci:061703973424-0690365733,omid:br/061703973424,omid:br/0690365733,2005,P2Y,no,no
oci:061703973424-062301050743,omid:br/061703973424,omid:br/062301050743,2005,P1Y,no,no
oci:061203970408-061203970919,omid:br/061203970408,omid:br/061203970919,2003,P1Y,yes,no
oci:061203970882-0620138509,omid:br/061203970882,omid:br/0620138509,2005,P0Y,no,no
oci:061703973420-06301093375,omid:br/061703973420,omid:br/06301093375,2005,P4Y,no,no
oci:061703973420-06301092587,omid:br/061703973420,omid:br/06301092587,2005,P13Y,no,no
oci:061203970842-06704476693,omid:br/061203970842,omid:br/06704476693,2005,P1Y,yes,no
oci:061603966819-061503963997,omid:br/061603966819,omid:br/061503963997,2003,P3Y,yes,no
oci:061603966819-061104104600,omid:br/061603966819,omid:br/061104104600,2003,P3Y,yes,no
oci:061603966819-061104104591,omid:br/061603966819,omid:br/061104104591,2003,P3Y,yes,no
oci:061603966819-061104104569,omid:br/061603966819,omid:br/061104104569,2003,P3Y,yes,no
oci:061603966819-06704476596,omid:br/061603966819,omid:br/06704476596,2003,P2Y,yes,no
oci:061603966819-06704476589,omid:br/061603966819,omid:br/06704476589,2003,P2Y,yes,no
oci:061203970802-061303950444,omid:br/061203970802,omid:br/061303950444,2005,P1Y,yes,no
oci:061203970802-061503963092,omid:br/061203970802,omid:br/061503963092,2005,P6Y,yes,no
oci:061203970802-061503963042,omid:br/061203970802,omid:br/061503963042,2005,P6Y,yes,no
oci:061203970807-061503963232,omid:br/061203970807,omid:br/061503963232,2005,P2Y,yes,no
oci:061203970807-0604837835,omid:br/061203970807,omid:br/0604837835,2005,P20Y,no,no
oci:061203970807-06230360946,omid:br/061203970807,omid:br/06230360946,2005,P19Y,no,no
oci:061203970807-06220348604,omid:br/061203970807,omid:br/06220348604,2005,P19Y,no,no
oci:061203970807-061703997799,omid:br/061203970807,omid:br/061703997799,2005,P6Y,no,no
oci:061203970807-061504061719,omid:br/061203970807,omid:br/061504061719,2005,P5Y,no,no
oci:061203970807-061403982202,omid:br/061203970807,omid:br/061403982202,2005,P3Y,no,no
oci:061203970787-061203970400,omid:br/061203970787,omid:br/061203970400,2005,P3Y,yes,no
oci:061203970787-061403959318,omid:br/061203970787,omid:br/061403959318,2005,P1Y,yes,no
oci:061203970787-06704476761,omid:br/061203970787,omid:br/06704476761,2005,P1Y,yes,no
oci:061203970787-06904100657,omid:br/061203970787,omid:br/06904100657,2005,P6Y,yes,no
oci:06704476725-0627039003,omid:br/06704476725,omid:br/0627039003,2004,P2Y,no,no
oci:06704476725-062301480949,omid:br/06704476725,omid:br/062301480949,2004,P7Y,no,no
oci:06704476725-0604431921,omid:br/06704476725,omid:br/0604431921,2004,P3Y,yes,no
oci:06704476725-061603966732,omid:br/06704476725,omid:br/061603966732,2004,P3Y,yes,no
oci:06704476725-06180340911,omid:br/06704476725,omid:br/06180340911,2004,P7Y,no,no
oci:06704476762-061601687477,omid:br/06704476762,omid:br/061601687477,2004,P9Y,no,no
oci:06804500440-061503963149,omid:br/06804500440,omid:br/061503963149,2003,P1Y,yes,no
oci:061603966816-06704476586,omid:br/061603966816,omid:br/06704476586,2003,P2Y,yes,no
oci:06804500444-064083857,omid:br/06804500444,omid:br/064083857,2003,P3Y,no,no
oci:06804500444-061701872476,omid:br/06804500444,omid:br/061701872476,2003,P1Y,no,no
oci:061603966852-06704476586,omid:br/061603966852,omid:br/06704476586,2003,P2Y,yes,no
oci:06804500457-06130479517,omid:br/06804500457,omid:br/06130479517,2003,P12Y,no,no
oci:06804500457-0670526415,omid:br/06804500457,omid:br/0670526415,2003,P3Y,no,no
oci:061203970868-06150489244,omid:br/061203970868,omid:br/06150489244,2005,P2Y,no,no
oci:061203970868-0670785287,omid:br/061203970868,omid:br/0670785287,2005,P1Y,no,no
oci:06704476719-0620363651,omid:br/06704476719,omid:br/0620363651,2004,P8Y,no,no
oci:06704476719-06804500481,omid:br/06704476719,omid:br/06804500481,2004,P1Y,yes,no
oci:06804500394-06101261322,omid:br/06804500394,omid:br/06101261322,2003,P28Y,no,no
oci:061603966830-0670830604,omid:br/061603966830,omid:br/0670830604,2003,P1Y,no,no
oci:061603966830-06501111224,omid:br/061603966830,omid:br/06501111224,2003,P2Y,no,no
oci:061603966830-06302852566,omid:br/061603966830,omid:br/06302852566,2003,P3Y,no,no
oci:061603966830-06902459066,omid:br/061603966830,omid:br/06902459066,2003,P1Y,no,no
oci:061203970826-061203971021,omid:br/061203970826,omid:br/061203971021,2005,P11Y,yes,no
oci:06704476763-061503963023,omid:br/06704476763,omid:br/061503963023,2004,P5Y,yes,no
oci:061403959311-06604001765,omid:br/061403959311,omid:br/06604001765,2004,P3Y,no,no
oci:061603966845-06904100652,omid:br/061603966845,omid:br/06904100652,2003,P4Y,yes,no
oci:061603966845-0690872103,omid:br/061603966845,omid:br/0690872103,2003,P7Y,no,no
oci:061603966785-061203970922,omid:br/061603966785,omid:br/061203970922,2003,P1Y,yes,no
oci:061403959347-061403958761,omid:br/061403959347,omid:br/061403958761,2004,P9Y,yes,no
oci:061403959347-061603966927,omid:br/061403959347,omid:br/061603966927,2004,P8Y,yes,no
oci:06704476704-06250776719,omid:br/06704476704,omid:br/06250776719,2004,P1Y,no,no
oci:061603966802-061303950371,omid:br/061603966802,omid:br/061303950371,2003,P6Y,yes,no
oci:06704476712-061603600850,omid:br/06704476712,omid:br/061603600850,2004,P1Y,no,no
oci:06704476757-06230676613,omid:br/06704476757,omid:br/06230676613,2004,P5Y,no,no
oci:061203970866-061203971122,omid:br/061203970866,omid:br/061203971122,2005,P4Y,yes,no
oci:061403959318-06904101180,omid:br/061403959318,omid:br/06904101180,2004,P9Y,yes,no
oci:061603966822-06220482262,omid:br/061603966822,omid:br/06220482262,2003,P27Y,no,no
oci:061603966822-06170895213,omid:br/061603966822,omid:br/06170895213,2003,P0Y,no,no
oci:061403959330-061503963889,omid:br/061403959330,omid:br/061503963889,2004,P4Y,yes,no
oci:061603966826-06220341556,omid:br/061603966826,omid:br/06220341556,2003,P1Y,no,no
oci:061603966826-06240342208,omid:br/061603966826,omid:br/06240342208,2003,P3Y,no,no
oci:061203970822-06704476693,omid:br/061203970822,omid:br/06704476693,2005,P1Y,yes,no
oci:06704476774-061901846897,omid:br/06704476774,omid:br/061901846897,2004,P3Y,no,no
oci:06704476703-061104105307,omid:br/06704476703,omid:br/061104105307,2004,P3Y,yes,no
oci:06704476707-06104089069,omid:br/06704476707,omid:br/06104089069,2004,P1Y,no,no
oci:061703973477-061402674142,omid:br/061703973477,omid:br/061402674142,2005,P3Y,no,no
oci:061703973477-0604431893,omid:br/061703973477,omid:br/0604431893,2005,P4Y,yes,no
oci:061203970838-061403959274,omid:br/061203970838,omid:br/061403959274,2005,P1Y,yes,no
oci:061203970838-061503963305,omid:br/061203970838,omid:br/061503963305,2005,P2Y,yes,no
oci:061603966855-061602835150,omid:br/061603966855,omid:br/061602835150,2003,P16Y,no,no
oci:06704476750-061104105323,omid:br/06704476750,omid:br/061104105323,2004,P3Y,yes,no
oci:06704476750-06104147812,omid:br/06704476750,omid:br/06104147812,2004,P2Y,no,no
oci:061703973433-06101167804,omid:br/061703973433,omid:br/06101167804,2005,P1Y,no,no
oci:061203970877-061303950678,omid:br/061203970877,omid:br/061303950678,2005,P11Y,yes,no
oci:061303950436-0690493803,omid:br/061303950436,omid:br/0690493803,2004,P11Y,no,no
oci:061303950436-06150489244,omid:br/061303950436,omid:br/06150489244,2004,P1Y,no,no
oci:061203970867-061503963940,omid:br/061203970867,omid:br/061503963940,2005,P5Y,yes,no
oci:061203970867-06904101139,omid:br/061203970867,omid:br/06904101139,2005,P10Y,yes,no
oci:061703973456-061104104529,omid:br/061703973456,omid:br/061104104529,2005,P10Y,yes,no
oci:061703973456-06704476722,omid:br/061703973456,omid:br/06704476722,2005,P1Y,yes,no
oci:061203970393-0680362857,omid:br/061203970393,omid:br/0680362857,2002,P14Y,no,no
oci:061203970393-062201008644,omid:br/061203970393,omid:br/062201008644,2002,P5Y,no,no
oci:061203970393-06320197308,omid:br/061203970393,omid:br/06320197308,2002,P8Y,no,no
oci:061703973484-06250353819,omid:br/061703973484,omid:br/06250353819,2005,P33Y,no,no
oci:061203970420-061501747587,omid:br/061203970420,omid:br/061501747587,2002,P3Y,no,no
oci:061303950443-061303950346,omid:br/061303950443,omid:br/061303950346,2004,P7Y,yes,no
oci:061503963258-0604431894,omid:br/061503963258,omid:br/0604431894,2003,P2Y,yes,no
oci:061503963258-061104104623,omid:br/061503963258,omid:br/061104104623,2003,P3Y,yes,no
oci:061703973429-06301664143,omid:br/061703973429,omid:br/06301664143,2005,P36Y,no,no
oci:061703973502-061503963096,omid:br/061703973502,omid:br/061503963096,2005,P6Y,yes,no
oci:061703973502-061503963959,omid:br/061703973502,omid:br/061503963959,2005,P5Y,yes,no
oci:061703973502-061603966798,omid:br/061703973502,omid:br/061603966798,2005,P2Y,yes,no
oci:061503963229-061104104598,omid:br/061503963229,omid:br/061104104598,2003,P3Y,yes,no
oci:061804048457-06110784439,omid:br/061804048457,omid:br/06110784439,2004,P0Y,no,no
oci:061804048482-06110517149,omid:br/061804048482,omid:br/06110517149,2004,P1Y,no,no
oci:061804048482-0680727762,omid:br/061804048482,omid:br/0680727762,2004,P3Y,no,no
oci:061804048482-062102416409,omid:br/061804048482,omid:br/062102416409,2004,P8Y,no,no
oci:061403959304-06804500413,omid:br/061403959304,omid:br/06804500413,2004,P1Y,yes,no
oci:061503963255-061203970980,omid:br/061503963255,omid:br/061203970980,2003,P1Y,yes,no
oci:061203970800-06804500440,omid:br/061203970800,omid:br/06804500440,2005,P2Y,yes,no
oci:061203970800-06804500387,omid:br/061203970800,omid:br/06804500387,2005,P2Y,yes,no
oci:061503963320-061501849373,omid:br/061503963320,omid:br/061501849373,2003,P4Y,no,no
oci:061303950456-06420279588,omid:br/061303950456,omid:br/06420279588,2004,P10Y,no,no
oci:061804048399-061303950428,omid:br/061804048399,omid:br/061303950428,2004,P0Y,yes,no
oci:061804048399-062302655979,omid:br/061804048399,omid:br/062302655979,2004,P5Y,no,no
oci:061203970395-061403484662,omid:br/061203970395,omid:br/061403484662,2002,P6Y,no,no
oci:06804500443-061901773676,omid:br/06804500443,omid:br/061901773676,2003,P6Y,no,no
oci:061303950508-061603966726,omid:br/061303950508,omid:br/061603966726,2004,P4Y,yes,no
oci:06804500389-061303950600,omid:br/06804500389,omid:br/061303950600,2003,P1Y,yes,no
oci:061503963266-0604837838,omid:br/061503963266,omid:br/0604837838,2003,P4Y,no,no
oci:061203970397-06803290124,omid:br/061203970397,omid:br/06803290124,2002,P2Y,no,no
oci:061203970397-062103483939,omid:br/061203970397,omid:br/062103483939,2002,P0Y,no,no
oci:06804500458-061104104605,omid:br/06804500458,omid:br/061104104605,2003,P3Y,yes,no
oci:06804500416-0604283107,omid:br/06804500416,omid:br/0604283107,2003,P5Y,yes,no
oci:06704476694-061603966847,omid:br/06704476694,omid:br/061603966847,2004,P1Y,yes,no
oci:061503963236-061603966641,omid:br/061503963236,omid:br/061603966641,2003,P3Y,yes,no
oci:061503963236-061303950560,omid:br/061503963236,omid:br/061303950560,2003,P1Y,yes,no
oci:061403959273-061303950326,omid:br/061403959273,omid:br/061303950326,2004,P7Y,yes,no
oci:061403959273-0604431988,omid:br/061403959273,omid:br/0604431988,2004,P3Y,yes,no
oci:061303950459-0621082239,omid:br/061303950459,omid:br/0621082239,2004,P3Y,no,no
oci:061303950498-06180340989,omid:br/061303950498,omid:br/06180340989,2004,P8Y,no,no
oci:061503963245-0604837839,omid:br/061503963245,omid:br/0604837839,2003,P50Y,no,no
oci:061703973465-06704476619,omid:br/061703973465,omid:br/06704476619,2005,P4Y,yes,no
oci:061703973465-061503963260,omid:br/061703973465,omid:br/061503963260,2005,P2Y,yes,no
oci:061703973465-061503963257,omid:br/061703973465,omid:br/061503963257,2005,P2Y,yes,no
oci:061303950455-0604837841,omid:br/061303950455,omid:br/0604837841,2004,P7Y,no,no
oci:061303950455-0604837842,omid:br/061303950455,omid:br/0604837842,2004,P9Y,no,no
oci:061603966810-061303950612,omid:br/061603966810,omid:br/061303950612,2003,P1Y,yes,no
oci:061503963263-061303950369,omid:br/061503963263,omid:br/061303950369,2003,P6Y,yes,no
oci:061503963305-061603966739,omid:br/061503963305,omid:br/061603966739,2003,P2Y,yes,no
oci:061203970415-061701243283,omid:br/061203970415,omid:br/061701243283,2002,P2Y,no,no
oci:061303950451-06804500136,omid:br/061303950451,omid:br/06804500136,2004,P8Y,yes,no
oci:06804500407-061303950531,omid:br/06804500407,omid:br/061303950531,2003,P1Y,yes,no
oci:06804500407-061303950572,omid:br/06804500407,omid:br/061303950572,2003,P1Y,yes,no
oci:061503963257-06704476619,omid:br/061503963257,omid:br/06704476619,2003,P2Y,yes,no
oci:061503963257-061503963260,omid:br/061503963257,omid:br/061503963260,2003,P0Y,yes,no
oci:061303950448-06110363023,omid:br/061303950448,omid:br/06110363023,2004,P2Y,no,no
oci:061303950448-061904018490,omid:br/061303950448,omid:br/061904018490,2004,P1Y,no,no
oci:061303950422-061403958804,omid:br/061303950422,omid:br/061403958804,2004,P9Y,yes,no
oci:061303950422-0604837843,omid:br/061303950422,omid:br/0604837843,2004,P11Y,no,no
oci:061203970422-061303950354,omid:br/061203970422,omid:br/061303950354,2002,P5Y,yes,no
oci:06804500472-0604431921,omid:br/06804500472,omid:br/0604431921,2003,P2Y,yes,no
oci:06804500472-061104105284,omid:br/06804500472,omid:br/061104105284,2003,P2Y,yes,no
oci:061303950445-061503964003,omid:br/061303950445,omid:br/061503964003,2004,P4Y,yes,no
oci:061303950445-061201739398,omid:br/061303950445,omid:br/061201739398,2004,P7Y,no,no
oci:061303950445-06110633119,omid:br/061303950445,omid:br/06110633119,2004,P2Y,no,no
oci:061303950445-061301740777,omid:br/061303950445,omid:br/061301740777,2004,P3Y,no,no
oci:061303950438-0604283197,omid:br/061303950438,omid:br/0604283197,2004,P6Y,yes,no
oci:061203970411-061603966757,omid:br/061203970411,omid:br/061603966757,2002,P2Y,yes,no
oci:061804048441-061603966825,omid:br/061804048441,omid:br/061603966825,2004,P1Y,yes,no
oci:061303950440-06804500423,omid:br/061303950440,omid:br/06804500423,2004,P1Y,yes,no
oci:061804048439-06220341515,omid:br/061804048439,omid:br/06220341515,2004,P4Y,no,no
oci:061804048430-061203970470,omid:br/061804048430,omid:br/061203970470,2004,P2Y,yes,no
oci:06804500474-061701281678,omid:br/06804500474,omid:br/061701281678,2003,P0Y,no,no
oci:06804500474-0640357231,omid:br/06804500474,omid:br/0640357231,2003,P34Y,no,no
oci:061703973494-061104105308,omid:br/061703973494,omid:br/061104105308,2005,P4Y,yes,no
oci:061703973494-061203970455,omid:br/061703973494,omid:br/061203970455,2005,P3Y,yes,no
oci:061703973494-061603966863,omid:br/061703973494,omid:br/061603966863,2005,P2Y,yes,no
oci:061703973494-061403959270,omid:br/061703973494,omid:br/061403959270,2005,P2Y,yes,no
oci:061503963306-061503963069,omid:br/061503963306,omid:br/061503963069,2003,P3Y,yes,no
oci:061503963224-06704476815,omid:br/061503963224,omid:br/06704476815,2003,P9Y,yes,no
oci:061703973451-06704477098,omid:br/061703973451,omid:br/06704477098,2005,P8Y,yes,no
oci:06804500412-062501150718,omid:br/06804500412,omid:br/062501150718,2003,P3Y,no,no
oci:06804500412-06220341562,omid:br/06804500412,omid:br/06220341562,2003,P3Y,no,no
oci:06804500412-06120352823,omid:br/06804500412,omid:br/06120352823,2003,P1Y,no,no
oci:061503963313-061104104702,omid:br/061503963313,omid:br/061104104702,2003,P8Y,yes,no
oci:061503963313-0604658543,omid:br/061503963313,omid:br/0604658543,2003,P4Y,yes,no
oci:061804048449-061104105263,omid:br/061804048449,omid:br/061104105263,2004,P3Y,yes,no
oci:061503963230-061403959574,omid:br/061503963230,omid:br/061403959574,2003,P6Y,yes,no
oci:06804500413-061503963288,omid:br/06804500413,omid:br/061503963288,2003,P0Y,yes,no
oci:061503963297-0604658543,omid:br/061503963297,omid:br/0604658543,2003,P4Y,yes,no
oci:061503963297-061403959613,omid:br/061503963297,omid:br/061403959613,2003,P6Y,yes,no
oci:061503963297-0604658497,omid:br/061503963297,omid:br/0604658497,2003,P4Y,yes,no
oci:061804048423-061603966756,omid:br/061804048423,omid:br/061603966756,2004,P3Y,yes,no
oci:061503963269-0680844626,omid:br/061503963269,omid:br/0680844626,2003,P15Y,no,no
oci:061403959349-061303950545,omid:br/061403959349,omid:br/061303950545,2003,P1Y,yes,no
oci:061203970423-061203971118,omid:br/061203970423,omid:br/061203971118,2002,P1Y,yes,no
oci:06903616901-061701851385,omid:br/06903616901,omid:br/061701851385,2003,P48Y,no,no
oci:06903616901-06904101180,omid:br/06903616901,omid:br/06904101180,2003,P8Y,yes,no
oci:06903616901-061203970471,omid:br/06903616901,omid:br/061203970471,2003,P1Y,yes,no
oci:061203970386-0604837831,omid:br/061203970386,omid:br/0604837831,2002,P0Y,no,no
oci:061503963296-061303950626,omid:br/061503963296,omid:br/061303950626,2003,P9Y,yes,no
oci:061503963260-06704476619,omid:br/061503963260,omid:br/06704476619,2003,P2Y,yes,no
oci:061203970417-06260663458,omid:br/061203970417,omid:br/06260663458,2002,P8Y,no,no
oci:061203970417-061203730916,omid:br/061203970417,omid:br/061203730916,2002,P8Y,no,no
oci:061403959344-06502444044,omid:br/061403959344,omid:br/06502444044,2003,P15Y,no,no
oci:061403959271-061703973603,omid:br/061403959271,omid:br/061703973603,2003,P7Y,yes,no
oci:061403959271-061104104664,omid:br/061403959271,omid:br/061104104664,2003,P8Y,yes,no
oci:061403959271-061503963019,omid:br/061403959271,omid:br/061503963019,2003,P6Y,yes,no
oci:061203970477-06130479605,omid:br/061203970477,omid:br/06130479605,2002,P13Y,no,no
oci:061203970477-061101651567,omid:br/061203970477,omid:br/061101651567,2002,P4Y,no,no
oci:061203970477-062403581497,omid:br/061203970477,omid:br/062403581497,2002,P0Y,no,no
oci:061503963241-061303950612,omid:br/061503963241,omid:br/061303950612,2003,P1Y,yes,no
oci:061503963292-061104104605,omid:br/061503963292,omid:br/061104104605,2003,P3Y,yes,no
oci:061503963223-0604837837,omid:br/061503963223,omid:br/0604837837,2003,P9Y,no,no
oci:061203970414-0604431938,omid:br/061203970414,omid:br/0604431938,2002,P1Y,yes,no
oci:061203970450-06150488026,omid:br/061203970450,omid:br/06150488026,2002,P11Y,no,no
oci:061203970450-06340296583,omid:br/061203970450,omid:br/06340296583,2002,P2Y,no,no
oci:061503963232-061104105242,omid:br/061503963232,omid:br/061104105242,2003,P2Y,yes,no
oci:061804048490-061303950482,omid:br/061804048490,omid:br/061303950482,2004,P0Y,yes,no
oci:061804048490-061201313408,omid:br/061804048490,omid:br/061201313408,2004,P13Y,no,no
oci:061804048479-061603966676,omid:br/061804048479,omid:br/061603966676,2004,P3Y,yes,no
oci:061804048470-061803777018,omid:br/061804048470,omid:br/061803777018,2004,P7Y,no,no
oci:061804048470-06402843505,omid:br/061804048470,omid:br/06402843505,2004,P5Y,no,no
oci:061804048470-061803777068,omid:br/061804048470,omid:br/061803777068,2004,P6Y,no,no
oci:061804048470-061803777061,omid:br/061804048470,omid:br/061803777061,2004,P6Y,no,no
oci:061403959047-061603967116,omid:br/061403959047,omid:br/061603967116,2008,P1Y,yes,no
oci:061804048011-061402852057,omid:br/061804048011,omid:br/061402852057,2008,P0Y,no,no
oci:061804048011-0690364662,omid:br/061804048011,omid:br/0690364662,2008,P4Y,no,no
oci:061804048011-06180353390,omid:br/061804048011,omid:br/06180353390,2008,P3Y,no,no
oci:061804048086-06260102035,omid:br/061804048086,omid:br/06260102035,2008,P3Y,no,no
oci:061104104855-061603967109,omid:br/061104104855,omid:br/061603967109,2007,P0Y,yes,no
oci:061804048008-061602242024,omid:br/061804048008,omid:br/061602242024,2008,P1Y,no,no
oci:061804048008-061501051506,omid:br/061804048008,omid:br/061501051506,2008,P5Y,no,no
oci:061104104746-0690366532,omid:br/061104104746,omid:br/0690366532,2008,P6Y,no,no
oci:061104104878-0690797411,omid:br/061104104878,omid:br/0690797411,2007,P1Y,no,no
oci:061104104827-062601175308,omid:br/061104104827,omid:br/062601175308,2008,P20Y,no,no
oci:061603967029-062302248910,omid:br/061603967029,omid:br/062302248910,2008,P31Y,no,no
oci:061104104873-06110362067,omid:br/061104104873,omid:br/06110362067,2007,P4Y,no,no
oci:061104104904-06210892134,omid:br/061104104904,omid:br/06210892134,2007,P1Y,no,no
oci:061104104904-061603777066,omid:br/061104104904,omid:br/061603777066,2007,P6Y,no,no
oci:061104104904-062502413911,omid:br/061104104904,omid:br/062502413911,2007,P2Y,no,no
oci:061804048063-061603967146,omid:br/061804048063,omid:br/061603967146,2008,P1Y,yes,no
oci:061403959026-061804048336,omid:br/061403959026,omid:br/061804048336,2007,P1Y,yes,no
oci:061104104891-061603967106,omid:br/061104104891,omid:br/061603967106,2007,P0Y,yes,no
oci:061403959023-061703973680,omid:br/061403959023,omid:br/061703973680,2008,P2Y,yes,no
oci:061403959023-061703973663,omid:br/061403959023,omid:br/061703973663,2008,P2Y,yes,no
oci:061703974178-06110647134,omid:br/061703974178,omid:br/06110647134,2006,P9Y,no,no
oci:061603967048-062501103778,omid:br/061603967048,omid:br/062501103778,2008,P2Y,no,no
oci:061603967048-06160269190,omid:br/061603967048,omid:br/06160269190,2008,P4Y,no,no
oci:061104104927-061703974184,omid:br/061104104927,omid:br/061703974184,2007,P1Y,yes,no
oci:061104104927-06250711420,omid:br/061104104927,omid:br/06250711420,2007,P1Y,no,no
oci:061804048098-0604837879,omid:br/061804048098,omid:br/0604837879,2008,P20Y,no,no
oci:061804048024-0627039020,omid:br/061804048024,omid:br/0627039020,2008,P1Y,no,no
oci:061804048024-06801052798,omid:br/061804048024,omid:br/06801052798,2008,P4Y,no,no
oci:061804048024-061402633416,omid:br/061804048024,omid:br/061402633416,2008,P2Y,no,no
oci:061104104936-06250353734,omid:br/061104104936,omid:br/06250353734,2007,P29Y,no,no
oci:061104104936-0644013277,omid:br/061104104936,omid:br/0644013277,2007,P1Y,no,no
oci:061603967030-06220349990,omid:br/061603967030,omid:br/06220349990,2008,P18Y,no,no
oci:061603967030-06190894587,omid:br/061603967030,omid:br/06190894587,2008,P16Y,no,no
oci:061104104760-061703973693,omid:br/061104104760,omid:br/061703973693,2008,P2Y,yes,no
oci:061104104912-0620357067,omid:br/061104104912,omid:br/0620357067,2007,P15Y,no,no
oci:061104104912-06160121984,omid:br/061104104912,omid:br/06160121984,2007,P17Y,no,no
oci:061403958978-061603933803,omid:br/061403958978,omid:br/061603933803,2007,P2Y,no,no
oci:061804048056-06110783791,omid:br/061804048056,omid:br/06110783791,2008,P7Y,no,no
oci:061603966989-06140479726,omid:br/061603966989,omid:br/06140479726,2008,P17Y,no,no
oci:061603966989-062501649719,omid:br/061603966989,omid:br/062501649719,2008,P16Y,no,no
oci:061104104885-061403484532,omid:br/061104104885,omid:br/061403484532,2007,P8Y,no,no
oci:061403959037-06180353593,omid:br/061403959037,omid:br/06180353593,2008,P3Y,no,no
oci:061403958987-06204567764,omid:br/061403958987,omid:br/06204567764,2008,P7Y,no,no
oci:061403959006-0627038902,omid:br/061403959006,omid:br/0627038902,2007,P3Y,no,no
oci:061403959006-0670785358,omid:br/061403959006,omid:br/0670785358,2007,P5Y,no,no
oci:061403958981-06140480364,omid:br/061403958981,omid:br/06140480364,2008,P5Y,no,no
oci:061403959036-0660357206,omid:br/061403959036,omid:br/0660357206,2007,P33Y,no,no
oci:061104104818-06701744695,omid:br/061104104818,omid:br/06701744695,2008,P4Y,no,no
oci:061104104818-06901769052,omid:br/061104104818,omid:br/06901769052,2008,P5Y,no,no
oci:061403959049-061903508950,omid:br/061403959049,omid:br/061903508950,2008,P9Y,no,no
oci:061804048078-061804048314,omid:br/061804048078,omid:br/061804048314,2008,P2Y,yes,no
oci:061804048069-061402209237,omid:br/061804048069,omid:br/061402209237,2008,P3Y,no,no
oci:061603967052-0670785366,omid:br/061603967052,omid:br/0670785366,2008,P4Y,no,no
oci:061804048022-061804048333,omid:br/061804048022,omid:br/061804048333,2008,P2Y,yes,no
oci:061403958961-061703973631,omid:br/061403958961,omid:br/061703973631,2008,P2Y,yes,no
oci:061104104787-0610355229,omid:br/061104104787,omid:br/0610355229,2008,P11Y,no,no
oci:061104104787-061301740671,omid:br/061104104787,omid:br/061301740671,2008,P8Y,no,no
oci:061403958997-06804548189,omid:br/061403958997,omid:br/06804548189,2007,P6Y,no,no
oci:061403959042-06190353982,omid:br/061403959042,omid:br/06190353982,2007,P47Y,no,no
oci:061804048070-061501051769,omid:br/061804048070,omid:br/061501051769,2008,P1Y,no,no
oci:061804048031-0650355661,omid:br/061804048031,omid:br/0650355661,2008,P32Y,no,no
oci:061804048031-0660358976,omid:br/061804048031,omid:br/0660358976,2008,P17Y,no,no
oci:061104104882-0604837891,omid:br/061104104882,omid:br/0604837891,2007,P1Y,no,no
oci:061104104882-0627039069,omid:br/061104104882,omid:br/0627039069,2007,P1Y,no,no
oci:061104104903-062602258375,omid:br/061104104903,omid:br/062602258375,2007,P4Y,no,no
oci:061703974132-061201152833,omid:br/061703974132,omid:br/061201152833,2006,P29Y,no,no
oci:061703974132-061101164817,omid:br/061703974132,omid:br/061101164817,2006,P2Y,no,no
oci:061703974132-0660487234,omid:br/061703974132,omid:br/0660487234,2006,P57Y,no,no
oci:061703974133-061501001402,omid:br/061703974133,omid:br/061501001402,2006,P0Y,no,no
oci:061603966996-061104104895,omid:br/061603966996,omid:br/061104104895,2008,P1Y,yes,no
oci:061403959051-0680789896,omid:br/061403959051,omid:br/0680789896,2007,P5Y,no,no
oci:061403959008-061101957974,omid:br/061403959008,omid:br/061101957974,2007,P10Y,no,no
oci:061703974127-0630721860,omid:br/061703974127,omid:br/0630721860,2006,P38Y,no,no
oci:061703974127-0640720870,omid:br/061703974127,omid:br/0640720870,2006,P11Y,no,no
oci:061403958990-0640487838,omid:br/061403958990,omid:br/0640487838,2007,P13Y,no,no
oci:061804048081-0690796772,omid:br/061804048081,omid:br/0690796772,2008,P19Y,no,no
oci:061804048047-06703899794,omid:br/061804048047,omid:br/06703899794,2008,P10Y,no,no
oci:061703973659-06302612431,omid:br/061703973659,omid:br/06302612431,2006,P20Y,no,no
oci:061603967027-06320340789,omid:br/061603967027,omid:br/06320340789,2008,P1Y,no,no
oci:061804048006-061803072558,omid:br/061804048006,omid:br/061803072558,2008,P4Y,no,no
oci:061804048091-0604837880,omid:br/061804048091,omid:br/0604837880,2008,P11Y,no,no
oci:061104104768-061701751742,omid:br/061104104768,omid:br/061701751742,2008,P12Y,no,no
oci:061104104768-062601942358,omid:br/061104104768,omid:br/062601942358,2008,P0Y,no,no
oci:061603967151-0640353508,omid:br/061603967151,omid:br/0640353508,2007,P7Y,no,no
oci:061703973630-0610724524,omid:br/061703973630,omid:br/0610724524,2006,P1Y,no,no
oci:061703973630-0610724826,omid:br/061703973630,omid:br/0610724826,2006,P1Y,no,no
oci:061703973630-0630218715,omid:br/061703973630,omid:br/0630218715,2006,P1Y,no,no
oci:061703973630-06602392503,omid:br/061703973630,omid:br/06602392503,2006,P2Y,no,no
oci:061603967082-0680790220,omid:br/061603967082,omid:br/0680790220,2007,P10Y,no,no
oci:061104104826-06120986956,omid:br/061104104826,omid:br/06120986956,2009,P32Y,no,no
oci:061104104781-061403959034,omid:br/061104104781,omid:br/061403959034,2009,P1Y,yes,no
oci:061203927745-061804048349,omid:br/061203927745,omid:br/061804048349,2007,P1Y,yes,no
oci:061603967150-0620349228,omid:br/061603967150,omid:br/0620349228,2007,P5Y,no,no
oci:061104104747-061603967037,omid:br/061104104747,omid:br/061603967037,2009,P1Y,yes,no
oci:061104104751-061804048318,omid:br/061104104751,omid:br/061804048318,2009,P3Y,yes,no
oci:061104104751-06501766723,omid:br/061104104751,omid:br/06501766723,2009,P17Y,no,no
oci:061104104751-061302862303,omid:br/061104104751,omid:br/061302862303,2009,P15Y,no,no
oci:061104104751-062401093759,omid:br/061104104751,omid:br/062401093759,2009,P13Y,no,no
oci:061104104751-0610613243,omid:br/061104104751,omid:br/0610613243,2009,P9Y,no,no
oci:061804048308-0604665207,omid:br/061804048308,omid:br/0604665207,2006,P3Y,no,no
oci:061603967114-061903508972,omid:br/061603967114,omid:br/061903508972,2007,P5Y,no,no
oci:061603967114-06140480578,omid:br/061603967114,omid:br/06140480578,2007,P4Y,no,no
oci:061804048368-061902219830,omid:br/061804048368,omid:br/061902219830,2006,P1Y,no,no
oci:061804048384-061804048388,omid:br/061804048384,omid:br/061804048388,2006,P0Y,yes,no
oci:061603967130-0690797029,omid:br/061603967130,omid:br/0690797029,2007,P4Y,no,no
oci:061804048344-0680723315,omid:br/061804048344,omid:br/0680723315,2006,P4Y,no,no
oci:061804048305-0627038955,omid:br/061804048305,omid:br/0627038955,2006,P1Y,no,no
oci:06804500325-061902780387,omid:br/06804500325,omid:br/061902780387,2009,P9Y,no,no
oci:061703973642-0610363281,omid:br/061703973642,omid:br/0610363281,2006,P15Y,no,no
oci:061603967118-06701155337,omid:br/061603967118,omid:br/06701155337,2007,P2Y,no,no
oci:06804499754-06110784238,omid:br/06804499754,omid:br/06110784238,2005,P5Y,no,no
oci:06804499754-06180126036,omid:br/06804499754,omid:br/06180126036,2005,P1Y,no,no
oci:06804499754-06210340048,omid:br/06804499754,omid:br/06210340048,2005,P12Y,no,no
oci:061603967158-0604837888,omid:br/061603967158,omid:br/0604837888,2007,P49Y,no,no
oci:061603967158-06701085929,omid:br/061603967158,omid:br/06701085929,2007,P35Y,no,no
oci:061603967158-0604837889,omid:br/061603967158,omid:br/0604837889,2007,P2Y,no,no
oci:061104104785-06150726066,omid:br/061104104785,omid:br/06150726066,2009,P2Y,no,no
oci:061104104785-062401090209,omid:br/061104104785,omid:br/062401090209,2009,P0Y,no,no
oci:06804499718-061302802970,omid:br/06804499718,omid:br/061302802970,2005,P1Y,no,no
oci:061104104780-06120667151,omid:br/061104104780,omid:br/06120667151,2009,P3Y,no,no
oci:061104104780-06702119625,omid:br/061104104780,omid:br/06702119625,2009,P2Y,no,no
oci:061104104780-06420209187,omid:br/061104104780,omid:br/06420209187,2009,P1Y,no,no
oci:06804499737-061203970896,omid:br/06804499737,omid:br/061203970896,2005,P3Y,yes,no
oci:06804499744-061403959259,omid:br/06804499744,omid:br/061403959259,2005,P1Y,yes,no
oci:061703973640-0640634330,omid:br/061703973640,omid:br/0640634330,2006,P1Y,no,no
oci:061104104813-06240341804,omid:br/061104104813,omid:br/06240341804,2009,P9Y,no,no
oci:061104104813-06150353820,omid:br/061104104813,omid:br/06150353820,2009,P15Y,no,no
oci:061603967120-06240703736,omid:br/061603967120,omid:br/06240703736,2007,P0Y,no,no
oci:061603967120-061301378795,omid:br/061603967120,omid:br/061301378795,2007,P10Y,no,no
oci:06104013362-06901895290,omid:br/06104013362,omid:br/06901895290,2007,P26Y,no,no
oci:061603967142-06901895019,omid:br/061603967142,omid:br/06901895019,2007,P17Y,no,no
oci:061603967142-06901895393,omid:br/061603967142,omid:br/06901895393,2007,P14Y,no,no
oci:061603967142-06901894941,omid:br/061603967142,omid:br/06901894941,2007,P8Y,no,no
oci:061603967145-061103512600,omid:br/061603967145,omid:br/061103512600,2007,P6Y,no,no
oci:061603967145-061803500285,omid:br/061603967145,omid:br/061803500285,2007,P6Y,no,no
oci:061603967139-0604837890,omid:br/061603967139,omid:br/0604837890,2007,P7Y,no,no
oci:06804499715-061904100178,omid:br/06804499715,omid:br/061904100178,2005,P4Y,no,no
oci:06804499745-061503963285,omid:br/06804499745,omid:br/061503963285,2005,P2Y,yes,no
oci:061603967132-06210124646,omid:br/061603967132,omid:br/06210124646,2007,P4Y,no,no
oci:061703974111-06260553939,omid:br/061703974111,omid:br/06260553939,2006,P5Y,no,no
oci:061703974111-061701544741,omid:br/061703974111,omid:br/061701544741,2006,P4Y,no,no
oci:06804499714-0620349686,omid:br/06804499714,omid:br/0620349686,2005,P4Y,no,no
oci:061703974173-06240936978,omid:br/061703974173,omid:br/06240936978,2006,P2Y,no,no
oci:061703974201-0621088402,omid:br/061703974201,omid:br/0621088402,2006,P0Y,no,no
oci:061703974121-0670784894,omid:br/061703974121,omid:br/0670784894,2006,P1Y,no,no
oci:06804499765-06804499738,omid:br/06804499765,omid:br/06804499738,2005,P0Y,yes,no
oci:061703973700-061501001808,omid:br/061703973700,omid:br/061501001808,2006,P12Y,no,no
oci:061703973700-0653044519,omid:br/061703973700,omid:br/0653044519,2006,P1Y,no,no
oci:06804499756-061703973422,omid:br/06804499756,omid:br/061703973422,2005,P0Y,yes,no
oci:061703974184-06180125513,omid:br/061703974184,omid:br/06180125513,2006,P1Y,no,no
oci:061703974184-06170121229,omid:br/061703974184,omid:br/06170121229,2006,P0Y,no,no
oci:061703974184-06250711420,omid:br/061703974184,omid:br/06250711420,2006,P0Y,no,no
oci:06804499777-06804500472,omid:br/06804499777,omid:br/06804500472,2005,P2Y,yes,no
oci:061703973678-06902459098,omid:br/061703973678,omid:br/06902459098,2006,P4Y,no,no
oci:061703974164-061703974177,omid:br/061703974164,omid:br/061703974177,2006,P0Y,yes,no
oci:061703974135-06302612607,omid:br/061703974135,omid:br/06302612607,2006,P11Y,no,no
oci:061703974135-06140228536,omid:br/061703974135,omid:br/06140228536,2006,P14Y,no,no
oci:06804499759-06120482243,omid:br/06804499759,omid:br/06120482243,2005,P1Y,no,no
oci:06804499759-06480307489,omid:br/06804499759,omid:br/06480307489,2005,,no,no
oci:06804499738-061503963950,omid:br/06804499738,omid:br/061503963950,2005,P5Y,yes,no
oci:061804048337-061501102124,omid:br/061804048337,omid:br/061501102124,2006,P1Y,no,no
oci:061804048389-061503728067,omid:br/061804048389,omid:br/061503728067,2006,P9Y,no,no
oci:061703973681-0604837860,omid:br/061703973681,omid:br/0604837860,2006,P13Y,no,no
oci:061703973681-06601050570,omid:br/061703973681,omid:br/06601050570,2006,P26Y,no,no
oci:061703974186-061804048306,omid:br/061703974186,omid:br/061804048306,2007,P1Y,yes,no
oci:061804048356-0610363281,omid:br/061804048356,omid:br/0610363281,2006,P15Y,no,no
oci:061804048356-06240341938,omid:br/061804048356,omid:br/06240341938,2006,P8Y,no,no
oci:061804048379-061904100404,omid:br/061804048379,omid:br/061904100404,2006,P1Y,no,no
oci:06804500375-06702757907,omid:br/06804500375,omid:br/06702757907,2009,P5Y,no,no
oci:06804500327-061703973675,omid:br/06804500327,omid:br/061703973675,2009,P3Y,yes,no
oci:061804048606-061202867570,omid:br/061804048606,omid:br/061202867570,2011,P3Y,no,no
oci:061804048606-06260712476,omid:br/061804048606,omid:br/06260712476,2011,P1Y,no,no
oci:061804048606-06260712297,omid:br/061804048606,omid:br/06260712297,2011,P1Y,no,no
oci:061804048606-06170349843,omid:br/061804048606,omid:br/06170349843,2011,P6Y,no,no
oci:061203970753-0650119148,omid:br/061203970753,omid:br/0650119148,2009,P84Y,no,no
oci:061203970711-06190723076,omid:br/061203970711,omid:br/06190723076,2009,P15Y,no,no
oci:061203970711-0630727014,omid:br/061203970711,omid:br/0630727014,2009,P6Y,no,no
oci:061804048630-06902271774,omid:br/061804048630,omid:br/06902271774,2011,P6Y,no,no
oci:061804048630-0652059700,omid:br/061804048630,omid:br/0652059700,2011,P40Y,no,no
oci:061904057141-061901950322,omid:br/061904057141,omid:br/061901950322,2011,P1Y,no,no
oci:061203970698-061804048065,omid:br/061203970698,omid:br/061804048065,2009,P1Y,yes,no
oci:061603967375-06402782952,omid:br/061603967375,omid:br/06402782952,2010,P5Y,no,no
oci:061603967375-0604837874,omid:br/061603967375,omid:br/0604837874,2010,P9Y,no,no
oci:061904057139-061904057126,omid:br/061904057139,omid:br/061904057126,2011,P0Y,yes,no
oci:061603967415-061603967120,omid:br/061603967415,omid:br/061603967120,2010,P3Y,yes,no
oci:061203970704-062503113685,omid:br/061203970704,omid:br/062503113685,2009,P1Y,no,no
oci:061603967431-06140777491,omid:br/061603967431,omid:br/06140777491,2009,P21Y,no,no
oci:061203970722-061403958971,omid:br/061203970722,omid:br/061403958971,2009,P1Y,yes,no
oci:061603967447-062502208191,omid:br/061603967447,omid:br/062502208191,2009,P26Y,no,no
oci:06904101268-062501150541,omid:br/06904101268,omid:br/062501150541,2010,P2Y,no,no
oci:06804500384-06303077550,omid:br/06804500384,omid:br/06303077550,2009,P3Y,no,no
oci:061603967408-0604837872,omid:br/061603967408,omid:br/0604837872,2009,P9Y,no,no
oci:061603967433-061603967462,omid:br/061603967433,omid:br/061603967462,2010,P0Y,yes,no
oci:061203970737-061104104895,omid:br/061203970737,omid:br/061104104895,2009,P2Y,yes,no
oci:06804500356-061603967099,omid:br/06804500356,omid:br/061603967099,2009,P2Y,yes,no
oci:061603967372-0604837873,omid:br/061603967372,omid:br/0604837873,2009,P18Y,no,no
oci:06904101236-06190857460,omid:br/06904101236,omid:br/06190857460,2010,P2Y,no,no
oci:06904101236-0670785595,omid:br/06904101236,omid:br/0670785595,2010,P3Y,no,no
oci:061603967405-0610724707,omid:br/061603967405,omid:br/0610724707,2010,P5Y,no,no
oci:061603967423-0670785572,omid:br/061603967423,omid:br/0670785572,2009,P29Y,no,no
oci:061603967423-06110784135,omid:br/061603967423,omid:br/06110784135,2009,P4Y,no,no
oci:061603967367-061603967024,omid:br/061603967367,omid:br/061603967024,2009,P1Y,yes,no
oci:06904101244-06904101292,omid:br/06904101244,omid:br/06904101292,2010,P0Y,yes,no
oci:061203970695-061104104760,omid:br/061203970695,omid:br/061104104760,2009,P1Y,yes,no
oci:061603967459-06180353940,omid:br/061603967459,omid:br/06180353940,2010,P5Y,no,no
oci:061603967459-06170348561,omid:br/061603967459,omid:br/06170348561,2010,P4Y,no,no
oci:061603967459-062301108277,omid:br/061603967459,omid:br/062301108277,2010,P5Y,no,no
oci:061603967459-06104124215,omid:br/061603967459,omid:br/06104124215,2010,P23Y,no,no
oci:061603967459-06201117083,omid:br/061603967459,omid:br/06201117083,2010,P12Y,no,no
oci:06904101279-06220670144,omid:br/06904101279,omid:br/06220670144,2010,P1Y,no,no
oci:061603967445-06201082851,omid:br/061603967445,omid:br/06201082851,2010,P1Y,no,no
oci:061203970742-0680493787,omid:br/061203970742,omid:br/0680493787,2009,P4Y,no,no
oci:061203970723-061201647152,omid:br/061203970723,omid:br/061201647152,2009,P5Y,no,no
oci:061203970773-0610354311,omid:br/061203970773,omid:br/0610354311,2009,P8Y,no,no
oci:061203970700-0604837886,omid:br/061203970700,omid:br/0604837886,2009,P1Y,no,no
oci:06904101270-061601103713,omid:br/06904101270,omid:br/061601103713,2010,P3Y,no,no
oci:06804500321-061901846984,omid:br/06804500321,omid:br/061901846984,2009,P1Y,no,no
oci:061203970685-061501687089,omid:br/061203970685,omid:br/061501687089,2009,P4Y,no,no
oci:061203970743-06260504071,omid:br/061203970743,omid:br/06260504071,2009,P16Y,no,no
oci:061203970743-061901846992,omid:br/061203970743,omid:br/061901846992,2009,P1Y,no,no
oci:061203970743-06204139726,omid:br/061203970743,omid:br/06204139726,2009,P8Y,no,no
oci:06804500373-061104104856,omid:br/06804500373,omid:br/061104104856,2009,P2Y,yes,no
oci:061203970701-061803394201,omid:br/061203970701,omid:br/061803394201,2009,P12Y,no,no
oci:061203970705-061703974164,omid:br/061203970705,omid:br/061703974164,2009,P3Y,yes,no
oci:06904101232-06150648108,omid:br/06904101232,omid:br/06150648108,2010,P1Y,no,no
oci:061703973849-061804048058,omid:br/061703973849,omid:br/061804048058,2010,P2Y,yes,no
oci:061904057124-06140777655,omid:br/061904057124,omid:br/06140777655,2011,P2Y,no,no
oci:061804048629-06110362862,omid:br/061804048629,omid:br/06110362862,2011,P9Y,no,no
oci:061703973865-061301043522,omid:br/061703973865,omid:br/061301043522,2010,P2Y,no,no
oci:06804500362-06130748527,omid:br/06804500362,omid:br/06130748527,2009,P8Y,no,no
oci:06804500362-0604837883,omid:br/06804500362,omid:br/0604837883,2009,P15Y,no,no
oci:06804500362-061701851412,omid:br/06804500362,omid:br/061701851412,2009,P20Y,no,no
oci:061603967392-06804547953,omid:br/061603967392,omid:br/06804547953,2010,P5Y,no,no
oci:061104105366-062503114136,omid:br/061104105366,omid:br/062503114136,2012,P8Y,no,no
oci:061203970708-061402209237,omid:br/061203970708,omid:br/061402209237,2009,P4Y,no,no
oci:061203970708-061502236409,omid:br/061203970708,omid:br/061502236409,2009,P4Y,no,no
oci:061203970708-061402209374,omid:br/061203970708,omid:br/061402209374,2009,P4Y,no,no
oci:061703973868-06170600652,omid:br/061703973868,omid:br/06170600652,2010,P0Y,no,no
oci:061104105398-06110203102,omid:br/061104105398,omid:br/06110203102,2012,P5Y,no,no
oci:061104105398-06202607139,omid:br/061104105398,omid:br/06202607139,2012,P1Y,no,no
oci:061703973826-061703973821,omid:br/061703973826,omid:br/061703973821,2010,P0Y,yes,no
oci:061703973826-061703973890,omid:br/061703973826,omid:br/061703973890,2010,P0Y,yes,no
oci:06904101329-0610601069,omid:br/06904101329,omid:br/0610601069,2010,P4Y,no,no
oci:06804500291-061104104936,omid:br/06804500291,omid:br/061104104936,2009,P2Y,yes,no
oci:061203970740-061203970725,omid:br/061203970740,omid:br/061203970725,2009,P0Y,yes,no
oci:061703973874-061703974116,omid:br/061703973874,omid:br/061703974116,2010,P4Y,yes,no
oci:061403958938-06190489144,omid:br/061403958938,omid:br/06190489144,2011,P18Y,no,no
oci:061403958927-06250349345,omid:br/061403958927,omid:br/06250349345,2011,P1Y,no,no
oci:061603967444-0690797431,omid:br/061603967444,omid:br/0690797431,2010,P2Y,no,no
oci:06804500313-061603967103,omid:br/06804500313,omid:br/061603967103,2009,P2Y,yes,no
oci:061403958953-06220875970,omid:br/061403958953,omid:br/06220875970,2011,P168Y,no,no
oci:061403958953-06904101285,omid:br/061403958953,omid:br/06904101285,2011,P1Y,yes,no
oci:06804500368-061104104895,omid:br/06804500368,omid:br/061104104895,2009,P2Y,yes,no
oci:06904101249-06403070220,omid:br/06904101249,omid:br/06403070220,2010,P2Y,no,no
oci:061603967402-0604837875,omid:br/061603967402,omid:br/0604837875,2010,P5Y,no,no
oci:061703973889-061104104905,omid:br/061703973889,omid:br/061104104905,2010,P3Y,yes,no
oci:061703973856-061603967123,omid:br/061703973856,omid:br/061603967123,2010,P3Y,yes,no
oci:061703973783-061203970695,omid:br/061703973783,omid:br/061203970695,2011,P2Y,yes,no
oci:061703973783-061703973843,omid:br/061703973783,omid:br/061703973843,2011,P1Y,yes,no
oci:061703973872-06260870845,omid:br/061703973872,omid:br/06260870845,2010,P2Y,no,no
oci:061703973879-0642061278,omid:br/061703973879,omid:br/0642061278,2010,P3Y,no,no
oci:061703973864-061804048064,omid:br/061703973864,omid:br/061804048064,2010,P2Y,yes,no
oci:061703973878-0604837877,omid:br/061703973878,omid:br/0604837877,2010,P15Y,no,no
oci:061703973878-0604837878,omid:br/061703973878,omid:br/0604837878,2010,P14Y,no,no
oci:061703973721-061402209237,omid:br/061703973721,omid:br/061402209237,2011,P6Y,no,no
oci:061703973721-06801800087,omid:br/061703973721,omid:br/06801800087,2011,P3Y,no,no
oci:061703973846-061603967146,omid:br/061703973846,omid:br/061603967146,2010,P3Y,yes,no
oci:061403958909-061104104793,omid:br/061403958909,omid:br/061104104793,2011,P3Y,yes,no
oci:061703973773-0604607537,omid:br/061703973773,omid:br/0604607537,2011,P7Y,no,no
oci:061703973900-061703973828,omid:br/061703973900,omid:br/061703973828,2010,P0Y,yes,no
oci:061603967406-062101267935,omid:br/061603967406,omid:br/062101267935,2010,P26Y,no,no
oci:061703973733-0680790058,omid:br/061703973733,omid:br/0680790058,2011,P6Y,no,no
oci:061403958939-0690797458,omid:br/061403958939,omid:br/0690797458,2011,P7Y,no,no
oci:061703973816-06140595930,omid:br/061703973816,omid:br/06140595930,2011,P5Y,no,no
oci:061703973816-061701039915,omid:br/061703973816,omid:br/061701039915,2011,P2Y,no,no
oci:061703973816-06702744950,omid:br/061703973816,omid:br/06702744950,2011,P2Y,no,no
oci:061403958885-061804048621,omid:br/061403958885,omid:br/061804048621,2011,P0Y,yes,no
oci:061703973814-0650523263,omid:br/061703973814,omid:br/0650523263,2011,P11Y,no,no
oci:061603967394-0610571040,omid:br/061603967394,omid:br/0610571040,2010,P0Y,no,no
oci:061603967412-06140777675,omid:br/061603967412,omid:br/06140777675,2010,P0Y,no,no
oci:061703973901-06701660746,omid:br/061703973901,omid:br/06701660746,2011,P0Y,no,no
oci:061703973751-063206432,omid:br/061703973751,omid:br/063206432,2011,P5Y,no,no
oci:061703973751-061801001360,omid:br/061703973751,omid:br/061801001360,2011,P4Y,no,no
oci:061703973764-06301093363,omid:br/061703973764,omid:br/06301093363,2011,P5Y,no,no
oci:061703973756-0660358976,omid:br/061703973756,omid:br/0660358976,2011,P20Y,no,no
oci:061904057115-061603967431,omid:br/061904057115,omid:br/061603967431,2011,P2Y,yes,no
oci:061703973757-0630357427,omid:br/061703973757,omid:br/0630357427,2011,P18Y,no,no
oci:061603967439-06210354240,omid:br/061603967439,omid:br/06210354240,2010,P25Y,no,no
oci:061603967439-061203970781,omid:br/061603967439,omid:br/061203970781,2010,P1Y,yes,no
oci:061703973852-0610601069,omid:br/061703973852,omid:br/0610601069,2011,P5Y,no,no
oci:061703973887-061803777089,omid:br/061703973887,omid:br/061803777089,2011,P10Y,no,no
oci:061703973887-06240703552,omid:br/061703973887,omid:br/06240703552,2011,P4Y,no,no
oci:061904057148-06240504101,omid:br/061904057148,omid:br/06240504101,2011,P4Y,no,no
oci:061904057155-0640588772,omid:br/061904057155,omid:br/0640588772,2011,P4Y,no,no
oci:061904057155-0604837881,omid:br/061904057155,omid:br/0604837881,2011,P11Y,no,no
oci:061904057136-061803072256,omid:br/061904057136,omid:br/061803072256,2011,P6Y,no,no
oci:061403958874-061203970713,omid:br/061403958874,omid:br/061203970713,2011,P2Y,yes,no
oci:061403958874-061703973883,omid:br/061403958874,omid:br/061703973883,2011,P1Y,yes,no
oci:061603967385-06804500316,omid:br/061603967385,omid:br/06804500316,2010,P1Y,yes,no
oci:061904057162-06250349593,omid:br/061904057162,omid:br/06250349593,2011,P2Y,no,no
oci:061804048643-06110784174,omid:br/061804048643,omid:br/06110784174,2011,P7Y,no,no
oci:061403958876-06904101323,omid:br/061403958876,omid:br/06904101323,2011,P1Y,yes,no
oci:06804499893-0604837887,omid:br/06804499893,omid:br/0604837887,2012,P4Y,no,no
oci:061703973770-061101547443,omid:br/061703973770,omid:br/061101547443,2011,P7Y,no,no
oci:061904057161-0604837882,omid:br/061904057161,omid:br/0604837882,2011,P11Y,no,no
oci:061904057161-062201367129,omid:br/061904057161,omid:br/062201367129,2011,P21Y,no,no
oci:06804499982-0690796705,omid:br/06804499982,omid:br/0690796705,2012,P4Y,no,no
oci:06804499982-061603967123,omid:br/06804499982,omid:br/061603967123,2012,P5Y,yes,no
oci:06804499903-061703974136,omid:br/06804499903,omid:br/061703974136,2012,P6Y,yes,no
oci:061703973796-0620349386,omid:br/061703973796,omid:br/0620349386,2011,P12Y,no,no
oci:061403958919-061602241753,omid:br/061403958919,omid:br/061602241753,2011,P1Y,no,no
oci:06904101288-061203970720,omid:br/06904101288,omid:br/061203970720,2010,P1Y,yes,no
oci:061703973734-061301558801,omid:br/061703973734,omid:br/061301558801,2011,P33Y,no,no
oci:061703973765-06230489101,omid:br/061703973765,omid:br/06230489101,2011,P16Y,no,no
oci:061703973753-06170348650,omid:br/061703973753,omid:br/06170348650,2011,P5Y,no,no
oci:061403958950-06110493133,omid:br/061403958950,omid:br/06110493133,2011,P6Y,no,no
oci:061703973793-061403958995,omid:br/061703973793,omid:br/061403958995,2011,P3Y,yes,no
oci:06804499985-0604837885,omid:br/06804499985,omid:br/0604837885,2012,P42Y,no,no
oci:06804499977-061804048028,omid:br/06804499977,omid:br/061804048028,2012,P4Y,yes,no
oci:061403958887-06804500287,omid:br/061403958887,omid:br/06804500287,2011,P2Y,yes,no
oci:061403958887-061804048082,omid:br/061403958887,omid:br/061804048082,2011,P3Y,yes,no
oci:061703973788-06804500298,omid:br/061703973788,omid:br/06804500298,2011,P2Y,yes,no
oci:06804499908-061403959033,omid:br/06804499908,omid:br/061403959033,2012,P5Y,yes,no
oci:06904101294-0604837876,omid:br/06904101294,omid:br/0604837876,2010,P3Y,no,no
oci:06804499926-061601853238,omid:br/06804499926,omid:br/061601853238,2012,P17Y,no,no
oci:06904101267-061703974200,omid:br/06904101267,omid:br/061703974200,2010,P4Y,yes,no
oci:06904101267-061403958974,omid:br/06904101267,omid:br/061403958974,2010,P2Y,yes,no
oci:06904101267-061104104796,omid:br/06904101267,omid:br/061104104796,2010,P1Y,yes,no
oci:06804499986-062201273968,omid:br/06804499986,omid:br/062201273968,2012,P3Y,no,no
oci:061104105427-061104105412,omid:br/061104105427,omid:br/061104105412,2012,P0Y,yes,no
oci:061104105427-0670785538,omid:br/061104105427,omid:br/0670785538,2012,P17Y,no,no
oci:061104105427-061603967442,omid:br/061104105427,omid:br/061603967442,2012,P3Y,yes,no
oci:06804499924-06240936940,omid:br/06804499924,omid:br/06240936940,2012,P8Y,no,no
oci:06804499924-06702588724,omid:br/06804499924,omid:br/06702588724,2012,P2Y,no,no
oci:06804499902-061801700243,omid:br/06804499902,omid:br/061801700243,2012,P6Y,no,no
oci:061703973831-0660596075,omid:br/061703973831,omid:br/0660596075,2010,P4Y,no,no
oci:06804499934-06140180400,omid:br/06804499934,omid:br/06140180400,2012,P3Y,no,no
oci:061703973840-06230354095,omid:br/061703973840,omid:br/06230354095,2010,P12Y,no,no
oci:061703973840-06703458759,omid:br/061703973840,omid:br/06703458759,2010,P25Y,no,no
oci:061403958883-0604837884,omid:br/061403958883,omid:br/0604837884,2012,P3Y,no,no
oci:06804499910-061804048375,omid:br/06804499910,omid:br/061804048375,2012,P6Y,yes,no
oci:06804499910-061403958981,omid:br/06804499910,omid:br/061403958981,2012,P4Y,yes,no
oci:06804499910-0620591200,omid:br/06804499910,omid:br/0620591200,2012,P1Y,no,no
oci:06804499910-0620591206,omid:br/06804499910,omid:br/0620591206,2012,P1Y,no,no
oci:061403958928-0610601069,omid:br/061403958928,omid:br/0610601069,2012,P6Y,no,no
oci:061403958865-06302777118,omid:br/061403958865,omid:br/06302777118,2012,P4Y,no,no
oci:061403958865-06802624843,omid:br/061403958865,omid:br/06802624843,2012,P5Y,no,no
oci:061403958865-06902077919,omid:br/061403958865,omid:br/06902077919,2012,P1Y,no,no
oci:061403958865-061901098659,omid:br/061403958865,omid:br/061901098659,2012,P6Y,no,no
oci:06804499974-06904101285,omid:br/06804499974,omid:br/06904101285,2012,P2Y,yes,no
oci:061104105434-06130648874,omid:br/061104105434,omid:br/06130648874,2012,P1Y,no,no
oci:061104105383-061301839705,omid:br/061104105383,omid:br/061301839705,2012,P20Y,no,no
oci:061104105383-06230360281,omid:br/061104105383,omid:br/06230360281,2012,P41Y,no,no
oci:061104105383-061201840955,omid:br/061104105383,omid:br/061201840955,2012,P0Y,no,no
oci:061403958886-061703974170,omid:br/061403958886,omid:br/061703974170,2012,P6Y,yes,no
oci:06804499953-062303126045,omid:br/06804499953,omid:br/062303126045,2012,P17Y,no,no
oci:061403958920-06190856798,omid:br/061403958920,omid:br/06190856798,2012,P12Y,no,no
oci:061403958933-061201840970,omid:br/061403958933,omid:br/061201840970,2012,P0Y,no,no
oci:061403958937-061703973699,omid:br/061403958937,omid:br/061703973699,2012,P6Y,yes,no
oci:06804499949-06260870523,omid:br/06804499949,omid:br/06260870523,2012,P5Y,no,no
oci:06804499907-061204001998,omid:br/06804499907,omid:br/061204001998,2012,P6Y,no,no
oci:06804499921-061401037427,omid:br/06804499921,omid:br/061401037427,2012,P4Y,no,no
oci:061104105393-0670785532,omid:br/061104105393,omid:br/0670785532,2012,P5Y,no,no
oci:06804499938-061703973887,omid:br/06804499938,omid:br/061703973887,2012,P1Y,yes,no
oci:06804499938-06804500386,omid:br/06804499938,omid:br/06804500386,2012,P3Y,yes,no
oci:061104105344-06802624472,omid:br/061104105344,omid:br/06802624472,2012,P0Y,no,no
oci:061104105397-06140268367,omid:br/061104105397,omid:br/06140268367,2012,P4Y,no,no
oci:061804047971-06804499908,omid:br/061804047971,omid:br/06804499908,2013,P1Y,yes,no
oci:061804047906-06804499983,omid:br/061804047906,omid:br/06804499983,2013,P1Y,yes,no
oci:061804047901-0610354753,omid:br/061804047901,omid:br/0610354753,2013,P16Y,no,no
oci:061804047924-061904100387,omid:br/061804047924,omid:br/061904100387,2013,P4Y,no,no
oci:061804047941-0640361703,omid:br/061804047941,omid:br/0640361703,2013,P23Y,no,no
oci:061804047944-06701652529,omid:br/061804047944,omid:br/06701652529,2013,P53Y,no,no
oci:061804047944-0637060668,omid:br/061804047944,omid:br/0637060668,2013,P58Y,no,no
oci:061804047944-061401930568,omid:br/061804047944,omid:br/061401930568,2013,P45Y,no,no
oci:061804047944-06250353819,omid:br/061804047944,omid:br/06250353819,2013,P41Y,no,no
oci:061804047944-0650355661,omid:br/061804047944,omid:br/0650355661,2013,P37Y,no,no
oci:061804047944-0660358976,omid:br/061804047944,omid:br/0660358976,2013,P22Y,no,no
oci:061804047938-06160348476,omid:br/061804047938,omid:br/06160348476,2013,P1Y,no,no
oci:061804047946-0660358976,omid:br/061804047946,omid:br/0660358976,2013,P22Y,no,no
oci:061804047929-061804048642,omid:br/061804047929,omid:br/061804048642,2013,P2Y,yes,no
oci:061203971295-06201740816,omid:br/061203971295,omid:br/06201740816,2013,P27Y,no,no
oci:061203971295-06201740834,omid:br/061203971295,omid:br/06201740834,2013,P25Y,no,no
oci:061203971295-062601174674,omid:br/061203971295,omid:br/062601174674,2013,P16Y,no,no
oci:061203971295-062501147309,omid:br/061203971295,omid:br/062501147309,2013,P18Y,no,no
oci:061203971295-06301162351,omid:br/061203971295,omid:br/06301162351,2013,P7Y,no,no
oci:061203971295-0604837869,omid:br/061203971295,omid:br/0604837869,2013,P9Y,no,no
oci:061503963772-06502780095,omid:br/061503963772,omid:br/06502780095,2013,P14Y,no,no
oci:061203971324-06301462338,omid:br/061203971324,omid:br/06301462338,2013,P12Y,no,no
oci:061203971348-06804499978,omid:br/061203971348,omid:br/06804499978,2013,P1Y,yes,no
oci:061203971357-061503963784,omid:br/061203971357,omid:br/061503963784,2013,P0Y,yes,no
oci:061804047911-06530322497,omid:br/061804047911,omid:br/06530322497,2013,,no,no
oci:061203971311-062202195514,omid:br/061203971311,omid:br/062202195514,2013,P3Y,no,no
oci:061203971288-06101553763,omid:br/061203971288,omid:br/06101553763,2013,P4Y,no,no
oci:061203971288-061901848403,omid:br/061203971288,omid:br/061901848403,2013,P6Y,no,no
oci:061203971288-061302136327,omid:br/061203971288,omid:br/061302136327,2013,P8Y,no,no
oci:061804047996-061104104808,omid:br/061804047996,omid:br/061104104808,2013,P5Y,yes,no
oci:061804047925-061403958912,omid:br/061804047925,omid:br/061403958912,2013,P2Y,yes,no
oci:061203971315-06804499963,omid:br/061203971315,omid:br/06804499963,2013,P1Y,yes,no
oci:061203971315-06230718333,omid:br/061203971315,omid:br/06230718333,2013,P5Y,no,no
oci:061203971315-0610356854,omid:br/061203971315,omid:br/0610356854,2013,P4Y,no,no
oci:061203971315-0604837870,omid:br/061203971315,omid:br/0604837870,2013,P7Y,no,no
oci:061203971282-0610356854,omid:br/061203971282,omid:br/0610356854,2013,P4Y,no,no
oci:061203971282-062102434589,omid:br/061203971282,omid:br/062102434589,2013,P1Y,no,no
oci:061203971282-0690796782,omid:br/061203971282,omid:br/0690796782,2013,P6Y,no,no
oci:061804047998-0630678178,omid:br/061804047998,omid:br/0630678178,2013,P25Y,no,no
oci:061804047976-061303486840,omid:br/061804047976,omid:br/061303486840,2013,P15Y,no,no
oci:061804047902-06170148104,omid:br/061804047902,omid:br/06170148104,2013,P6Y,no,no
oci:061804047902-06130593677,omid:br/061804047902,omid:br/06130593677,2013,P2Y,no,no
oci:061804047902-06602774876,omid:br/061804047902,omid:br/06602774876,2013,P5Y,no,no
oci:061804047964-061803777089,omid:br/061804047964,omid:br/061803777089,2013,P12Y,no,no
oci:061804047964-061703973887,omid:br/061804047964,omid:br/061703973887,2013,P2Y,yes,no
oci:061804047936-061401690131,omid:br/061804047936,omid:br/061401690131,2013,P2Y,no,no
oci:06504019262-061703973849,omid:br/06504019262,omid:br/061703973849,2013,P3Y,yes,no
oci:061203971352-0604837868,omid:br/061203971352,omid:br/0604837868,2013,P15Y,no,no
oci:061203971352-0670933519,omid:br/061203971352,omid:br/0670933519,2013,P4Y,no,no
oci:061303560640-061603967405,omid:br/061303560640,omid:br/061603967405,2013,P3Y,yes,no
oci:061303560640-061703973849,omid:br/061303560640,omid:br/061703973849,2013,P3Y,yes,no
oci:061303560640-06504019262,omid:br/061303560640,omid:br/06504019262,2013,P0Y,yes,no
oci:061804047939-061403958891,omid:br/061804047939,omid:br/061403958891,2013,P2Y,yes,no
oci:061804047939-061703973858,omid:br/061804047939,omid:br/061703973858,2013,P2Y,yes,no
oci:061203971303-061104207102,omid:br/061203971303,omid:br/061104207102,2013,P3Y,no,no
oci:061203971285-06804499938,omid:br/061203971285,omid:br/06804499938,2013,P1Y,yes,no
oci:061503963826-061104104793,omid:br/061503963826,omid:br/061104104793,2012,P4Y,yes,no
oci:061503963786-0660489792,omid:br/061503963786,omid:br/0660489792,2012,P10Y,no,no
oci:0604188156-06903103239,omid:br/0604188156,omid:br/06903103239,2020-09-20,P0Y,no,no
oci:06904100877-06301827849,omid:br/06904100877,omid:br/06301827849,2017,P1Y,no,no
