id,citing,cited
oci:062304048335-061203062967,omid:br/062304048335,omid:br/061203062967
oci:062304048335-0639027171,omid:br/062304048335,omid:br/0639027171
oci:062304048335-06280372986,omid:br/062304048335,omid:br/06280372986
oci:062604071449-06420111355,omid:br/062604071449,omid:br/06420111355
oci:062404060798-06501176993,omid:br/062404060798,omid:br/06501176993
oci:062404060798-06704115948,omid:br/062404060798,omid:br/06704115948
oci:062404060798-06130261525,omid:br/062404060798,omid:br/06130261525
oci:062404060798-0630849638,omid:br/062404060798,omid:br/0630849638
oci:062404060798-0640848152,omid:br/062404060798,omid:br/0640848152
oci:062404060798-0670843560,omid:br/062404060798,omid:br/0670843560
oci:062404060798-061103628820,omid:br/062404060798,omid:br/061103628820
oci:062404060798-06802611704,omid:br/062404060798,omid:br/06802611704
oci:0604257731-06804487213,omid:br/0604257731,omid:br/06804487213
oci:0604257731-062404060870,omid:br/0604257731,omid:br/062404060870
oci:0604257731-062604076695,omid:br/0604257731,omid:br/062604076695
oci:0604257731-06270235752,omid:br/0604257731,omid:br/06270235752
oci:0604708192-061501249172,omid:br/0604708192,omid:br/061501249172
oci:0604708192-06802611684,omid:br/0604708192,omid:br/06802611684
oci:06804486857-06301030923,omid:br/06804486857,omid:br/06301030923
oci:06804486857-0680847874,omid:br/06804486857,omid:br/0680847874
oci:06604482002-061701166052,omid:br/06604482002,omid:br/061701166052
oci:06604482002-0620846370,omid:br/06604482002,omid:br/0620846370
oci:0603977160-0647025039,omid:br/0603977160,omid:br/0647025039
oci:0603977160-0690215663,omid:br/0603977160,omid:br/0690215663
oci:061104088660-06401174083,omid:br/061104088660,omid:br/06401174083
oci:061104088660-0642027957,omid:br/061104088660,omid:br/0642027957
oci:06204485939-06280233502,omid:br/06204485939,omid:br/06280233502
oci:06204485939-06901175521,omid:br/06204485939,omid:br/06901175521
oci:06204485939-061101164983,omid:br/06204485939,omid:br/061101164983
oci:06204485939-062501151889,omid:br/06204485939,omid:br/062501151889
oci:06204485939-061403568424,omid:br/06204485939,omid:br/061403568424
oci:06204485939-062404065854,omid:br/06204485939,omid:br/062404065854
oci:06204485939-06270235592,omid:br/06204485939,omid:br/06270235592
oci:06204485939-06601215556,omid:br/06204485939,omid:br/06601215556
oci:06204485939-062102216716,omid:br/06204485939,omid:br/062102216716
oci:06204485939-06280233574,omid:br/06204485939,omid:br/06280233574
oci:06204485939-062604076745,omid:br/06204485939,omid:br/062604076745
oci:06204485939-0604164736,omid:br/06204485939,omid:br/0604164736
oci:061503946592-06240452320,omid:br/061503946592,omid:br/06240452320
oci:06104490302-062604071317,omid:br/06104490302,omid:br/062604071317
oci:06104490302-0604832445,omid:br/06104490302,omid:br/0604832445
oci:06104490302-0670843319,omid:br/06104490302,omid:br/0670843319
oci:06104490302-0670843879,omid:br/06104490302,omid:br/0670843879
oci:06104490302-0680847783,omid:br/06104490302,omid:br/0680847783
oci:06104490302-0680847585,omid:br/06104490302,omid:br/0680847585
oci:06104490302-06250363999,omid:br/06104490302,omid:br/06250363999
oci:06904088805-061503947134,omid:br/06904088805,omid:br/061503947134
oci:06904088805-062404060870,omid:br/06904088805,omid:br/062404060870
oci:06904088805-0641027402,omid:br/06904088805,omid:br/0641027402
oci:06904088805-06104197046,omid:br/06904088805,omid:br/06104197046
oci:06904088805-06104197192,omid:br/06904088805,omid:br/06104197192
oci:061503946596-062303586756,omid:br/061503946596,omid:br/062303586756
oci:061503946596-062304027261,omid:br/061503946596,omid:br/062304027261
oci:062104035863-061403291821,omid:br/062104035863,omid:br/061403291821
oci:062104035863-06603168659,omid:br/062104035863,omid:br/06603168659
oci:062104035863-06602425401,omid:br/062104035863,omid:br/06602425401
oci:0604665771-062104035451,omid:br/0604665771,omid:br/062104035451
oci:0604665771-061603072520,omid:br/0604665771,omid:br/061603072520
oci:0604665771-061803056402,omid:br/0604665771,omid:br/061803056402
oci:062604070924-0640934026,omid:br/062604070924,omid:br/0640934026
oci:062604070924-06603908373,omid:br/062604070924,omid:br/06603908373
oci:062604070924-061902440594,omid:br/062604070924,omid:br/061902440594
oci:062604070921-062203718469,omid:br/062604070921,omid:br/062203718469
oci:062604070921-0660894785,omid:br/062604070921,omid:br/0660894785
oci:062604070921-0680847852,omid:br/062604070921,omid:br/0680847852
oci:062604070921-062103707622,omid:br/062604070921,omid:br/062103707622
oci:06404498790-06203920271,omid:br/06404498790,omid:br/06203920271
oci:061804035228-06250208396,omid:br/061804035228,omid:br/06250208396
oci:061804035228-061303604074,omid:br/061804035228,omid:br/061303604074
oci:061804035228-06101224338,omid:br/061804035228,omid:br/06101224338
oci:06704461524-0650851560,omid:br/06704461524,omid:br/0650851560
oci:06704461524-062502037284,omid:br/06704461524,omid:br/062502037284
oci:06704461524-06802612185,omid:br/06704461524,omid:br/06802612185
oci:062304048041-06404498233,omid:br/062304048041,omid:br/06404498233
oci:062304048041-0639027844,omid:br/062304048041,omid:br/0639027844
oci:062304048041-062501730304,omid:br/062304048041,omid:br/062501730304
oci:062304048041-061603759447,omid:br/062304048041,omid:br/061603759447
oci:06520214588-061503946993,omid:br/06520214588,omid:br/061503946993
oci:061303936861-06130206567,omid:br/061303936861,omid:br/06130206567
oci:0604226425-06401174083,omid:br/0604226425,omid:br/06401174083
oci:0604226425-0642027957,omid:br/0604226425,omid:br/0642027957
oci:0604226425-062103652936,omid:br/0604226425,omid:br/062103652936
oci:0604226425-06250364547,omid:br/0604226425,omid:br/06250364547
oci:0604265437-062503037055,omid:br/0604265437,omid:br/062503037055
oci:0604265437-061601250421,omid:br/0604265437,omid:br/061601250421
oci:0604265437-06250788303,omid:br/0604265437,omid:br/06250788303
oci:0604265437-061902440759,omid:br/0604265437,omid:br/061902440759
oci:061503946615-06470213590,omid:br/061503946615,omid:br/06470213590
oci:061503946615-06804477395,omid:br/061503946615,omid:br/06804477395
oci:06803994093-0604832375,omid:br/06803994093,omid:br/0604832375
oci:06803994093-06250364484,omid:br/06803994093,omid:br/06250364484
oci:06803994093-06210364177,omid:br/06803994093,omid:br/06210364177
oci:06803994093-06802612085,omid:br/06803994093,omid:br/06802612085
oci:061503946889-0604832428,omid:br/061503946889,omid:br/0604832428
oci:061303936276-06301030923,omid:br/061303936276,omid:br/06301030923
oci:061303936276-06301030790,omid:br/061303936276,omid:br/06301030790
oci:061303936276-0630849787,omid:br/061303936276,omid:br/0630849787
oci:061303936276-06303729708,omid:br/061303936276,omid:br/06303729708
oci:06704461737-061403947496,omid:br/06704461737,omid:br/061403947496
oci:06704461737-0647024898,omid:br/06704461737,omid:br/0647024898
oci:062304048096-061203635554,omid:br/062304048096,omid:br/061203635554
oci:062304048096-06430185609,omid:br/062304048096,omid:br/06430185609
oci:06304478551-0636027300,omid:br/06304478551,omid:br/0636027300
oci:06270230583-062103804986,omid:br/06270230583,omid:br/062103804986
oci:06270230583-0636027858,omid:br/06270230583,omid:br/0636027858
oci:061303936268-06901260803,omid:br/061303936268,omid:br/06901260803
oci:06270230881-061201240926,omid:br/06270230881,omid:br/061201240926
oci:06270230881-061803056398,omid:br/06270230881,omid:br/061803056398
oci:06270230881-0650851089,omid:br/06270230881,omid:br/0650851089
oci:06270231041-06120811377,omid:br/06270231041,omid:br/06120811377
oci:06270231041-0680848356,omid:br/06270231041,omid:br/0680848356
oci:06280229145-06301083978,omid:br/06280229145,omid:br/06301083978
oci:0604518785-0604832315,omid:br/0604518785,omid:br/0604832315
oci:0604518785-0660894779,omid:br/0604518785,omid:br/0660894779
oci:06304478555-061902417368,omid:br/06304478555,omid:br/061902417368
oci:06304478555-0645026237,omid:br/06304478555,omid:br/0645026237
oci:06904088780-06304479031,omid:br/06904088780,omid:br/06304479031
oci:06904088780-06904089405,omid:br/06904088780,omid:br/06904089405
oci:06904088780-0690478607,omid:br/06904088780,omid:br/0690478607
oci:06904088780-0641027494,omid:br/06904088780,omid:br/0641027494
oci:06904088780-0652025734,omid:br/06904088780,omid:br/0652025734
oci:0604257744-061402177198,omid:br/0604257744,omid:br/061402177198
oci:0604257744-06190334375,omid:br/0604257744,omid:br/06190334375
oci:0604257744-062603632439,omid:br/0604257744,omid:br/062603632439
oci:0604257744-06250205706,omid:br/0604257744,omid:br/06250205706
oci:0604257744-062201102097,omid:br/0604257744,omid:br/062201102097
oci:0604257744-06210552687,omid:br/0604257744,omid:br/06210552687
oci:061203955217-06401174083,omid:br/061203955217,omid:br/06401174083
oci:061203955217-0642027957,omid:br/061203955217,omid:br/0642027957
oci:061203955217-06120205715,omid:br/061203955217,omid:br/06120205715
oci:061303936707-06401033756,omid:br/061303936707,omid:br/06401033756
oci:061303936707-0639027217,omid:br/061303936707,omid:br/0639027217
oci:061303936707-06104196995,omid:br/061303936707,omid:br/06104196995
oci:061303936707-062504062536,omid:br/061303936707,omid:br/062504062536
oci:06704461559-061101094682,omid:br/06704461559,omid:br/061101094682
oci:06704461559-0604832341,omid:br/06704461559,omid:br/0604832341
oci:06704461559-061201082411,omid:br/06704461559,omid:br/061201082411
oci:06704461559-0690822752,omid:br/06704461559,omid:br/0690822752
oci:061703960611-061403947496,omid:br/061703960611,omid:br/061403947496
oci:061703960611-0647024898,omid:br/061703960611,omid:br/0647024898
oci:06704461894-061902417480,omid:br/06704461894,omid:br/061902417480
oci:062304048341-06804487145,omid:br/062304048341,omid:br/06804487145
oci:062304048341-061104088337,omid:br/062304048341,omid:br/061104088337
oci:0604065906-06120527110,omid:br/0604065906,omid:br/06120527110
oci:0604065906-06203984872,omid:br/0604065906,omid:br/06203984872
oci:0604065906-06140671778,omid:br/0604065906,omid:br/06140671778
oci:061503946377-061301158819,omid:br/061503946377,omid:br/061301158819
oci:061503946377-06403730579,omid:br/061503946377,omid:br/06403730579
oci:061503946377-0660847638,omid:br/061503946377,omid:br/0660847638
oci:061503946377-061601004105,omid:br/061503946377,omid:br/061601004105
oci:061503946377-06250364041,omid:br/061503946377,omid:br/06250364041
oci:061403947455-061503946249,omid:br/061403947455,omid:br/061503946249
oci:0604518731-062401136757,omid:br/0604518731,omid:br/062401136757
oci:0604518731-061203635962,omid:br/0604518731,omid:br/061203635962
oci:0604518731-0642028097,omid:br/0604518731,omid:br/0642028097
oci:0604518731-062403630005,omid:br/0604518731,omid:br/062403630005
oci:0604518731-0620846157,omid:br/0604518731,omid:br/0620846157
oci:0604518731-0637028570,omid:br/0604518731,omid:br/0637028570
oci:0604518731-061902417887,omid:br/0604518731,omid:br/061902417887
oci:0604518731-0630849787,omid:br/0604518731,omid:br/0630849787
oci:06604481952-061403947422,omid:br/06604481952,omid:br/061403947422
oci:06604481952-06802611512,omid:br/06604481952,omid:br/06802611512
oci:061603953514-0629026840,omid:br/061603953514,omid:br/0629026840
oci:061603953514-06203920550,omid:br/061603953514,omid:br/06203920550
oci:061603953514-061403292205,omid:br/061603953514,omid:br/061403292205
oci:061603953514-061902883719,omid:br/061603953514,omid:br/061902883719
oci:06270231035-06401174119,omid:br/06270231035,omid:br/06401174119
oci:06270231035-06101180005,omid:br/06270231035,omid:br/06101180005
oci:06270231035-061102182134,omid:br/06270231035,omid:br/061102182134
oci:06270231035-0644027064,omid:br/06270231035,omid:br/0644027064
oci:06270231035-0680847733,omid:br/06270231035,omid:br/0680847733
oci:061804035269-061201154613,omid:br/061804035269,omid:br/061201154613
oci:061804035269-0639027171,omid:br/061804035269,omid:br/0639027171
oci:061804035269-0635026441,omid:br/061804035269,omid:br/0635026441
oci:061804035269-0645026232,omid:br/061804035269,omid:br/0645026232
oci:061804035269-06530263347,omid:br/061804035269,omid:br/06530263347
oci:06704461614-06402996187,omid:br/06704461614,omid:br/06402996187
oci:06604482068-061702053825,omid:br/06604482068,omid:br/061702053825
oci:062304048402-06210427135,omid:br/062304048402,omid:br/06210427135
oci:062604070947-06203920271,omid:br/062604070947,omid:br/06203920271
oci:06530217126-061104088293,omid:br/06530217126,omid:br/061104088293
oci:06530217126-06401173878,omid:br/06530217126,omid:br/06401173878
oci:06530217126-06530206091,omid:br/06530217126,omid:br/06530206091
oci:06530217126-062403629223,omid:br/06530217126,omid:br/062403629223
oci:06530217126-06501348118,omid:br/06530217126,omid:br/06501348118
oci:06530217126-0650886254,omid:br/06530217126,omid:br/0650886254
oci:06530217126-0639027212,omid:br/06530217126,omid:br/0639027212
oci:06530217126-0640884103,omid:br/06530217126,omid:br/0640884103
oci:061303936695-06270235598,omid:br/061303936695,omid:br/06270235598
oci:061303936695-062504062507,omid:br/061303936695,omid:br/062504062507
oci:061303936695-0645026374,omid:br/061303936695,omid:br/0645026374
oci:061303936695-062604076164,omid:br/061303936695,omid:br/062604076164
oci:06280229210-0604832366,omid:br/06280229210,omid:br/0604832366
oci:06280229210-06490254224,omid:br/06280229210,omid:br/06490254224
oci:0604080402-0640848348,omid:br/0604080402,omid:br/0640848348
oci:0604080402-0630849731,omid:br/0604080402,omid:br/0630849731
oci:0604080402-0670843879,omid:br/0604080402,omid:br/0670843879
oci:0604080402-062503563025,omid:br/0604080402,omid:br/062503563025
oci:061403559985-062203053548,omid:br/061403559985,omid:br/062203053548
oci:061403559985-06702593539,omid:br/061403559985,omid:br/06702593539
oci:06404498390-061201240846,omid:br/06404498390,omid:br/061201240846
oci:06404498390-061401232193,omid:br/06404498390,omid:br/061401232193
oci:06404498390-06802611528,omid:br/06404498390,omid:br/06802611528
oci:06270231075-06802611649,omid:br/06270231075,omid:br/06802611649
oci:06270231075-061902440759,omid:br/06270231075,omid:br/061902440759
oci:0604337230-06801624973,omid:br/0604337230,omid:br/06801624973
oci:0604337230-062404065834,omid:br/0604337230,omid:br/062404065834
oci:0604337230-061103322243,omid:br/0604337230,omid:br/061103322243
oci:0604337230-0604832420,omid:br/0604337230,omid:br/0604832420
oci:0604337230-06101224163,omid:br/0604337230,omid:br/06101224163
oci:0604337230-06160857856,omid:br/0604337230,omid:br/06160857856
oci:0604665741-061201240926,omid:br/0604665741,omid:br/061201240926
oci:0604665741-0604832447,omid:br/0604665741,omid:br/0604832447
oci:061804035095-06604056395,omid:br/061804035095,omid:br/06604056395
oci:061804035095-06903664905,omid:br/061804035095,omid:br/06903664905
oci:061804035095-06140790748,omid:br/061804035095,omid:br/06140790748
oci:061804035095-06210469698,omid:br/061804035095,omid:br/06210469698
oci:06204485888-061401232520,omid:br/06204485888,omid:br/061401232520
oci:06204485888-061702053768,omid:br/06204485888,omid:br/061702053768
oci:06204485888-06801114725,omid:br/06204485888,omid:br/06801114725
oci:06404498631-061301243204,omid:br/06404498631,omid:br/061301243204
oci:06404498631-061401232793,omid:br/06404498631,omid:br/061401232793
oci:06404498631-06201171385,omid:br/06404498631,omid:br/06201171385
oci:06404498631-0640823078,omid:br/06404498631,omid:br/0640823078
oci:06404498631-06220882418,omid:br/06404498631,omid:br/06220882418
oci:06404498631-0648026570,omid:br/06404498631,omid:br/0648026570
oci:06404498631-061802041493,omid:br/06404498631,omid:br/061802041493
oci:062304047641-06901174744,omid:br/062304047641,omid:br/06901174744
oci:062304047641-06501176993,omid:br/062304047641,omid:br/06501176993
oci:062304047641-061403947547,omid:br/062304047641,omid:br/061403947547
oci:062304047641-0652025695,omid:br/062304047641,omid:br/0652025695
oci:062304047641-061902417887,omid:br/062304047641,omid:br/061902417887
oci:062304047641-0637028269,omid:br/062304047641,omid:br/0637028269
oci:062304047641-06210426834,omid:br/062304047641,omid:br/06210426834
oci:062304047641-06704115948,omid:br/062304047641,omid:br/06704115948
oci:062304047641-06250274237,omid:br/062304047641,omid:br/06250274237
oci:062104035648-0650804218,omid:br/062104035648,omid:br/0650804218
oci:062104035648-0670890621,omid:br/062104035648,omid:br/0670890621
oci:062104035648-062501699802,omid:br/062104035648,omid:br/062501699802
oci:062104035648-0610857496,omid:br/062104035648,omid:br/0610857496
oci:06704461722-061802769429,omid:br/06704461722,omid:br/061802769429
oci:06704461722-061203063243,omid:br/06704461722,omid:br/061203063243
oci:06704461722-06520214108,omid:br/06704461722,omid:br/06520214108
oci:06704461943-0650851089,omid:br/06704461943,omid:br/0650851089
oci:06704461632-061101094485,omid:br/06704461632,omid:br/061101094485
oci:06704461632-061201082164,omid:br/06704461632,omid:br/061201082164
oci:06704461632-0620907118,omid:br/06704461632,omid:br/0620907118
oci:06704461632-061201082158,omid:br/06704461632,omid:br/061201082158
oci:06704461632-06250364178,omid:br/06704461632,omid:br/06250364178
oci:0603977168-061503946644,omid:br/0603977168,omid:br/061503946644
oci:0603977168-06304478569,omid:br/0603977168,omid:br/06304478569
oci:0603977168-06290222452,omid:br/0603977168,omid:br/06290222452
oci:06704462150-0638069026,omid:br/06704462150,omid:br/0638069026
oci:062104035949-061401232793,omid:br/062104035949,omid:br/061401232793
oci:062104035949-062803494,omid:br/062104035949,omid:br/062803494
oci:061303936290-06501177095,omid:br/061303936290,omid:br/06501177095
oci:061303936290-06401033815,omid:br/061303936290,omid:br/06401033815
oci:061303936290-062304050555,omid:br/061303936290,omid:br/062304050555
oci:061303936290-062404065567,omid:br/061303936290,omid:br/062404065567
oci:061303936290-06270235671,omid:br/061303936290,omid:br/06270235671
oci:06204485867-0642028296,omid:br/06204485867,omid:br/0642028296
oci:06204485867-062103707902,omid:br/06204485867,omid:br/062103707902
oci:06204485867-0690223523,omid:br/06204485867,omid:br/0690223523
oci:06204485867-0670843663,omid:br/06204485867,omid:br/0670843663
oci:06204485867-0637028748,omid:br/06204485867,omid:br/0637028748
oci:06204485867-061902440759,omid:br/06204485867,omid:br/061902440759
oci:06204485867-0639027218,omid:br/06204485867,omid:br/0639027218
oci:06204485867-0642027771,omid:br/06204485867,omid:br/0642027771
oci:06204485867-062303119953,omid:br/06204485867,omid:br/062303119953
oci:06204486293-061802212664,omid:br/06204486293,omid:br/061802212664
oci:06104490345-0604832414,omid:br/06104490345,omid:br/0604832414
oci:06104490565-0610857674,omid:br/06104490565,omid:br/0610857674
oci:06104490565-06401034018,omid:br/06104490565,omid:br/06401034018
oci:06104490565-06802612188,omid:br/06104490565,omid:br/06802612188
oci:06804487405-062504058953,omid:br/06804487405,omid:br/062504058953
oci:06804487405-06530217304,omid:br/06804487405,omid:br/06530217304
oci:06804487405-061501249002,omid:br/06804487405,omid:br/061501249002
oci:06804487405-06401341301,omid:br/06804487405,omid:br/06401341301
oci:06404498944-061901616458,omid:br/06404498944,omid:br/061901616458
oci:06404498944-0604492361,omid:br/06404498944,omid:br/0604492361
oci:061104088114-0604529377,omid:br/061104088114,omid:br/0604529377
oci:061104088114-062404065841,omid:br/061104088114,omid:br/062404065841
oci:062304048056-062504058941,omid:br/062304048056,omid:br/062504058941
oci:062304048056-062304048243,omid:br/062304048056,omid:br/062304048243
oci:062304048056-062603666769,omid:br/062304048056,omid:br/062603666769
oci:06704461753-0604832486,omid:br/06704461753,omid:br/0604832486
oci:062304048359-061301158519,omid:br/062304048359,omid:br/061301158519
oci:062304048359-06501348429,omid:br/062304048359,omid:br/06501348429
oci:062304048359-06601337009,omid:br/062304048359,omid:br/06601337009
oci:062304048359-06401341340,omid:br/062304048359,omid:br/06401341340
oci:062304048359-06501348459,omid:br/062304048359,omid:br/06501348459
oci:062604070940-06801501864,omid:br/062604070940,omid:br/06801501864
oci:062604070940-06270320178,omid:br/062604070940,omid:br/06270320178
oci:062604070940-06270320179,omid:br/062604070940,omid:br/06270320179
oci:062604070940-061603034745,omid:br/062604070940,omid:br/061603034745
oci:062604070940-06220206650,omid:br/062604070940,omid:br/06220206650
oci:062604070940-06220206483,omid:br/062604070940,omid:br/06220206483
oci:06270231101-061601167010,omid:br/06270231101,omid:br/061601167010
oci:0604347629-0604832372,omid:br/0604347629,omid:br/0604832372
oci:062604070942-06220996723,omid:br/062604070942,omid:br/06220996723
oci:062604070942-06210364489,omid:br/062604070942,omid:br/06210364489
oci:062604070942-06250364172,omid:br/062604070942,omid:br/06250364172
oci:06290222343-06403714114,omid:br/06290222343,omid:br/06403714114
oci:06290222343-06401089018,omid:br/06290222343,omid:br/06401089018
oci:06290222343-061201130378,omid:br/06290222343,omid:br/061201130378
oci:06290222343-0642040350,omid:br/06290222343,omid:br/0642040350
oci:06290222343-0635026508,omid:br/06290222343,omid:br/0635026508
oci:06290222343-06504534444,omid:br/06290222343,omid:br/06504534444
oci:06604482020-0639027213,omid:br/06604482020,omid:br/0639027213
oci:06604482020-0643027005,omid:br/06604482020,omid:br/0643027005
oci:06604482020-0630849787,omid:br/06604482020,omid:br/0630849787
oci:06604482020-06802612084,omid:br/06604482020,omid:br/06802612084
oci:062604071347-06140464205,omid:br/062604071347,omid:br/06140464205
oci:061503946578-0604347592,omid:br/061503946578,omid:br/0604347592
oci:06270230629-06401174083,omid:br/06270230629,omid:br/06401174083
oci:06270230629-0642027957,omid:br/06270230629,omid:br/0642027957
oci:06270230629-06702593676,omid:br/06270230629,omid:br/06702593676
oci:06304479054-06401033966,omid:br/06304479054,omid:br/06401033966
oci:06304479054-061403292294,omid:br/06304479054,omid:br/061403292294
oci:06304479054-06501036921,omid:br/06304479054,omid:br/06501036921
oci:06304479054-0660848193,omid:br/06304479054,omid:br/0660848193
oci:06304479054-06203920720,omid:br/06304479054,omid:br/06203920720
oci:06530217065-062104035811,omid:br/06530217065,omid:br/062104035811
oci:06530217065-0642027516,omid:br/06530217065,omid:br/0642027516
oci:06530217065-0642028097,omid:br/06530217065,omid:br/0642028097
oci:06530217065-062102037923,omid:br/06530217065,omid:br/062102037923
oci:06530217065-06802611795,omid:br/06530217065,omid:br/06802611795
oci:06530217065-0649025874,omid:br/06530217065,omid:br/0649025874
oci:06530217065-062302041766,omid:br/06530217065,omid:br/062302041766
oci:0604708190-061701166052,omid:br/0604708190,omid:br/061701166052
oci:0604708190-0604832362,omid:br/0604708190,omid:br/0604832362
oci:0604708190-061201081790,omid:br/0604708190,omid:br/061201081790
oci:06304478939-06520344626,omid:br/06304478939,omid:br/06520344626
oci:06304478939-061801747617,omid:br/06304478939,omid:br/061801747617
oci:06304478939-0620852002,omid:br/06304478939,omid:br/0620852002
oci:06304478939-061501096762,omid:br/06304478939,omid:br/061501096762
oci:062204044894-062304048250,omid:br/062204044894,omid:br/062304048250
oci:062204044894-0639027218,omid:br/062204044894,omid:br/0639027218
oci:062204044894-062102431038,omid:br/062204044894,omid:br/062102431038
oci:0604665714-06280229361,omid:br/0604665714,omid:br/06280229361
oci:0604665714-06304478766,omid:br/0604665714,omid:br/06304478766
oci:0604665714-061503636004,omid:br/0604665714,omid:br/061503636004
oci:0604665714-0680799148,omid:br/0604665714,omid:br/0680799148
oci:0604665714-0660882769,omid:br/0604665714,omid:br/0660882769
oci:06804487391-061603949488,omid:br/06804487391,omid:br/061603949488
oci:06804487391-0610939944,omid:br/06804487391,omid:br/0610939944
oci:06804487391-062601896326,omid:br/06804487391,omid:br/062601896326
oci:06804487391-061303478447,omid:br/06804487391,omid:br/061303478447
oci:06804487391-062102228517,omid:br/06804487391,omid:br/062102228517
oci:06804487391-06103511713,omid:br/06804487391,omid:br/06103511713
oci:061503946954-06501176993,omid:br/061503946954,omid:br/06501176993
oci:061503946954-0680800819,omid:br/061503946954,omid:br/0680800819
oci:061503946954-06140790042,omid:br/061503946954,omid:br/06140790042
oci:061503946954-06704115948,omid:br/061503946954,omid:br/06704115948
oci:061503946954-061103733765,omid:br/061503946954,omid:br/061103733765
oci:061904043595-0604832481,omid:br/061904043595,omid:br/0604832481
oci:061904043595-0604832463,omid:br/061904043595,omid:br/0604832463
oci:061904043595-06802611567,omid:br/061904043595,omid:br/06802611567
oci:061804035650-062103707857,omid:br/061804035650,omid:br/062103707857
oci:061804035650-06901892607,omid:br/061804035650,omid:br/06901892607
oci:061903589695-062403634760,omid:br/061903589695,omid:br/062403634760
oci:061903589695-0604832319,omid:br/061903589695,omid:br/0604832319
oci:061903589695-0604832353,omid:br/061903589695,omid:br/0604832353
oci:06804487305-0636027171,omid:br/06804487305,omid:br/0636027171
oci:06804487305-06104481788,omid:br/06804487305,omid:br/06104481788
oci:06804487305-06304470785,omid:br/06804487305,omid:br/06304470785
oci:06804487305-062303572424,omid:br/06804487305,omid:br/062303572424
oci:06804487305-0648027212,omid:br/06804487305,omid:br/0648027212
oci:06804487305-0644027370,omid:br/06804487305,omid:br/0644027370
oci:062504059320-061902883719,omid:br/062504059320,omid:br/061902883719
oci:062504059320-0680848168,omid:br/062504059320,omid:br/0680848168
oci:062504059320-061303570223,omid:br/062504059320,omid:br/061303570223
oci:062504059320-06160266295,omid:br/062504059320,omid:br/06160266295
oci:062504059320-0645026304,omid:br/062504059320,omid:br/0645026304
oci:062504059320-061103322263,omid:br/062504059320,omid:br/061103322263
oci:06904088811-0652025695,omid:br/06904088811,omid:br/0652025695
oci:06904088811-0639027701,omid:br/06904088811,omid:br/0639027701
oci:06904088811-0639027219,omid:br/06904088811,omid:br/0639027219
oci:06904088811-0641027704,omid:br/06904088811,omid:br/0641027704
oci:0604265412-06304488498,omid:br/0604265412,omid:br/06304488498
oci:0604265412-06304488490,omid:br/0604265412,omid:br/06304488490
oci:0604265412-06104196896,omid:br/0604265412,omid:br/06104196896
oci:0604265412-0634027731,omid:br/0604265412,omid:br/0634027731
oci:0604265412-062302041707,omid:br/0604265412,omid:br/062302041707
oci:0604226500-061501249221,omid:br/0604226500,omid:br/061501249221
oci:0604226500-061902417916,omid:br/0604226500,omid:br/061902417916
oci:0604226500-061403971262,omid:br/0604226500,omid:br/061403971262
oci:06704462067-063204968,omid:br/06704462067,omid:br/063204968
oci:06704462067-061804016645,omid:br/06704462067,omid:br/061804016645
oci:06704462067-0620846825,omid:br/06704462067,omid:br/0620846825
oci:06704462067-061501063012,omid:br/06704462067,omid:br/061501063012
oci:06204486294-0642027957,omid:br/06204486294,omid:br/0642027957
oci:06204486294-061902417525,omid:br/06204486294,omid:br/061902417525
oci:061503946362-061904043902,omid:br/061503946362,omid:br/061904043902
oci:061503946362-061201241361,omid:br/061503946362,omid:br/061201241361
oci:061503946362-062204044364,omid:br/061503946362,omid:br/062204044364
oci:061503946362-062404061124,omid:br/061503946362,omid:br/062404061124
oci:061503946362-061302097058,omid:br/061503946362,omid:br/061302097058
oci:061503946362-061703766305,omid:br/061503946362,omid:br/061703766305
oci:061503946362-061302197356,omid:br/061503946362,omid:br/061302197356
oci:061503946362-06140261134,omid:br/061503946362,omid:br/06140261134
oci:061503946362-0645026259,omid:br/061503946362,omid:br/0645026259
oci:061503946362-0643027050,omid:br/061503946362,omid:br/0643027050
oci:061503946362-0649025782,omid:br/061503946362,omid:br/0649025782
oci:061503946362-06102495264,omid:br/061503946362,omid:br/06102495264
oci:061503946362-06304187901,omid:br/061503946362,omid:br/06304187901
oci:061503946362-062303119953,omid:br/061503946362,omid:br/062303119953
oci:061503946362-06270317471,omid:br/061503946362,omid:br/06270317471
oci:061503946362-0650851180,omid:br/061503946362,omid:br/0650851180
oci:061904043666-0646026500,omid:br/061904043666,omid:br/0646026500
oci:061904043666-06304478575,omid:br/061904043666,omid:br/06304478575
oci:061904043666-06104197104,omid:br/061904043666,omid:br/06104197104
oci:061904043666-061702226124,omid:br/061904043666,omid:br/061702226124
oci:061904043666-0639027097,omid:br/061904043666,omid:br/0639027097
oci:061904043666-062202428460,omid:br/061904043666,omid:br/062202428460
oci:06404498602-061201241028,omid:br/06404498602,omid:br/061201241028
oci:06404498602-061203955019,omid:br/06404498602,omid:br/061203955019
oci:06404498602-061503946249,omid:br/06404498602,omid:br/061503946249
oci:06404498602-06104196985,omid:br/06404498602,omid:br/06104196985
oci:06270231059-0660848071,omid:br/06270231059,omid:br/0660848071
oci:06270231059-0660894624,omid:br/06270231059,omid:br/0660894624
oci:06270231059-061902417725,omid:br/06270231059,omid:br/061902417725
oci:06404498626-06201171647,omid:br/06404498626,omid:br/06201171647
oci:06404498626-062401136711,omid:br/06404498626,omid:br/062401136711
oci:06404498626-0604832412,omid:br/06404498626,omid:br/0604832412
oci:062204044922-0660207939,omid:br/062204044922,omid:br/0660207939
oci:062204044922-0637028982,omid:br/062204044922,omid:br/0637028982
oci:062204044922-062401181117,omid:br/062204044922,omid:br/062401181117
oci:061603953527-062102431038,omid:br/061603953527,omid:br/062102431038
oci:061603953527-06802611824,omid:br/061603953527,omid:br/06802611824
oci:062304048327-0604376307,omid:br/062304048327,omid:br/0604376307
oci:062304048327-06804487213,omid:br/062304048327,omid:br/06804487213
oci:062304048327-061503947134,omid:br/062304048327,omid:br/061503947134
oci:062304048327-062304050867,omid:br/062304048327,omid:br/062304050867
oci:062304048327-062404060870,omid:br/062304048327,omid:br/062404060870
oci:062304048327-062404060156,omid:br/062304048327,omid:br/062404060156
oci:062304048327-06304479177,omid:br/062304048327,omid:br/06304479177
oci:062304048327-06280233215,omid:br/062304048327,omid:br/06280233215
oci:061904043635-0641027685,omid:br/061904043635,omid:br/0641027685
oci:061904043635-0642028261,omid:br/061904043635,omid:br/0642028261
oci:061904043635-062304050552,omid:br/061904043635,omid:br/062304050552
oci:062204044491-06104490258,omid:br/062204044491,omid:br/06104490258
oci:062204044491-0646026550,omid:br/062204044491,omid:br/0646026550
oci:06504498754-0604544054,omid:br/06504498754,omid:br/0604544054
oci:061303936622-062504062519,omid:br/061303936622,omid:br/062504062519
oci:061303936622-06520210833,omid:br/061303936622,omid:br/06520210833
oci:061303936622-06270235651,omid:br/061303936622,omid:br/06270235651
oci:061303936622-06401033815,omid:br/061303936622,omid:br/06401033815
oci:061303936622-0641027402,omid:br/061303936622,omid:br/0641027402
oci:061303936622-062304051336,omid:br/061303936622,omid:br/062304051336
oci:061303936622-06104197192,omid:br/061303936622,omid:br/06104197192
oci:061303936622-062404065797,omid:br/061303936622,omid:br/062404065797
oci:061303936622-0604164741,omid:br/061303936622,omid:br/0604164741
oci:061303936622-062304050555,omid:br/061303936622,omid:br/062304050555
oci:061804035617-061101176270,omid:br/061804035617,omid:br/061101176270
oci:061804035617-061101176219,omid:br/061804035617,omid:br/061101176219
oci:061804035617-061103804189,omid:br/061804035617,omid:br/061103804189
oci:061804035617-06803908507,omid:br/061804035617,omid:br/06803908507
oci:06520214617-0604832454,omid:br/06520214617,omid:br/0604832454
oci:06520214617-0637028269,omid:br/06520214617,omid:br/0637028269
oci:06520214617-061201101644,omid:br/06520214617,omid:br/061201101644
oci:06520214617-061801159173,omid:br/06520214617,omid:br/061801159173
oci:06520214617-061902417887,omid:br/06520214617,omid:br/061902417887
oci:06520214617-0640848152,omid:br/06520214617,omid:br/0640848152
oci:061703960548-061401232882,omid:br/061703960548,omid:br/061401232882
oci:061703960548-0644027111,omid:br/061703960548,omid:br/0644027111
oci:061703960548-06304479047,omid:br/061703960548,omid:br/06304479047
oci:061703960548-0604832390,omid:br/061703960548,omid:br/0604832390
oci:061703960548-061703067966,omid:br/061703960548,omid:br/061703067966
oci:061703960548-0635026778,omid:br/061703960548,omid:br/0635026778
oci:062304048143-0638026977,omid:br/062304048143,omid:br/0638026977
oci:062304048143-0680848054,omid:br/062304048143,omid:br/0680848054
oci:06304478528-062204044364,omid:br/06304478528,omid:br/062204044364
oci:06304478528-0604065863,omid:br/06304478528,omid:br/0604065863
oci:06304478528-0604665761,omid:br/06304478528,omid:br/0604665761
oci:06304478528-0639027218,omid:br/06304478528,omid:br/0639027218
oci:062604071437-06160584315,omid:br/062604071437,omid:br/06160584315
oci:062604071437-06702593496,omid:br/062604071437,omid:br/06702593496
oci:061203591192-0643027310,omid:br/061203591192,omid:br/0643027310
oci:061203591192-0638026224,omid:br/061203591192,omid:br/0638026224
oci:061203591192-0604832306,omid:br/061203591192,omid:br/0604832306
oci:06404498451-061201241072,omid:br/06404498451,omid:br/061201241072
oci:06404498451-06250364484,omid:br/06404498451,omid:br/06250364484
oci:061104088502-0646026498,omid:br/061104088502,omid:br/0646026498
oci:061104088502-0647025102,omid:br/061104088502,omid:br/0647025102
oci:06270230727-062103707573,omid:br/06270230727,omid:br/062103707573
oci:06270230727-06802611619,omid:br/06270230727,omid:br/06802611619
oci:06270230727-06402622736,omid:br/06270230727,omid:br/06402622736
oci:06270230727-06402622418,omid:br/06270230727,omid:br/06402622418
oci:06270230727-06802611337,omid:br/06270230727,omid:br/06802611337
oci:06270230727-06402622739,omid:br/06270230727,omid:br/06402622739
oci:06270230727-06502618636,omid:br/06270230727,omid:br/06502618636
oci:06270230727-06502618784,omid:br/06270230727,omid:br/06502618784
oci:06270230727-06402622680,omid:br/06270230727,omid:br/06402622680
oci:06270230727-06402622635,omid:br/06270230727,omid:br/06402622635
oci:06270230727-06502618982,omid:br/06270230727,omid:br/06502618982
oci:061804035691-06230354063,omid:br/061804035691,omid:br/06230354063
oci:061804035691-06230354064,omid:br/061804035691,omid:br/06230354064
oci:061804035691-06120352704,omid:br/061804035691,omid:br/06120352704
oci:061804035691-06901892607,omid:br/061804035691,omid:br/06901892607
oci:061804035691-061303056795,omid:br/061804035691,omid:br/061303056795
oci:062304048009-0604164678,omid:br/062304048009,omid:br/0604164678
oci:062304048009-06530217292,omid:br/062304048009,omid:br/06530217292
oci:062304048009-06530217344,omid:br/062304048009,omid:br/06530217344
oci:062304048009-06270235902,omid:br/062304048009,omid:br/06270235902
oci:062304048009-06280233218,omid:br/062304048009,omid:br/06280233218
oci:062304048009-06280233224,omid:br/062304048009,omid:br/06280233224
oci:062304048009-062504062944,omid:br/062304048009,omid:br/062504062944
oci:061303574089-06802611847,omid:br/061303574089,omid:br/06802611847
oci:061503947022-06804487134,omid:br/061503947022,omid:br/06804487134
oci:061503947022-0604832320,omid:br/061503947022,omid:br/0604832320
oci:062504059648-0670265844,omid:br/062504059648,omid:br/0670265844
oci:062504059648-062602776642,omid:br/062504059648,omid:br/062602776642
oci:062504059648-0646026381,omid:br/062504059648,omid:br/0646026381
oci:062504059648-0670844067,omid:br/062504059648,omid:br/0670844067
oci:062504059648-06901011847,omid:br/062504059648,omid:br/06901011847
oci:061503947014-06501176993,omid:br/061503947014,omid:br/06501176993
oci:061503947014-06704115948,omid:br/061503947014,omid:br/06704115948
oci:061503947014-061103733765,omid:br/061503947014,omid:br/061103733765
oci:061503947014-0604832442,omid:br/061503947014,omid:br/0604832442
oci:061303936986-061303094758,omid:br/061303936986,omid:br/061303094758
oci:061303936986-062401182031,omid:br/061303936986,omid:br/062401182031
oci:061303936986-06501149143,omid:br/061303936986,omid:br/06501149143
oci:061303936986-062203052184,omid:br/061303936986,omid:br/062203052184
oci:061303936986-061503591993,omid:br/061303936986,omid:br/061503591993
oci:062604070958-0680848137,omid:br/062604070958,omid:br/0680848137
oci:062604070958-0630574176,omid:br/062604070958,omid:br/0630574176
oci:062604070958-06270320180,omid:br/062604070958,omid:br/06270320180
oci:062604070958-06240208571,omid:br/062604070958,omid:br/06240208571
oci:062604070958-0620846142,omid:br/062604070958,omid:br/0620846142
oci:06704461991-061301158819,omid:br/06704461991,omid:br/061301158819
oci:06604482001-06250364129,omid:br/06604482001,omid:br/06250364129
oci:06604482001-0604832337,omid:br/06604482001,omid:br/0604832337
oci:06604482001-06250364445,omid:br/06604482001,omid:br/06250364445
oci:06604482001-0604832338,omid:br/06604482001,omid:br/0604832338
oci:06604482001-06250363971,omid:br/06604482001,omid:br/06250363971
oci:06604482001-06210364426,omid:br/06604482001,omid:br/06210364426
oci:06304478554-06804494002,omid:br/06304478554,omid:br/06804494002
oci:06304478554-0670843287,omid:br/06304478554,omid:br/0670843287
oci:061603953531-0660596674,omid:br/061603953531,omid:br/0660596674
oci:061603953531-0660596828,omid:br/061603953531,omid:br/0660596828
oci:061603953531-062603875636,omid:br/061603953531,omid:br/062603875636
oci:061603953531-061402224201,omid:br/061603953531,omid:br/061402224201
oci:061303936880-06403730479,omid:br/061303936880,omid:br/06403730479
oci:061303936880-06401221062,omid:br/061303936880,omid:br/06401221062
oci:061303936880-06401220987,omid:br/061303936880,omid:br/06401220987
oci:061104088451-061201240926,omid:br/061104088451,omid:br/061201240926
oci:061104088451-0650851089,omid:br/061104088451,omid:br/0650851089
oci:061104088451-06702593520,omid:br/061104088451,omid:br/06702593520
oci:06104013762-06130786284,omid:br/06104013762,omid:br/06130786284
oci:06104013762-0650805005,omid:br/06104013762,omid:br/0650805005
oci:06104013762-0640798043,omid:br/06104013762,omid:br/0640798043
oci:06104013762-06110793894,omid:br/06104013762,omid:br/06110793894
oci:06104013762-06150798573,omid:br/06104013762,omid:br/06150798573
oci:06270230558-0604376296,omid:br/06270230558,omid:br/0604376296
oci:06270230558-061904043745,omid:br/06270230558,omid:br/061904043745
oci:06270230558-06904089351,omid:br/06270230558,omid:br/06904089351
oci:06270230558-061303936753,omid:br/06270230558,omid:br/061303936753
oci:06270230558-06290222481,omid:br/06270230558,omid:br/06290222481
oci:06270230558-06304478832,omid:br/06270230558,omid:br/06304478832
oci:062204044883-06304478557,omid:br/062204044883,omid:br/06304478557
oci:062204044883-06304479048,omid:br/062204044883,omid:br/06304479048
oci:062204044883-061203954657,omid:br/062204044883,omid:br/061203954657
oci:062204044883-061101094682,omid:br/062204044883,omid:br/061101094682
oci:0604416618-061203635987,omid:br/0604416618,omid:br/061203635987
oci:0604416618-0635026703,omid:br/0604416618,omid:br/0635026703
oci:0604416618-062501197341,omid:br/0604416618,omid:br/062501197341
oci:0604416618-0650851614,omid:br/0604416618,omid:br/0650851614
oci:0604416618-0638027086,omid:br/0604416618,omid:br/0638027086
oci:0604416618-0640848837,omid:br/0604416618,omid:br/0640848837
oci:06604481846-061902417525,omid:br/06604481846,omid:br/061902417525
oci:06604481846-0690223523,omid:br/06604481846,omid:br/0690223523
oci:062304048458-0660895320,omid:br/062304048458,omid:br/0660895320
oci:062304048458-0642027957,omid:br/062304048458,omid:br/0642027957
oci:062304048458-0643027243,omid:br/062304048458,omid:br/0643027243
oci:062104035387-062502038090,omid:br/062104035387,omid:br/062502038090
oci:062104035387-0642027624,omid:br/062104035387,omid:br/0642027624
oci:062104035387-0660976010,omid:br/062104035387,omid:br/0660976010
oci:062104035387-06401212498,omid:br/062104035387,omid:br/06401212498
oci:062104035387-06210426753,omid:br/062104035387,omid:br/06210426753
oci:062104035387-061902440450,omid:br/062104035387,omid:br/061902440450
oci:06270231103-061201155096,omid:br/06270231103,omid:br/061201155096
oci:06270231103-063701136,omid:br/06270231103,omid:br/063701136
oci:06270231103-062302863691,omid:br/06270231103,omid:br/062302863691
oci:06270231103-062402859056,omid:br/06270231103,omid:br/062402859056
oci:06104490342-061403947496,omid:br/06104490342,omid:br/061403947496
oci:06104490342-06530217304,omid:br/06104490342,omid:br/06530217304
oci:06104490342-061203954709,omid:br/06104490342,omid:br/061203954709
oci:0604495707-0604544068,omid:br/0604495707,omid:br/0604544068
oci:0604495707-0604544109,omid:br/0604495707,omid:br/0604544109
oci:0604495707-062304123247,omid:br/0604495707,omid:br/062304123247
oci:0604495707-0653025709,omid:br/0604495707,omid:br/0653025709
oci:0604495707-0604832429,omid:br/0604495707,omid:br/0604832429
oci:061703960704-06304478982,omid:br/061703960704,omid:br/06304478982
oci:061703960704-0642027957,omid:br/061703960704,omid:br/0642027957
oci:06304478526-0640848690,omid:br/06304478526,omid:br/0640848690
oci:06304478526-061902417525,omid:br/06304478526,omid:br/061902417525
oci:06304478526-0670843879,omid:br/06304478526,omid:br/0670843879
oci:06204486283-062103707969,omid:br/06204486283,omid:br/062103707969
oci:06204486283-0636027406,omid:br/06204486283,omid:br/0636027406
oci:06204486283-062103707857,omid:br/06204486283,omid:br/062103707857
oci:06204486283-062403880832,omid:br/06204486283,omid:br/062403880832
oci:06204486283-062303121690,omid:br/06204486283,omid:br/062303121690
oci:061104088110-061104078278,omid:br/061104088110,omid:br/061104078278
oci:06604482442-062401771487,omid:br/06604482442,omid:br/062401771487
oci:06604482442-06401034237,omid:br/06604482442,omid:br/06401034237
oci:06604482442-0640487920,omid:br/06604482442,omid:br/0640487920
oci:06604482442-06703458897,omid:br/06604482442,omid:br/06703458897
oci:06604482442-062102869663,omid:br/06604482442,omid:br/062102869663
oci:06604482442-0636027851,omid:br/06604482442,omid:br/0636027851
oci:061703960490-062404060233,omid:br/061703960490,omid:br/062404060233
oci:061703960490-06270230355,omid:br/061703960490,omid:br/06270230355
oci:061703960490-06304479223,omid:br/061703960490,omid:br/06304479223
oci:061703960490-06501177415,omid:br/061703960490,omid:br/06501177415
oci:061703960490-061101252553,omid:br/061703960490,omid:br/061101252553
oci:061703960490-061702053768,omid:br/061703960490,omid:br/061702053768
oci:06204485957-06104490312,omid:br/06204485957,omid:br/06104490312
oci:06204485957-061403947081,omid:br/06204485957,omid:br/061403947081
oci:06204485957-061902417525,omid:br/06204485957,omid:br/061902417525
oci:06204485957-061902417524,omid:br/06204485957,omid:br/061902417524
oci:06204485957-06130194046,omid:br/06204485957,omid:br/06130194046
oci:06204485957-061503027217,omid:br/06204485957,omid:br/061503027217
oci:06204485870-061101094554,omid:br/06204485870,omid:br/061101094554
oci:06204485870-0680847659,omid:br/06204485870,omid:br/0680847659
oci:062304048342-061401232520,omid:br/062304048342,omid:br/061401232520
oci:062304048342-06270230355,omid:br/062304048342,omid:br/06270230355
oci:062304048342-06304479223,omid:br/062304048342,omid:br/06304479223
oci:062304048342-06501177415,omid:br/062304048342,omid:br/06501177415
oci:062304048342-061702053768,omid:br/062304048342,omid:br/061702053768
oci:06270230927-061201241373,omid:br/06270230927,omid:br/061201241373
oci:06270230927-061501248567,omid:br/06270230927,omid:br/061501248567
oci:06270230927-061501063012,omid:br/06270230927,omid:br/061501063012
oci:06270230927-06110876276,omid:br/06270230927,omid:br/06110876276
oci:06604482330-06804487232,omid:br/06604482330,omid:br/06804487232
oci:06604482330-0647025017,omid:br/06604482330,omid:br/0647025017
oci:06520214649-0660894948,omid:br/06520214649,omid:br/0660894948
oci:06520214649-062103707676,omid:br/06520214649,omid:br/062103707676
oci:061403947397-061201864362,omid:br/061403947397,omid:br/061201864362
oci:061403947397-06403909546,omid:br/061403947397,omid:br/06403909546
oci:06520214580-061902417969,omid:br/06520214580,omid:br/061902417969
oci:06520214580-0650851796,omid:br/06520214580,omid:br/0650851796
oci:06520214580-0660847570,omid:br/06520214580,omid:br/0660847570
oci:06520214580-061901250406,omid:br/06520214580,omid:br/061901250406
oci:06520214580-06203920836,omid:br/06520214580,omid:br/06203920836
oci:06520214580-0670843828,omid:br/06520214580,omid:br/0670843828
oci:06520214580-0660847564,omid:br/06520214580,omid:br/0660847564
oci:06520214580-0640848305,omid:br/06520214580,omid:br/0640848305
oci:06520214580-0650851202,omid:br/06520214580,omid:br/0650851202
oci:062304048357-06901175636,omid:br/062304048357,omid:br/06901175636
oci:062304048357-06530217632,omid:br/062304048357,omid:br/06530217632
oci:062304048357-062504059762,omid:br/062304048357,omid:br/062504059762
oci:062304048357-061403947760,omid:br/062304048357,omid:br/061403947760
oci:062204044920-061301242469,omid:br/062204044920,omid:br/061301242469
oci:062204044920-061101094656,omid:br/062204044920,omid:br/061101094656
oci:062204044920-06601142846,omid:br/062204044920,omid:br/06601142846
oci:062204044920-0680848093,omid:br/062204044920,omid:br/0680848093
oci:062204044920-0620907118,omid:br/062204044920,omid:br/0620907118
oci:062204044920-0639027212,omid:br/062204044920,omid:br/0639027212
oci:061103597209-0680848137,omid:br/061103597209,omid:br/0680848137
oci:061103597209-0640848588,omid:br/061103597209,omid:br/0640848588
oci:061804035054-0641027753,omid:br/061804035054,omid:br/0641027753
oci:061804035054-062503037312,omid:br/061804035054,omid:br/062503037312
oci:061804035054-06702593563,omid:br/061804035054,omid:br/06702593563
oci:062604071292-061503947138,omid:br/062604071292,omid:br/061503947138
oci:062604071292-06530217266,omid:br/062604071292,omid:br/06530217266
oci:062604071292-061501662456,omid:br/062604071292,omid:br/061501662456
oci:062604071292-06802611824,omid:br/062604071292,omid:br/06802611824
oci:0604491963-061703960604,omid:br/0604491963,omid:br/061703960604
oci:0604491963-0639027701,omid:br/0604491963,omid:br/0639027701
oci:0604491963-0641027704,omid:br/0604491963,omid:br/0641027704
oci:0604491963-0604221141,omid:br/0604491963,omid:br/0604221141
oci:0604491963-0633026706,omid:br/0604491963,omid:br/0633026706
oci:0604491963-0604221142,omid:br/0604491963,omid:br/0604221142
oci:0604491963-0670876963,omid:br/0604491963,omid:br/0670876963
oci:0604491963-0670877106,omid:br/0604491963,omid:br/0670877106
oci:062104035421-061301243156,omid:br/062104035421,omid:br/061301243156
oci:062104035421-06290222486,omid:br/062104035421,omid:br/06290222486
oci:062104035421-06530217351,omid:br/062104035421,omid:br/06530217351
oci:062104035421-06530217304,omid:br/062104035421,omid:br/06530217304
oci:062104035421-061503947138,omid:br/062104035421,omid:br/061503947138
oci:062104035421-0635026929,omid:br/062104035421,omid:br/0635026929
oci:06504498802-06210364521,omid:br/06504498802,omid:br/06210364521
oci:06204485879-06410111914,omid:br/06204485879,omid:br/06410111914
oci:062604070913-0660848045,omid:br/062604070913,omid:br/0660848045
oci:062604070913-063071348,omid:br/062604070913,omid:br/063071348
oci:062604070913-062402121598,omid:br/062604070913,omid:br/062402121598
oci:062604070913-0630849602,omid:br/062604070913,omid:br/0630849602
oci:062604070913-0660929599,omid:br/062604070913,omid:br/0660929599
oci:062604070954-061902417525,omid:br/062604070954,omid:br/061902417525
oci:062604070954-0670843879,omid:br/062604070954,omid:br/0670843879
oci:0603977240-0636027803,omid:br/0603977240,omid:br/0636027803
oci:061503946337-0650851189,omid:br/061503946337,omid:br/0650851189
oci:061503946337-06210364055,omid:br/061503946337,omid:br/06210364055
oci:061503946337-06250364581,omid:br/061503946337,omid:br/06250364581
oci:06204485922-06503922382,omid:br/06204485922,omid:br/06503922382
oci:06204485922-06110215186,omid:br/06204485922,omid:br/06110215186
oci:06204485922-062401182051,omid:br/06204485922,omid:br/062401182051
oci:06204485922-062602125355,omid:br/06204485922,omid:br/062602125355
oci:06204485922-0648026644,omid:br/06204485922,omid:br/0648026644
oci:06204485922-0637028750,omid:br/06204485922,omid:br/0637028750
oci:06204485922-0635026475,omid:br/06204485922,omid:br/0635026475
oci:06204485922-0660848087,omid:br/06204485922,omid:br/0660848087
oci:06204485922-061701625878,omid:br/06204485922,omid:br/061701625878
oci:06204485922-0646026511,omid:br/06204485922,omid:br/0646026511
oci:06204485922-061601211752,omid:br/06204485922,omid:br/061601211752
oci:06204485922-0636027405,omid:br/06204485922,omid:br/0636027405
oci:06204485922-06510306430,omid:br/06204485922,omid:br/06510306430
oci:06204485922-062302041779,omid:br/06204485922,omid:br/062302041779
oci:06204485922-0640848943,omid:br/06204485922,omid:br/0640848943
oci:06204485922-06301356022,omid:br/06204485922,omid:br/06301356022
oci:06204485922-061503299102,omid:br/06204485922,omid:br/061503299102
oci:06204485922-062503506270,omid:br/06204485922,omid:br/062503506270
oci:06204485922-0680847837,omid:br/06204485922,omid:br/0680847837
oci:06804487337-062304051376,omid:br/06804487337,omid:br/062304051376
oci:06804487337-06901175521,omid:br/06804487337,omid:br/06901175521
oci:06804487337-0646026471,omid:br/06804487337,omid:br/0646026471
oci:062304048430-061701209843,omid:br/062304048430,omid:br/061701209843
oci:062304048430-061303604038,omid:br/062304048430,omid:br/061303604038
oci:062304048430-0660847454,omid:br/062304048430,omid:br/0660847454
oci:062304048430-062601133258,omid:br/062304048430,omid:br/062601133258
oci:06704461848-0640799151,omid:br/06704461848,omid:br/0640799151
oci:06704461848-06230969790,omid:br/06704461848,omid:br/06230969790
oci:06530217038-06401174083,omid:br/06530217038,omid:br/06401174083
oci:06530217038-06304479217,omid:br/06530217038,omid:br/06304479217
oci:06530217038-0642027957,omid:br/06530217038,omid:br/0642027957
oci:06530217038-061902417525,omid:br/06530217038,omid:br/061902417525
oci:06530217038-061902417524,omid:br/06530217038,omid:br/061902417524
oci:06530217038-0635026404,omid:br/06530217038,omid:br/0635026404
oci:06530217038-0645026254,omid:br/06530217038,omid:br/0645026254
oci:06530217038-0642027754,omid:br/06530217038,omid:br/0642027754
oci:0604708198-06604055868,omid:br/0604708198,omid:br/06604055868
oci:0604708198-0641027753,omid:br/0604708198,omid:br/0641027753
oci:0604708198-06520205244,omid:br/0604708198,omid:br/06520205244
oci:0604708198-06702593563,omid:br/0604708198,omid:br/06702593563
oci:0604708198-06802611948,omid:br/0604708198,omid:br/06802611948
oci:0604708198-06802611874,omid:br/0604708198,omid:br/06802611874
oci:0604708198-06210364233,omid:br/0604708198,omid:br/06210364233
oci:0604347610-062404065567,omid:br/0604347610,omid:br/062404065567
oci:0604347610-062504062529,omid:br/0604347610,omid:br/062504062529
oci:0604347610-06280233290,omid:br/0604347610,omid:br/06280233290
oci:0604347610-062304050555,omid:br/0604347610,omid:br/062304050555
oci:0604347610-06280233215,omid:br/0604347610,omid:br/06280233215
oci:0604347610-062504062341,omid:br/0604347610,omid:br/062504062341
oci:06304479053-061101252556,omid:br/06304479053,omid:br/061101252556
oci:06304479053-06702593584,omid:br/06304479053,omid:br/06702593584
oci:06270230718-061802428370,omid:br/06270230718,omid:br/061802428370
oci:062304048406-0620846825,omid:br/062304048406,omid:br/0620846825
oci:062304048406-0652025065,omid:br/062304048406,omid:br/0652025065
oci:062304048319-062601179383,omid:br/062304048319,omid:br/062601179383
oci:062304048319-062503635940,omid:br/062304048319,omid:br/062503635940
oci:062304048319-062503635741,omid:br/062304048319,omid:br/062503635741
oci:062304048319-0660882414,omid:br/062304048319,omid:br/0660882414
oci:062304048319-061902417525,omid:br/062304048319,omid:br/061902417525
oci:062304048319-06204259265,omid:br/062304048319,omid:br/06204259265
oci:062304048459-06130787543,omid:br/062304048459,omid:br/06130787543
oci:062304048459-061901250740,omid:br/062304048459,omid:br/061901250740
oci:062304048459-061901250434,omid:br/062304048459,omid:br/061901250434
oci:06270231124-0650851695,omid:br/06270231124,omid:br/0650851695
oci:06270231124-06603034426,omid:br/06270231124,omid:br/06603034426
oci:06270231124-0645066918,omid:br/06270231124,omid:br/0645066918
oci:06270231124-0660172646,omid:br/06270231124,omid:br/0660172646
oci:06270231124-0690100204,omid:br/06270231124,omid:br/0690100204
oci:06270231124-061101210312,omid:br/06270231124,omid:br/061101210312
oci:06704461950-061403291821,omid:br/06704461950,omid:br/061403291821
oci:06704461950-061802873516,omid:br/06704461950,omid:br/061802873516
oci:06704461950-06603168659,omid:br/06704461950,omid:br/06603168659
oci:06704461950-0604832448,omid:br/06704461950,omid:br/0604832448
oci:06704462119-06702593292,omid:br/06704462119,omid:br/06702593292
oci:06520214627-062104035842,omid:br/06520214627,omid:br/062104035842
oci:06520214627-062104057770,omid:br/06520214627,omid:br/062104057770
oci:06520214627-0641027614,omid:br/06520214627,omid:br/0641027614
oci:06520214627-0647025197,omid:br/06520214627,omid:br/0647025197
oci:06520214627-0650851588,omid:br/06520214627,omid:br/0650851588
oci:06520214627-0636027184,omid:br/06520214627,omid:br/0636027184
oci:06520214627-061803056776,omid:br/06520214627,omid:br/061803056776
oci:06520214627-0660848193,omid:br/06520214627,omid:br/0660848193
oci:06520214627-061603072629,omid:br/06520214627,omid:br/061603072629
oci:06520214627-06202255114,omid:br/06520214627,omid:br/06202255114
oci:06804487320-061203635987,omid:br/06804487320,omid:br/061203635987
oci:06804487320-0638027086,omid:br/06804487320,omid:br/0638027086
oci:06804487320-0640848837,omid:br/06804487320,omid:br/0640848837
oci:06804487320-0650827724,omid:br/06804487320,omid:br/0650827724
oci:06804487320-061903069347,omid:br/06804487320,omid:br/061903069347
oci:06804487320-062103707395,omid:br/06804487320,omid:br/062103707395
oci:06804487320-061901250685,omid:br/06804487320,omid:br/061901250685
oci:06804487320-06802611626,omid:br/06804487320,omid:br/06802611626
oci:06504498496-061301243218,omid:br/06504498496,omid:br/061301243218
oci:06504498496-061702226124,omid:br/06504498496,omid:br/061702226124
oci:06303996662-06401033531,omid:br/06303996662,omid:br/06401033531
oci:06303996662-0644026649,omid:br/06303996662,omid:br/0644026649
oci:06303996662-0645048627,omid:br/06303996662,omid:br/0645048627
oci:061904043613-06304479237,omid:br/061904043613,omid:br/06304479237
oci:061904043613-061904043786,omid:br/061904043613,omid:br/061904043786
oci:061904043613-06230350395,omid:br/061904043613,omid:br/06230350395
oci:061904044240-061301409050,omid:br/061904044240,omid:br/061301409050
oci:061804035647-0680800706,omid:br/061804035647,omid:br/0680800706
oci:061804035647-062103707617,omid:br/061804035647,omid:br/062103707617
oci:061804035647-0636027855,omid:br/061804035647,omid:br/0636027855
oci:061804035647-062103653291,omid:br/061804035647,omid:br/062103653291
oci:061804035647-06901261475,omid:br/061804035647,omid:br/06901261475
oci:062604071375-061601249919,omid:br/062604071375,omid:br/061601249919
oci:062604071375-0636027217,omid:br/062604071375,omid:br/0636027217
oci:062604071375-06250364559,omid:br/062604071375,omid:br/06250364559
oci:062604071375-0604832303,omid:br/062604071375,omid:br/0604832303
oci:06604482006-06704035449,omid:br/06604482006,omid:br/06704035449
oci:06604482006-062503037310,omid:br/06604482006,omid:br/062503037310
oci:06604482006-06220789168,omid:br/06604482006,omid:br/06220789168
oci:06604482006-061502236826,omid:br/06604482006,omid:br/061502236826
oci:06704461867-061303056736,omid:br/06704461867,omid:br/061303056736
oci:062304048399-061101164983,omid:br/062304048399,omid:br/061101164983
oci:062304048399-06601215556,omid:br/062304048399,omid:br/06601215556
oci:062304048399-061902417963,omid:br/062304048399,omid:br/061902417963
oci:0604665787-061203954673,omid:br/0604665787,omid:br/061203954673
oci:0604665787-061104088292,omid:br/0604665787,omid:br/061104088292
oci:0604665787-061801541234,omid:br/0604665787,omid:br/061801541234
oci:06604482000-06901174618,omid:br/06604482000,omid:br/06901174618
oci:06604482000-06210364564,omid:br/06604482000,omid:br/06210364564
oci:06604482000-0604832332,omid:br/06604482000,omid:br/0604832332
oci:06604482000-06250364142,omid:br/06604482000,omid:br/06250364142
oci:06604482000-06210364415,omid:br/06604482000,omid:br/06210364415
oci:06904088782-062304048521,omid:br/06904088782,omid:br/062304048521
oci:06530217128-062504059765,omid:br/06530217128,omid:br/062504059765
oci:061503947000-06140789428,omid:br/061503947000,omid:br/06140789428
oci:061503947000-061303625049,omid:br/061503947000,omid:br/061303625049
oci:061503947000-061501248522,omid:br/061503947000,omid:br/061501248522
oci:061503947000-062404061124,omid:br/061503947000,omid:br/062404061124
oci:061503947000-061902417480,omid:br/061503947000,omid:br/061902417480
oci:062204044468-0670843904,omid:br/062204044468,omid:br/0670843904
oci:061303936644-06804487213,omid:br/061303936644,omid:br/06804487213
oci:061303936644-062304051336,omid:br/061303936644,omid:br/062304051336
oci:061303936644-0604376307,omid:br/061303936644,omid:br/0604376307
oci:061303936644-062404060870,omid:br/061303936644,omid:br/062404060870
oci:061303936644-062304048327,omid:br/061303936644,omid:br/062304048327
oci:061303936644-0604164741,omid:br/061303936644,omid:br/0604164741
oci:06704461884-06404498279,omid:br/06704461884,omid:br/06404498279
oci:06704461884-061303936781,omid:br/06704461884,omid:br/061303936781
oci:06704461884-06280228665,omid:br/06704461884,omid:br/06280228665
oci:06704461884-0636027171,omid:br/06704461884,omid:br/0636027171
oci:06704461884-0641027370,omid:br/06704461884,omid:br/0641027370
oci:06704461884-0640268786,omid:br/06704461884,omid:br/0640268786
oci:06704461884-0645026238,omid:br/06704461884,omid:br/0645026238
oci:06704461884-0639027135,omid:br/06704461884,omid:br/0639027135
oci:06704461884-061902417483,omid:br/06704461884,omid:br/061902417483
oci:06704461884-061702053729,omid:br/06704461884,omid:br/061702053729
oci:061703960155-062304048193,omid:br/061703960155,omid:br/062304048193
oci:061703960155-0604832399,omid:br/061703960155,omid:br/0604832399
oci:061703960155-0643027215,omid:br/061703960155,omid:br/0643027215
oci:062304048337-06304478760,omid:br/062304048337,omid:br/06304478760
oci:062304048337-061904043824,omid:br/062304048337,omid:br/061904043824
oci:062304048337-062304048234,omid:br/062304048337,omid:br/062304048234
oci:062304048337-0640485127,omid:br/062304048337,omid:br/0640485127
oci:062304048050-06801170350,omid:br/062304048050,omid:br/06801170350
oci:062304048050-062401136711,omid:br/062304048050,omid:br/062401136711
oci:062304048050-06401341320,omid:br/062304048050,omid:br/06401341320
oci:062304048325-061203954654,omid:br/062304048325,omid:br/061203954654
oci:062304048325-06401174083,omid:br/062304048325,omid:br/06401174083
oci:062304048325-0642027957,omid:br/062304048325,omid:br/0642027957
oci:062304048325-0643027243,omid:br/062304048325,omid:br/0643027243
oci:062304048325-06120205152,omid:br/062304048325,omid:br/06120205152
oci:062304047685-06901260492,omid:br/062304047685,omid:br/06901260492
oci:062304047685-06101224227,omid:br/062304047685,omid:br/06101224227
oci:062304047685-0637029044,omid:br/062304047685,omid:br/0637029044
oci:06604482370-0650851468,omid:br/06604482370,omid:br/0650851468
oci:061804035022-061403947422,omid:br/061804035022,omid:br/061403947422
oci:061804035022-0610857763,omid:br/061804035022,omid:br/0610857763
oci:061804035022-0670843894,omid:br/061804035022,omid:br/0670843894
oci:061804035022-0640848152,omid:br/061804035022,omid:br/0640848152
oci:061804035022-0620846730,omid:br/061804035022,omid:br/0620846730
oci:062604071414-06804487399,omid:br/062604071414,omid:br/06804487399
oci:062504059656-0631028456,omid:br/062504059656,omid:br/0631028456
oci:06520214389-062103707902,omid:br/06520214389,omid:br/062103707902
oci:06520214389-0670843663,omid:br/06520214389,omid:br/0670843663
oci:06520214389-0660847547,omid:br/06520214389,omid:br/0660847547
oci:06520214389-0670843317,omid:br/06520214389,omid:br/0670843317
oci:061503947027-0641027791,omid:br/061503947027,omid:br/0641027791
oci:061503947027-0660901571,omid:br/061503947027,omid:br/0660901571
oci:061203954786-06470214202,omid:br/061203954786,omid:br/06470214202
oci:061203954786-061503946240,omid:br/061203954786,omid:br/061503946240
oci:061203954786-061503946258,omid:br/061203954786,omid:br/061503946258
oci:062604071100-06330233169,omid:br/062604071100,omid:br/06330233169
oci:0604495723-06130786613,omid:br/0604495723,omid:br/06130786613
oci:0604495723-06802611433,omid:br/0604495723,omid:br/06802611433
oci:0604495723-062503622996,omid:br/0604495723,omid:br/062503622996
oci:0604495723-061503575591,omid:br/0604495723,omid:br/061503575591
oci:0604495723-0604832430,omid:br/0604495723,omid:br/0604832430
oci:0604495723-06802611676,omid:br/0604495723,omid:br/06802611676
oci:06270230880-06401033531,omid:br/06270230880,omid:br/06401033531
oci:06270230880-0620846129,omid:br/06270230880,omid:br/0620846129
oci:06270230880-0660894772,omid:br/06270230880,omid:br/0660894772
oci:06270230880-0610857763,omid:br/06270230880,omid:br/0610857763
oci:06204485945-0660882769,omid:br/06204485945,omid:br/0660882769
oci:06204485945-0634027848,omid:br/06204485945,omid:br/0634027848
oci:06270230924-06403069864,omid:br/06270230924,omid:br/06403069864
oci:06270230924-06310275922,omid:br/06270230924,omid:br/06310275922
oci:06704461830-061703067966,omid:br/06704461830,omid:br/061703067966
oci:0604416681-06110807681,omid:br/0604416681,omid:br/06110807681
oci:0604416681-061101094656,omid:br/0604416681,omid:br/061101094656
oci:061804035843-0650899313,omid:br/061804035843,omid:br/0650899313
oci:061804035843-0650898576,omid:br/061804035843,omid:br/0650898576
oci:061804035843-0640897282,omid:br/061804035843,omid:br/0640897282
oci:061804035843-0610857110,omid:br/061804035843,omid:br/0610857110
oci:061804035843-0634027341,omid:br/061804035843,omid:br/0634027341
oci:061804035843-06250261684,omid:br/061804035843,omid:br/06250261684
oci:061804035843-06401033913,omid:br/061804035843,omid:br/06401033913
oci:061804035843-06101681499,omid:br/061804035843,omid:br/06101681499
oci:061804035843-061802428555,omid:br/061804035843,omid:br/061802428555
oci:061804035843-061901250434,omid:br/061804035843,omid:br/061901250434
oci:061804035843-0610857763,omid:br/061804035843,omid:br/0610857763
oci:061804035843-0630849787,omid:br/061804035843,omid:br/0630849787
oci:062504059292-061904043902,omid:br/062504059292,omid:br/061904043902
oci:06804487306-06303730296,omid:br/06804487306,omid:br/06303730296
oci:06804487306-063071543,omid:br/06804487306,omid:br/063071543
oci:06804487306-062603107741,omid:br/06804487306,omid:br/062603107741
oci:06804487306-06490310344,omid:br/06804487306,omid:br/06490310344
oci:0604226421-06601215594,omid:br/0604226421,omid:br/06601215594
oci:0604226421-0636027457,omid:br/0604226421,omid:br/0636027457
oci:0604226421-0643026884,omid:br/0604226421,omid:br/0643026884
oci:0604226421-06504043004,omid:br/0604226421,omid:br/06504043004
oci:0604226421-0660847883,omid:br/0604226421,omid:br/0660847883
oci:0604226421-0637028645,omid:br/0604226421,omid:br/0637028645
oci:06504498776-06702593364,omid:br/06504498776,omid:br/06702593364
oci:06504498776-06702593407,omid:br/06504498776,omid:br/06702593407
oci:06520214288-0660597145,omid:br/06520214288,omid:br/0660597145
oci:06520214288-061902883916,omid:br/06520214288,omid:br/061902883916
oci:06520214288-06210364484,omid:br/06520214288,omid:br/06210364484
oci:06304478509-06401174119,omid:br/06304478509,omid:br/06401174119
oci:06304478509-061902417969,omid:br/06304478509,omid:br/061902417969
oci:06304478509-06130479672,omid:br/06304478509,omid:br/06130479672
oci:06304478509-061801575416,omid:br/06304478509,omid:br/061801575416
oci:06530217524-06604055868,omid:br/06530217524,omid:br/06604055868
oci:06530217524-062401771888,omid:br/06530217524,omid:br/062401771888
oci:06530217524-0644017320,omid:br/06530217524,omid:br/0644017320
oci:06530217524-061703067989,omid:br/06530217524,omid:br/061703067989
oci:06804487422-0604832493,omid:br/06804487422,omid:br/0604832493
oci:06804487422-061902417494,omid:br/06804487422,omid:br/061902417494
oci:06804487422-06250274338,omid:br/06804487422,omid:br/06250274338
oci:06804487422-06502618719,omid:br/06804487422,omid:br/06502618719
oci:062304048079-06804487116,omid:br/062304048079,omid:br/06804487116
oci:062304048079-0650482321,omid:br/062304048079,omid:br/0650482321
oci:062304048079-0604832463,omid:br/062304048079,omid:br/0604832463
oci:062304048079-06802611567,omid:br/062304048079,omid:br/06802611567
oci:062604071454-0660596828,omid:br/062604071454,omid:br/0660596828
oci:061703960599-062304048258,omid:br/061703960599,omid:br/062304048258
oci:061703960599-06304478576,omid:br/061703960599,omid:br/06304478576
oci:061703960599-06530217593,omid:br/061703960599,omid:br/06530217593
oci:061703960599-06804487145,omid:br/061703960599,omid:br/06804487145
oci:062104035378-062603654085,omid:br/062104035378,omid:br/062603654085
oci:062104035378-061201154185,omid:br/062104035378,omid:br/061201154185
oci:062104035378-06802611578,omid:br/062104035378,omid:br/06802611578
oci:062104035378-06803136096,omid:br/062104035378,omid:br/06803136096
oci:062104035378-06530206165,omid:br/062104035378,omid:br/06530206165
oci:062304048012-06280229404,omid:br/062304048012,omid:br/06280229404
oci:062304048012-0619079326,omid:br/062304048012,omid:br/0619079326
oci:062304048012-06603141614,omid:br/062304048012,omid:br/06603141614
oci:062304048012-06402997005,omid:br/062304048012,omid:br/06402997005
oci:062304048012-06210878472,omid:br/062304048012,omid:br/06210878472
oci:062304048012-0641027253,omid:br/062304048012,omid:br/0641027253
oci:062304048097-0660894389,omid:br/062304048097,omid:br/0660894389
oci:062304048097-0610857674,omid:br/062304048097,omid:br/0610857674
oci:062304048097-06303730040,omid:br/062304048097,omid:br/06303730040
oci:062304048097-0630849787,omid:br/062304048097,omid:br/0630849787
oci:062304048097-0680848130,omid:br/062304048097,omid:br/0680848130
oci:062304048097-062103708078,omid:br/062304048097,omid:br/062103708078
oci:062304048097-062203718461,omid:br/062304048097,omid:br/062203718461
oci:062304048097-0642027790,omid:br/062304048097,omid:br/0642027790
oci:062304048097-0650898735,omid:br/062304048097,omid:br/0650898735
oci:062304048097-0630849899,omid:br/062304048097,omid:br/0630849899
oci:062304048097-0680847733,omid:br/062304048097,omid:br/0680847733
oci:062304048097-061204035707,omid:br/062304048097,omid:br/061204035707
oci:062304048097-0660847520,omid:br/062304048097,omid:br/0660847520
oci:062304048097-0630849731,omid:br/062304048097,omid:br/0630849731
oci:062304048097-061902417692,omid:br/062304048097,omid:br/061902417692
oci:061403947112-061301243130,omid:br/061403947112,omid:br/061301243130
oci:061403947112-06401220987,omid:br/061403947112,omid:br/06401220987
oci:06204485953-061401232658,omid:br/06204485953,omid:br/061401232658
oci:06204485953-0643026978,omid:br/06204485953,omid:br/0643026978
oci:06204485953-062503506304,omid:br/06204485953,omid:br/062503506304
oci:06204485953-061901250755,omid:br/06204485953,omid:br/061901250755
oci:06204485953-0636028088,omid:br/06204485953,omid:br/0636028088
oci:06204485953-061202094271,omid:br/06204485953,omid:br/061202094271
oci:06204485953-061303604038,omid:br/06204485953,omid:br/061303604038
oci:06204485953-061102726389,omid:br/06204485953,omid:br/061102726389
oci:06204485953-06303078865,omid:br/06204485953,omid:br/06303078865
oci:062604071367-061101252034,omid:br/062604071367,omid:br/061101252034
oci:062604071367-06304567266,omid:br/062604071367,omid:br/06304567266
oci:062604071367-0643027129,omid:br/062604071367,omid:br/0643027129
oci:062204044343-061501249221,omid:br/062204044343,omid:br/061501249221
oci:062204044343-06401174119,omid:br/062204044343,omid:br/06401174119
oci:062204044343-0680848130,omid:br/062204044343,omid:br/0680848130
oci:06304479071-06901259978,omid:br/06304479071,omid:br/06901259978
oci:06304479071-062301250167,omid:br/06304479071,omid:br/062301250167
oci:06404498417-0604832306,omid:br/06404498417,omid:br/0604832306
oci:06704462152-061603954832,omid:br/06704462152,omid:br/061603954832
oci:0604518740-0650857493,omid:br/0604518740,omid:br/0650857493
oci:06704461888-06280229393,omid:br/06704461888,omid:br/06280229393
oci:06204486291-062103707931,omid:br/06204486291,omid:br/062103707931
oci:06204486291-062203718465,omid:br/06204486291,omid:br/062203718465
oci:06204486291-062103708094,omid:br/06204486291,omid:br/062103708094
oci:06204486291-0636027855,omid:br/06204486291,omid:br/0636027855
oci:06204486291-0670843622,omid:br/06204486291,omid:br/0670843622
oci:06204486291-06150206468,omid:br/06204486291,omid:br/06150206468
oci:06204486291-06150206089,omid:br/06204486291,omid:br/06150206089
oci:06304478910-061301005938,omid:br/06304478910,omid:br/061301005938
oci:0604265393-061201154613,omid:br/0604265393,omid:br/061201154613
oci:0604265393-06401174123,omid:br/0604265393,omid:br/06401174123
oci:0604265393-06220789168,omid:br/0604265393,omid:br/06220789168
oci:0604080419-06190840905,omid:br/0604080419,omid:br/06190840905
oci:06704461876-062303632654,omid:br/06704461876,omid:br/062303632654
oci:06704461876-062103707342,omid:br/06704461876,omid:br/062103707342
oci:06704461876-06802243159,omid:br/06704461876,omid:br/06802243159
oci:06270230846-061101166720,omid:br/06270230846,omid:br/061101166720
oci:06270230846-06802611505,omid:br/06270230846,omid:br/06802611505
oci:06270230846-06210364194,omid:br/06270230846,omid:br/06210364194
oci:06270230846-06210364019,omid:br/06270230846,omid:br/06210364019
oci:06270230846-061901894234,omid:br/06270230846,omid:br/061901894234
oci:061503946532-06502618618,omid:br/061503946532,omid:br/06502618618
oci:061503946532-0604832378,omid:br/061503946532,omid:br/0604832378
oci:061503946532-06160584160,omid:br/061503946532,omid:br/06160584160
oci:061503946891-0604832488,omid:br/061503946891,omid:br/0604832488
oci:061104088411-061901250434,omid:br/061104088411,omid:br/061901250434
oci:061104088411-0636027825,omid:br/061104088411,omid:br/0636027825
oci:061104088411-061203635987,omid:br/061104088411,omid:br/061203635987
oci:061104088411-0620846166,omid:br/061104088411,omid:br/0620846166
oci:061403947106-061902417518,omid:br/061403947106,omid:br/061902417518
oci:061403947106-061501124704,omid:br/061403947106,omid:br/061501124704
oci:061403947106-062403283590,omid:br/061403947106,omid:br/062403283590
oci:061403947106-0637028166,omid:br/061403947106,omid:br/0637028166
oci:061403947106-061902417420,omid:br/061403947106,omid:br/061902417420
oci:061403947106-06430295504,omid:br/061403947106,omid:br/06430295504
oci:061403947106-06430295505,omid:br/061403947106,omid:br/06430295505
oci:061503946338-061103322069,omid:br/061503946338,omid:br/061103322069
oci:061503946338-0619098901,omid:br/061503946338,omid:br/0619098901
oci:061503946338-061601140185,omid:br/061503946338,omid:br/061601140185
oci:061503946338-061503577026,omid:br/061503946338,omid:br/061503577026
oci:061503946338-0680269196,omid:br/061503946338,omid:br/0680269196
oci:061703960539-061203954678,omid:br/061703960539,omid:br/061203954678
oci:061703960539-06530217297,omid:br/061703960539,omid:br/06530217297
oci:06804487335-061301158819,omid:br/06804487335,omid:br/061301158819
oci:06704462091-0660894694,omid:br/06704462091,omid:br/0660894694
oci:06704462091-0630849899,omid:br/06704462091,omid:br/0630849899
oci:06704462091-06130479672,omid:br/06704462091,omid:br/06130479672
oci:06704462091-061801575416,omid:br/06704462091,omid:br/061801575416
oci:061203955222-061503636004,omid:br/061203955222,omid:br/061503636004
oci:061203955222-061203761518,omid:br/061203955222,omid:br/061203761518
oci:061103580164-061701165084,omid:br/061103580164,omid:br/061701165084
oci:061103580164-06901175636,omid:br/061103580164,omid:br/06901175636
oci:061103580164-061302097058,omid:br/061103580164,omid:br/061302097058
oci:061103580164-0680847634,omid:br/061103580164,omid:br/0680847634
oci:061103580164-0650172942,omid:br/061103580164,omid:br/0650172942
oci:061103580164-0644027442,omid:br/061103580164,omid:br/0644027442
oci:061103580164-0647025291,omid:br/061103580164,omid:br/0647025291
oci:061103580164-062402213343,omid:br/061103580164,omid:br/062402213343
oci:061103580164-0660847638,omid:br/061103580164,omid:br/0660847638
oci:061103580164-0650482175,omid:br/061103580164,omid:br/0650482175
oci:061103580164-06250364446,omid:br/061103580164,omid:br/06250364446
oci:061103580164-061203614101,omid:br/061103580164,omid:br/061203614101
oci:061103580164-06304194727,omid:br/061103580164,omid:br/06304194727
oci:061103580164-062102037325,omid:br/061103580164,omid:br/062102037325
oci:0604602177-06110952535,omid:br/0604602177,omid:br/06110952535
oci:0604602177-0632062052,omid:br/0604602177,omid:br/0632062052
oci:0604602177-0670877321,omid:br/0604602177,omid:br/0670877321
oci:0604602177-06110215254,omid:br/0604602177,omid:br/06110215254
oci:0604602177-06130928178,omid:br/0604602177,omid:br/06130928178
oci:0604602177-0680930951,omid:br/0604602177,omid:br/0680930951
oci:0604602177-061203614136,omid:br/0604602177,omid:br/061203614136
oci:0604602177-062203718505,omid:br/0604602177,omid:br/062203718505
oci:0604708155-06401033531,omid:br/0604708155,omid:br/06401033531
oci:061104088651-06802611396,omid:br/061104088651,omid:br/06802611396
oci:061104088651-061303936778,omid:br/061104088651,omid:br/061303936778
oci:061104088651-062304048250,omid:br/061104088651,omid:br/062304048250
oci:061104088651-0604832409,omid:br/061104088651,omid:br/0604832409
oci:061403947107-0641027532,omid:br/061403947107,omid:br/0641027532
oci:061403947107-0635026471,omid:br/061403947107,omid:br/0635026471
oci:061403947107-0641027906,omid:br/061403947107,omid:br/0641027906
oci:061403947107-062401182051,omid:br/061403947107,omid:br/062401182051
oci:061403947107-0604523908,omid:br/061403947107,omid:br/0604523908
oci:061403947107-06430295506,omid:br/061403947107,omid:br/06430295506
oci:062604071164-06360221700,omid:br/062604071164,omid:br/06360221700
oci:061303936481-06280229244,omid:br/061303936481,omid:br/06280229244
oci:061303936481-06530217357,omid:br/061303936481,omid:br/06530217357
oci:061303936481-0634027848,omid:br/061303936481,omid:br/0634027848
oci:061303936481-0604832433,omid:br/061303936481,omid:br/0604832433
oci:062204044364-062404061124,omid:br/062204044364,omid:br/062404061124
oci:062204044364-061203954709,omid:br/062204044364,omid:br/061203954709
oci:062204044364-061301684939,omid:br/062204044364,omid:br/061301684939
oci:062204044364-0643026703,omid:br/062204044364,omid:br/0643026703
oci:062204044364-0647024955,omid:br/062204044364,omid:br/0647024955
oci:062204044364-0639027218,omid:br/062204044364,omid:br/0639027218
oci:06104490274-0680799148,omid:br/06104490274,omid:br/0680799148
oci:06104490274-062303119743,omid:br/06104490274,omid:br/062303119743
oci:06104490274-0636027406,omid:br/06104490274,omid:br/0636027406
oci:06104490274-062103707857,omid:br/06104490274,omid:br/062103707857
oci:06104490274-061902417291,omid:br/06104490274,omid:br/061902417291
oci:06104490274-06250274268,omid:br/06104490274,omid:br/06250274268
oci:06104490274-061701043204,omid:br/06104490274,omid:br/061701043204
oci:06104490274-0650851560,omid:br/06104490274,omid:br/0650851560
oci:061104088503-0653025951,omid:br/061104088503,omid:br/0653025951
oci:061104088503-06204486164,omid:br/061104088503,omid:br/06204486164
oci:061104088503-0604832428,omid:br/061104088503,omid:br/0604832428
oci:061104088503-0636027373,omid:br/061104088503,omid:br/0636027373
oci:062304048069-06404498233,omid:br/062304048069,omid:br/06404498233
oci:062304048069-061603759447,omid:br/062304048069,omid:br/061603759447
oci:062304048069-0639027844,omid:br/062304048069,omid:br/0639027844
oci:062304048069-06101192317,omid:br/062304048069,omid:br/06101192317
oci:06703978827-06501036847,omid:br/06703978827,omid:br/06501036847
oci:06703978827-06520205365,omid:br/06703978827,omid:br/06520205365
oci:06703978827-061501200085,omid:br/06703978827,omid:br/061501200085
oci:06703978827-06530205936,omid:br/06703978827,omid:br/06530205936
oci:062304048132-0604832326,omid:br/062304048132,omid:br/0604832326
oci:06270230692-0680799574,omid:br/06270230692,omid:br/0680799574
oci:06270230692-06802612199,omid:br/06270230692,omid:br/06802612199
oci:06270230692-0604832347,omid:br/06270230692,omid:br/0604832347
oci:06270230692-061502217166,omid:br/06270230692,omid:br/061502217166
oci:06270230692-062202428194,omid:br/06270230692,omid:br/062202428194
oci:06270230692-062202428106,omid:br/06270230692,omid:br/062202428106
oci:06270230692-06440306373,omid:br/06270230692,omid:br/06440306373
oci:0604066945-0639027219,omid:br/0604066945,omid:br/0639027219
oci:0604066945-0604832405,omid:br/0604066945,omid:br/0604832405
oci:061804035055-0644027283,omid:br/061804035055,omid:br/0644027283
oci:061804035055-061201082137,omid:br/061804035055,omid:br/061201082137
oci:061804035055-06102494753,omid:br/061804035055,omid:br/06102494753
oci:061804035055-062103851945,omid:br/061804035055,omid:br/062103851945
oci:061804035055-06802479637,omid:br/061804035055,omid:br/06802479637
oci:061804035055-0620868780,omid:br/061804035055,omid:br/0620868780
oci:061804035055-061201082181,omid:br/061804035055,omid:br/061201082181
oci:061804035055-06101102215,omid:br/061804035055,omid:br/06101102215
oci:061804035055-061201082352,omid:br/061804035055,omid:br/061201082352
oci:061503946579-061304035772,omid:br/061503946579,omid:br/061304035772
oci:06270231125-061201082458,omid:br/06270231125,omid:br/061201082458
oci:06270231125-061902417921,omid:br/06270231125,omid:br/061902417921
oci:06270231125-0637028199,omid:br/06270231125,omid:br/0637028199
oci:06270231125-061302097058,omid:br/06270231125,omid:br/061302097058
oci:06270231125-06304194727,omid:br/06270231125,omid:br/06304194727
oci:061203954775-06280228742,omid:br/061203954775,omid:br/06280228742
oci:0603977171-062301513025,omid:br/0603977171,omid:br/062301513025
oci:0603977171-06280229400,omid:br/0603977171,omid:br/06280229400
oci:0603977171-061503946692,omid:br/0603977171,omid:br/061503946692
oci:0603977171-06130194163,omid:br/0603977171,omid:br/06130194163
oci:0604347608-06702593292,omid:br/0604347608,omid:br/06702593292
oci:06404498759-061301242447,omid:br/06404498759,omid:br/061301242447
oci:06404498759-061301243101,omid:br/06404498759,omid:br/061301243101
oci:06704461795-06401174083,omid:br/06704461795,omid:br/06401174083
oci:06704461795-061801157446,omid:br/06704461795,omid:br/061801157446
oci:06704461795-06304479028,omid:br/06704461795,omid:br/06304479028
oci:06704461795-061203955022,omid:br/06704461795,omid:br/061203955022
oci:06704461795-061403947541,omid:br/06704461795,omid:br/061403947541
oci:062204044255-061501249221,omid:br/062204044255,omid:br/061501249221
oci:062204044255-061902417916,omid:br/062204044255,omid:br/061902417916
oci:062204044255-0680847733,omid:br/062204044255,omid:br/0680847733
oci:062204044255-0680848130,omid:br/062204044255,omid:br/0680848130
oci:062204044255-0640848923,omid:br/062204044255,omid:br/0640848923
oci:062204044255-0660847564,omid:br/062204044255,omid:br/0660847564
oci:062204044255-061902417969,omid:br/062204044255,omid:br/061902417969
oci:06504006203-061701164912,omid:br/06504006203,omid:br/061701164912
oci:06504006203-06201171839,omid:br/06504006203,omid:br/06201171839
oci:06504006203-06210364144,omid:br/06504006203,omid:br/06210364144
oci:06504006203-06210364114,omid:br/06504006203,omid:br/06210364114
oci:062104035400-06410111914,omid:br/062104035400,omid:br/06410111914
oci:062104035400-06304478793,omid:br/062104035400,omid:br/06304478793
oci:061703960626-06401174083,omid:br/061703960626,omid:br/06401174083
oci:061703960626-061203954681,omid:br/061703960626,omid:br/061203954681
oci:061703960626-06304478982,omid:br/061703960626,omid:br/06304478982
oci:061703960626-06404498243,omid:br/061703960626,omid:br/06404498243
oci:061703960626-061202430534,omid:br/061703960626,omid:br/061202430534
oci:061104088609-06802611669,omid:br/061104088609,omid:br/06802611669
oci:061403947173-061201241414,omid:br/061403947173,omid:br/061201241414
oci:061403947173-062301102778,omid:br/061403947173,omid:br/062301102778
oci:061403947173-06130205225,omid:br/061403947173,omid:br/06130205225
oci:0604518783-0641027121,omid:br/0604518783,omid:br/0641027121
oci:0604518783-0660486850,omid:br/0604518783,omid:br/0660486850
oci:0604518783-06250482955,omid:br/0604518783,omid:br/06250482955
oci:06270230567-06530216984,omid:br/06270230567,omid:br/06530216984
oci:06270230567-0644027328,omid:br/06270230567,omid:br/0644027328
oci:06270231073-061402177281,omid:br/06270231073,omid:br/061402177281
oci:061303936681-0641027402,omid:br/061303936681,omid:br/0641027402
oci:061303936681-06804487131,omid:br/061303936681,omid:br/06804487131
oci:061303936681-061902440784,omid:br/061303936681,omid:br/061902440784
oci:06270230858-06402622396,omid:br/06270230858,omid:br/06402622396
oci:0604708153-06902775205,omid:br/0604708153,omid:br/06902775205
oci:0604708153-0604832364,omid:br/0604708153,omid:br/0604832364
oci:0604708153-0604832365,omid:br/0604708153,omid:br/0604832365
oci:0604708153-06260855812,omid:br/0604708153,omid:br/06260855812
oci:061203955313-06901260803,omid:br/061203955313,omid:br/06901260803
oci:061203955313-06250261684,omid:br/061203955313,omid:br/06250261684
oci:06804486834-06604055868,omid:br/06804486834,omid:br/06604055868
oci:06804486834-06260177603,omid:br/06804486834,omid:br/06260177603
oci:06804486834-0644027079,omid:br/06804486834,omid:br/0644027079
oci:061703960502-061203954654,omid:br/061703960502,omid:br/061203954654
oci:061703960502-0643027084,omid:br/061703960502,omid:br/0643027084
oci:061703960502-0642028118,omid:br/061703960502,omid:br/0642028118
oci:061503946598-06230596043,omid:br/061503946598,omid:br/06230596043
oci:06704461544-06401034152,omid:br/06704461544,omid:br/06401034152
oci:06704461544-061601166346,omid:br/06704461544,omid:br/061601166346
oci:06704461544-0660847958,omid:br/06704461544,omid:br/0660847958
oci:06704461528-06401033531,omid:br/06704461528,omid:br/06401033531
oci:06704461528-0620846129,omid:br/06704461528,omid:br/0620846129
oci:06704461528-0639027135,omid:br/06704461528,omid:br/0639027135
oci:06704461528-0670844072,omid:br/06704461528,omid:br/0670844072
oci:06704461528-0641027370,omid:br/06704461528,omid:br/0641027370
oci:06704461528-0644026649,omid:br/06704461528,omid:br/0644026649
oci:062604071424-06802611619,omid:br/062604071424,omid:br/06802611619
oci:062604071424-0604832334,omid:br/062604071424,omid:br/0604832334
oci:061904043614-06304479249,omid:br/061904043614,omid:br/06304479249
oci:061904043614-06304479003,omid:br/061904043614,omid:br/06304479003
oci:061904043614-06530217351,omid:br/061904043614,omid:br/06530217351
oci:061904043614-061203955087,omid:br/061904043614,omid:br/061203955087
oci:061904043614-062504059711,omid:br/061904043614,omid:br/062504059711
oci:062303567243-06504032396,omid:br/062303567243,omid:br/06504032396
oci:061603953492-061203062894,omid:br/061603953492,omid:br/061203062894
oci:061603953492-06801252298,omid:br/061603953492,omid:br/06801252298
oci:061603953492-06301031113,omid:br/061603953492,omid:br/06301031113
oci:061603953492-061702442479,omid:br/061603953492,omid:br/061702442479
oci:0604665710-06250274265,omid:br/0604665710,omid:br/06250274265
oci:061703960493-061403947483,omid:br/061703960493,omid:br/061403947483
oci:061703960493-06120351052,omid:br/061703960493,omid:br/06120351052
oci:061703960493-061203622773,omid:br/061703960493,omid:br/061203622773
oci:061703960493-06503487671,omid:br/061703960493,omid:br/06503487671
oci:061703960493-06204564098,omid:br/061703960493,omid:br/06204564098
oci:06270230897-061101251943,omid:br/06270230897,omid:br/061101251943
oci:06270230897-0635026441,omid:br/06270230897,omid:br/0635026441
oci:06270230897-06203920570,omid:br/06270230897,omid:br/06203920570
oci:06270230897-06250803856,omid:br/06270230897,omid:br/06250803856
oci:0604518788-0636027624,omid:br/0604518788,omid:br/0636027624
oci:0604518788-06102591508,omid:br/0604518788,omid:br/06102591508
oci:0604518788-06130205664,omid:br/0604518788,omid:br/06130205664
oci:0604518788-062501677186,omid:br/0604518788,omid:br/062501677186
oci:0604518788-0630849792,omid:br/0604518788,omid:br/0630849792
oci:0604518788-0640848049,omid:br/0604518788,omid:br/0640848049
oci:0604518788-06150206846,omid:br/0604518788,omid:br/06150206846
oci:06604482396-0637028246,omid:br/06604482396,omid:br/0637028246
oci:062604071358-06802611649,omid:br/062604071358,omid:br/06802611649
oci:062604071358-06402492756,omid:br/062604071358,omid:br/06402492756
oci:062604071358-061703959949,omid:br/062604071358,omid:br/061703959949
oci:062604071358-06903665658,omid:br/062604071358,omid:br/06903665658
oci:062604071358-06802611691,omid:br/062604071358,omid:br/06802611691
oci:062504059608-061401232520,omid:br/062504059608,omid:br/061401232520
oci:062504059608-061101252553,omid:br/062504059608,omid:br/061101252553
oci:062504059608-061501249172,omid:br/062504059608,omid:br/061501249172
oci:062504059608-06802612291,omid:br/062504059608,omid:br/06802612291
oci:062504059608-06802611684,omid:br/062504059608,omid:br/06802611684
oci:06704461969-062301157586,omid:br/06704461969,omid:br/062301157586
oci:06704461969-061403605739,omid:br/06704461969,omid:br/061403605739
oci:06704461969-0642027957,omid:br/06704461969,omid:br/0642027957
oci:061303936683-062404060870,omid:br/061303936683,omid:br/062404060870
oci:061303936683-06401174083,omid:br/061303936683,omid:br/06401174083
oci:061303936683-06901175348,omid:br/061303936683,omid:br/06901175348
oci:061303936683-0646026455,omid:br/061303936683,omid:br/0646026455
oci:061303936683-0647025113,omid:br/061303936683,omid:br/0647025113
oci:061303936683-0636027217,omid:br/061303936683,omid:br/0636027217
oci:061303936683-061303776336,omid:br/061303936683,omid:br/061303776336
oci:061303936683-0642027957,omid:br/061303936683,omid:br/0642027957
oci:061303936683-0636028097,omid:br/061303936683,omid:br/0636028097
oci:061303936683-06130205351,omid:br/061303936683,omid:br/06130205351
oci:06270231121-0604832320,omid:br/06270231121,omid:br/0604832320
oci:06270231121-061403291821,omid:br/06270231121,omid:br/061403291821
oci:06270231121-0604832321,omid:br/06270231121,omid:br/0604832321
oci:06104490403-06304479219,omid:br/06104490403,omid:br/06304479219
oci:06104490403-062304048216,omid:br/06104490403,omid:br/062304048216
oci:06104490403-06904089404,omid:br/06104490403,omid:br/06904089404
oci:06104490403-061303593105,omid:br/06104490403,omid:br/061303593105
oci:06104490403-06701194064,omid:br/06104490403,omid:br/06701194064
oci:06404498975-06702593084,omid:br/06404498975,omid:br/06702593084
oci:06404498774-0690806373,omid:br/06404498774,omid:br/0690806373
oci:06404498774-06401174291,omid:br/06404498774,omid:br/06401174291
oci:06404498774-062402426702,omid:br/06404498774,omid:br/062402426702
oci:06280229232-061902194567,omid:br/06280229232,omid:br/061902194567
oci:06280229232-062304051396,omid:br/06280229232,omid:br/062304051396
oci:062304048448-0690807048,omid:br/062304048448,omid:br/0690807048
oci:062304048448-062203718469,omid:br/062304048448,omid:br/062203718469
oci:062304048448-0636027406,omid:br/062304048448,omid:br/0636027406
oci:062304048448-0680848130,omid:br/062304048448,omid:br/0680848130
oci:062304048448-0642027957,omid:br/062304048448,omid:br/0642027957
oci:062304048448-0670843879,omid:br/062304048448,omid:br/0670843879
oci:062304048448-0604832304,omid:br/062304048448,omid:br/0604832304
oci:062104035410-061703067966,omid:br/062104035410,omid:br/061703067966
oci:06404498976-06604471411,omid:br/06404498976,omid:br/06604471411
oci:06404498976-06504000823,omid:br/06404498976,omid:br/06504000823
oci:06404498976-06704451016,omid:br/06404498976,omid:br/06704451016
oci:06404498976-06704450975,omid:br/06404498976,omid:br/06704450975
oci:06304479151-061201240926,omid:br/06304479151,omid:br/061201240926
oci:06304479151-061701246542,omid:br/06304479151,omid:br/061701246542
oci:06304479151-0637028269,omid:br/06304479151,omid:br/0637028269
oci:06304479151-061803056398,omid:br/06304479151,omid:br/061803056398
oci:062204044437-0642027957,omid:br/062204044437,omid:br/0642027957
oci:06704461563-061902417921,omid:br/06704461563,omid:br/061902417921
oci:06530217053-061904043818,omid:br/06530217053,omid:br/061904043818
oci:06530217053-061703959938,omid:br/06530217053,omid:br/061703959938
oci:06530217053-062404060864,omid:br/06530217053,omid:br/062404060864
oci:06530217053-06703150614,omid:br/06530217053,omid:br/06703150614
oci:06530217053-061501200757,omid:br/06530217053,omid:br/061501200757
oci:061703960615-061301243206,omid:br/061703960615,omid:br/061301243206
oci:061703960615-06170531061,omid:br/061703960615,omid:br/06170531061
oci:061703960615-061901026049,omid:br/061703960615,omid:br/061901026049
oci:061503946404-06303730252,omid:br/061503946404,omid:br/06303730252
oci:061503946404-061801781371,omid:br/061503946404,omid:br/061801781371
oci:061503946404-06110426303,omid:br/061503946404,omid:br/06110426303
oci:061503946404-061503710930,omid:br/061503946404,omid:br/061503710930
oci:061503946404-06220789168,omid:br/061503946404,omid:br/06220789168
oci:061503946404-0630197262,omid:br/061503946404,omid:br/0630197262
oci:061503946404-0604832460,omid:br/061503946404,omid:br/0604832460
oci:061503946404-0630484190,omid:br/061503946404,omid:br/0630484190
oci:06504015659-06304615681,omid:br/06504015659,omid:br/06304615681
oci:062403567518-061703068122,omid:br/062403567518,omid:br/061703068122
oci:062403567518-06702593584,omid:br/062403567518,omid:br/06702593584
oci:062403567518-06802611566,omid:br/062403567518,omid:br/06802611566
oci:062604070943-06450179856,omid:br/062604070943,omid:br/06450179856
oci:06604482316-06404498279,omid:br/06604482316,omid:br/06404498279
oci:06604482316-06304478779,omid:br/06604482316,omid:br/06304478779
oci:06604482316-06280229362,omid:br/06604482316,omid:br/06280229362
oci:06604482316-0640268786,omid:br/06604482316,omid:br/0640268786
oci:06304478929-061803986902,omid:br/06304478929,omid:br/061803986902
oci:06404498936-06904080273,omid:br/06404498936,omid:br/06904080273
oci:06404498936-061402223760,omid:br/06404498936,omid:br/061402223760
oci:06404498936-06520192263,omid:br/06404498936,omid:br/06520192263
oci:06290222664-0639027026,omid:br/06290222664,omid:br/0639027026
oci:06290222664-0640269399,omid:br/06290222664,omid:br/0640269399
oci:06290222664-0637028769,omid:br/06290222664,omid:br/0637028769
oci:06290222664-0635026961,omid:br/06290222664,omid:br/0635026961
oci:06290222664-0641027584,omid:br/06290222664,omid:br/0641027584
oci:06290222664-0647025034,omid:br/06290222664,omid:br/0647025034
oci:06290222664-06703891500,omid:br/06290222664,omid:br/06703891500
oci:06290222664-0642027740,omid:br/06290222664,omid:br/0642027740
oci:06290222664-0636027387,omid:br/06290222664,omid:br/0636027387
oci:06290222664-064404858,omid:br/06290222664,omid:br/064404858
oci:061104088570-0604832411,omid:br/061104088570,omid:br/0604832411
oci:061104088570-06604033862,omid:br/061104088570,omid:br/06604033862
oci:06104490398-06904089404,omid:br/06104490398,omid:br/06904089404
oci:06104490398-061104088337,omid:br/06104490398,omid:br/061104088337
oci:06104490398-06530206085,omid:br/06104490398,omid:br/06530206085
oci:06104490398-06401220686,omid:br/06104490398,omid:br/06401220686
oci:061104088365-061102726389,omid:br/061104088365,omid:br/061102726389
oci:061403947091-0642027957,omid:br/061403947091,omid:br/0642027957
oci:061403947091-0643027243,omid:br/061403947091,omid:br/0643027243
oci:061403947091-061902417525,omid:br/061403947091,omid:br/061902417525
oci:061403947091-0690223523,omid:br/061403947091,omid:br/0690223523
oci:061403947091-061902417520,omid:br/061403947091,omid:br/061902417520
oci:061403947091-061902417524,omid:br/061403947091,omid:br/061902417524
oci:061403947091-0637028925,omid:br/061403947091,omid:br/0637028925
oci:062304048030-061104088294,omid:br/062304048030,omid:br/061104088294
oci:062304048030-061201154613,omid:br/062304048030,omid:br/061201154613
oci:062304048030-06401174123,omid:br/062304048030,omid:br/06401174123
oci:062304048030-06220789168,omid:br/062304048030,omid:br/06220789168
oci:06604482353-06160588040,omid:br/06604482353,omid:br/06160588040
oci:06604482353-061102586138,omid:br/06604482353,omid:br/061102586138
oci:06604482353-06701203523,omid:br/06604482353,omid:br/06701203523
oci:06604482353-0642027563,omid:br/06604482353,omid:br/0642027563
oci:06704462005-062203718450,omid:br/06704462005,omid:br/062203718450
oci:06704462005-061901250434,omid:br/06704462005,omid:br/061901250434
oci:06704462005-0636027406,omid:br/06704462005,omid:br/0636027406
oci:06704462005-06603038036,omid:br/06704462005,omid:br/06603038036
oci:06104490363-062403601268,omid:br/06104490363,omid:br/062403601268
oci:06104490363-062302042053,omid:br/06104490363,omid:br/062302042053
oci:06104490363-061203102428,omid:br/06104490363,omid:br/061203102428
oci:06280229174-061702201383,omid:br/06280229174,omid:br/061702201383
oci:06704462170-06802611948,omid:br/06704462170,omid:br/06802611948
oci:06704462170-06802612285,omid:br/06704462170,omid:br/06802612285
oci:062304048315-062404065843,omid:br/062304048315,omid:br/062404065843
oci:062304048315-062404065880,omid:br/062304048315,omid:br/062404065880
oci:062304048315-062304050584,omid:br/062304048315,omid:br/062304050584
oci:062504059625-0680847659,omid:br/062504059625,omid:br/0680847659
oci:062504059625-0680847626,omid:br/062504059625,omid:br/0680847626
oci:062404060808-0638026224,omid:br/062404060808,omid:br/0638026224
oci:062404060808-0680848291,omid:br/062404060808,omid:br/0680848291
oci:062404060808-06403905556,omid:br/062404060808,omid:br/06403905556
oci:062404060808-06401033782,omid:br/062404060808,omid:br/06401033782
oci:062404060808-062402426958,omid:br/062404060808,omid:br/062402426958
oci:062404060808-06802612184,omid:br/062404060808,omid:br/06802612184
oci:062404060808-06802611626,omid:br/062404060808,omid:br/06802611626
oci:062404060808-06802612105,omid:br/062404060808,omid:br/06802612105
oci:0604065896-06604481803,omid:br/0604065896,omid:br/06604481803
oci:0604065896-0604832440,omid:br/0604065896,omid:br/0604832440
oci:0604065896-0604066933,omid:br/0604065896,omid:br/0604066933
oci:06204485954-0642027957,omid:br/06204485954,omid:br/0642027957
oci:06204485954-061503953884,omid:br/06204485954,omid:br/061503953884
oci:06204485954-0670843663,omid:br/06204485954,omid:br/0670843663
oci:06204485954-061902417417,omid:br/06204485954,omid:br/061902417417
oci:06204485954-0670843879,omid:br/06204485954,omid:br/0670843879
oci:06204485954-0640848874,omid:br/06204485954,omid:br/0640848874
oci:061603953555-06110900721,omid:br/061603953555,omid:br/06110900721
oci:06804487366-061301242359,omid:br/06804487366,omid:br/061301242359
oci:06804487366-0641028042,omid:br/06804487366,omid:br/0641028042
oci:06804487366-061103322415,omid:br/06804487366,omid:br/061103322415
oci:06804487399-061104088324,omid:br/06804487399,omid:br/061104088324
oci:0604257690-06480214670,omid:br/0604257690,omid:br/06480214670
oci:0604257690-06802611561,omid:br/0604257690,omid:br/06802611561
oci:0604257690-06404498225,omid:br/0604257690,omid:br/06404498225
oci:0604257690-0604832418,omid:br/0604257690,omid:br/0604832418
oci:06404498761-061301243204,omid:br/06404498761,omid:br/061301243204
oci:06404498761-061301243206,omid:br/06404498761,omid:br/061301243206
oci:06404498761-061401232793,omid:br/06404498761,omid:br/061401232793
oci:06704461960-061102766118,omid:br/06704461960,omid:br/061102766118
oci:06704461960-061902417173,omid:br/06704461960,omid:br/061902417173
oci:06704461960-0670843663,omid:br/06704461960,omid:br/0670843663
oci:06704461960-06701026023,omid:br/06704461960,omid:br/06701026023
oci:061303566293-061703960449,omid:br/061303566293,omid:br/061703960449
oci:061303566293-06520214394,omid:br/061303566293,omid:br/06520214394
oci:061303566293-06204259265,omid:br/061303566293,omid:br/06204259265
oci:061303566293-06130205351,omid:br/061303566293,omid:br/06130205351
oci:06204486281-06204486217,omid:br/06204486281,omid:br/06204486217
oci:06204486281-061703338066,omid:br/06204486281,omid:br/061703338066
oci:06410111912-061403947461,omid:br/06410111912,omid:br/061403947461
oci:06410111912-062104035400,omid:br/06410111912,omid:br/062104035400
oci:06410111912-06410111914,omid:br/06410111912,omid:br/06410111914
oci:06410111912-06304478793,omid:br/06410111912,omid:br/06304478793
oci:06410111912-06304478760,omid:br/06410111912,omid:br/06304478760
oci:06410111912-0643027119,omid:br/06410111912,omid:br/0643027119
oci:06410111912-062304123247,omid:br/06410111912,omid:br/062304123247
oci:06410111912-061902417339,omid:br/06410111912,omid:br/061902417339
oci:06530217529-06701494084,omid:br/06530217529,omid:br/06701494084
oci:06703982896-06401088789,omid:br/06703982896,omid:br/06401088789
oci:061303936903-061902417436,omid:br/061303936903,omid:br/061902417436
oci:06804486888-06220837954,omid:br/06804486888,omid:br/06220837954
oci:06804486888-0644027165,omid:br/06804486888,omid:br/0644027165
oci:06804486888-061301242614,omid:br/06804486888,omid:br/061301242614
oci:06804486888-0642028031,omid:br/06804486888,omid:br/0642028031
oci:06804486888-06401034371,omid:br/06804486888,omid:br/06401034371
oci:06704461677-061401232793,omid:br/06704461677,omid:br/061401232793
oci:06704461677-061703074678,omid:br/06704461677,omid:br/061703074678
oci:06704461677-0604832302,omid:br/06704461677,omid:br/0604832302
oci:06280228968-0604832340,omid:br/06280228968,omid:br/0604832340
oci:061503947044-062503037312,omid:br/061503947044,omid:br/062503037312
oci:061503947044-0641027753,omid:br/061503947044,omid:br/0641027753
oci:062604071293-06270230423,omid:br/062604071293,omid:br/06270230423
oci:062604071293-0642028261,omid:br/062604071293,omid:br/0642028261
oci:062604071293-061902417491,omid:br/062604071293,omid:br/061902417491
oci:062604071293-062303119845,omid:br/062604071293,omid:br/062303119845
oci:062604071293-0652024890,omid:br/062604071293,omid:br/0652024890
oci:062604071293-0644026649,omid:br/062604071293,omid:br/0644026649
oci:062604071293-0635026410,omid:br/062604071293,omid:br/0635026410
oci:062604071293-061902417481,omid:br/062604071293,omid:br/061902417481
oci:061104088120-06470246977,omid:br/061104088120,omid:br/06470246977
oci:06270230545-06280229330,omid:br/06270230545,omid:br/06280229330
oci:06270230545-061501248894,omid:br/06270230545,omid:br/061501248894
oci:06270230545-0642027957,omid:br/06270230545,omid:br/0642027957
oci:06270230545-0643027243,omid:br/06270230545,omid:br/0643027243
oci:06270230545-06204259265,omid:br/06270230545,omid:br/06204259265
oci:06270230545-0635026404,omid:br/06270230545,omid:br/0635026404
oci:06704461766-0647059782,omid:br/06704461766,omid:br/0647059782
oci:06704461766-0641027950,omid:br/06704461766,omid:br/0641027950
oci:06704461766-0649025705,omid:br/06704461766,omid:br/0649025705
oci:0604665751-061101165186,omid:br/0604665751,omid:br/061101165186
oci:0604665751-06203920818,omid:br/0604665751,omid:br/06203920818
oci:0604665751-06203920430,omid:br/0604665751,omid:br/06203920430
oci:0604665751-0643027428,omid:br/0604665751,omid:br/0643027428
oci:06804487339-062103708126,omid:br/06804487339,omid:br/062103708126
oci:06804487339-062201155499,omid:br/06804487339,omid:br/062201155499
oci:06804487339-061103652959,omid:br/06804487339,omid:br/061103652959
oci:06804487339-06802611541,omid:br/06804487339,omid:br/06802611541
oci:06804487339-06802611441,omid:br/06804487339,omid:br/06802611441
oci:06804487339-06802611623,omid:br/06804487339,omid:br/06802611623
oci:06804487339-06702593559,omid:br/06804487339,omid:br/06702593559
oci:06804487339-06702593560,omid:br/06804487339,omid:br/06702593560
oci:06804487339-06802611708,omid:br/06804487339,omid:br/06802611708
oci:06704461558-062601179229,omid:br/06704461558,omid:br/062601179229
oci:06704461558-061302097058,omid:br/06704461558,omid:br/061302097058
oci:06704461558-0660847638,omid:br/06704461558,omid:br/0660847638
oci:06704461558-0644027442,omid:br/06704461558,omid:br/0644027442
oci:061703960586-06304478569,omid:br/061703960586,omid:br/06304478569
oci:061703960586-06401174119,omid:br/061703960586,omid:br/06401174119
oci:0604495741-06301084075,omid:br/0604495741,omid:br/06301084075
oci:0604708164-06201171839,omid:br/0604708164,omid:br/06201171839
oci:0604708164-0638027131,omid:br/0604708164,omid:br/0638027131
oci:0604708164-06210364114,omid:br/0604708164,omid:br/06210364114
oci:0604518743-061902417420,omid:br/0604518743,omid:br/061902417420
oci:0604518743-06102494972,omid:br/0604518743,omid:br/06102494972
oci:0604518743-06150262937,omid:br/0604518743,omid:br/06150262937
oci:0604518743-0646027149,omid:br/0604518743,omid:br/0646027149
oci:0604518743-0670843370,omid:br/0604518743,omid:br/0670843370
oci:0604518743-06704252173,omid:br/0604518743,omid:br/06704252173
oci:061403947158-061403947760,omid:br/061403947158,omid:br/061403947760
oci:06704461981-06401033780,omid:br/06704461981,omid:br/06401033780
oci:06704461981-061501248894,omid:br/06704461981,omid:br/061501248894
oci:06704461981-061902417525,omid:br/06704461981,omid:br/061902417525
oci:06704461981-0670843879,omid:br/06704461981,omid:br/0670843879
oci:06704461981-0642027957,omid:br/06704461981,omid:br/0642027957
oci:06704461981-061902417520,omid:br/06704461981,omid:br/061902417520
oci:06704461981-06520321153,omid:br/06704461981,omid:br/06520321153
oci:06704461981-061902417371,omid:br/06704461981,omid:br/061902417371
oci:06704461981-0643027243,omid:br/06704461981,omid:br/0643027243
oci:06704461981-064403098,omid:br/06704461981,omid:br/064403098
oci:06704461981-061902417535,omid:br/06704461981,omid:br/061902417535
oci:061104088510-062203664906,omid:br/061104088510,omid:br/062203664906
oci:06504498416-06804044581,omid:br/06504498416,omid:br/06804044581
oci:06504498416-061703068500,omid:br/06504498416,omid:br/061703068500
oci:061104088150-06802611830,omid:br/061104088150,omid:br/06802611830
oci:0604665792-06130787326,omid:br/0604665792,omid:br/06130787326
oci:0604665792-062103707969,omid:br/0604665792,omid:br/062103707969
oci:0604665792-0643027263,omid:br/0604665792,omid:br/0643027263
oci:0604665792-0633026769,omid:br/0604665792,omid:br/0633026769
oci:0604665792-061701043058,omid:br/0604665792,omid:br/061701043058
oci:0604665792-062103707988,omid:br/0604665792,omid:br/062103707988
oci:0604665792-0649047093,omid:br/0604665792,omid:br/0649047093
oci:0604665792-0636027406,omid:br/0604665792,omid:br/0636027406
oci:0604665792-06250274253,omid:br/0604665792,omid:br/06250274253
oci:0604665792-06250274371,omid:br/0604665792,omid:br/06250274371
oci:0604665792-0680848130,omid:br/0604665792,omid:br/0680848130
oci:0604665792-06130479672,omid:br/0604665792,omid:br/06130479672
oci:0604665792-06204612349,omid:br/0604665792,omid:br/06204612349
oci:06404498445-061102766167,omid:br/06404498445,omid:br/061102766167
oci:06404498445-06803162274,omid:br/06404498445,omid:br/06803162274
oci:06404498445-06803162451,omid:br/06404498445,omid:br/06803162451
oci:06804486849-0639027135,omid:br/06804486849,omid:br/0639027135
oci:06520214576-06150796852,omid:br/06520214576,omid:br/06150796852
oci:06520214576-062103707617,omid:br/06520214576,omid:br/062103707617
oci:06520214576-0636027855,omid:br/06520214576,omid:br/0636027855
oci:06520214576-06704115948,omid:br/06520214576,omid:br/06704115948
oci:06520214576-0644027296,omid:br/06520214576,omid:br/0644027296
oci:06520214576-0637028570,omid:br/06520214576,omid:br/0637028570
oci:06520214576-0650851251,omid:br/06520214576,omid:br/0650851251
oci:06520214576-0637028699,omid:br/06520214576,omid:br/0637028699
oci:061104088394-0604832325,omid:br/061104088394,omid:br/0604832325
oci:06270230733-06802611626,omid:br/06270230733,omid:br/06802611626
oci:06270230733-06802612105,omid:br/06270230733,omid:br/06802612105
oci:062104035858-062404060240,omid:br/062104035858,omid:br/062404060240
oci:062104035858-06204486190,omid:br/062104035858,omid:br/06204486190
oci:062104035858-062104035767,omid:br/062104035858,omid:br/062104035767
oci:062104035858-06701159114,omid:br/062104035858,omid:br/06701159114
oci:062104035858-062503122097,omid:br/062104035858,omid:br/062503122097
oci:062304048368-061101251733,omid:br/062304048368,omid:br/061101251733
oci:061804035855-06203439187,omid:br/061804035855,omid:br/06203439187
oci:061104088633-06504496742,omid:br/061104088633,omid:br/06504496742
oci:061104088633-0604832407,omid:br/061104088633,omid:br/0604832407
oci:06404498941-06502612669,omid:br/06404498941,omid:br/06502612669
oci:0604665791-062501197369,omid:br/0604665791,omid:br/062501197369
oci:062404060780-061101094682,omid:br/062404060780,omid:br/061101094682
oci:062104035908-061104088330,omid:br/062104035908,omid:br/061104088330
oci:062104035908-062304048512,omid:br/062104035908,omid:br/062304048512
oci:062104035908-062304048254,omid:br/062104035908,omid:br/062304048254
oci:062104035908-06204477643,omid:br/062104035908,omid:br/06204477643
oci:062104035908-06804487145,omid:br/062104035908,omid:br/06804487145
oci:062104035908-061403947565,omid:br/062104035908,omid:br/061403947565
oci:061703960226-0604832400,omid:br/061703960226,omid:br/0604832400
oci:061703960226-0604832401,omid:br/061703960226,omid:br/0604832401
oci:062304048029-061403947483,omid:br/062304048029,omid:br/061403947483
oci:062304048029-06804487141,omid:br/062304048029,omid:br/06804487141
oci:062304048029-0604544101,omid:br/062304048029,omid:br/0604544101
oci:062304048029-062304122581,omid:br/062304048029,omid:br/062304122581
oci:062104035643-062603333415,omid:br/062104035643,omid:br/062603333415
oci:062104035643-06401033657,omid:br/062104035643,omid:br/06401033657
oci:062104035643-062302751154,omid:br/062104035643,omid:br/062302751154
oci:062303571749-061802428674,omid:br/062303571749,omid:br/061802428674
oci:062204044258-061101251850,omid:br/062204044258,omid:br/061101251850
oci:062204044258-0639027122,omid:br/062204044258,omid:br/0639027122
oci:062204044258-061503947151,omid:br/062204044258,omid:br/061503947151
oci:062204044258-06304479219,omid:br/062204044258,omid:br/06304479219
oci:062204044258-06804487109,omid:br/062204044258,omid:br/06804487109
oci:062204044258-061104133139,omid:br/062204044258,omid:br/061104133139
oci:062204044258-061201081712,omid:br/062204044258,omid:br/061201081712
oci:061303936703-06280229254,omid:br/061303936703,omid:br/06280229254
oci:061303936703-06904089405,omid:br/061303936703,omid:br/06904089405
oci:061303936703-062204044386,omid:br/061303936703,omid:br/062204044386
oci:061303936703-06304478569,omid:br/061303936703,omid:br/06304478569
oci:061303936703-06270235651,omid:br/061303936703,omid:br/06270235651
oci:062504059575-0635026972,omid:br/062504059575,omid:br/0635026972
oci:062504059575-061702442348,omid:br/062504059575,omid:br/061702442348
oci:06304479140-061201241072,omid:br/06304479140,omid:br/061201241072
oci:06304479140-061701006665,omid:br/06304479140,omid:br/061701006665
oci:06304479140-0644027079,omid:br/06304479140,omid:br/0644027079
oci:061303562791-06303729569,omid:br/061303562791,omid:br/06303729569
oci:061303562791-06250364263,omid:br/061303562791,omid:br/06250364263
oci:061303562791-06101815004,omid:br/061303562791,omid:br/06101815004
oci:0605137760-061104078686,omid:br/0605137760,omid:br/061104078686
oci:062504059596-06401581800,omid:br/062504059596,omid:br/06401581800
oci:062504059596-061101094656,omid:br/062504059596,omid:br/061101094656
oci:062504059596-061201082299,omid:br/062504059596,omid:br/061201082299
oci:062504059596-06110807681,omid:br/062504059596,omid:br/06110807681
oci:062504059596-061402223928,omid:br/062504059596,omid:br/061402223928
oci:062504059596-061402224117,omid:br/062504059596,omid:br/061402224117
oci:06204485935-06104490445,omid:br/06204485935,omid:br/06104490445
oci:06204485935-061802188907,omid:br/06204485935,omid:br/061802188907
oci:06204485935-061303936458,omid:br/06204485935,omid:br/061303936458
oci:06204485935-0636027223,omid:br/06204485935,omid:br/0636027223
oci:06204485935-0637028748,omid:br/06204485935,omid:br/0637028748
oci:06270230649-0639027212,omid:br/06270230649,omid:br/0639027212
oci:06270230649-06802611497,omid:br/06270230649,omid:br/06802611497
oci:061303936469-06304479219,omid:br/061303936469,omid:br/06304479219
oci:061303936469-061503947151,omid:br/061303936469,omid:br/061503947151
oci:061303936469-06804487109,omid:br/061303936469,omid:br/06804487109
oci:061303936469-06701194360,omid:br/061303936469,omid:br/06701194360
oci:061303936469-06204177979,omid:br/061303936469,omid:br/06204177979
oci:061303936469-0604505420,omid:br/061303936469,omid:br/0604505420
oci:0604066987-061603727272,omid:br/0604066987,omid:br/061603727272
oci:061603953496-062304048028,omid:br/061603953496,omid:br/062304048028
oci:061603953496-061401232634,omid:br/061603953496,omid:br/061401232634
oci:061603953496-06703151037,omid:br/061603953496,omid:br/06703151037
oci:061603953496-061201082150,omid:br/061603953496,omid:br/061201082150
oci:062204044334-062302023904,omid:br/062204044334,omid:br/062302023904
oci:062204044334-0650825647,omid:br/062204044334,omid:br/0650825647
oci:06804487336-0643027310,omid:br/06804487336,omid:br/0643027310
oci:06804487336-0638026224,omid:br/06804487336,omid:br/0638026224
oci:06804487336-0604832306,omid:br/06804487336,omid:br/0604832306
oci:062604071191-0604832367,omid:br/062604071191,omid:br/0604832367
oci:06904088817-06290222573,omid:br/06904088817,omid:br/06290222573
oci:06904088817-061904043726,omid:br/06904088817,omid:br/061904043726
oci:06904088817-061203954623,omid:br/06904088817,omid:br/061203954623
oci:06904088817-062104035820,omid:br/06904088817,omid:br/062104035820
oci:06603988398-06903665658,omid:br/06603988398,omid:br/06903665658
oci:06603988398-062503037055,omid:br/06603988398,omid:br/062503037055
oci:06603988398-061902440759,omid:br/06603988398,omid:br/061902440759
oci:06603988398-062303733029,omid:br/06603988398,omid:br/062303733029
oci:06603988398-06802611558,omid:br/06603988398,omid:br/06802611558
oci:061203955336-0636027171,omid:br/061203955336,omid:br/0636027171
oci:061904043664-06904089405,omid:br/061904043664,omid:br/06904089405
oci:061904043664-06520214153,omid:br/061904043664,omid:br/06520214153
oci:061904043664-0604529421,omid:br/061904043664,omid:br/0604529421
oci:06104490354-06804487125,omid:br/06104490354,omid:br/06804487125
oci:06104490354-06103183698,omid:br/06104490354,omid:br/06103183698
oci:06104490354-062504062581,omid:br/06104490354,omid:br/062504062581
oci:061904043606-062303632929,omid:br/061904043606,omid:br/062303632929
oci:061904043606-0653025802,omid:br/061904043606,omid:br/0653025802
oci:061904043606-0646026402,omid:br/061904043606,omid:br/0646026402
oci:061904043606-062202212043,omid:br/061904043606,omid:br/062202212043
oci:061904043606-06202361154,omid:br/061904043606,omid:br/06202361154
oci:061904043606-062202212482,omid:br/061904043606,omid:br/062202212482
oci:061904043606-062601769092,omid:br/061904043606,omid:br/062601769092
oci:0604080337-063071402,omid:br/0604080337,omid:br/063071402
oci:0604080337-061803666371,omid:br/0604080337,omid:br/061803666371
oci:0604080337-0630849731,omid:br/0604080337,omid:br/0630849731
oci:061104088529-0642027957,omid:br/061104088529,omid:br/0642027957
oci:061104088529-061902417525,omid:br/061104088529,omid:br/061902417525
oci:062604071411-0604832380,omid:br/062604071411,omid:br/0604832380
oci:061403947080-06204030875,omid:br/061403947080,omid:br/06204030875
oci:061403947080-06120205594,omid:br/061403947080,omid:br/06120205594
oci:061403947080-062103653400,omid:br/061403947080,omid:br/062103653400
oci:061403947080-0637028901,omid:br/061403947080,omid:br/0637028901
oci:061403947080-06802611811,omid:br/061403947080,omid:br/06802611811
oci:061403947080-0604832421,omid:br/061403947080,omid:br/0604832421
oci:06604482008-0610856982,omid:br/06604482008,omid:br/0610856982
oci:06604482008-0630849787,omid:br/06604482008,omid:br/0630849787
oci:06604482008-0610857763,omid:br/06604482008,omid:br/0610857763
oci:062304047875-0630849899,omid:br/062304047875,omid:br/0630849899
oci:062304047875-061801240673,omid:br/062304047875,omid:br/061801240673
oci:062304047875-0641027706,omid:br/062304047875,omid:br/0641027706
oci:062304047875-0640848305,omid:br/062304047875,omid:br/0640848305
oci:062304047875-062203718446,omid:br/062304047875,omid:br/062203718446
oci:062304047875-06201171339,omid:br/062304047875,omid:br/06201171339
oci:062304047875-0660894389,omid:br/062304047875,omid:br/0660894389
oci:062304047875-0610857674,omid:br/062304047875,omid:br/0610857674
oci:062304047875-06110876006,omid:br/062304047875,omid:br/06110876006
oci:062304047875-0610857110,omid:br/062304047875,omid:br/0610857110
oci:062304047875-0634027332,omid:br/062304047875,omid:br/0634027332
oci:061603582688-06210751054,omid:br/061603582688,omid:br/06210751054
oci:061603582688-0660848084,omid:br/061603582688,omid:br/0660848084
oci:061603582688-061902440723,omid:br/061603582688,omid:br/061902440723
oci:061603582688-061303694097,omid:br/061603582688,omid:br/061303694097
oci:06270230658-06603998297,omid:br/06270230658,omid:br/06603998297
oci:06270230658-061702884044,omid:br/06270230658,omid:br/061702884044
oci:06304478912-06702593091,omid:br/06304478912,omid:br/06702593091
oci:06520214593-06530257221,omid:br/06520214593,omid:br/06530257221
oci:06520214593-062402121598,omid:br/06520214593,omid:br/062402121598
oci:0604665759-0690807028,omid:br/0604665759,omid:br/0690807028
oci:0604665759-06140789428,omid:br/0604665759,omid:br/06140789428
oci:061904043591-06802611322,omid:br/061904043591,omid:br/06802611322
oci:061904043591-0642027769,omid:br/061904043591,omid:br/0642027769
oci:061904043591-062103683708,omid:br/061904043591,omid:br/062103683708
oci:061904043591-061803056704,omid:br/061904043591,omid:br/061803056704
oci:061904043591-0604832479,omid:br/061904043591,omid:br/0604832479
oci:061904043591-06702593610,omid:br/061904043591,omid:br/06702593610
oci:061904043591-0604832480,omid:br/061904043591,omid:br/0604832480
oci:061904043591-06802611750,omid:br/061904043591,omid:br/06802611750
oci:061403947142-06430295508,omid:br/061403947142,omid:br/06430295508
oci:061403947142-061301163469,omid:br/061403947142,omid:br/061301163469
oci:061403947142-061301163291,omid:br/061403947142,omid:br/061301163291
oci:061403947142-06130194128,omid:br/061403947142,omid:br/06130194128
oci:061104088559-06904089400,omid:br/061104088559,omid:br/06904089400
oci:061104088559-061403947566,omid:br/061104088559,omid:br/061403947566
oci:061104088559-061203955060,omid:br/061104088559,omid:br/061203955060
oci:061104088559-061203954710,omid:br/061104088559,omid:br/061203954710
oci:061104088559-061603953065,omid:br/061104088559,omid:br/061603953065
oci:061104088559-06102441031,omid:br/061104088559,omid:br/06102441031
oci:06270230579-062104035902,omid:br/06270230579,omid:br/062104035902
oci:06270230579-061201241013,omid:br/06270230579,omid:br/061201241013
oci:06270230579-06280228665,omid:br/06270230579,omid:br/06280228665
oci:06270230579-063604206,omid:br/06270230579,omid:br/063604206
oci:06270230579-0643027244,omid:br/06270230579,omid:br/0643027244
oci:06270230579-0645048627,omid:br/06270230579,omid:br/0645048627
oci:061703960578-0638026826,omid:br/061703960578,omid:br/0638026826
oci:061703960191-062404061124,omid:br/061703960191,omid:br/062404061124
oci:061703960191-06530217304,omid:br/061703960191,omid:br/06530217304
oci:061703960191-062304048250,omid:br/061703960191,omid:br/062304048250
oci:061703960191-061203954709,omid:br/061703960191,omid:br/061203954709
oci:06204485904-0604832454,omid:br/06204485904,omid:br/0604832454
oci:06204485904-06140525365,omid:br/06204485904,omid:br/06140525365
oci:06204485904-061902417887,omid:br/06204485904,omid:br/061902417887
oci:06520214422-0652025119,omid:br/06520214422,omid:br/0652025119
oci:06520214422-061203635461,omid:br/06520214422,omid:br/061203635461
oci:06520214422-0639027678,omid:br/06520214422,omid:br/0639027678
oci:06520214422-0604832444,omid:br/06520214422,omid:br/0604832444
oci:06520214422-062201349340,omid:br/06520214422,omid:br/062201349340
oci:06520214422-06250274338,omid:br/06520214422,omid:br/06250274338
oci:06520214422-0636027406,omid:br/06520214422,omid:br/0636027406
oci:06520214422-0630359240,omid:br/06520214422,omid:br/0630359240
oci:06520214422-0638026938,omid:br/06520214422,omid:br/0638026938
oci:06520214422-06250274264,omid:br/06520214422,omid:br/06250274264
oci:06520214422-06104132319,omid:br/06520214422,omid:br/06104132319
oci:06520214422-06250274369,omid:br/06520214422,omid:br/06250274369
oci:06520214422-06250274305,omid:br/06520214422,omid:br/06250274305
oci:062304048345-0642027957,omid:br/062304048345,omid:br/0642027957
oci:062304048379-06501177415,omid:br/062304048379,omid:br/06501177415
oci:062304048379-0648026475,omid:br/062304048379,omid:br/0648026475
oci:062304048379-0641027334,omid:br/062304048379,omid:br/0641027334
oci:062304048379-0660736112,omid:br/062304048379,omid:br/0660736112
oci:062304048379-0604832398,omid:br/062304048379,omid:br/0604832398
oci:062304048379-06802611648,omid:br/062304048379,omid:br/06802611648
oci:061303936914-0660894389,omid:br/061303936914,omid:br/0660894389
oci:061303936914-0610857110,omid:br/061303936914,omid:br/0610857110
oci:0604665785-06290222481,omid:br/0604665785,omid:br/06290222481
oci:0604665785-06304478832,omid:br/0604665785,omid:br/06304478832
oci:0604665785-061904043794,omid:br/0604665785,omid:br/061904043794
oci:06530217559-0637028748,omid:br/06530217559,omid:br/0637028748
oci:06530217559-0637028981,omid:br/06530217559,omid:br/0637028981
oci:06530217559-0630849763,omid:br/06530217559,omid:br/0630849763
oci:06530217559-0642027957,omid:br/06530217559,omid:br/0642027957
oci:06530217559-0643027243,omid:br/06530217559,omid:br/0643027243
oci:061303936482-06702593599,omid:br/061303936482,omid:br/06702593599
oci:06270231038-062402035605,omid:br/06270231038,omid:br/062402035605
oci:06270231038-0634027552,omid:br/06270231038,omid:br/0634027552
oci:06270231038-062302125693,omid:br/06270231038,omid:br/062302125693
oci:06270231038-06210427102,omid:br/06270231038,omid:br/06210427102
oci:06270231038-062501700114,omid:br/06270231038,omid:br/062501700114
oci:06270231038-062501700130,omid:br/06270231038,omid:br/062501700130
oci:06270231038-061902126518,omid:br/06270231038,omid:br/061902126518
oci:06270231038-0620846283,omid:br/06270231038,omid:br/0620846283
oci:062304048119-061803624655,omid:br/062304048119,omid:br/061803624655
oci:062304048119-0650899262,omid:br/062304048119,omid:br/0650899262
oci:062304048119-061803624859,omid:br/062304048119,omid:br/061803624859
oci:062304048119-06120787574,omid:br/062304048119,omid:br/06120787574
oci:062304048119-062603073165,omid:br/062304048119,omid:br/062603073165
oci:062304048119-06140790191,omid:br/062304048119,omid:br/06140790191
oci:062304048119-0660894730,omid:br/062304048119,omid:br/0660894730
oci:062304048119-06150797253,omid:br/062304048119,omid:br/06150797253
oci:062304048119-061203635471,omid:br/062304048119,omid:br/061203635471
oci:062304048119-06120786686,omid:br/062304048119,omid:br/06120786686
oci:062304048119-061303558551,omid:br/062304048119,omid:br/061303558551
oci:062304048119-061803056538,omid:br/062304048119,omid:br/061803056538
oci:062304048119-062102857029,omid:br/062304048119,omid:br/062102857029
oci:062304048119-062102856895,omid:br/062304048119,omid:br/062102856895
oci:062304048119-06230473716,omid:br/062304048119,omid:br/06230473716
oci:062304048119-06120786894,omid:br/062304048119,omid:br/06120786894
oci:062304048119-0630197371,omid:br/062304048119,omid:br/0630197371
oci:062304048119-06230473463,omid:br/062304048119,omid:br/06230473463
oci:061703960555-061803575885,omid:br/061703960555,omid:br/061803575885
oci:061703960555-06504042960,omid:br/061703960555,omid:br/06504042960
oci:061703960555-06150206921,omid:br/061703960555,omid:br/06150206921
oci:062604071378-061303936778,omid:br/062604071378,omid:br/061303936778
oci:062604071378-062304048250,omid:br/062604071378,omid:br/062304048250
oci:062604071378-061802213607,omid:br/062604071378,omid:br/061802213607
oci:061303936632-0604376307,omid:br/061303936632,omid:br/0604376307
oci:061303936632-062404060870,omid:br/061303936632,omid:br/062404060870
oci:061804035279-0604832312,omid:br/061804035279,omid:br/0604832312
oci:0604066916-061203954616,omid:br/0604066916,omid:br/061203954616
oci:0604066916-0604832404,omid:br/0604066916,omid:br/0604832404
oci:061203955225-06802611371,omid:br/061203955225,omid:br/06802611371
oci:061203955225-06501176993,omid:br/061203955225,omid:br/06501176993
oci:061203955225-0652025695,omid:br/061203955225,omid:br/0652025695
oci:061203955225-0643027005,omid:br/061203955225,omid:br/0643027005
oci:061203955225-0637028570,omid:br/061203955225,omid:br/0637028570
oci:061203955225-0650851251,omid:br/061203955225,omid:br/0650851251
oci:061203955225-06250274237,omid:br/061203955225,omid:br/06250274237
oci:061203955225-0646026989,omid:br/061203955225,omid:br/0646026989
oci:061203955225-0646027184,omid:br/061203955225,omid:br/0646027184
oci:062104035892-062304048256,omid:br/062104035892,omid:br/062304048256
oci:0604257700-06803977651,omid:br/0604257700,omid:br/06803977651
oci:0604257700-06304479245,omid:br/0604257700,omid:br/06304479245
oci:0604257700-062601179693,omid:br/0604257700,omid:br/062601179693
oci:0604257700-0604832417,omid:br/0604257700,omid:br/0604832417
oci:0604257700-06250364486,omid:br/0604257700,omid:br/06250364486
oci:0604665775-061201240926,omid:br/0604665775,omid:br/061201240926
oci:0604665775-06304479249,omid:br/0604665775,omid:br/06304479249
oci:0604665775-061503947148,omid:br/0604665775,omid:br/061503947148
oci:0604665775-06530217351,omid:br/0604665775,omid:br/06530217351
oci:0604665775-061803056398,omid:br/0604665775,omid:br/061803056398
oci:06404498918-06702593023,omid:br/06404498918,omid:br/06702593023
oci:06504498497-06280229276,omid:br/06504498497,omid:br/06280229276
oci:06504498497-06280229302,omid:br/06504498497,omid:br/06280229302
oci:06504498497-06401174083,omid:br/06504498497,omid:br/06401174083
oci:06504498497-06520214153,omid:br/06504498497,omid:br/06520214153
oci:06504498497-0642027957,omid:br/06504498497,omid:br/0642027957
oci:062304048334-06604055868,omid:br/062304048334,omid:br/06604055868
oci:062304048334-062503037312,omid:br/062304048334,omid:br/062503037312
oci:062304048334-062403042606,omid:br/062304048334,omid:br/062403042606
oci:062304048334-062403042207,omid:br/062304048334,omid:br/062403042207
oci:06104002014-061602887706,omid:br/06104002014,omid:br/061602887706
oci:06104002014-0604832374,omid:br/06104002014,omid:br/0604832374
oci:06270230552-06401174083,omid:br/06270230552,omid:br/06401174083
oci:06270230552-062301157586,omid:br/06270230552,omid:br/062301157586
oci:06270230552-061601166585,omid:br/06270230552,omid:br/061601166585
oci:06270230552-061902417524,omid:br/06270230552,omid:br/061902417524
oci:06270230552-0636027450,omid:br/06270230552,omid:br/0636027450
oci:06704461953-061303596726,omid:br/06704461953,omid:br/061303596726
oci:06704461953-06130860082,omid:br/06704461953,omid:br/06130860082
oci:06270230926-06210364471,omid:br/06270230926,omid:br/06210364471
oci:06270230926-06250364382,omid:br/06270230926,omid:br/06250364382
oci:061303936464-06304479217,omid:br/061303936464,omid:br/06304479217
oci:061303936464-061203954681,omid:br/061303936464,omid:br/061203954681
oci:061303936464-061701164844,omid:br/061303936464,omid:br/061701164844
oci:061303936464-06401174083,omid:br/061303936464,omid:br/06401174083
oci:061303936464-06304478982,omid:br/061303936464,omid:br/06304478982
oci:061303936464-06304479028,omid:br/061303936464,omid:br/06304479028
oci:061303936464-061902417510,omid:br/061303936464,omid:br/061902417510
oci:061303936464-061902417525,omid:br/061303936464,omid:br/061902417525
oci:061303936464-0642027957,omid:br/061303936464,omid:br/0642027957
oci:061303936464-064403098,omid:br/061303936464,omid:br/064403098
oci:062204044235-06804486985,omid:br/062204044235,omid:br/06804486985
oci:062204044235-062504058941,omid:br/062204044235,omid:br/062504058941
oci:062204044235-06404498279,omid:br/062204044235,omid:br/06404498279
oci:062204044235-0640268786,omid:br/062204044235,omid:br/0640268786
oci:062204044235-061702053729,omid:br/062204044235,omid:br/061702053729
oci:062204044235-0641027370,omid:br/062204044235,omid:br/0641027370
oci:0604066943-061902417480,omid:br/0604066943,omid:br/061902417480
oci:0604066943-0643026725,omid:br/0604066943,omid:br/0643026725
oci:06604482553-06280229330,omid:br/06604482553,omid:br/06280229330
oci:06604482553-0643027243,omid:br/06604482553,omid:br/0643027243
oci:06604482553-0642027957,omid:br/06604482553,omid:br/0642027957
oci:06604482553-0636028097,omid:br/06604482553,omid:br/0636028097
oci:06704461515-062103707902,omid:br/06704461515,omid:br/062103707902
oci:06704461515-061201082299,omid:br/06704461515,omid:br/061201082299
oci:06704461515-061101094682,omid:br/06704461515,omid:br/061101094682
oci:06704461515-061101208162,omid:br/06704461515,omid:br/061101208162
oci:06704461515-0670843663,omid:br/06704461515,omid:br/0670843663
oci:0604066960-061901166307,omid:br/0604066960,omid:br/061901166307
oci:0604066960-061601167063,omid:br/0604066960,omid:br/061601167063
oci:0604066960-06501176993,omid:br/0604066960,omid:br/06501176993
oci:0604066960-0643027005,omid:br/0604066960,omid:br/0643027005
oci:06280229173-0610464856,omid:br/06280229173,omid:br/0610464856
oci:062304048445-06203920818,omid:br/062304048445,omid:br/06203920818
oci:062304048445-06901175661,omid:br/062304048445,omid:br/06901175661
oci:062304048445-061203794562,omid:br/062304048445,omid:br/061203794562
oci:062304048445-0640848119,omid:br/062304048445,omid:br/0640848119
oci:062304048445-06240905327,omid:br/062304048445,omid:br/06240905327
oci:062304048445-061102726442,omid:br/062304048445,omid:br/061102726442
oci:062304048445-06101225090,omid:br/062304048445,omid:br/06101225090
oci:062304048445-06401341531,omid:br/062304048445,omid:br/06401341531
oci:062304048445-06203920430,omid:br/062304048445,omid:br/06203920430
oci:062304048445-06204178118,omid:br/062304048445,omid:br/06204178118
oci:062304048445-061501199942,omid:br/062304048445,omid:br/061501199942
oci:062304048445-06201216572,omid:br/062304048445,omid:br/06201216572
oci:0604080336-06450179856,omid:br/0604080336,omid:br/06450179856
oci:06270230667-062202385802,omid:br/06270230667,omid:br/062202385802
oci:06270230667-061201081625,omid:br/06270230667,omid:br/061201081625
oci:06270230667-061101094656,omid:br/06270230667,omid:br/061101094656
oci:06270230667-0680848093,omid:br/06270230667,omid:br/0680848093
oci:06270230667-0637028982,omid:br/06270230667,omid:br/0637028982
oci:06270230667-061201081650,omid:br/06270230667,omid:br/061201081650
oci:061904044270-0637028835,omid:br/061904044270,omid:br/0637028835
oci:061904044270-0641067129,omid:br/061904044270,omid:br/0641067129
oci:061904044270-06240324456,omid:br/061904044270,omid:br/06240324456
oci:061904044270-06230337603,omid:br/061904044270,omid:br/06230337603
oci:061904044270-06230337586,omid:br/061904044270,omid:br/06230337586
oci:061904044270-0670843699,omid:br/061904044270,omid:br/0670843699
oci:061904044270-062602748264,omid:br/061904044270,omid:br/062602748264
oci:062604071377-0690216519,omid:br/062604071377,omid:br/0690216519
oci:062604071377-0641027096,omid:br/062604071377,omid:br/0641027096
oci:062604071377-0643027447,omid:br/062604071377,omid:br/0643027447
oci:062304048468-0604832307,omid:br/062304048468,omid:br/0604832307
oci:062304048468-06430185609,omid:br/062304048468,omid:br/06430185609
oci:061403947148-06704115948,omid:br/061403947148,omid:br/06704115948
oci:061403947148-062103707668,omid:br/061403947148,omid:br/062103707668
oci:061403947148-062103653192,omid:br/061403947148,omid:br/062103653192
oci:061403947148-06204030875,omid:br/061403947148,omid:br/06204030875
oci:061403947148-06120205594,omid:br/061403947148,omid:br/06120205594
oci:06404498802-061101094682,omid:br/06404498802,omid:br/061101094682
oci:06504498714-06702593481,omid:br/06504498714,omid:br/06702593481
oci:06504498714-06802611946,omid:br/06504498714,omid:br/06802611946
oci:06504498714-06702593287,omid:br/06504498714,omid:br/06702593287
oci:0604708178-06204477391,omid:br/0604708178,omid:br/06204477391
oci:06404498637-061603953152,omid:br/06404498637,omid:br/061603953152
oci:06604482299-0642027957,omid:br/06604482299,omid:br/0642027957
oci:06604482299-061902417525,omid:br/06604482299,omid:br/061902417525
oci:06604482299-06130194046,omid:br/06604482299,omid:br/06130194046
oci:06270230619-062304048243,omid:br/06270230619,omid:br/062304048243
oci:06270230619-061303937191,omid:br/06270230619,omid:br/061303937191
oci:06270230619-062104035902,omid:br/06270230619,omid:br/062104035902
oci:06204485930-06802242924,omid:br/06204485930,omid:br/06802242924
oci:06204485930-061103512223,omid:br/06204485930,omid:br/061103512223
oci:06204485930-062303121690,omid:br/06204485930,omid:br/062303121690
oci:06204485930-062103707743,omid:br/06204485930,omid:br/062103707743
oci:06204485930-0650851107,omid:br/06204485930,omid:br/0650851107
oci:06204485930-0652025539,omid:br/06204485930,omid:br/0652025539
oci:06204485930-0670844219,omid:br/06204485930,omid:br/0670844219
oci:06804487324-062504062556,omid:br/06804487324,omid:br/062504062556
oci:06520214610-06304478557,omid:br/06520214610,omid:br/06304478557
oci:06520214610-061101094656,omid:br/06520214610,omid:br/061101094656
oci:06520214610-0680848093,omid:br/06520214610,omid:br/0680848093
oci:061203954812-06520214099,omid:br/061203954812,omid:br/06520214099
oci:061203954812-0604596967,omid:br/061203954812,omid:br/0604596967
oci:061203954812-0604832471,omid:br/061203954812,omid:br/0604832471
oci:061203954812-06704469533,omid:br/061203954812,omid:br/06704469533
oci:062304048013-061503946719,omid:br/062304048013,omid:br/061503946719
oci:062304048013-0639027212,omid:br/062304048013,omid:br/0639027212
oci:062304048013-061301684939,omid:br/062304048013,omid:br/061301684939
oci:06704461381-0649025765,omid:br/06704461381,omid:br/0649025765
oci:062204044288-06230268495,omid:br/062204044288,omid:br/06230268495
oci:062204044288-0604832449,omid:br/062204044288,omid:br/0604832449
oci:062204044288-0604832450,omid:br/062204044288,omid:br/0604832450
oci:062204044288-0642027957,omid:br/062204044288,omid:br/0642027957
oci:062204044288-06280303423,omid:br/062204044288,omid:br/06280303423
oci:062204044879-062202212059,omid:br/062204044879,omid:br/062202212059
oci:062204044879-0646026627,omid:br/062204044879,omid:br/0646026627
oci:062204044879-0653025802,omid:br/062204044879,omid:br/0653025802
oci:062204044879-061904050012,omid:br/062204044879,omid:br/061904050012
oci:0604665767-06501176993,omid:br/0604665767,omid:br/06501176993
oci:0604665767-06504063446,omid:br/0604665767,omid:br/06504063446
oci:0604665767-061701165177,omid:br/0604665767,omid:br/061701165177
oci:0604665767-0652025695,omid:br/0604665767,omid:br/0652025695
oci:0604665767-06250274237,omid:br/0604665767,omid:br/06250274237
oci:0604665767-0637028570,omid:br/0604665767,omid:br/0637028570
oci:0604665767-0643027005,omid:br/0604665767,omid:br/0643027005
oci:0604665767-0637028269,omid:br/0604665767,omid:br/0637028269
oci:0604665767-06210426834,omid:br/0604665767,omid:br/06210426834
oci:0604665767-061902417887,omid:br/0604665767,omid:br/061902417887
oci:0604665767-0670843560,omid:br/0604665767,omid:br/0670843560
oci:0604665767-06802611371,omid:br/0604665767,omid:br/06802611371
oci:062204044516-0643027244,omid:br/062204044516,omid:br/0643027244
oci:062604071155-062501515441,omid:br/062604071155,omid:br/062501515441
oci:06304478493-06220746542,omid:br/06304478493,omid:br/06220746542
oci:06304478493-06250274370,omid:br/06304478493,omid:br/06250274370
oci:061104088493-06480252079,omid:br/061104088493,omid:br/06480252079
oci:061104088493-0680269004,omid:br/061104088493,omid:br/0680269004
oci:061503946422-062501244727,omid:br/061503946422,omid:br/062501244727
oci:061503946422-06603908373,omid:br/061503946422,omid:br/06603908373
oci:0604708191-06802612109,omid:br/0604708191,omid:br/06802612109
oci:0604708191-06702593630,omid:br/0604708191,omid:br/06702593630
oci:0604708191-0604832354,omid:br/0604708191,omid:br/0604832354
oci:0604708191-06802612104,omid:br/0604708191,omid:br/06802612104
oci:0604708191-06210364193,omid:br/0604708191,omid:br/06210364193
oci:0604708191-061202217272,omid:br/0604708191,omid:br/061202217272
oci:06804486829-0610857110,omid:br/06804486829,omid:br/0610857110
oci:06804486829-06801252298,omid:br/06804486829,omid:br/06801252298
oci:06804486829-06901260803,omid:br/06804486829,omid:br/06901260803
oci:06804486829-0610856924,omid:br/06804486829,omid:br/0610856924
oci:06804486829-06401033913,omid:br/06804486829,omid:br/06401033913
oci:06804486829-0640848221,omid:br/06804486829,omid:br/0640848221
oci:06804486829-061802428555,omid:br/06804486829,omid:br/061802428555
oci:061203954785-062403634760,omid:br/061203954785,omid:br/062403634760
oci:061203954785-06202516254,omid:br/061203954785,omid:br/06202516254
oci:06270230551-0645025901,omid:br/06270230551,omid:br/0645025901
oci:06270230551-06230969790,omid:br/06270230551,omid:br/06230969790
oci:06603987160-0635026929,omid:br/06603987160,omid:br/0635026929
oci:06603987160-062102431038,omid:br/06603987160,omid:br/062102431038
oci:062204044327-06401174083,omid:br/062204044327,omid:br/06401174083
oci:062204044327-06901175348,omid:br/062204044327,omid:br/06901175348
oci:062204044327-062104035363,omid:br/062204044327,omid:br/062104035363
oci:06804487393-0642027957,omid:br/06804487393,omid:br/0642027957
oci:06804487393-0670843689,omid:br/06804487393,omid:br/0670843689
oci:06104490359-061203955087,omid:br/06104490359,omid:br/061203955087
oci:06104490359-06530217351,omid:br/06104490359,omid:br/06530217351
oci:06104490359-062304048250,omid:br/06104490359,omid:br/062304048250
oci:06104490359-0640484963,omid:br/06104490359,omid:br/0640484963
oci:061103590351-06401033531,omid:br/061103590351,omid:br/06401033531
oci:061503947021-06401174083,omid:br/061503947021,omid:br/06401174083
oci:061503947021-06280229287,omid:br/061503947021,omid:br/06280229287
oci:061503947021-06901175348,omid:br/061503947021,omid:br/06901175348
oci:061503947021-0642027957,omid:br/061503947021,omid:br/0642027957
oci:06404498385-06903664905,omid:br/06404498385,omid:br/06903664905
oci:06404498385-0650851251,omid:br/06404498385,omid:br/0650851251
oci:06404498385-061703068737,omid:br/06404498385,omid:br/061703068737
oci:062204044263-061303936434,omid:br/062204044263,omid:br/061303936434
oci:062204044263-061902417969,omid:br/062204044263,omid:br/061902417969
oci:062204044263-0660847570,omid:br/062204044263,omid:br/0660847570
oci:062204044263-0644027070,omid:br/062204044263,omid:br/0644027070
oci:062204044263-061203614136,omid:br/062204044263,omid:br/061203614136
oci:062204044263-0647025184,omid:br/062204044263,omid:br/0647025184
oci:062204044263-061102726859,omid:br/062204044263,omid:br/061102726859
oci:062204044263-0650851202,omid:br/062204044263,omid:br/0650851202
oci:061703960477-06270230390,omid:br/061703960477,omid:br/06270230390
oci:061703960477-061104088332,omid:br/061703960477,omid:br/061104088332
oci:061703960477-061403947566,omid:br/061703960477,omid:br/061403947566
oci:061703960477-061203955060,omid:br/061703960477,omid:br/061203955060
oci:061703960477-061203954710,omid:br/061703960477,omid:br/061203954710
oci:061703960477-061603953065,omid:br/061703960477,omid:br/061603953065
oci:061703960477-06904089400,omid:br/061703960477,omid:br/06904089400
oci:06520214401-06290222347,omid:br/06520214401,omid:br/06290222347
oci:06520214401-06403175797,omid:br/06520214401,omid:br/06403175797
oci:06520214401-061902440784,omid:br/06520214401,omid:br/061902440784
oci:06520214401-062304050552,omid:br/06520214401,omid:br/062304050552
oci:06520214601-062104035902,omid:br/06520214601,omid:br/062104035902
oci:06520214582-062402121608,omid:br/06520214582,omid:br/062402121608
oci:06520214582-062402121598,omid:br/06520214582,omid:br/062402121598
oci:061503946989-061101094518,omid:br/061503946989,omid:br/061101094518
oci:061303936661-0604164699,omid:br/061303936661,omid:br/0604164699
oci:061303936661-0643026938,omid:br/061303936661,omid:br/0643026938
oci:061303936661-0643027362,omid:br/061303936661,omid:br/0643027362
oci:061303936661-062304051368,omid:br/061303936661,omid:br/062304051368
oci:061303936661-061902417355,omid:br/061303936661,omid:br/061902417355
oci:061503946831-062604076015,omid:br/061503946831,omid:br/062604076015
oci:061503946831-062504059502,omid:br/061503946831,omid:br/062504059502
oci:061503946831-06104196838,omid:br/061503946831,omid:br/06104196838
oci:061503946831-0643026908,omid:br/061503946831,omid:br/0643026908
oci:061503946831-06104196839,omid:br/061503946831,omid:br/06104196839
oci:061503946831-06210426835,omid:br/061503946831,omid:br/06210426835
oci:062604071448-06802611505,omid:br/062604071448,omid:br/06802611505
oci:062604071448-06802611433,omid:br/062604071448,omid:br/06802611433
oci:061503946397-061601250421,omid:br/061503946397,omid:br/061601250421
oci:061503946397-06903665658,omid:br/061503946397,omid:br/06903665658
oci:061503946397-06802611649,omid:br/061503946397,omid:br/06802611649
oci:061503946397-062204044364,omid:br/061503946397,omid:br/062204044364
oci:061503946397-061902440759,omid:br/061503946397,omid:br/061902440759
oci:061503946397-062503506299,omid:br/061503946397,omid:br/062503506299
oci:061503946397-0660882769,omid:br/061503946397,omid:br/0660882769
oci:061503946397-06802611558,omid:br/061503946397,omid:br/06802611558
oci:061503946397-0604832397,omid:br/061503946397,omid:br/0604832397
oci:06530217075-061701245841,omid:br/06530217075,omid:br/061701245841
oci:06530217075-061501249192,omid:br/06530217075,omid:br/061501249192
oci:06530217075-061501249174,omid:br/06530217075,omid:br/061501249174
oci:06530217075-061301243218,omid:br/06530217075,omid:br/061301243218
oci:06530217075-06104114333,omid:br/06530217075,omid:br/06104114333
oci:06530217075-0650356230,omid:br/06530217075,omid:br/0650356230
oci:06530217075-0642028010,omid:br/06530217075,omid:br/0642028010
oci:06530217075-06230561693,omid:br/06530217075,omid:br/06230561693
oci:06530217075-06101388458,omid:br/06530217075,omid:br/06101388458
oci:06530217075-06701021185,omid:br/06530217075,omid:br/06701021185
oci:06530217075-061702226124,omid:br/06530217075,omid:br/061702226124
oci:06530217075-061602228863,omid:br/06530217075,omid:br/061602228863
oci:06530217075-062202428395,omid:br/06530217075,omid:br/062202428395
oci:06530217075-06504015834,omid:br/06530217075,omid:br/06504015834
oci:061703960506-06401174083,omid:br/061703960506,omid:br/06401174083
oci:061703960506-06304479217,omid:br/061703960506,omid:br/06304479217
oci:061703960506-06520214754,omid:br/061703960506,omid:br/06520214754
oci:061703960506-06404498269,omid:br/061703960506,omid:br/06404498269
oci:061703960506-06380324610,omid:br/061703960506,omid:br/06380324610
oci:061703960506-0642027957,omid:br/061703960506,omid:br/0642027957
oci:061703960506-061203791343,omid:br/061703960506,omid:br/061203791343
oci:0604665749-061202094271,omid:br/0604665749,omid:br/061202094271
oci:06804487407-06520214714,omid:br/06804487407,omid:br/06520214714
oci:06804487407-06104482094,omid:br/06804487407,omid:br/06104482094
oci:06604481783-06480214670,omid:br/06604481783,omid:br/06480214670
oci:06604481783-06802611561,omid:br/06604481783,omid:br/06802611561
oci:06604481783-0639027806,omid:br/06604481783,omid:br/0639027806
oci:0603977144-061403947496,omid:br/0603977144,omid:br/061403947496
oci:0603977144-0647024898,omid:br/0603977144,omid:br/0647024898
oci:0603977144-0644027407,omid:br/0603977144,omid:br/0644027407
oci:061104088438-061302229821,omid:br/061104088438,omid:br/061302229821
oci:06104490380-0640484580,omid:br/06104490380,omid:br/0640484580
oci:06104490380-06530206091,omid:br/06104490380,omid:br/06530206091
oci:06104490380-0639027212,omid:br/06104490380,omid:br/0639027212
oci:06104490380-0650886254,omid:br/06104490380,omid:br/0650886254
oci:061904043599-062404061124,omid:br/061904043599,omid:br/062404061124
oci:061904043599-06304479216,omid:br/061904043599,omid:br/06304479216
oci:061904043599-0610806337,omid:br/061904043599,omid:br/0610806337
oci:061904043599-06802611784,omid:br/061904043599,omid:br/06802611784
oci:06304478938-06702592875,omid:br/06304478938,omid:br/06702592875
oci:061904043596-061203955100,omid:br/061904043596,omid:br/061203955100
oci:061904043596-061703959990,omid:br/061904043596,omid:br/061703959990
oci:061904043596-061803666371,omid:br/061904043596,omid:br/061803666371
oci:061904043596-062602777495,omid:br/061904043596,omid:br/062602777495
oci:061904043596-0640211911,omid:br/061904043596,omid:br/0640211911
oci:062204044452-061403947422,omid:br/062204044452,omid:br/061403947422
oci:06704461949-061403947760,omid:br/06704461949,omid:br/061403947760
oci:06704461949-06901175636,omid:br/06704461949,omid:br/06901175636
oci:06704461949-061301158819,omid:br/06704461949,omid:br/061301158819
oci:06704461949-0660847638,omid:br/06704461949,omid:br/0660847638
oci:06520214402-061203955019,omid:br/06520214402,omid:br/061203955019
oci:06520214402-062304048250,omid:br/06520214402,omid:br/062304048250
oci:06520214402-0630194440,omid:br/06520214402,omid:br/0630194440
oci:06520214402-061703068633,omid:br/06520214402,omid:br/061703068633
oci:06520214402-062103683863,omid:br/06520214402,omid:br/062103683863
oci:06520214402-0604832307,omid:br/06520214402,omid:br/0604832307
oci:062503577775-0680476839,omid:br/062503577775,omid:br/0680476839
oci:062503577775-06801332111,omid:br/062503577775,omid:br/06801332111
oci:06270230539-061902417485,omid:br/06270230539,omid:br/061902417485
oci:06270230539-0644027062,omid:br/06270230539,omid:br/0644027062
oci:06270230539-0644027370,omid:br/06270230539,omid:br/0644027370
oci:06270230539-06280233238,omid:br/06270230539,omid:br/06280233238
oci:061503946623-0680467188,omid:br/061503946623,omid:br/0680467188
oci:061503946623-06220148381,omid:br/061503946623,omid:br/06220148381
oci:061503946623-061703468398,omid:br/061503946623,omid:br/061703468398
oci:061503946623-061601972733,omid:br/061503946623,omid:br/061601972733
oci:06304479088-062602901798,omid:br/06304479088,omid:br/062602901798
oci:06304479088-0643026818,omid:br/06304479088,omid:br/0643026818
oci:06304479088-062304051396,omid:br/06304479088,omid:br/062304051396
oci:06304479088-061702884843,omid:br/06304479088,omid:br/061702884843
oci:061703960470-061104088311,omid:br/061703960470,omid:br/061104088311
oci:061703960470-06401174083,omid:br/061703960470,omid:br/06401174083
oci:061703960470-061203954678,omid:br/061703960470,omid:br/061203954678
oci:061703960470-06304479217,omid:br/061703960470,omid:br/06304479217
oci:061703960470-061203954681,omid:br/061703960470,omid:br/061203954681
oci:061703960470-0642027957,omid:br/061703960470,omid:br/0642027957
oci:0604495728-06290222493,omid:br/0604495728,omid:br/06290222493
oci:0604495728-06304479248,omid:br/0604495728,omid:br/06304479248
oci:0604495728-06802611619,omid:br/0604495728,omid:br/06802611619
oci:0604495728-06802611494,omid:br/0604495728,omid:br/06802611494
oci:06520214638-0644027111,omid:br/06520214638,omid:br/0644027111
oci:06520214638-06401034370,omid:br/06520214638,omid:br/06401034370
oci:06520214638-06403730564,omid:br/06520214638,omid:br/06403730564
oci:06520214638-062601226897,omid:br/06520214638,omid:br/062601226897
oci:06520214638-061703538453,omid:br/06520214638,omid:br/061703538453
oci:06520214638-062403749510,omid:br/06520214638,omid:br/062403749510
oci:061303936450-061503946719,omid:br/061303936450,omid:br/061503946719
oci:061303936450-0643027334,omid:br/061303936450,omid:br/0643027334
oci:06530217467-0680800912,omid:br/06530217467,omid:br/0680800912
oci:06530217467-0660801695,omid:br/06530217467,omid:br/0660801695
oci:06530217467-062402858768,omid:br/06530217467,omid:br/062402858768
oci:06530217467-062202858267,omid:br/06530217467,omid:br/062202858267
oci:06530217467-061903069028,omid:br/06530217467,omid:br/061903069028
oci:0604065942-0643027357,omid:br/0604065942,omid:br/0643027357
oci:0604065942-061903073733,omid:br/0604065942,omid:br/061903073733
oci:0604065942-062202212297,omid:br/0604065942,omid:br/062202212297
oci:0604065942-061703067966,omid:br/0604065942,omid:br/061703067966
oci:06520214571-061501249221,omid:br/06520214571,omid:br/061501249221
oci:06520214571-06401174119,omid:br/06520214571,omid:br/06401174119
oci:06520214571-06303730040,omid:br/06520214571,omid:br/06303730040
oci:06520214571-0680848130,omid:br/06520214571,omid:br/0680848130
oci:06520214571-0680847733,omid:br/06520214571,omid:br/0680847733
oci:06520214571-061801159153,omid:br/06520214571,omid:br/061801159153
oci:06520214571-0630849787,omid:br/06520214571,omid:br/0630849787
oci:06520214571-0640848152,omid:br/06520214571,omid:br/0640848152
oci:061804035263-061101094682,omid:br/061804035263,omid:br/061101094682
oci:061804035263-0604832310,omid:br/061804035263,omid:br/0604832310
oci:06604481773-06401173790,omid:br/06604481773,omid:br/06401173790
oci:06604481773-061701165177,omid:br/06604481773,omid:br/061701165177
oci:06604481773-061601167063,omid:br/06604481773,omid:br/061601167063
oci:06604481773-0644027316,omid:br/06604481773,omid:br/0644027316
oci:06604481773-0651025726,omid:br/06604481773,omid:br/0651025726
oci:06604481773-0639027213,omid:br/06604481773,omid:br/0639027213
oci:06604481773-0635027291,omid:br/06604481773,omid:br/0635027291
oci:06604481773-06250274237,omid:br/06604481773,omid:br/06250274237
oci:06704461899-06803162451,omid:br/06704461899,omid:br/06803162451
oci:06704461899-06110214900,omid:br/06704461899,omid:br/06110214900
oci:06704461899-0660848187,omid:br/06704461899,omid:br/0660848187
oci:06704461899-062202428288,omid:br/06704461899,omid:br/062202428288
oci:06704462116-06504577139,omid:br/06704462116,omid:br/06504577139
oci:06704462116-06280271653,omid:br/06704462116,omid:br/06280271653
oci:062304048015-062104035805,omid:br/062304048015,omid:br/062104035805
oci:062304048015-06304479249,omid:br/062304048015,omid:br/06304479249
oci:062304048015-06304479003,omid:br/062304048015,omid:br/06304479003
oci:062304048015-06290222486,omid:br/062304048015,omid:br/06290222486
oci:062304048015-062404060848,omid:br/062304048015,omid:br/062404060848
oci:062304048015-062504059711,omid:br/062304048015,omid:br/062504059711
oci:062304047876-0670890656,omid:br/062304047876,omid:br/0670890656
oci:062604071413-06201082583,omid:br/062604071413,omid:br/06201082583
oci:062604071413-06301084265,omid:br/062604071413,omid:br/06301084265
oci:0604602142-06701159114,omid:br/0604602142,omid:br/06701159114
oci:0604602142-06240977690,omid:br/0604602142,omid:br/06240977690
oci:0604518756-0604832316,omid:br/0604518756,omid:br/0604832316
oci:0604665713-062601226410,omid:br/0604665713,omid:br/062601226410
oci:0604665713-0646066201,omid:br/0604665713,omid:br/0646066201
oci:0604665713-062202428136,omid:br/0604665713,omid:br/062202428136
oci:0604665713-062603608038,omid:br/0604665713,omid:br/062603608038
oci:06804487378-0641027567,omid:br/06804487378,omid:br/0641027567
oci:06804487378-0635026703,omid:br/06804487378,omid:br/0635026703
oci:06804487378-062501197341,omid:br/06804487378,omid:br/062501197341
oci:06804487378-0650851614,omid:br/06804487378,omid:br/0650851614
oci:06704461539-062503622128,omid:br/06704461539,omid:br/062503622128
oci:06704461539-0648026691,omid:br/06704461539,omid:br/0648026691
oci:06704461539-06220839765,omid:br/06704461539,omid:br/06220839765
oci:06704461539-062103652546,omid:br/06704461539,omid:br/062103652546
oci:06704461539-06160847219,omid:br/06704461539,omid:br/06160847219
oci:06704461539-061202216835,omid:br/06704461539,omid:br/061202216835
oci:061503946933-061701245743,omid:br/061503946933,omid:br/061701245743
oci:061503946933-0637029011,omid:br/061503946933,omid:br/0637029011
oci:062604071151-062404065506,omid:br/062604071151,omid:br/062404065506
oci:061703960178-06280233225,omid:br/061703960178,omid:br/06280233225
oci:061703960178-06404498272,omid:br/061703960178,omid:br/06404498272
oci:061703960178-06530217267,omid:br/061703960178,omid:br/06530217267
oci:061703960178-062304050601,omid:br/061703960178,omid:br/062304050601
oci:061703960178-062504062970,omid:br/061703960178,omid:br/062504062970
oci:06704461699-0604832441,omid:br/06704461699,omid:br/0604832441
oci:06704461699-06701159114,omid:br/06704461699,omid:br/06701159114
oci:06704461699-06204486190,omid:br/06704461699,omid:br/06204486190
oci:06704461699-06110213857,omid:br/06704461699,omid:br/06110213857
oci:06604482290-062401136680,omid:br/06604482290,omid:br/062401136680
oci:06604482290-061801158015,omid:br/06604482290,omid:br/061801158015
oci:06604482290-0660848084,omid:br/06604482290,omid:br/0660848084
oci:06604482290-061203792066,omid:br/06604482290,omid:br/061203792066
oci:06604482290-0660847692,omid:br/06604482290,omid:br/0660847692
oci:061503946505-0604832385,omid:br/061503946505,omid:br/0604832385
oci:061503946505-0604832386,omid:br/061503946505,omid:br/0604832386
oci:061503946505-06160584160,omid:br/061503946505,omid:br/06160584160
oci:061503946505-06802611776,omid:br/061503946505,omid:br/06802611776
oci:061703960172-061401232872,omid:br/061703960172,omid:br/061401232872
oci:061703960172-061701209811,omid:br/061703960172,omid:br/061701209811
oci:061703960172-062202428411,omid:br/061703960172,omid:br/062202428411
oci:061703960172-062202428503,omid:br/061703960172,omid:br/062202428503
oci:062504059594-061501249221,omid:br/062504059594,omid:br/061501249221
oci:062504059594-0680848130,omid:br/062504059594,omid:br/0680848130
oci:062504059594-062103708078,omid:br/062504059594,omid:br/062103708078
oci:062504059594-0630849787,omid:br/062504059594,omid:br/0630849787
oci:062504059594-0660894389,omid:br/062504059594,omid:br/0660894389
oci:062504059594-0610857674,omid:br/062504059594,omid:br/0610857674
oci:062504059594-061902417109,omid:br/062504059594,omid:br/061902417109
oci:062504059594-0640848348,omid:br/062504059594,omid:br/0640848348
oci:062504059594-0620846730,omid:br/062504059594,omid:br/0620846730
oci:062504059594-0650898735,omid:br/062504059594,omid:br/0650898735
oci:062504059594-0640896960,omid:br/062504059594,omid:br/0640896960
oci:062504059594-061801240673,omid:br/062504059594,omid:br/061801240673
oci:062504059594-0629026874,omid:br/062504059594,omid:br/0629026874
oci:062504059594-061802427948,omid:br/062504059594,omid:br/061802427948
oci:0604665761-062602777006,omid:br/0604665761,omid:br/062602777006
oci:0604665761-061203954657,omid:br/0604665761,omid:br/061203954657
oci:062604070992-06130194046,omid:br/062604070992,omid:br/06130194046
oci:062604070992-061902417525,omid:br/062604070992,omid:br/061902417525
oci:062604070992-06704014133,omid:br/062604070992,omid:br/06704014133
oci:062604070992-061101111581,omid:br/062604070992,omid:br/061101111581
oci:062604070992-061203614426,omid:br/062604070992,omid:br/061203614426
oci:062604070992-061801158556,omid:br/062604070992,omid:br/061801158556
oci:06304479076-06604055868,omid:br/06304479076,omid:br/06604055868
oci:06304479076-0641027753,omid:br/06304479076,omid:br/0641027753
oci:06304479076-06702593563,omid:br/06304479076,omid:br/06702593563
oci:06304479076-06802611948,omid:br/06304479076,omid:br/06802611948
oci:06304479076-06802612287,omid:br/06304479076,omid:br/06802612287
oci:062204044924-062203718469,omid:br/062204044924,omid:br/062203718469
oci:062204044924-0604832458,omid:br/062204044924,omid:br/0604832458
oci:062204044924-06230969004,omid:br/062204044924,omid:br/06230969004
oci:062204044924-06502443986,omid:br/062204044924,omid:br/06502443986
oci:062204044924-06803484980,omid:br/062204044924,omid:br/06803484980
oci:062204044924-06903100684,omid:br/062204044924,omid:br/06903100684
oci:06290222735-0636027398,omid:br/06290222735,omid:br/0636027398
oci:06504498770-06250364328,omid:br/06504498770,omid:br/06250364328
oci:06504498770-06802612285,omid:br/06504498770,omid:br/06802612285
oci:062104035427-061701246182,omid:br/062104035427,omid:br/061701246182
oci:062104035427-0638027063,omid:br/062104035427,omid:br/0638027063
oci:06104006380-0620846370,omid:br/06104006380,omid:br/0620846370
oci:06104006380-061702442394,omid:br/06104006380,omid:br/061702442394
oci:061104088386-0670843875,omid:br/061104088386,omid:br/0670843875
oci:061104088386-0636027768,omid:br/061104088386,omid:br/0636027768
oci:061104088386-06702593590,omid:br/061104088386,omid:br/06702593590
oci:061703960545-062304048494,omid:br/061703960545,omid:br/062304048494
oci:06704461844-0604529450,omid:br/06704461844,omid:br/0604529450
oci:06704461844-06270235752,omid:br/06704461844,omid:br/06270235752
oci:062304048063-061301242669,omid:br/062304048063,omid:br/061301242669
oci:062304048063-06220983992,omid:br/062304048063,omid:br/06220983992
oci:06604481960-061701165204,omid:br/06604481960,omid:br/061701165204
oci:06604481960-06250364615,omid:br/06604481960,omid:br/06250364615
oci:06604481960-0604518418,omid:br/06604481960,omid:br/0604518418
oci:061403947392-061301243204,omid:br/061403947392,omid:br/061301243204
oci:061403947392-061301243206,omid:br/061403947392,omid:br/061301243206
oci:061403947392-06220882418,omid:br/061403947392,omid:br/06220882418
oci:061403947392-062202428657,omid:br/061403947392,omid:br/062202428657
oci:061403947392-061803056286,omid:br/061403947392,omid:br/061803056286
oci:061804035680-06903776616,omid:br/061804035680,omid:br/06903776616
oci:061804035680-061203761351,omid:br/061804035680,omid:br/061203761351
oci:06603992838-06501176993,omid:br/06603992838,omid:br/06501176993
oci:06603992838-06401173991,omid:br/06603992838,omid:br/06401173991
oci:06603992838-06190797728,omid:br/06603992838,omid:br/06190797728
oci:06603992838-062103707493,omid:br/06603992838,omid:br/062103707493
oci:06603992838-06301704636,omid:br/06603992838,omid:br/06301704636
oci:06603992838-0644027300,omid:br/06603992838,omid:br/0644027300
oci:06603992838-06110214792,omid:br/06603992838,omid:br/06110214792
oci:061503946480-06802612105,omid:br/061503946480,omid:br/06802612105
oci:06204485905-06520214389,omid:br/06204485905,omid:br/06520214389
oci:06204485905-06901175348,omid:br/06204485905,omid:br/06901175348
oci:06204485905-06401033780,omid:br/06204485905,omid:br/06401033780
oci:06204485905-062604071317,omid:br/06204485905,omid:br/062604071317
oci:06204485905-0642027957,omid:br/06204485905,omid:br/0642027957
oci:0604708158-0660894764,omid:br/0604708158,omid:br/0660894764
oci:0604708158-0660894657,omid:br/0604708158,omid:br/0660894657
oci:0604708158-0640897425,omid:br/0604708158,omid:br/0640897425
oci:0604708158-0604832363,omid:br/0604708158,omid:br/0604832363
oci:0604708158-06802611446,omid:br/0604708158,omid:br/06802611446
oci:0604708158-061802813438,omid:br/0604708158,omid:br/061802813438
oci:062304048355-061903582328,omid:br/062304048355,omid:br/061903582328
oci:062304048355-06150206387,omid:br/062304048355,omid:br/06150206387
oci:062304048323-06802611814,omid:br/062304048323,omid:br/06802611814
oci:062304048323-0640268137,omid:br/062304048323,omid:br/0640268137
oci:06270230571-0604838020,omid:br/06270230571,omid:br/0604838020
oci:06270230571-062402036134,omid:br/06270230571,omid:br/062402036134
oci:062304048175-0670843879,omid:br/062304048175,omid:br/0670843879
oci:06804487426-061701042869,omid:br/06804487426,omid:br/061701042869
oci:06804487426-06240800736,omid:br/06804487426,omid:br/06240800736
oci:06804487426-0644027170,omid:br/06804487426,omid:br/0644027170
oci:06804487426-0644027351,omid:br/06804487426,omid:br/0644027351
oci:06804487426-06530136999,omid:br/06804487426,omid:br/06530136999
oci:06904088792-061702764695,omid:br/06904088792,omid:br/061702764695
oci:06904088792-0642027951,omid:br/06904088792,omid:br/0642027951
oci:0603977176-0604832412,omid:br/0603977176,omid:br/0604832412
oci:061104088515-0640883291,omid:br/061104088515,omid:br/0640883291
oci:06104015343-06604055868,omid:br/06104015343,omid:br/06604055868
oci:06104015343-0610356438,omid:br/06104015343,omid:br/0610356438
oci:06104015343-06902277767,omid:br/06104015343,omid:br/06902277767
oci:06604482033-062603073214,omid:br/06604482033,omid:br/062603073214
oci:06604482033-062501786876,omid:br/06604482033,omid:br/062501786876
oci:06604482033-0604832339,omid:br/06604482033,omid:br/0604832339
oci:0604080345-06103183678,omid:br/0604080345,omid:br/06103183678
oci:0604080345-0637028982,omid:br/0604080345,omid:br/0637028982
oci:0604080345-062401181117,omid:br/0604080345,omid:br/062401181117
oci:06704461590-0634027332,omid:br/06704461590,omid:br/0634027332
oci:06704461590-061403971495,omid:br/06704461590,omid:br/061403971495
oci:06704461590-0604832342,omid:br/06704461590,omid:br/0604832342
oci:062204044871-061301242359,omid:br/062204044871,omid:br/061301242359
oci:062204044871-061601249518,omid:br/062204044871,omid:br/061601249518
oci:062204044871-062202428046,omid:br/062204044871,omid:br/062202428046
oci:061503946541-0604340873,omid:br/061503946541,omid:br/0604340873
oci:06420140157-0603987646,omid:br/06420140157,omid:br/0603987646
oci:061104088604-06520214132,omid:br/061104088604,omid:br/06520214132
oci:061104088604-062304122724,omid:br/061104088604,omid:br/062304122724
oci:061104088604-061503946717,omid:br/061104088604,omid:br/061503946717
oci:061104088604-06120193714,omid:br/061104088604,omid:br/06120193714
oci:061104088604-06701494084,omid:br/061104088604,omid:br/06701494084
oci:06704461757-061203737440,omid:br/06704461757,omid:br/061203737440
oci:06704461757-0652025786,omid:br/06704461757,omid:br/0652025786
oci:062304048474-06130787543,omid:br/062304048474,omid:br/06130787543
oci:062304048474-061901250740,omid:br/062304048474,omid:br/061901250740
oci:062304048474-061901250434,omid:br/062304048474,omid:br/061901250434
oci:06404498892-06702593004,omid:br/06404498892,omid:br/06702593004
oci:06704461966-061503947148,omid:br/06704461966,omid:br/061503947148
oci:06704461966-06530217351,omid:br/06704461966,omid:br/06530217351
oci:06704461966-0650851089,omid:br/06704461966,omid:br/0650851089
oci:06704461966-061602859675,omid:br/06704461966,omid:br/061602859675
oci:062104035446-0645025901,omid:br/062104035446,omid:br/0645025901
oci:062104035446-06230969790,omid:br/062104035446,omid:br/06230969790
oci:062104035446-06250274324,omid:br/062104035446,omid:br/06250274324
oci:062104035563-061902440758,omid:br/062104035563,omid:br/061902440758
oci:06270230699-0641027753,omid:br/06270230699,omid:br/0641027753
oci:06270230699-06130786546,omid:br/06270230699,omid:br/06130786546
oci:06270230699-06220789168,omid:br/06270230699,omid:br/06220789168
oci:062404060782-06210364037,omid:br/062404060782,omid:br/06210364037
oci:062404060782-06802611456,omid:br/062404060782,omid:br/06802611456
oci:062404060782-06802612181,omid:br/062404060782,omid:br/06802612181
oci:062404060782-06702593536,omid:br/062404060782,omid:br/06702593536
oci:062404060782-06210364380,omid:br/062404060782,omid:br/06210364380
oci:062404060782-06210364404,omid:br/062404060782,omid:br/06210364404
oci:061303936245-0652024961,omid:br/061303936245,omid:br/0652024961
oci:061303936245-06250364540,omid:br/061303936245,omid:br/06250364540
oci:062304047860-0635026865,omid:br/062304047860,omid:br/0635026865
oci:062304047860-0643026809,omid:br/062304047860,omid:br/0643026809
oci:062304047860-061902440720,omid:br/062304047860,omid:br/061902440720
oci:0604708216-062303632617,omid:br/0604708216,omid:br/062303632617
oci:06204485866-061303936683,omid:br/06204485866,omid:br/061303936683
oci:06204485866-0642027957,omid:br/06204485866,omid:br/0642027957
oci:06204485866-061902417525,omid:br/06204485866,omid:br/061902417525
oci:06204485866-061303776336,omid:br/06204485866,omid:br/061303776336
oci:06204485866-061201082038,omid:br/06204485866,omid:br/061201082038
oci:062304047999-061701164844,omid:br/062304047999,omid:br/061701164844
oci:062304047999-06401174083,omid:br/062304047999,omid:br/06401174083
oci:062304047999-06304479217,omid:br/062304047999,omid:br/06304479217
oci:062304047999-061203954681,omid:br/062304047999,omid:br/061203954681
oci:062304047999-06304478982,omid:br/062304047999,omid:br/06304478982
oci:062304047999-06304479028,omid:br/062304047999,omid:br/06304479028
oci:062304047999-06804487134,omid:br/062304047999,omid:br/06804487134
oci:062304047999-064403098,omid:br/062304047999,omid:br/064403098
oci:062304047999-0642027957,omid:br/062304047999,omid:br/0642027957
oci:062304047999-061902417510,omid:br/062304047999,omid:br/061902417510
oci:062304047999-0690478612,omid:br/062304047999,omid:br/0690478612
oci:061104088653-062104035765,omid:br/061104088653,omid:br/062104035765
oci:061104088653-06250364486,omid:br/061104088653,omid:br/06250364486
oci:062204044363-0604832437,omid:br/062204044363,omid:br/0604832437
oci:062204044363-061902440489,omid:br/062204044363,omid:br/061902440489
oci:0604416708-06403730628,omid:br/0604416708,omid:br/06403730628
oci:0604416708-061101094656,omid:br/0604416708,omid:br/061101094656
oci:0604416708-062401181117,omid:br/0604416708,omid:br/062401181117
oci:0604416708-0680848093,omid:br/0604416708,omid:br/0680848093
oci:062604071458-062504124941,omid:br/062604071458,omid:br/062504124941
oci:062304048027-061303936778,omid:br/062304048027,omid:br/061303936778
oci:062304048027-061802213607,omid:br/062304048027,omid:br/061802213607
oci:061904043627-0640799151,omid:br/061904043627,omid:br/0640799151
oci:061904043627-061603953015,omid:br/061904043627,omid:br/061603953015
oci:061904043627-061104088345,omid:br/061904043627,omid:br/061104088345
oci:061904043627-06802611522,omid:br/061904043627,omid:br/06802611522
oci:061904043627-0604832475,omid:br/061904043627,omid:br/0604832475
oci:061904043627-06802611563,omid:br/061904043627,omid:br/06802611563
oci:061904043627-0604832484,omid:br/061904043627,omid:br/0604832484
oci:061904043627-06802611449,omid:br/061904043627,omid:br/06802611449
oci:06604482252-06901175636,omid:br/06604482252,omid:br/06901175636
oci:06604482252-061701165084,omid:br/06604482252,omid:br/061701165084
oci:06604482252-0660848084,omid:br/06604482252,omid:br/0660848084
oci:06604482252-0610619823,omid:br/06604482252,omid:br/0610619823
oci:06604482252-0647025291,omid:br/06604482252,omid:br/0647025291
oci:062604071388-061301243206,omid:br/062604071388,omid:br/061301243206
oci:062604071388-062501244727,omid:br/062604071388,omid:br/062501244727
oci:062604071388-062603713605,omid:br/062604071388,omid:br/062603713605
oci:062604071388-0660847721,omid:br/062604071388,omid:br/0660847721
oci:062604071388-0680847794,omid:br/062604071388,omid:br/0680847794
oci:062604071388-0643027434,omid:br/062604071388,omid:br/0643027434
oci:062604071388-06603908373,omid:br/062604071388,omid:br/06603908373
oci:06504498769-0604832376,omid:br/06504498769,omid:br/0604832376
oci:06410111916-061403950634,omid:br/06410111916,omid:br/061403950634
oci:061303936956-06802612183,omid:br/061303936956,omid:br/06802612183
oci:061303936956-06802611942,omid:br/061303936956,omid:br/06802611942
oci:061303936956-06210364164,omid:br/061303936956,omid:br/06210364164
oci:06504498468-06304479219,omid:br/06504498468,omid:br/06304479219
oci:06504498468-061503947151,omid:br/06504498468,omid:br/061503947151
oci:06504498468-06804487109,omid:br/06504498468,omid:br/06804487109
oci:06504498468-0639027122,omid:br/06504498468,omid:br/0639027122
oci:061703960500-06150713117,omid:br/061703960500,omid:br/06150713117
oci:061703960500-06280233259,omid:br/061703960500,omid:br/06280233259
oci:06604482558-0650482416,omid:br/06604482558,omid:br/0650482416
oci:06604482558-061604094751,omid:br/06604482558,omid:br/061604094751
oci:06604482558-0650207057,omid:br/06604482558,omid:br/0650207057
oci:06604482558-06260911245,omid:br/06604482558,omid:br/06260911245
oci:062104035388-06250274338,omid:br/062104035388,omid:br/06250274338
oci:062104035388-0636027406,omid:br/062104035388,omid:br/0636027406
oci:062104035388-06250274344,omid:br/062104035388,omid:br/06250274344
oci:062104035388-06250274264,omid:br/062104035388,omid:br/06250274264
oci:062104035388-0630359240,omid:br/062104035388,omid:br/0630359240
oci:062104035388-0638026938,omid:br/062104035388,omid:br/0638026938
oci:062104035388-0638026937,omid:br/062104035388,omid:br/0638026937
oci:062304047942-061601167063,omid:br/062304047942,omid:br/061601167063
oci:062304047942-06250274237,omid:br/062304047942,omid:br/06250274237
oci:062304047942-0670843894,omid:br/062304047942,omid:br/0670843894
oci:06530217486-06501177415,omid:br/06530217486,omid:br/06501177415
oci:06530217486-0604832348,omid:br/06530217486,omid:br/0604832348
oci:06530217486-061702053768,omid:br/06530217486,omid:br/061702053768
oci:06704461940-0642027957,omid:br/06704461940,omid:br/0642027957
oci:06704461940-0670843689,omid:br/06704461940,omid:br/0670843689
oci:06604482119-061403291821,omid:br/06604482119,omid:br/061403291821
oci:06604482119-0650208637,omid:br/06604482119,omid:br/0650208637
oci:06604482119-06603168659,omid:br/06604482119,omid:br/06603168659
oci:06904088769-06450179856,omid:br/06904088769,omid:br/06450179856
oci:0604347627-06210364182,omid:br/0604347627,omid:br/06210364182
oci:06404498758-06180264806,omid:br/06404498758,omid:br/06180264806
oci:06404498758-06210364036,omid:br/06404498758,omid:br/06210364036
oci:0604665772-06120205594,omid:br/0604665772,omid:br/06120205594
oci:062104035872-062601179383,omid:br/062104035872,omid:br/062601179383
oci:062104035872-06304478566,omid:br/062104035872,omid:br/06304478566
oci:062104035872-06280229238,omid:br/062104035872,omid:br/06280229238
oci:062104035872-061701165097,omid:br/062104035872,omid:br/061701165097
oci:062104035872-061202430534,omid:br/062104035872,omid:br/061202430534
oci:061403947109-061501249221,omid:br/061403947109,omid:br/061501249221
oci:061403947109-0641027495,omid:br/061403947109,omid:br/0641027495
oci:061403947109-0680848130,omid:br/061403947109,omid:br/0680848130
oci:061403947109-061701754517,omid:br/061403947109,omid:br/061701754517
oci:061403947109-0646027103,omid:br/061403947109,omid:br/0646027103
oci:061403947109-06802611784,omid:br/061403947109,omid:br/06802611784
oci:062204044386-062304048327,omid:br/062204044386,omid:br/062304048327
oci:062204044386-06401033815,omid:br/062204044386,omid:br/06401033815
oci:062204044386-06401033823,omid:br/062204044386,omid:br/06401033823
oci:062204044386-061303776336,omid:br/062204044386,omid:br/061303776336
oci:0604067003-061701165168,omid:br/0604067003,omid:br/061701165168
oci:06404498842-06203920271,omid:br/06404498842,omid:br/06203920271
oci:061503946343-06901260581,omid:br/061503946343,omid:br/06901260581
oci:061503946343-06601337053,omid:br/061503946343,omid:br/06601337053
oci:061503946343-0644026649,omid:br/061503946343,omid:br/0644026649
oci:061503946343-0641027494,omid:br/061503946343,omid:br/0641027494
oci:061503946343-061203063520,omid:br/061503946343,omid:br/061203063520
oci:061503946343-062103707819,omid:br/061503946343,omid:br/062103707819
oci:061503946343-0670843879,omid:br/061503946343,omid:br/0670843879
oci:061503946343-061902417504,omid:br/061503946343,omid:br/061902417504
oci:061503946343-061902417371,omid:br/061503946343,omid:br/061902417371
oci:061804035081-06401033531,omid:br/061804035081,omid:br/06401033531
oci:061804035081-0645048627,omid:br/061804035081,omid:br/0645048627
oci:06104490397-061901001672,omid:br/06104490397,omid:br/061901001672
oci:06104490397-062202015160,omid:br/06104490397,omid:br/062202015160
oci:062604071173-06702593258,omid:br/062604071173,omid:br/06702593258
oci:0604065946-061403947422,omid:br/0604065946,omid:br/061403947422
oci:06704462015-063071402,omid:br/06704462015,omid:br/063071402
oci:06704462015-0670843663,omid:br/06704462015,omid:br/0670843663
oci:06704462015-0660847547,omid:br/06704462015,omid:br/0660847547
oci:06704462015-0636027217,omid:br/06704462015,omid:br/0636027217
oci:06704462015-0680848045,omid:br/06704462015,omid:br/0680848045
oci:06704462015-061901167580,omid:br/06704462015,omid:br/061901167580
oci:06704462015-0630849731,omid:br/06704462015,omid:br/0630849731
oci:06104490287-0642028147,omid:br/06104490287,omid:br/0642028147
oci:06104490287-0642028261,omid:br/06104490287,omid:br/0642028261
oci:06104490287-0642027660,omid:br/06104490287,omid:br/0642027660
oci:06104490287-0642028124,omid:br/06104490287,omid:br/0642028124
oci:06104490287-0641027601,omid:br/06104490287,omid:br/0641027601
oci:06104490287-0642027631,omid:br/06104490287,omid:br/0642027631
oci:06104490287-0641027706,omid:br/06104490287,omid:br/0641027706
oci:06104490287-0645026235,omid:br/06104490287,omid:br/0645026235
oci:06104490326-06803514474,omid:br/06104490326,omid:br/06803514474
oci:06104490326-0651025522,omid:br/06104490326,omid:br/0651025522
oci:062104035416-062403749510,omid:br/062104035416,omid:br/062403749510
oci:062104035416-062601226897,omid:br/062104035416,omid:br/062601226897
oci:062104035416-061402388760,omid:br/062104035416,omid:br/061402388760
oci:0604226449-061201241373,omid:br/0604226449,omid:br/061201241373
oci:0604226449-0643027054,omid:br/0604226449,omid:br/0643027054
oci:0604226449-062501503076,omid:br/0604226449,omid:br/062501503076
oci:06304479147-06390332429,omid:br/06304479147,omid:br/06390332429
oci:061503946969-0650554917,omid:br/061503946969,omid:br/0650554917
oci:06204485925-06604482299,omid:br/06204485925,omid:br/06604482299
oci:06204485925-062104035363,omid:br/06204485925,omid:br/062104035363
oci:06204485925-061303936466,omid:br/06204485925,omid:br/061303936466
oci:06204485925-06230969828,omid:br/06204485925,omid:br/06230969828
oci:06204485925-061902417523,omid:br/06204485925,omid:br/061902417523
oci:06204485925-0670843663,omid:br/06204485925,omid:br/0670843663
oci:06204485925-061902417524,omid:br/06204485925,omid:br/061902417524
oci:06204485925-061902417371,omid:br/06204485925,omid:br/061902417371
oci:06204485925-06130205716,omid:br/06204485925,omid:br/06130205716
oci:06204485925-0643027243,omid:br/06204485925,omid:br/0643027243
oci:06303999206-06150404479,omid:br/06303999206,omid:br/06150404479
oci:06303999206-06403988836,omid:br/06303999206,omid:br/06403988836
oci:06303999206-061902440720,omid:br/06303999206,omid:br/061902440720
oci:06303999206-06802611586,omid:br/06303999206,omid:br/06802611586
oci:061503946546-06250363829,omid:br/061503946546,omid:br/06250363829
oci:061503946546-06250364439,omid:br/061503946546,omid:br/06250364439
oci:061503946546-062401776068,omid:br/061503946546,omid:br/062401776068
oci:061503946546-06210364389,omid:br/061503946546,omid:br/06210364389
oci:062304047844-0604832330,omid:br/062304047844,omid:br/0604832330
oci:061104088375-0604832323,omid:br/061104088375,omid:br/0604832323
oci:061104088375-0604832324,omid:br/061104088375,omid:br/0604832324
oci:062304047651-06104490359,omid:br/062304047651,omid:br/06104490359
oci:062304047651-06210364039,omid:br/062304047651,omid:br/06210364039
oci:062304047651-06250364547,omid:br/062304047651,omid:br/06250364547
oci:062304047651-06250363999,omid:br/062304047651,omid:br/06250363999
oci:06404498835-0636028097,omid:br/06404498835,omid:br/0636028097
oci:061603953482-06140814897,omid:br/061603953482,omid:br/06140814897
oci:061603953482-06130845827,omid:br/061603953482,omid:br/06130845827
oci:061603953482-061503298738,omid:br/061603953482,omid:br/061503298738
oci:062304048133-06604056540,omid:br/062304048133,omid:br/06604056540
oci:062304048133-061201241028,omid:br/062304048133,omid:br/061201241028
oci:062304048133-06604055856,omid:br/062304048133,omid:br/06604055856
oci:062304048133-0690806671,omid:br/062304048133,omid:br/0690806671
oci:062304048133-0631051960,omid:br/062304048133,omid:br/0631051960
oci:062304048133-061703067931,omid:br/062304048133,omid:br/061703067931
oci:06404498642-061802194150,omid:br/06404498642,omid:br/061802194150
oci:06404498642-0604832491,omid:br/06404498642,omid:br/0604832491
oci:06404498642-062304123182,omid:br/06404498642,omid:br/062304123182
oci:06280229487-0670843689,omid:br/06280229487,omid:br/0670843689
oci:06280229487-06150205929,omid:br/06280229487,omid:br/06150205929
oci:06280229487-06802852405,omid:br/06280229487,omid:br/06802852405
oci:06280229487-06130205716,omid:br/06280229487,omid:br/06130205716
oci:06280229487-0642027957,omid:br/06280229487,omid:br/0642027957
oci:06530217129-061401232793,omid:br/06530217129,omid:br/061401232793
oci:06530217129-061101793989,omid:br/06530217129,omid:br/061101793989
oci:06530217129-06402489087,omid:br/06530217129,omid:br/06402489087
oci:06530217129-06210354373,omid:br/06530217129,omid:br/06210354373
oci:062104035452-0635027040,omid:br/062104035452,omid:br/0635027040
oci:062104035452-0646026596,omid:br/062104035452,omid:br/0646026596
oci:062604071317-06704013841,omid:br/062604071317,omid:br/06704013841
oci:062604071317-06130205281,omid:br/062604071317,omid:br/06130205281
oci:062604071317-06304567264,omid:br/062604071317,omid:br/06304567264
oci:062604071317-06401117059,omid:br/062604071317,omid:br/06401117059
oci:062604071317-06204259265,omid:br/062604071317,omid:br/06204259265
oci:06703973767-0647025223,omid:br/06703973767,omid:br/0647025223
oci:06703973767-0620868763,omid:br/06703973767,omid:br/0620868763
oci:061303936820-06130741812,omid:br/061303936820,omid:br/06130741812
oci:061303936820-062401771888,omid:br/061303936820,omid:br/062401771888
oci:061303936820-0680873064,omid:br/061303936820,omid:br/0680873064
oci:06704461698-061203954640,omid:br/06704461698,omid:br/061203954640
oci:06704461698-061403291821,omid:br/06704461698,omid:br/061403291821
oci:062604071308-06270235752,omid:br/062604071308,omid:br/06270235752
oci:062504059465-06301030923,omid:br/062504059465,omid:br/06301030923
oci:061804035204-06230215200,omid:br/061804035204,omid:br/06230215200
oci:061804035204-0635026929,omid:br/061804035204,omid:br/0635026929
oci:061804035204-061203614494,omid:br/061804035204,omid:br/061203614494
oci:061804035204-0670843663,omid:br/061804035204,omid:br/0670843663
oci:061303936495-06110793446,omid:br/061303936495,omid:br/06110793446
oci:061303936495-062203041957,omid:br/061303936495,omid:br/062203041957
oci:061303936495-062401136268,omid:br/061303936495,omid:br/062401136268
oci:061303936495-062304048194,omid:br/061303936495,omid:br/062304048194
oci:061303936495-06304479279,omid:br/061303936495,omid:br/06304479279
oci:061303936495-06150468375,omid:br/061303936495,omid:br/06150468375
oci:061303936495-0649026167,omid:br/061303936495,omid:br/0649026167
oci:061303936495-0604505421,omid:br/061303936495,omid:br/0604505421
oci:061303936495-0644026767,omid:br/061303936495,omid:br/0644026767
oci:061303936495-0604505422,omid:br/061303936495,omid:br/0604505422
oci:062304048031-0646026550,omid:br/062304048031,omid:br/0646026550
oci:062204044405-06401033869,omid:br/062204044405,omid:br/06401033869
oci:062204044405-0620906603,omid:br/062204044405,omid:br/0620906603
oci:061703960449-06804487156,omid:br/061703960449,omid:br/06804487156
oci:061703960449-061203955085,omid:br/061703960449,omid:br/061203955085
oci:061703960449-0641027619,omid:br/061703960449,omid:br/0641027619
oci:061703960449-061203955031,omid:br/061703960449,omid:br/061203955031
oci:061703960449-06401174083,omid:br/061703960449,omid:br/06401174083
oci:061703960449-062404061124,omid:br/061703960449,omid:br/062404061124
oci:061703960449-062504059755,omid:br/061703960449,omid:br/062504059755
oci:061703960449-0650885667,omid:br/061703960449,omid:br/0650885667
oci:062104035952-06130786546,omid:br/062104035952,omid:br/06130786546
oci:062104035952-062303045810,omid:br/062104035952,omid:br/062303045810
oci:062104035952-06420319285,omid:br/062104035952,omid:br/06420319285
oci:062104035952-062202212663,omid:br/062104035952,omid:br/062202212663
oci:06904088804-062104035803,omid:br/06904088804,omid:br/062104035803
oci:06704461725-061203635987,omid:br/06704461725,omid:br/061203635987
oci:06704461725-0643027310,omid:br/06704461725,omid:br/0643027310
oci:062204044291-062503635741,omid:br/062204044291,omid:br/062503635741
oci:062204044291-06130205716,omid:br/062204044291,omid:br/06130205716
oci:062204044291-0635026847,omid:br/062204044291,omid:br/0635026847
oci:061303936816-06901175516,omid:br/061303936816,omid:br/06901175516
oci:061303936816-06603520748,omid:br/061303936816,omid:br/06603520748
oci:061303936816-0641027950,omid:br/061303936816,omid:br/0641027950
oci:061303936816-06130527402,omid:br/061303936816,omid:br/06130527402
oci:061303936816-06103727202,omid:br/061303936816,omid:br/06103727202
oci:061303936816-062103050557,omid:br/061303936816,omid:br/062103050557
oci:062304047866-06604055868,omid:br/062304047866,omid:br/06604055868
oci:062304047866-06702593563,omid:br/062304047866,omid:br/06702593563
oci:062304047937-0641027498,omid:br/062304047937,omid:br/0641027498
oci:062304047937-061301158821,omid:br/062304047937,omid:br/061301158821
oci:062304047937-061102726389,omid:br/062304047937,omid:br/061102726389
oci:062304047937-061303604038,omid:br/062304047937,omid:br/061303604038
oci:062304047937-06190324224,omid:br/062304047937,omid:br/06190324224
oci:062304047937-06204178159,omid:br/062304047937,omid:br/06204178159
oci:062304047937-06140900987,omid:br/062304047937,omid:br/06140900987
oci:062304047937-062601133258,omid:br/062304047937,omid:br/062601133258
oci:06604481948-0650851614,omid:br/06604481948,omid:br/0650851614
oci:06604481948-0638026224,omid:br/06604481948,omid:br/0638026224
oci:06604481948-0680848291,omid:br/06604481948,omid:br/0680848291
oci:06604481948-06401033903,omid:br/06604481948,omid:br/06401033903
oci:06604481948-0630802576,omid:br/06604481948,omid:br/0630802576
oci:062104035413-06520214153,omid:br/062104035413,omid:br/06520214153
oci:062104035413-061203954679,omid:br/062104035413,omid:br/061203954679
oci:062104035413-0640212505,omid:br/062104035413,omid:br/0640212505
oci:06704461616-06110807681,omid:br/06704461616,omid:br/06110807681
oci:06704461616-061101094472,omid:br/06704461616,omid:br/061101094472
oci:06704461616-06530124938,omid:br/06704461616,omid:br/06530124938
oci:06704461616-061101094677,omid:br/06704461616,omid:br/061101094677
oci:06704461616-061101094629,omid:br/06704461616,omid:br/061101094629
oci:061403947128-06230969828,omid:br/061403947128,omid:br/06230969828
oci:061403947128-0642027957,omid:br/061403947128,omid:br/0642027957
oci:061403947128-0636027450,omid:br/061403947128,omid:br/0636027450
oci:06304479141-062602071657,omid:br/06304479141,omid:br/062602071657
oci:06520214584-061701165177,omid:br/06520214584,omid:br/061701165177
oci:06520214584-0670890646,omid:br/06520214584,omid:br/0670890646
oci:06520214584-062103707617,omid:br/06520214584,omid:br/062103707617
oci:06520214584-06150206784,omid:br/06520214584,omid:br/06150206784
oci:06520214584-0643027005,omid:br/06520214584,omid:br/0643027005
oci:061503946509-06804477572,omid:br/061503946509,omid:br/06804477572
oci:06604482309-0643027412,omid:br/06604482309,omid:br/0643027412
oci:06604482309-0604544050,omid:br/06604482309,omid:br/0604544050
oci:06604482309-0640799151,omid:br/06604482309,omid:br/0640799151
oci:06604482309-0642028296,omid:br/06604482309,omid:br/0642028296
oci:06604482309-06803484980,omid:br/06604482309,omid:br/06803484980
oci:06704462126-06702593144,omid:br/06704462126,omid:br/06702593144
oci:06904088814-06280228742,omid:br/06904088814,omid:br/06280228742
oci:06904088814-0643051280,omid:br/06904088814,omid:br/0643051280
oci:06904088814-0644049781,omid:br/06904088814,omid:br/0644049781
oci:062204044492-0670843895,omid:br/062204044492,omid:br/0670843895
oci:062204044492-061303703678,omid:br/062204044492,omid:br/061303703678
oci:06104490583-06520205365,omid:br/06104490583,omid:br/06520205365
oci:062104035883-06130859970,omid:br/062104035883,omid:br/06130859970
oci:062104035883-062102430862,omid:br/062104035883,omid:br/062102430862
oci:061804035039-06203503310,omid:br/061804035039,omid:br/06203503310
oci:061804035039-061802873516,omid:br/061804035039,omid:br/061802873516
oci:061804035039-061403291821,omid:br/061804035039,omid:br/061403291821
oci:061804035039-06603168659,omid:br/061804035039,omid:br/06603168659
oci:061804035039-061503771580,omid:br/061804035039,omid:br/061503771580
oci:062604071409-06702116351,omid:br/062604071409,omid:br/06702116351
oci:061503946581-061602861819,omid:br/061503946581,omid:br/061602861819
oci:062304048438-061901250434,omid:br/062304048438,omid:br/061901250434
oci:062304048438-06130928194,omid:br/062304048438,omid:br/06130928194
oci:062304048438-0680848029,omid:br/062304048438,omid:br/0680848029
oci:062304048438-06602473864,omid:br/062304048438,omid:br/06602473864
oci:062304048438-06901892607,omid:br/062304048438,omid:br/06901892607
oci:062604071452-06380277234,omid:br/062604071452,omid:br/06380277234
oci:062604071452-06904178129,omid:br/062604071452,omid:br/06904178129
oci:062604071452-06604470792,omid:br/062604071452,omid:br/06604470792
oci:061403947141-06401174083,omid:br/061403947141,omid:br/06401174083
oci:061403947141-061501248894,omid:br/061403947141,omid:br/061501248894
oci:061403947141-0642027957,omid:br/061403947141,omid:br/0642027957
oci:061403947141-061902417525,omid:br/061403947141,omid:br/061902417525
oci:061403947141-061902417371,omid:br/061403947141,omid:br/061902417371
oci:062104035885-0604832464,omid:br/062104035885,omid:br/0604832464
oci:062104035885-0604832465,omid:br/062104035885,omid:br/0604832465
oci:062104035885-0604832466,omid:br/062104035885,omid:br/0604832466
oci:062104035885-06802611445,omid:br/062104035885,omid:br/06802611445
oci:062104035885-062604076673,omid:br/062104035885,omid:br/062604076673
oci:06520214602-0640848844,omid:br/06520214602,omid:br/0640848844
oci:06520214602-0636027406,omid:br/06520214602,omid:br/0636027406
oci:06520214602-062403880832,omid:br/06520214602,omid:br/062403880832
oci:06520214602-062303121690,omid:br/06520214602,omid:br/062303121690
oci:06204486265-06804487156,omid:br/06204486265,omid:br/06804487156
oci:06204486265-0670843689,omid:br/06204486265,omid:br/0670843689
oci:062403566520-061301158819,omid:br/062403566520,omid:br/061301158819
oci:062403566520-06901175636,omid:br/062403566520,omid:br/06901175636
oci:062403566520-062401136680,omid:br/062403566520,omid:br/062401136680
oci:062403566520-061203792066,omid:br/062403566520,omid:br/061203792066
oci:062403566520-0660848084,omid:br/062403566520,omid:br/0660848084
oci:062403566520-0647025291,omid:br/062403566520,omid:br/0647025291
oci:0604495749-0636027450,omid:br/0604495749,omid:br/0636027450
oci:0604495749-0637028981,omid:br/0604495749,omid:br/0637028981
oci:0604495749-0635026758,omid:br/0604495749,omid:br/0635026758
oci:06304478537-0643027310,omid:br/06304478537,omid:br/0643027310
oci:06304478537-0638026224,omid:br/06304478537,omid:br/0638026224
oci:061403576693-061701165084,omid:br/061403576693,omid:br/061701165084
oci:06270230925-0643027357,omid:br/06270230925,omid:br/0643027357
oci:06704461963-06904089400,omid:br/06704461963,omid:br/06904089400
oci:06704461963-0604337214,omid:br/06704461963,omid:br/0604337214
oci:06704461963-061203614494,omid:br/06704461963,omid:br/061203614494
oci:06704461963-06701133315,omid:br/06704461963,omid:br/06701133315
oci:06704461963-0641027859,omid:br/06704461963,omid:br/0641027859
oci:06530217057-06304478794,omid:br/06530217057,omid:br/06304478794
oci:06530217057-06530217304,omid:br/06530217057,omid:br/06530217304
oci:06530217057-0604832406,omid:br/06530217057,omid:br/0604832406
oci:06530217057-06804487156,omid:br/06530217057,omid:br/06804487156
oci:06530217057-062304048250,omid:br/06530217057,omid:br/062304048250
oci:06530217057-0604832382,omid:br/06530217057,omid:br/0604832382
oci:06530217057-06530206091,omid:br/06530217057,omid:br/06530206091
oci:06530217057-061601002622,omid:br/06530217057,omid:br/061601002622
oci:06530217057-06802611824,omid:br/06530217057,omid:br/06802611824
oci:062303928273-06802611505,omid:br/062303928273,omid:br/06802611505
oci:062303928273-06802612016,omid:br/062303928273,omid:br/06802612016
oci:062303928273-06802611935,omid:br/062303928273,omid:br/06802611935
oci:061804035639-062203603706,omid:br/061804035639,omid:br/062203603706
oci:061804035639-061201199739,omid:br/061804035639,omid:br/061201199739
oci:06504498465-06270230357,omid:br/06504498465,omid:br/06270230357
oci:06504498465-06520214108,omid:br/06504498465,omid:br/06520214108
oci:06504498465-0650207090,omid:br/06504498465,omid:br/0650207090
oci:06504498465-0690215447,omid:br/06504498465,omid:br/0690215447
oci:06504498465-06120204115,omid:br/06504498465,omid:br/06120204115
oci:06504498465-062201102647,omid:br/06504498465,omid:br/062201102647
oci:06504498465-062102216616,omid:br/06504498465,omid:br/062102216616
oci:0604495727-0647024959,omid:br/0604495727,omid:br/0647024959
oci:0604495727-06130205854,omid:br/0604495727,omid:br/06130205854
oci:0604495727-06110475223,omid:br/0604495727,omid:br/06110475223
oci:0604495727-061902417525,omid:br/0604495727,omid:br/061902417525
oci:062604071334-061201154319,omid:br/062604071334,omid:br/061201154319
oci:062604071334-06140205142,omid:br/062604071334,omid:br/06140205142
oci:062604071334-0636027855,omid:br/062604071334,omid:br/0636027855
oci:06520214640-061501249221,omid:br/06520214640,omid:br/061501249221
oci:06520214640-062103708078,omid:br/06520214640,omid:br/062103708078
oci:06520214640-06203920444,omid:br/06520214640,omid:br/06203920444
oci:06520214640-0680848130,omid:br/06520214640,omid:br/0680848130
oci:06520214640-0640848305,omid:br/06520214640,omid:br/0640848305
oci:06520214640-0680847733,omid:br/06520214640,omid:br/0680847733
oci:06520214640-0630849787,omid:br/06520214640,omid:br/0630849787
oci:06520214640-0630849899,omid:br/06520214640,omid:br/0630849899
oci:06520214640-061503027158,omid:br/06520214640,omid:br/061503027158
oci:06520214640-0660847570,omid:br/06520214640,omid:br/0660847570
oci:06520214640-0660847520,omid:br/06520214640,omid:br/0660847520
oci:0604080383-0644027316,omid:br/0604080383,omid:br/0644027316
oci:0604080383-0650898909,omid:br/0604080383,omid:br/0650898909
oci:0604080383-061101252438,omid:br/0604080383,omid:br/061101252438
oci:0604080383-06303730408,omid:br/0604080383,omid:br/06303730408
oci:0604080383-0630849787,omid:br/0604080383,omid:br/0630849787
oci:0604080383-0650851251,omid:br/0604080383,omid:br/0650851251
oci:0604080383-0637028570,omid:br/0604080383,omid:br/0637028570
oci:0604080383-06802612085,omid:br/0604080383,omid:br/06802612085
oci:06903598179-061503947124,omid:br/06903598179,omid:br/061503947124
oci:06903598179-06901260451,omid:br/06903598179,omid:br/06901260451
oci:06903598179-0604832345,omid:br/06903598179,omid:br/0604832345
oci:062304048098-0641027950,omid:br/062304048098,omid:br/0641027950
oci:0604665739-061104088330,omid:br/0604665739,omid:br/061104088330
oci:0604665739-06104196838,omid:br/0604665739,omid:br/06104196838
oci:0604347652-0604832373,omid:br/0604347652,omid:br/0604832373
oci:06704462139-06201082569,omid:br/06704462139,omid:br/06201082569
oci:062304048453-061702053825,omid:br/062304048453,omid:br/061702053825
oci:062304048453-062504062490,omid:br/062304048453,omid:br/062504062490
oci:062304048462-062203665081,omid:br/062304048462,omid:br/062203665081
oci:062304048462-06704013613,omid:br/062304048462,omid:br/06704013613
oci:062304048462-0650851200,omid:br/062304048462,omid:br/0650851200
oci:062304048462-061303603832,omid:br/062304048462,omid:br/061303603832
oci:062304048462-0630850003,omid:br/062304048462,omid:br/0630850003
oci:062304048462-0670890296,omid:br/062304048462,omid:br/0670890296
oci:062304048462-06150206089,omid:br/062304048462,omid:br/06150206089
oci:062304048462-0640848114,omid:br/062304048462,omid:br/0640848114
oci:062304048019-06401174083,omid:br/062304048019,omid:br/06401174083
oci:062304048019-062301157586,omid:br/062304048019,omid:br/062301157586
oci:062304048019-06804487156,omid:br/062304048019,omid:br/06804487156
oci:062304048019-06804487134,omid:br/062304048019,omid:br/06804487134
oci:062304048019-06901175348,omid:br/062304048019,omid:br/06901175348
oci:062304048019-061202430534,omid:br/062304048019,omid:br/061202430534
oci:062304048019-0642027957,omid:br/062304048019,omid:br/0642027957
oci:062304048019-06103183832,omid:br/062304048019,omid:br/06103183832
oci:062304048019-061203791343,omid:br/062304048019,omid:br/061203791343
oci:062304048019-061203791788,omid:br/062304048019,omid:br/061203791788
oci:062304048019-0690478612,omid:br/062304048019,omid:br/0690478612
oci:062304048019-06701494396,omid:br/062304048019,omid:br/06701494396
oci:061703960544-06601233081,omid:br/061703960544,omid:br/06601233081
oci:061703960544-0642028296,omid:br/061703960544,omid:br/0642028296
oci:061703960544-0660882769,omid:br/061703960544,omid:br/0660882769
oci:061703960544-061203063417,omid:br/061703960544,omid:br/061203063417
oci:061703960544-0648026653,omid:br/061703960544,omid:br/0648026653
oci:061703960544-0642028054,omid:br/061703960544,omid:br/0642028054
oci:0604065874-061303936703,omid:br/0604065874,omid:br/061303936703
oci:0604065874-061303936683,omid:br/0604065874,omid:br/061303936683
oci:0604065874-0604529369,omid:br/0604065874,omid:br/0604529369
oci:0604065874-062404060157,omid:br/0604065874,omid:br/062404060157
oci:0604065874-06270235651,omid:br/0604065874,omid:br/06270235651
oci:0604065874-061303776336,omid:br/0604065874,omid:br/061303776336
oci:06704462041-062201693855,omid:br/06704462041,omid:br/062201693855
oci:06304478498-0604226434,omid:br/06304478498,omid:br/0604226434
oci:06304478498-062504059361,omid:br/06304478498,omid:br/062504059361
oci:06304478498-06104197224,omid:br/06304478498,omid:br/06104197224
oci:06304478498-0645048627,omid:br/06304478498,omid:br/0645048627
oci:06304478498-0643027244,omid:br/06304478498,omid:br/0643027244
oci:06304478498-061702053729,omid:br/06304478498,omid:br/061702053729
oci:06304478498-0636027510,omid:br/06304478498,omid:br/0636027510
oci:0604665746-061902042399,omid:br/0604665746,omid:br/061902042399
oci:062204044325-06401033872,omid:br/062204044325,omid:br/06401033872
oci:062204044325-06401174083,omid:br/062204044325,omid:br/06401174083
oci:062204044325-06201171842,omid:br/062204044325,omid:br/06201171842
oci:062204044325-0642027957,omid:br/062204044325,omid:br/0642027957
oci:062204044325-0670843689,omid:br/062204044325,omid:br/0670843689
oci:062204044325-061301252493,omid:br/062204044325,omid:br/061301252493
oci:062204044325-06120205715,omid:br/062204044325,omid:br/06120205715
oci:062204044325-0636027450,omid:br/062204044325,omid:br/0636027450
oci:062204044325-061104133142,omid:br/062204044325,omid:br/061104133142
oci:062204044325-06130205716,omid:br/062204044325,omid:br/06130205716
oci:062204044325-061303603544,omid:br/062204044325,omid:br/061303603544
oci:06270230866-06604056157,omid:br/06270230866,omid:br/06604056157
oci:06270230866-0670796149,omid:br/06270230866,omid:br/0670796149
oci:06270230866-06802612275,omid:br/06270230866,omid:br/06802612275
oci:06520214603-061902417368,omid:br/06520214603,omid:br/061902417368
oci:06520214603-0645026237,omid:br/06520214603,omid:br/0645026237
oci:06520214603-0680848291,omid:br/06520214603,omid:br/0680848291
oci:06280229203-0640191855,omid:br/06280229203,omid:br/0640191855
oci:06804487387-061201155096,omid:br/06804487387,omid:br/061201155096
oci:06804487387-062103707507,omid:br/06804487387,omid:br/062103707507
oci:06804487387-0670843287,omid:br/06804487387,omid:br/0670843287
oci:06804486899-061301242848,omid:br/06804486899,omid:br/061301242848
oci:06804486899-06210364038,omid:br/06804486899,omid:br/06210364038
oci:06804486899-06210364150,omid:br/06804486899,omid:br/06210364150
oci:06704461951-06130194046,omid:br/06704461951,omid:br/06130194046
oci:06704461951-0642027957,omid:br/06704461951,omid:br/0642027957
oci:06704461951-061902417525,omid:br/06704461951,omid:br/061902417525
oci:06704461951-06120205152,omid:br/06704461951,omid:br/06120205152
oci:06604481957-061101165195,omid:br/06604481957,omid:br/061101165195
oci:06604481957-061203063242,omid:br/06604481957,omid:br/061203063242
oci:0604495732-06802611315,omid:br/0604495732,omid:br/06802611315
oci:0604495732-06304556866,omid:br/0604495732,omid:br/06304556866
oci:06704461550-0660894389,omid:br/06704461550,omid:br/0660894389
oci:06704461550-0610857110,omid:br/06704461550,omid:br/0610857110
oci:06704461550-061801240673,omid:br/06704461550,omid:br/061801240673
oci:06704461550-0640848305,omid:br/06704461550,omid:br/0640848305
oci:061503946470-0650757690,omid:br/061503946470,omid:br/0650757690
oci:061403947458-0604358452,omid:br/061403947458,omid:br/0604358452
oci:061403947458-0680848093,omid:br/061403947458,omid:br/0680848093
oci:061403947458-0604192443,omid:br/061403947458,omid:br/0604192443
oci:061804035075-06210364295,omid:br/061804035075,omid:br/06210364295
oci:0604416649-06702593566,omid:br/0604416649,omid:br/06702593566
oci:0604416649-06704115948,omid:br/0604416649,omid:br/06704115948
oci:0604416649-061103733765,omid:br/0604416649,omid:br/061103733765
oci:0604416649-06210427111,omid:br/0604416649,omid:br/06210427111
oci:062604071170-06480252247,omid:br/062604071170,omid:br/06480252247
oci:062604071170-0604832369,omid:br/062604071170,omid:br/0604832369
oci:062604071170-0604832370,omid:br/062604071170,omid:br/0604832370
oci:062604071170-06402622314,omid:br/062604071170,omid:br/06402622314
oci:061503946993-0604832443,omid:br/061503946993,omid:br/0604832443
oci:061503946993-06110214358,omid:br/061503946993,omid:br/06110214358
oci:061503946993-061501004145,omid:br/061503946993,omid:br/061501004145
oci:061503946993-06203169850,omid:br/061503946993,omid:br/06203169850
oci:061503946993-06130994084,omid:br/061503946993,omid:br/06130994084
oci:061503946993-061901000306,omid:br/061503946993,omid:br/061901000306
oci:061503946993-062602777555,omid:br/061503946993,omid:br/062602777555
oci:061503946993-06140992662,omid:br/061503946993,omid:br/06140992662
oci:061503946993-06230989585,omid:br/061503946993,omid:br/06230989585
oci:061503946993-06802852604,omid:br/061503946993,omid:br/06802852604
oci:061503946993-0642028054,omid:br/061503946993,omid:br/0642028054
oci:061503946390-061302229394,omid:br/061503946390,omid:br/061302229394
oci:06530217555-0637028267,omid:br/06530217555,omid:br/0637028267
oci:06404498822-0604832322,omid:br/06404498822,omid:br/0604832322
oci:0604708160-0660847619,omid:br/0604708160,omid:br/0660847619
oci:0604708160-062301697093,omid:br/0604708160,omid:br/062301697093
oci:06104490558-06250364540,omid:br/06104490558,omid:br/06250364540
oci:0604337180-06702486976,omid:br/0604337180,omid:br/06702486976
oci:0604337180-062603107741,omid:br/0604337180,omid:br/062603107741
oci:0604337180-06520205337,omid:br/0604337180,omid:br/06520205337
oci:061503946442-062201779978,omid:br/061503946442,omid:br/062201779978
oci:06104490375-06702593635,omid:br/06104490375,omid:br/06702593635
oci:06104490375-06702593670,omid:br/06104490375,omid:br/06702593670
oci:06104490375-06802611784,omid:br/06104490375,omid:br/06802611784
oci:0604337244-06530217304,omid:br/0604337244,omid:br/06530217304
oci:0604337244-062103653316,omid:br/0604337244,omid:br/062103653316
oci:0604337244-06130194046,omid:br/0604337244,omid:br/06130194046
oci:061103601398-06150797250,omid:br/061103601398,omid:br/06150797250
oci:061103601398-06401034340,omid:br/061103601398,omid:br/06401034340
oci:061103601398-06802611643,omid:br/061103601398,omid:br/06802611643
oci:061303936434-0604832434,omid:br/061303936434,omid:br/0604832434
oci:062604071311-0646026596,omid:br/062604071311,omid:br/0646026596
oci:06304479086-06802611536,omid:br/06304479086,omid:br/06802611536
oci:06304479086-06250364184,omid:br/06304479086,omid:br/06250364184
oci:061104088431-0650851089,omid:br/061104088431,omid:br/0650851089
oci:061104088431-0635026929,omid:br/061104088431,omid:br/0635026929
oci:061104088431-061201240926,omid:br/061104088431,omid:br/061201240926
oci:061703960646-061103322352,omid:br/061703960646,omid:br/061103322352
oci:061703960646-0644027059,omid:br/061703960646,omid:br/0644027059
oci:061703960646-062602901798,omid:br/061703960646,omid:br/062602901798
oci:06104490238-0640799151,omid:br/06104490238,omid:br/0640799151
oci:06104490238-061501249221,omid:br/06104490238,omid:br/061501249221
oci:06104490238-062103708078,omid:br/06104490238,omid:br/062103708078
oci:06104490238-061401562624,omid:br/06104490238,omid:br/061401562624
oci:06104490238-06470247266,omid:br/06104490238,omid:br/06470247266
oci:06104490238-06602149396,omid:br/06104490238,omid:br/06602149396
oci:06104490238-0680848130,omid:br/06104490238,omid:br/0680848130
oci:061303936862-0660894389,omid:br/061303936862,omid:br/0660894389
oci:061303936862-06401034018,omid:br/061303936862,omid:br/06401034018
oci:061303936862-06401034017,omid:br/061303936862,omid:br/06401034017
oci:061303936862-0630849899,omid:br/061303936862,omid:br/0630849899
oci:061303936862-062401180122,omid:br/061303936862,omid:br/062401180122
oci:061303936862-061901167390,omid:br/061303936862,omid:br/061901167390
oci:06530217488-0670843879,omid:br/06530217488,omid:br/0670843879
oci:06530217488-0636027450,omid:br/06530217488,omid:br/0636027450
oci:06530217488-061902417525,omid:br/06530217488,omid:br/061902417525
oci:06530217488-0643027243,omid:br/06530217488,omid:br/0643027243
oci:06530217488-061902417371,omid:br/06530217488,omid:br/061902417371
oci:06290222649-0604832415,omid:br/06290222649,omid:br/0604832415
oci:06290222649-06802611697,omid:br/06290222649,omid:br/06802611697
oci:06290222649-06801170350,omid:br/06290222649,omid:br/06801170350
oci:06290222649-06520205298,omid:br/06290222649,omid:br/06520205298
oci:06290222649-06802611354,omid:br/06290222649,omid:br/06802611354
oci:0604347569-06802611888,omid:br/0604347569,omid:br/06802611888
oci:0604347569-06802611626,omid:br/0604347569,omid:br/06802611626
oci:06504498792-06802611824,omid:br/06504498792,omid:br/06802611824
oci:062304048409-061902417887,omid:br/062304048409,omid:br/061902417887
oci:062304048409-0640848152,omid:br/062304048409,omid:br/0640848152
oci:062304048409-0630849638,omid:br/062304048409,omid:br/0630849638
oci:062304048409-0620846730,omid:br/062304048409,omid:br/0620846730
oci:062304048409-0630849787,omid:br/062304048409,omid:br/0630849787
oci:06704462125-06702593299,omid:br/06704462125,omid:br/06702593299
oci:06704461810-06802611567,omid:br/06704461810,omid:br/06802611567
oci:06704461810-06901261475,omid:br/06704461810,omid:br/06901261475
oci:06204486290-06802479058,omid:br/06204486290,omid:br/06802479058
oci:06204486290-0640545368,omid:br/06204486290,omid:br/0640545368
oci:06204486290-06230988367,omid:br/06204486290,omid:br/06230988367
oci:06204486290-06250989705,omid:br/06204486290,omid:br/06250989705
oci:062304048309-062504059730,omid:br/062304048309,omid:br/062504059730
oci:061703960163-06110214370,omid:br/061703960163,omid:br/06110214370
oci:06404498471-0634027018,omid:br/06404498471,omid:br/0634027018
oci:0604265407-0650804439,omid:br/0604265407,omid:br/0650804439
oci:061403947115-061102765403,omid:br/061403947115,omid:br/061102765403
oci:061403947115-06110214792,omid:br/061403947115,omid:br/06110214792
oci:0604665752-06803976512,omid:br/0604665752,omid:br/06803976512
oci:0604665752-065078973,omid:br/0604665752,omid:br/065078973
oci:0604665752-0623085564,omid:br/0604665752,omid:br/0623085564
oci:0604665752-061403472037,omid:br/0604665752,omid:br/061403472037
oci:0604665752-06160990832,omid:br/0604665752,omid:br/06160990832
oci:0604665752-0619083560,omid:br/0604665752,omid:br/0619083560
oci:0604665752-0618082337,omid:br/0604665752,omid:br/0618082337
oci:0604665752-061303474722,omid:br/0604665752,omid:br/061303474722
oci:06270230572-062503622832,omid:br/06270230572,omid:br/062503622832
oci:062604070993-061102726389,omid:br/062604070993,omid:br/061102726389
oci:062604070993-061202793981,omid:br/062604070993,omid:br/061202793981
oci:062604070993-062601133258,omid:br/062604070993,omid:br/062601133258
oci:062604070993-062601133002,omid:br/062604070993,omid:br/062601133002
oci:062604070993-06204139332,omid:br/062604070993,omid:br/06204139332
oci:061904043649-062502037515,omid:br/061904043649,omid:br/062502037515
oci:061904043649-06230350073,omid:br/061904043649,omid:br/06230350073
oci:061904043649-061103322445,omid:br/061904043649,omid:br/061103322445
oci:061503946577-06802611433,omid:br/061503946577,omid:br/06802611433
oci:061703960561-06280229372,omid:br/061703960561,omid:br/06280229372
oci:061703960561-06270230390,omid:br/061703960561,omid:br/06270230390
oci:061703960561-06904089400,omid:br/061703960561,omid:br/06904089400
oci:061703960561-0604832496,omid:br/061703960561,omid:br/0604832496
oci:061703960561-061203954710,omid:br/061703960561,omid:br/061203954710
oci:061703960561-061403947566,omid:br/061703960561,omid:br/061403947566
oci:061703960561-061603953065,omid:br/061703960561,omid:br/061603953065
oci:061703960561-06204564259,omid:br/061703960561,omid:br/06204564259
oci:061503946553-0604476725,omid:br/061503946553,omid:br/0604476725
oci:06904088789-0604679582,omid:br/06904088789,omid:br/0604679582
oci:06904088789-0650781699,omid:br/06904088789,omid:br/0650781699
oci:0604665727-06290222569,omid:br/0604665727,omid:br/06290222569
oci:061203955323-061403291821,omid:br/061203955323,omid:br/061403291821
oci:061203955323-0650851189,omid:br/061203955323,omid:br/0650851189
oci:061203955323-06404488025,omid:br/061203955323,omid:br/06404488025
oci:061203955323-06204477058,omid:br/061203955323,omid:br/06204477058
oci:061203955323-06110901121,omid:br/061203955323,omid:br/06110901121
oci:061904043663-062404060157,omid:br/061904043663,omid:br/062404060157
oci:061904043663-06404498269,omid:br/061904043663,omid:br/06404498269
oci:061904043663-0652025734,omid:br/061904043663,omid:br/0652025734
oci:061904043663-0604376307,omid:br/061904043663,omid:br/0604376307
oci:061904043663-0641027494,omid:br/061904043663,omid:br/0641027494
oci:0604226467-061403947547,omid:br/0604226467,omid:br/061403947547
oci:0604226467-06801170213,omid:br/0604226467,omid:br/06801170213
oci:0604226467-06801170350,omid:br/0604226467,omid:br/06801170350
oci:0604226467-06601337058,omid:br/0604226467,omid:br/06601337058
oci:0604226467-06401341551,omid:br/0604226467,omid:br/06401341551
oci:062604070915-0660894385,omid:br/062604070915,omid:br/0660894385
oci:062604070915-06702453858,omid:br/062604070915,omid:br/06702453858
oci:062604070915-062302863048,omid:br/062604070915,omid:br/062302863048
oci:062604070915-061102264308,omid:br/062604070915,omid:br/061102264308
oci:062604070915-062102856391,omid:br/062604070915,omid:br/062102856391
oci:062604070915-06802471476,omid:br/062604070915,omid:br/06802471476
oci:062604070915-06802633254,omid:br/062604070915,omid:br/06802633254
oci:061104088440-0670843879,omid:br/061104088440,omid:br/0670843879
oci:062203580348-06403730579,omid:br/062203580348,omid:br/06403730579
oci:062203580348-061301158819,omid:br/062203580348,omid:br/061301158819
oci:062203580348-06304475843,omid:br/062203580348,omid:br/06304475843
oci:062203580348-06901175636,omid:br/062203580348,omid:br/06901175636
oci:062203580348-062302041415,omid:br/062203580348,omid:br/062302041415
oci:062203580348-061101093027,omid:br/062203580348,omid:br/061101093027
oci:061403947147-061203957942,omid:br/061403947147,omid:br/061203957942
oci:061403947147-0670468034,omid:br/061403947147,omid:br/0670468034
oci:061403947147-06130194164,omid:br/061403947147,omid:br/06130194164
oci:061403947147-06230771138,omid:br/061403947147,omid:br/06230771138
oci:061403947147-061501200230,omid:br/061403947147,omid:br/061501200230
oci:0604708170-0631028403,omid:br/0604708170,omid:br/0631028403
oci:061403947450-061104088529,omid:br/061403947450,omid:br/061104088529
oci:061403947450-06120205715,omid:br/061403947450,omid:br/06120205715
oci:06704462159-06702593392,omid:br/06704462159,omid:br/06702593392
oci:0604416617-06403104180,omid:br/0604416617,omid:br/06403104180
oci:0604416617-06240172763,omid:br/0604416617,omid:br/06240172763
oci:06270230688-062302432104,omid:br/06270230688,omid:br/062302432104
oci:061503946494-0604391486,omid:br/061503946494,omid:br/0604391486
oci:0604337245-0646026572,omid:br/0604337245,omid:br/0646026572
oci:0604337245-0604832419,omid:br/0604337245,omid:br/0604832419
oci:0604708186-0640848305,omid:br/0604708186,omid:br/0640848305
oci:0604708186-0610856924,omid:br/0604708186,omid:br/0610856924
oci:0604347639-06802611536,omid:br/0604347639,omid:br/06802611536
oci:0604347639-0604832354,omid:br/0604347639,omid:br/0604832354
oci:06904088803-06120786197,omid:br/06904088803,omid:br/06120786197
oci:062204044381-061201154998,omid:br/062204044381,omid:br/061201154998
oci:062204044381-06503922508,omid:br/062204044381,omid:br/06503922508
oci:062204044381-061401564651,omid:br/062204044381,omid:br/061401564651
oci:062204044381-06180552898,omid:br/062204044381,omid:br/06180552898
oci:062204044381-06190954839,omid:br/062204044381,omid:br/06190954839
oci:062204044381-06401212822,omid:br/062204044381,omid:br/06401212822
oci:062204044381-06304608274,omid:br/062204044381,omid:br/06304608274
oci:06804486835-0670843677,omid:br/06804486835,omid:br/0670843677
oci:06804486835-061101165195,omid:br/06804486835,omid:br/061101165195
oci:06804486835-062403042789,omid:br/06804486835,omid:br/062403042789
oci:06804486835-062201693022,omid:br/06804486835,omid:br/062201693022
oci:06804486835-062302431708,omid:br/06804486835,omid:br/062302431708
oci:061303936458-062304048250,omid:br/061303936458,omid:br/062304048250
oci:061303936458-06530217304,omid:br/061303936458,omid:br/06530217304
oci:061303936458-06530206091,omid:br/061303936458,omid:br/06530206091
oci:061303936458-06802611824,omid:br/061303936458,omid:br/06802611824
oci:061503946381-06330323686,omid:br/061503946381,omid:br/06330323686
oci:061503946381-0639027218,omid:br/061503946381,omid:br/0639027218
oci:061503946381-062503684098,omid:br/061503946381,omid:br/062503684098
oci:0604602201-061503027158,omid:br/0604602201,omid:br/061503027158
oci:0604602201-0660847564,omid:br/0604602201,omid:br/0660847564
oci:0604602201-0660847570,omid:br/0604602201,omid:br/0660847570
oci:0604602201-0630849899,omid:br/0604602201,omid:br/0630849899
oci:0604602201-0640848220,omid:br/0604602201,omid:br/0640848220
oci:0604602201-0680847733,omid:br/0604602201,omid:br/0680847733
oci:0604602201-0630849787,omid:br/0604602201,omid:br/0630849787
oci:0604602201-0641027706,omid:br/0604602201,omid:br/0641027706
oci:061904043937-061501249174,omid:br/061904043937,omid:br/061501249174
oci:061904043937-061401232801,omid:br/061904043937,omid:br/061401232801
oci:061904043937-0643027357,omid:br/061904043937,omid:br/0643027357
oci:061904043937-061301243218,omid:br/061904043937,omid:br/061301243218
oci:061904043937-061201240883,omid:br/061904043937,omid:br/061201240883
oci:061904043937-061201240840,omid:br/061904043937,omid:br/061201240840
oci:061904043937-06104114333,omid:br/061904043937,omid:br/06104114333
oci:061904043937-06601156860,omid:br/061904043937,omid:br/06601156860
oci:061904043937-06230561693,omid:br/061904043937,omid:br/06230561693
oci:061904043937-061701209560,omid:br/061904043937,omid:br/061701209560
oci:061904043937-062202428395,omid:br/061904043937,omid:br/062202428395
oci:061203955266-061203486836,omid:br/061203955266,omid:br/061203486836
oci:061203955266-061302096771,omid:br/061203955266,omid:br/061302096771
oci:061203955266-061303478007,omid:br/061203955266,omid:br/061303478007
oci:062604070899-061101094472,omid:br/062604070899,omid:br/061101094472
oci:062604070899-06401034399,omid:br/062604070899,omid:br/06401034399
oci:062604070899-0680848093,omid:br/062604070899,omid:br/0680848093
oci:062604070899-062201562930,omid:br/062604070899,omid:br/062201562930
oci:0604665790-06304478607,omid:br/0604665790,omid:br/06304478607
oci:0604665790-062504058971,omid:br/0604665790,omid:br/062504058971
oci:0604665790-0604832406,omid:br/0604665790,omid:br/0604832406
oci:0604665790-0637028267,omid:br/0604665790,omid:br/0637028267
oci:061403947089-061601167063,omid:br/061403947089,omid:br/061601167063
oci:061403947089-0604832425,omid:br/061403947089,omid:br/0604832425
oci:0604347582-062201605827,omid:br/0604347582,omid:br/062201605827
oci:0604347582-06702593217,omid:br/0604347582,omid:br/06702593217
oci:062204044888-0680848130,omid:br/062204044888,omid:br/0680848130
oci:06520214624-06501176993,omid:br/06520214624,omid:br/06501176993
oci:06520214624-061201154610,omid:br/06520214624,omid:br/061201154610
oci:06520214624-06704115948,omid:br/06520214624,omid:br/06704115948
oci:06520214624-061103733765,omid:br/06520214624,omid:br/061103733765
oci:06520214624-061303577440,omid:br/06520214624,omid:br/061303577440
oci:06520214624-061201101427,omid:br/06520214624,omid:br/061201101427
oci:06520214624-061203615024,omid:br/06520214624,omid:br/061203615024
oci:06520214624-06180536468,omid:br/06520214624,omid:br/06180536468
oci:06520214624-06180535875,omid:br/06520214624,omid:br/06180535875
oci:06520214624-061601167836,omid:br/06520214624,omid:br/061601167836
oci:06520214624-061901250419,omid:br/06520214624,omid:br/061901250419
oci:06520214624-0650851778,omid:br/06520214624,omid:br/0650851778
oci:061503946419-06102519752,omid:br/061503946419,omid:br/06102519752
oci:061503946419-0660931744,omid:br/061503946419,omid:br/0660931744
oci:06204485881-061902417371,omid:br/06204485881,omid:br/061902417371
oci:06204485881-06130194046,omid:br/06204485881,omid:br/06130194046
oci:06204485881-0604832453,omid:br/06204485881,omid:br/0604832453
oci:06604482428-0642027957,omid:br/06604482428,omid:br/0642027957
oci:06604482428-061902417371,omid:br/06604482428,omid:br/061902417371
oci:06604482428-0643027243,omid:br/06604482428,omid:br/0643027243
oci:06604481845-061803666371,omid:br/06604481845,omid:br/061803666371
oci:06604481845-0604832435,omid:br/06604481845,omid:br/0604832435
oci:06803989499-06903665658,omid:br/06803989499,omid:br/06903665658
oci:06803989499-06402492756,omid:br/06803989499,omid:br/06402492756
oci:06803989499-06802220477,omid:br/06803989499,omid:br/06802220477
oci:06803989499-0604832397,omid:br/06803989499,omid:br/0604832397
oci:06803989499-06802611691,omid:br/06803989499,omid:br/06802611691
oci:0604066912-061403947749,omid:br/0604066912,omid:br/061403947749
oci:0604066912-06280228748,omid:br/0604066912,omid:br/06280228748
oci:0604066912-06290222587,omid:br/0604066912,omid:br/06290222587
oci:0604066912-06280228696,omid:br/0604066912,omid:br/06280228696
oci:0604066912-06104490965,omid:br/0604066912,omid:br/06104490965
oci:0604066912-06520214082,omid:br/0604066912,omid:br/06520214082
oci:0604066912-061104087976,omid:br/0604066912,omid:br/061104087976
oci:0604066912-0604376307,omid:br/0604066912,omid:br/0604376307
oci:0604066912-0604376299,omid:br/0604066912,omid:br/0604376299
oci:0604066912-0604544036,omid:br/0604066912,omid:br/0604544036
oci:0604066912-062304048225,omid:br/0604066912,omid:br/062304048225
oci:0604066912-061904043875,omid:br/0604066912,omid:br/061904043875
oci:0604066912-06280229282,omid:br/0604066912,omid:br/06280229282
oci:06520214423-061403947422,omid:br/06520214423,omid:br/061403947422
oci:06520214423-06530217267,omid:br/06520214423,omid:br/06530217267
oci:06520214423-06304478581,omid:br/06520214423,omid:br/06304478581
oci:0604347637-062101605372,omid:br/0604347637,omid:br/062101605372
oci:0604347637-06401089132,omid:br/0604347637,omid:br/06401089132
oci:062304048437-0660847638,omid:br/062304048437,omid:br/0660847638
oci:062304048437-061302097058,omid:br/062304048437,omid:br/061302097058
oci:062304048437-0680847634,omid:br/062304048437,omid:br/0680847634
oci:062304048437-0644027442,omid:br/062304048437,omid:br/0644027442
oci:062304048437-06250364041,omid:br/062304048437,omid:br/06250364041
oci:061104088564-061203954696,omid:br/061104088564,omid:br/061203954696
oci:061104088564-06304479234,omid:br/061104088564,omid:br/06304479234
oci:061104088564-062304048242,omid:br/061104088564,omid:br/062304048242
oci:06104490260-0604832444,omid:br/06104490260,omid:br/0604832444
oci:06104490260-06250274371,omid:br/06104490260,omid:br/06250274371
oci:06104490260-0638026937,omid:br/06104490260,omid:br/0638026937
oci:06104490260-06250274264,omid:br/06104490260,omid:br/06250274264
oci:0604347630-06702593563,omid:br/0604347630,omid:br/06702593563
oci:0604347630-06802611948,omid:br/0604347630,omid:br/06802611948
oci:061104088530-061103321953,omid:br/061104088530,omid:br/061103321953
oci:061104088530-06401088967,omid:br/061104088530,omid:br/06401088967
oci:061104088530-0618093773,omid:br/061104088530,omid:br/0618093773
oci:06520214394-06401174083,omid:br/06520214394,omid:br/06401174083
oci:06520214394-06270235651,omid:br/06520214394,omid:br/06270235651
oci:06520214394-061303776336,omid:br/06520214394,omid:br/061303776336
oci:06520214394-0642027957,omid:br/06520214394,omid:br/0642027957
oci:06520214394-061902417525,omid:br/06520214394,omid:br/061902417525
oci:06520214394-061102766027,omid:br/06520214394,omid:br/061102766027
oci:06104490390-062103652638,omid:br/06104490390,omid:br/062103652638
oci:06104490390-0670553688,omid:br/06104490390,omid:br/0670553688
oci:06104490390-06802611784,omid:br/06104490390,omid:br/06802611784
oci:062604071160-0640191855,omid:br/062604071160,omid:br/0640191855
oci:06280228965-06501177415,omid:br/06280228965,omid:br/06501177415
oci:06280228965-061401232520,omid:br/06280228965,omid:br/061401232520
oci:06280228965-062103707757,omid:br/06280228965,omid:br/062103707757
oci:061503946575-061901789707,omid:br/061503946575,omid:br/061901789707
oci:06104490308-06520214153,omid:br/06104490308,omid:br/06520214153
oci:06104490308-062404060157,omid:br/06104490308,omid:br/062404060157
oci:06104490308-06304479031,omid:br/06104490308,omid:br/06304479031
oci:06104490308-061803666371,omid:br/06104490308,omid:br/061803666371
oci:062604071300-06401033780,omid:br/062604071300,omid:br/06401033780
oci:062604071300-062104035363,omid:br/062604071300,omid:br/062104035363
oci:062604071300-0642027957,omid:br/062604071300,omid:br/0642027957
oci:062604071300-06204259265,omid:br/062604071300,omid:br/06204259265
oci:062604071300-0643027243,omid:br/062604071300,omid:br/0643027243
oci:062604071300-0636027450,omid:br/062604071300,omid:br/0636027450
oci:06404498912-06902258025,omid:br/06404498912,omid:br/06902258025
oci:06404498912-06702593247,omid:br/06404498912,omid:br/06702593247
oci:061403947166-06304475860,omid:br/061403947166,omid:br/06304475860
oci:061403947166-061601250057,omid:br/061403947166,omid:br/061601250057
oci:061403947166-0650482388,omid:br/061403947166,omid:br/0650482388
oci:061403947166-0604832426,omid:br/061403947166,omid:br/0604832426
oci:061403947166-06250364558,omid:br/061403947166,omid:br/06250364558
oci:061403947161-0604832421,omid:br/061403947161,omid:br/0604832421
oci:061403947161-0639027219,omid:br/061403947161,omid:br/0639027219
oci:061904043628-06703891500,omid:br/061904043628,omid:br/06703891500
oci:061203568913-061103322415,omid:br/061203568913,omid:br/061103322415
oci:061203568913-061301242359,omid:br/061203568913,omid:br/061301242359
oci:061203568913-0638027063,omid:br/061203568913,omid:br/0638027063
oci:062304047654-062103707969,omid:br/062304047654,omid:br/062103707969
oci:062304047654-0680800858,omid:br/062304047654,omid:br/0680800858
oci:062304047654-0650851067,omid:br/062304047654,omid:br/0650851067
oci:062304047654-06250274369,omid:br/062304047654,omid:br/06250274369
oci:062304047654-06250274305,omid:br/062304047654,omid:br/06250274305
oci:062304047654-06250274265,omid:br/062304047654,omid:br/06250274265
oci:062304047654-0636027406,omid:br/062304047654,omid:br/0636027406
oci:062304047654-06250274371,omid:br/062304047654,omid:br/06250274371
oci:062304047654-06250274232,omid:br/062304047654,omid:br/06250274232
oci:062304047654-06603038036,omid:br/062304047654,omid:br/06603038036
oci:062304048018-06604056304,omid:br/062304048018,omid:br/06604056304
oci:062304048018-06490165167,omid:br/062304048018,omid:br/06490165167
oci:06604482395-06403730479,omid:br/06604482395,omid:br/06403730479
oci:0604226495-061902417525,omid:br/0604226495,omid:br/061902417525
oci:06604482418-061301242829,omid:br/06604482418,omid:br/061301242829
oci:061104088093-062304051396,omid:br/061104088093,omid:br/062304051396
oci:061104088093-061403950721,omid:br/061104088093,omid:br/061403950721
oci:061203955328-06803986257,omid:br/061203955328,omid:br/06803986257
oci:061203955328-062103707487,omid:br/061203955328,omid:br/062103707487
oci:061303936277-061201240926,omid:br/061303936277,omid:br/061201240926
oci:061303936277-0650851089,omid:br/061303936277,omid:br/0650851089
oci:061303936277-061301243156,omid:br/061303936277,omid:br/061301243156
oci:06104490593-0610857763,omid:br/06104490593,omid:br/0610857763
oci:06104490593-0630849787,omid:br/06104490593,omid:br/0630849787
oci:06270230592-06701203437,omid:br/06270230592,omid:br/06701203437
oci:06270230592-06104197047,omid:br/06270230592,omid:br/06104197047
oci:06304479143-06203920720,omid:br/06304479143,omid:br/06203920720
oci:06104490416-0641027950,omid:br/06104490416,omid:br/0641027950
oci:06104490416-06403526697,omid:br/06104490416,omid:br/06403526697
oci:06104490416-06303526754,omid:br/06104490416,omid:br/06303526754
oci:06104490416-06504141808,omid:br/06104490416,omid:br/06504141808
oci:061703960198-062204044634,omid:br/061703960198,omid:br/062204044634
oci:061703960198-062601179868,omid:br/061703960198,omid:br/062601179868
oci:061703960198-061403291821,omid:br/061703960198,omid:br/061403291821
oci:061703960198-06603168659,omid:br/061703960198,omid:br/06603168659
oci:061703960198-0604164282,omid:br/061703960198,omid:br/0604164282
oci:061703960198-061503771580,omid:br/061703960198,omid:br/061503771580
oci:06270230664-06501036580,omid:br/06270230664,omid:br/06501036580
oci:06270230664-062501337996,omid:br/06270230664,omid:br/062501337996
oci:06504498462-061703960012,omid:br/06504498462,omid:br/061703960012
oci:06504498462-06404023909,omid:br/06504498462,omid:br/06404023909
oci:062604071404-0604347592,omid:br/062604071404,omid:br/0604347592
oci:061703960495-061201241414,omid:br/061703960495,omid:br/061201241414
oci:061703960495-06170566990,omid:br/061703960495,omid:br/06170566990
oci:061703960495-062101100101,omid:br/061703960495,omid:br/062101100101
oci:061403947387-06801169601,omid:br/061403947387,omid:br/06801169601
oci:061403947387-061301158736,omid:br/061403947387,omid:br/061301158736
oci:061403947387-06901175346,omid:br/061403947387,omid:br/06901175346
oci:06704461341-062201155499,omid:br/06704461341,omid:br/062201155499
oci:06704461341-0604832421,omid:br/06704461341,omid:br/0604832421
oci:06704461341-06301167701,omid:br/06704461341,omid:br/06301167701
oci:06704461341-06702593517,omid:br/06704461341,omid:br/06702593517
oci:06704461341-06802611707,omid:br/06704461341,omid:br/06802611707
oci:06704461341-0604832422,omid:br/06704461341,omid:br/0604832422
oci:06804487419-062404060324,omid:br/06804487419,omid:br/062404060324
oci:06804487419-06904089414,omid:br/06804487419,omid:br/06904089414
oci:06804487419-062504059700,omid:br/06804487419,omid:br/062504059700
oci:06804487419-0651025221,omid:br/06804487419,omid:br/0651025221
oci:06804487419-0643027111,omid:br/06804487419,omid:br/0643027111
oci:061904043611-06204486175,omid:br/061904043611,omid:br/06204486175
oci:061703960458-061503946294,omid:br/061703960458,omid:br/061503946294
oci:061703960458-061103322243,omid:br/061703960458,omid:br/061103322243
oci:06704461595-06104197224,omid:br/06704461595,omid:br/06104197224
oci:06704461595-061702053729,omid:br/06704461595,omid:br/061702053729
oci:062104035391-0604529377,omid:br/062104035391,omid:br/0604529377
oci:062104035391-0604832436,omid:br/062104035391,omid:br/0604832436
oci:062104035391-0604432306,omid:br/062104035391,omid:br/0604432306
oci:062403581558-06804044112,omid:br/062403581558,omid:br/06804044112
oci:062403581558-061103733765,omid:br/062403581558,omid:br/061103733765
oci:062403581558-06802611324,omid:br/062403581558,omid:br/06802611324
oci:062403581558-06802611623,omid:br/062403581558,omid:br/06802611623
oci:062403581558-06802611541,omid:br/062403581558,omid:br/06802611541
oci:062403581558-06702593610,omid:br/062403581558,omid:br/06702593610
oci:062403581558-06802611322,omid:br/062403581558,omid:br/06802611322
oci:062403581558-06802611438,omid:br/062403581558,omid:br/06802611438
oci:062403581558-06702593660,omid:br/062403581558,omid:br/06702593660
oci:062403581558-06802611441,omid:br/062403581558,omid:br/06802611441
oci:061303936887-06901260199,omid:br/061303936887,omid:br/06901260199
oci:061303936887-06150206349,omid:br/061303936887,omid:br/06150206349
oci:061303936887-06130193883,omid:br/061303936887,omid:br/06130193883
oci:061303936887-06130206022,omid:br/061303936887,omid:br/06130206022
oci:061303936887-061301150914,omid:br/061303936887,omid:br/061301150914
oci:061303936887-06130205267,omid:br/061303936887,omid:br/06130205267
oci:0604708229-06801252298,omid:br/0604708229,omid:br/06801252298
oci:0604708229-061801240673,omid:br/0604708229,omid:br/061801240673
oci:0604708229-06280233261,omid:br/0604708229,omid:br/06280233261
oci:062603595601-0604832331,omid:br/062603595601,omid:br/0604832331
oci:062603595601-06210364306,omid:br/062603595601,omid:br/06210364306
oci:062603595601-06250364122,omid:br/062603595601,omid:br/06250364122
oci:06290222665-061701164372,omid:br/06290222665,omid:br/061701164372
oci:06290222665-06901174744,omid:br/06290222665,omid:br/06901174744
oci:06290222665-06504063446,omid:br/06290222665,omid:br/06504063446
oci:06290222665-06210426834,omid:br/06290222665,omid:br/06210426834
oci:062104035936-06401174083,omid:br/062104035936,omid:br/06401174083
oci:062104035936-06304478982,omid:br/062104035936,omid:br/06304478982
oci:062104035936-061801157446,omid:br/062104035936,omid:br/061801157446
oci:062104035936-06901175348,omid:br/062104035936,omid:br/06901175348
oci:062104035936-061203791343,omid:br/062104035936,omid:br/061203791343
oci:06404498682-06530205936,omid:br/06404498682,omid:br/06530205936
oci:0604518755-06520214389,omid:br/0604518755,omid:br/06520214389
oci:0604518755-061103777123,omid:br/0604518755,omid:br/061103777123
oci:061804035649-0647025181,omid:br/061804035649,omid:br/0647025181
oci:061804035649-0638027168,omid:br/061804035649,omid:br/0638027168
oci:061804035649-0634027848,omid:br/061804035649,omid:br/0634027848
oci:061804035649-061203761351,omid:br/061804035649,omid:br/061203761351
oci:06290222674-06401173959,omid:br/06290222674,omid:br/06401173959
oci:06290222674-06210426687,omid:br/06290222674,omid:br/06210426687
oci:06290222674-061103322243,omid:br/06290222674,omid:br/061103322243
oci:061703960604-061301242358,omid:br/061703960604,omid:br/061301242358
oci:061703960604-0649026129,omid:br/061703960604,omid:br/0649026129
oci:061703960604-0639027701,omid:br/061703960604,omid:br/0639027701
oci:061703960604-06104481701,omid:br/061703960604,omid:br/06104481701
oci:06604481803-06280229372,omid:br/06604481803,omid:br/06280229372
oci:06604481803-061403947566,omid:br/06604481803,omid:br/061403947566
oci:06604481803-06304478835,omid:br/06604481803,omid:br/06304478835
oci:06604481803-06530216968,omid:br/06604481803,omid:br/06530216968
oci:06604481803-061603953065,omid:br/06604481803,omid:br/061603953065
oci:06604481803-0670999691,omid:br/06604481803,omid:br/0670999691
oci:06604481803-06601214819,omid:br/06604481803,omid:br/06601214819
oci:06604481803-0639028003,omid:br/06604481803,omid:br/0639028003
oci:062604071398-06802612306,omid:br/062604071398,omid:br/06802612306
oci:062104035384-0652025695,omid:br/062104035384,omid:br/0652025695
oci:062104035384-0639027701,omid:br/062104035384,omid:br/0639027701
oci:062104035384-0641027704,omid:br/062104035384,omid:br/0641027704
oci:062104035937-062404060161,omid:br/062104035937,omid:br/062404060161
oci:062104035937-0604832470,omid:br/062104035937,omid:br/0604832470
oci:0604495722-062401136666,omid:br/0604495722,omid:br/062401136666
oci:0604495722-06110793272,omid:br/0604495722,omid:br/06110793272
oci:0604495722-061603953025,omid:br/0604495722,omid:br/061603953025
oci:0604495722-065067147,omid:br/0604495722,omid:br/065067147
oci:06704461592-061301243204,omid:br/06704461592,omid:br/061301243204
oci:06704461592-06401173959,omid:br/06704461592,omid:br/06401173959
oci:06704461592-061902440758,omid:br/06704461592,omid:br/061902440758
oci:06704461592-06210364238,omid:br/06704461592,omid:br/06210364238
oci:06704461592-06250364023,omid:br/06704461592,omid:br/06250364023
oci:06270230884-061403947422,omid:br/06270230884,omid:br/061403947422
oci:06270230884-06802611512,omid:br/06270230884,omid:br/06802611512
oci:061303936686-06520214099,omid:br/061303936686,omid:br/06520214099
oci:061303936686-06530216984,omid:br/061303936686,omid:br/06530216984
oci:061303936686-0604495746,omid:br/061303936686,omid:br/0604495746
oci:061303936686-0604832438,omid:br/061303936686,omid:br/0604832438
oci:062304048410-062401136757,omid:br/062304048410,omid:br/062401136757
oci:062304048410-061203635962,omid:br/062304048410,omid:br/061203635962
oci:062304048410-062203718203,omid:br/062304048410,omid:br/062203718203
oci:062304048410-0642028097,omid:br/062304048410,omid:br/0642028097
oci:062304048410-062403630005,omid:br/062304048410,omid:br/062403630005
oci:062304048410-06801329401,omid:br/062304048410,omid:br/06801329401
oci:062304048410-061902417887,omid:br/062304048410,omid:br/061902417887
oci:062304048410-0630849787,omid:br/062304048410,omid:br/0630849787
oci:062304048410-0637028570,omid:br/062304048410,omid:br/0637028570
oci:06404498448-061401232502,omid:br/06404498448,omid:br/061401232502
oci:06404498448-06180862893,omid:br/06404498448,omid:br/06180862893
oci:06404498448-062601226534,omid:br/06404498448,omid:br/062601226534
oci:06404498448-06220863018,omid:br/06404498448,omid:br/06220863018
oci:06404498448-0660405301,omid:br/06404498448,omid:br/0660405301
oci:062104035566-06150797253,omid:br/062104035566,omid:br/06150797253
oci:062104035566-06130788033,omid:br/062104035566,omid:br/06130788033
oci:062104035566-06802612120,omid:br/062104035566,omid:br/06802612120
oci:062104035566-06210364530,omid:br/062104035566,omid:br/06210364530
oci:062104035566-062503506299,omid:br/062104035566,omid:br/062503506299
oci:062104035895-0642027576,omid:br/062104035895,omid:br/0642027576
oci:062104035895-06230270436,omid:br/062104035895,omid:br/06230270436
oci:062104035895-0648027317,omid:br/062104035895,omid:br/0648027317
oci:062404060751-06470213590,omid:br/062404060751,omid:br/06470213590
oci:062204044355-061301243204,omid:br/062204044355,omid:br/061301243204
oci:062204044355-06401173959,omid:br/062204044355,omid:br/06401173959
oci:062204044355-061201154211,omid:br/062204044355,omid:br/061201154211
oci:062204044355-062504062490,omid:br/062204044355,omid:br/062504062490
oci:0604416704-061301242829,omid:br/0604416704,omid:br/061301242829
oci:0604416704-06250364134,omid:br/0604416704,omid:br/06250364134
oci:0604416704-06250364578,omid:br/0604416704,omid:br/06250364578
oci:0604080347-0646026989,omid:br/0604080347,omid:br/0646026989
oci:0604080347-0650898735,omid:br/0604080347,omid:br/0650898735
oci:0604080347-0650899069,omid:br/0604080347,omid:br/0650899069
oci:0604080347-0650898909,omid:br/0604080347,omid:br/0650898909
oci:0604080347-0637028570,omid:br/0604080347,omid:br/0637028570
oci:0604080347-0650851251,omid:br/0604080347,omid:br/0650851251
oci:0604080347-0641027514,omid:br/0604080347,omid:br/0641027514
oci:0604080347-0637028269,omid:br/0604080347,omid:br/0637028269
oci:0604080347-061902417887,omid:br/0604080347,omid:br/061902417887
oci:0604080347-0610857763,omid:br/0604080347,omid:br/0610857763
oci:0604080347-0640848152,omid:br/0604080347,omid:br/0640848152
oci:0604080347-0620846730,omid:br/0604080347,omid:br/0620846730
oci:06104490384-061904043824,omid:br/06104490384,omid:br/061904043824
oci:06104490384-061203955039,omid:br/06104490384,omid:br/061203955039
oci:06104490384-06102591895,omid:br/06104490384,omid:br/06102591895
oci:06604481959-0653025978,omid:br/06604481959,omid:br/0653025978
oci:06604481959-0604832334,omid:br/06604481959,omid:br/0604832334
oci:06604481959-0604832335,omid:br/06604481959,omid:br/0604832335
oci:06604481959-06402622577,omid:br/06604481959,omid:br/06402622577
oci:06604481959-06802612185,omid:br/06604481959,omid:br/06802612185
oci:06604481959-06501119992,omid:br/06604481959,omid:br/06501119992
oci:06604481959-06210364254,omid:br/06604481959,omid:br/06210364254
oci:06604481959-0604832336,omid:br/06604481959,omid:br/0604832336
oci:061104088634-06520249493,omid:br/061104088634,omid:br/06520249493
oci:061104088634-06103010752,omid:br/061104088634,omid:br/06103010752
oci:06704461898-061203614897,omid:br/06704461898,omid:br/061203614897
oci:06704461898-06140891793,omid:br/06704461898,omid:br/06140891793
oci:06704461898-061201190587,omid:br/06704461898,omid:br/061201190587
oci:06704461898-062201563063,omid:br/06704461898,omid:br/062201563063
oci:06704461898-0636027217,omid:br/06704461898,omid:br/0636027217
oci:06504498472-061301242449,omid:br/06504498472,omid:br/061301242449
oci:06504498472-06420341938,omid:br/06504498472,omid:br/06420341938
oci:06504498472-062403739298,omid:br/06504498472,omid:br/062403739298
oci:061603953507-0604832351,omid:br/061603953507,omid:br/0604832351
oci:061603953507-0604832352,omid:br/061603953507,omid:br/0604832352
oci:061503946533-06180591759,omid:br/061503946533,omid:br/06180591759
oci:061503946533-06280233217,omid:br/061503946533,omid:br/06280233217
oci:06270230593-061301158583,omid:br/06270230593,omid:br/061301158583
oci:06704462051-06501036558,omid:br/06704462051,omid:br/06501036558
oci:06704462051-06303730112,omid:br/06704462051,omid:br/06303730112
oci:06704462051-0637028269,omid:br/06704462051,omid:br/0637028269
oci:06704462051-062101199303,omid:br/06704462051,omid:br/062101199303
oci:06704462051-0652025695,omid:br/06704462051,omid:br/0652025695
oci:06704462051-061902417887,omid:br/06704462051,omid:br/061902417887
oci:06704462051-0640848152,omid:br/06704462051,omid:br/0640848152
oci:06704462051-0630849787,omid:br/06704462051,omid:br/0630849787
oci:06704462051-0620846730,omid:br/06704462051,omid:br/0620846730
oci:06704462051-0630849638,omid:br/06704462051,omid:br/0630849638
oci:06704462051-0610857763,omid:br/06704462051,omid:br/0610857763
oci:06704462051-061801689014,omid:br/06704462051,omid:br/061801689014
oci:062403566494-0639027189,omid:br/062403566494,omid:br/0639027189
oci:062403566494-0644026649,omid:br/062403566494,omid:br/0644026649
oci:062403566494-06401033531,omid:br/062403566494,omid:br/06401033531
oci:062403566494-0636027171,omid:br/062403566494,omid:br/0636027171
oci:062403566494-0642027626,omid:br/062403566494,omid:br/0642027626
oci:062403566494-0637028982,omid:br/062403566494,omid:br/0637028982
oci:062403566494-06401033903,omid:br/062403566494,omid:br/06401033903
oci:062403566494-06401034280,omid:br/062403566494,omid:br/06401034280
oci:062403566494-061901250419,omid:br/062403566494,omid:br/061901250419
oci:062403566494-0638026224,omid:br/062403566494,omid:br/0638026224
oci:062403566494-0680848291,omid:br/062403566494,omid:br/0680848291
oci:062304048381-061403947539,omid:br/062304048381,omid:br/061403947539
oci:062304048381-06904089405,omid:br/062304048381,omid:br/06904089405
oci:062304048381-06304479031,omid:br/062304048381,omid:br/06304479031
oci:062304048381-06170566990,omid:br/062304048381,omid:br/06170566990
oci:061104088648-061301242363,omid:br/061104088648,omid:br/061301242363
oci:061104088648-06404023909,omid:br/061104088648,omid:br/06404023909
oci:061104088648-0604832410,omid:br/061104088648,omid:br/0604832410
oci:061104088648-062403629602,omid:br/061104088648,omid:br/062403629602
oci:06804486803-0670844039,omid:br/06804486803,omid:br/0670844039
oci:06804486803-0632062328,omid:br/06804486803,omid:br/0632062328
oci:06804486803-0670843879,omid:br/06804486803,omid:br/0670843879
oci:06804486803-061502236812,omid:br/06804486803,omid:br/061502236812
oci:06280228975-062102431038,omid:br/06280228975,omid:br/062102431038
oci:06404498669-062504059713,omid:br/06404498669,omid:br/062504059713
oci:06404498669-061802844350,omid:br/06404498669,omid:br/061802844350
oci:06404498669-06703124726,omid:br/06404498669,omid:br/06703124726
oci:061203954760-061503947148,omid:br/061203954760,omid:br/061503947148
oci:061203954760-06290222486,omid:br/061203954760,omid:br/06290222486
oci:061203954760-062404060848,omid:br/061203954760,omid:br/062404060848
oci:061203954760-061503947138,omid:br/061203954760,omid:br/061503947138
oci:061203954760-06530217304,omid:br/061203954760,omid:br/06530217304
oci:061403947084-06530217592,omid:br/061403947084,omid:br/06530217592
oci:0604665717-06503531695,omid:br/0604665717,omid:br/06503531695
oci:0604665717-062401227214,omid:br/0604665717,omid:br/062401227214
oci:0604665717-0640213123,omid:br/0604665717,omid:br/0640213123
oci:0604665717-062304051396,omid:br/0604665717,omid:br/062304051396
oci:06204486288-06304478982,omid:br/06204486288,omid:br/06304478982
oci:06204486288-06901175348,omid:br/06204486288,omid:br/06901175348
oci:06204486288-06304479028,omid:br/06204486288,omid:br/06304479028
oci:06204486288-06304479217,omid:br/06204486288,omid:br/06304479217
oci:06204486288-0642027957,omid:br/06204486288,omid:br/0642027957
oci:06204486288-064403098,omid:br/06204486288,omid:br/064403098
oci:06204486288-061902417510,omid:br/06204486288,omid:br/061902417510
oci:06204486288-0643027243,omid:br/06204486288,omid:br/0643027243
oci:06204486288-0604523908,omid:br/06204486288,omid:br/0604523908
oci:06204486288-06120205152,omid:br/06204486288,omid:br/06120205152
oci:06204486288-06702593676,omid:br/06204486288,omid:br/06702593676
oci:061703960520-06701493972,omid:br/061703960520,omid:br/06701493972
oci:06280229018-0641027495,omid:br/06280229018,omid:br/0641027495
oci:06280229018-0641027619,omid:br/06280229018,omid:br/0641027619
oci:06404498969-06802611919,omid:br/06404498969,omid:br/06802611919
oci:06404498969-0604832379,omid:br/06404498969,omid:br/0604832379
oci:061804035606-06503487215,omid:br/061804035606,omid:br/06503487215
oci:061804035606-06240477254,omid:br/061804035606,omid:br/06240477254
oci:061804035606-06404133556,omid:br/061804035606,omid:br/06404133556
oci:061804035606-061103724971,omid:br/061804035606,omid:br/061103724971
oci:06520214256-0643027406,omid:br/06520214256,omid:br/0643027406
oci:06520214256-06530205936,omid:br/06520214256,omid:br/06530205936
oci:06304478512-06104490428,omid:br/06304478512,omid:br/06104490428
oci:06304478512-0604832451,omid:br/06304478512,omid:br/0604832451
oci:06304478512-062503737920,omid:br/06304478512,omid:br/062503737920
oci:06304478512-061902417420,omid:br/06304478512,omid:br/061902417420
oci:0604495760-06804009601,omid:br/0604495760,omid:br/06804009601
oci:0604495760-06304470960,omid:br/0604495760,omid:br/06304470960
oci:0604495760-061203063318,omid:br/0604495760,omid:br/061203063318
oci:0604495760-0647025582,omid:br/0604495760,omid:br/0647025582
oci:0604495760-0636027755,omid:br/0604495760,omid:br/0636027755
oci:06704461850-062504059721,omid:br/06704461850,omid:br/062504059721
oci:06704461850-06304478581,omid:br/06704461850,omid:br/06304478581
oci:061703960622-061601111989,omid:br/061703960622,omid:br/061601111989
oci:061703960622-06501177415,omid:br/061703960622,omid:br/06501177415
oci:061703960622-06530217277,omid:br/061703960622,omid:br/06530217277
oci:061703960622-0646026572,omid:br/061703960622,omid:br/0646026572
oci:061703960622-061702053768,omid:br/061703960622,omid:br/061702053768
oci:062204044834-061503947151,omid:br/062204044834,omid:br/061503947151
oci:062204044834-06304479219,omid:br/062204044834,omid:br/06304479219
oci:062204044834-06904089404,omid:br/062204044834,omid:br/06904089404
oci:062204044834-061303593105,omid:br/062204044834,omid:br/061303593105
oci:062204044834-06601336794,omid:br/062204044834,omid:br/06601336794
oci:062204044834-0639027122,omid:br/062204044834,omid:br/0639027122
oci:062204044834-061902417924,omid:br/062204044834,omid:br/061902417924
oci:06804487369-0653026293,omid:br/06804487369,omid:br/0653026293
oci:06804487369-0647025120,omid:br/06804487369,omid:br/0647025120
oci:06804487369-0636027241,omid:br/06804487369,omid:br/0636027241
oci:061903594611-06530217632,omid:br/061903594611,omid:br/06530217632
oci:061903594611-062104035811,omid:br/061903594611,omid:br/062104035811
oci:061903594611-0643027627,omid:br/061903594611,omid:br/0643027627
oci:061903594611-06120205238,omid:br/061903594611,omid:br/06120205238
oci:062604071386-062503622663,omid:br/062604071386,omid:br/062503622663
oci:062604071386-06150797227,omid:br/062604071386,omid:br/06150797227
oci:062604071386-0630780306,omid:br/062604071386,omid:br/0630780306
oci:062604071386-06230969728,omid:br/062604071386,omid:br/06230969728
oci:062604071386-0680211331,omid:br/062604071386,omid:br/0680211331
oci:062304048138-0643027244,omid:br/062304048138,omid:br/0643027244
oci:062304048138-0645048627,omid:br/062304048138,omid:br/0645048627
oci:062204044847-06904089404,omid:br/062204044847,omid:br/06904089404
oci:062204044847-06804487109,omid:br/062204044847,omid:br/06804487109
oci:062204044847-061303593105,omid:br/062204044847,omid:br/061303593105
oci:06704462100-0604832387,omid:br/06704462100,omid:br/0604832387
oci:0604337199-0670467741,omid:br/0604337199,omid:br/0670467741
oci:06604482272-061701164993,omid:br/06604482272,omid:br/061701164993
oci:06604482272-061701165071,omid:br/06604482272,omid:br/061701165071
oci:06604482272-062503635741,omid:br/06604482272,omid:br/062503635741
oci:06604482272-061902417525,omid:br/06604482272,omid:br/061902417525
oci:06604482272-06204259265,omid:br/06604482272,omid:br/06204259265
oci:06604482272-061203791493,omid:br/06604482272,omid:br/061203791493
oci:06604482272-061203791838,omid:br/06604482272,omid:br/061203791838
oci:06604482272-061401564311,omid:br/06604482272,omid:br/061401564311
oci:06604482272-06190926158,omid:br/06604482272,omid:br/06190926158
oci:0604080414-0610857110,omid:br/0604080414,omid:br/0610857110
oci:0604080414-061801240567,omid:br/0604080414,omid:br/061801240567
oci:0604080414-0620846292,omid:br/0604080414,omid:br/0620846292
oci:0604080414-0650898735,omid:br/0604080414,omid:br/0650898735
oci:0604080414-0650899069,omid:br/0604080414,omid:br/0650899069
oci:0604080414-0650898909,omid:br/0604080414,omid:br/0650898909
oci:0604080414-0630849899,omid:br/0604080414,omid:br/0630849899
oci:0604080414-0680848130,omid:br/0604080414,omid:br/0680848130
oci:0604080414-0630849787,omid:br/0604080414,omid:br/0630849787
oci:0604080414-0620846730,omid:br/0604080414,omid:br/0620846730
oci:0604080414-0610857763,omid:br/0604080414,omid:br/0610857763
oci:0604080414-0640897416,omid:br/0604080414,omid:br/0640897416
oci:06604482359-0637028465,omid:br/06604482359,omid:br/0637028465
oci:06604482359-066067664,omid:br/06604482359,omid:br/066067664
oci:06604482359-06501348510,omid:br/06604482359,omid:br/06501348510
oci:06604482359-061101473819,omid:br/06604482359,omid:br/061101473819
oci:06704462161-06702593164,omid:br/06704462161,omid:br/06702593164
oci:06704462161-06250364325,omid:br/06704462161,omid:br/06250364325
oci:06804487304-06110793826,omid:br/06804487304,omid:br/06110793826
oci:06804487304-062203718214,omid:br/06804487304,omid:br/062203718214
oci:06804487304-06250364127,omid:br/06804487304,omid:br/06250364127
oci:06804487304-06802611505,omid:br/06804487304,omid:br/06802611505
oci:06804487304-06210364019,omid:br/06804487304,omid:br/06210364019
oci:062204045156-061503713008,omid:br/062204045156,omid:br/061503713008
oci:062204045156-06410111914,omid:br/062204045156,omid:br/06410111914
oci:062204045156-06304478793,omid:br/062204045156,omid:br/06304478793
oci:062204045156-06304478760,omid:br/062204045156,omid:br/06304478760
oci:062204045156-0643027119,omid:br/062204045156,omid:br/0643027119
oci:062204045156-062304123247,omid:br/062204045156,omid:br/062304123247
oci:062204045156-061902417339,omid:br/062204045156,omid:br/061902417339
oci:06520214579-06401161658,omid:br/06520214579,omid:br/06401161658
oci:06520214579-06201156832,omid:br/06520214579,omid:br/06201156832
oci:06520214579-0638026702,omid:br/06520214579,omid:br/0638026702
oci:06520214579-06201156397,omid:br/06520214579,omid:br/06201156397
oci:06530217074-06280229400,omid:br/06530217074,omid:br/06280229400
oci:061904043657-06301793413,omid:br/061904043657,omid:br/06301793413
oci:061904043657-0647025590,omid:br/061904043657,omid:br/0647025590
oci:06404498659-0604832400,omid:br/06404498659,omid:br/0604832400
oci:06404498659-0604832492,omid:br/06404498659,omid:br/0604832492
oci:0603977156-061103652420,omid:br/0603977156,omid:br/061103652420
oci:0603977156-061103923318,omid:br/0603977156,omid:br/061103923318
oci:06804486874-06804044068,omid:br/06804486874,omid:br/06804044068
oci:06804486874-0630802091,omid:br/06804486874,omid:br/0630802091
oci:06804486874-0604832350,omid:br/06804486874,omid:br/0604832350
oci:06804486874-062601816117,omid:br/06804486874,omid:br/062601816117
oci:06530217117-0680799148,omid:br/06530217117,omid:br/0680799148
oci:06530217117-0630356942,omid:br/06530217117,omid:br/0630356942
oci:06530217117-0644011413,omid:br/06530217117,omid:br/0644011413
oci:06530217117-063505020,omid:br/06530217117,omid:br/063505020
oci:06530217117-06402140565,omid:br/06530217117,omid:br/06402140565
oci:0604066931-06901175357,omid:br/0604066931,omid:br/06901175357
oci:06604482038-061103733769,omid:br/06604482038,omid:br/061103733769
oci:06604482038-062102431226,omid:br/06604482038,omid:br/062102431226
oci:06604482038-062302432036,omid:br/06604482038,omid:br/062302432036
oci:061104088385-0630849464,omid:br/061104088385,omid:br/0630849464
oci:061104088385-06101180182,omid:br/061104088385,omid:br/06101180182
oci:061104088385-061901166302,omid:br/061104088385,omid:br/061901166302
oci:061104088385-062504062322,omid:br/061104088385,omid:br/062504062322
oci:06203987674-06803136096,omid:br/06203987674,omid:br/06803136096
oci:062604070951-061902417933,omid:br/062604070951,omid:br/061902417933
oci:062604070951-061902417562,omid:br/062604070951,omid:br/061902417562
oci:062604070951-061902417580,omid:br/062604070951,omid:br/061902417580
oci:062604071180-06110901037,omid:br/062604071180,omid:br/06110901037
oci:0604708194-0620846370,omid:br/0604708194,omid:br/0620846370
oci:0604708194-061302229349,omid:br/0604708194,omid:br/061302229349
oci:0604708194-0604832356,omid:br/0604708194,omid:br/0604832356
oci:06504498481-06180264806,omid:br/06504498481,omid:br/06180264806
oci:06604482265-06204178115,omid:br/06604482265,omid:br/06204178115
oci:06604482265-0640268786,omid:br/06604482265,omid:br/0640268786
oci:06604482265-0639027099,omid:br/06604482265,omid:br/0639027099
oci:06604482265-06102495359,omid:br/06604482265,omid:br/06102495359
oci:06604482265-0636027295,omid:br/06604482265,omid:br/0636027295
oci:062204044902-0643027005,omid:br/062204044902,omid:br/0643027005
oci:062204044902-061902417887,omid:br/062204044902,omid:br/061902417887
oci:06704462160-0638069026,omid:br/06704462160,omid:br/0638069026
oci:062104035928-06530217282,omid:br/062104035928,omid:br/06530217282
oci:062104035928-0610271089,omid:br/062104035928,omid:br/0610271089
oci:062104035928-061103322263,omid:br/062104035928,omid:br/061103322263
oci:062104035928-061303570223,omid:br/062104035928,omid:br/061303570223
oci:06904088812-0680799148,omid:br/06904088812,omid:br/0680799148
oci:06904088812-06402140565,omid:br/06904088812,omid:br/06402140565
oci:061303936499-06530206085,omid:br/061303936499,omid:br/06530206085
oci:061303936499-0604505423,omid:br/061303936499,omid:br/0604505423
oci:061804035031-06440292499,omid:br/061804035031,omid:br/06440292499
oci:061804035031-06190334375,omid:br/061804035031,omid:br/06190334375
oci:06604481969-0680848093,omid:br/06604481969,omid:br/0680848093
oci:06604481969-061101094656,omid:br/06604481969,omid:br/061101094656
oci:06604481969-06110807681,omid:br/06604481969,omid:br/06110807681
oci:06604481969-061101094677,omid:br/06604481969,omid:br/061101094677
oci:06604482334-062304051336,omid:br/06604482334,omid:br/062304051336
oci:06604482334-06520210833,omid:br/06604482334,omid:br/06520210833
oci:06604482334-06304478582,omid:br/06604482334,omid:br/06304478582
oci:06604482334-06401033815,omid:br/06604482334,omid:br/06401033815
oci:06604482334-061803043396,omid:br/06604482334,omid:br/061803043396
oci:06604482334-0604164741,omid:br/06604482334,omid:br/0604164741
oci:06604482334-062304050555,omid:br/06604482334,omid:br/062304050555
oci:06604482334-062604076684,omid:br/06604482334,omid:br/062604076684
oci:0604080365-0680848093,omid:br/0604080365,omid:br/0680848093
oci:0604080365-0637028982,omid:br/0604080365,omid:br/0637028982
oci:0604080365-062401181117,omid:br/0604080365,omid:br/062401181117
oci:06803977651-061503947135,omid:br/06803977651,omid:br/061503947135
oci:06520214625-0660894978,omid:br/06520214625,omid:br/0660894978
oci:06520214625-06250274369,omid:br/06520214625,omid:br/06250274369
oci:06520214625-06250274264,omid:br/06520214625,omid:br/06250274264
oci:06520214625-062103707857,omid:br/06520214625,omid:br/062103707857
oci:06520214625-06901119818,omid:br/06520214625,omid:br/06901119818
oci:06520214625-0650851664,omid:br/06520214625,omid:br/0650851664
oci:06520214625-06330323686,omid:br/06520214625,omid:br/06330323686
oci:06520214625-062103707819,omid:br/06520214625,omid:br/062103707819
oci:06804486871-0642027957,omid:br/06804486871,omid:br/0642027957
oci:06804486871-062404065866,omid:br/06804486871,omid:br/062404065866
oci:061503946481-0604832382,omid:br/061503946481,omid:br/0604832382
oci:061503946481-0604832383,omid:br/061503946481,omid:br/0604832383
oci:061503946388-062103707899,omid:br/061503946388,omid:br/062103707899
oci:061503946388-06104490274,omid:br/061503946388,omid:br/06104490274
oci:061503946388-062104035392,omid:br/061503946388,omid:br/062104035392
oci:061503946388-062103707729,omid:br/061503946388,omid:br/062103707729
oci:061503946388-06702593639,omid:br/061503946388,omid:br/06702593639
oci:061503946388-0604832304,omid:br/061503946388,omid:br/0604832304
oci:062304047839-0660894890,omid:br/062304047839,omid:br/0660894890
oci:062304047839-062401136261,omid:br/062304047839,omid:br/062401136261
oci:062304047839-06901175358,omid:br/062304047839,omid:br/06901175358
oci:062304047839-0637028251,omid:br/062304047839,omid:br/0637028251
oci:062304047839-061201155096,omid:br/062304047839,omid:br/061201155096
oci:062304047839-061801159286,omid:br/062304047839,omid:br/061801159286
oci:062304047839-061701165850,omid:br/062304047839,omid:br/061701165850
oci:062304047839-0650898719,omid:br/062304047839,omid:br/0650898719
oci:062304047839-06303730119,omid:br/062304047839,omid:br/06303730119
oci:061403573404-06240359535,omid:br/061403573404,omid:br/06240359535
oci:06704461511-06401034325,omid:br/06704461511,omid:br/06401034325
oci:06704461511-0680848093,omid:br/06704461511,omid:br/0680848093
oci:06704461511-06110807681,omid:br/06704461511,omid:br/06110807681
oci:06704461511-0652025122,omid:br/06704461511,omid:br/0652025122
oci:06704461511-0637028982,omid:br/06704461511,omid:br/0637028982
oci:06704461511-06210364236,omid:br/06704461511,omid:br/06210364236
oci:061303936941-0604832343,omid:br/061303936941,omid:br/0604832343
oci:061303936941-0604832344,omid:br/061303936941,omid:br/0604832344
oci:061303936941-06140462895,omid:br/061303936941,omid:br/06140462895
oci:062604070971-062203718469,omid:br/062604070971,omid:br/062203718469
oci:062604070971-062203718268,omid:br/062604070971,omid:br/062203718268
oci:062604070971-062203718450,omid:br/062604070971,omid:br/062203718450
oci:062604070971-0652025119,omid:br/062604070971,omid:br/0652025119
oci:062604070971-061603072520,omid:br/062604070971,omid:br/061603072520
oci:062604070971-061803056928,omid:br/062604070971,omid:br/061803056928
oci:062604070971-0636027855,omid:br/062604070971,omid:br/0636027855
oci:062604070971-0642027790,omid:br/062604070971,omid:br/0642027790
oci:062604070971-0680848130,omid:br/062604070971,omid:br/0680848130
oci:062604070971-0636027406,omid:br/062604070971,omid:br/0636027406
oci:062604070971-0670843802,omid:br/062604070971,omid:br/0670843802
oci:062604070971-061902417928,omid:br/062604070971,omid:br/061902417928
oci:062604070971-0620846463,omid:br/062604070971,omid:br/0620846463
oci:061503947012-06501176993,omid:br/061503947012,omid:br/06501176993
oci:061503947012-06204612349,omid:br/061503947012,omid:br/06204612349
oci:061503947012-0636027406,omid:br/061503947012,omid:br/0636027406
oci:061503947012-06250274253,omid:br/061503947012,omid:br/06250274253
oci:061503947012-06250274371,omid:br/061503947012,omid:br/06250274371
oci:061503947012-06250274338,omid:br/061503947012,omid:br/06250274338
oci:061503947012-061902417414,omid:br/061503947012,omid:br/061902417414
oci:061503947012-06704115948,omid:br/061503947012,omid:br/06704115948
oci:061503947012-06140478733,omid:br/061503947012,omid:br/06140478733
oci:062304048061-06280233261,omid:br/062304048061,omid:br/06280233261
oci:062304048061-0604358462,omid:br/062304048061,omid:br/0604358462
oci:062304048061-062404060870,omid:br/062304048061,omid:br/062404060870
oci:062304048061-06904089405,omid:br/062304048061,omid:br/06904089405
oci:062304048061-0604164741,omid:br/062304048061,omid:br/0604164741
oci:06404498906-06404374081,omid:br/06404498906,omid:br/06404374081
oci:062304048457-06503041436,omid:br/062304048457,omid:br/06503041436
oci:062304048457-0650851695,omid:br/062304048457,omid:br/0650851695
oci:062304048457-06603034667,omid:br/062304048457,omid:br/06603034667
oci:062304048457-06603034621,omid:br/062304048457,omid:br/06603034621
oci:0604518758-06250274264,omid:br/0604518758,omid:br/06250274264
oci:0604518762-0604832313,omid:br/0604518762,omid:br/0604832313
oci:0604518762-0604832314,omid:br/0604518762,omid:br/0604832314
oci:0604066930-06401173790,omid:br/0604066930,omid:br/06401173790
oci:0604066930-062401136757,omid:br/0604066930,omid:br/062401136757
oci:0604066930-06802611602,omid:br/0604066930,omid:br/06802611602
oci:061303936830-062103708078,omid:br/061303936830,omid:br/062103708078
oci:061303936830-0660894389,omid:br/061303936830,omid:br/0660894389
oci:061303936830-06401034035,omid:br/061303936830,omid:br/06401034035
oci:061303936830-06401034018,omid:br/061303936830,omid:br/06401034018
oci:061303936830-0630849787,omid:br/061303936830,omid:br/0630849787
oci:061303936830-0630849899,omid:br/061303936830,omid:br/0630849899
oci:061303936830-06220206667,omid:br/061303936830,omid:br/06220206667
oci:061303936830-062401180122,omid:br/061303936830,omid:br/062401180122
oci:06404498427-06604056395,omid:br/06404498427,omid:br/06604056395
oci:06404498427-06401034085,omid:br/06404498427,omid:br/06401034085
oci:06404498427-062201605496,omid:br/06404498427,omid:br/062201605496
oci:06404498427-06402622622,omid:br/06404498427,omid:br/06402622622
oci:06404498427-06304826554,omid:br/06404498427,omid:br/06304826554
oci:062504059274-06401033782,omid:br/062504059274,omid:br/06401033782
oci:062504059274-0660847635,omid:br/062504059274,omid:br/0660847635
oci:062504059274-0638026224,omid:br/062504059274,omid:br/0638026224
oci:062504059274-0643027310,omid:br/062504059274,omid:br/0643027310
oci:062504059274-06204178064,omid:br/062504059274,omid:br/06204178064
oci:062604071369-0641027950,omid:br/062604071369,omid:br/0641027950
oci:062604071369-0645025453,omid:br/062604071369,omid:br/0645025453
oci:06504498493-06520214754,omid:br/06504498493,omid:br/06520214754
oci:06504498493-06280229330,omid:br/06504498493,omid:br/06280229330
oci:06504498493-061902417371,omid:br/06504498493,omid:br/061902417371
oci:06504498493-061902417525,omid:br/06504498493,omid:br/061902417525
oci:06504498493-0635026404,omid:br/06504498493,omid:br/0635026404
oci:06504498493-061902417454,omid:br/06504498493,omid:br/061902417454
oci:061303936284-06140811287,omid:br/061303936284,omid:br/06140811287
oci:061303936284-0629026840,omid:br/061303936284,omid:br/0629026840
oci:0604518761-0638026977,omid:br/0604518761,omid:br/0638026977
oci:0604518761-0680848054,omid:br/0604518761,omid:br/0680848054
oci:0604518761-06530206091,omid:br/0604518761,omid:br/06530206091
oci:0604518761-06120193370,omid:br/0604518761,omid:br/06120193370
oci:0604518761-062403629223,omid:br/0604518761,omid:br/062403629223
oci:0604518761-0639027212,omid:br/0604518761,omid:br/0639027212
oci:0604518761-0650886254,omid:br/0604518761,omid:br/0650886254
oci:062104035412-061902417459,omid:br/062104035412,omid:br/061902417459
oci:062104035412-0680848082,omid:br/062104035412,omid:br/0680848082
oci:062104035412-0646010019,omid:br/062104035412,omid:br/0646010019
oci:062104035412-0652024892,omid:br/062104035412,omid:br/0652024892
oci:062104035412-06130323665,omid:br/062104035412,omid:br/06130323665
oci:062104035412-061902384983,omid:br/062104035412,omid:br/061902384983
oci:062104035412-061902417298,omid:br/062104035412,omid:br/061902417298
oci:062104035412-06204259265,omid:br/062104035412,omid:br/06204259265
oci:062104035412-0642027957,omid:br/062104035412,omid:br/0642027957
oci:062303587847-062404060820,omid:br/062303587847,omid:br/062404060820
oci:06704462180-06410312948,omid:br/06704462180,omid:br/06410312948
oci:061303936898-061203063318,omid:br/061303936898,omid:br/061203063318
oci:061303936898-06304470960,omid:br/061303936898,omid:br/06304470960
oci:06704461834-0604832474,omid:br/06704461834,omid:br/0604832474
oci:062604071352-062103652611,omid:br/062604071352,omid:br/062103652611
oci:062604071352-061701626299,omid:br/062604071352,omid:br/061701626299
oci:062604071352-06120204998,omid:br/062604071352,omid:br/06120204998
oci:062604071352-061701625877,omid:br/062604071352,omid:br/061701625877
oci:062604071352-062103653100,omid:br/062604071352,omid:br/062103653100
oci:061403947149-061701164844,omid:br/061403947149,omid:br/061701164844
oci:061403947149-061902417525,omid:br/061403947149,omid:br/061902417525
oci:061403947149-06130194046,omid:br/061403947149,omid:br/06130194046
oci:061403947149-062103652545,omid:br/061403947149,omid:br/062103652545
oci:061403947149-0642027957,omid:br/061403947149,omid:br/0642027957
oci:061403947149-06120205152,omid:br/061403947149,omid:br/06120205152
oci:061403947149-06110215420,omid:br/061403947149,omid:br/06110215420
oci:061503946881-0643027406,omid:br/061503946881,omid:br/0643027406
oci:061503946881-06230771227,omid:br/061503946881,omid:br/06230771227
oci:062604071423-06270235688,omid:br/062604071423,omid:br/06270235688
oci:061804035008-0670843896,omid:br/061804035008,omid:br/0670843896
oci:06604482355-061201241072,omid:br/06604482355,omid:br/061201241072
oci:06304479127-0680848093,omid:br/06304479127,omid:br/0680848093
oci:061403947074-06301704636,omid:br/061403947074,omid:br/06301704636
oci:061403947074-06702593660,omid:br/061403947074,omid:br/06702593660
oci:061203954746-06304479216,omid:br/061203954746,omid:br/06304479216
oci:061203954746-061501248522,omid:br/061203954746,omid:br/061501248522
oci:061203954746-06350291686,omid:br/061203954746,omid:br/06350291686
oci:061203954746-0604832473,omid:br/061203954746,omid:br/0604832473
oci:061203954746-0642028296,omid:br/061203954746,omid:br/0642028296
oci:061603953547-061103652701,omid:br/061603953547,omid:br/061103652701
oci:061603953547-0610857674,omid:br/061603953547,omid:br/0610857674
oci:061603953547-0610857110,omid:br/061603953547,omid:br/0610857110
oci:0604665730-0647025120,omid:br/0604665730,omid:br/0647025120
oci:0604665730-06203439187,omid:br/0604665730,omid:br/06203439187
oci:06204485946-061303603306,omid:br/06204485946,omid:br/061303603306
oci:06204485946-062602153557,omid:br/06204485946,omid:br/062602153557
oci:06404498647-0641027506,omid:br/06404498647,omid:br/0641027506
oci:06404498647-061201241072,omid:br/06404498647,omid:br/061201241072
oci:0604257683-06260364960,omid:br/0604257683,omid:br/06260364960
oci:06404498953-06702593571,omid:br/06404498953,omid:br/06702593571
oci:06804487401-06120205701,omid:br/06804487401,omid:br/06120205701
oci:06804487401-0604832494,omid:br/06804487401,omid:br/0604832494
oci:062304048321-06180141162,omid:br/062304048321,omid:br/06180141162
oci:06704462098-061503960344,omid:br/06704462098,omid:br/061503960344
oci:061703960213-0604679646,omid:br/061703960213,omid:br/0604679646
oci:061703960213-06290222513,omid:br/061703960213,omid:br/06290222513
oci:061703960213-0645026233,omid:br/061703960213,omid:br/0645026233
oci:061703960213-06280233140,omid:br/061703960213,omid:br/06280233140
oci:061703960213-062604076164,omid:br/061703960213,omid:br/062604076164
oci:06704461627-06280229255,omid:br/06704461627,omid:br/06280229255
oci:06704461627-06110807681,omid:br/06704461627,omid:br/06110807681
oci:06704461627-061201082158,omid:br/06704461627,omid:br/061201082158
oci:06704461627-061201082184,omid:br/06704461627,omid:br/061201082184
oci:06704461627-06250364070,omid:br/06704461627,omid:br/06250364070
oci:06290222673-0642027957,omid:br/06290222673,omid:br/0642027957
oci:062604071432-06702593292,omid:br/062604071432,omid:br/06702593292
oci:062604071432-06804494178,omid:br/062604071432,omid:br/06804494178
oci:062604071432-06250364369,omid:br/062604071432,omid:br/06250364369
oci:0604265360-061501165911,omid:br/0604265360,omid:br/061501165911
oci:061303936410-0604832432,omid:br/061303936410,omid:br/0604832432
oci:061303936410-062103687801,omid:br/061303936410,omid:br/062103687801
oci:061303936410-06490208750,omid:br/061303936410,omid:br/06490208750
oci:06804487354-062203718465,omid:br/06804487354,omid:br/062203718465
oci:06804487354-061702419678,omid:br/06804487354,omid:br/061702419678
oci:06804487354-0635026740,omid:br/06804487354,omid:br/0635026740
oci:06804487354-061203614246,omid:br/06804487354,omid:br/061203614246
oci:06804487354-06130205922,omid:br/06804487354,omid:br/06130205922
oci:06804487354-06110215412,omid:br/06804487354,omid:br/06110215412
oci:06804487354-06150206468,omid:br/06804487354,omid:br/06150206468
oci:06804487354-061303603600,omid:br/06804487354,omid:br/061303603600
oci:06804487354-061201101668,omid:br/06804487354,omid:br/061201101668
oci:06804487354-061703527853,omid:br/06804487354,omid:br/061703527853
oci:06804487354-0670843622,omid:br/06804487354,omid:br/0670843622
oci:06804487354-06150206731,omid:br/06804487354,omid:br/06150206731
oci:06804487354-062402859002,omid:br/06804487354,omid:br/062402859002
oci:06804487354-061101111554,omid:br/06804487354,omid:br/061101111554
oci:06804487354-06802611731,omid:br/06804487354,omid:br/06802611731
oci:06804487354-06250364476,omid:br/06804487354,omid:br/06250364476
oci:061203955292-061201240926,omid:br/061203955292,omid:br/061201240926
oci:061203955292-06304479249,omid:br/061203955292,omid:br/06304479249
oci:061203955292-06530217351,omid:br/061203955292,omid:br/06530217351
oci:061203955292-062104035805,omid:br/061203955292,omid:br/062104035805
oci:061203955292-061803056398,omid:br/061203955292,omid:br/061803056398
oci:06204485911-0639027212,omid:br/06204485911,omid:br/0639027212
oci:06204485911-0648026653,omid:br/06204485911,omid:br/0648026653
oci:06204485911-0642028054,omid:br/06204485911,omid:br/0642028054
oci:06204485911-0645025718,omid:br/06204485911,omid:br/0645025718
oci:06204485911-06230989585,omid:br/06204485911,omid:br/06230989585
oci:0604518767-061301242829,omid:br/0604518767,omid:br/061301242829
oci:0604518767-06303730367,omid:br/0604518767,omid:br/06303730367
oci:0604518767-06210472365,omid:br/0604518767,omid:br/06210472365
oci:0604518767-062202429005,omid:br/0604518767,omid:br/062202429005
oci:061804035084-06401034237,omid:br/061804035084,omid:br/06401034237
oci:061804035084-061201164964,omid:br/061804035084,omid:br/061201164964
oci:061804035084-0647025197,omid:br/061804035084,omid:br/0647025197
oci:061503585625-06250364122,omid:br/061503585625,omid:br/06250364122
oci:061403947163-0604570616,omid:br/061403947163,omid:br/0604570616
oci:061403947163-06902462232,omid:br/061403947163,omid:br/06902462232
oci:061203954738-06804487283,omid:br/061203954738,omid:br/06804487283
oci:061203954738-062504059751,omid:br/061203954738,omid:br/062504059751
oci:061203954738-062204051621,omid:br/061203954738,omid:br/062204051621
oci:061703960160-06450295585,omid:br/061703960160,omid:br/06450295585
oci:061703960160-06450295656,omid:br/061703960160,omid:br/06450295656
oci:061703960160-062202428044,omid:br/061703960160,omid:br/062202428044
oci:06290222711-06260224564,omid:br/06290222711,omid:br/06260224564
oci:06290222711-06120193395,omid:br/06290222711,omid:br/06120193395
oci:06290222711-0660267209,omid:br/06290222711,omid:br/0660267209
oci:0604337214-062404061139,omid:br/0604337214,omid:br/062404061139
oci:0604337214-0648026475,omid:br/0604337214,omid:br/0648026475
oci:062104035389-062504058941,omid:br/062104035389,omid:br/062504058941
oci:062104035389-061902417519,omid:br/062104035389,omid:br/061902417519
oci:062104035389-061902417525,omid:br/062104035389,omid:br/061902417525
oci:062104035389-0642027957,omid:br/062104035389,omid:br/0642027957
oci:062104035389-061902417459,omid:br/062104035389,omid:br/061902417459
oci:062104035389-0604432305,omid:br/062104035389,omid:br/0604432305
oci:062104035389-0636027171,omid:br/062104035389,omid:br/0636027171
oci:06104490553-0650851200,omid:br/06104490553,omid:br/0650851200
oci:062604071319-0604832439,omid:br/062604071319,omid:br/0604832439
oci:062604071319-06304478840,omid:br/062604071319,omid:br/06304478840
oci:061703960142-061203955100,omid:br/061703960142,omid:br/061203955100
oci:061703960142-0610562005,omid:br/061703960142,omid:br/0610562005
oci:062204044397-06530206091,omid:br/062204044397,omid:br/06530206091
oci:062204044397-0642028147,omid:br/062204044397,omid:br/0642028147
oci:062204044397-06110739215,omid:br/062204044397,omid:br/06110739215
oci:062604071405-0604827111,omid:br/062604071405,omid:br/0604827111
oci:062604071405-06180591969,omid:br/062604071405,omid:br/06180591969
oci:062604071405-062501274620,omid:br/062604071405,omid:br/062501274620
oci:06530217091-061301243236,omid:br/06530217091,omid:br/061301243236
oci:06530217091-061401232882,omid:br/06530217091,omid:br/061401232882
oci:06530217091-0647025021,omid:br/06530217091,omid:br/0647025021
oci:06530217091-06604024777,omid:br/06530217091,omid:br/06604024777
oci:0604416683-06802611561,omid:br/0604416683,omid:br/06802611561
oci:0604416683-06120193610,omid:br/0604416683,omid:br/06120193610
oci:0604416683-062102431038,omid:br/0604416683,omid:br/062102431038
oci:06104490418-06204486162,omid:br/06104490418,omid:br/06204486162
oci:06104490418-062404061141,omid:br/06104490418,omid:br/062404061141
oci:06104490418-0638027063,omid:br/06104490418,omid:br/0638027063
oci:06404498399-0642027957,omid:br/06404498399,omid:br/0642027957
oci:06404498399-06401174083,omid:br/06404498399,omid:br/06401174083
oci:061503946912-06130786546,omid:br/061503946912,omid:br/06130786546
oci:061503946912-06704035348,omid:br/061503946912,omid:br/06704035348
oci:061503946912-062102430570,omid:br/061503946912,omid:br/062102430570
oci:06704461716-06904089400,omid:br/06704461716,omid:br/06904089400
oci:06704461716-061403947566,omid:br/06704461716,omid:br/061403947566
oci:06704461716-0648026475,omid:br/06704461716,omid:br/0648026475
oci:06704461716-06102441031,omid:br/06704461716,omid:br/06102441031
oci:062104035900-06304478655,omid:br/062104035900,omid:br/06304478655
oci:062104035900-0604832406,omid:br/062104035900,omid:br/0604832406
oci:062104035900-06702593675,omid:br/062104035900,omid:br/06702593675
oci:062104035900-0645025901,omid:br/062104035900,omid:br/0645025901
oci:062104035900-0638027111,omid:br/062104035900,omid:br/0638027111
oci:062104035900-0604832467,omid:br/062104035900,omid:br/0604832467
oci:062104035900-0604832468,omid:br/062104035900,omid:br/0604832468
oci:062104035900-0604832469,omid:br/062104035900,omid:br/0604832469
oci:061703960593-061201241361,omid:br/061703960593,omid:br/061201241361
oci:061703960593-061701164844,omid:br/061703960593,omid:br/061701164844
oci:061703960593-0642028329,omid:br/061703960593,omid:br/0642028329
oci:061703960593-0642027957,omid:br/061703960593,omid:br/0642027957
oci:061503946507-06340279891,omid:br/061503946507,omid:br/06340279891
oci:06804487432-06510211967,omid:br/06804487432,omid:br/06510211967
oci:062304048413-0639027678,omid:br/062304048413,omid:br/0639027678
oci:062304048413-0642027790,omid:br/062304048413,omid:br/0642027790
oci:062304048413-0636027406,omid:br/062304048413,omid:br/0636027406
oci:062304048413-06603038036,omid:br/062304048413,omid:br/06603038036
oci:062304048413-0604832305,omid:br/062304048413,omid:br/0604832305
oci:06530217558-06250364178,omid:br/06530217558,omid:br/06250364178
oci:06530217558-061201082411,omid:br/06530217558,omid:br/061201082411
oci:062303571161-06250363969,omid:br/062303571161,omid:br/06250363969
oci:0604226455-0642028296,omid:br/0604226455,omid:br/0642028296
oci:0604226455-0641027495,omid:br/0604226455,omid:br/0641027495
oci:0604226455-061501249221,omid:br/0604226455,omid:br/061501249221
oci:0604226455-0660882817,omid:br/0604226455,omid:br/0660882817
oci:06270230904-0639027135,omid:br/06270230904,omid:br/0639027135
oci:06270230904-0610619823,omid:br/06270230904,omid:br/0610619823
oci:061703960187-062103617015,omid:br/061703960187,omid:br/062103617015
oci:061703960187-06340372832,omid:br/061703960187,omid:br/06340372832
oci:061703960187-06270230390,omid:br/061703960187,omid:br/06270230390
oci:061703960187-06904089400,omid:br/061703960187,omid:br/06904089400
oci:061703960187-0641027334,omid:br/061703960187,omid:br/0641027334
oci:061703960187-0648026475,omid:br/061703960187,omid:br/0648026475
oci:061703960187-06510267501,omid:br/061703960187,omid:br/06510267501
oci:06704461594-0660848114,omid:br/06704461594,omid:br/0660848114
oci:06704461594-062302431700,omid:br/06704461594,omid:br/062302431700
oci:0604491922-062103707902,omid:br/0604491922,omid:br/062103707902
oci:0604491922-06520214389,omid:br/0604491922,omid:br/06520214389
oci:0604491922-06130928183,omid:br/0604491922,omid:br/06130928183
oci:0604491922-0604221140,omid:br/0604491922,omid:br/0604221140
oci:0604491922-0660847547,omid:br/0604491922,omid:br/0660847547
oci:0604491922-0670843663,omid:br/0604491922,omid:br/0670843663
oci:0604491922-0670843317,omid:br/0604491922,omid:br/0670843317
oci:061703960664-0642028296,omid:br/061703960664,omid:br/0642028296
oci:061703960664-0636028097,omid:br/061703960664,omid:br/0636028097
oci:061703960664-0636027217,omid:br/061703960664,omid:br/0636027217
oci:061703960664-061803666371,omid:br/061703960664,omid:br/061803666371
oci:061703960664-06210364036,omid:br/061703960664,omid:br/06210364036
oci:06704461954-0642028115,omid:br/06704461954,omid:br/0642028115
oci:06704461954-062403707920,omid:br/06704461954,omid:br/062403707920
oci:06704461954-0637028561,omid:br/06704461954,omid:br/0637028561
oci:06704461954-0642027957,omid:br/06704461954,omid:br/0642027957
oci:06270230888-06401034340,omid:br/06270230888,omid:br/06401034340
oci:06270230888-0604832346,omid:br/06270230888,omid:br/0604832346
oci:06270230888-06160532504,omid:br/06270230888,omid:br/06160532504
oci:06604481749-06901260132,omid:br/06604481749,omid:br/06901260132
oci:06604481749-0646026596,omid:br/06604481749,omid:br/0646026596
oci:06604481749-0635026644,omid:br/06604481749,omid:br/0635026644
oci:06604481749-06203438641,omid:br/06604481749,omid:br/06203438641
oci:06604481749-0641027673,omid:br/06604481749,omid:br/0641027673
oci:06604481749-0641027586,omid:br/06604481749,omid:br/0641027586
oci:062204044528-06604056304,omid:br/062204044528,omid:br/06604056304
oci:062204044528-06702593584,omid:br/062204044528,omid:br/06702593584
oci:062304048088-0660777379,omid:br/062304048088,omid:br/0660777379
oci:062304048088-06230977595,omid:br/062304048088,omid:br/06230977595
oci:062304048088-06240964447,omid:br/062304048088,omid:br/06240964447
oci:062304048088-0641027306,omid:br/062304048088,omid:br/0641027306
oci:062304048088-06104196507,omid:br/062304048088,omid:br/06104196507
oci:062304048088-0639027235,omid:br/062304048088,omid:br/0639027235
oci:062304048088-0639027097,omid:br/062304048088,omid:br/0639027097
oci:06304479100-06604055868,omid:br/06304479100,omid:br/06604055868
oci:06304479100-062401771888,omid:br/06304479100,omid:br/062401771888
oci:06704461865-062201143248,omid:br/06704461865,omid:br/062201143248
oci:061703960133-06601157521,omid:br/061703960133,omid:br/06601157521
oci:061703960133-062202428460,omid:br/061703960133,omid:br/062202428460
oci:06530217096-062502190747,omid:br/06530217096,omid:br/062502190747
oci:06530217096-06130206131,omid:br/06530217096,omid:br/06130206131
oci:062104035627-061801241020,omid:br/062104035627,omid:br/061801241020
oci:062104035627-06401033913,omid:br/062104035627,omid:br/06401033913
oci:062104035627-0650898666,omid:br/062104035627,omid:br/0650898666
oci:062104035627-061801240567,omid:br/062104035627,omid:br/061801240567
oci:06704462032-062103616840,omid:br/06704462032,omid:br/062103616840
oci:06704462032-06504063563,omid:br/06704462032,omid:br/06504063563
oci:06704462032-0639027678,omid:br/06704462032,omid:br/0639027678
oci:06704462032-0604832317,omid:br/06704462032,omid:br/0604832317
oci:06704462032-0630205318,omid:br/06704462032,omid:br/0630205318
oci:06704462032-06603169386,omid:br/06704462032,omid:br/06603169386
oci:06704462032-0638026938,omid:br/06704462032,omid:br/0638026938
oci:06704462032-06230969320,omid:br/06704462032,omid:br/06230969320
oci:06704462032-06250274267,omid:br/06704462032,omid:br/06250274267
oci:06704462032-065071319,omid:br/06704462032,omid:br/065071319
oci:061303936628-0604166269,omid:br/061303936628,omid:br/0604166269
oci:061303936628-062304048327,omid:br/061303936628,omid:br/062304048327
oci:061303936628-062404060870,omid:br/061303936628,omid:br/062404060870
oci:061303936628-06304478569,omid:br/061303936628,omid:br/06304478569
oci:061303936628-0642027957,omid:br/061303936628,omid:br/0642027957
oci:062604071374-062104035447,omid:br/062604071374,omid:br/062104035447
oci:062604071374-0636027406,omid:br/062604071374,omid:br/0636027406
oci:062604071374-06250274253,omid:br/062604071374,omid:br/06250274253
oci:062604071374-06250274371,omid:br/062604071374,omid:br/06250274371
oci:062604071374-06250274338,omid:br/062604071374,omid:br/06250274338
oci:062604071374-06250274344,omid:br/062604071374,omid:br/06250274344
oci:062604071374-06250274264,omid:br/062604071374,omid:br/06250274264
oci:06503996351-0650851264,omid:br/06503996351,omid:br/0650851264
oci:06503996351-0604832359,omid:br/06503996351,omid:br/0604832359
oci:06503996351-06802611376,omid:br/06503996351,omid:br/06802611376
oci:06503996351-0604832360,omid:br/06503996351,omid:br/0604832360
oci:06503996351-06702593562,omid:br/06503996351,omid:br/06702593562
oci:06503996351-0604832361,omid:br/06503996351,omid:br/0604832361
oci:06304479109-061702442576,omid:br/06304479109,omid:br/061702442576
oci:062504059639-06301030923,omid:br/062504059639,omid:br/06301030923
oci:062604071418-06240359379,omid:br/062604071418,omid:br/06240359379
oci:062604071418-06104567423,omid:br/062604071418,omid:br/06104567423
oci:061503946399-0643027310,omid:br/061503946399,omid:br/0643027310
oci:06704462107-06802612097,omid:br/06704462107,omid:br/06802612097
oci:061203954758-06530217297,omid:br/061203954758,omid:br/06530217297
oci:061203954758-06304478767,omid:br/061203954758,omid:br/06304478767
oci:061203954758-0604832472,omid:br/061203954758,omid:br/0604832472
oci:061904043640-061403947566,omid:br/061904043640,omid:br/061403947566
oci:061904043640-06280229372,omid:br/061904043640,omid:br/06280229372
oci:061904043640-0643027243,omid:br/061904043640,omid:br/0643027243
oci:06290222347-06301084662,omid:br/06290222347,omid:br/06301084662
oci:06290222347-0644027328,omid:br/06290222347,omid:br/0644027328
oci:06290222347-06104197047,omid:br/06290222347,omid:br/06104197047
oci:06290222347-062304050552,omid:br/06290222347,omid:br/062304050552
oci:06290222347-062504062487,omid:br/06290222347,omid:br/062504062487
oci:06504498424-06250364558,omid:br/06504498424,omid:br/06250364558
oci:06504498424-0640211911,omid:br/06504498424,omid:br/0640211911
oci:06504498424-0610562005,omid:br/06504498424,omid:br/0610562005
oci:06504498424-06140947359,omid:br/06504498424,omid:br/06140947359
oci:062304048300-06903665658,omid:br/062304048300,omid:br/06903665658
oci:062304048300-06402492756,omid:br/062304048300,omid:br/06402492756
oci:062304048300-06802611649,omid:br/062304048300,omid:br/06802611649
oci:062304048300-062504058953,omid:br/062304048300,omid:br/062504058953
oci:062304048300-06802611691,omid:br/062304048300,omid:br/06802611691
oci:062304048300-0604832397,omid:br/062304048300,omid:br/0604832397
oci:062104035880-0642027794,omid:br/062104035880,omid:br/0642027794
oci:061403947461-06410111914,omid:br/061403947461,omid:br/06410111914
oci:061403947461-06304478793,omid:br/061403947461,omid:br/06304478793
oci:061403947461-06304478760,omid:br/061403947461,omid:br/06304478760
oci:061403947461-0643027119,omid:br/061403947461,omid:br/0643027119
oci:061403947461-062304123247,omid:br/061403947461,omid:br/062304123247
oci:061403947461-061902417339,omid:br/061403947461,omid:br/061902417339
oci:061904043646-062104035811,omid:br/061904043646,omid:br/062104035811
oci:061904043646-061403947762,omid:br/061904043646,omid:br/061403947762
oci:061904043646-062302041766,omid:br/061904043646,omid:br/062302041766
oci:061904043646-0649025874,omid:br/061904043646,omid:br/0649025874
oci:061904043646-062403629404,omid:br/061904043646,omid:br/062403629404
oci:061904043646-06102441859,omid:br/061904043646,omid:br/06102441859
oci:061904043646-062102037923,omid:br/061904043646,omid:br/062102037923
oci:062104035621-06210364268,omid:br/062104035621,omid:br/06210364268
oci:062104035621-0635026929,omid:br/062104035621,omid:br/0635026929
oci:062604071189-06250363970,omid:br/062604071189,omid:br/06250363970
oci:061503946566-061502236819,omid:br/061503946566,omid:br/061502236819
oci:061503946566-06802612085,omid:br/061503946566,omid:br/06802612085
oci:06804487314-06501177415,omid:br/06804487314,omid:br/06501177415
oci:06804487314-06120193685,omid:br/06804487314,omid:br/06120193685
oci:06904088788-06280229393,omid:br/06904088788,omid:br/06280229393
oci:06904088788-0643026818,omid:br/06904088788,omid:br/0643026818
oci:06904088788-0650265258,omid:br/06904088788,omid:br/0650265258
oci:06270230865-0643027357,omid:br/06270230865,omid:br/0643027357
oci:06270230865-062601179229,omid:br/06270230865,omid:br/062601179229
oci:06270230865-0644027122,omid:br/06270230865,omid:br/0644027122
oci:06270230865-061601167608,omid:br/06270230865,omid:br/061601167608
oci:06270230865-061601167285,omid:br/06270230865,omid:br/061601167285
oci:06270230865-0637028693,omid:br/06270230865,omid:br/0637028693
oci:06904088809-06504063446,omid:br/06904088809,omid:br/06504063446
oci:06904088809-061901166307,omid:br/06904088809,omid:br/061901166307
oci:06904088809-061601167063,omid:br/06904088809,omid:br/061601167063
oci:06904088809-0644027072,omid:br/06904088809,omid:br/0644027072
oci:06904088809-0651025726,omid:br/06904088809,omid:br/0651025726
oci:06904088809-06260224494,omid:br/06904088809,omid:br/06260224494
oci:06904088809-06180575747,omid:br/06904088809,omid:br/06180575747
oci:06904088809-06250274237,omid:br/06904088809,omid:br/06250274237
oci:06704461580-06220480922,omid:br/06704461580,omid:br/06220480922
oci:06704461580-061902417921,omid:br/06704461580,omid:br/061902417921
oci:06270230836-061802428104,omid:br/06270230836,omid:br/061802428104
oci:06270230836-06220883399,omid:br/06270230836,omid:br/06220883399
oci:062604071150-06802612125,omid:br/062604071150,omid:br/06802612125
oci:062604071150-06802611776,omid:br/062604071150,omid:br/06802611776
oci:06290222678-0604832415,omid:br/06290222678,omid:br/0604832415
oci:06290222678-06802611697,omid:br/06290222678,omid:br/06802611697
oci:06290222678-06801170350,omid:br/06290222678,omid:br/06801170350
oci:06290222678-06520205298,omid:br/06290222678,omid:br/06520205298
oci:06290222678-06802611354,omid:br/06290222678,omid:br/06802611354
oci:06304478506-061401232882,omid:br/06304478506,omid:br/061401232882
oci:06304478506-06403730477,omid:br/06304478506,omid:br/06403730477
oci:06304478506-0641027903,omid:br/06304478506,omid:br/0641027903
oci:06304478506-061201240810,omid:br/06304478506,omid:br/061201240810
oci:06304478506-0641027091,omid:br/06304478506,omid:br/0641027091
oci:06304478506-0642028166,omid:br/06304478506,omid:br/0642028166
oci:06304478506-062401182012,omid:br/06304478506,omid:br/062401182012
oci:06304478506-062503506357,omid:br/06304478506,omid:br/062503506357
oci:06304478506-06101225060,omid:br/06304478506,omid:br/06101225060
oci:06304478506-062601227016,omid:br/06304478506,omid:br/062601227016
oci:06304478506-061803056733,omid:br/06304478506,omid:br/061803056733
oci:06304478506-061703067966,omid:br/06304478506,omid:br/061703067966
oci:06304478506-061303471532,omid:br/06304478506,omid:br/061303471532
oci:06304478506-0640848916,omid:br/06304478506,omid:br/0640848916
oci:06304478506-062601226897,omid:br/06304478506,omid:br/062601226897
oci:06304478506-061402388760,omid:br/06304478506,omid:br/061402388760
oci:06304478506-062501197249,omid:br/06304478506,omid:br/062501197249
oci:06304478506-06201156832,omid:br/06304478506,omid:br/06201156832
oci:06304478506-0604523909,omid:br/06304478506,omid:br/0604523909
oci:06304478506-06601214859,omid:br/06304478506,omid:br/06601214859
oci:06304478506-0660847858,omid:br/06304478506,omid:br/0660847858
oci:06304478506-06260899947,omid:br/06304478506,omid:br/06260899947
oci:06904088791-061201241361,omid:br/06904088791,omid:br/061201241361
oci:06904088791-0642028296,omid:br/06904088791,omid:br/0642028296
oci:06904088791-0641027619,omid:br/06904088791,omid:br/0641027619
oci:06904088791-0604832406,omid:br/06904088791,omid:br/0604832406
oci:06904088791-062404061124,omid:br/06904088791,omid:br/062404061124
oci:06904088791-0650885667,omid:br/06904088791,omid:br/0650885667
oci:06904088791-0642027957,omid:br/06904088791,omid:br/0642027957
oci:06904088791-061902417480,omid:br/06904088791,omid:br/061902417480
oci:062104035403-06160990832,omid:br/062104035403,omid:br/06160990832
oci:062104035403-06160990879,omid:br/062104035403,omid:br/06160990879
oci:062104035403-0618082337,omid:br/062104035403,omid:br/0618082337
oci:06804487389-06603141610,omid:br/06804487389,omid:br/06603141610
oci:06804487389-061303603693,omid:br/06804487389,omid:br/061303603693
oci:06804487389-061701626444,omid:br/06804487389,omid:br/061701626444
oci:06804487389-06304194636,omid:br/06804487389,omid:br/06304194636
oci:06804487389-06150206468,omid:br/06804487389,omid:br/06150206468
oci:06804487389-0634027472,omid:br/06804487389,omid:br/0634027472
oci:06804487389-06603141598,omid:br/06804487389,omid:br/06603141598
oci:06804487389-0646026986,omid:br/06804487389,omid:br/0646026986
oci:06804487389-06403909546,omid:br/06804487389,omid:br/06403909546
oci:06804487389-062101200812,omid:br/06804487389,omid:br/062101200812
oci:06804487389-062203718204,omid:br/06804487389,omid:br/062203718204
oci:06804487389-061101111329,omid:br/06804487389,omid:br/061101111329
oci:06804487389-061901250406,omid:br/06804487389,omid:br/061901250406
oci:06804487389-0604832457,omid:br/06804487389,omid:br/0604832457
oci:06704461931-0634027474,omid:br/06704461931,omid:br/0634027474
oci:06704461931-0635026713,omid:br/06704461931,omid:br/0635026713
oci:06704461931-061802041403,omid:br/06704461931,omid:br/061802041403
oci:06704461931-06140260501,omid:br/06704461931,omid:br/06140260501
oci:06704461931-06170261475,omid:br/06704461931,omid:br/06170261475
oci:06704461931-0635026549,omid:br/06704461931,omid:br/0635026549
oci:06404498905-06702593134,omid:br/06404498905,omid:br/06702593134
oci:06404498905-06702593151,omid:br/06404498905,omid:br/06702593151
oci:06204485873-06901175348,omid:br/06204485873,omid:br/06901175348
oci:06204485873-0642027957,omid:br/06204485873,omid:br/0642027957
oci:06204485873-0650851725,omid:br/06204485873,omid:br/0650851725
oci:06204485873-06130205351,omid:br/06204485873,omid:br/06130205351
oci:061904043593-06304479234,omid:br/061904043593,omid:br/06304479234
oci:062104035399-0604432307,omid:br/062104035399,omid:br/0604432307
oci:062104035399-06130479672,omid:br/062104035399,omid:br/06130479672
oci:062104035399-062501129526,omid:br/062104035399,omid:br/062501129526
oci:062104035399-06130928021,omid:br/062104035399,omid:br/06130928021
oci:062104035399-06130928174,omid:br/062104035399,omid:br/06130928174
oci:062104035392-061403947422,omid:br/062104035392,omid:br/061403947422
oci:06804487316-0603984489,omid:br/06804487316,omid:br/0603984489
oci:06804487316-0604832456,omid:br/06804487316,omid:br/0604832456
oci:06404498438-06303729708,omid:br/06404498438,omid:br/06303729708
oci:061503946945-061403947436,omid:br/061503946945,omid:br/061403947436
oci:061503946945-0640268786,omid:br/061503946945,omid:br/0640268786
oci:061503946868-06304478767,omid:br/061503946868,omid:br/06304478767
oci:061503946868-061104088270,omid:br/061503946868,omid:br/061104088270
oci:061503946868-061203955022,omid:br/061503946868,omid:br/061203955022
oci:061503946868-0642027957,omid:br/061503946868,omid:br/0642027957
oci:061503946868-0604832472,omid:br/061503946868,omid:br/0604832472
oci:061503946936-06240260570,omid:br/061503946936,omid:br/06240260570
oci:061503946936-06160266122,omid:br/061503946936,omid:br/06160266122
oci:06404498977-06250363809,omid:br/06404498977,omid:br/06250363809
oci:06304479093-0630849731,omid:br/06304479093,omid:br/0630849731
oci:06304479093-0642027957,omid:br/06304479093,omid:br/0642027957
oci:06304479093-0636028097,omid:br/06304479093,omid:br/0636028097
oci:06304479093-061503027217,omid:br/06304479093,omid:br/061503027217
oci:06604481958-06802611696,omid:br/06604481958,omid:br/06802611696
oci:061703960660-0642027957,omid:br/061703960660,omid:br/0642027957
oci:061703960660-06130194046,omid:br/061703960660,omid:br/06130194046
oci:061703960660-061902417298,omid:br/061703960660,omid:br/061902417298
oci:06104490372-06290222493,omid:br/06104490372,omid:br/06290222493
oci:06104490372-0604832413,omid:br/06104490372,omid:br/0604832413
oci:06520214578-06501036599,omid:br/06520214578,omid:br/06501036599
oci:06520214578-0640208953,omid:br/06520214578,omid:br/0640208953
oci:06520214578-06303526754,omid:br/06520214578,omid:br/06303526754
oci:061804035696-06170448333,omid:br/061804035696,omid:br/06170448333
oci:06804487332-061101111567,omid:br/06804487332,omid:br/061101111567
oci:06804487332-06702593584,omid:br/06804487332,omid:br/06702593584
oci:06280229225-06340223289,omid:br/06280229225,omid:br/06340223289
oci:061703960686-06160534209,omid:br/061703960686,omid:br/06160534209
oci:061703960686-061303592980,omid:br/061703960686,omid:br/061303592980
oci:06270231064-061203635987,omid:br/06270231064,omid:br/061203635987
oci:06270231064-061201155096,omid:br/06270231064,omid:br/061201155096
oci:06270231064-062103707395,omid:br/06270231064,omid:br/062103707395
oci:06270231064-06230559987,omid:br/06270231064,omid:br/06230559987
oci:06270231064-06704115948,omid:br/06270231064,omid:br/06704115948
oci:06270231064-061303577440,omid:br/06270231064,omid:br/061303577440
oci:06270231064-06203920390,omid:br/06270231064,omid:br/06203920390
oci:06270231064-0604832318,omid:br/06270231064,omid:br/0604832318
oci:06804487410-0604832316,omid:br/06804487410,omid:br/0604832316
oci:06804487410-0604832451,omid:br/06804487410,omid:br/0604832451
oci:06604481819-061301243161,omid:br/06604481819,omid:br/061301243161
oci:06604481819-062301250767,omid:br/06604481819,omid:br/062301250767
oci:06604481819-06220767931,omid:br/06604481819,omid:br/06220767931
oci:06304478893-06304470957,omid:br/06304478893,omid:br/06304470957
oci:061804035255-06504043004,omid:br/061804035255,omid:br/06504043004
oci:061804035255-0604832308,omid:br/061804035255,omid:br/0604832308
oci:061804035255-0630849337,omid:br/061804035255,omid:br/0630849337
oci:061804035255-0604832309,omid:br/061804035255,omid:br/0604832309
oci:061804035255-06704013236,omid:br/061804035255,omid:br/06704013236
oci:061804035255-06250364042,omid:br/061804035255,omid:br/06250364042
oci:061804035255-06250364145,omid:br/061804035255,omid:br/06250364145
oci:06704461858-061803056733,omid:br/06704461858,omid:br/061803056733
oci:06704461858-061703067966,omid:br/06704461858,omid:br/061703067966
oci:06704461858-0647025009,omid:br/06704461858,omid:br/0647025009
oci:06604482410-061403947422,omid:br/06604482410,omid:br/061403947422
oci:061703960602-0645025508,omid:br/061703960602,omid:br/0645025508
oci:061703960602-0647025206,omid:br/061703960602,omid:br/0647025206
oci:06704461556-06903640667,omid:br/06704461556,omid:br/06903640667
oci:06704461556-06250364582,omid:br/06704461556,omid:br/06250364582
oci:06704461556-06210364484,omid:br/06704461556,omid:br/06210364484
oci:06520214590-062103652761,omid:br/06520214590,omid:br/062103652761
oci:06520214590-06150206784,omid:br/06520214590,omid:br/06150206784
oci:06704461513-06250364496,omid:br/06704461513,omid:br/06250364496
oci:06704461513-06210364487,omid:br/06704461513,omid:br/06210364487
oci:0603977202-06701203513,omid:br/0603977202,omid:br/06701203513
oci:0603977202-0635026778,omid:br/0603977202,omid:br/0635026778
oci:0603977202-06250355686,omid:br/0603977202,omid:br/06250355686
oci:061104088157-0604832377,omid:br/061104088157,omid:br/0604832377
oci:061104088157-061603601892,omid:br/061104088157,omid:br/061603601892
oci:06704461869-06280229239,omid:br/06704461869,omid:br/06280229239
oci:06704461869-06280229318,omid:br/06704461869,omid:br/06280229318
oci:06704461869-06304478766,omid:br/06704461869,omid:br/06304478766
oci:06704461869-06280229309,omid:br/06704461869,omid:br/06280229309
oci:06704461869-0670890176,omid:br/06704461869,omid:br/0670890176
oci:06704461869-06280229260,omid:br/06704461869,omid:br/06280229260
oci:06704461869-0642027790,omid:br/06704461869,omid:br/0642027790
oci:06704461869-0604832475,omid:br/06704461869,omid:br/0604832475
oci:061603953572-0642017167,omid:br/061603953572,omid:br/0642017167
oci:061603953572-062302432010,omid:br/061603953572,omid:br/062302432010
oci:061603953572-06310213697,omid:br/061603953572,omid:br/06310213697
oci:061603953572-062404065573,omid:br/061603953572,omid:br/062404065573
oci:0604265379-0680848054,omid:br/0604265379,omid:br/0680848054
oci:0604265379-062501817099,omid:br/0604265379,omid:br/062501817099
oci:0604265379-06260223728,omid:br/0604265379,omid:br/06260223728
oci:06704462108-06702592875,omid:br/06704462108,omid:br/06702592875
oci:062204044522-061901250621,omid:br/062204044522,omid:br/061901250621
oci:062204044522-0660596771,omid:br/062204044522,omid:br/0660596771
oci:062204044522-06510267886,omid:br/062204044522,omid:br/06510267886
oci:062204044522-061802873567,omid:br/062204044522,omid:br/061802873567
oci:062204044522-061902440758,omid:br/062204044522,omid:br/061902440758
oci:062204044522-062102430633,omid:br/062204044522,omid:br/062102430633
oci:061703960543-061301242433,omid:br/061703960543,omid:br/061301242433
oci:061804035068-06303729915,omid:br/061804035068,omid:br/06303729915
oci:061104088437-0636027223,omid:br/061104088437,omid:br/0636027223
oci:061104088437-061802188907,omid:br/061104088437,omid:br/061802188907
oci:061403947429-061403557341,omid:br/061403947429,omid:br/061403557341
oci:061403947429-06530216945,omid:br/061403947429,omid:br/06530216945
oci:061403947429-061103322415,omid:br/061403947429,omid:br/061103322415
oci:061403947429-0641028042,omid:br/061403947429,omid:br/0641028042
oci:06270230616-06280228742,omid:br/06270230616,omid:br/06280228742
oci:06704461379-06504063566,omid:br/06704461379,omid:br/06504063566
oci:06704461379-062103652638,omid:br/06704461379,omid:br/062103652638
oci:06704461379-06601336927,omid:br/06704461379,omid:br/06601336927
oci:06704461379-06702593670,omid:br/06704461379,omid:br/06702593670
oci:061303936821-06401174122,omid:br/061303936821,omid:br/06401174122
oci:061303936821-0680848051,omid:br/061303936821,omid:br/0680848051
oci:061303936821-061403292096,omid:br/061303936821,omid:br/061403292096
oci:0604708173-061601249919,omid:br/0604708173,omid:br/061601249919
oci:0604708173-06250364559,omid:br/0604708173,omid:br/06250364559
oci:0604708173-06401034097,omid:br/0604708173,omid:br/06401034097
oci:06270230639-06501036656,omid:br/06270230639,omid:br/06501036656
oci:062304047693-0604832446,omid:br/062304047693,omid:br/0604832446
oci:062604070934-06401033782,omid:br/062604070934,omid:br/06401033782
oci:062604070934-06401034280,omid:br/062604070934,omid:br/06401034280
oci:062604070934-0650851614,omid:br/062604070934,omid:br/0650851614
oci:062604070934-06204178064,omid:br/062604070934,omid:br/06204178064
oci:062604070934-0638026224,omid:br/062604070934,omid:br/0638026224
oci:062604070918-0660895320,omid:br/062604070918,omid:br/0660895320
oci:062604070918-0642027957,omid:br/062604070918,omid:br/0642027957
oci:062604070918-0643027243,omid:br/062604070918,omid:br/0643027243
oci:061104088435-061702117335,omid:br/061104088435,omid:br/061702117335
oci:061104088435-061601002892,omid:br/061104088435,omid:br/061601002892
oci:06904088763-0690806766,omid:br/06904088763,omid:br/0690806766
oci:06904088763-06260810351,omid:br/06904088763,omid:br/06260810351
oci:06904088763-06520227844,omid:br/06904088763,omid:br/06520227844
oci:06904088763-06501348391,omid:br/06904088763,omid:br/06501348391
oci:062604071299-0680848130,omid:br/062604071299,omid:br/0680848130
oci:06804487303-061203635987,omid:br/06804487303,omid:br/061203635987
oci:06804487303-0638027117,omid:br/06804487303,omid:br/0638027117
oci:06804487303-062404065841,omid:br/06804487303,omid:br/062404065841
oci:06804487303-0647025401,omid:br/06804487303,omid:br/0647025401
oci:06804487303-06802611626,omid:br/06804487303,omid:br/06802611626
oci:06804487303-06270235710,omid:br/06804487303,omid:br/06270235710
oci:06804487303-0604529377,omid:br/06804487303,omid:br/0604529377
oci:06104490329-061103081320,omid:br/06104490329,omid:br/061103081320
oci:06104490329-06903798266,omid:br/06104490329,omid:br/06903798266
oci:06104490329-062102430977,omid:br/06104490329,omid:br/062102430977
oci:06604482046-06150797286,omid:br/06604482046,omid:br/06150797286
oci:06604482046-06903665533,omid:br/06604482046,omid:br/06903665533
oci:06604482046-0630802188,omid:br/06604482046,omid:br/0630802188
oci:06704461935-0604832394,omid:br/06704461935,omid:br/0604832394
oci:06704461935-062103050670,omid:br/06704461935,omid:br/062103050670
oci:061503946482-061502882277,omid:br/061503946482,omid:br/061502882277
oci:061503946482-0604832384,omid:br/061503946482,omid:br/0604832384
oci:061503946482-061302242515,omid:br/061503946482,omid:br/061302242515
oci:06280228950-0636027446,omid:br/06280228950,omid:br/0636027446
oci:06280228950-061201240695,omid:br/06280228950,omid:br/061201240695
oci:06280228950-062202428170,omid:br/06280228950,omid:br/062202428170
oci:06530217514-0604832349,omid:br/06530217514,omid:br/0604832349
oci:06530217514-0680847659,omid:br/06530217514,omid:br/0680847659
oci:061203955285-06403730579,omid:br/061203955285,omid:br/06403730579
oci:061203955285-061101093027,omid:br/061203955285,omid:br/061101093027
oci:06404498938-062203574806,omid:br/06404498938,omid:br/062203574806
oci:061103596377-06250364041,omid:br/061103596377,omid:br/06250364041
oci:06270231100-062403634760,omid:br/06270231100,omid:br/062403634760
oci:06270231100-06140789428,omid:br/06270231100,omid:br/06140789428
oci:06270231100-0604832319,omid:br/06270231100,omid:br/0604832319
oci:06270231100-06802611576,omid:br/06270231100,omid:br/06802611576
oci:06270231100-061402210870,omid:br/06270231100,omid:br/061402210870
oci:0604080351-062103652638,omid:br/0604080351,omid:br/062103652638
oci:0604080351-061903671312,omid:br/0604080351,omid:br/061903671312
oci:0604080351-061204033839,omid:br/0604080351,omid:br/061204033839
oci:0604080351-06802611497,omid:br/0604080351,omid:br/06802611497
oci:0604080351-06802611784,omid:br/0604080351,omid:br/06802611784
oci:06704461866-062101100798,omid:br/06704461866,omid:br/062101100798
oci:06704461866-061501140484,omid:br/06704461866,omid:br/061501140484
oci:06704461866-061701137802,omid:br/06704461866,omid:br/061701137802
oci:06704461866-061303478104,omid:br/06704461866,omid:br/061303478104
oci:06704461866-061901111258,omid:br/06704461866,omid:br/061901111258
oci:06704461866-0642027563,omid:br/06704461866,omid:br/0642027563
oci:06704461866-064304787,omid:br/06704461866,omid:br/064304787
oci:06704461866-062102430836,omid:br/06704461866,omid:br/062102430836
oci:062204044860-061503946993,omid:br/062204044860,omid:br/061503946993
oci:06530217511-062202385952,omid:br/06530217511,omid:br/062202385952
oci:06704461801-06280229318,omid:br/06704461801,omid:br/06280229318
oci:06704461801-06280229306,omid:br/06704461801,omid:br/06280229306
oci:06704461801-0604832476,omid:br/06704461801,omid:br/0604832476
oci:061703960583-061104088294,omid:br/061703960583,omid:br/061104088294
oci:061703960583-06130786546,omid:br/061703960583,omid:br/06130786546
oci:061703960583-06704035449,omid:br/061703960583,omid:br/06704035449
oci:061703960583-06220789168,omid:br/061703960583,omid:br/06220789168
oci:061703960583-06450344612,omid:br/061703960583,omid:br/06450344612
oci:061503947099-0680847591,omid:br/061503947099,omid:br/0680847591
oci:061503947099-06201171839,omid:br/061503947099,omid:br/06201171839
oci:06520214377-062104035451,omid:br/06520214377,omid:br/062104035451
oci:062204044285-06401174083,omid:br/062204044285,omid:br/06401174083
oci:062204044285-061303936466,omid:br/062204044285,omid:br/061303936466
oci:062204044285-06520214389,omid:br/062204044285,omid:br/06520214389
oci:062204044285-0635026404,omid:br/062204044285,omid:br/0635026404
oci:062204044285-06120205715,omid:br/062204044285,omid:br/06120205715
oci:062204044285-0642027957,omid:br/062204044285,omid:br/0642027957
oci:062204044285-061104133141,omid:br/062204044285,omid:br/061104133141
oci:062204044285-061902417371,omid:br/062204044285,omid:br/061902417371
oci:06304478952-06460272793,omid:br/06304478952,omid:br/06460272793
oci:06304478952-06304488550,omid:br/06304478952,omid:br/06304488550
oci:06304478952-062104064351,omid:br/06304478952,omid:br/062104064351
oci:06304479136-061201240926,omid:br/06304479136,omid:br/061201240926
oci:06304479136-0690806770,omid:br/06304479136,omid:br/0690806770
oci:06304479136-0650851089,omid:br/06304479136,omid:br/0650851089
oci:06304479136-06250364365,omid:br/06304479136,omid:br/06250364365
oci:062104035907-06304478762,omid:br/062104035907,omid:br/06304478762
oci:062104035907-06210364021,omid:br/062104035907,omid:br/06210364021
oci:062604071305-06304479003,omid:br/062604071305,omid:br/06304479003
oci:062604071305-06530217351,omid:br/062604071305,omid:br/06530217351
oci:062604071305-062104035421,omid:br/062604071305,omid:br/062104035421
oci:062604071305-0640484963,omid:br/062604071305,omid:br/0640484963
oci:0604065881-0639027356,omid:br/0604065881,omid:br/0639027356
oci:0604065881-0642049953,omid:br/0604065881,omid:br/0642049953
oci:0604065881-0647047875,omid:br/0604065881,omid:br/0647047875
oci:0604065881-063071402,omid:br/0604065881,omid:br/063071402
oci:0604065881-0644027283,omid:br/0604065881,omid:br/0644027283
oci:0604065881-06140203748,omid:br/0604065881,omid:br/06140203748
oci:0604065881-0635026847,omid:br/0604065881,omid:br/0635026847
oci:06520214648-0650851557,omid:br/06520214648,omid:br/0650851557
oci:06520214648-061301348045,omid:br/06520214648,omid:br/061301348045
oci:06520214648-06150263215,omid:br/06520214648,omid:br/06150263215
oci:06520214648-0640269147,omid:br/06520214648,omid:br/0640269147
oci:06520214648-0640848281,omid:br/06520214648,omid:br/0640848281
oci:06520214648-0604832461,omid:br/06520214648,omid:br/0604832461
oci:06520214648-062303572424,omid:br/06520214648,omid:br/062303572424
oci:061303564734-06702593483,omid:br/061303564734,omid:br/06702593483
oci:06804486813-0638026224,omid:br/06804486813,omid:br/0638026224
oci:06804486813-061203635987,omid:br/06804486813,omid:br/061203635987
oci:061503946840-06530217661,omid:br/061503946840,omid:br/06530217661
oci:061503946436-0604832381,omid:br/061503946436,omid:br/0604832381
oci:06304478499-06401174119,omid:br/06304478499,omid:br/06401174119
oci:06304478499-0640799151,omid:br/06304478499,omid:br/0640799151
oci:06304478499-061102182134,omid:br/06304478499,omid:br/061102182134
oci:06304478499-0680848130,omid:br/06304478499,omid:br/0680848130
oci:06304478499-0640848923,omid:br/06304478499,omid:br/0640848923
oci:06304478499-061803056402,omid:br/06304478499,omid:br/061803056402
oci:06304478499-06602149396,omid:br/06304478499,omid:br/06602149396
oci:06104490352-06804486985,omid:br/06104490352,omid:br/06804486985
oci:06104490352-0653025638,omid:br/06104490352,omid:br/0653025638
oci:06104490352-061802212795,omid:br/06104490352,omid:br/061802212795
oci:06104490352-061303936781,omid:br/06104490352,omid:br/061303936781
oci:06104490352-062301123560,omid:br/06104490352,omid:br/062301123560
oci:06104490352-061403947554,omid:br/06104490352,omid:br/061403947554
oci:06104490352-0639027189,omid:br/06104490352,omid:br/0639027189
oci:06104490352-062403598573,omid:br/06104490352,omid:br/062403598573
oci:06104490352-06150930190,omid:br/06104490352,omid:br/06150930190
oci:06104490352-0640268786,omid:br/06104490352,omid:br/0640268786
oci:061703960509-06520214754,omid:br/061703960509,omid:br/06520214754
oci:061703960509-06280229330,omid:br/061703960509,omid:br/06280229330
oci:061703960509-061902417504,omid:br/061703960509,omid:br/061902417504
oci:061703960509-0642027957,omid:br/061703960509,omid:br/0642027957
oci:062104035901-06280228742,omid:br/062104035901,omid:br/06280228742
oci:062104035451-06401174119,omid:br/062104035451,omid:br/06401174119
oci:062104035451-0647025039,omid:br/062104035451,omid:br/0647025039
oci:062104035451-0637028232,omid:br/062104035451,omid:br/0637028232
oci:06520214314-061403291821,omid:br/06520214314,omid:br/061403291821
oci:06520214314-0670843879,omid:br/06520214314,omid:br/0670843879
oci:06703974902-062401686388,omid:br/06703974902,omid:br/062401686388
oci:062304047821-0637028982,omid:br/062304047821,omid:br/0637028982
oci:061804035882-06401033531,omid:br/061804035882,omid:br/06401033531
oci:061804035882-06140814470,omid:br/061804035882,omid:br/06140814470
oci:061804035882-0642028118,omid:br/061804035882,omid:br/0642028118
oci:061804035882-061902417371,omid:br/061804035882,omid:br/061902417371
oci:061804035882-0670843879,omid:br/061804035882,omid:br/0670843879
oci:061804035882-0643026883,omid:br/061804035882,omid:br/0643026883
oci:061804035882-0643027119,omid:br/061804035882,omid:br/0643027119
oci:061804035882-061902417339,omid:br/061804035882,omid:br/061902417339
oci:061804035882-061902417921,omid:br/061804035882,omid:br/061902417921
oci:061503946613-06802611463,omid:br/061503946613,omid:br/06802611463
oci:061503946613-062304051396,omid:br/061503946613,omid:br/062304051396
oci:0604066964-06901261221,omid:br/0604066964,omid:br/06901261221
oci:06804486805-0670843689,omid:br/06804486805,omid:br/0670843689
oci:06804486805-0630849763,omid:br/06804486805,omid:br/0630849763
oci:061703960557-061802042097,omid:br/061703960557,omid:br/061802042097
oci:061703960557-0639027097,omid:br/061703960557,omid:br/0639027097
oci:06304478930-06303228311,omid:br/06304478930,omid:br/06303228311
oci:062104035420-0639027189,omid:br/062104035420,omid:br/0639027189
oci:062104035420-0652025479,omid:br/062104035420,omid:br/0652025479
oci:062104035420-0652024899,omid:br/062104035420,omid:br/0652024899
oci:062104035420-0639027818,omid:br/062104035420,omid:br/0639027818
oci:062504059318-0643027243,omid:br/062504059318,omid:br/0643027243
oci:062504059318-0670843689,omid:br/062504059318,omid:br/0670843689
oci:062504059318-0643026883,omid:br/062504059318,omid:br/0643026883
oci:061804035087-062501700186,omid:br/061804035087,omid:br/062501700186
oci:061804035087-0660894746,omid:br/061804035087,omid:br/0660894746
oci:061804035087-062102856895,omid:br/061804035087,omid:br/062102856895
oci:061804035087-06210364534,omid:br/061804035087,omid:br/06210364534
oci:061804035087-06802612242,omid:br/061804035087,omid:br/06802612242
oci:061804035087-06802612268,omid:br/061804035087,omid:br/06802612268
oci:061804035087-06802612134,omid:br/061804035087,omid:br/06802612134
oci:061804035087-06802612191,omid:br/061804035087,omid:br/06802612191
oci:061804035087-061502236844,omid:br/061804035087,omid:br/061502236844
oci:061104088640-061203954696,omid:br/061104088640,omid:br/061203954696
oci:061104088640-0652025122,omid:br/061104088640,omid:br/0652025122
oci:06504498511-06804487132,omid:br/06504498511,omid:br/06804487132
oci:06504498511-06280229277,omid:br/06504498511,omid:br/06280229277
oci:06504498511-06804487156,omid:br/06504498511,omid:br/06804487156
oci:06504498511-0604832487,omid:br/06504498511,omid:br/0604832487
oci:06504498511-0643027243,omid:br/06504498511,omid:br/0643027243
oci:06504498511-0642027957,omid:br/06504498511,omid:br/0642027957
oci:061703960563-061203486960,omid:br/061703960563,omid:br/061203486960
oci:061703960563-061203486959,omid:br/061703960563,omid:br/061203486959
oci:061403947133-06501176993,omid:br/061403947133,omid:br/06501176993
oci:061403947133-06201171609,omid:br/061403947133,omid:br/06201171609
oci:061403947133-062201155499,omid:br/061403947133,omid:br/062201155499
oci:061403947133-062203665018,omid:br/061403947133,omid:br/062203665018
oci:061403947133-06120205594,omid:br/061403947133,omid:br/06120205594
oci:061403947133-062103707668,omid:br/061403947133,omid:br/062103707668
oci:061403947133-062103653291,omid:br/061403947133,omid:br/062103653291
oci:061403947133-06204030875,omid:br/061403947133,omid:br/06204030875
oci:061403947133-06702593619,omid:br/061403947133,omid:br/06702593619
oci:061403947133-06802611811,omid:br/061403947133,omid:br/06802611811
oci:062104035435-06250274265,omid:br/062104035435,omid:br/06250274265
oci:0604265366-062603654085,omid:br/0604265366,omid:br/062603654085
oci:0604265366-062502854172,omid:br/0604265366,omid:br/062502854172
oci:0604265366-0644017305,omid:br/0604265366,omid:br/0644017305
oci:0604265366-06270235304,omid:br/0604265366,omid:br/06270235304
oci:06104490411-061301243218,omid:br/06104490411,omid:br/061301243218
oci:06104490411-06904088787,omid:br/06104490411,omid:br/06904088787
oci:06404498643-06304478791,omid:br/06404498643,omid:br/06304478791
oci:06404498643-061203954679,omid:br/06404498643,omid:br/061203954679
oci:06404498643-06520214153,omid:br/06404498643,omid:br/06520214153
oci:06404498643-06304479031,omid:br/06404498643,omid:br/06304479031
oci:062504059627-061401232520,omid:br/062504059627,omid:br/061401232520
oci:062504059627-06501177415,omid:br/062504059627,omid:br/06501177415
oci:06290222657-06504338254,omid:br/06290222657,omid:br/06504338254
oci:06290222657-0604832416,omid:br/06290222657,omid:br/0604832416
oci:061904043590-06401174083,omid:br/061904043590,omid:br/06401174083
oci:061904043590-061503946239,omid:br/061904043590,omid:br/061503946239
oci:061904043590-062404061124,omid:br/061904043590,omid:br/062404061124
oci:061104088569-061701164844,omid:br/061104088569,omid:br/061701164844
oci:061104088569-06401174083,omid:br/061104088569,omid:br/06401174083
oci:061503946516-06160583946,omid:br/061503946516,omid:br/06160583946
oci:06530217516-0630849787,omid:br/06530217516,omid:br/0630849787
oci:06530217516-0620846730,omid:br/06530217516,omid:br/0620846730
oci:062604071488-06802134283,omid:br/062604071488,omid:br/06802134283
oci:062604071488-06702116474,omid:br/062604071488,omid:br/06702116474
oci:062104035595-06150797253,omid:br/062104035595,omid:br/06150797253
oci:062104035938-06401174083,omid:br/062104035938,omid:br/06401174083
oci:062104035938-061203954654,omid:br/062104035938,omid:br/061203954654
oci:062104035938-0642027957,omid:br/062104035938,omid:br/0642027957
oci:062104035938-06110214370,omid:br/062104035938,omid:br/06110214370
oci:062304048333-061403947496,omid:br/062304048333,omid:br/061403947496
oci:062304048333-0604358522,omid:br/062304048333,omid:br/0604358522
oci:062304048333-0647024898,omid:br/062304048333,omid:br/0647024898
oci:06504498759-06140797785,omid:br/06504498759,omid:br/06140797785
oci:06404498727-0644026649,omid:br/06404498727,omid:br/0644026649
oci:06404498727-0639027189,omid:br/06404498727,omid:br/0639027189
oci:06404498727-0636027171,omid:br/06404498727,omid:br/0636027171
oci:06804487388-06150206089,omid:br/06804487388,omid:br/06150206089
oci:06804487388-06150206689,omid:br/06804487388,omid:br/06150206689
oci:06804487388-061203614246,omid:br/06804487388,omid:br/061203614246
oci:06804487388-061303603693,omid:br/06804487388,omid:br/061303603693
oci:06804487388-061101111490,omid:br/06804487388,omid:br/061101111490
oci:06804487388-06903640424,omid:br/06804487388,omid:br/06903640424
oci:06804487388-061101111554,omid:br/06804487388,omid:br/061101111554
oci:061804035614-062603083762,omid:br/061804035614,omid:br/062603083762
oci:061804035614-062603083257,omid:br/061804035614,omid:br/062603083257
oci:061804035614-062403047182,omid:br/061804035614,omid:br/062403047182
oci:0604257747-062404065819,omid:br/0604257747,omid:br/062404065819
oci:0604257747-062404065885,omid:br/0604257747,omid:br/062404065885
oci:0604257747-062304050584,omid:br/0604257747,omid:br/062304050584
oci:06804487340-061603528054,omid:br/06804487340,omid:br/061603528054
oci:06804486821-0660596630,omid:br/06804486821,omid:br/0660596630
oci:061804035072-06604055868,omid:br/061804035072,omid:br/06604055868
oci:061804035072-061201154613,omid:br/061804035072,omid:br/061201154613
oci:061804035072-06401174123,omid:br/061804035072,omid:br/06401174123
oci:061804035072-06220789168,omid:br/061804035072,omid:br/06220789168
oci:061503946621-061101094682,omid:br/061503946621,omid:br/061101094682
oci:061503946621-06804515292,omid:br/061503946621,omid:br/06804515292
oci:061503946621-061101094460,omid:br/061503946621,omid:br/061101094460
oci:061703960584-06304479245,omid:br/061703960584,omid:br/06304479245
oci:061703960584-062601179693,omid:br/061703960584,omid:br/062601179693
oci:061703960584-06250364496,omid:br/061703960584,omid:br/06250364496
oci:061703960584-06250364486,omid:br/061703960584,omid:br/06250364486
oci:06530217543-06150797253,omid:br/06530217543,omid:br/06150797253
oci:06530217543-062103707939,omid:br/06530217543,omid:br/062103707939
oci:06530217543-06802612212,omid:br/06530217543,omid:br/06802612212
oci:0604665711-0680800858,omid:br/0604665711,omid:br/0680800858
oci:0604665711-061901250740,omid:br/0604665711,omid:br/061901250740
oci:0604665711-0636027406,omid:br/0604665711,omid:br/0636027406
oci:06520214283-0660848058,omid:br/06520214283,omid:br/0660848058
oci:06520214283-062103707653,omid:br/06520214283,omid:br/062103707653
oci:061804035640-06803977651,omid:br/061804035640,omid:br/06803977651
oci:061804035640-06403909546,omid:br/061804035640,omid:br/06403909546
oci:061804035640-06210364055,omid:br/061804035640,omid:br/06210364055
oci:06203990737-06110793446,omid:br/06203990737,omid:br/06110793446
oci:06203990737-062401136268,omid:br/06203990737,omid:br/062401136268
oci:06203990737-06150468375,omid:br/06203990737,omid:br/06150468375
oci:06203990737-061903069220,omid:br/06203990737,omid:br/061903069220
oci:06203990737-062402214147,omid:br/06203990737,omid:br/062402214147
oci:06203990737-062202212851,omid:br/06203990737,omid:br/062202212851
oci:06203990737-06101703371,omid:br/06203990737,omid:br/06101703371
oci:06270230541-06403909546,omid:br/06270230541,omid:br/06403909546
oci:06704461941-06401174083,omid:br/06704461941,omid:br/06401174083
oci:06704461941-06304479217,omid:br/06704461941,omid:br/06304479217
oci:06704461941-06130194046,omid:br/06704461941,omid:br/06130194046
oci:062304047931-0636027313,omid:br/062304047931,omid:br/0636027313
oci:061203954791-06304478638,omid:br/061203954791,omid:br/06304478638
oci:061203954791-06802611561,omid:br/061203954791,omid:br/06802611561
oci:061203954791-0639027806,omid:br/061203954791,omid:br/0639027806
oci:061203954791-0640484903,omid:br/061203954791,omid:br/0640484903
oci:061203954791-06250364573,omid:br/061203954791,omid:br/06250364573
oci:062304047957-06401174119,omid:br/062304047957,omid:br/06401174119
oci:062304047957-061501249221,omid:br/062304047957,omid:br/061501249221
oci:062304047957-061102182134,omid:br/062304047957,omid:br/061102182134
oci:062304047957-0680848130,omid:br/062304047957,omid:br/0680848130
oci:062304047957-0640848923,omid:br/062304047957,omid:br/0640848923
oci:06270230922-061301243204,omid:br/06270230922,omid:br/061301243204
oci:06270230922-06110794053,omid:br/06270230922,omid:br/06110794053
oci:06270230922-0660597174,omid:br/06270230922,omid:br/0660597174
oci:06270230922-061902440758,omid:br/06270230922,omid:br/061902440758
oci:06304478931-06201082455,omid:br/06304478931,omid:br/06201082455
oci:0604257730-06401174123,omid:br/0604257730,omid:br/06401174123
oci:0604257730-06130786546,omid:br/0604257730,omid:br/06130786546
oci:0604257730-06901175428,omid:br/0604257730,omid:br/06901175428
oci:0604257730-062503037310,omid:br/0604257730,omid:br/062503037310
oci:0604257730-062202212663,omid:br/0604257730,omid:br/062202212663
oci:0604257730-06220789168,omid:br/0604257730,omid:br/06220789168
oci:0604257730-0640799108,omid:br/0604257730,omid:br/0640799108
oci:0604257730-062302041821,omid:br/0604257730,omid:br/062302041821
oci:062304047689-062404061564,omid:br/062304047689,omid:br/062404061564
oci:06280229037-0635026929,omid:br/06280229037,omid:br/0635026929
oci:06280229037-062103707902,omid:br/06280229037,omid:br/062103707902
oci:06280229037-0670843663,omid:br/06280229037,omid:br/0670843663
oci:06280229037-062102431038,omid:br/06280229037,omid:br/062102431038
oci:06204485936-06403730571,omid:br/06204485936,omid:br/06403730571
oci:06204485936-062603879048,omid:br/06204485936,omid:br/062603879048
oci:06204485936-06101225097,omid:br/06204485936,omid:br/06101225097
oci:06204485936-06203920570,omid:br/06204485936,omid:br/06203920570
oci:06204485936-0650851734,omid:br/06204485936,omid:br/0650851734
oci:06204485936-062601125006,omid:br/06204485936,omid:br/062601125006
oci:06204485936-0680847593,omid:br/06204485936,omid:br/0680847593
oci:06204485936-06902123974,omid:br/06204485936,omid:br/06902123974
oci:06204485936-06802478965,omid:br/06204485936,omid:br/06802478965
oci:06204485936-0646066178,omid:br/06204485936,omid:br/0646066178
oci:06204485936-0634027725,omid:br/06204485936,omid:br/0634027725
oci:06204485936-06190899278,omid:br/06204485936,omid:br/06190899278
oci:06204485936-06704003395,omid:br/06204485936,omid:br/06704003395
oci:06204485936-0637028551,omid:br/06204485936,omid:br/0637028551
oci:06204485936-0637029029,omid:br/06204485936,omid:br/0637029029
oci:06204485936-062303061448,omid:br/06204485936,omid:br/062303061448
oci:06204485936-0650851218,omid:br/06204485936,omid:br/0650851218
oci:06204485936-06903548400,omid:br/06204485936,omid:br/06903548400
oci:06204485936-0670843342,omid:br/06204485936,omid:br/0670843342
oci:06204485936-0650851214,omid:br/06204485936,omid:br/0650851214
oci:06204485936-0646026357,omid:br/06204485936,omid:br/0646026357
oci:0604491933-06280229239,omid:br/0604491933,omid:br/06280229239
oci:0604491933-062502854166,omid:br/0604491933,omid:br/062502854166
oci:0604491933-0670843675,omid:br/0604491933,omid:br/0670843675
oci:061703960486-06204258794,omid:br/061703960486,omid:br/06204258794
oci:061703960486-0648027212,omid:br/061703960486,omid:br/0648027212
oci:061703960486-0644027328,omid:br/061703960486,omid:br/0644027328
oci:061703960486-062604076164,omid:br/061703960486,omid:br/062604076164
oci:06404498423-061301242359,omid:br/06404498423,omid:br/061301242359
oci:06404498423-0638027063,omid:br/06404498423,omid:br/0638027063
oci:0603977233-06304479048,omid:br/0603977233,omid:br/06304479048
oci:0603977233-0652025122,omid:br/0603977233,omid:br/0652025122
oci:062604071431-06280271653,omid:br/062604071431,omid:br/06280271653
oci:06530217515-061802427948,omid:br/06530217515,omid:br/061802427948
oci:06530217515-0640202856,omid:br/06530217515,omid:br/0640202856
oci:061603953520-061801240673,omid:br/061603953520,omid:br/061801240673
oci:061603953520-06120786238,omid:br/061603953520,omid:br/06120786238
oci:061603953520-06210364038,omid:br/061603953520,omid:br/06210364038
oci:06604481796-06401173959,omid:br/06604481796,omid:br/06401173959
oci:06604481796-061201154211,omid:br/06604481796,omid:br/061201154211
oci:06604481796-062404065834,omid:br/06604481796,omid:br/062404065834
oci:06604481796-06201083257,omid:br/06604481796,omid:br/06201083257
oci:06604481796-061103322243,omid:br/06604481796,omid:br/061103322243
oci:061804035819-061802428082,omid:br/061804035819,omid:br/061802428082
oci:061804035819-06501224322,omid:br/061804035819,omid:br/06501224322
oci:0604708171-062202428268,omid:br/0604708171,omid:br/062202428268
oci:0604708171-0604832355,omid:br/0604708171,omid:br/0604832355
oci:06804486809-06160266186,omid:br/06804486809,omid:br/06160266186
oci:06804486809-061601134453,omid:br/06804486809,omid:br/061601134453
oci:06804486809-06303909445,omid:br/06804486809,omid:br/06303909445
oci:06804486809-06501143532,omid:br/06804486809,omid:br/06501143532
oci:06804486809-06701126968,omid:br/06804486809,omid:br/06701126968
oci:06804486809-061901250528,omid:br/06804486809,omid:br/061901250528
oci:06804486809-06501143592,omid:br/06804486809,omid:br/06501143592
oci:06804486809-0630849823,omid:br/06804486809,omid:br/0630849823
oci:06290222695-061201241068,omid:br/06290222695,omid:br/061201241068
oci:06290222695-06604024777,omid:br/06290222695,omid:br/06604024777
oci:0604265384-0639051523,omid:br/0604265384,omid:br/0639051523
oci:0604665702-061801574155,omid:br/0604665702,omid:br/061801574155
oci:0604665702-06220976235,omid:br/0604665702,omid:br/06220976235
oci:0604665702-0638026937,omid:br/0604665702,omid:br/0638026937
oci:0604665702-06250274371,omid:br/0604665702,omid:br/06250274371
oci:0604665702-06250274264,omid:br/0604665702,omid:br/06250274264
oci:0604665702-06502444558,omid:br/0604665702,omid:br/06502444558
oci:0604665702-06250274267,omid:br/0604665702,omid:br/06250274267
oci:0604665702-0641049171,omid:br/0604665702,omid:br/0641049171
oci:0604665702-0636027406,omid:br/0604665702,omid:br/0636027406
oci:0604665742-062504058971,omid:br/0604665742,omid:br/062504058971
oci:0604665742-0637028267,omid:br/0604665742,omid:br/0637028267
oci:0604665742-0670843819,omid:br/0604665742,omid:br/0670843819
oci:0604665742-0660802611,omid:br/0604665742,omid:br/0660802611
oci:061503947010-0604832441,omid:br/061503947010,omid:br/0604832441
oci:061503947010-062104035767,omid:br/061503947010,omid:br/062104035767
oci:061503947010-062404060240,omid:br/061503947010,omid:br/062404060240
oci:061503947010-06204486190,omid:br/061503947010,omid:br/06204486190
oci:061103594328-061403947422,omid:br/061103594328,omid:br/061403947422
oci:061303936309-06901260803,omid:br/061303936309,omid:br/06901260803
oci:061303936309-06250261684,omid:br/061303936309,omid:br/06250261684
oci:06270231115-0645066582,omid:br/06270231115,omid:br/0645066582
oci:06270231115-06601008443,omid:br/06270231115,omid:br/06601008443
oci:06270231115-06801006887,omid:br/06270231115,omid:br/06801006887
oci:06270231115-0645026238,omid:br/06270231115,omid:br/0645026238
oci:06270231115-06202997815,omid:br/06270231115,omid:br/06202997815
oci:06270230543-061403947554,omid:br/06270230543,omid:br/061403947554
oci:06270230543-062301123560,omid:br/06270230543,omid:br/062301123560
oci:06270230543-0640268786,omid:br/06270230543,omid:br/0640268786
oci:06270230543-0639027189,omid:br/06270230543,omid:br/0639027189
oci:061503946981-061801157680,omid:br/061503946981,omid:br/061801157680
oci:061503946981-06101180182,omid:br/061503946981,omid:br/06101180182
oci:061503946981-0642027681,omid:br/061503946981,omid:br/0642027681
oci:061503946981-0631051535,omid:br/061503946981,omid:br/0631051535
oci:061503946981-062604170977,omid:br/061503946981,omid:br/062604170977
oci:061503946981-0643026874,omid:br/061503946981,omid:br/0643026874
oci:061503946981-0604832437,omid:br/061503946981,omid:br/0604832437
oci:061503946981-06201156832,omid:br/061503946981,omid:br/06201156832
oci:061503946981-062203701621,omid:br/061503946981,omid:br/062203701621
oci:06604482314-061301242846,omid:br/06604482314,omid:br/061301242846
oci:06604482314-061101094677,omid:br/06604482314,omid:br/061101094677
oci:06604482314-061101094378,omid:br/06604482314,omid:br/061101094378
oci:06104490312-0642027957,omid:br/06104490312,omid:br/0642027957
oci:06104490312-06130194046,omid:br/06104490312,omid:br/06130194046
oci:06104490312-061902417525,omid:br/06104490312,omid:br/061902417525
oci:06104490312-061103628516,omid:br/06104490312,omid:br/061103628516
oci:06104490312-061503027217,omid:br/06104490312,omid:br/061503027217
oci:06104490312-06130205351,omid:br/06104490312,omid:br/06130205351
oci:06904088787-061701245841,omid:br/06904088787,omid:br/061701245841
oci:06904088787-061301243218,omid:br/06904088787,omid:br/061301243218
oci:06904088787-061201240840,omid:br/06904088787,omid:br/061201240840
oci:06904088787-061702226124,omid:br/06904088787,omid:br/061702226124
oci:06904088787-062402036386,omid:br/06904088787,omid:br/062402036386
oci:06904088787-06601214836,omid:br/06904088787,omid:br/06601214836
oci:06904088787-061701209560,omid:br/06904088787,omid:br/061701209560
oci:06904088787-0642028010,omid:br/06904088787,omid:br/0642028010
oci:06904088787-062202428395,omid:br/06904088787,omid:br/062202428395
oci:061303936423-06504063446,omid:br/061303936423,omid:br/06504063446
oci:061303936423-0604832431,omid:br/061303936423,omid:br/0604832431
oci:061303936423-0643027005,omid:br/061303936423,omid:br/0643027005
oci:061303936423-0644027316,omid:br/061303936423,omid:br/0644027316
oci:061303936423-0646027249,omid:br/061303936423,omid:br/0646027249
oci:061303936423-0644027296,omid:br/061303936423,omid:br/0644027296
oci:061303936423-0651025726,omid:br/061303936423,omid:br/0651025726
oci:06530217545-06210364279,omid:br/06530217545,omid:br/06210364279
oci:06530217545-062601816061,omid:br/06530217545,omid:br/062601816061
oci:06530217545-06301006240,omid:br/06530217545,omid:br/06301006240
oci:06530217545-06902597725,omid:br/06530217545,omid:br/06902597725
oci:06530217545-0648049842,omid:br/06530217545,omid:br/0648049842
oci:06530217545-06101101637,omid:br/06530217545,omid:br/06101101637
oci:061503946876-06904089405,omid:br/061503946876,omid:br/06904089405
oci:061503946876-06804487156,omid:br/061503946876,omid:br/06804487156
oci:061503946876-0604832487,omid:br/061503946876,omid:br/0604832487
oci:061503946876-06280229277,omid:br/061503946876,omid:br/06280229277
oci:061503946876-06804487132,omid:br/061503946876,omid:br/06804487132
oci:061503946876-06301084621,omid:br/061503946876,omid:br/06301084621
oci:061503946876-06804487134,omid:br/061503946876,omid:br/06804487134
oci:061503946876-0643027243,omid:br/061503946876,omid:br/0643027243
oci:061503946876-0642027957,omid:br/061503946876,omid:br/0642027957
oci:06304478904-062404065567,omid:br/06304478904,omid:br/062404065567
oci:06304478904-062504062529,omid:br/06304478904,omid:br/062504062529
oci:061104088382-06604055868,omid:br/061104088382,omid:br/06604055868
oci:061104088382-062503037310,omid:br/061104088382,omid:br/062503037310
oci:061104088382-0604026259,omid:br/061104088382,omid:br/0604026259
oci:061104088382-06802612197,omid:br/061104088382,omid:br/06802612197
oci:061104088382-06210364560,omid:br/061104088382,omid:br/06210364560
oci:061104088382-06802612287,omid:br/061104088382,omid:br/06802612287
oci:061104088382-062202428621,omid:br/061104088382,omid:br/062202428621
oci:0604708148-0637028269,omid:br/0604708148,omid:br/0637028269
oci:0604416707-0630902047,omid:br/0604416707,omid:br/0630902047
oci:0604416707-062201605262,omid:br/0604416707,omid:br/062201605262
oci:0604416707-06110895173,omid:br/0604416707,omid:br/06110895173
oci:062604071365-0660847479,omid:br/062604071365,omid:br/0660847479
oci:062604071365-0641027494,omid:br/062604071365,omid:br/0641027494
oci:062104035447-0636027406,omid:br/062104035447,omid:br/0636027406
oci:062104035447-06250274253,omid:br/062104035447,omid:br/06250274253
oci:062104035447-06250274371,omid:br/062104035447,omid:br/06250274371
oci:062104035447-06250274338,omid:br/062104035447,omid:br/06250274338
oci:062104035447-06250274344,omid:br/062104035447,omid:br/06250274344
oci:062104035447-06250274264,omid:br/062104035447,omid:br/06250274264
oci:062104035447-061803056356,omid:br/062104035447,omid:br/061803056356
oci:062104035447-06160265880,omid:br/062104035447,omid:br/06160265880
oci:062104035447-0642027455,omid:br/062104035447,omid:br/0642027455
oci:062104035447-06204612349,omid:br/062104035447,omid:br/06204612349
oci:062104035447-06402140565,omid:br/062104035447,omid:br/06402140565
oci:062304048358-06802611696,omid:br/062304048358,omid:br/06802611696
oci:06270230595-06303170870,omid:br/06270230595,omid:br/06303170870
oci:0604347613-0604832371,omid:br/0604347613,omid:br/0604832371
oci:061503946400-061901286441,omid:br/061503946400,omid:br/061901286441
oci:061503946400-062101273661,omid:br/061503946400,omid:br/062101273661
oci:061503946400-0604832459,omid:br/061503946400,omid:br/0604832459
oci:061503946854-062504058941,omid:br/061503946854,omid:br/062504058941
oci:06704462142-06270235288,omid:br/06704462142,omid:br/06270235288
oci:06704462142-06802611582,omid:br/06704462142,omid:br/06802611582
oci:06704462142-06160583719,omid:br/06704462142,omid:br/06160583719
oci:06704462142-06104525903,omid:br/06704462142,omid:br/06104525903
oci:0604066919-0604832402,omid:br/0604066919,omid:br/0604832402
oci:061904043633-061201864359,omid:br/061904043633,omid:br/061201864359
oci:061904043633-06530315288,omid:br/061904043633,omid:br/06530315288
oci:061904043633-0604832482,omid:br/061904043633,omid:br/0604832482
oci:061904043633-0604832483,omid:br/061904043633,omid:br/0604832483
oci:061904043633-0604832469,omid:br/061904043633,omid:br/0604832469
oci:062504059361-06804486985,omid:br/062504059361,omid:br/06804486985
oci:062504059361-062504058941,omid:br/062504059361,omid:br/062504058941
oci:062504059361-0610430483,omid:br/062504059361,omid:br/0610430483
oci:062504059361-0641027370,omid:br/062504059361,omid:br/0641027370
oci:062504059361-061702053729,omid:br/062504059361,omid:br/061702053729
oci:062504059361-062601017304,omid:br/062504059361,omid:br/062601017304
oci:062504059361-061202569802,omid:br/062504059361,omid:br/061202569802
oci:062304048420-061201240709,omid:br/062304048420,omid:br/061201240709
oci:062304048420-06703124131,omid:br/062304048420,omid:br/06703124131
oci:062304048420-0644027089,omid:br/062304048420,omid:br/0644027089
oci:0604495726-06290222530,omid:br/0604495726,omid:br/06290222530
oci:0604495726-062403042560,omid:br/0604495726,omid:br/062403042560
oci:0604495726-06502618650,omid:br/0604495726,omid:br/06502618650
oci:062304048377-062104035784,omid:br/062304048377,omid:br/062104035784
oci:062304048377-0642027957,omid:br/062304048377,omid:br/0642027957
oci:062604070964-061101208162,omid:br/062604070964,omid:br/061101208162
oci:062604070964-06204259265,omid:br/062604070964,omid:br/06204259265
oci:061303936506-06501176993,omid:br/061303936506,omid:br/06501176993
oci:061303936506-0604832431,omid:br/061303936506,omid:br/0604832431
oci:061303936506-06504063446,omid:br/061303936506,omid:br/06504063446
oci:061303936506-0644027296,omid:br/061303936506,omid:br/0644027296
oci:06604481843-062103652638,omid:br/06604481843,omid:br/062103652638
oci:062204044273-06403730616,omid:br/062204044273,omid:br/06403730616
oci:062204044273-0604665742,omid:br/062204044273,omid:br/0604665742
oci:062204044273-06520214389,omid:br/062204044273,omid:br/06520214389
oci:062204044273-061103503964,omid:br/062204044273,omid:br/061103503964
oci:062204044273-0660882454,omid:br/062204044273,omid:br/0660882454
oci:062204044273-0639027218,omid:br/062204044273,omid:br/0639027218
oci:062204044273-0660847653,omid:br/062204044273,omid:br/0660847653
oci:062204044273-062103707819,omid:br/062204044273,omid:br/062103707819
oci:062204044273-063071545,omid:br/062204044273,omid:br/063071545
oci:062204044273-0670843288,omid:br/062204044273,omid:br/0670843288
oci:062204044273-0680848245,omid:br/062204044273,omid:br/0680848245
oci:06904088815-0641027706,omid:br/06904088815,omid:br/0641027706
oci:06904088815-06280229427,omid:br/06904088815,omid:br/06280229427
oci:06904088815-062403629337,omid:br/06904088815,omid:br/062403629337
oci:06704461593-06704292860,omid:br/06704461593,omid:br/06704292860
oci:06704461593-06903664717,omid:br/06704461593,omid:br/06903664717
oci:06704461593-06240341536,omid:br/06704461593,omid:br/06240341536
oci:06704461593-06180119029,omid:br/06704461593,omid:br/06180119029
oci:06704461593-06210552208,omid:br/06704461593,omid:br/06210552208
oci:06704461593-0620204828,omid:br/06704461593,omid:br/0620204828
oci:06704461593-0670923685,omid:br/06704461593,omid:br/0670923685
oci:06704461593-06104043632,omid:br/06704461593,omid:br/06104043632
oci:06704461593-061702207161,omid:br/06704461593,omid:br/061702207161
oci:061603953567-0670843896,omid:br/061603953567,omid:br/0670843896
oci:061603953567-06101148642,omid:br/061603953567,omid:br/06101148642
oci:061603953567-0638026512,omid:br/061603953567,omid:br/0638026512
oci:061603953567-0604589582,omid:br/061603953567,omid:br/0604589582
oci:06404498794-061601250253,omid:br/06404498794,omid:br/061601250253
oci:06404498794-06901175636,omid:br/06404498794,omid:br/06901175636
oci:06404498794-0660847638,omid:br/06404498794,omid:br/0660847638
oci:06404498794-0660848084,omid:br/06404498794,omid:br/0660848084
oci:06404498794-061101093027,omid:br/06404498794,omid:br/061101093027
oci:06404498794-061601004105,omid:br/06404498794,omid:br/061601004105
oci:061603953525-06250364058,omid:br/061603953525,omid:br/06250364058
oci:061603953525-06404577280,omid:br/061603953525,omid:br/06404577280
oci:06804487377-061501249172,omid:br/06804487377,omid:br/061501249172
oci:06804487377-06230793693,omid:br/06804487377,omid:br/06230793693
oci:06804487377-0636027621,omid:br/06804487377,omid:br/0636027621
oci:06804487377-06230212165,omid:br/06804487377,omid:br/06230212165
oci:061303936275-0680799125,omid:br/061303936275,omid:br/0680799125
oci:06904088775-06150797374,omid:br/06904088775,omid:br/06150797374
oci:06904088775-06604055739,omid:br/06904088775,omid:br/06604055739
oci:06904088775-0638026814,omid:br/06904088775,omid:br/0638026814
oci:06904088775-0604832495,omid:br/06904088775,omid:br/0604832495
oci:061603953545-06301030923,omid:br/061603953545,omid:br/06301030923
oci:0604080429-061401232634,omid:br/0604080429,omid:br/061401232634
oci:0604080429-0636027217,omid:br/0604080429,omid:br/0636027217
oci:06604481810-061301242829,omid:br/06604481810,omid:br/061301242829
oci:062204044307-062103707988,omid:br/062204044307,omid:br/062103707988
oci:06604481844-062303711645,omid:br/06604481844,omid:br/062303711645
oci:061203954869-0640848450,omid:br/061203954869,omid:br/0640848450
oci:061203954869-0604832455,omid:br/061203954869,omid:br/0604832455
oci:061503946841-06802611567,omid:br/061503946841,omid:br/06802611567
oci:061503946841-06204030648,omid:br/061503946841,omid:br/06204030648
oci:06470107151-06604470792,omid:br/06470107151,omid:br/06604470792
oci:06470107151-061104078941,omid:br/06470107151,omid:br/061104078941
oci:06470107151-06210364101,omid:br/06470107151,omid:br/06210364101
oci:062104035430-061501249221,omid:br/062104035430,omid:br/061501249221
oci:062104035430-06130927826,omid:br/062104035430,omid:br/06130927826
oci:062104035430-0604432308,omid:br/062104035430,omid:br/0604432308
oci:062104035430-06602149396,omid:br/062104035430,omid:br/06602149396
oci:062104035430-0680848130,omid:br/062104035430,omid:br/0680848130
oci:062104035430-061204035707,omid:br/062104035430,omid:br/061204035707
oci:062104035942-061201241068,omid:br/062104035942,omid:br/061201241068
oci:062104035942-061101252062,omid:br/062104035942,omid:br/061101252062
oci:062104035942-061302675347,omid:br/062104035942,omid:br/061302675347
oci:062104035942-061902689863,omid:br/062104035942,omid:br/061902689863
oci:062104035942-061303592980,omid:br/062104035942,omid:br/061303592980
oci:062104035942-0648027066,omid:br/062104035942,omid:br/0648027066
oci:062104035942-0646026490,omid:br/062104035942,omid:br/0646026490
oci:062104035942-061303056529,omid:br/062104035942,omid:br/061303056529
oci:061503946953-06130787326,omid:br/061503946953,omid:br/06130787326
oci:061503946953-0637029011,omid:br/061503946953,omid:br/0637029011
oci:061503946953-062604170976,omid:br/061503946953,omid:br/062604170976
oci:061503946953-0649047093,omid:br/061503946953,omid:br/0649047093
oci:061503946953-062103707988,omid:br/061503946953,omid:br/062103707988
oci:061503946953-06704115948,omid:br/061503946953,omid:br/06704115948
oci:06530217533-06210364368,omid:br/06530217533,omid:br/06210364368
oci:062304048007-061203954681,omid:br/062304048007,omid:br/061203954681
oci:062304048007-061503946266,omid:br/062304048007,omid:br/061503946266
oci:062304048007-06304479028,omid:br/062304048007,omid:br/06304479028
oci:062304048007-061403947541,omid:br/062304048007,omid:br/061403947541
oci:062304048007-0642027957,omid:br/062304048007,omid:br/0642027957
oci:062304048007-0643027243,omid:br/062304048007,omid:br/0643027243
oci:06270230899-061601249919,omid:br/06270230899,omid:br/061601249919
oci:06270230899-06240359383,omid:br/06270230899,omid:br/06240359383
oci:06270230899-06250364559,omid:br/06270230899,omid:br/06250364559
oci:06270230899-0620868590,omid:br/06270230899,omid:br/0620868590
oci:06270230899-06501119474,omid:br/06270230899,omid:br/06501119474
oci:06404498612-06250205382,omid:br/06404498612,omid:br/06250205382
oci:06404498612-0631029026,omid:br/06404498612,omid:br/0631029026
oci:06404498612-061301685407,omid:br/06404498612,omid:br/061301685407
oci:06404498612-06160534703,omid:br/06404498612,omid:br/06160534703
oci:06404498612-06903311349,omid:br/06404498612,omid:br/06903311349
oci:062104035456-06250274355,omid:br/062104035456,omid:br/06250274355
oci:062104035456-0636027406,omid:br/062104035456,omid:br/0636027406
oci:062104035456-0650851560,omid:br/062104035456,omid:br/0650851560
oci:062104035456-0642027790,omid:br/062104035456,omid:br/0642027790
oci:06704461348-06530217277,omid:br/06704461348,omid:br/06530217277
oci:06704461348-061702053768,omid:br/06704461348,omid:br/061702053768
oci:061603953532-06501177415,omid:br/061603953532,omid:br/06501177415
oci:061603953532-0648026691,omid:br/061603953532,omid:br/0648026691
oci:061603953532-06403730579,omid:br/061603953532,omid:br/06403730579
oci:062304048422-06160486769,omid:br/062304048422,omid:br/06160486769
oci:062304048422-06901009970,omid:br/062304048422,omid:br/06901009970
oci:062304048422-06104114162,omid:br/062304048422,omid:br/06104114162
oci:062304048422-06490209038,omid:br/062304048422,omid:br/06490209038
oci:061403947137-06101143345,omid:br/061403947137,omid:br/06101143345
oci:061403947137-061803043451,omid:br/061403947137,omid:br/061803043451
oci:061403947137-06703124108,omid:br/061403947137,omid:br/06703124108
oci:061403947137-0650979464,omid:br/061403947137,omid:br/0650979464
oci:061403947137-0604832427,omid:br/061403947137,omid:br/0604832427
oci:062604071372-062304051396,omid:br/062604071372,omid:br/062304051396
oci:062604071372-062501508465,omid:br/062604071372,omid:br/062501508465
oci:062604071372-062403629525,omid:br/062604071372,omid:br/062403629525
oci:062604071372-06501223069,omid:br/062604071372,omid:br/06501223069
oci:061703960441-061401232913,omid:br/061703960441,omid:br/061401232913
oci:061703960441-062202428460,omid:br/061703960441,omid:br/062202428460
oci:06530217562-061101252576,omid:br/06530217562,omid:br/061101252576
oci:06530217562-062102430615,omid:br/06530217562,omid:br/062102430615
oci:061403947460-06401173930,omid:br/061403947460,omid:br/06401173930
oci:061403947460-062404061139,omid:br/061403947460,omid:br/062404061139
oci:061403947460-06270230390,omid:br/061403947460,omid:br/06270230390
oci:061403947460-06280229372,omid:br/061403947460,omid:br/06280229372
oci:061403947460-061102207551,omid:br/061403947460,omid:br/061102207551
oci:061403947460-0604192444,omid:br/061403947460,omid:br/0604192444
oci:06604482432-0634027135,omid:br/06604482432,omid:br/0634027135
oci:06604482432-0604832345,omid:br/06604482432,omid:br/0604832345
oci:06530217546-0690806139,omid:br/06530217546,omid:br/0690806139
oci:06530217546-06802612181,omid:br/06530217546,omid:br/06802612181
oci:06530217546-06210364404,omid:br/06530217546,omid:br/06210364404
oci:06530217546-06802612044,omid:br/06530217546,omid:br/06802612044
oci:061303936871-06203920516,omid:br/061303936871,omid:br/06203920516
oci:061303936871-061201154831,omid:br/061303936871,omid:br/061201154831
oci:061303936871-0636027184,omid:br/061303936871,omid:br/0636027184
oci:061303936871-0637028978,omid:br/061303936871,omid:br/0637028978
oci:062304048385-06104573209,omid:br/062304048385,omid:br/06104573209
oci:062304048385-0604832395,omid:br/062304048385,omid:br/0604832395
oci:062304048385-0670895481,omid:br/062304048385,omid:br/0670895481
oci:062304048385-0604832396,omid:br/062304048385,omid:br/0604832396
oci:062304048385-06260224564,omid:br/062304048385,omid:br/06260224564
oci:062304048385-06120193395,omid:br/062304048385,omid:br/06120193395
oci:062304048385-0660267209,omid:br/062304048385,omid:br/0660267209
oci:0603977234-06530217314,omid:br/0603977234,omid:br/06530217314
oci:0603977234-06190797453,omid:br/0603977234,omid:br/06190797453
oci:0603977234-06802611448,omid:br/0603977234,omid:br/06802611448
oci:06704461658-062602777006,omid:br/06704461658,omid:br/062602777006
oci:06704461658-061101094682,omid:br/06704461658,omid:br/061101094682
oci:06704461658-0652025122,omid:br/06704461658,omid:br/0652025122
oci:06704461658-06110807681,omid:br/06704461658,omid:br/06110807681
oci:062104035398-062603654171,omid:br/062104035398,omid:br/062603654171
oci:062104035398-0618082337,omid:br/062104035398,omid:br/0618082337
oci:062104035398-061802873336,omid:br/062104035398,omid:br/061802873336
oci:062104035398-061803628999,omid:br/062104035398,omid:br/061803628999
oci:062104035398-0646026596,omid:br/062104035398,omid:br/0646026596
oci:061703960572-06290222493,omid:br/061703960572,omid:br/06290222493
oci:061703960572-06304479248,omid:br/061703960572,omid:br/06304479248
oci:061703960572-0604832391,omid:br/061703960572,omid:br/0604832391
oci:061703960572-06280229286,omid:br/061703960572,omid:br/06280229286
oci:061703960572-0604832392,omid:br/061703960572,omid:br/0604832392
oci:061703960572-06502618577,omid:br/061703960572,omid:br/06502618577
oci:061703960572-06802611619,omid:br/061703960572,omid:br/06802611619
oci:061703960572-0604832393,omid:br/061703960572,omid:br/0604832393
oci:061703960572-06802611494,omid:br/061703960572,omid:br/06802611494
oci:06704461625-061601249919,omid:br/06704461625,omid:br/061601249919
oci:06704461625-06802479637,omid:br/06704461625,omid:br/06802479637
oci:06704461625-06501119474,omid:br/06704461625,omid:br/06501119474
oci:06704461625-0604832303,omid:br/06704461625,omid:br/0604832303
oci:06704461625-06250364152,omid:br/06704461625,omid:br/06250364152
oci:06704461891-0640269624,omid:br/06704461891,omid:br/0640269624
oci:06104490381-0640269068,omid:br/06104490381,omid:br/0640269068
oci:062104035363-061901111136,omid:br/062104035363,omid:br/061901111136
oci:062104035363-061902417523,omid:br/062104035363,omid:br/061902417523
oci:062104035363-0642027957,omid:br/062104035363,omid:br/0642027957
oci:06304479101-062102431202,omid:br/06304479101,omid:br/062102431202
oci:062604071392-06802611696,omid:br/062604071392,omid:br/06802611696
oci:062304048299-06404498279,omid:br/062304048299,omid:br/06404498279
oci:062304048299-0636027171,omid:br/062304048299,omid:br/0636027171
oci:062304048299-0645026238,omid:br/062304048299,omid:br/0645026238
oci:062304048299-0640268786,omid:br/062304048299,omid:br/0640268786
oci:0604665764-06401117243,omid:br/0604665764,omid:br/06401117243
oci:0604665764-0616091133,omid:br/0604665764,omid:br/0616091133
oci:06604482028-0604832321,omid:br/06604482028,omid:br/0604832321
oci:06604482028-0604832333,omid:br/06604482028,omid:br/0604832333
oci:061503946869-061301242526,omid:br/061503946869,omid:br/061301242526
oci:061503946869-06304479237,omid:br/061503946869,omid:br/06304479237
oci:061503946869-061503946245,omid:br/061503946869,omid:br/061503946245
oci:061503946869-061301242449,omid:br/061503946869,omid:br/061301242449
oci:061503946869-0643026986,omid:br/061503946869,omid:br/0643026986
oci:06530217552-0650899056,omid:br/06530217552,omid:br/0650899056
oci:06530217552-061403947078,omid:br/06530217552,omid:br/061403947078
oci:06530217552-0650851664,omid:br/06530217552,omid:br/0650851664
oci:061104088572-06804487135,omid:br/061104088572,omid:br/06804487135
oci:061104088572-06802611614,omid:br/061104088572,omid:br/06802611614
oci:06520214558-0660848096,omid:br/06520214558,omid:br/0660848096
oci:06520214558-062101200814,omid:br/06520214558,omid:br/062101200814
oci:06520214558-0642027951,omid:br/06520214558,omid:br/0642027951
oci:06520214558-062403043177,omid:br/06520214558,omid:br/062403043177
oci:061703960590-06270230390,omid:br/061703960590,omid:br/06270230390
oci:061703960590-061104088332,omid:br/061703960590,omid:br/061104088332
oci:061703960590-062404061139,omid:br/061703960590,omid:br/062404061139
oci:061703960590-06280229372,omid:br/061703960590,omid:br/06280229372
oci:061703960590-061603953065,omid:br/061703960590,omid:br/061603953065
oci:061703960590-061403947566,omid:br/061703960590,omid:br/061403947566
oci:061703960590-0639027212,omid:br/061703960590,omid:br/0639027212
oci:0604067006-062201155499,omid:br/0604067006,omid:br/062201155499
oci:0604067006-0604832403,omid:br/0604067006,omid:br/0604832403
oci:0604067006-06802611467,omid:br/0604067006,omid:br/06802611467
oci:0604067006-06802611758,omid:br/0604067006,omid:br/06802611758
oci:0604067006-061403947547,omid:br/0604067006,omid:br/061403947547
oci:0604067006-062504059730,omid:br/0604067006,omid:br/062504059730
oci:0604067006-0637028570,omid:br/0604067006,omid:br/0637028570
oci:0604067006-0643026952,omid:br/0604067006,omid:br/0643026952
oci:0604067006-0641027966,omid:br/0604067006,omid:br/0641027966
oci:061104088408-061201241373,omid:br/061104088408,omid:br/061201241373
oci:061104088408-061201240695,omid:br/061104088408,omid:br/061201240695
oci:061104088408-062102430336,omid:br/061104088408,omid:br/062102430336
oci:061403947456-06301084075,omid:br/061403947456,omid:br/06301084075
oci:061804035299-0643026829,omid:br/061804035299,omid:br/0643026829
oci:061804035299-06104197405,omid:br/061804035299,omid:br/06104197405
oci:061804035299-06220789168,omid:br/061804035299,omid:br/06220789168
oci:06520214652-0660599850,omid:br/06520214652,omid:br/0660599850
oci:06404498828-061303942001,omid:br/06404498828,omid:br/061303942001
oci:06404498828-0630849787,omid:br/06404498828,omid:br/0630849787
oci:061804035240-06303730120,omid:br/061804035240,omid:br/06303730120
oci:061804035240-0604832311,omid:br/061804035240,omid:br/0604832311
oci:061804035240-061502202915,omid:br/061804035240,omid:br/061502202915
oci:061804035240-061902883916,omid:br/061804035240,omid:br/061902883916
oci:061804035240-06203920560,omid:br/061804035240,omid:br/06203920560
oci:061804035240-062402426887,omid:br/061804035240,omid:br/062402426887
oci:061804035240-062504062970,omid:br/061804035240,omid:br/062504062970
oci:062304048475-06401174119,omid:br/062304048475,omid:br/06401174119
oci:062304048475-061102182134,omid:br/062304048475,omid:br/061102182134
oci:062304048475-0644027064,omid:br/062304048475,omid:br/0644027064
oci:062304048475-06602149396,omid:br/062304048475,omid:br/06602149396
oci:062304048475-0680848130,omid:br/062304048475,omid:br/0680848130
oci:062304048475-0680847733,omid:br/062304048475,omid:br/0680847733
oci:062304048475-0630849787,omid:br/062304048475,omid:br/0630849787
oci:06704461719-061203954654,omid:br/06704461719,omid:br/061203954654
oci:06704461719-062404060157,omid:br/06704461719,omid:br/062404060157
oci:06704461719-061203954640,omid:br/06704461719,omid:br/061203954640
oci:06704461719-061803666371,omid:br/06704461719,omid:br/061803666371
oci:06270231065-062203627386,omid:br/06270231065,omid:br/062203627386
oci:06270231065-0637028349,omid:br/06270231065,omid:br/0637028349
oci:06270231065-06802612301,omid:br/06270231065,omid:br/06802612301
oci:0604708209-06150485376,omid:br/0604708209,omid:br/06150485376
oci:0604708209-06260366986,omid:br/0604708209,omid:br/06260366986
oci:0604708209-06201082927,omid:br/0604708209,omid:br/06201082927
oci:0604708209-061702884042,omid:br/0604708209,omid:br/061702884042
oci:0604665747-06603908373,omid:br/0604665747,omid:br/06603908373
oci:0604665747-0634027508,omid:br/0604665747,omid:br/0634027508
oci:0604665747-0643027434,omid:br/0604665747,omid:br/0643027434
oci:0604665703-061203955019,omid:br/0604665703,omid:br/061203955019
oci:0604665703-061503946249,omid:br/0604665703,omid:br/061503946249
oci:0604665703-061802844350,omid:br/0604665703,omid:br/061802844350
oci:062604071140-06802131065,omid:br/062604071140,omid:br/06802131065
oci:061703960624-0650886335,omid:br/061703960624,omid:br/0650886335
oci:061703960624-06120193164,omid:br/061703960624,omid:br/06120193164
oci:0604065863-06104541465,omid:br/0604065863,omid:br/06104541465
oci:0604065863-0680848093,omid:br/0604065863,omid:br/0680848093
oci:06204485916-061104088529,omid:br/06204485916,omid:br/061104088529
oci:06204485916-06120205715,omid:br/06204485916,omid:br/06120205715
oci:06204485916-06903640891,omid:br/06204485916,omid:br/06903640891
oci:06204485916-06130205753,omid:br/06204485916,omid:br/06130205753
oci:06204485916-061902417525,omid:br/06204485916,omid:br/061902417525
oci:06404498952-06702593670,omid:br/06404498952,omid:br/06702593670
oci:06290222398-0638027108,omid:br/06290222398,omid:br/0638027108
oci:06290222398-061802188115,omid:br/06290222398,omid:br/061802188115
oci:062204044231-061401232520,omid:br/062204044231,omid:br/061401232520
oci:062204044231-061401354429,omid:br/062204044231,omid:br/061401354429
oci:062204044231-061702053768,omid:br/062204044231,omid:br/061702053768
oci:062204044231-062101360919,omid:br/062204044231,omid:br/062101360919
oci:0604708227-06103742478,omid:br/0604708227,omid:br/06103742478
oci:0604708227-061802428191,omid:br/0604708227,omid:br/061802428191
oci:0604708227-061802428657,omid:br/0604708227,omid:br/061802428657
oci:0604708227-061902440197,omid:br/0604708227,omid:br/061902440197
oci:0604708227-062102430539,omid:br/0604708227,omid:br/062102430539
oci:062304047811-061901249988,omid:br/062304047811,omid:br/061901249988
oci:0604495746-0604596967,omid:br/0604495746,omid:br/0604596967
oci:062104035406-0640799151,omid:br/062104035406,omid:br/0640799151
oci:062104035406-061501249221,omid:br/062104035406,omid:br/061501249221
oci:062104035406-06401174119,omid:br/062104035406,omid:br/06401174119
oci:062104035406-0660882265,omid:br/062104035406,omid:br/0660882265
oci:062104035406-0650886612,omid:br/062104035406,omid:br/0650886612
oci:062104035406-0680848130,omid:br/062104035406,omid:br/0680848130
oci:062104035406-06602149396,omid:br/062104035406,omid:br/06602149396
oci:062104035918-0639027701,omid:br/062104035918,omid:br/0639027701
oci:062304047833-062301697140,omid:br/062304047833,omid:br/062301697140
oci:062304047833-061301158626,omid:br/062304047833,omid:br/061301158626
oci:062304047833-0650899259,omid:br/062304047833,omid:br/0650899259
oci:062304047833-061701166035,omid:br/062304047833,omid:br/061701166035
oci:062304047833-0604832327,omid:br/062304047833,omid:br/0604832327
oci:062304047887-0646026814,omid:br/062304047887,omid:br/0646026814
oci:062304047887-0604832328,omid:br/062304047887,omid:br/0604832328
oci:062304047887-06702593617,omid:br/062304047887,omid:br/06702593617
oci:062304047887-0604832329,omid:br/062304047887,omid:br/0604832329
oci:06604000862-0637028347,omid:br/06604000862,omid:br/0637028347
oci:06604000862-06504577515,omid:br/06604000862,omid:br/06504577515
oci:061804035026-06110806741,omid:br/061804035026,omid:br/06110806741
oci:06704461582-06120786158,omid:br/06704461582,omid:br/06120786158
oci:06530217474-0604832322,omid:br/06530217474,omid:br/0604832322
oci:06704462148-06702593584,omid:br/06704462148,omid:br/06702593584
oci:061804035073-0610857763,omid:br/061804035073,omid:br/0610857763
oci:06804487375-06104490274,omid:br/06804487375,omid:br/06104490274
oci:06304478545-06410111914,omid:br/06304478545,omid:br/06410111914
oci:06304478545-06304478793,omid:br/06304478545,omid:br/06304478793
oci:06304478545-06304478760,omid:br/06304478545,omid:br/06304478760
oci:06304478545-0643027119,omid:br/06304478545,omid:br/0643027119
oci:06304478545-062304123247,omid:br/06304478545,omid:br/062304123247
oci:06304478545-061902417339,omid:br/06304478545,omid:br/061902417339
oci:062304048028-062404061139,omid:br/062304048028,omid:br/062404061139
oci:062304048028-06150797022,omid:br/062304048028,omid:br/06150797022
oci:062304048028-06180990373,omid:br/062304048028,omid:br/06180990373
oci:06404498664-061501248522,omid:br/06404498664,omid:br/061501248522
oci:06404498664-06140789428,omid:br/06404498664,omid:br/06140789428
oci:06404498664-06130786532,omid:br/06404498664,omid:br/06130786532
oci:06404498664-06802611784,omid:br/06404498664,omid:br/06802611784
oci:06704461933-061201240926,omid:br/06704461933,omid:br/061201240926
oci:06704461933-06304479249,omid:br/06704461933,omid:br/06304479249
oci:06704461933-062401136757,omid:br/06704461933,omid:br/062401136757
oci:06704461933-0637028570,omid:br/06704461933,omid:br/0637028570
oci:06704461933-061902417887,omid:br/06704461933,omid:br/061902417887
oci:061804035690-0643027215,omid:br/061804035690,omid:br/0643027215
oci:0604665700-06203920818,omid:br/0604665700,omid:br/06203920818
oci:0604665700-0641027663,omid:br/0604665700,omid:br/0641027663
oci:0604665700-06260899978,omid:br/0604665700,omid:br/06260899978
oci:0604665700-062601166823,omid:br/0604665700,omid:br/062601166823
oci:0604665700-06401221819,omid:br/0604665700,omid:br/06401221819
oci:0604665700-06101225090,omid:br/0604665700,omid:br/06101225090
oci:0604665700-06204178118,omid:br/0604665700,omid:br/06204178118
oci:0604665700-06203920430,omid:br/0604665700,omid:br/06203920430
oci:0604665700-061303703447,omid:br/0604665700,omid:br/061303703447
oci:0604665700-06201216572,omid:br/0604665700,omid:br/06201216572
oci:0604665700-06401341531,omid:br/0604665700,omid:br/06401341531
oci:06520214443-062103708078,omid:br/06520214443,omid:br/062103708078
oci:06704462089-061701164299,omid:br/06704462089,omid:br/061701164299
oci:06704462089-061801541234,omid:br/06704462089,omid:br/061801541234
oci:06704462089-061601167608,omid:br/06704462089,omid:br/061601167608
oci:06704462089-06150206743,omid:br/06704462089,omid:br/06150206743
oci:06704462089-06501348510,omid:br/06704462089,omid:br/06501348510
oci:06704462089-061101473819,omid:br/06704462089,omid:br/061101473819
oci:06704462089-0637028465,omid:br/06704462089,omid:br/0637028465
oci:06704462089-061303776299,omid:br/06704462089,omid:br/061303776299
oci:06704462089-06304518660,omid:br/06704462089,omid:br/06304518660
oci:0604708219-06510307220,omid:br/0604708219,omid:br/06510307220
oci:062204044342-061201154208,omid:br/062204044342,omid:br/061201154208
oci:062204044342-06401173959,omid:br/062204044342,omid:br/06401173959
oci:062204044342-061201154211,omid:br/062204044342,omid:br/061201154211
oci:062204044342-061103322243,omid:br/062204044342,omid:br/061103322243
oci:062204044342-0643027447,omid:br/062204044342,omid:br/0643027447
oci:062304048039-06270230357,omid:br/062304048039,omid:br/06270230357
oci:062304048039-061203954702,omid:br/062304048039,omid:br/061203954702
oci:062304048039-0650207090,omid:br/062304048039,omid:br/0650207090
oci:062304048039-0690215447,omid:br/062304048039,omid:br/0690215447
oci:062304048039-06120204115,omid:br/062304048039,omid:br/06120204115
oci:062304048039-062201102647,omid:br/062304048039,omid:br/062201102647
oci:062304048039-061901110705,omid:br/062304048039,omid:br/061901110705
oci:062304048039-062102216616,omid:br/062304048039,omid:br/062102216616
oci:06290222677-0647024898,omid:br/06290222677,omid:br/0647024898
oci:062304048045-062104035766,omid:br/062304048045,omid:br/062104035766
oci:062304048045-061803043451,omid:br/062304048045,omid:br/061803043451
oci:06204485893-0604832452,omid:br/06204485893,omid:br/0604832452
oci:06204485893-0660847912,omid:br/06204485893,omid:br/0660847912
oci:06204485893-0660596908,omid:br/06204485893,omid:br/0660596908
oci:06204485893-0650851692,omid:br/06204485893,omid:br/0650851692
oci:06530217537-0660848058,omid:br/06530217537,omid:br/0660848058
oci:06530217537-06210364432,omid:br/06530217537,omid:br/06210364432
oci:06530217537-06210364324,omid:br/06530217537,omid:br/06210364324
oci:06530217537-06802612291,omid:br/06530217537,omid:br/06802612291
oci:06530217561-062602071856,omid:br/06530217561,omid:br/062602071856
oci:06530217561-061902440371,omid:br/06530217561,omid:br/061902440371
oci:061503947031-0680847659,omid:br/061503947031,omid:br/0680847659
oci:061503947031-0680847626,omid:br/061503947031,omid:br/0680847626
oci:061503947031-061101094554,omid:br/061503947031,omid:br/061101094554
oci:061503947031-061201082329,omid:br/061503947031,omid:br/061201082329
oci:0604337173-061601249919,omid:br/0604337173,omid:br/061601249919
oci:0604337173-06104076721,omid:br/0604337173,omid:br/06104076721
oci:0604337173-061901237953,omid:br/0604337173,omid:br/061901237953
oci:0604337173-06130464910,omid:br/0604337173,omid:br/06130464910
oci:06604482321-06270230355,omid:br/06604482321,omid:br/06270230355
oci:06604482321-061101252553,omid:br/06604482321,omid:br/061101252553
oci:06604482321-062404060233,omid:br/06604482321,omid:br/062404060233
oci:06604482321-061702053768,omid:br/06604482321,omid:br/061702053768
oci:06604482321-06603141596,omid:br/06604482321,omid:br/06603141596
oci:06604482321-0604832423,omid:br/06604482321,omid:br/0604832423
oci:06604482321-0604832424,omid:br/06604482321,omid:br/0604832424
oci:06520214633-06280228739,omid:br/06520214633,omid:br/06280228739
oci:06520214633-061204045735,omid:br/06520214633,omid:br/061204045735
oci:06520214633-062401107686,omid:br/06520214633,omid:br/062401107686
oci:06520214633-06510212156,omid:br/06520214633,omid:br/06510212156
oci:062604070988-06501176993,omid:br/062604070988,omid:br/06501176993
oci:062604070988-0637028570,omid:br/062604070988,omid:br/0637028570
oci:062604070988-0650851251,omid:br/062604070988,omid:br/0650851251
oci:062604070988-0652025695,omid:br/062604070988,omid:br/0652025695
oci:062604070988-061902417887,omid:br/062604070988,omid:br/061902417887
oci:062604070988-0640848152,omid:br/062604070988,omid:br/0640848152
oci:062604070988-0630849638,omid:br/062604070988,omid:br/0630849638
oci:062604070988-06250274237,omid:br/062604070988,omid:br/06250274237
oci:062604070988-0630849787,omid:br/062604070988,omid:br/0630849787
oci:062604070988-0620846730,omid:br/062604070988,omid:br/0620846730
oci:062604070988-0610857763,omid:br/062604070988,omid:br/0610857763
oci:062304048376-06130193672,omid:br/062304048376,omid:br/06130193672
oci:062604070939-061703074678,omid:br/062604070939,omid:br/061703074678
oci:062604070939-0641027903,omid:br/062604070939,omid:br/0641027903
oci:062604070939-06401221062,omid:br/062604070939,omid:br/06401221062
oci:06704461813-061803666207,omid:br/06704461813,omid:br/061803666207
oci:0604257735-062603333529,omid:br/0604257735,omid:br/062603333529
oci:0604257735-0633026734,omid:br/0604257735,omid:br/0633026734
oci:06604481821-061201241376,omid:br/06604481821,omid:br/061201241376
oci:06604481821-0636027450,omid:br/06604481821,omid:br/0636027450
oci:061303936708-0604358487,omid:br/061303936708,omid:br/0604358487
oci:061303936708-06290222347,omid:br/061303936708,omid:br/06290222347
oci:061303936708-062404065881,omid:br/061303936708,omid:br/062404065881
oci:061303936708-06104196995,omid:br/061303936708,omid:br/06104196995
oci:061303936708-06204178190,omid:br/061303936708,omid:br/06204178190
oci:061303936708-06210426539,omid:br/061303936708,omid:br/06210426539
oci:0604708169-06260953586,omid:br/0604708169,omid:br/06260953586
oci:061303936656-06404498269,omid:br/061303936656,omid:br/06404498269
oci:061303936656-06280229254,omid:br/061303936656,omid:br/06280229254
oci:061303936656-062304051336,omid:br/061303936656,omid:br/062304051336
oci:061303936656-06460213522,omid:br/061303936656,omid:br/06460213522
oci:061303936656-06104197192,omid:br/061303936656,omid:br/06104197192
oci:061303936656-0670843895,omid:br/061303936656,omid:br/0670843895
oci:061303936656-06270235651,omid:br/061303936656,omid:br/06270235651
oci:061303936466-06401174083,omid:br/061303936466,omid:br/06401174083
oci:061303936466-0652024892,omid:br/061303936466,omid:br/0652024892
oci:061303936466-0637028981,omid:br/061303936466,omid:br/0637028981
oci:061303936466-0642027957,omid:br/061303936466,omid:br/0642027957
oci:061303936466-061902417510,omid:br/061303936466,omid:br/061902417510
oci:061303936466-061102766946,omid:br/061303936466,omid:br/061102766946
oci:061303936466-0604505419,omid:br/061303936466,omid:br/0604505419
oci:0604257718-062504059765,omid:br/0604257718,omid:br/062504059765
oci:0604257718-06402997070,omid:br/0604257718,omid:br/06402997070
oci:062104035402-06504085615,omid:br/062104035402,omid:br/06504085615
oci:062104035362-0638026937,omid:br/062104035362,omid:br/0638026937
oci:062104035362-06250274338,omid:br/062104035362,omid:br/06250274338
oci:062104035362-061902417291,omid:br/062104035362,omid:br/061902417291
oci:06704462014-062103707969,omid:br/06704462014,omid:br/062103707969
oci:06704462014-0660894694,omid:br/06704462014,omid:br/0660894694
oci:06704462014-0650851067,omid:br/06704462014,omid:br/0650851067
oci:06704462014-06250274371,omid:br/06704462014,omid:br/06250274371
oci:06704462014-0650851560,omid:br/06704462014,omid:br/0650851560
oci:062304048077-06204486180,omid:br/062304048077,omid:br/06204486180
oci:062304048077-061803043451,omid:br/062304048077,omid:br/061803043451
oci:062304048077-06601552447,omid:br/062304048077,omid:br/06601552447
oci:062304048077-0604832462,omid:br/062304048077,omid:br/0604832462
oci:061303936627-061203635987,omid:br/061303936627,omid:br/061203635987
oci:061303936627-0638027117,omid:br/061303936627,omid:br/0638027117
oci:061303936627-062404065841,omid:br/061303936627,omid:br/062404065841
oci:061303936627-0647025401,omid:br/061303936627,omid:br/0647025401
oci:061303936627-06802611626,omid:br/061303936627,omid:br/06802611626
oci:061303936627-06270235710,omid:br/061303936627,omid:br/06270235710
oci:06290222688-062402036099,omid:br/06290222688,omid:br/062402036099
oci:06290222688-062404115745,omid:br/06290222688,omid:br/062404115745
oci:06290222688-0644027304,omid:br/06290222688,omid:br/0644027304
oci:06290222688-0660736634,omid:br/06290222688,omid:br/0660736634
oci:06290222688-062102430725,omid:br/06290222688,omid:br/062102430725
oci:06904088798-06530217293,omid:br/06904088798,omid:br/06530217293
oci:06904088798-06250205227,omid:br/06904088798,omid:br/06250205227
oci:0604337206-061301242829,omid:br/0604337206,omid:br/061301242829
oci:0604337206-0650554917,omid:br/0604337206,omid:br/0650554917
oci:06404498603-06704035348,omid:br/06404498603,omid:br/06704035348
oci:06404498603-06130786546,omid:br/06404498603,omid:br/06130786546
oci:06404498603-062503037310,omid:br/06404498603,omid:br/062503037310
oci:06404498603-06420319285,omid:br/06404498603,omid:br/06420319285
oci:06404498603-06702593525,omid:br/06404498603,omid:br/06702593525
oci:062204044410-06304608276,omid:br/062204044410,omid:br/06304608276
oci:062204044410-06240800854,omid:br/062204044410,omid:br/06240800854
oci:062204044410-062103683142,omid:br/062204044410,omid:br/062103683142
oci:062204044410-062201102057,omid:br/062204044410,omid:br/062201102057
oci:062204044410-061801100506,omid:br/062204044410,omid:br/061801100506
oci:062204044410-0641027958,omid:br/062204044410,omid:br/0641027958
oci:061703960538-062301697143,omid:br/061703960538,omid:br/062301697143
oci:061703960538-061503946907,omid:br/061703960538,omid:br/061503946907
oci:061703960538-06160534209,omid:br/061703960538,omid:br/06160534209
oci:062304048326-06120785984,omid:br/062304048326,omid:br/06120785984
oci:062304048326-0604832394,omid:br/062304048326,omid:br/0604832394
oci:06904088819-06304479000,omid:br/06904088819,omid:br/06304479000
oci:06904088819-061503947148,omid:br/06904088819,omid:br/061503947148
oci:06904088819-06290222486,omid:br/06904088819,omid:br/06290222486
oci:06904088819-061203955087,omid:br/06904088819,omid:br/061203955087
oci:06904088819-06220463699,omid:br/06904088819,omid:br/06220463699
oci:06704461879-06270230356,omid:br/06704461879,omid:br/06270230356
oci:06704461879-06280229286,omid:br/06704461879,omid:br/06280229286
oci:06704461879-0604832476,omid:br/06704461879,omid:br/0604832476
oci:06704461879-06802611563,omid:br/06704461879,omid:br/06802611563
oci:06704461879-0604832477,omid:br/06704461879,omid:br/0604832477
oci:061703960494-0639027830,omid:br/061703960494,omid:br/0639027830
oci:061703960494-0643027111,omid:br/061703960494,omid:br/0643027111
oci:061703960494-0633026680,omid:br/061703960494,omid:br/0633026680
oci:06704461505-0634027397,omid:br/06704461505,omid:br/0634027397
oci:06704461505-06220206483,omid:br/06704461505,omid:br/06220206483
oci:061104088623-06104626753,omid:br/061104088623,omid:br/06104626753
oci:061104088623-061401370954,omid:br/061104088623,omid:br/061401370954
oci:061104088623-0620929160,omid:br/061104088623,omid:br/0620929160
oci:061104088623-06104626754,omid:br/061104088623,omid:br/06104626754
oci:061104088623-062202428113,omid:br/061104088623,omid:br/062202428113
oci:06290222368-06604055868,omid:br/06290222368,omid:br/06604055868
oci:06290222368-062503037310,omid:br/06290222368,omid:br/062503037310
oci:06290222368-062603073780,omid:br/06290222368,omid:br/062603073780
oci:06290222368-06402374507,omid:br/06290222368,omid:br/06402374507
oci:06290222368-062102216913,omid:br/06290222368,omid:br/062102216913
oci:06304478503-061501248894,omid:br/06304478503,omid:br/061501248894
oci:06304478503-06901175348,omid:br/06304478503,omid:br/06901175348
oci:06304478503-0642027957,omid:br/06304478503,omid:br/0642027957
oci:06304478503-0660847909,omid:br/06304478503,omid:br/0660847909
oci:06304478503-0670843879,omid:br/06304478503,omid:br/0670843879
oci:062104035931-0649025863,omid:br/062104035931,omid:br/0649025863
oci:062104035931-062501701667,omid:br/062104035931,omid:br/062501701667
oci:062104035931-06160714590,omid:br/062104035931,omid:br/06160714590
oci:062604070967-0650851251,omid:br/062604070967,omid:br/0650851251
oci:062604070967-06802611371,omid:br/062604070967,omid:br/06802611371
oci:06704461856-061902417480,omid:br/06704461856,omid:br/061902417480
oci:06270230650-062302431700,omid:br/06270230650,omid:br/062302431700
oci:06270230650-0660847479,omid:br/06270230650,omid:br/0660847479
oci:06270230650-0636027446,omid:br/06270230650,omid:br/0636027446
oci:06304478495-061702764695,omid:br/06304478495,omid:br/061702764695
oci:06304478495-0647024862,omid:br/06304478495,omid:br/0647024862
oci:06304478495-061103628959,omid:br/06304478495,omid:br/061103628959
oci:06304478495-061103628854,omid:br/06304478495,omid:br/061103628854
oci:06304478495-06150206205,omid:br/06304478495,omid:br/06150206205
oci:06304478495-061101111850,omid:br/06304478495,omid:br/061101111850
oci:06304478495-06130205664,omid:br/06304478495,omid:br/06130205664
oci:062604071469-06280233261,omid:br/062604071469,omid:br/06280233261
oci:0604518771-061103594328,omid:br/0604518771,omid:br/061103594328
oci:0604518771-06401034350,omid:br/0604518771,omid:br/06401034350
oci:0604518771-0680847681,omid:br/0604518771,omid:br/0680847681
oci:0604518771-0680848094,omid:br/0604518771,omid:br/0680848094
oci:062204044328-061104133144,omid:br/062204044328,omid:br/061104133144
oci:062204044328-06250274386,omid:br/062204044328,omid:br/06250274386
oci:062204044328-0642027771,omid:br/062204044328,omid:br/0642027771
oci:062204044328-061902417436,omid:br/062204044328,omid:br/061902417436
oci:061104088557-06140525863,omid:br/061104088557,omid:br/06140525863
oci:06604481990-0630849899,omid:br/06604481990,omid:br/0630849899
oci:06604481990-0620846157,omid:br/06604481990,omid:br/0620846157
oci:06604481990-0610857763,omid:br/06604481990,omid:br/0610857763
oci:06604481990-0630849787,omid:br/06604481990,omid:br/0630849787
oci:06604482548-061803043451,omid:br/06604482548,omid:br/061803043451
oci:06104490341-061401232861,omid:br/06104490341,omid:br/061401232861
oci:06104490341-061701246258,omid:br/06104490341,omid:br/061701246258
oci:06104490341-062404065881,omid:br/06104490341,omid:br/062404065881
oci:06104490341-06430313430,omid:br/06104490341,omid:br/06430313430
oci:06104490341-06430313431,omid:br/06104490341,omid:br/06430313431
oci:061503946906-0604376296,omid:br/061503946906,omid:br/0604376296
oci:061503946906-061904043745,omid:br/061503946906,omid:br/061904043745
oci:061503946906-06904089351,omid:br/061503946906,omid:br/06904089351
oci:061503946906-061303936753,omid:br/061503946906,omid:br/061303936753
oci:061503946906-06290222481,omid:br/061503946906,omid:br/06290222481
oci:061503946906-06304478832,omid:br/061503946906,omid:br/06304478832
oci:061503946906-061902440723,omid:br/061503946906,omid:br/061902440723
oci:06270230654-062603333410,omid:br/06270230654,omid:br/062603333410
oci:06270230654-06520287260,omid:br/06270230654,omid:br/06520287260
oci:06404498431-061201154831,omid:br/06404498431,omid:br/061201154831
oci:06404498431-0635026445,omid:br/06404498431,omid:br/0635026445
oci:06270230839-0646026471,omid:br/06270230839,omid:br/0646026471
oci:06270230839-062304051147,omid:br/06270230839,omid:br/062304051147
oci:062204044911-062104035392,omid:br/062204044911,omid:br/062104035392
oci:062204044911-06903640667,omid:br/062204044911,omid:br/06903640667
oci:061303936418-06270230390,omid:br/061303936418,omid:br/06270230390
oci:061303936418-062404061139,omid:br/061303936418,omid:br/062404061139
oci:061303936418-061403947566,omid:br/061303936418,omid:br/061403947566
oci:061303936418-06904089400,omid:br/061303936418,omid:br/06904089400
oci:061303936418-06601214819,omid:br/061303936418,omid:br/06601214819
oci:061303936418-06490208696,omid:br/061303936418,omid:br/06490208696
oci:061303936418-0670999691,omid:br/061303936418,omid:br/0670999691
oci:061303936418-0639028003,omid:br/061303936418,omid:br/0639028003
oci:061303936418-0648026475,omid:br/061303936418,omid:br/0648026475
oci:061303936418-0641027859,omid:br/061303936418,omid:br/0641027859
oci:061303936418-06102441031,omid:br/061303936418,omid:br/06102441031
oci:061303936418-0641027856,omid:br/061303936418,omid:br/0641027856
oci:061104088478-06504042691,omid:br/061104088478,omid:br/06504042691
oci:061104088478-06504042798,omid:br/061104088478,omid:br/06504042798
oci:061104088478-061903671351,omid:br/061104088478,omid:br/061903671351
oci:061104088478-06210570026,omid:br/061104088478,omid:br/06210570026
oci:061104088478-06120464965,omid:br/061104088478,omid:br/06120464965
oci:062204045138-06304478762,omid:br/062204045138,omid:br/06304478762
oci:062204045138-06530216945,omid:br/062204045138,omid:br/06530216945
oci:062204044916-062401771888,omid:br/062204044916,omid:br/062401771888
oci:062204044916-062503037312,omid:br/062204044916,omid:br/062503037312
oci:062204044916-06203042911,omid:br/062204044916,omid:br/06203042911
oci:062204044916-0680873064,omid:br/062204044916,omid:br/0680873064
oci:06704461978-061203954681,omid:br/06704461978,omid:br/061203954681
oci:06704461978-06304479028,omid:br/06704461978,omid:br/06304479028
oci:06704461978-061503946266,omid:br/06704461978,omid:br/061503946266
oci:06704461978-0642027957,omid:br/06704461978,omid:br/0642027957
oci:06704461978-0670843689,omid:br/06704461978,omid:br/0670843689
oci:06704461978-06802852405,omid:br/06704461978,omid:br/06802852405
oci:06704461978-06150205929,omid:br/06704461978,omid:br/06150205929
oci:06704461978-06130205716,omid:br/06704461978,omid:br/06130205716
oci:06704461796-0651025662,omid:br/06704461796,omid:br/0651025662
oci:06704461796-0604544117,omid:br/06704461796,omid:br/0604544117
oci:06704461796-0604544070,omid:br/06704461796,omid:br/0604544070
oci:06704461796-0642028035,omid:br/06704461796,omid:br/0642028035
oci:06704461796-0647025017,omid:br/06704461796,omid:br/0647025017
oci:06704461796-061904072821,omid:br/06704461796,omid:br/061904072821
oci:06704461796-0604832485,omid:br/06704461796,omid:br/0604832485
oci:062404060766-0643027119,omid:br/062404060766,omid:br/0643027119
oci:062304048010-061201241028,omid:br/062304048010,omid:br/061201241028
oci:062304048010-0642027371,omid:br/062304048010,omid:br/0642027371
oci:06270231126-06601165931,omid:br/06270231126,omid:br/06601165931
oci:06404498889-061902194801,omid:br/06404498889,omid:br/061902194801
oci:06404498889-061504010866,omid:br/06404498889,omid:br/061504010866
oci:06704461896-0604832478,omid:br/06704461896,omid:br/0604832478
oci:06704461896-06280229318,omid:br/06704461896,omid:br/06280229318
oci:06704461896-06290222493,omid:br/06704461896,omid:br/06290222493
oci:061804035472-0647025181,omid:br/061804035472,omid:br/0647025181
oci:061804035472-0638027168,omid:br/061804035472,omid:br/0638027168
oci:061804035472-0637028124,omid:br/061804035472,omid:br/0637028124
oci:061804035472-0634027848,omid:br/061804035472,omid:br/0634027848
oci:061703960383-06204486180,omid:br/061703960383,omid:br/06204486180
oci:061703960383-061104088358,omid:br/061703960383,omid:br/061104088358
oci:061703960383-061701165204,omid:br/061703960383,omid:br/061701165204
oci:061703960383-061803043451,omid:br/061703960383,omid:br/061803043451
oci:061703960383-06210426613,omid:br/061703960383,omid:br/06210426613
oci:061703960383-061103737688,omid:br/061703960383,omid:br/061103737688
oci:061104088127-06301084738,omid:br/061104088127,omid:br/06301084738
oci:06904088781-0646026740,omid:br/06904088781,omid:br/0646026740
oci:06904088781-06204030648,omid:br/06904088781,omid:br/06204030648
oci:06520214311-061101094682,omid:br/06520214311,omid:br/061101094682
oci:06404498668-0642027957,omid:br/06404498668,omid:br/0642027957
oci:06404498668-061203955022,omid:br/06404498668,omid:br/061203955022
oci:06404498668-061104088270,omid:br/06404498668,omid:br/061104088270
oci:06404498668-061902417525,omid:br/06404498668,omid:br/061902417525
oci:06404498668-061902417520,omid:br/06404498668,omid:br/061902417520
oci:06404498668-061902417510,omid:br/06404498668,omid:br/061902417510
oci:06404498668-06702593676,omid:br/06404498668,omid:br/06702593676
oci:06504498780-06802612192,omid:br/06504498780,omid:br/06802612192
oci:061503946832-06201156832,omid:br/061503946832,omid:br/06201156832
oci:061503946832-06401161658,omid:br/061503946832,omid:br/06401161658
oci:061503946832-06250917585,omid:br/061503946832,omid:br/06250917585
oci:061403947451-06804487145,omid:br/061403947451,omid:br/06804487145
oci:061403947451-06804487222,omid:br/061403947451,omid:br/06804487222
oci:061403947451-06304478576,omid:br/061403947451,omid:br/06304478576
oci:061403947451-062304048254,omid:br/061403947451,omid:br/062304048254
oci:061403947451-062304048258,omid:br/061403947451,omid:br/062304048258
oci:061403947451-062304048512,omid:br/061403947451,omid:br/062304048512
oci:061403947451-06104196838,omid:br/061403947451,omid:br/06104196838
oci:061203954754-06530217278,omid:br/061203954754,omid:br/06530217278
oci:061203954754-062404061139,omid:br/061203954754,omid:br/062404061139
oci:061203954754-06304478835,omid:br/061203954754,omid:br/06304478835
oci:061203954754-061104088332,omid:br/061203954754,omid:br/061104088332
oci:061203954754-061403947566,omid:br/061203954754,omid:br/061403947566
oci:061203954754-062201605689,omid:br/061203954754,omid:br/062201605689
oci:06270230599-0639027068,omid:br/06270230599,omid:br/0639027068
oci:06270230599-061902417423,omid:br/06270230599,omid:br/061902417423
oci:06104490399-062104035766,omid:br/06104490399,omid:br/062104035766
oci:06104490399-06104487574,omid:br/06104490399,omid:br/06104487574
oci:06104490399-061803043451,omid:br/06104490399,omid:br/061803043451
oci:06104490399-06110215543,omid:br/06104490399,omid:br/06110215543
oci:06104490399-06250364540,omid:br/06104490399,omid:br/06250364540
oci:061503946907-062301697143,omid:br/061503946907,omid:br/062301697143
oci:06530217468-06303730107,omid:br/06530217468,omid:br/06303730107
oci:06530217468-06401173930,omid:br/06530217468,omid:br/06401173930
oci:061904043630-06520214153,omid:br/061904043630,omid:br/06520214153
oci:061904043630-06290222475,omid:br/061904043630,omid:br/06290222475
oci:061904043630-06904089405,omid:br/061904043630,omid:br/06904089405
oci:061904043630-06304479031,omid:br/061904043630,omid:br/06304479031
oci:061904043630-062404060157,omid:br/061904043630,omid:br/062404060157
oci:061904043630-062404060395,omid:br/061904043630,omid:br/062404060395
oci:0604491974-062404060233,omid:br/0604491974,omid:br/062404060233
oci:0604491974-06304479223,omid:br/0604491974,omid:br/06304479223
oci:0604491974-062204044364,omid:br/0604491974,omid:br/062204044364
oci:0604491974-06501177415,omid:br/0604491974,omid:br/06501177415
oci:0604067007-0604376307,omid:br/0604067007,omid:br/0604376307
oci:0604067007-062404060395,omid:br/0604067007,omid:br/062404060395
oci:0604067007-061403947697,omid:br/0604067007,omid:br/061403947697
oci:0604067007-06703124117,omid:br/0604067007,omid:br/06703124117
oci:06304478891-0604830527,omid:br/06304478891,omid:br/0604830527
oci:06304478891-0604832388,omid:br/06304478891,omid:br/0604832388
oci:06304478891-06702593617,omid:br/06304478891,omid:br/06702593617
oci:06304478891-06702593480,omid:br/06304478891,omid:br/06702593480
oci:06704462011-063071402,omid:br/06704462011,omid:br/063071402
oci:061104088630-0604832408,omid:br/061104088630,omid:br/0604832408
oci:06704461893-061701164844,omid:br/06704461893,omid:br/061701164844
oci:06704461893-06401174083,omid:br/06704461893,omid:br/06401174083
oci:06704461893-061203954681,omid:br/06704461893,omid:br/061203954681
oci:06704461893-06304478982,omid:br/06704461893,omid:br/06304478982
oci:06704461893-06304479028,omid:br/06704461893,omid:br/06304479028
oci:06704461893-06404498243,omid:br/06704461893,omid:br/06404498243
oci:06704461893-0642027957,omid:br/06704461893,omid:br/0642027957
oci:06704461893-0643027243,omid:br/06704461893,omid:br/0643027243
oci:06704461893-06702593621,omid:br/06704461893,omid:br/06702593621
oci:06404498737-0650851089,omid:br/06404498737,omid:br/0650851089
oci:06404498737-0636027722,omid:br/06404498737,omid:br/0636027722
oci:061503946884-061701246182,omid:br/061503946884,omid:br/061701246182
oci:061503946884-06204486162,omid:br/061503946884,omid:br/06204486162
oci:061503946884-0638027063,omid:br/061503946884,omid:br/0638027063
oci:061503946884-0641028042,omid:br/061503946884,omid:br/0641028042
oci:062304048190-06250364138,omid:br/062304048190,omid:br/06250364138
oci:062104035902-0652024892,omid:br/062104035902,omid:br/0652024892
oci:062104035902-06280228665,omid:br/062104035902,omid:br/06280228665
oci:062104035902-06404498279,omid:br/062104035902,omid:br/06404498279
oci:062104035902-0643027244,omid:br/062104035902,omid:br/0643027244
oci:06304005746-0620846370,omid:br/06304005746,omid:br/0620846370
oci:06304005746-0650851779,omid:br/06304005746,omid:br/0650851779
oci:06280228985-061902120535,omid:br/06280228985,omid:br/061902120535
oci:06280228985-06302502484,omid:br/06280228985,omid:br/06302502484
oci:06280228985-0636027855,omid:br/06280228985,omid:br/0636027855
oci:06204485900-0641028042,omid:br/06204485900,omid:br/0641028042
oci:06204485900-06801332111,omid:br/06204485900,omid:br/06801332111
oci:062604071133-06802611682,omid:br/062604071133,omid:br/06802611682
oci:062604071133-0604832368,omid:br/062604071133,omid:br/0604832368
oci:062604071133-06702593554,omid:br/062604071133,omid:br/06702593554
oci:062604071133-06802611873,omid:br/062604071133,omid:br/06802611873
oci:061904043647-06802611696,omid:br/061904043647,omid:br/06802611696
oci:061904043647-06904089408,omid:br/061904043647,omid:br/06904089408
oci:061904043647-061104088323,omid:br/061904043647,omid:br/061104088323
oci:061904043647-061702053768,omid:br/061904043647,omid:br/061702053768
oci:061904043647-0604832388,omid:br/061904043647,omid:br/0604832388
oci:061904043647-06802611689,omid:br/061904043647,omid:br/06802611689
oci:061904043647-06702593646,omid:br/061904043647,omid:br/06702593646
oci:0604708228-0604832358,omid:br/0604708228,omid:br/0604832358
oci:0604708228-062501786883,omid:br/0604708228,omid:br/062501786883
oci:06530217121-06502996325,omid:br/06530217121,omid:br/06502996325
oci:061503946918-06703124723,omid:br/061503946918,omid:br/06703124723
oci:061503946918-06802611445,omid:br/061503946918,omid:br/06802611445
oci:061503946918-0604832489,omid:br/061503946918,omid:br/0604832489
oci:061503946918-0604832490,omid:br/061503946918,omid:br/0604832490
oci:06704461885-06280229393,omid:br/06704461885,omid:br/06280229393
oci:06704461885-06530217307,omid:br/06704461885,omid:br/06530217307
oci:06704461885-061203954616,omid:br/06704461885,omid:br/061203954616
oci:062504059609-06301030923,omid:br/062504059609,omid:br/06301030923
oci:061403947081-061203954654,omid:br/061403947081,omid:br/061203954654
oci:061403947081-0639027212,omid:br/061403947081,omid:br/0639027212
oci:061403947081-0642027957,omid:br/061403947081,omid:br/0642027957
oci:06604482405-0660894389,omid:br/06604482405,omid:br/0660894389
oci:06604482405-061801241020,omid:br/06604482405,omid:br/061801241020
oci:06604482405-061801240673,omid:br/06604482405,omid:br/061801240673
oci:06604482405-06401034018,omid:br/06604482405,omid:br/06401034018
oci:06604482405-0630849899,omid:br/06604482405,omid:br/0630849899
oci:06604482405-062401180122,omid:br/06604482405,omid:br/062401180122
oci:06304478529-062103707617,omid:br/06304478529,omid:br/062103707617
oci:06304478529-061303603693,omid:br/06304478529,omid:br/061303603693
oci:06304478529-061101111490,omid:br/06304478529,omid:br/061101111490
oci:06304478542-061203635962,omid:br/06304478542,omid:br/061203635962
oci:06304478542-062401136757,omid:br/06304478542,omid:br/062401136757
oci:06304478542-061902417887,omid:br/06304478542,omid:br/061902417887
oci:06304478542-0637028570,omid:br/06304478542,omid:br/0637028570
oci:06604481997-0630849787,omid:br/06604481997,omid:br/0630849787
oci:06604481997-0620846730,omid:br/06604481997,omid:br/0620846730
oci:06604481997-0620846292,omid:br/06604481997,omid:br/0620846292
oci:06604481997-0680847733,omid:br/06604481997,omid:br/0680847733
oci:06604481997-0640848305,omid:br/06604481997,omid:br/0640848305
oci:06604481997-0630849899,omid:br/06604481997,omid:br/0630849899
oci:06604481997-061801241020,omid:br/06604481997,omid:br/061801241020
oci:06604481997-061901250406,omid:br/06604481997,omid:br/061901250406
oci:06604481997-06110876006,omid:br/06604481997,omid:br/06110876006
oci:06604481997-06250261684,omid:br/06604481997,omid:br/06250261684
oci:06604481997-0634027332,omid:br/06604481997,omid:br/0634027332
oci:06604481997-0634027341,omid:br/06604481997,omid:br/0634027341
oci:06604481997-061801240567,omid:br/06604481997,omid:br/061801240567
oci:06604481997-0610857110,omid:br/06604481997,omid:br/0610857110
oci:06604481997-06401033913,omid:br/06604481997,omid:br/06401033913
oci:062604071298-062404060870,omid:br/062604071298,omid:br/062404060870
oci:062604071298-061201240846,omid:br/062604071298,omid:br/061201240846
oci:062604071298-061301243125,omid:br/062604071298,omid:br/061301243125
oci:062604071298-062202428793,omid:br/062604071298,omid:br/062202428793
oci:062604071298-06802611507,omid:br/062604071298,omid:br/06802611507
oci:061303936857-061102726389,omid:br/061303936857,omid:br/061102726389
oci:061303936857-0610857416,omid:br/061303936857,omid:br/0610857416
oci:061303936857-061303941966,omid:br/061303936857,omid:br/061303941966
oci:061904043660-061903582328,omid:br/061904043660,omid:br/061903582328
oci:06290222696-06280229372,omid:br/06290222696,omid:br/06280229372
oci:06290222696-062304048327,omid:br/06290222696,omid:br/062304048327
oci:06290222696-062404060156,omid:br/06290222696,omid:br/062404060156
oci:06290222696-06304479177,omid:br/06290222696,omid:br/06304479177
oci:06290222696-06904089334,omid:br/06290222696,omid:br/06904089334
oci:06290222696-062404060870,omid:br/06290222696,omid:br/062404060870
oci:06290222696-0648026475,omid:br/06290222696,omid:br/0648026475
oci:06290222696-0639028003,omid:br/06290222696,omid:br/0639028003
oci:06290222696-06601214819,omid:br/06290222696,omid:br/06601214819
oci:06290222696-06280233215,omid:br/06290222696,omid:br/06280233215
oci:06290222696-062504062529,omid:br/06290222696,omid:br/062504062529
oci:062104035884-061104088294,omid:br/062104035884,omid:br/061104088294
oci:062104035884-061201154613,omid:br/062104035884,omid:br/061201154613
oci:062104035884-06401174123,omid:br/062104035884,omid:br/06401174123
oci:062104035884-0641027366,omid:br/062104035884,omid:br/0641027366
oci:062104035884-06220789168,omid:br/062104035884,omid:br/06220789168
oci:06530217052-06304479048,omid:br/06530217052,omid:br/06304479048
oci:06530217052-061203954696,omid:br/06530217052,omid:br/061203954696
oci:06270231067-062104035418,omid:br/06270231067,omid:br/062104035418
oci:06270231067-06902774988,omid:br/06270231067,omid:br/06902774988
oci:06270231067-06230215270,omid:br/06270231067,omid:br/06230215270
oci:06604481807-061403557341,omid:br/06604481807,omid:br/061403557341
oci:06604481807-0680476839,omid:br/06604481807,omid:br/0680476839
oci:061904043631-061601249518,omid:br/061904043631,omid:br/061601249518
oci:061904043631-061403557341,omid:br/061904043631,omid:br/061403557341
oci:061904043631-06304478762,omid:br/061904043631,omid:br/06304478762
oci:061904043631-061103322415,omid:br/061904043631,omid:br/061103322415
oci:061904043631-0641028042,omid:br/061904043631,omid:br/0641028042
oci:061503946849-06703124877,omid:br/061503946849,omid:br/06703124877
oci:061503946849-0690479568,omid:br/061503946849,omid:br/0690479568
oci:061503946849-0647025162,omid:br/061503946849,omid:br/0647025162
oci:061503946849-0646026979,omid:br/061503946849,omid:br/0646026979
oci:061503946849-0653026261,omid:br/061503946849,omid:br/0653026261
oci:06704461702-061401232793,omid:br/06704461702,omid:br/061401232793
oci:06704461702-0641027891,omid:br/06704461702,omid:br/0641027891
oci:061703960576-061301243204,omid:br/061703960576,omid:br/061301243204
oci:061703960576-061301242426,omid:br/061703960576,omid:br/061301242426
oci:061703960576-061104088341,omid:br/061703960576,omid:br/061104088341
oci:061703960576-062101154179,omid:br/061703960576,omid:br/062101154179
oci:061703960576-061201241502,omid:br/061703960576,omid:br/061201241502
oci:061703960576-06160534613,omid:br/061703960576,omid:br/06160534613
oci:061703960576-06170531061,omid:br/061703960576,omid:br/06170531061
oci:061703960576-06140525714,omid:br/061703960576,omid:br/06140525714
oci:061703960576-0641027923,omid:br/061703960576,omid:br/0641027923
oci:061703960576-061803056286,omid:br/061703960576,omid:br/061803056286
oci:0604665716-06280233502,omid:br/0604665716,omid:br/06280233502
oci:0604665716-061403568424,omid:br/0604665716,omid:br/061403568424
oci:0604665716-06270235592,omid:br/0604665716,omid:br/06270235592
oci:062203577463-06702593355,omid:br/062203577463,omid:br/06702593355
oci:06520214363-06130194046,omid:br/06520214363,omid:br/06130194046
oci:06520214363-06110215240,omid:br/06520214363,omid:br/06110215240
oci:06520214363-06130205351,omid:br/06520214363,omid:br/06130205351
oci:0604495716-06803977651,omid:br/0604495716,omid:br/06803977651
oci:062604071349-06901175348,omid:br/062604071349,omid:br/06901175348
oci:062604071349-0639027212,omid:br/062604071349,omid:br/0639027212
oci:062604071349-0641027494,omid:br/062604071349,omid:br/0641027494
oci:062604071349-0604523908,omid:br/062604071349,omid:br/0604523908
oci:062604071349-061902417525,omid:br/062604071349,omid:br/061902417525
oci:061104088119-06702593282,omid:br/061104088119,omid:br/06702593282
oci:0604708183-0647024945,omid:br/0604708183,omid:br/0647024945
oci:0604708183-0604832357,omid:br/0604708183,omid:br/0604832357
oci:0604708183-061202225967,omid:br/0604708183,omid:br/061202225967
oci:0604708183-062601815993,omid:br/0604708183,omid:br/062601815993
oci:0604708183-062204114287,omid:br/0604708183,omid:br/062204114287
