id,citing,cited
oci:06480204018-06150487972,omid:br/06480204018,omid:br/06150487972
oci:06480204018-06230967642,omid:br/06480204018,omid:br/06230967642
oci:06480203444-0625081816,omid:br/06480203444,omid:br/0625081816
oci:06450198429-06140985048,omid:br/06450198429,omid:br/06140985048
oci:06450198429-06170994199,omid:br/06450198429,omid:br/06170994199
oci:06450198389-06140987591,omid:br/06450198389,omid:br/06140987591
oci:06450198389-062501781225,omid:br/06450198389,omid:br/062501781225
oci:06450198250-061202695052,omid:br/06450198250,omid:br/061202695052
oci:06450198250-0640533663,omid:br/06450198250,omid:br/0640533663
oci:06450198117-06250483693,omid:br/06450198117,omid:br/06250483693
oci:06480203365-061903809813,omid:br/06480203365,omid:br/061903809813
oci:06480203962-06220613677,omid:br/06480203962,omid:br/06220613677
oci:06480203962-06803980724,omid:br/06480203962,omid:br/06803980724
oci:06480203962-0622079613,omid:br/06480203962,omid:br/0622079613
oci:06450198116-06503120822,omid:br/06450198116,omid:br/06503120822
oci:06450198365-0680621652,omid:br/06450198365,omid:br/0680621652
oci:06450198365-06601138778,omid:br/06450198365,omid:br/06601138778
oci:06450198395-0690624093,omid:br/06450198395,omid:br/0690624093
oci:06450198395-061401122372,omid:br/06450198395,omid:br/061401122372
oci:06450198353-061401373617,omid:br/06450198353,omid:br/061401373617
oci:06450198353-0660620298,omid:br/06450198353,omid:br/0660620298
oci:06450198157-0619086929,omid:br/06450198157,omid:br/0619086929
oci:06450198414-061081442,omid:br/06450198414,omid:br/061081442
oci:06450198414-069087190,omid:br/06450198414,omid:br/069087190
oci:06450198414-0617083746,omid:br/06450198414,omid:br/0617083746
oci:06480203428-06701040572,omid:br/06480203428,omid:br/06701040572
oci:06450198334-0624080527,omid:br/06450198334,omid:br/0624080527
oci:06450198405-068089206,omid:br/06450198405,omid:br/068089206
oci:06450198405-06804505974,omid:br/06450198405,omid:br/06804505974
oci:06450198405-061901648081,omid:br/06450198405,omid:br/061901648081
oci:06450198404-06450198326,omid:br/06450198404,omid:br/06450198326
oci:06450198404-06602429071,omid:br/06450198404,omid:br/06602429071
oci:06450198359-061301084949,omid:br/06450198359,omid:br/061301084949
oci:06450198359-061301085027,omid:br/06450198359,omid:br/061301085027
oci:06480204040-06103133584,omid:br/06480204040,omid:br/06103133584
oci:06480204040-06603474200,omid:br/06480204040,omid:br/06603474200
oci:06480204040-06902895097,omid:br/06480204040,omid:br/06902895097
oci:06480204040-06101215045,omid:br/06480204040,omid:br/06101215045
oci:06480204040-064086409,omid:br/06480204040,omid:br/064086409
oci:06450198159-06903080173,omid:br/06450198159,omid:br/06903080173
oci:06450198159-06804056949,omid:br/06450198159,omid:br/06804056949
oci:06450198159-06901244796,omid:br/06450198159,omid:br/06901244796
oci:06450198159-061804169425,omid:br/06450198159,omid:br/061804169425
oci:06450198159-06804056209,omid:br/06450198159,omid:br/06804056209
oci:06450198369-061901648116,omid:br/06450198369,omid:br/061901648116
oci:06450198369-061901137515,omid:br/06450198369,omid:br/061901137515
oci:06450198407-061501137114,omid:br/06450198407,omid:br/061501137114
oci:06450198407-06220614890,omid:br/06450198407,omid:br/06220614890
oci:06450198407-0604711439,omid:br/06450198407,omid:br/0604711439
oci:06450198368-062203699248,omid:br/06450198368,omid:br/062203699248
oci:06450198368-06101388591,omid:br/06450198368,omid:br/06101388591
oci:06450198368-062301692193,omid:br/06450198368,omid:br/062301692193
oci:06450198368-0690624093,omid:br/06450198368,omid:br/0690624093
oci:06450198368-061303598874,omid:br/06450198368,omid:br/061303598874
oci:06450198368-061403700443,omid:br/06450198368,omid:br/061403700443
oci:06480203372-061501137803,omid:br/06480203372,omid:br/061501137803
oci:06480203372-061301131596,omid:br/06480203372,omid:br/061301131596
oci:06480203372-061601136789,omid:br/06480203372,omid:br/061601136789
oci:06480203372-062601409423,omid:br/06480203372,omid:br/062601409423
oci:06480203372-061703329160,omid:br/06480203372,omid:br/061703329160
oci:06480203372-0626097665,omid:br/06480203372,omid:br/0626097665
oci:06480203372-06120913078,omid:br/06480203372,omid:br/06120913078
oci:06480203372-06170999110,omid:br/06480203372,omid:br/06170999110
oci:06480203372-06150999517,omid:br/06480203372,omid:br/06150999517
oci:06450198427-061701627599,omid:br/06450198427,omid:br/061701627599
oci:06450198427-06804027394,omid:br/06450198427,omid:br/06804027394
oci:06450198294-06103129891,omid:br/06450198294,omid:br/06103129891
oci:06450198294-061201125985,omid:br/06450198294,omid:br/061201125985
oci:06450198294-06301430732,omid:br/06450198294,omid:br/06301430732
oci:06450198294-06501442858,omid:br/06450198294,omid:br/06501442858
oci:06450198362-061401525009,omid:br/06450198362,omid:br/061401525009
oci:06450198362-06170616297,omid:br/06450198362,omid:br/06170616297
oci:06450198362-068089206,omid:br/06450198362,omid:br/068089206
oci:06450198270-061303613302,omid:br/06450198270,omid:br/061303613302
oci:06450198270-06902720043,omid:br/06450198270,omid:br/06902720043
oci:06450198270-0625077352,omid:br/06450198270,omid:br/0625077352
oci:06450198270-06103129891,omid:br/06450198270,omid:br/06103129891
oci:06450198325-06301793342,omid:br/06450198325,omid:br/06301793342
oci:06450198325-0625077352,omid:br/06450198325,omid:br/0625077352
oci:06480203430-061103626694,omid:br/06480203430,omid:br/061103626694
oci:06480203430-06240166978,omid:br/06480203430,omid:br/06240166978
oci:06480203430-0610623016,omid:br/06480203430,omid:br/0610623016
oci:06480203430-06150999517,omid:br/06480203430,omid:br/06150999517
oci:06450198350-06402586854,omid:br/06450198350,omid:br/06402586854
oci:06480203951-06260504076,omid:br/06480203951,omid:br/06260504076
oci:06480203951-06902723422,omid:br/06480203951,omid:br/06902723422
oci:06480203951-06604042994,omid:br/06480203951,omid:br/06604042994
oci:06480203951-061101366360,omid:br/06480203951,omid:br/061101366360
oci:06480203951-06480203390,omid:br/06480203951,omid:br/06480203390
oci:06480203951-06480204112,omid:br/06480203951,omid:br/06480204112
oci:06480203951-061101135410,omid:br/06480203951,omid:br/061101135410
oci:06450198370-061301130452,omid:br/06450198370,omid:br/061301130452
oci:06450198370-0604711439,omid:br/06450198370,omid:br/0604711439
oci:06450198231-0604838102,omid:br/06450198231,omid:br/0604838102
oci:06450198193-061201125393,omid:br/06450198193,omid:br/061201125393
oci:06450198371-0680503323,omid:br/06450198371,omid:br/0680503323
oci:06450198390-0640357287,omid:br/06450198390,omid:br/0640357287
oci:06450198390-06110993661,omid:br/06450198390,omid:br/06110993661
oci:06450198421-06480204221,omid:br/06450198421,omid:br/06480204221
oci:06450198421-06480204209,omid:br/06450198421,omid:br/06480204209
oci:06450198198-0653023674,omid:br/06450198198,omid:br/0653023674
oci:06450198430-062082866,omid:br/06450198430,omid:br/062082866
oci:06450198430-06101388500,omid:br/06450198430,omid:br/06101388500
oci:06450198385-0640846882,omid:br/06450198385,omid:br/0640846882
oci:06450198385-06420208090,omid:br/06450198385,omid:br/06420208090
oci:06450198385-06420208019,omid:br/06450198385,omid:br/06420208019
oci:06450198276-0690624014,omid:br/06450198276,omid:br/0690624014
oci:06450198426-061101135564,omid:br/06450198426,omid:br/061101135564
oci:06450198426-061401373926,omid:br/06450198426,omid:br/061401373926
oci:06450198162-062501188808,omid:br/06450198162,omid:br/062501188808
oci:06450198306-0670616499,omid:br/06450198306,omid:br/0670616499
oci:06450198240-06201118432,omid:br/06450198240,omid:br/06201118432
oci:06450198226-0626097665,omid:br/06450198226,omid:br/0626097665
oci:06450198226-062301692360,omid:br/06450198226,omid:br/062301692360
oci:06450198226-06260628238,omid:br/06450198226,omid:br/06260628238
oci:06450198226-06170611168,omid:br/06450198226,omid:br/06170611168
oci:06450198391-061601136861,omid:br/06450198391,omid:br/061601136861
oci:06450198391-061101135564,omid:br/06450198391,omid:br/061101135564
oci:06450198391-06804048180,omid:br/06450198391,omid:br/06804048180
oci:06450198310-064085013,omid:br/06450198310,omid:br/064085013
oci:06450198310-0621086336,omid:br/06450198310,omid:br/0621086336
oci:06450198310-06260368999,omid:br/06450198310,omid:br/06260368999
oci:06450198310-061301130398,omid:br/06450198310,omid:br/061301130398
oci:06480204009-061303952471,omid:br/06480204009,omid:br/061303952471
oci:06450198102-0690487462,omid:br/06450198102,omid:br/0690487462
oci:06450198102-061801525890,omid:br/06450198102,omid:br/061801525890
oci:06450198102-061703329136,omid:br/06450198102,omid:br/061703329136
oci:06450198208-06210915871,omid:br/06450198208,omid:br/06210915871
oci:06450198363-06240802422,omid:br/06450198363,omid:br/06240802422
oci:06450198363-06410343127,omid:br/06450198363,omid:br/06410343127
oci:06450198363-062203648403,omid:br/06450198363,omid:br/062203648403
oci:06450198363-061701135940,omid:br/06450198363,omid:br/061701135940
oci:06450198363-061703329136,omid:br/06450198363,omid:br/061703329136
oci:06450198363-061901138129,omid:br/06450198363,omid:br/061901138129
oci:06450198402-0630732883,omid:br/06450198402,omid:br/0630732883
oci:06450198402-06130479579,omid:br/06450198402,omid:br/06130479579
oci:06480203408-06903066316,omid:br/06480203408,omid:br/06903066316
oci:06480203408-061201125398,omid:br/06480203408,omid:br/061201125398
oci:06480203408-061701389116,omid:br/06480203408,omid:br/061701389116
oci:06480203408-06190995342,omid:br/06480203408,omid:br/06190995342
oci:06450198357-061803315909,omid:br/06450198357,omid:br/061803315909
oci:06450198139-061402202204,omid:br/06450198139,omid:br/061402202204
oci:06450198409-06440202987,omid:br/06450198409,omid:br/06440202987
oci:06450198409-061801385565,omid:br/06450198409,omid:br/061801385565
oci:06450198235-061403631235,omid:br/06450198235,omid:br/061403631235
oci:06450198235-061202057717,omid:br/06450198235,omid:br/061202057717
oci:06450198235-0625077352,omid:br/06450198235,omid:br/0625077352
oci:06450198235-0670992422,omid:br/06450198235,omid:br/0670992422
oci:06480204038-0640620918,omid:br/06480204038,omid:br/0640620918
oci:06480204038-062401555388,omid:br/06480204038,omid:br/062401555388
oci:06480204038-06190531504,omid:br/06480204038,omid:br/06190531504
oci:06480204038-06902895097,omid:br/06480204038,omid:br/06902895097
oci:06480204038-06101215045,omid:br/06480204038,omid:br/06101215045
oci:06480204038-064086409,omid:br/06480204038,omid:br/064086409
oci:06450198145-06170166373,omid:br/06450198145,omid:br/06170166373
oci:06450198145-065080610,omid:br/06450198145,omid:br/065080610
oci:06450198145-061803316623,omid:br/06450198145,omid:br/061803316623
oci:06450198255-06101215045,omid:br/06450198255,omid:br/06101215045
oci:06450198255-06170616297,omid:br/06450198255,omid:br/06170616297
oci:06450198142-06230352637,omid:br/06450198142,omid:br/06230352637
oci:06450198142-0680621734,omid:br/06450198142,omid:br/0680621734
oci:06450198142-062502118837,omid:br/06450198142,omid:br/062502118837
oci:06450198182-062403653877,omid:br/06450198182,omid:br/062403653877
oci:06450198397-061203588093,omid:br/06450198397,omid:br/061203588093
oci:06450198397-06480204246,omid:br/06450198397,omid:br/06480204246
oci:06450198393-0604838116,omid:br/06450198393,omid:br/0604838116
oci:06450198393-062202115493,omid:br/06450198393,omid:br/062202115493
oci:06450198419-06604043325,omid:br/06450198419,omid:br/06604043325
oci:06450198244-062601809346,omid:br/06450198244,omid:br/062601809346
oci:06450198244-06902720045,omid:br/06450198244,omid:br/06902720045
oci:06450198244-062077922,omid:br/06450198244,omid:br/062077922
oci:06450198309-06260633357,omid:br/06450198309,omid:br/06260633357
oci:06450198431-0690624014,omid:br/06450198431,omid:br/0690624014
oci:06450198431-069092450,omid:br/06450198431,omid:br/069092450
oci:06450198431-061303610875,omid:br/06450198431,omid:br/061303610875
oci:06450198364-06604042753,omid:br/06450198364,omid:br/06604042753
oci:06450198197-0617081787,omid:br/06450198197,omid:br/0617081787
oci:06480204003-06190993208,omid:br/06480204003,omid:br/06190993208
oci:06450198113-061801644815,omid:br/06450198113,omid:br/061801644815
oci:06450198415-0626097309,omid:br/06450198415,omid:br/0626097309
oci:06450198415-061603641140,omid:br/06450198415,omid:br/061603641140
oci:06480203353-06520198331,omid:br/06480203353,omid:br/06520198331
oci:06450198202-0670616833,omid:br/06450198202,omid:br/0670616833
oci:06450198202-06240605608,omid:br/06450198202,omid:br/06240605608
oci:06450198420-06704020848,omid:br/06450198420,omid:br/06704020848
oci:06450198420-06130952634,omid:br/06450198420,omid:br/06130952634
oci:06450198401-06702489549,omid:br/06450198401,omid:br/06702489549
oci:06450198401-062102120528,omid:br/06450198401,omid:br/062102120528
oci:06450198401-06170615830,omid:br/06450198401,omid:br/06170615830
oci:06450198401-06120830776,omid:br/06450198401,omid:br/06120830776
oci:06450198401-06801792611,omid:br/06450198401,omid:br/06801792611
oci:06450198375-06202420282,omid:br/06450198375,omid:br/06202420282
oci:06450198375-061503639829,omid:br/06450198375,omid:br/061503639829
oci:06450198121-06403166632,omid:br/06450198121,omid:br/06403166632
oci:06450198121-06480203645,omid:br/06450198121,omid:br/06480203645
oci:06450198121-06901244796,omid:br/06450198121,omid:br/06901244796
oci:06450198228-0670616833,omid:br/06450198228,omid:br/0670616833
oci:06450198228-06701575595,omid:br/06450198228,omid:br/06701575595
oci:06450198183-0650621164,omid:br/06450198183,omid:br/0650621164
oci:06450198183-068090171,omid:br/06450198183,omid:br/068090171
oci:06450198183-061504064594,omid:br/06450198183,omid:br/061504064594
oci:06450198379-062203699519,omid:br/06450198379,omid:br/062203699519
oci:06450198379-06604042757,omid:br/06450198379,omid:br/06604042757
oci:06450198379-06501005838,omid:br/06450198379,omid:br/06501005838
oci:06450198379-06240604721,omid:br/06450198379,omid:br/06240604721
oci:06450198379-061203707761,omid:br/06450198379,omid:br/061203707761
oci:06450198379-06140349872,omid:br/06450198379,omid:br/06140349872
oci:06450198379-06210616409,omid:br/06450198379,omid:br/06210616409
oci:06450198358-06170615830,omid:br/06450198358,omid:br/06170615830
oci:06450198358-06140836289,omid:br/06450198358,omid:br/06140836289
oci:06450198358-06260363534,omid:br/06450198358,omid:br/06260363534
oci:06450198434-06702489549,omid:br/06450198434,omid:br/06702489549
oci:06480203427-0660358727,omid:br/06480203427,omid:br/0660358727
oci:06450198382-06104005622,omid:br/06450198382,omid:br/06104005622
oci:06480203397-0650356461,omid:br/06480203397,omid:br/0650356461
oci:06480203397-06903649359,omid:br/06480203397,omid:br/06903649359
oci:06480203397-06180926539,omid:br/06480203397,omid:br/06180926539
oci:06480203397-06804027618,omid:br/06480203397,omid:br/06804027618
oci:06450198422-061301358334,omid:br/06450198422,omid:br/061301358334
oci:06450198422-06701356336,omid:br/06450198422,omid:br/06701356336
oci:06450198422-061401216889,omid:br/06450198422,omid:br/061401216889
oci:06480203954-061701132161,omid:br/06480203954,omid:br/061701132161
oci:06480203954-06901594584,omid:br/06480203954,omid:br/06901594584
oci:06480203954-062603822227,omid:br/06480203954,omid:br/062603822227
oci:06480203954-061901138081,omid:br/06480203954,omid:br/061901138081
oci:06480203954-061401559340,omid:br/06480203954,omid:br/061401559340
oci:06480203954-061501137428,omid:br/06480203954,omid:br/061501137428
oci:06480203954-061901577730,omid:br/06480203954,omid:br/061901577730
oci:06480203369-06801579146,omid:br/06480203369,omid:br/06801579146
oci:06480203369-06220931008,omid:br/06480203369,omid:br/06220931008
oci:06480203369-0610360367,omid:br/06480203369,omid:br/0610360367
oci:06480203369-0620936323,omid:br/06480203369,omid:br/0620936323
oci:06450198360-062401519184,omid:br/06450198360,omid:br/062401519184
oci:06450198423-0660620274,omid:br/06450198423,omid:br/0660620274
oci:06450198242-06204034559,omid:br/06450198242,omid:br/06204034559
oci:06450198242-061502703043,omid:br/06450198242,omid:br/061502703043
oci:06450198376-06603474752,omid:br/06450198376,omid:br/06603474752
oci:06450198376-06260857055,omid:br/06450198376,omid:br/06260857055
oci:06450198376-06701593035,omid:br/06450198376,omid:br/06701593035
oci:06450198130-061802846916,omid:br/06450198130,omid:br/061802846916
oci:06450198130-06520198427,omid:br/06450198130,omid:br/06520198427
oci:06450198130-062601408743,omid:br/06450198130,omid:br/062601408743
oci:06450198211-06240605670,omid:br/06450198211,omid:br/06240605670
oci:06450198211-06902223212,omid:br/06450198211,omid:br/06902223212
oci:06450198211-06250352055,omid:br/06450198211,omid:br/06250352055
oci:06450198349-06190843160,omid:br/06450198349,omid:br/06190843160
oci:06450198349-06504075217,omid:br/06450198349,omid:br/06504075217
oci:06450198349-06420207525,omid:br/06450198349,omid:br/06420207525
oci:06450198223-061502703043,omid:br/06450198223,omid:br/061502703043
oci:06450198223-06902719834,omid:br/06450198223,omid:br/06902719834
oci:06450198223-061203053714,omid:br/06450198223,omid:br/061203053714
oci:06450198223-06204034550,omid:br/06450198223,omid:br/06204034550
oci:06450198223-061086862,omid:br/06450198223,omid:br/061086862
oci:06450198223-061103072082,omid:br/06450198223,omid:br/061103072082
oci:06450198223-062302697339,omid:br/06450198223,omid:br/062302697339
oci:06480204024-06402586854,omid:br/06480204024,omid:br/06402586854
oci:06480204024-06601586018,omid:br/06480204024,omid:br/06601586018
oci:06480204024-06140947293,omid:br/06480204024,omid:br/06140947293
oci:06480204024-061203638281,omid:br/06480204024,omid:br/061203638281
oci:06480204024-06140336987,omid:br/06480204024,omid:br/06140336987
oci:06480204024-061203638798,omid:br/06480204024,omid:br/061203638798
oci:06480204024-069089761,omid:br/06480204024,omid:br/069089761
oci:06450198105-068088909,omid:br/06450198105,omid:br/068088909
oci:06450198105-062103305975,omid:br/06450198105,omid:br/062103305975
oci:06450198105-0650621164,omid:br/06450198105,omid:br/0650621164
oci:06450198105-06301050771,omid:br/06450198105,omid:br/06301050771
oci:06450198105-06260501870,omid:br/06450198105,omid:br/06260501870
oci:06450198105-062403653711,omid:br/06450198105,omid:br/062403653711
oci:06450198417-06902723596,omid:br/06450198417,omid:br/06902723596
oci:06480203361-0690493922,omid:br/06480203361,omid:br/0690493922
oci:06480203361-06160486896,omid:br/06480203361,omid:br/06160486896
oci:06480203361-0620936116,omid:br/06480203361,omid:br/0620936116
oci:06480203361-0650486409,omid:br/06480203361,omid:br/0650486409
oci:06480203361-06220930937,omid:br/06480203361,omid:br/06220930937
oci:06480203361-06230621158,omid:br/06480203361,omid:br/06230621158
oci:06480203361-06240605073,omid:br/06480203361,omid:br/06240605073
oci:06480203361-062401662677,omid:br/06480203361,omid:br/062401662677
oci:06480203361-06240347954,omid:br/06480203361,omid:br/06240347954
oci:06450198205-0660353088,omid:br/06450198205,omid:br/0660353088
oci:06450198383-06702489549,omid:br/06450198383,omid:br/06702489549
oci:06450198383-06120831168,omid:br/06450198383,omid:br/06120831168
oci:06450198383-06420208092,omid:br/06450198383,omid:br/06420208092
oci:06450198435-0653023924,omid:br/06450198435,omid:br/0653023924
oci:06450198435-0690624727,omid:br/06450198435,omid:br/0690624727
oci:06450198435-06701593035,omid:br/06450198435,omid:br/06701593035
oci:06480203437-06520198384,omid:br/06480203437,omid:br/06520198384
oci:06480203437-06480204148,omid:br/06480203437,omid:br/06480204148
oci:06480203437-06480203389,omid:br/06480203437,omid:br/06480203389
oci:06480203997-061904165122,omid:br/06480203997,omid:br/061904165122
oci:06480203997-061904165123,omid:br/06480203997,omid:br/061904165123
oci:06450198155-062203603534,omid:br/06450198155,omid:br/062203603534
oci:06450198155-06240521514,omid:br/06450198155,omid:br/06240521514
oci:06450198381-06520198331,omid:br/06450198381,omid:br/06520198331
oci:06450198112-062103306048,omid:br/06450198112,omid:br/062103306048
oci:06450198112-061502702759,omid:br/06450198112,omid:br/061502702759
oci:06480204039-062077922,omid:br/06480204039,omid:br/062077922
oci:06480204039-061503701588,omid:br/06480204039,omid:br/061503701588
oci:06480204039-06520198415,omid:br/06480204039,omid:br/06520198415
oci:06450198351-061401366921,omid:br/06450198351,omid:br/061401366921
oci:06450198241-06204589052,omid:br/06450198241,omid:br/06204589052
oci:06450198241-061602691260,omid:br/06450198241,omid:br/061602691260
oci:06450198241-0612080951,omid:br/06450198241,omid:br/0612080951
oci:06450198241-06201118059,omid:br/06450198241,omid:br/06201118059
oci:06450198241-06201118345,omid:br/06450198241,omid:br/06201118345
oci:06450198380-0631027842,omid:br/06450198380,omid:br/0631027842
oci:06450198380-06120831168,omid:br/06450198380,omid:br/06120831168
oci:06480203435-061801585376,omid:br/06480203435,omid:br/061801585376
oci:06480203435-061802188304,omid:br/06480203435,omid:br/061802188304
oci:06480203435-061102765818,omid:br/06480203435,omid:br/061102765818
oci:06480204011-069091352,omid:br/06480204011,omid:br/069091352
oci:06450198237-06604042058,omid:br/06450198237,omid:br/06604042058
oci:06450198237-0623088107,omid:br/06450198237,omid:br/0623088107
oci:06450198237-06201685673,omid:br/06450198237,omid:br/06201685673
oci:06450198237-066083879,omid:br/06450198237,omid:br/066083879
oci:06480204005-061403631087,omid:br/06480204005,omid:br/061403631087
oci:06480204005-06301394897,omid:br/06480204005,omid:br/06301394897
oci:06480204005-061901389844,omid:br/06480204005,omid:br/061901389844
oci:06480204005-06301394869,omid:br/06480204005,omid:br/06301394869
oci:06480204005-06150999517,omid:br/06480204005,omid:br/06150999517
oci:06480204005-06601396975,omid:br/06480204005,omid:br/06601396975
oci:06450198125-0640933780,omid:br/06450198125,omid:br/0640933780
oci:06450198125-0618084283,omid:br/06450198125,omid:br/0618084283
oci:06450198418-06401402479,omid:br/06450198418,omid:br/06401402479
oci:06450198418-06902722879,omid:br/06450198418,omid:br/06902722879
oci:06450198416-06702489549,omid:br/06450198416,omid:br/06702489549
oci:06450198416-0631027842,omid:br/06450198416,omid:br/0631027842
oci:06450198416-06602509208,omid:br/06450198416,omid:br/06602509208
oci:06450198153-062101125740,omid:br/06450198153,omid:br/062101125740
oci:06450198153-062501380861,omid:br/06450198153,omid:br/062501380861
oci:06450198153-061501390353,omid:br/06450198153,omid:br/061501390353
oci:06450198153-06901406548,omid:br/06450198153,omid:br/06901406548
oci:06450198153-0660964110,omid:br/06450198153,omid:br/0660964110
oci:06450198153-06704559341,omid:br/06450198153,omid:br/06704559341
oci:06450198153-0625080120,omid:br/06450198153,omid:br/0625080120
oci:06450198153-067087423,omid:br/06450198153,omid:br/067087423
oci:06450198398-062401519184,omid:br/06450198398,omid:br/062401519184
oci:06450198180-06704559341,omid:br/06450198180,omid:br/06704559341
oci:06450198147-0626097665,omid:br/06450198147,omid:br/0626097665
oci:06480203443-06240968544,omid:br/06480203443,omid:br/06240968544
oci:06450198098-06501005848,omid:br/06450198098,omid:br/06501005848
oci:06450198098-066084782,omid:br/06450198098,omid:br/066084782
oci:06450198098-061503993325,omid:br/06450198098,omid:br/061503993325
oci:06450198248-06160715103,omid:br/06450198248,omid:br/06160715103
oci:06450198248-06210709887,omid:br/06450198248,omid:br/06210709887
oci:06450198248-06160714604,omid:br/06450198248,omid:br/06160714604
oci:06480203376-061503647658,omid:br/06480203376,omid:br/061503647658
oci:06480203376-061301131596,omid:br/06480203376,omid:br/061301131596
oci:06480203376-06104607002,omid:br/06480203376,omid:br/06104607002
oci:06480203376-06170999110,omid:br/06480203376,omid:br/06170999110
oci:06480203376-062601409423,omid:br/06480203376,omid:br/062601409423
oci:06480203376-0625081816,omid:br/06480203376,omid:br/0625081816
oci:06450198412-06702489549,omid:br/06450198412,omid:br/06702489549
oci:06450198412-06260363534,omid:br/06450198412,omid:br/06260363534
oci:06450198412-06120831168,omid:br/06450198412,omid:br/06120831168
oci:06450198206-06230535885,omid:br/06450198206,omid:br/06230535885
oci:06450198206-067084363,omid:br/06450198206,omid:br/067084363
oci:06450198378-06140990581,omid:br/06450198378,omid:br/06140990581
oci:06450198378-06180988619,omid:br/06450198378,omid:br/06180988619
oci:06450198378-0680999119,omid:br/06450198378,omid:br/0680999119
oci:06450198394-06230617156,omid:br/06450198394,omid:br/06230617156
oci:06450198394-061501001626,omid:br/06450198394,omid:br/061501001626
oci:06450198433-0620121339,omid:br/06450198433,omid:br/0620121339
oci:06450198433-0690350497,omid:br/06450198433,omid:br/0690350497
oci:06520198511-061703329164,omid:br/06520198511,omid:br/061703329164
oci:06520198511-06390204549,omid:br/06520198511,omid:br/06390204549
oci:06520198508-0640620711,omid:br/06520198508,omid:br/0640620711
oci:06480203438-06104607012,omid:br/06480203438,omid:br/06104607012
oci:06480203438-061203671113,omid:br/06480203438,omid:br/061203671113
oci:06480203438-061203670727,omid:br/06480203438,omid:br/061203670727
oci:06480203438-06140987574,omid:br/06480203438,omid:br/06140987574
oci:06480203438-06101013526,omid:br/06480203438,omid:br/06101013526
oci:06480203438-0670615660,omid:br/06480203438,omid:br/0670615660
oci:06480203438-061602691261,omid:br/06480203438,omid:br/061602691261
oci:06450198124-062101125740,omid:br/06450198124,omid:br/062101125740
oci:06450198109-061902038656,omid:br/06450198109,omid:br/061902038656
oci:06450198109-061103630455,omid:br/06450198109,omid:br/061103630455
oci:06450198109-06150999266,omid:br/06450198109,omid:br/06150999266
oci:06450198115-06704559341,omid:br/06450198115,omid:br/06704559341
oci:06450198115-067087423,omid:br/06450198115,omid:br/067087423
oci:06450198128-06801137390,omid:br/06450198128,omid:br/06801137390
oci:06450198128-061701132161,omid:br/06450198128,omid:br/061701132161
oci:06450198128-06180926724,omid:br/06450198128,omid:br/06180926724
oci:06450198128-06101408169,omid:br/06450198128,omid:br/06101408169
oci:06450198128-061303599449,omid:br/06450198128,omid:br/061303599449
oci:06520198504-0623088406,omid:br/06520198504,omid:br/0623088406
oci:06520198504-0626097665,omid:br/06520198504,omid:br/0626097665
oci:06520198504-063082188,omid:br/06520198504,omid:br/063082188
oci:06520198504-0613082619,omid:br/06520198504,omid:br/0613082619
oci:06520198504-063082549,omid:br/06520198504,omid:br/063082549
oci:06480203989-06120947337,omid:br/06480203989,omid:br/06120947337
oci:06480203989-061102886269,omid:br/06480203989,omid:br/061102886269
oci:06480203989-062101382185,omid:br/06480203989,omid:br/062101382185
oci:06480203989-061301839414,omid:br/06480203989,omid:br/061301839414
oci:06520198506-062082796,omid:br/06520198506,omid:br/062082796
oci:06520198506-068090171,omid:br/06520198506,omid:br/068090171
oci:06520198506-06250986295,omid:br/06520198506,omid:br/06250986295
oci:06520198506-061401121934,omid:br/06520198506,omid:br/061401121934
oci:06520198506-06110994977,omid:br/06520198506,omid:br/06110994977
oci:06450198387-06404023882,omid:br/06450198387,omid:br/06404023882
oci:06450198387-06480204194,omid:br/06450198387,omid:br/06480204194
oci:06450198131-062103305733,omid:br/06450198131,omid:br/062103305733
oci:06450198131-0650621164,omid:br/06450198131,omid:br/0650621164
oci:06450198131-061903330384,omid:br/06450198131,omid:br/061903330384
oci:06450198131-061801526139,omid:br/06450198131,omid:br/061801526139
oci:06450198131-06210616187,omid:br/06450198131,omid:br/06210616187
oci:06450198131-06240605432,omid:br/06450198131,omid:br/06240605432
oci:06450198135-061081856,omid:br/06450198135,omid:br/061081856
oci:06450198135-06403166632,omid:br/06450198135,omid:br/06403166632
oci:06450198135-06170999110,omid:br/06450198135,omid:br/06170999110
oci:06480203446-06604043325,omid:br/06480203446,omid:br/06604043325
oci:06480203446-061101393806,omid:br/06480203446,omid:br/061101393806
oci:06480203446-06480203441,omid:br/06480203446,omid:br/06480203441
oci:06480204004-062403645671,omid:br/06480204004,omid:br/062403645671
oci:06480204004-06130523084,omid:br/06480204004,omid:br/06130523084
oci:06480204004-06170955869,omid:br/06480204004,omid:br/06170955869
oci:06480204004-061503043292,omid:br/06480204004,omid:br/061503043292
oci:06480204004-06150998986,omid:br/06480204004,omid:br/06150998986
oci:06480204004-063079272,omid:br/06480204004,omid:br/063079272
oci:06480204004-061701540404,omid:br/06480204004,omid:br/061701540404
oci:06480204004-06902150134,omid:br/06480204004,omid:br/06902150134
oci:06450198148-06204085710,omid:br/06450198148,omid:br/06204085710
oci:06450198148-061901516447,omid:br/06450198148,omid:br/061901516447
oci:06450198148-06501532310,omid:br/06450198148,omid:br/06501532310
oci:06450198229-06503487449,omid:br/06450198229,omid:br/06503487449
oci:06450198229-06804028541,omid:br/06450198229,omid:br/06804028541
oci:06450198229-061403039262,omid:br/06450198229,omid:br/061403039262
oci:06450198229-061703064980,omid:br/06450198229,omid:br/061703064980
oci:06450198229-061403040401,omid:br/06450198229,omid:br/061403040401
oci:06450198229-062403051196,omid:br/06450198229,omid:br/062403051196
oci:06450198229-061903065733,omid:br/06450198229,omid:br/061903065733
oci:06450198229-0617081148,omid:br/06450198229,omid:br/0617081148
oci:06450198229-06704021443,omid:br/06450198229,omid:br/06704021443
oci:06450198229-06103486931,omid:br/06450198229,omid:br/06103486931
oci:06450198118-061401121134,omid:br/06450198118,omid:br/061401121134
oci:06450198406-06801237659,omid:br/06450198406,omid:br/06801237659
oci:06450198406-061503624517,omid:br/06450198406,omid:br/061503624517
oci:06450198190-061503647658,omid:br/06450198190,omid:br/061503647658
oci:06450198190-062101125740,omid:br/06450198190,omid:br/062101125740
oci:06450198190-061401121134,omid:br/06450198190,omid:br/061401121134
oci:06450198190-069087603,omid:br/06450198190,omid:br/069087603
oci:06450198111-062502118961,omid:br/06450198111,omid:br/062502118961
oci:06450198111-062103306037,omid:br/06450198111,omid:br/062103306037
oci:06450198111-06204085710,omid:br/06450198111,omid:br/06204085710
oci:06450198111-0650621164,omid:br/06450198111,omid:br/0650621164
oci:06450198111-0680621734,omid:br/06450198111,omid:br/0680621734
oci:06480203368-061101393806,omid:br/06480203368,omid:br/061101393806
oci:06480203368-06480203441,omid:br/06480203368,omid:br/06480203441
oci:06480203368-06480203446,omid:br/06480203368,omid:br/06480203446
oci:06450198126-0620936548,omid:br/06450198126,omid:br/0620936548
oci:06450198126-06190933433,omid:br/06450198126,omid:br/06190933433
oci:06450198126-064084146,omid:br/06450198126,omid:br/064084146
oci:06520198505-0626097665,omid:br/06520198505,omid:br/0626097665
oci:06520198505-0626097645,omid:br/06520198505,omid:br/0626097645
oci:06520198505-062101580380,omid:br/06520198505,omid:br/062101580380
oci:06480203977-06701129996,omid:br/06480203977,omid:br/06701129996
oci:06480203977-06704203833,omid:br/06480203977,omid:br/06704203833
oci:06480203977-06201001002,omid:br/06480203977,omid:br/06201001002
oci:06480203977-06220467660,omid:br/06480203977,omid:br/06220467660
oci:06520198497-069091358,omid:br/06520198497,omid:br/069091358
oci:06520198497-06240522016,omid:br/06520198497,omid:br/06240522016
oci:06520198498-06120984165,omid:br/06520198498,omid:br/06120984165
oci:06520198498-06210985863,omid:br/06520198498,omid:br/06210985863
oci:06450198220-06170935602,omid:br/06450198220,omid:br/06170935602
oci:06450198220-067085461,omid:br/06450198220,omid:br/067085461
oci:06450198220-06501005572,omid:br/06450198220,omid:br/06501005572
oci:06450198220-0626098597,omid:br/06450198220,omid:br/0626098597
oci:06520198514-06250346332,omid:br/06520198514,omid:br/06250346332
oci:06520198514-06504593632,omid:br/06520198514,omid:br/06504593632
oci:06520198514-061502227315,omid:br/06520198514,omid:br/061502227315
oci:06520198514-06504593633,omid:br/06520198514,omid:br/06504593633
oci:06520198514-061902883711,omid:br/06520198514,omid:br/061902883711
oci:06450198158-0690623922,omid:br/06450198158,omid:br/0690623922
oci:06450198158-0650621164,omid:br/06450198158,omid:br/0650621164
oci:06450198158-06210985851,omid:br/06450198158,omid:br/06210985851
oci:06450198158-06130522974,omid:br/06450198158,omid:br/06130522974
oci:06480203359-06160938247,omid:br/06480203359,omid:br/06160938247
oci:06480203359-061303619588,omid:br/06480203359,omid:br/061303619588
oci:06480203359-062301573537,omid:br/06480203359,omid:br/062301573537
oci:06450198227-061902194622,omid:br/06450198227,omid:br/061902194622
oci:06450198227-06204589051,omid:br/06450198227,omid:br/06204589051
oci:06450198227-0624079337,omid:br/06450198227,omid:br/0624079337
oci:06480203953-061401344227,omid:br/06480203953,omid:br/061401344227
oci:06480203953-06190674191,omid:br/06480203953,omid:br/06190674191
oci:06450198114-061703329164,omid:br/06450198114,omid:br/061703329164
oci:06450198114-06130522974,omid:br/06450198114,omid:br/06130522974
oci:06480203445-0690493907,omid:br/06480203445,omid:br/0690493907
oci:06480203445-061403040447,omid:br/06480203445,omid:br/061403040447
oci:06480203445-06901890187,omid:br/06480203445,omid:br/06901890187
oci:06480203445-06250355202,omid:br/06480203445,omid:br/06250355202
oci:06480203445-0650488018,omid:br/06480203445,omid:br/0650488018
oci:06450198141-0670615660,omid:br/06450198141,omid:br/0670615660
oci:06450198200-06250529045,omid:br/06450198200,omid:br/06250529045
oci:06450198200-06404229409,omid:br/06450198200,omid:br/06404229409
oci:06450198200-063081845,omid:br/06450198200,omid:br/063081845
oci:06450198200-0621086213,omid:br/06450198200,omid:br/0621086213
oci:06450198200-0611090146,omid:br/06450198200,omid:br/0611090146
oci:06450198200-06603475818,omid:br/06450198200,omid:br/06603475818
oci:06450198200-06240479068,omid:br/06450198200,omid:br/06240479068
oci:06450198200-0611090722,omid:br/06450198200,omid:br/0611090722
oci:06520198509-0650621305,omid:br/06520198509,omid:br/0650621305
oci:06520198509-068089197,omid:br/06520198509,omid:br/068089197
oci:06520198509-061603329748,omid:br/06520198509,omid:br/061603329748
oci:06520198509-061101134931,omid:br/06520198509,omid:br/061101134931
oci:06520198509-061703329114,omid:br/06520198509,omid:br/061703329114
oci:06480203948-061201125249,omid:br/06480203948,omid:br/061201125249
oci:06480203948-062401108005,omid:br/06480203948,omid:br/062401108005
oci:06480203948-062101126175,omid:br/06480203948,omid:br/062101126175
oci:06480203420-0690492974,omid:br/06480203420,omid:br/0690492974
oci:06480203420-0630356751,omid:br/06480203420,omid:br/0630356751
oci:06480203420-0690493922,omid:br/06480203420,omid:br/0690493922
oci:06480203420-0630621650,omid:br/06480203420,omid:br/0630621650
oci:06480203420-06140478548,omid:br/06480203420,omid:br/06140478548
oci:06480203420-06403481117,omid:br/06480203420,omid:br/06403481117
oci:06480203420-0660358750,omid:br/06480203420,omid:br/0660358750
oci:06480203420-061203622445,omid:br/06480203420,omid:br/061203622445
oci:06480203420-06903650486,omid:br/06480203420,omid:br/06903650486
oci:06480203420-06903650162,omid:br/06480203420,omid:br/06903650162
oci:06480203420-062402115044,omid:br/06480203420,omid:br/062402115044
oci:06480203415-062101567554,omid:br/06480203415,omid:br/062101567554
oci:06480203415-06150938138,omid:br/06480203415,omid:br/06150938138
oci:06480203415-06210925098,omid:br/06480203415,omid:br/06210925098
oci:06480203415-061801644434,omid:br/06480203415,omid:br/061801644434
oci:06480203415-061703680357,omid:br/06480203415,omid:br/061703680357
oci:06480203415-061101580493,omid:br/06480203415,omid:br/061101580493
oci:06480203415-0620356749,omid:br/06480203415,omid:br/0620356749
oci:06480203415-0620488072,omid:br/06480203415,omid:br/0620488072
oci:06480203415-0620936361,omid:br/06480203415,omid:br/0620936361
oci:06480203415-06250353674,omid:br/06480203415,omid:br/06250353674
oci:06504504533-06150350869,omid:br/06504504533,omid:br/06150350869
oci:06504504533-06240479154,omid:br/06504504533,omid:br/06240479154
oci:06504504533-06110213938,omid:br/06504504533,omid:br/06110213938
oci:06520198482-06150712946,omid:br/06520198482,omid:br/06150712946
oci:06520198482-0660621242,omid:br/06520198482,omid:br/0660621242
oci:06520198482-062203077458,omid:br/06520198482,omid:br/062203077458
oci:06520198482-06190620063,omid:br/06520198482,omid:br/06190620063
oci:06450198178-067082669,omid:br/06450198178,omid:br/067082669
oci:06520198512-061402022019,omid:br/06520198512,omid:br/061402022019
oci:06520198512-06210339999,omid:br/06520198512,omid:br/06210339999
oci:06520198512-06150637330,omid:br/06520198512,omid:br/06150637330
oci:06520198512-06150637774,omid:br/06520198512,omid:br/06150637774
oci:06520198512-062501904064,omid:br/06520198512,omid:br/062501904064
oci:06520198512-06103113521,omid:br/06520198512,omid:br/06103113521
oci:06450198185-06601397592,omid:br/06450198185,omid:br/06601397592
oci:06450198185-061301386572,omid:br/06450198185,omid:br/061301386572
oci:06450198103-061203643814,omid:br/06450198103,omid:br/061203643814
oci:06450198103-061103662666,omid:br/06450198103,omid:br/061103662666
oci:06450198103-06120171764,omid:br/06450198103,omid:br/06120171764
oci:06450198103-06203997573,omid:br/06450198103,omid:br/06203997573
oci:06450198103-062303566726,omid:br/06450198103,omid:br/062303566726
oci:06450198103-06504011368,omid:br/06450198103,omid:br/06504011368
oci:06450198101-06230491909,omid:br/06450198101,omid:br/06230491909
oci:06480203351-06250346459,omid:br/06480203351,omid:br/06250346459
oci:06450198195-062203631558,omid:br/06450198195,omid:br/062203631558
oci:06450198195-06180988077,omid:br/06450198195,omid:br/06180988077
oci:06480204026-06101215045,omid:br/06480204026,omid:br/06101215045
oci:06480204026-06520198475,omid:br/06480204026,omid:br/06520198475
oci:06450198134-061701627599,omid:br/06450198134,omid:br/061701627599
oci:06520198491-06704020724,omid:br/06520198491,omid:br/06704020724
oci:06520198491-06701129441,omid:br/06520198491,omid:br/06701129441
oci:06520198491-0621086912,omid:br/06520198491,omid:br/0621086912
oci:06520198423-061604086287,omid:br/06520198423,omid:br/061604086287
oci:06520198423-061701389673,omid:br/06520198423,omid:br/061701389673
oci:06520198423-06501408361,omid:br/06520198423,omid:br/06501408361
oci:06520198516-0624081505,omid:br/06520198516,omid:br/0624081505
oci:06480203394-062503045413,omid:br/06480203394,omid:br/062503045413
oci:06480203394-06203480427,omid:br/06480203394,omid:br/06203480427
oci:06480203394-06704020680,omid:br/06480203394,omid:br/06704020680
oci:06480203394-06150998684,omid:br/06480203394,omid:br/06150998684
oci:06480203394-062403609967,omid:br/06480203394,omid:br/062403609967
oci:06480203394-061503059845,omid:br/06480203394,omid:br/061503059845
oci:06450198189-06804027394,omid:br/06450198189,omid:br/06804027394
oci:06520198477-061103620058,omid:br/06520198477,omid:br/061103620058
oci:06520198477-06801598950,omid:br/06520198477,omid:br/06801598950
oci:06520198477-06480203652,omid:br/06520198477,omid:br/06480203652
oci:06520198515-061101135089,omid:br/06520198515,omid:br/061101135089
oci:06520198455-06301051054,omid:br/06520198455,omid:br/06301051054
oci:06450198154-061081442,omid:br/06450198154,omid:br/061081442
oci:06450198154-069087190,omid:br/06450198154,omid:br/069087190
oci:06450198154-0612080310,omid:br/06450198154,omid:br/0612080310
oci:06450198154-068086619,omid:br/06450198154,omid:br/068086619
oci:06450198154-061102715536,omid:br/06450198154,omid:br/061102715536
oci:06450198154-0618086035,omid:br/06450198154,omid:br/0618086035
oci:06480203426-061401122098,omid:br/06480203426,omid:br/061401122098
oci:06480203426-061501389765,omid:br/06480203426,omid:br/061501389765
oci:06480203426-061301130122,omid:br/06480203426,omid:br/061301130122
oci:06480203426-061401121079,omid:br/06480203426,omid:br/061401121079
oci:06450198278-061303613302,omid:br/06450198278,omid:br/061303613302
oci:06450198278-06104053962,omid:br/06450198278,omid:br/06104053962
oci:06450198278-06902720043,omid:br/06450198278,omid:br/06902720043
oci:06504504494-0680503315,omid:br/06504504494,omid:br/0680503315
oci:06520198436-068088955,omid:br/06520198436,omid:br/068088955
oci:06520198436-06104056440,omid:br/06520198436,omid:br/06104056440
oci:06520198436-062103620791,omid:br/06520198436,omid:br/062103620791
oci:06520198436-061401342915,omid:br/06520198436,omid:br/061401342915
oci:06520198436-061101135131,omid:br/06520198436,omid:br/061101135131
oci:06520198436-06704040224,omid:br/06520198436,omid:br/06704040224
oci:06520198436-061202695347,omid:br/06520198436,omid:br/061202695347
oci:06520198436-0680617509,omid:br/06520198436,omid:br/0680617509
oci:06520198436-062603821309,omid:br/06520198436,omid:br/062603821309
oci:06450198297-06110492112,omid:br/06450198297,omid:br/06110492112
oci:06450198122-061303613302,omid:br/06450198122,omid:br/061303613302
oci:06450198122-0625077352,omid:br/06450198122,omid:br/0625077352
oci:06480203995-06160616703,omid:br/06480203995,omid:br/06160616703
oci:06480203995-062082908,omid:br/06480203995,omid:br/062082908
oci:06480203995-06140898093,omid:br/06480203995,omid:br/06140898093
oci:06480203995-061301446735,omid:br/06480203995,omid:br/061301446735
oci:06480203995-062404057056,omid:br/06480203995,omid:br/062404057056
oci:06480203995-062503642451,omid:br/06480203995,omid:br/062503642451
oci:06480203995-061603329805,omid:br/06480203995,omid:br/061603329805
oci:06504504528-0621084919,omid:br/06504504528,omid:br/0621084919
oci:06520198442-061604086289,omid:br/06520198442,omid:br/061604086289
oci:06520198442-061604086290,omid:br/06520198442,omid:br/061604086290
oci:06480203390-062403713570,omid:br/06480203390,omid:br/062403713570
oci:06480203390-061401121000,omid:br/06480203390,omid:br/061401121000
oci:06480203390-061303613121,omid:br/06480203390,omid:br/061303613121
oci:06480203390-06701041493,omid:br/06480203390,omid:br/06701041493
oci:06480203390-061602055694,omid:br/06480203390,omid:br/061602055694
oci:06480203390-06104607003,omid:br/06480203390,omid:br/06104607003
oci:06520198443-061604086291,omid:br/06520198443,omid:br/061604086291
oci:06450198283-062601809252,omid:br/06450198283,omid:br/062601809252
oci:06520198513-061101135493,omid:br/06520198513,omid:br/061101135493
oci:06450198173-065080270,omid:br/06450198173,omid:br/065080270
oci:06520198510-06701195669,omid:br/06520198510,omid:br/06701195669
oci:06480203986-062602240479,omid:br/06480203986,omid:br/062602240479
oci:06480203986-062502223628,omid:br/06480203986,omid:br/062502223628
oci:06480203986-06170615906,omid:br/06480203986,omid:br/06170615906
oci:06480203986-062503045748,omid:br/06480203986,omid:br/062503045748
oci:06480203986-06703458680,omid:br/06480203986,omid:br/06703458680
oci:06480203986-061303048371,omid:br/06480203986,omid:br/061303048371
oci:06480203986-06704108977,omid:br/06480203986,omid:br/06704108977
oci:06480203986-062303655765,omid:br/06480203986,omid:br/062303655765
oci:06480203986-06240260204,omid:br/06480203986,omid:br/06240260204
oci:06480203986-06260280678,omid:br/06480203986,omid:br/06260280678
oci:06480203986-0690273572,omid:br/06480203986,omid:br/0690273572
oci:06480203986-06240260219,omid:br/06480203986,omid:br/06240260219
oci:06480203986-06320276215,omid:br/06480203986,omid:br/06320276215
oci:06480203370-0620617896,omid:br/06480203370,omid:br/0620617896
oci:06480203370-0620618406,omid:br/06480203370,omid:br/0620618406
oci:06480203370-06803980724,omid:br/06480203370,omid:br/06803980724
oci:06504504534-0610360240,omid:br/06504504534,omid:br/0610360240
oci:06520198488-061303635153,omid:br/06520198488,omid:br/061303635153
oci:06520198488-062602068090,omid:br/06520198488,omid:br/062602068090
oci:06520198488-061701134945,omid:br/06520198488,omid:br/061701134945
oci:06450198340-066083627,omid:br/06450198340,omid:br/066083627
oci:06480204035-061901138245,omid:br/06480204035,omid:br/061901138245
oci:06520198502-061604086297,omid:br/06520198502,omid:br/061604086297
oci:06520198502-06103474142,omid:br/06520198502,omid:br/06103474142
oci:06520198502-06304519818,omid:br/06520198502,omid:br/06304519818
oci:06480203419-06170699279,omid:br/06480203419,omid:br/06170699279
oci:06520198480-06110998662,omid:br/06520198480,omid:br/06110998662
oci:06520198480-06701384321,omid:br/06520198480,omid:br/06701384321
oci:06480203404-061204061046,omid:br/06480203404,omid:br/061204061046
oci:06480203404-061201125322,omid:br/06480203404,omid:br/061201125322
oci:06520198185-062503601287,omid:br/06520198185,omid:br/062503601287
oci:06520198185-06150998842,omid:br/06520198185,omid:br/06150998842
oci:06520198185-062103034650,omid:br/06520198185,omid:br/062103034650
oci:06520198185-062502733395,omid:br/06520198185,omid:br/062502733395
oci:06520198185-0630622379,omid:br/06520198185,omid:br/0630622379
oci:06480203976-062402736607,omid:br/06480203976,omid:br/062402736607
oci:06480203976-06703457700,omid:br/06480203976,omid:br/06703457700
oci:06480204087-06101013526,omid:br/06480204087,omid:br/06101013526
oci:06480204087-0625080120,omid:br/06480204087,omid:br/0625080120
oci:06450198331-06404633767,omid:br/06450198331,omid:br/06404633767
oci:06450198331-062302037527,omid:br/06450198331,omid:br/062302037527
oci:06450198331-06404633768,omid:br/06450198331,omid:br/06404633768
oci:06504504539-062301691991,omid:br/06504504539,omid:br/062301691991
oci:06480203384-061101135367,omid:br/06480203384,omid:br/061101135367
oci:06480203384-061101135448,omid:br/06480203384,omid:br/061101135448
oci:06520198417-061502686992,omid:br/06520198417,omid:br/061502686992
oci:06520198417-06150998886,omid:br/06520198417,omid:br/06150998886
oci:06520198417-061103626104,omid:br/06520198417,omid:br/061103626104
oci:06520198414-06401402725,omid:br/06520198414,omid:br/06401402725
oci:06520198414-061103626164,omid:br/06520198414,omid:br/061103626164
oci:06480203411-062102034066,omid:br/06480203411,omid:br/062102034066
oci:06480203411-062502035423,omid:br/06480203411,omid:br/062502035423
oci:06480203411-061201125332,omid:br/06480203411,omid:br/061201125332
oci:06450198164-0690623814,omid:br/06450198164,omid:br/0690623814
oci:06450198174-0620486690,omid:br/06450198174,omid:br/0620486690
oci:06450198174-06601254377,omid:br/06450198174,omid:br/06601254377
oci:06480204078-06520198181,omid:br/06480204078,omid:br/06520198181
oci:06480204078-06520198164,omid:br/06480204078,omid:br/06520198164
oci:06520198195-06480203407,omid:br/06520198195,omid:br/06480203407
oci:06520198195-06150617848,omid:br/06520198195,omid:br/06150617848
oci:06520198195-061701655210,omid:br/06520198195,omid:br/061701655210
oci:06520198195-0660529532,omid:br/06520198195,omid:br/0660529532
oci:06520198195-06201113108,omid:br/06520198195,omid:br/06201113108
oci:06504504517-06902719839,omid:br/06504504517,omid:br/06902719839
oci:06504504517-061302035854,omid:br/06504504517,omid:br/061302035854
oci:06504504517-061703329164,omid:br/06504504517,omid:br/061703329164
oci:06504504531-065080610,omid:br/06504504531,omid:br/065080610
oci:06450198257-06101556572,omid:br/06450198257,omid:br/06101556572
oci:06450198257-06110995256,omid:br/06450198257,omid:br/06110995256
oci:06450198257-06250166025,omid:br/06450198257,omid:br/06250166025
oci:06520198461-06490292756,omid:br/06520198461,omid:br/06490292756
oci:06520198461-06480203667,omid:br/06520198461,omid:br/06480203667
oci:06520198182-061703751219,omid:br/06520198182,omid:br/061703751219
oci:06480204059-061201125371,omid:br/06480204059,omid:br/061201125371
oci:06480204059-06702489549,omid:br/06480204059,omid:br/06702489549
oci:06480204059-062503047190,omid:br/06480204059,omid:br/062503047190
oci:06480204059-06180837600,omid:br/06480204059,omid:br/06180837600
oci:06480204059-061703065056,omid:br/06480204059,omid:br/061703065056
oci:06480204059-06101530265,omid:br/06480204059,omid:br/06101530265
oci:06480204059-0614079925,omid:br/06480204059,omid:br/0614079925
oci:06480204059-061103069824,omid:br/06480204059,omid:br/061103069824
oci:06480204059-0690493461,omid:br/06480204059,omid:br/0690493461
oci:06520198204-06501005491,omid:br/06520198204,omid:br/06501005491
oci:06520198204-0630732910,omid:br/06520198204,omid:br/0630732910
oci:06450198172-0653023860,omid:br/06450198172,omid:br/0653023860
oci:06450198172-06170935388,omid:br/06450198172,omid:br/06170935388
oci:06450198172-06150617556,omid:br/06450198172,omid:br/06150617556
oci:06520198489-06480204155,omid:br/06520198489,omid:br/06480204155
oci:06520198489-06170876609,omid:br/06520198489,omid:br/06170876609
oci:06450198280-06160927440,omid:br/06450198280,omid:br/06160927440
oci:06450198119-06704051086,omid:br/06450198119,omid:br/06704051086
oci:06480203418-06804028403,omid:br/06480203418,omid:br/06804028403
oci:06504504502-062301692455,omid:br/06504504502,omid:br/062301692455
oci:06480204119-061103638097,omid:br/06480204119,omid:br/061103638097
oci:06480204119-06603461946,omid:br/06480204119,omid:br/06603461946
oci:06504504525-061503324840,omid:br/06504504525,omid:br/061503324840
oci:06450198181-06220929663,omid:br/06450198181,omid:br/06220929663
oci:06450198181-062401555524,omid:br/06450198181,omid:br/062401555524
oci:06450198133-0660620110,omid:br/06450198133,omid:br/0660620110
oci:06450198342-06150998706,omid:br/06450198342,omid:br/06150998706
oci:06450198342-061503059811,omid:br/06450198342,omid:br/061503059811
oci:06450198342-0625080284,omid:br/06450198342,omid:br/0625080284
oci:06450198342-061303049058,omid:br/06450198342,omid:br/061303049058
oci:06450198342-062077922,omid:br/06450198342,omid:br/062077922
oci:06450198342-061803607982,omid:br/06450198342,omid:br/061803607982
oci:061303565352-065077240,omid:br/061303565352,omid:br/065077240
oci:061303565352-063079079,omid:br/061303565352,omid:br/063079079
oci:061303565352-06190247527,omid:br/061303565352,omid:br/06190247527
oci:06480203403-06230620881,omid:br/06480203403,omid:br/06230620881
oci:06480203403-06104607007,omid:br/06480203403,omid:br/06104607007
oci:06480203403-062203648346,omid:br/06480203403,omid:br/062203648346
oci:06480203403-067087004,omid:br/06480203403,omid:br/067087004
oci:06480203403-061903330104,omid:br/06480203403,omid:br/061903330104
oci:06480203403-06104607008,omid:br/06480203403,omid:br/06104607008
oci:06450198316-0621085751,omid:br/06450198316,omid:br/0621085751
oci:06520198190-06403166632,omid:br/06520198190,omid:br/06403166632
oci:06520198190-06120984366,omid:br/06520198190,omid:br/06120984366
oci:06520198190-06301004556,omid:br/06520198190,omid:br/06301004556
oci:06520198190-061601138014,omid:br/06520198190,omid:br/061601138014
oci:06480204053-065081926,omid:br/06480204053,omid:br/065081926
oci:06480204053-061303634183,omid:br/06480204053,omid:br/061303634183
oci:06450198254-067082492,omid:br/06450198254,omid:br/067082492
oci:06450198254-064086186,omid:br/06450198254,omid:br/064086186
oci:06450198254-0650621305,omid:br/06450198254,omid:br/0650621305
oci:06450198254-06204034550,omid:br/06450198254,omid:br/06204034550
oci:06480203416-062203648346,omid:br/06480203416,omid:br/062203648346
oci:06480203416-06210985851,omid:br/06480203416,omid:br/06210985851
oci:06520198481-062403564653,omid:br/06520198481,omid:br/062403564653
oci:06520198481-06210710419,omid:br/06520198481,omid:br/06210710419
oci:06450198191-0660845349,omid:br/06450198191,omid:br/0660845349
oci:06450198191-0680621337,omid:br/06450198191,omid:br/0680621337
oci:06450198191-0680621236,omid:br/06450198191,omid:br/0680621236
oci:06480203357-061401342915,omid:br/06480203357,omid:br/061401342915
oci:06480203357-06160616674,omid:br/06480203357,omid:br/06160616674
oci:06480203357-062402120691,omid:br/06480203357,omid:br/062402120691
oci:06480203357-06104607001,omid:br/06480203357,omid:br/06104607001
oci:06480203357-0604679670,omid:br/06480203357,omid:br/0604679670
oci:06480203357-06210345833,omid:br/06480203357,omid:br/06210345833
oci:06480203357-06150617619,omid:br/06480203357,omid:br/06150617619
oci:06480203357-0630355324,omid:br/06480203357,omid:br/0630355324
oci:06480203357-06180617961,omid:br/06480203357,omid:br/06180617961
oci:06480203357-061703065486,omid:br/06480203357,omid:br/061703065486
oci:06480203357-06140521245,omid:br/06480203357,omid:br/06140521245
oci:06480204138-06604043409,omid:br/06480204138,omid:br/06604043409
oci:06480203363-061403594270,omid:br/06480203363,omid:br/061403594270
oci:06480203363-062101126118,omid:br/06480203363,omid:br/062101126118
oci:06480203363-061201125350,omid:br/06480203363,omid:br/061201125350
oci:06450198129-061504064592,omid:br/06450198129,omid:br/061504064592
oci:06450198129-061504064593,omid:br/06450198129,omid:br/061504064593
oci:06480203391-061303613121,omid:br/06480203391,omid:br/061303613121
oci:06480203391-06701041493,omid:br/06480203391,omid:br/06701041493
oci:06450198120-0653023691,omid:br/06450198120,omid:br/0653023691
oci:06450198120-06702490531,omid:br/06450198120,omid:br/06702490531
oci:06450198120-0653023860,omid:br/06450198120,omid:br/0653023860
oci:06450198120-06150617556,omid:br/06450198120,omid:br/06150617556
oci:06504504520-061303593112,omid:br/06504504520,omid:br/061303593112
oci:06504504520-06150487148,omid:br/06504504520,omid:br/06150487148
oci:06504504520-064086431,omid:br/06504504520,omid:br/064086431
oci:06504504520-06301520422,omid:br/06504504520,omid:br/06301520422
oci:06520198464-061103828058,omid:br/06520198464,omid:br/061103828058
oci:06504504510-0626097665,omid:br/06504504510,omid:br/0626097665
oci:06520198224-061301357422,omid:br/06520198224,omid:br/061301357422
oci:06450198333-0612080962,omid:br/06450198333,omid:br/0612080962
oci:06450198167-06260857004,omid:br/06450198167,omid:br/06260857004
oci:06450198167-0627026827,omid:br/06450198167,omid:br/0627026827
oci:06450198167-061301421213,omid:br/06450198167,omid:br/061301421213
oci:06450198167-06801706543,omid:br/06450198167,omid:br/06801706543
oci:06450198167-06180481746,omid:br/06450198167,omid:br/06180481746
oci:06450198187-0610940659,omid:br/06450198187,omid:br/0610940659
oci:06450198187-06250611733,omid:br/06450198187,omid:br/06250611733
oci:06450198166-06150617556,omid:br/06450198166,omid:br/06150617556
oci:06450198166-0653023860,omid:br/06450198166,omid:br/0653023860
oci:06450198166-062601706843,omid:br/06450198166,omid:br/062601706843
oci:06450198166-06150487401,omid:br/06450198166,omid:br/06150487401
oci:06450198166-062402120345,omid:br/06450198166,omid:br/062402120345
oci:06520198429-062103621054,omid:br/06520198429,omid:br/062103621054
oci:06480204055-06101013556,omid:br/06480204055,omid:br/06101013556
oci:06480204055-06301394752,omid:br/06480204055,omid:br/06301394752
oci:06480204055-061501390275,omid:br/06480204055,omid:br/061501390275
oci:06450198100-0614079913,omid:br/06450198100,omid:br/0614079913
oci:06450198100-06110361209,omid:br/06450198100,omid:br/06110361209
oci:06480203396-061203611480,omid:br/06480203396,omid:br/061203611480
oci:06480203396-06604042994,omid:br/06480203396,omid:br/06604042994
oci:06480203396-061103626005,omid:br/06480203396,omid:br/061103626005
oci:06480203396-06130989455,omid:br/06480203396,omid:br/06130989455
oci:06504504527-0626097665,omid:br/06504504527,omid:br/0626097665
oci:06504504527-0626097645,omid:br/06504504527,omid:br/0626097645
oci:06504504527-061703329103,omid:br/06504504527,omid:br/061703329103
oci:06450198136-061302221216,omid:br/06450198136,omid:br/061302221216
oci:06450198136-06701572458,omid:br/06450198136,omid:br/06701572458
oci:06520198453-06230981246,omid:br/06520198453,omid:br/06230981246
oci:06520198453-061303599546,omid:br/06520198453,omid:br/061303599546
oci:06520198453-061401366921,omid:br/06520198453,omid:br/061401366921
oci:06520198453-06140990581,omid:br/06520198453,omid:br/06140990581
oci:06520198453-06210989096,omid:br/06520198453,omid:br/06210989096
oci:06450198160-0653023860,omid:br/06450198160,omid:br/0653023860
oci:06450198160-0653024340,omid:br/06450198160,omid:br/0653024340
oci:06450198160-06180837510,omid:br/06450198160,omid:br/06180837510
oci:06480204136-061403635867,omid:br/06480204136,omid:br/061403635867
oci:06480204136-0690623743,omid:br/06480204136,omid:br/0690623743
oci:06480204136-06110617355,omid:br/06480204136,omid:br/06110617355
oci:06450198194-061602233209,omid:br/06450198194,omid:br/061602233209
oci:06450198097-06150487401,omid:br/06450198097,omid:br/06150487401
oci:06450198097-0640846536,omid:br/06450198097,omid:br/0640846536
oci:06450198168-0640934016,omid:br/06450198168,omid:br/0640934016
oci:06450198284-06704021537,omid:br/06450198284,omid:br/06704021537
oci:06450198284-061801644815,omid:br/06450198284,omid:br/061801644815
oci:06450198284-06150938151,omid:br/06450198284,omid:br/06150938151
oci:06450198284-06190486720,omid:br/06450198284,omid:br/06190486720
oci:06450198284-061102713261,omid:br/06450198284,omid:br/061102713261
oci:06450198284-062302695619,omid:br/06450198284,omid:br/062302695619
oci:06504504535-061603329748,omid:br/06504504535,omid:br/061603329748
oci:06504504535-06120913054,omid:br/06504504535,omid:br/06120913054
oci:06480203399-069089761,omid:br/06480203399,omid:br/069089761
oci:06480203399-062601559932,omid:br/06480203399,omid:br/062601559932
oci:06480203399-0619087382,omid:br/06480203399,omid:br/0619087382
oci:06480203399-06901616435,omid:br/06480203399,omid:br/06901616435
oci:06450198287-062301643719,omid:br/06450198287,omid:br/062301643719
oci:06504504504-0670616613,omid:br/06504504504,omid:br/0670616613
oci:06504504504-062103306037,omid:br/06504504504,omid:br/062103306037
oci:06504504504-0650621056,omid:br/06504504504,omid:br/0650621056
oci:06450198268-06103130891,omid:br/06450198268,omid:br/06103130891
oci:06450198268-0612081004,omid:br/06450198268,omid:br/0612081004
oci:06520198426-061503647658,omid:br/06520198426,omid:br/061503647658
oci:06520198426-061603653417,omid:br/06520198426,omid:br/061603653417
oci:06520198426-06150998857,omid:br/06520198426,omid:br/06150998857
oci:06520198426-06240166706,omid:br/06520198426,omid:br/06240166706
oci:06520198426-06240166466,omid:br/06520198426,omid:br/06240166466
oci:06520198426-061103626694,omid:br/06520198426,omid:br/061103626694
oci:06520198426-061403643586,omid:br/06520198426,omid:br/061403643586
oci:06450198138-0622081323,omid:br/06450198138,omid:br/0622081323
oci:06520198144-061401216872,omid:br/06520198144,omid:br/061401216872
oci:06480204114-06301004254,omid:br/06480204114,omid:br/06301004254
oci:06480204114-06601585964,omid:br/06480204114,omid:br/06601585964
oci:06480204114-062101125860,omid:br/06480204114,omid:br/062101125860
oci:06480204114-061501137114,omid:br/06480204114,omid:br/061501137114
oci:06480204114-0604711439,omid:br/06480204114,omid:br/0604711439
oci:06480203383-061802873269,omid:br/06480203383,omid:br/061802873269
oci:06480203383-06401527884,omid:br/06480203383,omid:br/06401527884
oci:06520198176-0625080120,omid:br/06520198176,omid:br/0625080120
oci:06450198403-06110617857,omid:br/06450198403,omid:br/06110617857
oci:06450198403-06150487401,omid:br/06450198403,omid:br/06150487401
oci:06450198403-06250611733,omid:br/06450198403,omid:br/06250611733
oci:06450198403-06250811400,omid:br/06450198403,omid:br/06250811400
oci:06450198403-06420208077,omid:br/06450198403,omid:br/06420208077
oci:06450198403-0653023860,omid:br/06450198403,omid:br/0653023860
oci:06450198281-0612081004,omid:br/06450198281,omid:br/0612081004
oci:06450198281-061301228245,omid:br/06450198281,omid:br/061301228245
oci:06520198175-06704020724,omid:br/06520198175,omid:br/06704020724
oci:06520198175-06160352172,omid:br/06520198175,omid:br/06160352172
oci:06480204081-0610362091,omid:br/06480204081,omid:br/0610362091
oci:06480204081-06170914050,omid:br/06480204081,omid:br/06170914050
oci:06480204081-061103657088,omid:br/06480204081,omid:br/061103657088
oci:06480204081-06604042994,omid:br/06480204081,omid:br/06604042994
oci:06480204081-06260632933,omid:br/06480204081,omid:br/06260632933
oci:06450198347-06260368999,omid:br/06450198347,omid:br/06260368999
oci:06520198449-06104232420,omid:br/06520198449,omid:br/06104232420
oci:06520198449-06104231980,omid:br/06520198449,omid:br/06104231980
oci:06520198449-06201595401,omid:br/06520198449,omid:br/06201595401
oci:06450198137-061101580493,omid:br/06450198137,omid:br/061101580493
oci:06450198137-062401555524,omid:br/06450198137,omid:br/062401555524
oci:06450198137-0620936290,omid:br/06450198137,omid:br/0620936290
oci:06504504522-062103306037,omid:br/06504504522,omid:br/062103306037
oci:06504504522-062502118961,omid:br/06504504522,omid:br/062502118961
oci:06480203362-061401373990,omid:br/06480203362,omid:br/061401373990
oci:06480203362-061203671113,omid:br/06480203362,omid:br/061203671113
oci:06480203362-06110617307,omid:br/06480203362,omid:br/06110617307
oci:06480203362-061301131591,omid:br/06480203362,omid:br/061301131591
oci:06480203362-06101013526,omid:br/06480203362,omid:br/06101013526
oci:06480203362-061301084964,omid:br/06480203362,omid:br/061301084964
oci:06480203362-0610623021,omid:br/06480203362,omid:br/0610623021
oci:06450198269-063079079,omid:br/06450198269,omid:br/063079079
oci:06450198269-0626097309,omid:br/06450198269,omid:br/0626097309
oci:06450198400-0629025220,omid:br/06450198400,omid:br/0629025220
oci:06520198202-061101135672,omid:br/06520198202,omid:br/061101135672
oci:06520198202-06150999517,omid:br/06520198202,omid:br/06150999517
oci:06520198202-061101393571,omid:br/06520198202,omid:br/061101393571
oci:06520198202-062601409423,omid:br/06520198202,omid:br/062601409423
oci:06480204048-061603640676,omid:br/06480204048,omid:br/061603640676
oci:06520198479-061604086295,omid:br/06520198479,omid:br/061604086295
oci:06504504497-0623088406,omid:br/06504504497,omid:br/0623088406
oci:06504504497-061401121934,omid:br/06504504497,omid:br/061401121934
oci:06480203442-0620487900,omid:br/06480203442,omid:br/0620487900
oci:06480203442-065080610,omid:br/06480203442,omid:br/065080610
oci:06480203442-0611088829,omid:br/06480203442,omid:br/0611088829
oci:06480203442-062301692356,omid:br/06480203442,omid:br/062301692356
oci:06480203442-061703328926,omid:br/06480203442,omid:br/061703328926
oci:06480203442-06304040383,omid:br/06480203442,omid:br/06304040383
oci:06480203442-061903330111,omid:br/06480203442,omid:br/061903330111
oci:06480203442-061703329114,omid:br/06480203442,omid:br/061703329114
oci:06480203442-0604679670,omid:br/06480203442,omid:br/0604679670
oci:06480203442-06104607001,omid:br/06480203442,omid:br/06104607001
oci:06450198317-06450198222,omid:br/06450198317,omid:br/06450198222
oci:06520198406-06170997818,omid:br/06520198406,omid:br/06170997818
oci:06450198411-06190933544,omid:br/06450198411,omid:br/06190933544
oci:06450198411-06804027092,omid:br/06450198411,omid:br/06804027092
oci:06504504512-0690487413,omid:br/06504504512,omid:br/0690487413
oci:06504504512-061703329114,omid:br/06504504512,omid:br/061703329114
oci:06504504512-061401122371,omid:br/06504504512,omid:br/061401122371
oci:06504504512-0618084156,omid:br/06504504512,omid:br/0618084156
oci:06504504512-06120913054,omid:br/06504504512,omid:br/06120913054
oci:06520198155-061303599079,omid:br/06520198155,omid:br/061303599079
oci:06480204110-061603641254,omid:br/06480204110,omid:br/061603641254
oci:06450198175-06190489313,omid:br/06450198175,omid:br/06190489313
oci:06450198175-0690623896,omid:br/06450198175,omid:br/0690623896
oci:06480203412-06170611589,omid:br/06480203412,omid:br/06170611589
oci:06480203412-06104232256,omid:br/06480203412,omid:br/06104232256
oci:06480203412-06150999519,omid:br/06480203412,omid:br/06150999519
oci:06480203412-06201396372,omid:br/06480203412,omid:br/06201396372
oci:06450198302-061502045229,omid:br/06450198302,omid:br/061502045229
oci:06480204056-06150487972,omid:br/06480204056,omid:br/06150487972
oci:06480204056-061703065056,omid:br/06480204056,omid:br/061703065056
oci:06480204056-06101530265,omid:br/06480204056,omid:br/06101530265
oci:06480204056-06140337050,omid:br/06480204056,omid:br/06140337050
oci:06480204056-06180837600,omid:br/06480204056,omid:br/06180837600
oci:06480204056-062503047190,omid:br/06480204056,omid:br/062503047190
oci:06480204056-061103069824,omid:br/06480204056,omid:br/061103069824
oci:06480204056-0614079925,omid:br/06480204056,omid:br/0614079925
oci:06480204056-0690493461,omid:br/06480204056,omid:br/0690493461
oci:06520198413-06190355473,omid:br/06520198413,omid:br/06190355473
oci:06520198437-061604086288,omid:br/06520198437,omid:br/061604086288
oci:06480204060-061903330400,omid:br/06480204060,omid:br/061903330400
oci:06480204060-061401342915,omid:br/06480204060,omid:br/061401342915
oci:06480204060-061301446735,omid:br/06480204060,omid:br/061301446735
oci:06480204060-062602240807,omid:br/06480204060,omid:br/062602240807
oci:06480204060-06520198191,omid:br/06480204060,omid:br/06520198191
oci:06480204060-061201125790,omid:br/06480204060,omid:br/061201125790
oci:06480204060-06140521245,omid:br/06480204060,omid:br/06140521245
oci:06520198164-061101393806,omid:br/06520198164,omid:br/061101393806
oci:06520198164-06480203446,omid:br/06520198164,omid:br/06480203446
oci:06520198164-06480203368,omid:br/06520198164,omid:br/06480203368
oci:06520198408-0626097665,omid:br/06520198408,omid:br/0626097665
oci:06520198408-0626097645,omid:br/06520198408,omid:br/0626097645
oci:06520198408-061101135618,omid:br/06520198408,omid:br/061101135618
oci:06450198256-062302037527,omid:br/06450198256,omid:br/062302037527
oci:06450198256-06130951576,omid:br/06450198256,omid:br/06130951576
oci:06520198492-0621085029,omid:br/06520198492,omid:br/0621085029
oci:06520198492-0620618170,omid:br/06520198492,omid:br/0620618170
oci:06450198388-0680999055,omid:br/06450198388,omid:br/0680999055
oci:06450198201-06504049351,omid:br/06450198201,omid:br/06504049351
oci:06480203433-06170615830,omid:br/06480203433,omid:br/06170615830
oci:06480203433-06180486542,omid:br/06480203433,omid:br/06180486542
oci:06480203433-062102120528,omid:br/06480203433,omid:br/062102120528
oci:06480203433-06250610336,omid:br/06480203433,omid:br/06250610336
oci:06480203433-06260363534,omid:br/06480203433,omid:br/06260363534
oci:06480203433-06140836289,omid:br/06480203433,omid:br/06140836289
oci:06480203433-0631027842,omid:br/06480203433,omid:br/0631027842
oci:06480203433-06602509208,omid:br/06480203433,omid:br/06602509208
oci:06480203433-06160617037,omid:br/06480203433,omid:br/06160617037
oci:06480203433-06903649734,omid:br/06480203433,omid:br/06903649734
oci:06480203433-06150487972,omid:br/06480203433,omid:br/06150487972
oci:06480203433-061202695078,omid:br/06480203433,omid:br/061202695078
oci:06480203433-06203114723,omid:br/06480203433,omid:br/06203114723
oci:06480203387-06104079226,omid:br/06480203387,omid:br/06104079226
oci:06480203387-061903330111,omid:br/06480203387,omid:br/061903330111
oci:06480203387-0620487900,omid:br/06480203387,omid:br/0620487900
oci:06480203387-0604679670,omid:br/06480203387,omid:br/0604679670
oci:06480203387-069089385,omid:br/06480203387,omid:br/069089385
oci:06520198196-061101377469,omid:br/06520198196,omid:br/061101377469
oci:06520198196-061901374116,omid:br/06520198196,omid:br/061901374116
oci:06520198196-061501373286,omid:br/06520198196,omid:br/061501373286
oci:06520198196-06701128635,omid:br/06520198196,omid:br/06701128635
oci:06520198196-061701134605,omid:br/06520198196,omid:br/061701134605
oci:06480204134-061603640364,omid:br/06480204134,omid:br/061603640364
oci:06480204134-061801290595,omid:br/06480204134,omid:br/061801290595
oci:06480204134-06504075217,omid:br/06480204134,omid:br/06504075217
oci:06480204134-06170844204,omid:br/06480204134,omid:br/06170844204
oci:06480204134-061603640962,omid:br/06480204134,omid:br/061603640962
oci:06520198471-062502118961,omid:br/06520198471,omid:br/062502118961
oci:06520198471-06701126322,omid:br/06520198471,omid:br/06701126322
oci:06520198471-06240605592,omid:br/06520198471,omid:br/06240605592
oci:06520198471-062103306037,omid:br/06520198471,omid:br/062103306037
oci:06520198471-06220481692,omid:br/06520198471,omid:br/06220481692
oci:06520198471-061703329164,omid:br/06520198471,omid:br/061703329164
oci:06520198471-061203603939,omid:br/06520198471,omid:br/061203603939
oci:06520198471-0670616755,omid:br/06520198471,omid:br/0670616755
oci:06520198471-06601519211,omid:br/06520198471,omid:br/06601519211
oci:06520198418-06480203726,omid:br/06520198418,omid:br/06480203726
oci:06520198418-061103626206,omid:br/06520198418,omid:br/061103626206
oci:06520198418-061502702497,omid:br/06520198418,omid:br/061502702497
oci:06520198418-06601001635,omid:br/06520198418,omid:br/06601001635
oci:06520198418-06901147349,omid:br/06520198418,omid:br/06901147349
oci:06450198219-06260370256,omid:br/06450198219,omid:br/06260370256
oci:06450198219-062301575059,omid:br/06450198219,omid:br/062301575059
oci:06450198219-06150957152,omid:br/06450198219,omid:br/06150957152
oci:06450198299-06902719839,omid:br/06450198299,omid:br/06902719839
oci:06450198299-06604042421,omid:br/06450198299,omid:br/06604042421
oci:06520198410-06130153665,omid:br/06520198410,omid:br/06130153665
oci:06520198410-06704051086,omid:br/06520198410,omid:br/06704051086
oci:06480204132-06803980724,omid:br/06480204132,omid:br/06803980724
oci:06480204132-061303952482,omid:br/06480204132,omid:br/061303952482
oci:06480204132-06220613677,omid:br/06480204132,omid:br/06220613677
oci:06480203366-0604838096,omid:br/06480203366,omid:br/0604838096
oci:06520198470-06101408294,omid:br/06520198470,omid:br/06101408294
oci:06480203379-061203611753,omid:br/06480203379,omid:br/061203611753
oci:06480203379-069091358,omid:br/06480203379,omid:br/069091358
oci:06480203379-061602691260,omid:br/06480203379,omid:br/061602691260
oci:06520198457-0620487900,omid:br/06520198457,omid:br/0620487900
oci:06520198457-065080610,omid:br/06520198457,omid:br/065080610
oci:06520198457-0611088829,omid:br/06520198457,omid:br/0611088829
oci:06520198457-063081979,omid:br/06520198457,omid:br/063081979
oci:06520198457-061301130476,omid:br/06520198457,omid:br/061301130476
oci:06520198457-06440203162,omid:br/06520198457,omid:br/06440203162
oci:06520198457-061703328926,omid:br/06520198457,omid:br/061703328926
oci:06520198457-06520198509,omid:br/06520198457,omid:br/06520198509
oci:06480203380-0620487900,omid:br/06480203380,omid:br/0620487900
oci:06480203380-065080610,omid:br/06480203380,omid:br/065080610
oci:06480203380-0611088829,omid:br/06480203380,omid:br/0611088829
oci:06480203380-0604679670,omid:br/06480203380,omid:br/0604679670
oci:06480203380-06480203433,omid:br/06480203380,omid:br/06480203433
oci:06480203380-061603330338,omid:br/06480203380,omid:br/061603330338
oci:06520198445-061604086292,omid:br/06520198445,omid:br/061604086292
oci:06520198445-06220992950,omid:br/06520198445,omid:br/06220992950
oci:06520198445-06201000255,omid:br/06520198445,omid:br/06201000255
oci:06520198445-061604086293,omid:br/06520198445,omid:br/061604086293
oci:06520198445-062201530533,omid:br/06520198445,omid:br/062201530533
oci:06520198422-062501536268,omid:br/06520198422,omid:br/062501536268
oci:06520198422-061601546665,omid:br/06520198422,omid:br/061601546665
oci:06450198216-06901389634,omid:br/06450198216,omid:br/06901389634
oci:06450198216-06901005529,omid:br/06450198216,omid:br/06901005529
oci:06450198216-06901005528,omid:br/06450198216,omid:br/06901005528
oci:06450198216-0621084777,omid:br/06450198216,omid:br/0621084777
oci:06520198216-061502685901,omid:br/06520198216,omid:br/061502685901
oci:06520198216-063602698,omid:br/06520198216,omid:br/063602698
oci:06520198216-061403631105,omid:br/06520198216,omid:br/061403631105
oci:06520198216-061603641140,omid:br/06520198216,omid:br/061603641140
oci:06520198216-061802038370,omid:br/06520198216,omid:br/061802038370
oci:06520198216-06901244316,omid:br/06520198216,omid:br/06901244316
oci:06520198216-062078342,omid:br/06520198216,omid:br/062078342
oci:06450198258-06210209430,omid:br/06450198258,omid:br/06210209430
oci:06520198503-0615084350,omid:br/06520198503,omid:br/0615084350
oci:06520198503-06120984410,omid:br/06520198503,omid:br/06120984410
oci:06480203434-06501531447,omid:br/06480203434,omid:br/06501531447
oci:06480203434-061101135114,omid:br/06480203434,omid:br/061101135114
oci:06480203434-061301130366,omid:br/06480203434,omid:br/061301130366
oci:06480203434-061202678488,omid:br/06480203434,omid:br/061202678488
oci:06480203434-061602140035,omid:br/06480203434,omid:br/061602140035
oci:06480203434-061101135115,omid:br/06480203434,omid:br/061101135115
oci:06480204052-061603640364,omid:br/06480204052,omid:br/061603640364
oci:06480204052-061801290595,omid:br/06480204052,omid:br/061801290595
oci:06480204052-06101530265,omid:br/06480204052,omid:br/06101530265
oci:06480204052-061703065056,omid:br/06480204052,omid:br/061703065056
oci:06520198451-0624081505,omid:br/06520198451,omid:br/0624081505
oci:06520198451-062601146416,omid:br/06520198451,omid:br/062601146416
oci:06480203421-06170471077,omid:br/06480203421,omid:br/06170471077
oci:06450198275-061901422838,omid:br/06450198275,omid:br/061901422838
oci:06450198275-062501187921,omid:br/06450198275,omid:br/062501187921
oci:06450198209-06130989319,omid:br/06450198209,omid:br/06130989319
oci:06520198223-06901616181,omid:br/06520198223,omid:br/06901616181
oci:06520198223-061903615390,omid:br/06520198223,omid:br/061903615390
oci:06520198223-06403166290,omid:br/06520198223,omid:br/06403166290
oci:06520198223-061081654,omid:br/06520198223,omid:br/061081654
oci:06520198223-06503487263,omid:br/06520198223,omid:br/06503487263
oci:06520198223-061503701319,omid:br/06520198223,omid:br/061503701319
oci:06520198223-0626094894,omid:br/06520198223,omid:br/0626094894
oci:06480204108-06101530265,omid:br/06480204108,omid:br/06101530265
oci:06480204108-061703065056,omid:br/06480204108,omid:br/061703065056
oci:06480204108-06120336204,omid:br/06480204108,omid:br/06120336204
oci:06480204108-06140337050,omid:br/06480204108,omid:br/06140337050
oci:06480203386-064086258,omid:br/06480203386,omid:br/064086258
oci:06480203386-061701851573,omid:br/06480203386,omid:br/061701851573
oci:06520198435-0618083266,omid:br/06520198435,omid:br/0618083266
oci:06520198435-062103305898,omid:br/06520198435,omid:br/062103305898
oci:06520198435-062103305404,omid:br/06520198435,omid:br/062103305404
oci:06520198435-0670994841,omid:br/06520198435,omid:br/0670994841
oci:06480204104-061101958512,omid:br/06480204104,omid:br/061101958512
oci:06480204104-0604077595,omid:br/06480204104,omid:br/0604077595
oci:06480204116-06101215045,omid:br/06480204116,omid:br/06101215045
oci:06480204116-06180660749,omid:br/06480204116,omid:br/06180660749
oci:06480204116-062201998157,omid:br/06480204116,omid:br/062201998157
oci:06480204116-06150339262,omid:br/06480204116,omid:br/06150339262
oci:06480204116-0680999187,omid:br/06480204116,omid:br/0680999187
oci:06480204116-0680347455,omid:br/06480204116,omid:br/0680347455
oci:06480204116-061802007239,omid:br/06480204116,omid:br/061802007239
oci:06480204116-06180985107,omid:br/06480204116,omid:br/06180985107
oci:06480204116-0640368531,omid:br/06480204116,omid:br/0640368531
oci:06480204116-0680347707,omid:br/06480204116,omid:br/0680347707
oci:06480204116-06160339714,omid:br/06480204116,omid:br/06160339714
oci:06480204116-0604838105,omid:br/06480204116,omid:br/0604838105
oci:06520198180-06180618426,omid:br/06520198180,omid:br/06180618426
oci:06520198180-06160714689,omid:br/06520198180,omid:br/06160714689
oci:06520198180-062603663931,omid:br/06520198180,omid:br/062603663931
oci:06450198252-061103631016,omid:br/06450198252,omid:br/061103631016
oci:06520198446-0612080871,omid:br/06520198446,omid:br/0612080871
oci:06520198149-06201573077,omid:br/06520198149,omid:br/06201573077
oci:06480203395-06180636870,omid:br/06480203395,omid:br/06180636870
oci:06480203395-06130628365,omid:br/06480203395,omid:br/06130628365
oci:06480203395-06170637224,omid:br/06480203395,omid:br/06170637224
oci:06480203395-0604838097,omid:br/06480203395,omid:br/0604838097
oci:06480203395-062203608994,omid:br/06480203395,omid:br/062203608994
oci:06480203395-06104607004,omid:br/06480203395,omid:br/06104607004
oci:06480203395-06104607005,omid:br/06480203395,omid:br/06104607005
oci:06480203395-06604042994,omid:br/06480203395,omid:br/06604042994
oci:06480203395-06201395932,omid:br/06480203395,omid:br/06201395932
oci:06450198312-0680621652,omid:br/06450198312,omid:br/0680621652
oci:06450198312-061601392790,omid:br/06450198312,omid:br/061601392790
oci:06450198312-062601408743,omid:br/06450198312,omid:br/062601408743
oci:06520198463-061604086294,omid:br/06520198463,omid:br/061604086294
oci:06520198463-06201001492,omid:br/06520198463,omid:br/06201001492
oci:06480204121-061401121088,omid:br/06480204121,omid:br/061401121088
oci:06480204121-06601139076,omid:br/06480204121,omid:br/06601139076
oci:06480204090-061903330078,omid:br/06480204090,omid:br/061903330078
oci:06480204090-062103305424,omid:br/06480204090,omid:br/062103305424
oci:06480204090-06250986275,omid:br/06480204090,omid:br/06250986275
oci:06520198147-0631027842,omid:br/06520198147,omid:br/0631027842
oci:06520198147-06602509208,omid:br/06520198147,omid:br/06602509208
oci:06520198147-062203603586,omid:br/06520198147,omid:br/062203603586
oci:06480204091-06520198170,omid:br/06480204091,omid:br/06520198170
oci:06480204091-061603640732,omid:br/06480204091,omid:br/061603640732
oci:06480203401-06520198480,omid:br/06480203401,omid:br/06520198480
oci:06480203401-061901948888,omid:br/06480203401,omid:br/061901948888
oci:06480203401-06701384321,omid:br/06480203401,omid:br/06701384321
oci:06480203401-06501408248,omid:br/06480203401,omid:br/06501408248
oci:06480204075-061702048967,omid:br/06480204075,omid:br/061702048967
oci:06480204075-0621085029,omid:br/06480204075,omid:br/0621085029
oci:06480204075-061303952471,omid:br/06480204075,omid:br/061303952471
oci:06480204075-06210709655,omid:br/06480204075,omid:br/06210709655
oci:06520198474-061703329164,omid:br/06520198474,omid:br/061703329164
oci:06520198474-061503647686,omid:br/06520198474,omid:br/061503647686
oci:06520198474-061702049287,omid:br/06520198474,omid:br/061702049287
oci:06520198474-06902719839,omid:br/06520198474,omid:br/06902719839
oci:06520198474-06230917186,omid:br/06520198474,omid:br/06230917186
oci:06520198474-062501188808,omid:br/06520198474,omid:br/062501188808
oci:06520198474-06250611647,omid:br/06520198474,omid:br/06250611647
oci:06520198467-0618084363,omid:br/06520198467,omid:br/0618084363
oci:06520198467-0626099603,omid:br/06520198467,omid:br/0626099603
oci:06520198467-06301395047,omid:br/06520198467,omid:br/06301395047
oci:06520198467-061101393764,omid:br/06520198467,omid:br/061101393764
oci:06520198467-061701389302,omid:br/06520198467,omid:br/061701389302
oci:06520198467-061301387370,omid:br/06520198467,omid:br/061301387370
oci:06520198467-06401402432,omid:br/06520198467,omid:br/06401402432
oci:06480203356-06240802422,omid:br/06480203356,omid:br/06240802422
oci:06480203356-06410343127,omid:br/06480203356,omid:br/06410343127
oci:06480203356-061902125543,omid:br/06480203356,omid:br/061902125543
oci:06480203356-062503642390,omid:br/06480203356,omid:br/062503642390
oci:06480203356-062503642386,omid:br/06480203356,omid:br/062503642386
oci:06480203356-0626097665,omid:br/06480203356,omid:br/0626097665
oci:06480203356-06190619792,omid:br/06480203356,omid:br/06190619792
oci:06480203356-0690487462,omid:br/06480203356,omid:br/0690487462
oci:06480203356-06601051479,omid:br/06480203356,omid:br/06601051479
oci:06480203356-062103034914,omid:br/06480203356,omid:br/062103034914
oci:06480203356-061903330415,omid:br/06480203356,omid:br/061903330415
oci:06480204101-062101126284,omid:br/06480204101,omid:br/062101126284
oci:06480203441-062502223545,omid:br/06480203441,omid:br/062502223545
oci:06480203441-061101393806,omid:br/06480203441,omid:br/061101393806
oci:06480203441-06604042994,omid:br/06480203441,omid:br/06604042994
oci:06480203441-062502223541,omid:br/06480203441,omid:br/062502223541
oci:06480203441-06104607013,omid:br/06480203441,omid:br/06104607013
oci:06520198483-06101408294,omid:br/06520198483,omid:br/06101408294
oci:06520198483-06801392535,omid:br/06520198483,omid:br/06801392535
oci:06520198483-06201395806,omid:br/06520198483,omid:br/06201395806
oci:06480203447-062402120691,omid:br/06480203447,omid:br/062402120691
oci:06480203447-06104607001,omid:br/06480203447,omid:br/06104607001
oci:06480203447-0604679670,omid:br/06480203447,omid:br/0604679670
oci:06480203447-061703329136,omid:br/06480203447,omid:br/061703329136
oci:06480203447-06250346816,omid:br/06480203447,omid:br/06250346816
oci:06480203447-06220340685,omid:br/06480203447,omid:br/06220340685
oci:06520198205-06210836976,omid:br/06520198205,omid:br/06210836976
oci:06520198205-06170844227,omid:br/06520198205,omid:br/06170844227
oci:06520198205-06480203374,omid:br/06520198205,omid:br/06480203374
oci:06520198205-065077240,omid:br/06520198205,omid:br/065077240
oci:06520198465-061902883711,omid:br/06520198465,omid:br/061902883711
oci:06520198465-0660353382,omid:br/06520198465,omid:br/0660353382
oci:06520198465-061903330497,omid:br/06520198465,omid:br/061903330497
oci:06480204088-061203638179,omid:br/06480204088,omid:br/061203638179
oci:06480204088-061601392359,omid:br/06480204088,omid:br/061601392359
oci:06480204088-061901390185,omid:br/06480204088,omid:br/061901390185
oci:06480204012-06210612805,omid:br/06480204012,omid:br/06210612805
oci:06480204012-0630365229,omid:br/06480204012,omid:br/0630365229
oci:06480204012-06103941568,omid:br/06480204012,omid:br/06103941568
oci:06480204012-06103941588,omid:br/06480204012,omid:br/06103941588
oci:06480203978-061403631454,omid:br/06480203978,omid:br/061403631454
oci:06480203978-061901648397,omid:br/06480203978,omid:br/061901648397
oci:06480203978-06604043623,omid:br/06480203978,omid:br/06604043623
oci:06480203978-06130989257,omid:br/06480203978,omid:br/06130989257
oci:06480204030-064086409,omid:br/06480204030,omid:br/064086409
oci:06480204030-06480203371,omid:br/06480204030,omid:br/06480203371
oci:06480204030-061903810634,omid:br/06480204030,omid:br/061903810634
oci:06480203972-06801136697,omid:br/06480203972,omid:br/06801136697
oci:06480203972-06101215045,omid:br/06480203972,omid:br/06101215045
oci:06480203972-061201125385,omid:br/06480203972,omid:br/061201125385
oci:06480203972-06220614439,omid:br/06480203972,omid:br/06220614439
oci:06480203972-06102523122,omid:br/06480203972,omid:br/06102523122
oci:06480204145-06201118491,omid:br/06480204145,omid:br/06201118491
oci:06480204145-06203115777,omid:br/06480204145,omid:br/06203115777
oci:06480204145-062403712153,omid:br/06480204145,omid:br/062403712153
oci:06480203966-061903810634,omid:br/06480203966,omid:br/061903810634
oci:06480203966-064086409,omid:br/06480203966,omid:br/064086409
oci:06480203966-06480203371,omid:br/06480203966,omid:br/06480203371
oci:06480203377-06130989318,omid:br/06480203377,omid:br/06130989318
oci:06480203377-06150999261,omid:br/06480203377,omid:br/06150999261
oci:06480203377-06704020676,omid:br/06480203377,omid:br/06704020676
oci:06520198466-0660487958,omid:br/06520198466,omid:br/0660487958
oci:06520198466-0630487302,omid:br/06520198466,omid:br/0630487302
oci:06520198466-066081155,omid:br/06520198466,omid:br/066081155
oci:06520198466-062301369927,omid:br/06520198466,omid:br/062301369927
oci:06450198308-06190487461,omid:br/06450198308,omid:br/06190487461
oci:06450198308-061403631235,omid:br/06450198308,omid:br/061403631235
oci:06450198308-061901422838,omid:br/06450198308,omid:br/061901422838
oci:06450198308-061303629050,omid:br/06450198308,omid:br/061303629050
oci:06520198433-062501380296,omid:br/06520198433,omid:br/062501380296
oci:06520198433-06504039919,omid:br/06520198433,omid:br/06504039919
oci:06520198433-06140987433,omid:br/06520198433,omid:br/06140987433
oci:06520198433-061601000049,omid:br/06520198433,omid:br/061601000049
oci:06520198433-06301394682,omid:br/06520198433,omid:br/06301394682
oci:06480203364-06430201947,omid:br/06480203364,omid:br/06430201947
oci:06480203364-06110617885,omid:br/06480203364,omid:br/06110617885
oci:06480203364-061703329114,omid:br/06480203364,omid:br/061703329114
oci:06520198132-061502227340,omid:br/06520198132,omid:br/061502227340
oci:06520198132-06520198367,omid:br/06520198132,omid:br/06520198367
oci:06520198132-0650621164,omid:br/06520198132,omid:br/0650621164
oci:06520198132-0626097665,omid:br/06520198132,omid:br/0626097665
oci:06520198132-061303952482,omid:br/06520198132,omid:br/061303952482
oci:06520198132-06504554696,omid:br/06520198132,omid:br/06504554696
oci:06520198132-0610539431,omid:br/06520198132,omid:br/0610539431
oci:06520198132-061903329597,omid:br/06520198132,omid:br/061903329597
oci:06520198132-06230621820,omid:br/06520198132,omid:br/06230621820
oci:06520198132-061703329355,omid:br/06520198132,omid:br/061703329355
oci:06480203985-06220613734,omid:br/06480203985,omid:br/06220613734
oci:06480203985-06480203951,omid:br/06480203985,omid:br/06480203951
oci:06480203985-06901244473,omid:br/06480203985,omid:br/06901244473
oci:06480203985-061904165120,omid:br/06480203985,omid:br/061904165120
oci:06480203979-062601229572,omid:br/06480203979,omid:br/062601229572
oci:06480203979-06130479262,omid:br/06480203979,omid:br/06130479262
oci:06480203979-068090201,omid:br/06480203979,omid:br/068090201
oci:06480203979-062101125600,omid:br/06480203979,omid:br/062101125600
oci:06480203979-062201695988,omid:br/06480203979,omid:br/062201695988
oci:06480203979-061202695006,omid:br/06480203979,omid:br/061202695006
oci:06480204023-061303952471,omid:br/06480204023,omid:br/061303952471
oci:06480204023-061601137746,omid:br/06480204023,omid:br/061601137746
oci:06480204023-06170615483,omid:br/06480204023,omid:br/06170615483
oci:06450198336-06902719495,omid:br/06450198336,omid:br/06902719495
oci:06520198456-061601654558,omid:br/06520198456,omid:br/061601654558
oci:06520198456-061601392493,omid:br/06520198456,omid:br/061601392493
oci:06520198456-068089206,omid:br/06520198456,omid:br/068089206
oci:06520198472-062401631644,omid:br/06520198472,omid:br/062401631644
oci:06520198472-068085222,omid:br/06520198472,omid:br/068085222
oci:06520198472-062202029589,omid:br/06520198472,omid:br/062202029589
oci:06520198194-06480203683,omid:br/06520198194,omid:br/06480203683
oci:06480204135-061601383528,omid:br/06480204135,omid:br/061601383528
oci:06480204135-06210709655,omid:br/06480204135,omid:br/06210709655
oci:06480204135-061601138244,omid:br/06480204135,omid:br/061601138244
oci:06480204135-06401556051,omid:br/06480204135,omid:br/06401556051
oci:06480204142-0653024132,omid:br/06480204142,omid:br/0653024132
oci:06480204142-0628025653,omid:br/06480204142,omid:br/0628025653
oci:06480204142-0650621164,omid:br/06480204142,omid:br/0650621164
oci:06480204142-061703329136,omid:br/06480204142,omid:br/061703329136
oci:06480204142-06110617836,omid:br/06480204142,omid:br/06110617836
oci:06480204142-06240954609,omid:br/06480204142,omid:br/06240954609
oci:06480204142-061502702759,omid:br/06480204142,omid:br/061502702759
oci:06480203436-061201125176,omid:br/06480203436,omid:br/061201125176
oci:06480203436-06901244033,omid:br/06480203436,omid:br/06901244033
oci:06480203436-06602423736,omid:br/06480203436,omid:br/06602423736
oci:06480203406-062602590902,omid:br/06480203406,omid:br/062602590902
oci:06480203406-061602691260,omid:br/06480203406,omid:br/061602691260
oci:06480203406-068089158,omid:br/06480203406,omid:br/068089158
oci:06480203406-06104056440,omid:br/06480203406,omid:br/06104056440
oci:06520198161-0621085017,omid:br/06520198161,omid:br/0621085017
oci:06520198161-067087027,omid:br/06520198161,omid:br/067087027
oci:06480204017-06701384655,omid:br/06480204017,omid:br/06701384655
oci:06520198416-06160264066,omid:br/06520198416,omid:br/06160264066
oci:06520198416-061702049212,omid:br/06520198416,omid:br/061702049212
oci:06480204139-06401373642,omid:br/06480204139,omid:br/06401373642
oci:06480204139-062201192506,omid:br/06480204139,omid:br/062201192506
oci:06480204139-061903646745,omid:br/06480204139,omid:br/061903646745
oci:06480204139-061503646517,omid:br/06480204139,omid:br/061503646517
oci:06480204028-0610623016,omid:br/06480204028,omid:br/0610623016
oci:06480204028-06601397482,omid:br/06480204028,omid:br/06601397482
oci:06480204028-062101382044,omid:br/06480204028,omid:br/062101382044
oci:06480204028-061401373663,omid:br/06480204028,omid:br/061401373663
oci:06520198462-061101134931,omid:br/06520198462,omid:br/061101134931
oci:06520198462-061703329114,omid:br/06520198462,omid:br/061703329114
oci:06520198462-06520198509,omid:br/06520198462,omid:br/06520198509
oci:06520198462-061101135301,omid:br/06520198462,omid:br/061101135301
oci:06480203409-061101705606,omid:br/06480203409,omid:br/061101705606
oci:06480203409-06401717551,omid:br/06480203409,omid:br/06401717551
oci:06480204126-061703065105,omid:br/06480204126,omid:br/061703065105
oci:06480204126-061401216979,omid:br/06480204126,omid:br/061401216979
oci:06480204001-0620321309,omid:br/06480204001,omid:br/0620321309
oci:06480204001-06180618426,omid:br/06480204001,omid:br/06180618426
oci:06520198460-06501531447,omid:br/06520198460,omid:br/06501531447
oci:06520198460-061202122174,omid:br/06520198460,omid:br/061202122174
oci:06450198345-06520198457,omid:br/06450198345,omid:br/06520198457
oci:06450198345-06520198509,omid:br/06450198345,omid:br/06520198509
oci:06520198199-0620488666,omid:br/06520198199,omid:br/0620488666
oci:06520198199-06202420720,omid:br/06520198199,omid:br/06202420720
oci:06520198484-064084552,omid:br/06520198484,omid:br/064084552
oci:06520198484-0617081175,omid:br/06520198484,omid:br/0617081175
oci:06480203367-06210944720,omid:br/06480203367,omid:br/06210944720
oci:06480203367-06130947898,omid:br/06480203367,omid:br/06130947898
oci:06480203367-0604685981,omid:br/06480203367,omid:br/0604685981
oci:06480203367-0610624881,omid:br/06480203367,omid:br/0610624881
oci:06480203367-06130988990,omid:br/06480203367,omid:br/06130988990
oci:06480204042-062201127771,omid:br/06480204042,omid:br/062201127771
oci:06480204064-06130989002,omid:br/06480204064,omid:br/06130989002
oci:06480204064-06170611592,omid:br/06480204064,omid:br/06170611592
oci:06520198459-06703098864,omid:br/06520198459,omid:br/06703098864
oci:06520198459-061801123212,omid:br/06520198459,omid:br/061801123212
oci:06520198459-061901422661,omid:br/06520198459,omid:br/061901422661
oci:06520198143-06140987420,omid:br/06520198143,omid:br/06140987420
oci:06520198143-062601401212,omid:br/06520198143,omid:br/062601401212
oci:06520198439-062103306037,omid:br/06520198439,omid:br/062103306037
oci:06520198439-061203638814,omid:br/06520198439,omid:br/061203638814
oci:06520198439-061201125393,omid:br/06520198439,omid:br/061201125393
oci:06520198495-0670616833,omid:br/06520198495,omid:br/0670616833
oci:06520198495-06240605608,omid:br/06520198495,omid:br/06240605608
oci:06520198495-0690624108,omid:br/06520198495,omid:br/0690624108
oci:06520198495-061603653284,omid:br/06520198495,omid:br/061603653284
oci:06480203973-06480204032,omid:br/06480203973,omid:br/06480204032
oci:06480203973-06480204016,omid:br/06480203973,omid:br/06480204016
oci:06480203973-061904165116,omid:br/06480203973,omid:br/061904165116
oci:06480203973-061904165117,omid:br/06480203973,omid:br/061904165117
oci:06480203973-0620486926,omid:br/06480203973,omid:br/0620486926
oci:06480203973-0630355372,omid:br/06480203973,omid:br/0630355372
oci:06480203973-062203603532,omid:br/06480203973,omid:br/062203603532
oci:06480203973-0604838109,omid:br/06480203973,omid:br/0604838109
oci:06450198296-0680360207,omid:br/06450198296,omid:br/0680360207
oci:06450198296-06250528405,omid:br/06450198296,omid:br/06250528405
oci:06450198296-0626097645,omid:br/06450198296,omid:br/0626097645
oci:06450198296-06150999562,omid:br/06450198296,omid:br/06150999562
oci:06480204049-06240166978,omid:br/06480204049,omid:br/06240166978
oci:06480204049-062101382044,omid:br/06480204049,omid:br/062101382044
oci:06480204049-062502733386,omid:br/06480204049,omid:br/062502733386
oci:06480204049-061501849343,omid:br/06480204049,omid:br/061501849343
oci:06480204033-06702489549,omid:br/06480204033,omid:br/06702489549
oci:06480204033-061401343647,omid:br/06480204033,omid:br/061401343647
oci:06480204033-061801290595,omid:br/06480204033,omid:br/061801290595
oci:06480204033-061703065056,omid:br/06480204033,omid:br/061703065056
oci:06480203980-061601392493,omid:br/06480203980,omid:br/061601392493
oci:06480203980-0610939977,omid:br/06480203980,omid:br/0610939977
oci:06480203980-061801385128,omid:br/06480203980,omid:br/061801385128
oci:06480203980-061101793922,omid:br/06480203980,omid:br/061101793922
oci:06450198272-06210925541,omid:br/06450198272,omid:br/06210925541
oci:06520198150-06210175373,omid:br/06520198150,omid:br/06210175373
oci:06520198432-06170925291,omid:br/06520198432,omid:br/06170925291
oci:06480203417-061202678488,omid:br/06480203417,omid:br/061202678488
oci:06480203417-062203603532,omid:br/06480203417,omid:br/062203603532
oci:06480203439-068089206,omid:br/06480203439,omid:br/068089206
oci:06480203439-0618084156,omid:br/06480203439,omid:br/0618084156
oci:06480203439-061201125389,omid:br/06480203439,omid:br/061201125389
oci:06480203439-06210985683,omid:br/06480203439,omid:br/06210985683
oci:06480203439-06190995928,omid:br/06480203439,omid:br/06190995928
oci:06480204112-06604042994,omid:br/06480204112,omid:br/06604042994
oci:06480204112-0623088999,omid:br/06480204112,omid:br/0623088999
oci:06480204002-061101958592,omid:br/06480204002,omid:br/061101958592
oci:06480204002-061301129910,omid:br/06480204002,omid:br/061301129910
oci:06480204002-061903812570,omid:br/06480204002,omid:br/061903812570
oci:06480204002-061101957781,omid:br/06480204002,omid:br/061101957781
oci:06520198458-06520198468,omid:br/06520198458,omid:br/06520198468
oci:06480203975-0626097665,omid:br/06480203975,omid:br/0626097665
oci:06480203429-06480204149,omid:br/06480203429,omid:br/06480204149
oci:06520198473-0621084967,omid:br/06520198473,omid:br/0621084967
oci:06480203983-06501408375,omid:br/06480203983,omid:br/06501408375
oci:06480203432-061802188304,omid:br/06480203432,omid:br/061802188304
oci:06480203432-061501389765,omid:br/06480203432,omid:br/061501389765
oci:06480203432-06480203652,omid:br/06480203432,omid:br/06480203652
oci:06480204032-0604838109,omid:br/06480204032,omid:br/0604838109
oci:06450198330-0626097646,omid:br/06450198330,omid:br/0626097646
oci:06450198330-0619086929,omid:br/06450198330,omid:br/0619086929
oci:06480203393-062101382185,omid:br/06480203393,omid:br/062101382185
oci:06480203423-06520198430,omid:br/06480203423,omid:br/06520198430
oci:06480204133-06250610336,omid:br/06480204133,omid:br/06250610336
oci:06480204133-062503047190,omid:br/06480204133,omid:br/062503047190
oci:06480204133-06190843215,omid:br/06480204133,omid:br/06190843215
oci:06480204133-06160617037,omid:br/06480204133,omid:br/06160617037
oci:06480204133-062501015215,omid:br/06480204133,omid:br/062501015215
oci:06480204000-06220613677,omid:br/06480204000,omid:br/06220613677
oci:06480204000-061803316216,omid:br/06480204000,omid:br/061803316216
oci:06480204000-06803980724,omid:br/06480204000,omid:br/06803980724
oci:06480204000-061303952482,omid:br/06480204000,omid:br/061303952482
oci:06480204000-06220614771,omid:br/06480204000,omid:br/06220614771
oci:06480204000-062201128053,omid:br/06480204000,omid:br/062201128053
oci:06480204000-06204085119,omid:br/06480204000,omid:br/06204085119
oci:06480204000-062301674082,omid:br/06480204000,omid:br/062301674082
oci:06480204000-062103305993,omid:br/06480204000,omid:br/062103305993
oci:06480204000-062201101854,omid:br/06480204000,omid:br/062201101854
oci:06480204000-062503642344,omid:br/06480204000,omid:br/062503642344
oci:06480204000-061801584975,omid:br/06480204000,omid:br/061801584975
oci:06480204000-0622079613,omid:br/06480204000,omid:br/0622079613
oci:06520198475-06804028380,omid:br/06520198475,omid:br/06804028380
oci:06520198475-06420208099,omid:br/06520198475,omid:br/06420208099
oci:06480203358-06240802422,omid:br/06480203358,omid:br/06240802422
oci:06480203358-06190619792,omid:br/06480203358,omid:br/06190619792
oci:06480203358-061301131596,omid:br/06480203358,omid:br/061301131596
oci:06480203358-061101135618,omid:br/06480203358,omid:br/061101135618
oci:06480203358-061703329136,omid:br/06480203358,omid:br/061703329136
oci:06480203358-062203603532,omid:br/06480203358,omid:br/062203603532
oci:06480203358-061202695586,omid:br/06480203358,omid:br/061202695586
oci:06480203959-061902451308,omid:br/06480203959,omid:br/061902451308
oci:06520198440-06240802422,omid:br/06520198440,omid:br/06240802422
oci:06520198440-06410343127,omid:br/06520198440,omid:br/06410343127
oci:06520198440-06230917186,omid:br/06520198440,omid:br/06230917186
oci:06520198440-06260363631,omid:br/06520198440,omid:br/06260363631
oci:06520198440-061403594575,omid:br/06520198440,omid:br/061403594575
oci:06450198253-0627026892,omid:br/06450198253,omid:br/0627026892
oci:06520198407-06704020724,omid:br/06520198407,omid:br/06704020724
oci:06520198407-06701129441,omid:br/06520198407,omid:br/06701129441
oci:06520198407-06403166632,omid:br/06520198407,omid:br/06403166632
oci:06520198407-06604041803,omid:br/06520198407,omid:br/06604041803
oci:06520198407-061403631087,omid:br/06520198407,omid:br/061403631087
oci:06520198407-06901244796,omid:br/06520198407,omid:br/06901244796
oci:06520198407-061401121134,omid:br/06520198407,omid:br/061401121134
oci:06520198407-061603653284,omid:br/06520198407,omid:br/061603653284
oci:06520198407-06801072690,omid:br/06520198407,omid:br/06801072690
oci:06480203385-062103305733,omid:br/06480203385,omid:br/062103305733
oci:06480203385-06204085710,omid:br/06480203385,omid:br/06204085710
oci:06480203385-06190619886,omid:br/06480203385,omid:br/06190619886
oci:06480203385-062082818,omid:br/06480203385,omid:br/062082818
oci:06480204016-0650621014,omid:br/06480204016,omid:br/0650621014
oci:06480204070-06304586005,omid:br/06480204070,omid:br/06304586005
oci:06480204070-06304585954,omid:br/06480204070,omid:br/06304585954
oci:06480204070-061401121088,omid:br/06480204070,omid:br/061401121088
oci:06480204070-06480203404,omid:br/06480204070,omid:br/06480203404
oci:06480203964-0680621800,omid:br/06480203964,omid:br/0680621800
oci:06480203964-06110617861,omid:br/06480203964,omid:br/06110617861
oci:06480203964-0626097665,omid:br/06480203964,omid:br/0626097665
oci:06480203964-061503613588,omid:br/06480203964,omid:br/061503613588
oci:06480203964-06130989158,omid:br/06480203964,omid:br/06130989158
oci:06480203964-06220174793,omid:br/06480203964,omid:br/06220174793
oci:06480203964-062403653731,omid:br/06480203964,omid:br/062403653731
oci:06520198431-06803980724,omid:br/06520198431,omid:br/06803980724
oci:06480203963-0620617896,omid:br/06480203963,omid:br/0620617896
oci:06480203963-0614080398,omid:br/06480203963,omid:br/0614080398
oci:06480203963-062401081564,omid:br/06480203963,omid:br/062401081564
oci:06480203963-06260632699,omid:br/06480203963,omid:br/06260632699
oci:06480204006-062101778901,omid:br/06480204006,omid:br/062101778901
oci:06480204006-06104005622,omid:br/06480204006,omid:br/06104005622
oci:06480204006-061101135131,omid:br/06480204006,omid:br/061101135131
oci:06480204006-06401527897,omid:br/06480204006,omid:br/06401527897
oci:06480204006-06250483622,omid:br/06480204006,omid:br/06250483622
oci:06480204006-06190489171,omid:br/06480204006,omid:br/06190489171
oci:06480204006-06220677776,omid:br/06480204006,omid:br/06220677776
oci:06520198490-0614082139,omid:br/06520198490,omid:br/0614082139
oci:06520198490-06801237744,omid:br/06520198490,omid:br/06801237744
oci:06520198490-062078342,omid:br/06520198490,omid:br/062078342
oci:06520198490-06140479949,omid:br/06520198490,omid:br/06140479949
oci:06520198490-061103626502,omid:br/06520198490,omid:br/061103626502
oci:06450198332-0650621085,omid:br/06450198332,omid:br/0650621085
oci:06480203381-061603641140,omid:br/06480203381,omid:br/061603641140
oci:06480203998-06180711853,omid:br/06480203998,omid:br/06180711853
oci:06480203998-061302690444,omid:br/06480203998,omid:br/061302690444
oci:06480203998-0612080609,omid:br/06480203998,omid:br/0612080609
oci:06480204036-0604838110,omid:br/06480204036,omid:br/0604838110
oci:06480204036-06490314698,omid:br/06480204036,omid:br/06490314698
oci:06480203410-061301358802,omid:br/06480203410,omid:br/061301358802
oci:06480203410-062201689039,omid:br/06480203410,omid:br/062201689039
oci:06520198469-06240802422,omid:br/06520198469,omid:br/06240802422
oci:06520198469-06401141648,omid:br/06520198469,omid:br/06401141648
oci:06520198469-061501137939,omid:br/06520198469,omid:br/061501137939
oci:06520198469-0610623098,omid:br/06520198469,omid:br/0610623098
oci:06520198469-0690624329,omid:br/06520198469,omid:br/0690624329
oci:06520198447-06210916264,omid:br/06520198447,omid:br/06210916264
oci:06480203360-06210346216,omid:br/06480203360,omid:br/06210346216
oci:06480203360-06210985851,omid:br/06480203360,omid:br/06210985851
oci:06480203360-068089158,omid:br/06480203360,omid:br/068089158
oci:06480204086-06410202801,omid:br/06480204086,omid:br/06410202801
oci:06480204086-06430201529,omid:br/06480204086,omid:br/06430201529
oci:06480204086-06420207622,omid:br/06480204086,omid:br/06420207622
oci:06480203405-061303593112,omid:br/06480203405,omid:br/061303593112
oci:06480203405-06480203886,omid:br/06480203405,omid:br/06480203886
oci:06480203405-06480203383,omid:br/06480203405,omid:br/06480203383
oci:06480203405-06480203404,omid:br/06480203405,omid:br/06480203404
oci:06480203405-06301520422,omid:br/06480203405,omid:br/06301520422
oci:06480203448-062102120528,omid:br/06480203448,omid:br/062102120528
oci:06480203448-06170615830,omid:br/06480203448,omid:br/06170615830
oci:06480203448-06702489549,omid:br/06480203448,omid:br/06702489549
oci:06480203448-06260363534,omid:br/06480203448,omid:br/06260363534
oci:06480203450-061601392769,omid:br/06480203450,omid:br/061601392769
oci:06480203407-06104607009,omid:br/06480203407,omid:br/06104607009
oci:06480203407-064081235,omid:br/06480203407,omid:br/064081235
oci:06480203407-061701389116,omid:br/06480203407,omid:br/061701389116
oci:06480203407-068089206,omid:br/06480203407,omid:br/068089206
oci:06480203407-067081847,omid:br/06480203407,omid:br/067081847
oci:06480203407-0615085280,omid:br/06480203407,omid:br/0615085280
oci:06520198154-061103636661,omid:br/06520198154,omid:br/061103636661
oci:06520198154-06104232126,omid:br/06520198154,omid:br/06104232126
oci:06520198154-062603821387,omid:br/06520198154,omid:br/062603821387
oci:06520198154-06190615684,omid:br/06520198154,omid:br/06190615684
oci:06520198154-06201000315,omid:br/06520198154,omid:br/06201000315
oci:06520198212-061603326268,omid:br/06520198212,omid:br/061603326268
oci:06520198212-06501009079,omid:br/06520198212,omid:br/06501009079
oci:06520198212-062501592857,omid:br/06520198212,omid:br/062501592857
oci:06520198212-0690726454,omid:br/06520198212,omid:br/0690726454
oci:06520198501-061401121581,omid:br/06520198501,omid:br/061401121581
oci:06480203949-06210986024,omid:br/06480203949,omid:br/06210986024
oci:06450198282-06240521401,omid:br/06450198282,omid:br/06240521401
oci:06450198282-06604041930,omid:br/06450198282,omid:br/06604041930
oci:06450198282-0621085029,omid:br/06450198282,omid:br/0621085029
oci:06520198450-06301004254,omid:br/06520198450,omid:br/06301004254
oci:06520198450-0604711439,omid:br/06520198450,omid:br/0604711439
oci:06480203970-06150713199,omid:br/06480203970,omid:br/06150713199
oci:06480203970-06140706742,omid:br/06480203970,omid:br/06140706742
oci:06480203970-06210709922,omid:br/06480203970,omid:br/06210709922
oci:06480203970-06250611570,omid:br/06480203970,omid:br/06250611570
oci:06480204054-06302503012,omid:br/06480204054,omid:br/06302503012
oci:06480204054-06902723596,omid:br/06480204054,omid:br/06902723596
oci:06480204054-062203077458,omid:br/06480204054,omid:br/062203077458
oci:06480203425-06210346216,omid:br/06480203425,omid:br/06210346216
oci:06450198335-0614081488,omid:br/06450198335,omid:br/0614081488
oci:06520198438-06190998864,omid:br/06520198438,omid:br/06190998864
oci:06520198438-061501137921,omid:br/06520198438,omid:br/061501137921
oci:06520198438-06901006031,omid:br/06520198438,omid:br/06901006031
oci:06520198438-06401403078,omid:br/06520198438,omid:br/06401403078
oci:06520198438-0680998968,omid:br/06520198438,omid:br/0680998968
oci:06520198438-06101407988,omid:br/06520198438,omid:br/06101407988
oci:06520198178-06801137916,omid:br/06520198178,omid:br/06801137916
oci:06520198178-061401121061,omid:br/06520198178,omid:br/061401121061
oci:06520198178-06801598950,omid:br/06520198178,omid:br/06801598950
oci:06520198178-06604071011,omid:br/06520198178,omid:br/06604071011
oci:06520198178-06701384655,omid:br/06520198178,omid:br/06701384655
oci:06520198178-061101393643,omid:br/06520198178,omid:br/061101393643
oci:06520198178-061502702497,omid:br/06520198178,omid:br/061502702497
oci:06520198486-062102120528,omid:br/06520198486,omid:br/062102120528
oci:06520198486-06170615830,omid:br/06520198486,omid:br/06170615830
oci:06520198486-06170615535,omid:br/06520198486,omid:br/06170615535
oci:06520198486-06180486792,omid:br/06520198486,omid:br/06180486792
oci:06520198486-06504075217,omid:br/06520198486,omid:br/06504075217
oci:06520198486-06120831168,omid:br/06520198486,omid:br/06120831168
oci:06520198486-06702489549,omid:br/06520198486,omid:br/06702489549
oci:06520198486-06420208092,omid:br/06520198486,omid:br/06420208092
oci:06520198486-06260363534,omid:br/06520198486,omid:br/06260363534
oci:06520198486-06140836289,omid:br/06520198486,omid:br/06140836289
oci:06520198486-06210924197,omid:br/06520198486,omid:br/06210924197
oci:06520198486-06120606840,omid:br/06520198486,omid:br/06120606840
oci:06520198192-06303161245,omid:br/06520198192,omid:br/06303161245
oci:06520198192-062502731470,omid:br/06520198192,omid:br/062502731470
oci:06480204092-061401122098,omid:br/06480204092,omid:br/061401122098
oci:06480204092-061301130122,omid:br/06480204092,omid:br/061301130122
oci:06480204092-061401121711,omid:br/06480204092,omid:br/061401121711
oci:06450198261-06120606900,omid:br/06450198261,omid:br/06120606900
oci:06450198261-0670955603,omid:br/06450198261,omid:br/0670955603
oci:06450198261-0604838117,omid:br/06450198261,omid:br/0604838117
oci:06450198261-06250923908,omid:br/06450198261,omid:br/06250923908
oci:06450198261-0620616860,omid:br/06450198261,omid:br/0620616860
oci:06480203969-062503642451,omid:br/06480203969,omid:br/062503642451
oci:06480203969-06220166493,omid:br/06480203969,omid:br/06220166493
oci:06480203969-0670357816,omid:br/06480203969,omid:br/0670357816
oci:06480203969-0616084159,omid:br/06480203969,omid:br/0616084159
oci:06480203969-0626097153,omid:br/06480203969,omid:br/0626097153
oci:06480203969-061403300589,omid:br/06480203969,omid:br/061403300589
oci:06480203969-061201445777,omid:br/06480203969,omid:br/061201445777
oci:06480203969-0630356928,omid:br/06480203969,omid:br/0630356928
oci:06480203969-06220348878,omid:br/06480203969,omid:br/06220348878
oci:06480203969-062201501717,omid:br/06480203969,omid:br/062201501717
oci:06480203969-062403653683,omid:br/06480203969,omid:br/062403653683
oci:06480203969-062403051358,omid:br/06480203969,omid:br/062403051358
oci:06480203969-061703329578,omid:br/06480203969,omid:br/061703329578
oci:06480203969-062303655260,omid:br/06480203969,omid:br/062303655260
oci:06480203969-06160616834,omid:br/06480203969,omid:br/06160616834
oci:06480203969-06170615936,omid:br/06480203969,omid:br/06170615936
oci:06480203969-0604077597,omid:br/06480203969,omid:br/0604077597
oci:06480203969-061103637532,omid:br/06480203969,omid:br/061103637532
oci:06480203969-06260501870,omid:br/06480203969,omid:br/06260501870
oci:06480203969-06230621154,omid:br/06480203969,omid:br/06230621154
oci:06480203969-062403654045,omid:br/06480203969,omid:br/062403654045
oci:06480203969-061301132126,omid:br/06480203969,omid:br/061301132126
oci:06480203969-062303655263,omid:br/06480203969,omid:br/062303655263
oci:06480203969-061301132327,omid:br/06480203969,omid:br/061301132327
oci:06480203969-062103306036,omid:br/06480203969,omid:br/062103306036
oci:06480203969-061101135513,omid:br/06480203969,omid:br/061101135513
oci:06480203969-06902150721,omid:br/06480203969,omid:br/06902150721
oci:06480203969-062602241033,omid:br/06480203969,omid:br/062602241033
oci:06480203969-061903330120,omid:br/06480203969,omid:br/061903330120
oci:06480203969-062303053857,omid:br/06480203969,omid:br/062303053857
oci:06520198184-06902723455,omid:br/06520198184,omid:br/06902723455
oci:06520198184-06240605255,omid:br/06520198184,omid:br/06240605255
oci:06520198184-06180346632,omid:br/06520198184,omid:br/06180346632
oci:06480204021-061901134563,omid:br/06480204021,omid:br/061901134563
oci:06480204021-062201125052,omid:br/06480204021,omid:br/062201125052
oci:06480204021-063602698,omid:br/06480204021,omid:br/063602698
oci:06480204021-061703669029,omid:br/06480204021,omid:br/061703669029
oci:06480204021-062078342,omid:br/06480204021,omid:br/062078342
oci:06480204021-061403643352,omid:br/06480204021,omid:br/061403643352
oci:06480204021-062103684403,omid:br/06480204021,omid:br/062103684403
oci:06480204025-06140947293,omid:br/06480204025,omid:br/06140947293
oci:06480204025-06402586854,omid:br/06480204025,omid:br/06402586854
oci:06480204025-061203638391,omid:br/06480204025,omid:br/061203638391
oci:06480204025-06601586018,omid:br/06480204025,omid:br/06601586018
oci:06480204118-06370209144,omid:br/06480204118,omid:br/06370209144
oci:06480204118-062101382179,omid:br/06480204118,omid:br/062101382179
oci:06480204118-06170844227,omid:br/06480204118,omid:br/06170844227
oci:06480204118-06480203374,omid:br/06480204118,omid:br/06480203374
oci:06480204118-06520198205,omid:br/06480204118,omid:br/06520198205
oci:06480204118-06430202056,omid:br/06480204118,omid:br/06430202056
oci:06480203996-062201363655,omid:br/06480203996,omid:br/062201363655
oci:06480203996-0626097665,omid:br/06480203996,omid:br/0626097665
oci:06520198141-06701384655,omid:br/06520198141,omid:br/06701384655
oci:06520198218-0640533667,omid:br/06520198218,omid:br/0640533667
oci:06520198218-068089158,omid:br/06520198218,omid:br/068089158
oci:06450198286-06520255303,omid:br/06450198286,omid:br/06520255303
oci:06480204083-06120984419,omid:br/06480204083,omid:br/06120984419
oci:06480204083-06801366148,omid:br/06480204083,omid:br/06801366148
oci:06520198452-0640620949,omid:br/06520198452,omid:br/0640620949
oci:06480203968-0604838111,omid:br/06480203968,omid:br/0604838111
oci:06480203968-0604838112,omid:br/06480203968,omid:br/0604838112
oci:06480203968-06301584181,omid:br/06480203968,omid:br/06301584181
oci:06480203968-06404023224,omid:br/06480203968,omid:br/06404023224
oci:06480203968-06220949744,omid:br/06480203968,omid:br/06220949744
oci:06480203968-06601585952,omid:br/06480203968,omid:br/06601585952
oci:06480203968-0670617448,omid:br/06480203968,omid:br/0670617448
oci:06480203968-061303592715,omid:br/06480203968,omid:br/061303592715
oci:06520198183-062078342,omid:br/06520198183,omid:br/062078342
oci:06520198183-061603641140,omid:br/06520198183,omid:br/061603641140
oci:06480203992-061201125371,omid:br/06480203992,omid:br/061201125371
oci:06480203992-0650950314,omid:br/06480203992,omid:br/0650950314
oci:06480203992-06430201484,omid:br/06480203992,omid:br/06430201484
oci:06480203992-061904165121,omid:br/06480203992,omid:br/061904165121
oci:06480203992-06260503750,omid:br/06480203992,omid:br/06260503750
oci:06480203992-06220613767,omid:br/06480203992,omid:br/06220613767
oci:06480203992-06140337049,omid:br/06480203992,omid:br/06140337049
oci:06480203992-06180486542,omid:br/06480203992,omid:br/06180486542
oci:06480203992-06210836937,omid:br/06480203992,omid:br/06210836937
oci:06480204095-0650937023,omid:br/06480204095,omid:br/0650937023
oci:06480204095-061202121670,omid:br/06480204095,omid:br/061202121670
oci:06480204095-06301793241,omid:br/06480204095,omid:br/06301793241
oci:06520198134-0617083521,omid:br/06520198134,omid:br/0617083521
oci:06520198134-06803980724,omid:br/06520198134,omid:br/06803980724
oci:06520198134-067086370,omid:br/06520198134,omid:br/067086370
oci:06480203373-061201125357,omid:br/06480203373,omid:br/061201125357
oci:06480203373-061202057683,omid:br/06480203373,omid:br/061202057683
oci:06480203373-061403631235,omid:br/06480203373,omid:br/061403631235
oci:06520198427-0610939977,omid:br/06520198427,omid:br/0610939977
oci:06520198427-06240605604,omid:br/06520198427,omid:br/06240605604
oci:06520198427-062601409573,omid:br/06520198427,omid:br/062601409573
oci:06480204007-0604838113,omid:br/06480204007,omid:br/0604838113
oci:06480204007-06601519211,omid:br/06480204007,omid:br/06601519211
oci:06480204007-06301793337,omid:br/06480204007,omid:br/06301793337
oci:06480204007-06250612470,omid:br/06480204007,omid:br/06250612470
oci:06480204007-0650936507,omid:br/06480204007,omid:br/0650936507
oci:06520198136-06901594584,omid:br/06520198136,omid:br/06901594584
oci:06520198136-06801578397,omid:br/06520198136,omid:br/06801578397
oci:06520198136-061201571505,omid:br/06520198136,omid:br/061201571505
oci:06520198136-061901577656,omid:br/06520198136,omid:br/061901577656
oci:06480204041-06120912670,omid:br/06480204041,omid:br/06120912670
oci:06520198166-061503639640,omid:br/06520198166,omid:br/061503639640
oci:06520198166-061601136871,omid:br/06520198166,omid:br/061601136871
oci:06520198166-061703641788,omid:br/06520198166,omid:br/061703641788
oci:06520198166-062101219803,omid:br/06520198166,omid:br/062101219803
oci:06480204115-061201125383,omid:br/06480204115,omid:br/061201125383
oci:06480203402-0680999284,omid:br/06480203402,omid:br/0680999284
oci:06480203402-061701851062,omid:br/06480203402,omid:br/061701851062
oci:06480203984-062601524833,omid:br/06480203984,omid:br/062601524833
oci:06480203984-062102120272,omid:br/06480203984,omid:br/062102120272
oci:06480203984-06102522537,omid:br/06480203984,omid:br/06102522537
oci:06480203984-062101493457,omid:br/06480203984,omid:br/062101493457
oci:06520198171-06101013526,omid:br/06520198171,omid:br/06101013526
oci:06520198171-061103687482,omid:br/06520198171,omid:br/061103687482
oci:06520198171-06903677260,omid:br/06520198171,omid:br/06903677260
oci:06520198171-061203670727,omid:br/06520198171,omid:br/061203670727
oci:06520198171-061103688130,omid:br/06520198171,omid:br/061103688130
oci:06520198171-061101134776,omid:br/06520198171,omid:br/061101134776
oci:06480203374-06170876858,omid:br/06480203374,omid:br/06170876858
oci:06480203374-06503869409,omid:br/06480203374,omid:br/06503869409
oci:06480203374-063079079,omid:br/06480203374,omid:br/063079079
oci:06480203374-061403631043,omid:br/06480203374,omid:br/061403631043
oci:06480204120-061903810634,omid:br/06480204120,omid:br/061903810634
oci:06480204120-061601137746,omid:br/06480204120,omid:br/061601137746
oci:06480204120-061901137499,omid:br/06480204120,omid:br/061901137499
oci:06480204044-06140947162,omid:br/06480204044,omid:br/06140947162
oci:06480204044-06304024238,omid:br/06480204044,omid:br/06304024238
oci:06480204044-06260632771,omid:br/06480204044,omid:br/06260632771
oci:06480204044-0610940342,omid:br/06480204044,omid:br/0610940342
oci:06480204044-062401491830,omid:br/06480204044,omid:br/062401491830
oci:06480204044-0640620820,omid:br/06480204044,omid:br/0640620820
oci:06480204044-06260632964,omid:br/06480204044,omid:br/06260632964
oci:06480204044-0660621306,omid:br/06480204044,omid:br/0660621306
oci:06480204037-062101126058,omid:br/06480204037,omid:br/062101126058
oci:06480204089-0620616164,omid:br/06480204089,omid:br/0620616164
oci:06480204089-06250610230,omid:br/06480204089,omid:br/06250610230
oci:06480204089-0620616165,omid:br/06480204089,omid:br/0620616165
oci:06480204089-0640618645,omid:br/06480204089,omid:br/0640618645
oci:06480204089-06260630788,omid:br/06480204089,omid:br/06260630788
oci:06480204089-0680999309,omid:br/06480204089,omid:br/0680999309
oci:06520198441-06190355650,omid:br/06520198441,omid:br/06190355650
oci:06520198201-061401828822,omid:br/06520198201,omid:br/061401828822
oci:06480203388-062302006564,omid:br/06480203388,omid:br/062302006564
oci:06480203956-06304024306,omid:br/06480203956,omid:br/06304024306
oci:06480203956-061303593164,omid:br/06480203956,omid:br/061303593164
oci:06480203956-06250611644,omid:br/06480203956,omid:br/06250611644
oci:06480203956-062501584627,omid:br/06480203956,omid:br/062501584627
oci:06480203956-0640933674,omid:br/06480203956,omid:br/0640933674
oci:06480203956-06480251612,omid:br/06480203956,omid:br/06480251612
oci:06480203956-06304024340,omid:br/06480203956,omid:br/06304024340
oci:06480203956-062101579948,omid:br/06480203956,omid:br/062101579948
oci:06480203956-0630931789,omid:br/06480203956,omid:br/0630931789
oci:06480203956-06601254731,omid:br/06480203956,omid:br/06601254731
oci:06480203956-061303592956,omid:br/06480203956,omid:br/061303592956
oci:06480203956-0630931881,omid:br/06480203956,omid:br/0630931881
oci:06480203956-0620928839,omid:br/06480203956,omid:br/0620928839
oci:06520198139-06504554698,omid:br/06520198139,omid:br/06504554698
oci:06520198139-06801138220,omid:br/06520198139,omid:br/06801138220
oci:06520198139-062504056163,omid:br/06520198139,omid:br/062504056163
oci:06520198139-0670247701,omid:br/06520198139,omid:br/0670247701
oci:06520198139-0670247132,omid:br/06520198139,omid:br/0670247132
oci:06504504417-061703660193,omid:br/06504504417,omid:br/061703660193
oci:06504504417-068085222,omid:br/06504504417,omid:br/068085222
oci:06504504417-0613081002,omid:br/06504504417,omid:br/0613081002
oci:06520198221-064086409,omid:br/06520198221,omid:br/064086409
oci:06520198221-061203604446,omid:br/06520198221,omid:br/061203604446
oci:06480204128-06240901953,omid:br/06480204128,omid:br/06240901953
oci:06480204128-06260504030,omid:br/06480204128,omid:br/06260504030
oci:06480203952-061203055886,omid:br/06480203952,omid:br/061203055886
oci:06480203952-06480203405,omid:br/06480203952,omid:br/06480203405
oci:06480203952-06480203886,omid:br/06480203952,omid:br/06480203886
oci:06504504447-06404041929,omid:br/06504504447,omid:br/06404041929
oci:06504504447-0626097645,omid:br/06504504447,omid:br/0626097645
oci:06504504447-0612080926,omid:br/06504504447,omid:br/0612080926
oci:06504504447-068089197,omid:br/06504504447,omid:br/068089197
oci:06504504447-063078689,omid:br/06504504447,omid:br/063078689
oci:06520198189-061901422838,omid:br/06520198189,omid:br/061901422838
oci:06520198189-06180486744,omid:br/06520198189,omid:br/06180486744
oci:06520198189-06501145568,omid:br/06520198189,omid:br/06501145568
oci:06520198189-061602140035,omid:br/06520198189,omid:br/061602140035
oci:06450198251-061502227543,omid:br/06450198251,omid:br/061502227543
oci:06450198251-062201527513,omid:br/06450198251,omid:br/062201527513
oci:06480203991-0670616755,omid:br/06480203991,omid:br/0670616755
oci:06480203991-06240605534,omid:br/06480203991,omid:br/06240605534
oci:06520198193-06240242932,omid:br/06520198193,omid:br/06240242932
oci:06520198193-06601001789,omid:br/06520198193,omid:br/06601001789
oci:06520198193-06902900847,omid:br/06520198193,omid:br/06902900847
oci:06480204027-06520198130,omid:br/06480204027,omid:br/06520198130
oci:06480204027-061703329136,omid:br/06480204027,omid:br/061703329136
oci:06520198173-06504040063,omid:br/06520198173,omid:br/06504040063
oci:06520198173-068088205,omid:br/06520198173,omid:br/068088205
oci:06520198173-06803111275,omid:br/06520198173,omid:br/06803111275
oci:06480204111-06280224736,omid:br/06480204111,omid:br/06280224736
oci:06480204111-061403360565,omid:br/06480204111,omid:br/061403360565
oci:06480204111-0612079433,omid:br/06480204111,omid:br/0612079433
oci:06520198179-061103636661,omid:br/06520198179,omid:br/061103636661
oci:06520198179-06104232126,omid:br/06520198179,omid:br/06104232126
oci:06520198179-06170611592,omid:br/06520198179,omid:br/06170611592
oci:06504504435-06404041929,omid:br/06504504435,omid:br/06404041929
oci:06504504435-063078689,omid:br/06504504435,omid:br/063078689
oci:06504504435-068089206,omid:br/06504504435,omid:br/068089206
oci:06480203967-061401122040,omid:br/06480203967,omid:br/061401122040
oci:06480203967-061503639640,omid:br/06480203967,omid:br/061503639640
oci:06480203967-06110995404,omid:br/06480203967,omid:br/06110995404
oci:06480203967-06210989096,omid:br/06480203967,omid:br/06210989096
oci:06480203967-06210916264,omid:br/06480203967,omid:br/06210916264
oci:06480203967-06101215045,omid:br/06480203967,omid:br/06101215045
oci:06480203967-0604077594,omid:br/06480203967,omid:br/0604077594
oci:06480203967-061203638445,omid:br/06480203967,omid:br/061203638445
oci:06480203967-061303629327,omid:br/06480203967,omid:br/061303629327
oci:06480203967-061501136789,omid:br/06480203967,omid:br/061501136789
oci:06480203967-06701128764,omid:br/06480203967,omid:br/06701128764
oci:06480203967-061203639019,omid:br/06480203967,omid:br/061203639019
oci:06480203967-061303629050,omid:br/06480203967,omid:br/061303629050
oci:06450198311-06160352127,omid:br/06450198311,omid:br/06160352127
oci:06450198311-06301793066,omid:br/06450198311,omid:br/06301793066
oci:06480204029-06490314697,omid:br/06480204029,omid:br/06490314697
oci:06480204029-0610940540,omid:br/06480204029,omid:br/0610940540
oci:06480204029-062203648407,omid:br/06480204029,omid:br/062203648407
oci:06480204029-061601629306,omid:br/06480204029,omid:br/061601629306
oci:06480204029-062301124265,omid:br/06480204029,omid:br/062301124265
oci:06480204029-06204085478,omid:br/06480204029,omid:br/06204085478
oci:06520198181-06480203368,omid:br/06520198181,omid:br/06480203368
oci:06520198181-061303610714,omid:br/06520198181,omid:br/061303610714
oci:06520198181-061101393806,omid:br/06520198181,omid:br/061101393806
oci:06520198181-0604838091,omid:br/06520198181,omid:br/0604838091
oci:06520198181-06480203441,omid:br/06520198181,omid:br/06480203441
oci:06520198203-064086431,omid:br/06520198203,omid:br/064086431
oci:06450198265-0626099203,omid:br/06450198265,omid:br/0626099203
oci:06520198145-061303599166,omid:br/06520198145,omid:br/061303599166
oci:06520198145-06120984970,omid:br/06520198145,omid:br/06120984970
oci:06520198153-06504039757,omid:br/06520198153,omid:br/06504039757
oci:06520198153-06504554701,omid:br/06520198153,omid:br/06504554701
oci:06520198153-0623088375,omid:br/06520198153,omid:br/0623088375
oci:06520198153-061401828822,omid:br/06520198153,omid:br/061401828822
oci:06480204137-061102713323,omid:br/06480204137,omid:br/061102713323
oci:06480204137-061501232394,omid:br/06480204137,omid:br/061501232394
oci:06480203950-062301692414,omid:br/06480203950,omid:br/062301692414
oci:06480203950-062301692356,omid:br/06480203950,omid:br/062301692356
oci:06480203950-0620487900,omid:br/06480203950,omid:br/0620487900
oci:06480203950-065080610,omid:br/06480203950,omid:br/065080610
oci:06480203950-061603330338,omid:br/06480203950,omid:br/061603330338
oci:06480203950-06220481738,omid:br/06480203950,omid:br/06220481738
oci:06480203950-0640533247,omid:br/06480203950,omid:br/0640533247
oci:06480203950-06104079226,omid:br/06480203950,omid:br/06104079226
oci:06480203950-0680621734,omid:br/06480203950,omid:br/0680621734
oci:06480203950-061601136777,omid:br/06480203950,omid:br/061601136777
oci:06480203950-061903330111,omid:br/06480203950,omid:br/061903330111
oci:06480203971-061201125371,omid:br/06480203971,omid:br/061201125371
oci:06480203971-061904165115,omid:br/06480203971,omid:br/061904165115
oci:06480203971-061603640962,omid:br/06480203971,omid:br/061603640962
oci:06480203971-06380200974,omid:br/06480203971,omid:br/06380200974
oci:06480203971-062503723151,omid:br/06480203971,omid:br/062503723151
oci:06480203971-06150487972,omid:br/06480203971,omid:br/06150487972
oci:06480203971-0690493461,omid:br/06480203971,omid:br/0690493461
oci:06480203971-0614079925,omid:br/06480203971,omid:br/0614079925
oci:06480203971-061103069824,omid:br/06480203971,omid:br/061103069824
oci:06520198138-063079360,omid:br/06520198138,omid:br/063079360
oci:06520198138-062502731470,omid:br/06520198138,omid:br/062502731470
oci:06450198348-0670616833,omid:br/06450198348,omid:br/0670616833
oci:06450198348-0690624108,omid:br/06450198348,omid:br/0690624108
oci:06450198348-06240605608,omid:br/06450198348,omid:br/06240605608
oci:06480204058-061301447039,omid:br/06480204058,omid:br/061301447039
oci:06480204058-062201774471,omid:br/06480204058,omid:br/062201774471
oci:06480204058-062303611805,omid:br/06480204058,omid:br/062303611805
oci:06450198318-06240605608,omid:br/06450198318,omid:br/06240605608
oci:06520198159-061103626206,omid:br/06520198159,omid:br/061103626206
oci:06480204031-0626097665,omid:br/06480204031,omid:br/0626097665
oci:06520198140-0640533106,omid:br/06520198140,omid:br/0640533106
oci:06520198140-067081725,omid:br/06520198140,omid:br/067081725
oci:06520198140-061302694037,omid:br/06520198140,omid:br/061302694037
oci:06520198140-061103626164,omid:br/06520198140,omid:br/061103626164
oci:06520198168-0690726454,omid:br/06520198168,omid:br/0690726454
oci:06520198168-06220992547,omid:br/06520198168,omid:br/06220992547
oci:06520198168-061086240,omid:br/06520198168,omid:br/061086240
oci:06520198168-061101135161,omid:br/06520198168,omid:br/061101135161
oci:06520198168-062303611074,omid:br/06520198168,omid:br/062303611074
oci:06480204043-0650621164,omid:br/06480204043,omid:br/0650621164
oci:06480204043-06120984504,omid:br/06480204043,omid:br/06120984504
oci:06480204043-06140521245,omid:br/06480204043,omid:br/06140521245
oci:06480204043-062082818,omid:br/06480204043,omid:br/062082818
oci:06480204043-06230621500,omid:br/06480204043,omid:br/06230621500
oci:06480204043-06190620334,omid:br/06480204043,omid:br/06190620334
oci:06480204043-0660620243,omid:br/06480204043,omid:br/0660620243
oci:06480204043-062403654233,omid:br/06480204043,omid:br/062403654233
oci:06480204043-06170615906,omid:br/06480204043,omid:br/06170615906
oci:06450198291-06101013893,omid:br/06450198291,omid:br/06101013893
oci:06520198130-06250612470,omid:br/06520198130,omid:br/06250612470
oci:06520198130-062501188808,omid:br/06520198130,omid:br/062501188808
oci:06520198130-062401172624,omid:br/06520198130,omid:br/062401172624
oci:06520198130-0680621652,omid:br/06520198130,omid:br/0680621652
oci:06520198130-0626097665,omid:br/06520198130,omid:br/0626097665
oci:06520198130-061703329136,omid:br/06520198130,omid:br/061703329136
oci:06520198130-06804048180,omid:br/06520198130,omid:br/06804048180
oci:06520198130-06404023611,omid:br/06520198130,omid:br/06404023611
oci:06520198130-062401631924,omid:br/06520198130,omid:br/062401631924
oci:06450198259-061802673541,omid:br/06450198259,omid:br/061802673541
oci:06450198259-061403631608,omid:br/06450198259,omid:br/061403631608
oci:06480204107-061901220394,omid:br/06480204107,omid:br/061901220394
oci:06480204107-06801544343,omid:br/06480204107,omid:br/06801544343
oci:06480204107-061601234439,omid:br/06480204107,omid:br/061601234439
oci:06480204107-061303691682,omid:br/06480204107,omid:br/061303691682
oci:06480204107-062601559932,omid:br/06480204107,omid:br/062601559932
oci:06480204107-068088206,omid:br/06480204107,omid:br/068088206
oci:06480204107-0626097309,omid:br/06480204107,omid:br/0626097309
oci:06450198301-062077922,omid:br/06450198301,omid:br/062077922
oci:06504504418-063082510,omid:br/06504504418,omid:br/063082510
oci:06480203350-06301520069,omid:br/06480203350,omid:br/06301520069
oci:06480203350-061603653284,omid:br/06480203350,omid:br/061603653284
oci:06520198219-06903676862,omid:br/06520198219,omid:br/06903676862
oci:06520198219-0621085017,omid:br/06520198219,omid:br/0621085017
oci:06520198219-061201224889,omid:br/06520198219,omid:br/061201224889
oci:06520198219-0615085406,omid:br/06520198219,omid:br/0615085406
oci:06520198219-06504554708,omid:br/06520198219,omid:br/06504554708
oci:06520198219-06504554709,omid:br/06520198219,omid:br/06504554709
oci:06520198219-06404038868,omid:br/06520198219,omid:br/06404038868
oci:06520198219-069091317,omid:br/06520198219,omid:br/069091317
oci:06520198219-06220523902,omid:br/06520198219,omid:br/06220523902
oci:0642091091-06120987657,omid:br/0642091091,omid:br/06120987657
oci:0642091091-06190998373,omid:br/0642091091,omid:br/06190998373
oci:0642091091-06480203913,omid:br/0642091091,omid:br/06480203913
oci:0642091091-061903810007,omid:br/0642091091,omid:br/061903810007
oci:0642091091-06490314699,omid:br/0642091091,omid:br/06490314699
oci:0642091091-06201379636,omid:br/0642091091,omid:br/06201379636
oci:0642091091-06903834590,omid:br/0642091091,omid:br/06903834590
oci:0642091091-06180988748,omid:br/0642091091,omid:br/06180988748
oci:0642091091-06250607923,omid:br/0642091091,omid:br/06250607923
oci:0642091091-062502866596,omid:br/0642091091,omid:br/062502866596
oci:0642091091-061901373521,omid:br/0642091091,omid:br/061901373521
oci:06480204008-06220614890,omid:br/06480204008,omid:br/06220614890
oci:06480204008-061802188271,omid:br/06480204008,omid:br/061802188271
oci:06480204068-0622078726,omid:br/06480204068,omid:br/0622078726
oci:06480204068-06180988077,omid:br/06480204068,omid:br/06180988077
oci:06520198174-061703641788,omid:br/06520198174,omid:br/061703641788
oci:06520198174-0640125294,omid:br/06520198174,omid:br/0640125294
oci:06520198174-06520198166,omid:br/06520198174,omid:br/06520198166
oci:06520198174-061701542562,omid:br/06520198174,omid:br/061701542562
oci:06480204140-06701243914,omid:br/06480204140,omid:br/06701243914
oci:06480204140-061302220795,omid:br/06480204140,omid:br/061302220795
oci:06480204140-061803375748,omid:br/06480204140,omid:br/061803375748
oci:06480204140-06501442254,omid:br/06480204140,omid:br/06501442254
oci:06520198131-06170925291,omid:br/06520198131,omid:br/06170925291
oci:06480204022-061301387123,omid:br/06480204022,omid:br/061301387123
oci:06520198209-061501137114,omid:br/06520198209,omid:br/061501137114
oci:06520198209-06480203388,omid:br/06520198209,omid:br/06480203388
oci:06520198209-06520198213,omid:br/06520198209,omid:br/06520198213
oci:06450198323-062077922,omid:br/06450198323,omid:br/062077922
oci:06450198323-06704021569,omid:br/06450198323,omid:br/06704021569
oci:06450198323-06902720045,omid:br/06450198323,omid:br/06902720045
oci:06520198151-061201125486,omid:br/06520198151,omid:br/061201125486
oci:06520198151-062101125845,omid:br/06520198151,omid:br/062101125845
oci:06520198151-061101394473,omid:br/06520198151,omid:br/061101394473
oci:06520198151-061101135067,omid:br/06520198151,omid:br/061101135067
oci:06520198151-062301672243,omid:br/06520198151,omid:br/062301672243
oci:06520198220-06401402926,omid:br/06520198220,omid:br/06401402926
oci:06480204057-0604077591,omid:br/06480204057,omid:br/0604077591
oci:06480204057-0604077592,omid:br/06480204057,omid:br/0604077592
oci:06480204057-06801138220,omid:br/06480204057,omid:br/06801138220
oci:06480204057-061802188172,omid:br/06480204057,omid:br/061802188172
oci:06520198133-061303629044,omid:br/06520198133,omid:br/061303629044
oci:06520198133-0626098597,omid:br/06520198133,omid:br/0626098597
oci:06520198133-06601397641,omid:br/06520198133,omid:br/06601397641
oci:06520198169-0615084350,omid:br/06520198169,omid:br/0615084350
oci:06520198169-06601685914,omid:br/06520198169,omid:br/06601685914
oci:06450198343-062601809346,omid:br/06450198343,omid:br/062601809346
oci:06450198343-062077922,omid:br/06450198343,omid:br/062077922
oci:06480204125-06480204244,omid:br/06480204125,omid:br/06480204244
oci:06480204125-06520198194,omid:br/06480204125,omid:br/06520198194
oci:06480204125-0604838115,omid:br/06480204125,omid:br/0604838115
oci:06504504451-06250923908,omid:br/06504504451,omid:br/06250923908
oci:06520198172-06170471077,omid:br/06520198172,omid:br/06170471077
oci:06480204014-0690536844,omid:br/06480204014,omid:br/0690536844
oci:06480204014-0670991760,omid:br/06480204014,omid:br/0670991760
oci:06480203981-062502223400,omid:br/06480203981,omid:br/062502223400
oci:06480203981-06140812316,omid:br/06480203981,omid:br/06140812316
oci:06520198222-06501531447,omid:br/06520198222,omid:br/06501531447
oci:06520198222-061901422838,omid:br/06520198222,omid:br/061901422838
oci:06520198222-061101135114,omid:br/06520198222,omid:br/061101135114
oci:06520198222-06504554710,omid:br/06520198222,omid:br/06504554710
oci:06520198222-061303629327,omid:br/06520198222,omid:br/061303629327
oci:06520198222-061503639640,omid:br/06520198222,omid:br/061503639640
oci:06480204131-06601139076,omid:br/06480204131,omid:br/06601139076
oci:06450198212-06240521401,omid:br/06450198212,omid:br/06240521401
oci:06450198212-06604042406,omid:br/06450198212,omid:br/06604042406
oci:06520198167-06403166632,omid:br/06520198167,omid:br/06403166632
oci:06450198218-06902719839,omid:br/06450198218,omid:br/06902719839
oci:06450198218-06703458792,omid:br/06450198218,omid:br/06703458792
oci:06450198218-061703329164,omid:br/06450198218,omid:br/061703329164
oci:06504504400-061402202481,omid:br/06504504400,omid:br/061402202481
oci:06504504400-061502227623,omid:br/06504504400,omid:br/061502227623
oci:06504504400-06603113135,omid:br/06504504400,omid:br/06603113135
oci:06504504400-06260632596,omid:br/06504504400,omid:br/06260632596
oci:06480204020-06903079047,omid:br/06480204020,omid:br/06903079047
oci:06480204020-06190489505,omid:br/06480204020,omid:br/06190489505
oci:06480204020-062402736054,omid:br/06480204020,omid:br/062402736054
oci:06480204020-0630621924,omid:br/06480204020,omid:br/0630621924
oci:06480204020-061701135792,omid:br/06480204020,omid:br/061701135792
oci:06480204020-0620615991,omid:br/06480204020,omid:br/0620615991
oci:06520198207-06480203393,omid:br/06520198207,omid:br/06480203393
oci:06520198200-062201771655,omid:br/06520198200,omid:br/062201771655
oci:06520198200-06120982093,omid:br/06520198200,omid:br/06120982093
oci:06520198200-0650486654,omid:br/06520198200,omid:br/0650486654
oci:06480204085-061101252537,omid:br/06480204085,omid:br/061101252537
oci:06480204085-06180618606,omid:br/06480204085,omid:br/06180618606
oci:06480204085-06301519404,omid:br/06480204085,omid:br/06301519404
oci:06480204085-061502201979,omid:br/06480204085,omid:br/061502201979
oci:06480204085-062401770403,omid:br/06480204085,omid:br/062401770403
oci:06480204085-0690726454,omid:br/06480204085,omid:br/0690726454
oci:06480204085-06150999016,omid:br/06480204085,omid:br/06150999016
oci:06520198213-06180983412,omid:br/06520198213,omid:br/06180983412
oci:06520198213-06480203679,omid:br/06520198213,omid:br/06480203679
oci:06520198213-0604711439,omid:br/06520198213,omid:br/0604711439
oci:06450198239-0650621305,omid:br/06450198239,omid:br/0650621305
oci:06480204013-061103661720,omid:br/06480204013,omid:br/061103661720
oci:06480204013-06240660193,omid:br/06480204013,omid:br/06240660193
oci:06480204013-06230676404,omid:br/06480204013,omid:br/06230676404
oci:06480204013-06802436806,omid:br/06480204013,omid:br/06802436806
oci:06520198165-061303599166,omid:br/06520198165,omid:br/061303599166
oci:06520198165-06120984970,omid:br/06520198165,omid:br/06120984970
oci:06520198165-06520198331,omid:br/06520198165,omid:br/06520198331
oci:06480204106-0610362091,omid:br/06480204106,omid:br/0610362091
oci:06480204106-06110995323,omid:br/06480204106,omid:br/06110995323
oci:06480204106-061603653284,omid:br/06480204106,omid:br/061603653284
oci:06450198246-06210925087,omid:br/06450198246,omid:br/06210925087
oci:06450198246-06303098470,omid:br/06450198246,omid:br/06303098470
oci:06450198246-062502670690,omid:br/06450198246,omid:br/062502670690
oci:06520198188-062602590902,omid:br/06520198188,omid:br/062602590902
oci:06520198188-062301692601,omid:br/06520198188,omid:br/062301692601
oci:06520198188-06480203406,omid:br/06520198188,omid:br/06480203406
oci:06504504442-06201396230,omid:br/06504504442,omid:br/06201396230
oci:06480204063-06480203389,omid:br/06480204063,omid:br/06480203389
oci:06520198156-06180486792,omid:br/06520198156,omid:br/06180486792
oci:06480204077-061601392359,omid:br/06480204077,omid:br/061601392359
oci:06480204077-061203638179,omid:br/06480204077,omid:br/061203638179
oci:06480204077-0690971216,omid:br/06480204077,omid:br/0690971216
oci:06480204077-063602698,omid:br/06480204077,omid:br/063602698
oci:06504504440-066085315,omid:br/06504504440,omid:br/066085315
oci:06504504440-0618083675,omid:br/06504504440,omid:br/0618083675
oci:06504504440-06204034550,omid:br/06504504440,omid:br/06204034550
oci:06504504440-06902719834,omid:br/06504504440,omid:br/06902719834
oci:06520198127-06130702933,omid:br/06520198127,omid:br/06130702933
oci:06520198127-06104053927,omid:br/06520198127,omid:br/06104053927
oci:06520198127-06240521981,omid:br/06520198127,omid:br/06240521981
oci:06520198127-061103626165,omid:br/06520198127,omid:br/061103626165
oci:06480204050-061603329865,omid:br/06480204050,omid:br/061603329865
oci:06480204050-0670615660,omid:br/06480204050,omid:br/0670615660
oci:06480204050-061602691261,omid:br/06480204050,omid:br/061602691261
oci:06480204050-061401373663,omid:br/06480204050,omid:br/061401373663
oci:06480204050-06601585964,omid:br/06480204050,omid:br/06601585964
oci:06480204093-06190841795,omid:br/06480204093,omid:br/06190841795
oci:06520198142-061501137800,omid:br/06520198142,omid:br/061501137800
oci:06520198142-061401828235,omid:br/06520198142,omid:br/061401828235
oci:06450198199-06504049562,omid:br/06450198199,omid:br/06504049562
oci:06450198199-062502119079,omid:br/06450198199,omid:br/062502119079
oci:06450198199-06402518661,omid:br/06450198199,omid:br/06402518661
oci:06504504406-0650621305,omid:br/06504504406,omid:br/0650621305
oci:06504504406-0653024340,omid:br/06504504406,omid:br/0653024340
oci:06504504406-062103306037,omid:br/06504504406,omid:br/062103306037
oci:06520198160-06803110251,omid:br/06520198160,omid:br/06803110251
oci:06504504478-0604423419,omid:br/06504504478,omid:br/0604423419
oci:06480204100-06480203441,omid:br/06480204100,omid:br/06480203441
oci:06520198152-061303593112,omid:br/06520198152,omid:br/061303593112
oci:06520198152-061203055886,omid:br/06520198152,omid:br/061203055886
oci:06520198152-06480203405,omid:br/06520198152,omid:br/06480203405
oci:06520198129-066067016,omid:br/06520198129,omid:br/066067016
oci:06504504444-065080610,omid:br/06504504444,omid:br/065080610
oci:06450198207-06504049351,omid:br/06450198207,omid:br/06504049351
oci:06480204105-06401003589,omid:br/06480204105,omid:br/06401003589
oci:06480204105-061203612118,omid:br/06480204105,omid:br/061203612118
oci:06480204105-061303612325,omid:br/06480204105,omid:br/061303612325
oci:06504504459-06704202440,omid:br/06504504459,omid:br/06704202440
oci:06520198146-0630932407,omid:br/06520198146,omid:br/0630932407
oci:06504504485-06803111727,omid:br/06504504485,omid:br/06803111727
oci:06504504464-06902722820,omid:br/06504504464,omid:br/06902722820
oci:06480204061-06410202165,omid:br/06480204061,omid:br/06410202165
oci:06480204061-06190615636,omid:br/06480204061,omid:br/06190615636
oci:06480204061-06390204598,omid:br/06480204061,omid:br/06390204598
oci:06520198211-0690726454,omid:br/06520198211,omid:br/0690726454
oci:06450198203-06210169426,omid:br/06450198203,omid:br/06210169426
oci:06450198236-0625080120,omid:br/06450198236,omid:br/0625080120
oci:06504504439-06803108418,omid:br/06504504439,omid:br/06803108418
oci:06504504439-061303613458,omid:br/06504504439,omid:br/061303613458
oci:06504504489-06260633259,omid:br/06504504489,omid:br/06260633259
oci:06504504489-06160486833,omid:br/06504504489,omid:br/06160486833
oci:06504504489-06401261007,omid:br/06504504489,omid:br/06401261007
oci:06520198208-06120860972,omid:br/06520198208,omid:br/06120860972
oci:06520198208-06120860936,omid:br/06520198208,omid:br/06120860936
oci:06520198208-0690882828,omid:br/06520198208,omid:br/0690882828
oci:06504504458-061403040440,omid:br/06504504458,omid:br/061403040440
oci:06520198215-061101420991,omid:br/06520198215,omid:br/061101420991
oci:06520198215-06240933757,omid:br/06520198215,omid:br/06240933757
oci:06504504408-061402732641,omid:br/06504504408,omid:br/061402732641
oci:06504504408-0626097036,omid:br/06504504408,omid:br/0626097036
oci:06480204097-061102696329,omid:br/06480204097,omid:br/061102696329
oci:06480204097-0640618127,omid:br/06480204097,omid:br/0640618127
oci:06480204097-063602698,omid:br/06480204097,omid:br/063602698
oci:06480204097-061301387306,omid:br/06480204097,omid:br/061301387306
oci:06480204097-0614082517,omid:br/06480204097,omid:br/0614082517
oci:06480204097-061401217032,omid:br/06480204097,omid:br/061401217032
oci:06480204097-0612080609,omid:br/06480204097,omid:br/0612080609
oci:06480204097-0611091696,omid:br/06480204097,omid:br/0611091696
oci:06480204096-062302125215,omid:br/06480204096,omid:br/062302125215
oci:06450198213-06504049351,omid:br/06450198213,omid:br/06504049351
oci:06450198213-061902125039,omid:br/06450198213,omid:br/061902125039
oci:06450198213-06190933168,omid:br/06450198213,omid:br/06190933168
oci:06504504457-062077922,omid:br/06504504457,omid:br/062077922
oci:06504504457-06260368999,omid:br/06504504457,omid:br/06260368999
oci:06504504457-062301643435,omid:br/06504504457,omid:br/062301643435
oci:06504504475-0612080627,omid:br/06504504475,omid:br/0612080627
oci:06504504475-06190531486,omid:br/06504504475,omid:br/06190531486
oci:06504504475-062303055142,omid:br/06504504475,omid:br/062303055142
oci:06520198191-06230621820,omid:br/06520198191,omid:br/06230621820
oci:06520198191-0610539431,omid:br/06520198191,omid:br/0610539431
oci:06520198191-061401342915,omid:br/06520198191,omid:br/061401342915
oci:06520198191-0630355324,omid:br/06520198191,omid:br/0630355324
oci:06520198191-06140521245,omid:br/06520198191,omid:br/06140521245
oci:06520198191-061903330400,omid:br/06520198191,omid:br/061903330400
oci:06520198191-062403654257,omid:br/06520198191,omid:br/062403654257
oci:06520198191-062403654233,omid:br/06520198191,omid:br/062403654233
oci:06520198191-06804292194,omid:br/06520198191,omid:br/06804292194
oci:06480204123-061403631235,omid:br/06480204123,omid:br/061403631235
oci:06480204123-061201125357,omid:br/06480204123,omid:br/061201125357
oci:06480204123-0625077352,omid:br/06480204123,omid:br/0625077352
oci:06480204069-068088205,omid:br/06480204069,omid:br/068088205
oci:06450198260-06210169249,omid:br/06450198260,omid:br/06210169249
oci:06504504430-06501264191,omid:br/06504504430,omid:br/06501264191
oci:06504504430-06501264612,omid:br/06504504430,omid:br/06501264612
oci:06504504430-061103714423,omid:br/06504504430,omid:br/061103714423
oci:06504504430-061103714410,omid:br/06504504430,omid:br/061103714410
oci:06504504430-06501264660,omid:br/06504504430,omid:br/06501264660
oci:06504504430-06701244057,omid:br/06504504430,omid:br/06701244057
oci:06504504430-06501264320,omid:br/06504504430,omid:br/06501264320
oci:06480204103-0616085417,omid:br/06480204103,omid:br/0616085417
oci:06480204103-06480203422,omid:br/06480204103,omid:br/06480203422
oci:06480204103-06120984183,omid:br/06480204103,omid:br/06120984183
oci:06520198225-06480204149,omid:br/06520198225,omid:br/06480204149
oci:06480204109-061403631087,omid:br/06480204109,omid:br/061403631087
oci:06480204109-06604070871,omid:br/06480204109,omid:br/06604070871
oci:06480204109-06480203710,omid:br/06480204109,omid:br/06480203710
oci:06504504394-06101407945,omid:br/06504504394,omid:br/06101407945
oci:06504504394-061501390288,omid:br/06504504394,omid:br/061501390288
oci:06504504450-0612080661,omid:br/06504504450,omid:br/0612080661
oci:06450198338-067082267,omid:br/06450198338,omid:br/067082267
oci:06450198338-06804028393,omid:br/06450198338,omid:br/06804028393
oci:06504504472-06804028393,omid:br/06504504472,omid:br/06804028393
oci:06504504472-0626097152,omid:br/06504504472,omid:br/0626097152
oci:06504504472-0624081507,omid:br/06504504472,omid:br/0624081507
oci:06520198158-06480203437,omid:br/06520198158,omid:br/06480203437
oci:06480204124-061703065056,omid:br/06480204124,omid:br/061703065056
oci:06480204124-0653061590,omid:br/06480204124,omid:br/0653061590
oci:06480204124-061201125371,omid:br/06480204124,omid:br/061201125371
oci:06480204124-06101530265,omid:br/06480204124,omid:br/06101530265
oci:06480204084-06301131364,omid:br/06480204084,omid:br/06301131364
oci:06480204084-06180969742,omid:br/06480204084,omid:br/06180969742
oci:06480204084-06260632696,omid:br/06480204084,omid:br/06260632696
oci:06480204084-062102033954,omid:br/06480204084,omid:br/062102033954
oci:06480204084-0604077593,omid:br/06480204084,omid:br/0604077593
oci:06450198329-06210169133,omid:br/06450198329,omid:br/06210169133
oci:06504504486-06260633308,omid:br/06504504486,omid:br/06260633308
oci:06504504486-0650621253,omid:br/06504504486,omid:br/0650621253
oci:06450198289-06210924707,omid:br/06450198289,omid:br/06210924707
oci:06450198289-06170935392,omid:br/06450198289,omid:br/06170935392
oci:06450198289-06210923783,omid:br/06450198289,omid:br/06210923783
oci:06504504480-06401006341,omid:br/06504504480,omid:br/06401006341
oci:06480204080-062203614021,omid:br/06480204080,omid:br/062203614021
oci:06480204143-061901390185,omid:br/06480204143,omid:br/061901390185
oci:06480204143-06101407852,omid:br/06480204143,omid:br/06101407852
oci:06480204143-061101394124,omid:br/06480204143,omid:br/061101394124
oci:06504504411-0626094712,omid:br/06504504411,omid:br/0626094712
oci:06504504429-061502227775,omid:br/06504504429,omid:br/061502227775
oci:06450198344-061403630888,omid:br/06450198344,omid:br/061403630888
oci:06520198137-061201125371,omid:br/06520198137,omid:br/061201125371
oci:06520198137-06504075217,omid:br/06520198137,omid:br/06504075217
oci:06520198137-061202034917,omid:br/06520198137,omid:br/061202034917
oci:06520198137-061301421224,omid:br/06520198137,omid:br/061301421224
oci:06520198137-06702489549,omid:br/06520198137,omid:br/06702489549
oci:06520198137-06160617037,omid:br/06520198137,omid:br/06160617037
oci:06520198137-06504554697,omid:br/06520198137,omid:br/06504554697
oci:06520198137-06190843160,omid:br/06520198137,omid:br/06190843160
oci:06520198137-0632027005,omid:br/06520198137,omid:br/0632027005
oci:06520198137-062503633279,omid:br/06520198137,omid:br/062503633279
oci:06520198137-06170844667,omid:br/06520198137,omid:br/06170844667
oci:06520198137-06190843281,omid:br/06520198137,omid:br/06190843281
oci:06520198137-062503046219,omid:br/06520198137,omid:br/062503046219
oci:06520198137-06180837600,omid:br/06520198137,omid:br/06180837600
oci:06520198137-062603081477,omid:br/06520198137,omid:br/062603081477
oci:06520198137-06802506212,omid:br/06520198137,omid:br/06802506212
oci:06520198137-06160715404,omid:br/06520198137,omid:br/06160715404
oci:06520198137-06150487972,omid:br/06520198137,omid:br/06150487972
oci:06520198137-06303115171,omid:br/06520198137,omid:br/06303115171
oci:06520198137-06203114723,omid:br/06520198137,omid:br/06203114723
oci:06520198137-06180618083,omid:br/06520198137,omid:br/06180618083
oci:06520198137-0631027284,omid:br/06520198137,omid:br/0631027284
oci:06520198137-061801290595,omid:br/06520198137,omid:br/061801290595
oci:06520198137-06190933880,omid:br/06520198137,omid:br/06190933880
oci:06504504493-06220346900,omid:br/06504504493,omid:br/06220346900
oci:06504504493-06230358781,omid:br/06504504493,omid:br/06230358781
oci:06504504493-06250352849,omid:br/06504504493,omid:br/06250352849
oci:06450198267-06120984970,omid:br/06450198267,omid:br/06120984970
oci:06520198186-06480203437,omid:br/06520198186,omid:br/06480203437
oci:06520198186-06480203389,omid:br/06520198186,omid:br/06480203389
oci:06480204113-06140350126,omid:br/06480204113,omid:br/06140350126
oci:06480204113-0620356468,omid:br/06480204113,omid:br/0620356468
oci:06504504483-0620618371,omid:br/06504504483,omid:br/0620618371
oci:06504504483-061101393650,omid:br/06504504483,omid:br/061101393650
oci:06450198322-061901327758,omid:br/06450198322,omid:br/061901327758
oci:06450198322-061403631476,omid:br/06450198322,omid:br/061403631476
oci:06450198322-061801384971,omid:br/06450198322,omid:br/061801384971
oci:06450198322-061201125721,omid:br/06450198322,omid:br/061201125721
oci:06450198322-061502705219,omid:br/06450198322,omid:br/061502705219
oci:06450198322-061102716230,omid:br/06450198322,omid:br/061102716230
oci:06504504456-061302690719,omid:br/06504504456,omid:br/061302690719
oci:06504504456-062077560,omid:br/06504504456,omid:br/062077560
oci:06480204117-06101597023,omid:br/06480204117,omid:br/06101597023
oci:06480204117-061603640683,omid:br/06480204117,omid:br/061603640683
oci:06480204117-062202115541,omid:br/06480204117,omid:br/062202115541
oci:06480204117-06301584207,omid:br/06480204117,omid:br/06301584207
oci:06480204117-061201125502,omid:br/06480204117,omid:br/061201125502
oci:06480204117-06210709655,omid:br/06480204117,omid:br/06210709655
oci:06480204117-06480203713,omid:br/06480204117,omid:br/06480203713
oci:06480204117-061702201532,omid:br/06480204117,omid:br/061702201532
oci:06480204117-06401593868,omid:br/06480204117,omid:br/06401593868
oci:06504504398-061602055935,omid:br/06504504398,omid:br/061602055935
oci:06520198148-0650621124,omid:br/06520198148,omid:br/0650621124
oci:06520198148-06430202106,omid:br/06520198148,omid:br/06430202106
oci:06520198148-061401121933,omid:br/06520198148,omid:br/061401121933
oci:06480204141-06220992522,omid:br/06480204141,omid:br/06220992522
oci:06480204141-06604043382,omid:br/06480204141,omid:br/06604043382
oci:06504504507-06101559208,omid:br/06504504507,omid:br/06101559208
oci:06504504507-06601051430,omid:br/06504504507,omid:br/06601051430
oci:06480204130-06701040572,omid:br/06480204130,omid:br/06701040572
oci:06480204130-062103306036,omid:br/06480204130,omid:br/062103306036
oci:06480204130-061301132327,omid:br/06480204130,omid:br/061301132327
oci:06480204130-062503642451,omid:br/06480204130,omid:br/062503642451
oci:06480204130-061701514556,omid:br/06480204130,omid:br/061701514556
oci:06480204130-06160616834,omid:br/06480204130,omid:br/06160616834
oci:06480204130-0604077597,omid:br/06480204130,omid:br/0604077597
oci:06480204130-061103637532,omid:br/06480204130,omid:br/061103637532
oci:06450198339-062501380296,omid:br/06450198339,omid:br/062501380296
oci:06504504432-0618084258,omid:br/06504504432,omid:br/0618084258
oci:06504504401-06601388431,omid:br/06504504401,omid:br/06601388431
oci:06520198170-06520198165,omid:br/06520198170,omid:br/06520198165
oci:06520198170-06190475129,omid:br/06520198170,omid:br/06190475129
oci:06504504496-06601685914,omid:br/06504504496,omid:br/06601685914
oci:06504504496-0610940646,omid:br/06504504496,omid:br/0610940646
oci:06480204051-06120984183,omid:br/06480204051,omid:br/06120984183
oci:06480204051-0650618988,omid:br/06480204051,omid:br/0650618988
oci:06480204051-0640618863,omid:br/06480204051,omid:br/0640618863
oci:06480204051-061403635867,omid:br/06480204051,omid:br/061403635867
oci:06480204051-0690623743,omid:br/06480204051,omid:br/0690623743
oci:06480204051-06250610371,omid:br/06480204051,omid:br/06250610371
oci:06480204051-06110617355,omid:br/06480204051,omid:br/06110617355
oci:06480204051-0650619029,omid:br/06480204051,omid:br/0650619029
oci:06480204051-06501057173,omid:br/06480204051,omid:br/06501057173
oci:06480204051-06110840137,omid:br/06480204051,omid:br/06110840137
oci:06504504433-06504040004,omid:br/06504504433,omid:br/06504040004
oci:06504504433-061085328,omid:br/06504504433,omid:br/061085328
oci:06504504452-061402021769,omid:br/06504504452,omid:br/061402021769
oci:06504504452-06804028386,omid:br/06504504452,omid:br/06804028386
oci:06480204129-061702201532,omid:br/06480204129,omid:br/061702201532
oci:06480204129-06301705336,omid:br/06480204129,omid:br/06301705336
oci:06480204129-0619087800,omid:br/06480204129,omid:br/0619087800
oci:06480204129-061801644815,omid:br/06480204129,omid:br/061801644815
oci:06480204129-0610180840,omid:br/06480204129,omid:br/0610180840
oci:06480204129-06480203713,omid:br/06480204129,omid:br/06480203713
oci:06480204129-061302693364,omid:br/06480204129,omid:br/061302693364
oci:06504504526-0618083266,omid:br/06504504526,omid:br/0618083266
oci:06520198187-061303599166,omid:br/06520198187,omid:br/061303599166
oci:06520198187-06190841795,omid:br/06520198187,omid:br/06190841795
oci:06504504423-0618083266,omid:br/06504504423,omid:br/0618083266
oci:06450198266-06801392535,omid:br/06450198266,omid:br/06801392535
oci:06504504487-06701537904,omid:br/06504504487,omid:br/06701537904
oci:06520198163-06520198478,omid:br/06520198163,omid:br/06520198478
oci:06480204076-064086425,omid:br/06480204076,omid:br/064086425
oci:06480204076-0621085017,omid:br/06480204076,omid:br/0621085017
oci:06480204076-06604041859,omid:br/06480204076,omid:br/06604041859
oci:06480204076-06902723422,omid:br/06480204076,omid:br/06902723422
oci:06504504488-06150998739,omid:br/06504504488,omid:br/06150998739
oci:06504504488-061401522863,omid:br/06504504488,omid:br/061401522863
oci:06504504488-06230535582,omid:br/06504504488,omid:br/06230535582
oci:06504504488-061084983,omid:br/06504504488,omid:br/061084983
oci:06450198264-06404633765,omid:br/06450198264,omid:br/06404633765
oci:06504504506-065077362,omid:br/06504504506,omid:br/065077362
oci:06504504506-06704021753,omid:br/06504504506,omid:br/06704021753
oci:06504504506-065080603,omid:br/06504504506,omid:br/065080603
oci:06504504506-068089206,omid:br/06504504506,omid:br/068089206
oci:06504504506-0621086213,omid:br/06504504506,omid:br/0621086213
oci:06504504506-062077922,omid:br/06504504506,omid:br/062077922
oci:06504504422-068088206,omid:br/06504504422,omid:br/068088206
oci:06504504422-0611085999,omid:br/06504504422,omid:br/0611085999
oci:06504504422-067082068,omid:br/06504504422,omid:br/067082068
oci:06480204099-061102765818,omid:br/06480204099,omid:br/061102765818
oci:06480204099-06402140488,omid:br/06480204099,omid:br/06402140488
oci:06480204099-061902194699,omid:br/06480204099,omid:br/061902194699
oci:06480204099-062501236727,omid:br/06480204099,omid:br/062501236727
oci:06480204099-06160356895,omid:br/06480204099,omid:br/06160356895
oci:06480204099-06140352745,omid:br/06480204099,omid:br/06140352745
oci:06480204099-061401121079,omid:br/06480204099,omid:br/061401121079
oci:06504504424-06801392535,omid:br/06504504424,omid:br/06801392535
oci:06504504414-062201528098,omid:br/06504504414,omid:br/062201528098
oci:06504504414-06401556356,omid:br/06504504414,omid:br/06401556356
oci:06504504414-061101135589,omid:br/06504504414,omid:br/061101135589
oci:06504504436-06260632954,omid:br/06504504436,omid:br/06260632954
oci:06504504436-06410300239,omid:br/06504504436,omid:br/06410300239
oci:06504504521-06140987433,omid:br/06504504521,omid:br/06140987433
oci:06504504521-06204589050,omid:br/06504504521,omid:br/06204589050
oci:06480204079-061903809717,omid:br/06480204079,omid:br/061903809717
oci:06450198337-06210712989,omid:br/06450198337,omid:br/06210712989
oci:06450198337-0618083983,omid:br/06450198337,omid:br/0618083983
oci:06450198337-062501380803,omid:br/06450198337,omid:br/062501380803
oci:06450198337-06110534999,omid:br/06450198337,omid:br/06110534999
oci:06450198337-061701541849,omid:br/06450198337,omid:br/061701541849
oci:06504504437-06220708701,omid:br/06504504437,omid:br/06220708701
oci:06504504454-06160485507,omid:br/06504504454,omid:br/06160485507
oci:06504504454-06803111854,omid:br/06504504454,omid:br/06803111854
oci:06504504454-0630353749,omid:br/06504504454,omid:br/0630353749
oci:06480204072-06370209209,omid:br/06480204072,omid:br/06370209209
oci:06480204072-06520198148,omid:br/06480204072,omid:br/06520198148
oci:06480204072-06370208506,omid:br/06480204072,omid:br/06370208506
oci:06480204072-06180969852,omid:br/06480204072,omid:br/06180969852
oci:06450198324-062203631484,omid:br/06450198324,omid:br/062203631484
oci:06450198324-061901422838,omid:br/06450198324,omid:br/061901422838
oci:06450198324-06404633766,omid:br/06450198324,omid:br/06404633766
oci:06450198324-061203639019,omid:br/06450198324,omid:br/061203639019
oci:06504504421-06701243835,omid:br/06504504421,omid:br/06701243835
oci:06504504421-06260632954,omid:br/06504504421,omid:br/06260632954
oci:06504504421-06501264440,omid:br/06504504421,omid:br/06501264440
oci:06480204146-06104232256,omid:br/06480204146,omid:br/06104232256
oci:06480204146-06403481760,omid:br/06480204146,omid:br/06403481760
oci:06480204146-061101135452,omid:br/06480204146,omid:br/061101135452
oci:06450198263-06220347324,omid:br/06450198263,omid:br/06220347324
oci:06450198263-06210352894,omid:br/06450198263,omid:br/06210352894
oci:06450198341-0670911521,omid:br/06450198341,omid:br/0670911521
oci:06450198341-0626099177,omid:br/06450198341,omid:br/0626099177
oci:06504504446-061701372210,omid:br/06504504446,omid:br/061701372210
oci:06504504446-062301370650,omid:br/06504504446,omid:br/062301370650
oci:06504504503-0626097157,omid:br/06504504503,omid:br/0626097157
oci:06504504503-068085222,omid:br/06504504503,omid:br/068085222
oci:06504504503-06204115972,omid:br/06504504503,omid:br/06204115972
oci:06504504503-0626094712,omid:br/06504504503,omid:br/0626094712
oci:06504504503-064081044,omid:br/06504504503,omid:br/064081044
oci:06504504468-06260632840,omid:br/06504504468,omid:br/06260632840
oci:06504504468-06130260532,omid:br/06504504468,omid:br/06130260532
oci:06504504468-061801123398,omid:br/06504504468,omid:br/061801123398
oci:06480204066-06230981126,omid:br/06480204066,omid:br/06230981126
oci:06504504501-061303613302,omid:br/06504504501,omid:br/061303613302
oci:06504504501-0650621220,omid:br/06504504501,omid:br/0650621220
oci:06504504501-061501374494,omid:br/06504504501,omid:br/061501374494
oci:06480204047-061103626206,omid:br/06480204047,omid:br/061103626206
oci:06504504395-0613080571,omid:br/06504504395,omid:br/0613080571
oci:06504504395-06201118435,omid:br/06504504395,omid:br/06201118435
oci:06504504461-0680502992,omid:br/06504504461,omid:br/0680502992
oci:06504504461-06103308498,omid:br/06504504461,omid:br/06103308498
oci:06480204098-06101215045,omid:br/06480204098,omid:br/06101215045
oci:06480204098-061401122040,omid:br/06480204098,omid:br/061401122040
oci:06480204098-0604077594,omid:br/06480204098,omid:br/0604077594
oci:06504504519-065080029,omid:br/06504504519,omid:br/065080029
oci:06480204127-06230622632,omid:br/06480204127,omid:br/06230622632
oci:06480204127-0604077596,omid:br/06480204127,omid:br/0604077596
oci:06480204127-062603821868,omid:br/06480204127,omid:br/062603821868
oci:06480204127-06120984424,omid:br/06480204127,omid:br/06120984424
oci:06480204127-062101382185,omid:br/06480204127,omid:br/062101382185
oci:06504504443-06190715577,omid:br/06504504443,omid:br/06190715577
oci:06504504443-06701243651,omid:br/06504504443,omid:br/06701243651
oci:06480204067-0604838100,omid:br/06480204067,omid:br/0604838100
oci:06480204067-06403166632,omid:br/06480204067,omid:br/06403166632
oci:06480204067-062301672221,omid:br/06480204067,omid:br/062301672221
oci:06504504404-063079079,omid:br/06504504404,omid:br/063079079
oci:06504504404-06902719927,omid:br/06504504404,omid:br/06902719927
oci:06504504479-067082267,omid:br/06504504479,omid:br/067082267
oci:06504504479-06804028393,omid:br/06504504479,omid:br/06804028393
oci:06480204102-06604041803,omid:br/06480204102,omid:br/06604041803
oci:06480204074-0604838101,omid:br/06480204074,omid:br/0604838101
oci:06504504513-061303593112,omid:br/06504504513,omid:br/061303593112
oci:06504504513-06150487148,omid:br/06504504513,omid:br/06150487148
oci:06504504513-061302693922,omid:br/06504504513,omid:br/061302693922
oci:06504504449-06804028212,omid:br/06504504449,omid:br/06804028212
oci:06504504449-0611091732,omid:br/06504504449,omid:br/0611091732
oci:06504504538-06901005673,omid:br/06504504538,omid:br/06901005673
oci:06504504538-06250986275,omid:br/06504504538,omid:br/06250986275
oci:06504504538-065081649,omid:br/06504504538,omid:br/065081649
oci:06504504538-06110490930,omid:br/06504504538,omid:br/06110490930
oci:06504504399-061803375748,omid:br/06504504399,omid:br/061803375748
oci:06504504399-063081861,omid:br/06504504399,omid:br/063081861
oci:06504504399-0621085029,omid:br/06504504399,omid:br/0621085029
oci:06504504399-0626097665,omid:br/06504504399,omid:br/0626097665
oci:06504504540-06804028586,omid:br/06504504540,omid:br/06804028586
oci:06504504540-06203480743,omid:br/06504504540,omid:br/06203480743
oci:06504504530-0670616611,omid:br/06504504530,omid:br/0670616611
oci:06504504532-06150350869,omid:br/06504504532,omid:br/06150350869
oci:06520198296-06102162730,omid:br/06520198296,omid:br/06102162730
oci:06520198296-06102162927,omid:br/06520198296,omid:br/06102162927
oci:06480203469-06120352696,omid:br/06480203469,omid:br/06120352696
oci:06480203469-0620486611,omid:br/06480203469,omid:br/0620486611
oci:06480203469-0610354552,omid:br/06480203469,omid:br/0610354552
oci:06480203469-062085889,omid:br/06480203469,omid:br/062085889
oci:06480203469-061202595633,omid:br/06480203469,omid:br/061202595633
oci:06480203469-061202595533,omid:br/06480203469,omid:br/061202595533
oci:06480203469-061202595532,omid:br/06480203469,omid:br/061202595532
oci:06480203469-069095148,omid:br/06480203469,omid:br/069095148
oci:06480203317-06390227369,omid:br/06480203317,omid:br/06390227369
oci:06480203317-06190719086,omid:br/06480203317,omid:br/06190719086
oci:06480203861-06220613687,omid:br/06480203861,omid:br/06220613687
oci:06480203861-062102120257,omid:br/06480203861,omid:br/062102120257
oci:06480203861-066088714,omid:br/06480203861,omid:br/066088714
oci:06480203861-06702321860,omid:br/06480203861,omid:br/06702321860
oci:06480203861-06702321815,omid:br/06480203861,omid:br/06702321815
oci:06480204196-06704072215,omid:br/06480204196,omid:br/06704072215
oci:06480204196-062501496970,omid:br/06480204196,omid:br/062501496970
oci:06480204196-06230173345,omid:br/06480204196,omid:br/06230173345
oci:06480204196-06240166837,omid:br/06480204196,omid:br/06240166837
oci:06520198529-06260372390,omid:br/06520198529,omid:br/06260372390
oci:06520198529-0626098608,omid:br/06520198529,omid:br/0626098608
oci:06520198529-06102603925,omid:br/06520198529,omid:br/06102603925
oci:06520198529-06170716112,omid:br/06520198529,omid:br/06170716112
oci:06520198529-06104072239,omid:br/06520198529,omid:br/06104072239
oci:06520198529-062080989,omid:br/06520198529,omid:br/062080989
oci:06520198529-06150679244,omid:br/06520198529,omid:br/06150679244
oci:06520198529-0680492978,omid:br/06520198529,omid:br/0680492978
oci:06520198529-061503623395,omid:br/06520198529,omid:br/061503623395
oci:06520198529-0615085397,omid:br/06520198529,omid:br/0615085397
oci:06520198529-061503059910,omid:br/06520198529,omid:br/061503059910
oci:06520198529-061303952464,omid:br/06520198529,omid:br/061303952464
oci:06520198529-061703065533,omid:br/06520198529,omid:br/061703065533
oci:06520198529-0670855487,omid:br/06520198529,omid:br/0670855487
oci:06520198529-0625081738,omid:br/06520198529,omid:br/0625081738
oci:06520198529-06404134063,omid:br/06520198529,omid:br/06404134063
oci:06520198529-061403613299,omid:br/06520198529,omid:br/061403613299
oci:06520198529-06201237576,omid:br/06520198529,omid:br/06201237576
oci:06520198529-0626099209,omid:br/06520198529,omid:br/0626099209
oci:06520198529-061802690443,omid:br/06520198529,omid:br/061802690443
oci:06520198529-06701227743,omid:br/06520198529,omid:br/06701227743
oci:06520198317-061102844687,omid:br/06520198317,omid:br/061102844687
oci:06520198317-061403986324,omid:br/06520198317,omid:br/061403986324
oci:06480203904-061101517809,omid:br/06480203904,omid:br/061101517809
oci:06480203904-06220973727,omid:br/06480203904,omid:br/06220973727
oci:06520198547-06404134054,omid:br/06520198547,omid:br/06404134054
oci:06520198547-06203480046,omid:br/06520198547,omid:br/06203480046
oci:06520198547-0680492978,omid:br/06520198547,omid:br/0680492978
oci:06520198547-061403612770,omid:br/06520198547,omid:br/061403612770
oci:06520198547-062603643325,omid:br/06520198547,omid:br/062603643325
oci:06520198547-062103048866,omid:br/06520198547,omid:br/062103048866
oci:06520198547-0618083857,omid:br/06520198547,omid:br/0618083857
oci:06520198547-0623088025,omid:br/06520198547,omid:br/0623088025
oci:06520198547-061303952467,omid:br/06520198547,omid:br/061303952467
oci:06520198547-0610597758,omid:br/06520198547,omid:br/0610597758
oci:06520198547-061403637991,omid:br/06520198547,omid:br/061403637991
oci:06520198547-0615085397,omid:br/06520198547,omid:br/0615085397
oci:06520198547-06130668375,omid:br/06520198547,omid:br/06130668375
oci:06520198547-061301642584,omid:br/06520198547,omid:br/061301642584
oci:06520198547-0680536282,omid:br/06520198547,omid:br/0680536282
oci:06520198547-06603475616,omid:br/06520198547,omid:br/06603475616
oci:06520198547-06603475771,omid:br/06520198547,omid:br/06603475771
oci:06520198547-061303952469,omid:br/06520198547,omid:br/061303952469
oci:06520198547-0617084467,omid:br/06520198547,omid:br/0617084467
oci:06480203620-062403052113,omid:br/06480203620,omid:br/062403052113
oci:06480203620-06703981890,omid:br/06480203620,omid:br/06703981890
oci:06480203620-061301342959,omid:br/06480203620,omid:br/061301342959
oci:06480203620-0650356864,omid:br/06480203620,omid:br/0650356864
oci:06480203620-063080935,omid:br/06480203620,omid:br/063080935
oci:06480203620-061303486336,omid:br/06480203620,omid:br/061303486336
oci:06480203620-061601462155,omid:br/06480203620,omid:br/061601462155
oci:06480203620-0670527416,omid:br/06480203620,omid:br/0670527416
oci:06480203620-06250119040,omid:br/06480203620,omid:br/06250119040
oci:06480203620-061203050543,omid:br/06480203620,omid:br/061203050543
oci:06480203620-062203115621,omid:br/06480203620,omid:br/062203115621
oci:06480203620-06403475837,omid:br/06480203620,omid:br/06403475837
oci:06480203620-062303049917,omid:br/06480203620,omid:br/062303049917
oci:06480203620-065079511,omid:br/06480203620,omid:br/065079511
oci:06480203620-0625077984,omid:br/06480203620,omid:br/0625077984
oci:06480203620-0626096327,omid:br/06480203620,omid:br/0626096327
oci:06480203620-06601353354,omid:br/06480203620,omid:br/06601353354
oci:06480203620-06140671371,omid:br/06480203620,omid:br/06140671371
oci:06480203299-062603605469,omid:br/06480203299,omid:br/062603605469
oci:06480203299-061503624416,omid:br/06480203299,omid:br/061503624416
oci:06480203299-068084980,omid:br/06480203299,omid:br/068084980
oci:06480203299-06901005703,omid:br/06480203299,omid:br/06901005703
oci:06480203299-0640618498,omid:br/06480203299,omid:br/0640618498
oci:06480203299-061203621251,omid:br/06480203299,omid:br/061203621251
oci:06480203299-061103636804,omid:br/06480203299,omid:br/061103636804
oci:06480203299-0610905758,omid:br/06480203299,omid:br/0610905758
oci:06480203299-061501088471,omid:br/06480203299,omid:br/061501088471
oci:06480203299-06102162927,omid:br/06480203299,omid:br/06102162927
oci:06480203569-06520198545,omid:br/06480203569,omid:br/06520198545
oci:06480203569-06201111281,omid:br/06480203569,omid:br/06201111281
oci:06520198321-061501140870,omid:br/06520198321,omid:br/061501140870
oci:06480203567-06140610408,omid:br/06480203567,omid:br/06140610408
oci:06480203567-06202243690,omid:br/06480203567,omid:br/06202243690
oci:06480203567-06160844577,omid:br/06480203567,omid:br/06160844577
oci:06480203567-06803287600,omid:br/06480203567,omid:br/06803287600
oci:06480203567-0640353186,omid:br/06480203567,omid:br/0640353186
oci:06520198607-061501137752,omid:br/06520198607,omid:br/061501137752
oci:06520198607-06180711853,omid:br/06520198607,omid:br/06180711853
oci:06520198607-0630355812,omid:br/06520198607,omid:br/0630355812
oci:06520198607-06204477486,omid:br/06520198607,omid:br/06204477486
oci:06520198607-0670495875,omid:br/06520198607,omid:br/0670495875
oci:06520198607-061302675344,omid:br/06520198607,omid:br/061302675344
oci:06480203905-062402427219,omid:br/06480203905,omid:br/062402427219
oci:06480203905-061102611680,omid:br/06480203905,omid:br/061102611680
oci:06480203905-061301455534,omid:br/06480203905,omid:br/061301455534
oci:06480203905-061502703850,omid:br/06480203905,omid:br/061502703850
oci:06480203905-061802873292,omid:br/06480203905,omid:br/061802873292
oci:06480203905-061302431902,omid:br/06480203905,omid:br/061302431902
oci:06480203905-062402427154,omid:br/06480203905,omid:br/062402427154
oci:06480203905-06220358637,omid:br/06480203905,omid:br/06220358637
oci:06480203905-06220358527,omid:br/06480203905,omid:br/06220358527
oci:06480203505-0610596892,omid:br/06480203505,omid:br/0610596892
oci:06480203505-06210745586,omid:br/06480203505,omid:br/06210745586
oci:06480203505-0623085492,omid:br/06480203505,omid:br/0623085492
oci:06480203505-06303015782,omid:br/06480203505,omid:br/06303015782
oci:06480203505-06403020421,omid:br/06480203505,omid:br/06403020421
oci:06480203505-061083800,omid:br/06480203505,omid:br/061083800
oci:06480203735-06201118491,omid:br/06480203735,omid:br/06201118491
oci:06480203735-06270227341,omid:br/06480203735,omid:br/06270227341
oci:06480204238-06210924054,omid:br/06480204238,omid:br/06210924054
oci:06520198538-061503043901,omid:br/06520198538,omid:br/061503043901
oci:06520198538-062401555826,omid:br/06520198538,omid:br/062401555826
oci:06520198538-06801696453,omid:br/06520198538,omid:br/06801696453
oci:06520198243-06160487676,omid:br/06520198243,omid:br/06160487676
oci:06480203638-06150998684,omid:br/06480203638,omid:br/06150998684
oci:06480203638-061103656585,omid:br/06480203638,omid:br/061103656585
oci:06480203638-06501006186,omid:br/06480203638,omid:br/06501006186
oci:06480203638-061203612271,omid:br/06480203638,omid:br/061203612271
oci:06480203933-06501705500,omid:br/06480203933,omid:br/06501705500
oci:06480203933-06802773631,omid:br/06480203933,omid:br/06802773631
oci:06480203279-062101382040,omid:br/06480203279,omid:br/062101382040
oci:06480203279-06801392937,omid:br/06480203279,omid:br/06801392937
oci:06480203279-06230173356,omid:br/06480203279,omid:br/06230173356
oci:06480203279-06602614913,omid:br/06480203279,omid:br/06602614913
oci:06480203279-06704072199,omid:br/06480203279,omid:br/06704072199
oci:06480203279-061101134776,omid:br/06480203279,omid:br/061101134776
oci:06480203279-06110162074,omid:br/06480203279,omid:br/06110162074
oci:06480203279-061203605187,omid:br/06480203279,omid:br/061203605187
oci:06480204186-0690623784,omid:br/06480204186,omid:br/0690623784
oci:06480204186-0690940490,omid:br/06480204186,omid:br/0690940490
oci:06480203532-062302125714,omid:br/06480203532,omid:br/062302125714
oci:06480204223-06140349058,omid:br/06480204223,omid:br/06140349058
oci:06480204223-061603653417,omid:br/06480204223,omid:br/061603653417
oci:06480204223-062101125740,omid:br/06480204223,omid:br/062101125740
oci:06520198571-06201544314,omid:br/06520198571,omid:br/06201544314
oci:06520198571-061903053636,omid:br/06520198571,omid:br/061903053636
oci:06520198571-062503940795,omid:br/06520198571,omid:br/062503940795
oci:06520198571-064086409,omid:br/06520198571,omid:br/064086409
oci:06480203877-06110959900,omid:br/06480203877,omid:br/06110959900
oci:06480203877-0615089207,omid:br/06480203877,omid:br/0615089207
oci:06480203877-061301780082,omid:br/06480203877,omid:br/061301780082
oci:06480203877-06201580435,omid:br/06480203877,omid:br/06201580435
oci:06480203877-0621085028,omid:br/06480203877,omid:br/0621085028
oci:06480203877-0616090037,omid:br/06480203877,omid:br/0616090037
oci:06480203877-06102604411,omid:br/06480203877,omid:br/06102604411
oci:06480203877-061601063750,omid:br/06480203877,omid:br/061601063750
oci:06480203323-061903810634,omid:br/06480203323,omid:br/061903810634
oci:06480203323-06480204030,omid:br/06480203323,omid:br/06480204030
oci:06480203323-062501674956,omid:br/06480203323,omid:br/062501674956
oci:06480203610-06240477669,omid:br/06480203610,omid:br/06240477669
oci:06480203610-06140671975,omid:br/06480203610,omid:br/06140671975
oci:06480203610-062301223134,omid:br/06480203610,omid:br/062301223134
oci:06480203610-062601893812,omid:br/06480203610,omid:br/062601893812
oci:06480203610-06230489458,omid:br/06480203610,omid:br/06230489458
oci:06480203610-061101653548,omid:br/06480203610,omid:br/061101653548
oci:06480203610-062601672618,omid:br/06480203610,omid:br/062601672618
oci:06520198254-0650621164,omid:br/06520198254,omid:br/0650621164
oci:06520198254-061703329136,omid:br/06520198254,omid:br/061703329136
oci:06520198254-06520198521,omid:br/06520198254,omid:br/06520198521
oci:06520198254-061901138129,omid:br/06520198254,omid:br/061901138129
oci:06480203521-06480203828,omid:br/06480203521,omid:br/06480203828
oci:06480203521-06520198309,omid:br/06480203521,omid:br/06520198309
oci:06480203521-06520198548,omid:br/06480203521,omid:br/06520198548
oci:06480203271-06130834205,omid:br/06480203271,omid:br/06130834205
oci:06480203271-06150844446,omid:br/06480203271,omid:br/06150844446
oci:06480203271-06480204085,omid:br/06480203271,omid:br/06480204085
oci:06480203462-062201130564,omid:br/06480203462,omid:br/062201130564
oci:06480203462-062102441329,omid:br/06480203462,omid:br/062102441329
oci:06480203462-062101128944,omid:br/06480203462,omid:br/062101128944
oci:06480203462-06301376111,omid:br/06480203462,omid:br/06301376111
oci:06480203462-062101129065,omid:br/06480203462,omid:br/062101129065
oci:06480203462-06902840042,omid:br/06480203462,omid:br/06902840042
oci:06480203462-06603723463,omid:br/06480203462,omid:br/06603723463
oci:06480203462-061403633503,omid:br/06480203462,omid:br/061403633503
oci:06480203462-061101778444,omid:br/06480203462,omid:br/061101778444
oci:06520198539-061401121581,omid:br/06520198539,omid:br/061401121581
oci:06520198539-06520198501,omid:br/06520198539,omid:br/06520198501
oci:06520198539-0620617938,omid:br/06520198539,omid:br/0620617938
oci:06480203273-06390227366,omid:br/06480203273,omid:br/06390227366
oci:06480203273-06220164811,omid:br/06480203273,omid:br/06220164811
oci:06480203273-061301130448,omid:br/06480203273,omid:br/061301130448
oci:06480203273-06901406623,omid:br/06480203273,omid:br/06901406623
oci:06480203859-06603520610,omid:br/06480203859,omid:br/06603520610
oci:06480203859-06603521142,omid:br/06480203859,omid:br/06603521142
oci:06480203859-061803516450,omid:br/06480203859,omid:br/061803516450
oci:06480203859-06804312009,omid:br/06480203859,omid:br/06804312009
oci:06480203859-061603114681,omid:br/06480203859,omid:br/061603114681
oci:06480203859-062501122151,omid:br/06480203859,omid:br/062501122151
oci:06480203859-06403479853,omid:br/06480203859,omid:br/06403479853
oci:06480203859-061903644794,omid:br/06480203859,omid:br/061903644794
oci:06480203859-06260607911,omid:br/06480203859,omid:br/06260607911
oci:06480203859-061103634174,omid:br/06480203859,omid:br/061103634174
oci:06480203859-061201165619,omid:br/06480203859,omid:br/061201165619
oci:06480203859-06303526956,omid:br/06480203859,omid:br/06303526956
oci:06480203859-062302124961,omid:br/06480203859,omid:br/062302124961
oci:06480203859-061202696106,omid:br/06480203859,omid:br/061202696106
oci:06480203859-062501121626,omid:br/06480203859,omid:br/062501121626
oci:06480203859-061503109076,omid:br/06480203859,omid:br/061503109076
oci:06520198252-061403638605,omid:br/06520198252,omid:br/061403638605
oci:06520198252-06220613734,omid:br/06520198252,omid:br/06220613734
oci:06520198252-0640834105,omid:br/06520198252,omid:br/0640834105
oci:06520198252-061102844687,omid:br/06520198252,omid:br/061102844687
oci:06520198252-06701065031,omid:br/06520198252,omid:br/06701065031
oci:06480203577-06304006572,omid:br/06480203577,omid:br/06304006572
oci:06480203577-061503044308,omid:br/06480203577,omid:br/061503044308
oci:06480203577-062601893390,omid:br/06480203577,omid:br/062601893390
oci:06480203577-062503764485,omid:br/06480203577,omid:br/062503764485
oci:06480203577-061301642294,omid:br/06480203577,omid:br/061301642294
oci:06480203577-062601893321,omid:br/06480203577,omid:br/062601893321
oci:06480203577-062503764484,omid:br/06480203577,omid:br/062503764484
oci:06480203493-06230360319,omid:br/06480203493,omid:br/06230360319
oci:06480203493-0620356876,omid:br/06480203493,omid:br/0620356876
oci:06480203493-06220348535,omid:br/06480203493,omid:br/06220348535
oci:06480204240-062502733142,omid:br/06480204240,omid:br/062502733142
oci:06480204226-0670615801,omid:br/06480204226,omid:br/0670615801
oci:06480204226-0690623764,omid:br/06480204226,omid:br/0690623764
oci:06480204226-06110995354,omid:br/06480204226,omid:br/06110995354
oci:06480204226-0640617955,omid:br/06480204226,omid:br/0640617955
oci:06480204149-061501137803,omid:br/06480204149,omid:br/061501137803
oci:06480204149-061301131596,omid:br/06480204149,omid:br/061301131596
oci:06480204149-061301228200,omid:br/06480204149,omid:br/061301228200
oci:06480204149-0690624034,omid:br/06480204149,omid:br/0690624034
oci:06480204149-06801364311,omid:br/06480204149,omid:br/06801364311
oci:06480204149-0610617158,omid:br/06480204149,omid:br/0610617158
oci:06480204208-06140349058,omid:br/06480204208,omid:br/06140349058
oci:06480204208-062101125740,omid:br/06480204208,omid:br/062101125740
oci:06480204208-061501539638,omid:br/06480204208,omid:br/061501539638
oci:06480204208-061201386016,omid:br/06480204208,omid:br/061201386016
oci:06480204208-0690882996,omid:br/06480204208,omid:br/0690882996
oci:06480204208-06704559341,omid:br/06480204208,omid:br/06704559341
oci:06520198591-064086409,omid:br/06520198591,omid:br/064086409
oci:06520198591-061601137746,omid:br/06520198591,omid:br/061601137746
oci:06520198591-06801138769,omid:br/06520198591,omid:br/06801138769
oci:06480203851-0604320092,omid:br/06480203851,omid:br/0604320092
oci:06520198598-06401007613,omid:br/06520198598,omid:br/06401007613
oci:06520198598-06601050570,omid:br/06520198598,omid:br/06601050570
oci:06520198598-061503765367,omid:br/06520198598,omid:br/061503765367
oci:06480203464-06170703440,omid:br/06480203464,omid:br/06170703440
oci:06480203464-062203035361,omid:br/06480203464,omid:br/062203035361
oci:06480203464-06130812664,omid:br/06480203464,omid:br/06130812664
oci:06480203464-062302863795,omid:br/06480203464,omid:br/062302863795
oci:06480203464-062302863147,omid:br/06480203464,omid:br/062302863147
oci:06480203464-0670818796,omid:br/06480203464,omid:br/0670818796
oci:06480203464-062101244027,omid:br/06480203464,omid:br/062101244027
oci:06480203464-061203036502,omid:br/06480203464,omid:br/061203036502
oci:06480203464-063604701,omid:br/06480203464,omid:br/063604701
oci:06480203464-063801420,omid:br/06480203464,omid:br/063801420
oci:06480203464-06904078952,omid:br/06480203464,omid:br/06904078952
oci:06480203464-061303707818,omid:br/06480203464,omid:br/061303707818
oci:06480203464-061701581681,omid:br/06480203464,omid:br/061701581681
oci:06480203464-06403120754,omid:br/06480203464,omid:br/06403120754
oci:06480203464-06603907723,omid:br/06480203464,omid:br/06603907723
oci:06480203464-061903050256,omid:br/06480203464,omid:br/061903050256
oci:06480203464-061103743450,omid:br/06480203464,omid:br/061103743450
oci:06480203464-061803036614,omid:br/06480203464,omid:br/061803036614
oci:06480203464-061801576605,omid:br/06480203464,omid:br/061801576605
oci:06480203464-06140814453,omid:br/06480203464,omid:br/06140814453
oci:06480203870-06520241534,omid:br/06480203870,omid:br/06520241534
oci:06480203870-06240748948,omid:br/06480203870,omid:br/06240748948
oci:06480203870-06520241535,omid:br/06480203870,omid:br/06520241535
oci:06480203870-06480203802,omid:br/06480203870,omid:br/06480203802
oci:06480203623-061501650185,omid:br/06480203623,omid:br/061501650185
oci:06480203623-06301656392,omid:br/06480203623,omid:br/06301656392
oci:06480203623-061501649820,omid:br/06480203623,omid:br/061501649820
oci:06480203623-061401632191,omid:br/06480203623,omid:br/061401632191
oci:06480203623-061201642051,omid:br/06480203623,omid:br/061201642051
oci:06480203623-061201356212,omid:br/06480203623,omid:br/061201356212
oci:06480203623-06190358317,omid:br/06480203623,omid:br/06190358317
oci:06480203623-0640353306,omid:br/06480203623,omid:br/0640353306
oci:06480203623-06150678754,omid:br/06480203623,omid:br/06150678754
oci:06480203623-061303694232,omid:br/06480203623,omid:br/061303694232
oci:06480203623-062501643635,omid:br/06480203623,omid:br/062501643635
oci:06480203623-0625078913,omid:br/06480203623,omid:br/0625078913
oci:06480203623-061303693842,omid:br/06480203623,omid:br/061303693842
oci:06480203290-061503639633,omid:br/06480203290,omid:br/061503639633
oci:06480203290-06220524206,omid:br/06480203290,omid:br/06220524206
oci:06480203290-06130668615,omid:br/06480203290,omid:br/06130668615
oci:06480203290-06203110919,omid:br/06480203290,omid:br/06203110919
oci:06480203290-06403166632,omid:br/06480203290,omid:br/06403166632
oci:06480204236-061603653417,omid:br/06480204236,omid:br/061603653417
oci:06480204236-061503647658,omid:br/06480204236,omid:br/061503647658
oci:06480204236-061081856,omid:br/06480204236,omid:br/061081856
oci:06480204236-061401121134,omid:br/06480204236,omid:br/061401121134
oci:06480204236-06604041803,omid:br/06480204236,omid:br/06604041803
oci:06480204236-062501350688,omid:br/06480204236,omid:br/062501350688
oci:06480204236-0660620110,omid:br/06480204236,omid:br/0660620110
oci:06480204236-069087603,omid:br/06480204236,omid:br/069087603
oci:06480204236-062082866,omid:br/06480204236,omid:br/062082866
oci:06480204236-06210169340,omid:br/06480204236,omid:br/06210169340
oci:06480204236-065081649,omid:br/06480204236,omid:br/065081649
oci:06480204236-0650618805,omid:br/06480204236,omid:br/0650618805
oci:06480204244-06110535511,omid:br/06480204244,omid:br/06110535511
oci:06480203296-061803316216,omid:br/06480203296,omid:br/061803316216
oci:06480203296-062602240508,omid:br/06480203296,omid:br/062602240508
oci:06480203296-06210616419,omid:br/06480203296,omid:br/06210616419
oci:06480203296-06203480059,omid:br/06480203296,omid:br/06203480059
oci:06480203296-062201128053,omid:br/06480203296,omid:br/062201128053
oci:06480203296-0622079613,omid:br/06480203296,omid:br/0622079613
oci:06480203570-0630355324,omid:br/06480203570,omid:br/0630355324
oci:06480203570-062202112289,omid:br/06480203570,omid:br/062202112289
oci:06480203570-061601629695,omid:br/06480203570,omid:br/061601629695
oci:06480203570-062602240807,omid:br/06480203570,omid:br/062602240807
oci:06520198293-06801138769,omid:br/06520198293,omid:br/06801138769
oci:06520198293-061303952472,omid:br/06520198293,omid:br/061303952472
oci:06520198293-061803569720,omid:br/06520198293,omid:br/061803569720
oci:06520198293-061903810634,omid:br/06520198293,omid:br/061903810634
oci:06520198293-064086409,omid:br/06520198293,omid:br/064086409
oci:06520198293-061601137746,omid:br/06520198293,omid:br/061601137746
oci:06520198550-061303952470,omid:br/06520198550,omid:br/061303952470
oci:06480203485-066085757,omid:br/06480203485,omid:br/066085757
oci:06480203485-06301026709,omid:br/06480203485,omid:br/06301026709
oci:06480203485-06301026357,omid:br/06480203485,omid:br/06301026357
oci:06480203485-06301026085,omid:br/06480203485,omid:br/06301026085
oci:06480203485-062402121545,omid:br/06480203485,omid:br/062402121545
oci:06480204172-061403631087,omid:br/06480204172,omid:br/061403631087
oci:06480204172-061503647658,omid:br/06480204172,omid:br/061503647658
oci:06480204172-061081856,omid:br/06480204172,omid:br/061081856
oci:06480204172-061501539638,omid:br/06480204172,omid:br/061501539638
oci:06480204172-062501380861,omid:br/06480204172,omid:br/062501380861
oci:06480204172-06701538038,omid:br/06480204172,omid:br/06701538038
oci:06480204172-06704559341,omid:br/06480204172,omid:br/06704559341
oci:06480204205-06110347567,omid:br/06480204205,omid:br/06110347567
oci:06480204205-06480203792,omid:br/06480204205,omid:br/06480203792
oci:06480204205-06480203736,omid:br/06480204205,omid:br/06480203736
oci:06520198257-061203710096,omid:br/06520198257,omid:br/061203710096
oci:06520198257-062401108811,omid:br/06520198257,omid:br/062401108811
oci:06520198257-06520198254,omid:br/06520198257,omid:br/06520198254
oci:06520198610-0628025501,omid:br/06520198610,omid:br/0628025501
oci:06520198610-06130834205,omid:br/06520198610,omid:br/06130834205
oci:06520198610-06480203271,omid:br/06520198610,omid:br/06480203271
oci:06480204199-0625081814,omid:br/06480204199,omid:br/0625081814
oci:06480204199-061901203883,omid:br/06480204199,omid:br/061901203883
oci:06480203894-06203478303,omid:br/06480203894,omid:br/06203478303
oci:06480203608-061503044261,omid:br/06480203608,omid:br/061503044261
oci:06480203608-061902038537,omid:br/06480203608,omid:br/061902038537
oci:06480203608-0660481094,omid:br/06480203608,omid:br/0660481094
oci:06480203608-062101363790,omid:br/06480203608,omid:br/062101363790
oci:06480203608-061903765879,omid:br/06480203608,omid:br/061903765879
oci:06480203608-061083212,omid:br/06480203608,omid:br/061083212
oci:06480203608-062601893761,omid:br/06480203608,omid:br/062601893761
oci:06480203608-06110665792,omid:br/06480203608,omid:br/06110665792
oci:06480203608-062403051464,omid:br/06480203608,omid:br/062403051464
oci:06480203608-0624078426,omid:br/06480203608,omid:br/0624078426
oci:06480203346-0640969073,omid:br/06480203346,omid:br/0640969073
oci:06480203346-06230173540,omid:br/06480203346,omid:br/06230173540
oci:06480203346-06190933126,omid:br/06480203346,omid:br/06190933126
oci:06480203346-061301085417,omid:br/06480203346,omid:br/061301085417
oci:06480203346-06240167003,omid:br/06480203346,omid:br/06240167003
oci:06480203346-06901406623,omid:br/06480203346,omid:br/06901406623
oci:06480203346-061301130448,omid:br/06480203346,omid:br/061301130448
oci:06480204243-06250986601,omid:br/06480204243,omid:br/06250986601
oci:06480204174-061603653417,omid:br/06480204174,omid:br/061603653417
oci:06480204174-061503647658,omid:br/06480204174,omid:br/061503647658
oci:06480204174-062101125740,omid:br/06480204174,omid:br/062101125740
oci:06480204174-06604041803,omid:br/06480204174,omid:br/06604041803
oci:06480203461-06904078950,omid:br/06480203461,omid:br/06904078950
oci:06480203461-06230491625,omid:br/06480203461,omid:br/06230491625
oci:06480203461-061803277947,omid:br/06480203461,omid:br/061803277947
oci:06480203461-06480203455,omid:br/06480203461,omid:br/06480203455
oci:06480203461-061401373781,omid:br/06480203461,omid:br/061401373781
oci:06480203461-06220170757,omid:br/06480203461,omid:br/06220170757
oci:06480203461-06102775901,omid:br/06480203461,omid:br/06102775901
oci:06480203461-062103751018,omid:br/06480203461,omid:br/062103751018
oci:06480203461-062102693319,omid:br/06480203461,omid:br/062102693319
oci:06480203461-0625077512,omid:br/06480203461,omid:br/0625077512
oci:06480203461-062203759126,omid:br/06480203461,omid:br/062203759126
oci:06480203461-062602770173,omid:br/06480203461,omid:br/062602770173
oci:06480203461-06170165199,omid:br/06480203461,omid:br/06170165199
oci:06480203461-061503777931,omid:br/06480203461,omid:br/061503777931
oci:06480203461-0670365103,omid:br/06480203461,omid:br/0670365103
oci:06480203461-06260102086,omid:br/06480203461,omid:br/06260102086
oci:06480203461-06901405733,omid:br/06480203461,omid:br/06901405733
oci:06480203461-062101382101,omid:br/06480203461,omid:br/062101382101
oci:06480203461-0660366817,omid:br/06480203461,omid:br/0660366817
oci:06480203461-06201396352,omid:br/06480203461,omid:br/06201396352
oci:06480203461-06110490896,omid:br/06480203461,omid:br/06110490896
oci:06480203461-06403480146,omid:br/06480203461,omid:br/06403480146
oci:06480203461-062102737558,omid:br/06480203461,omid:br/062102737558
oci:06480203461-06220164618,omid:br/06480203461,omid:br/06220164618
oci:06480203461-06250166105,omid:br/06480203461,omid:br/06250166105
oci:06480203461-0670365148,omid:br/06480203461,omid:br/0670365148
oci:06480203461-0660247981,omid:br/06480203461,omid:br/0660247981
oci:06520198262-06480203318,omid:br/06520198262,omid:br/06480203318
oci:06480203601-062203580818,omid:br/06480203601,omid:br/062203580818
oci:06480203601-06140672220,omid:br/06480203601,omid:br/06140672220
oci:06480203601-061303693953,omid:br/06480203601,omid:br/061303693953
oci:06480203601-06230489086,omid:br/06480203601,omid:br/06230489086
oci:06480203601-06502251774,omid:br/06480203601,omid:br/06502251774
oci:06480203601-06110491287,omid:br/06480203601,omid:br/06110491287
oci:06480203601-06903813897,omid:br/06480203601,omid:br/06903813897
oci:06480203601-062079729,omid:br/06480203601,omid:br/062079729
oci:06480203272-06170997720,omid:br/06480203272,omid:br/06170997720
oci:06520198298-06230967066,omid:br/06520198298,omid:br/06230967066
oci:06520198298-061603641043,omid:br/06520198298,omid:br/061603641043
oci:06520198298-06520198219,omid:br/06520198298,omid:br/06520198219
oci:06520198298-06240955383,omid:br/06520198298,omid:br/06240955383
oci:06520198600-0660486252,omid:br/06520198600,omid:br/0660486252
oci:06520198600-06603113131,omid:br/06520198600,omid:br/06603113131
oci:06520198600-062102690735,omid:br/06520198600,omid:br/062102690735
oci:06520198600-06440302187,omid:br/06520198600,omid:br/06440302187
oci:06520198600-06902719307,omid:br/06520198600,omid:br/06902719307
oci:06480204221-064086258,omid:br/06480204221,omid:br/064086258
oci:06480204221-061903616304,omid:br/06480204221,omid:br/061903616304
oci:06480203549-06160354004,omid:br/06480203549,omid:br/06160354004
oci:06480203909-062101780232,omid:br/06480203909,omid:br/062101780232
oci:06480203909-061203721356,omid:br/06480203909,omid:br/061203721356
oci:06480203909-061203487502,omid:br/06480203909,omid:br/061203487502
oci:06480203909-06401270013,omid:br/06480203909,omid:br/06401270013
oci:06480203909-062601272693,omid:br/06480203909,omid:br/062601272693
oci:06480203909-061401766800,omid:br/06480203909,omid:br/061401766800
oci:06480203909-0610823358,omid:br/06480203909,omid:br/0610823358
oci:06480204153-0620529677,omid:br/06480204153,omid:br/0620529677
oci:06520198594-06703459081,omid:br/06520198594,omid:br/06703459081
oci:06520198594-062603082073,omid:br/06520198594,omid:br/062603082073
oci:06520198594-0660359934,omid:br/06520198594,omid:br/0660359934
oci:06520198594-0650576811,omid:br/06520198594,omid:br/0650576811
oci:06520198579-0612080907,omid:br/06520198579,omid:br/0612080907
oci:06520198579-061703065791,omid:br/06520198579,omid:br/061703065791
oci:06520198579-0612080277,omid:br/06520198579,omid:br/0612080277
oci:06520198579-06603475543,omid:br/06520198579,omid:br/06603475543
oci:06520198579-0630932254,omid:br/06520198579,omid:br/0630932254
oci:06520198579-062503045621,omid:br/06520198579,omid:br/062503045621
oci:06520198579-061103070179,omid:br/06520198579,omid:br/061103070179
oci:06520198579-06901405860,omid:br/06520198579,omid:br/06901405860
oci:06480203500-061202731805,omid:br/06480203500,omid:br/061202731805
oci:06480203500-06140891376,omid:br/06480203500,omid:br/06140891376
oci:06480204237-06604041822,omid:br/06480204237,omid:br/06604041822
oci:06480204237-06210710363,omid:br/06480204237,omid:br/06210710363
oci:06520198302-061902451174,omid:br/06520198302,omid:br/061902451174
oci:06520198302-061301508748,omid:br/06520198302,omid:br/061301508748
oci:06520198302-06501716301,omid:br/06520198302,omid:br/06501716301
oci:06520198577-06480203953,omid:br/06520198577,omid:br/06480203953
oci:06520198577-06902150615,omid:br/06520198577,omid:br/06902150615
oci:06520198577-06902150359,omid:br/06520198577,omid:br/06902150359
oci:06480203878-0670353825,omid:br/06480203878,omid:br/0670353825
oci:06480203878-061702134560,omid:br/06480203878,omid:br/061702134560
oci:06480203605-06110490955,omid:br/06480203605,omid:br/06110490955
oci:06480203605-06903813767,omid:br/06480203605,omid:br/06903813767
oci:06480203605-06903813768,omid:br/06480203605,omid:br/06903813768
oci:06480203605-0615098220,omid:br/06480203605,omid:br/0615098220
oci:06480203605-06140671592,omid:br/06480203605,omid:br/06140671592
oci:06480203605-06160354310,omid:br/06480203605,omid:br/06160354310
oci:06480203605-0623084799,omid:br/06480203605,omid:br/0623084799
oci:06480203605-0621082967,omid:br/06480203605,omid:br/0621082967
oci:06480203605-06260372743,omid:br/06480203605,omid:br/06260372743
oci:06480203605-062403052314,omid:br/06480203605,omid:br/062403052314
oci:06480203605-06170350433,omid:br/06480203605,omid:br/06170350433
oci:06480203605-0660528094,omid:br/06480203605,omid:br/0660528094
oci:06480203605-06402258315,omid:br/06480203605,omid:br/06402258315
oci:06480203605-062501862410,omid:br/06480203605,omid:br/062501862410
oci:06480203605-06803908190,omid:br/06480203605,omid:br/06803908190
oci:06480203605-0619083399,omid:br/06480203605,omid:br/0619083399
oci:06480203605-0613079134,omid:br/06480203605,omid:br/0613079134
oci:06480203605-0612078533,omid:br/06480203605,omid:br/0612078533
oci:06480203605-06110490984,omid:br/06480203605,omid:br/06110490984
oci:06480203605-062403052355,omid:br/06480203605,omid:br/062403052355
oci:06480203605-061303694045,omid:br/06480203605,omid:br/061303694045
oci:06480203605-06603473358,omid:br/06480203605,omid:br/06603473358
oci:06480203605-061303694026,omid:br/06480203605,omid:br/061303694026
oci:06480203487-061903593131,omid:br/06480203487,omid:br/061903593131
oci:06480203487-06520198541,omid:br/06480203487,omid:br/06520198541
oci:06520198584-061401121088,omid:br/06520198584,omid:br/061401121088
oci:06520198584-062102231211,omid:br/06520198584,omid:br/062102231211
oci:06520198584-061303952486,omid:br/06520198584,omid:br/061303952486
oci:06520198584-06520198604,omid:br/06520198584,omid:br/06520198604
oci:06480203452-061602872761,omid:br/06480203452,omid:br/061602872761
oci:06480203452-06803898926,omid:br/06480203452,omid:br/06803898926
oci:06480203452-061103503555,omid:br/06480203452,omid:br/061103503555
oci:06480203452-0653012842,omid:br/06480203452,omid:br/0653012842
oci:06480203452-06603990207,omid:br/06480203452,omid:br/06603990207
oci:06480203452-06110185088,omid:br/06480203452,omid:br/06110185088
oci:06480203900-0604838098,omid:br/06480203900,omid:br/0604838098
oci:06480203900-0604838099,omid:br/06480203900,omid:br/0604838099
oci:06480203900-0628051888,omid:br/06480203900,omid:br/0628051888
oci:06480203900-06260938219,omid:br/06480203900,omid:br/06260938219
oci:06480204202-06170935392,omid:br/06480204202,omid:br/06170935392
oci:06480204202-06130480423,omid:br/06480204202,omid:br/06130480423
oci:06480203252-061801841782,omid:br/06480203252,omid:br/061801841782
oci:06480203252-0604334755,omid:br/06480203252,omid:br/0604334755
oci:06520198532-06803980724,omid:br/06520198532,omid:br/06803980724
oci:06520198532-062103737858,omid:br/06520198532,omid:br/062103737858
oci:06520198240-06802506212,omid:br/06520198240,omid:br/06802506212
oci:06520198240-06520198590,omid:br/06520198240,omid:br/06520198590
oci:06520198240-06210836937,omid:br/06520198240,omid:br/06210836937
oci:06520198240-06120831169,omid:br/06520198240,omid:br/06120831169
oci:06520198240-06160844474,omid:br/06520198240,omid:br/06160844474
oci:06480203463-0670357333,omid:br/06480203463,omid:br/0670357333
oci:06480203463-0650357664,omid:br/06480203463,omid:br/0650357664
oci:06480203463-062503041411,omid:br/06480203463,omid:br/062503041411
oci:06480203463-061701544422,omid:br/06480203463,omid:br/061701544422
oci:06480203612-061301642655,omid:br/06480203612,omid:br/061301642655
oci:06480203612-06504134983,omid:br/06480203612,omid:br/06504134983
oci:06480203612-061103724131,omid:br/06480203612,omid:br/061103724131
oci:06480203612-061103724132,omid:br/06480203612,omid:br/061103724132
oci:06480203612-061203713034,omid:br/06480203612,omid:br/061203713034
oci:06480203612-062603793983,omid:br/06480203612,omid:br/062603793983
oci:06480203612-062301692410,omid:br/06480203612,omid:br/062301692410
oci:06480203612-06150487112,omid:br/06480203612,omid:br/06150487112
oci:06480203612-068085723,omid:br/06480203612,omid:br/068085723
oci:06480203612-06101666994,omid:br/06480203612,omid:br/06101666994
oci:06480203612-062101877352,omid:br/06480203612,omid:br/062101877352
oci:06480203612-0624078417,omid:br/06480203612,omid:br/0624078417
oci:06480203612-061501650168,omid:br/06480203612,omid:br/061501650168
oci:06480203612-06140610796,omid:br/06480203612,omid:br/06140610796
oci:06480203612-061203050783,omid:br/06480203612,omid:br/061203050783
oci:06480203612-06704051786,omid:br/06480203612,omid:br/06704051786
oci:06480203612-0670527278,omid:br/06480203612,omid:br/0670527278
oci:06480203612-062101440914,omid:br/06480203612,omid:br/062101440914
oci:06480203612-0649047896,omid:br/06480203612,omid:br/0649047896
oci:06480203612-0623086658,omid:br/06480203612,omid:br/0623086658
oci:06480203612-0630624160,omid:br/06480203612,omid:br/0630624160
oci:06480203612-06103132106,omid:br/06480203612,omid:br/06103132106
oci:06480203619-06201395508,omid:br/06480203619,omid:br/06201395508
oci:06480203619-06480203309,omid:br/06480203619,omid:br/06480203309
oci:06480203619-06520198238,omid:br/06480203619,omid:br/06520198238
oci:06480203619-06480204069,omid:br/06480203619,omid:br/06480204069
oci:06520198311-06803464981,omid:br/06520198311,omid:br/06803464981
oci:06520198311-061603329840,omid:br/06520198311,omid:br/061603329840
oci:06520198311-06210616278,omid:br/06520198311,omid:br/06210616278
oci:06520198311-062602240807,omid:br/06520198311,omid:br/062602240807
oci:06520198311-06230621500,omid:br/06520198311,omid:br/06230621500
oci:06520198311-06240605210,omid:br/06520198311,omid:br/06240605210
oci:06520198311-06180837466,omid:br/06520198311,omid:br/06180837466
oci:06520198311-061401434203,omid:br/06520198311,omid:br/061401434203
oci:06480203494-06804113905,omid:br/06480203494,omid:br/06804113905
oci:06480203494-061301640520,omid:br/06480203494,omid:br/061301640520
oci:06480203494-06901019029,omid:br/06480203494,omid:br/06901019029
oci:06480203494-06501489083,omid:br/06480203494,omid:br/06501489083
oci:06520198614-0660746108,omid:br/06520198614,omid:br/0660746108
oci:06520198614-0660530329,omid:br/06520198614,omid:br/0660530329
oci:06520198614-06410202581,omid:br/06520198614,omid:br/06410202581
oci:06520198614-06410202576,omid:br/06520198614,omid:br/06410202576
oci:06520198614-061303952495,omid:br/06520198614,omid:br/061303952495
oci:06480203295-06480203292,omid:br/06480203295,omid:br/06480203292
oci:06520198354-0604838106,omid:br/06520198354,omid:br/0604838106
oci:06520198354-0680621832,omid:br/06520198354,omid:br/0680621832
oci:06520198354-0610947515,omid:br/06520198354,omid:br/0610947515
oci:06520198354-06260630789,omid:br/06520198354,omid:br/06260630789
oci:06520198354-061603068808,omid:br/06520198354,omid:br/061603068808
oci:06520198354-06260633372,omid:br/06520198354,omid:br/06260633372
oci:06520198354-0620936548,omid:br/06520198354,omid:br/0620936548
oci:06520198354-061901577784,omid:br/06520198354,omid:br/061901577784
oci:06520198354-06160937437,omid:br/06520198354,omid:br/06160937437
oci:06480203473-061403702105,omid:br/06480203473,omid:br/061403702105
oci:06480203473-061403702120,omid:br/06480203473,omid:br/061403702120
oci:06480203473-06120482667,omid:br/06480203473,omid:br/06120482667
oci:06480203473-06120482670,omid:br/06480203473,omid:br/06120482670
oci:06480203473-061103724406,omid:br/06480203473,omid:br/061103724406
oci:06480203473-0610354814,omid:br/06480203473,omid:br/0610354814
oci:06480203473-06250330855,omid:br/06480203473,omid:br/06250330855
oci:06480203473-06110492524,omid:br/06480203473,omid:br/06110492524
oci:061903593131-06480204026,omid:br/061903593131,omid:br/06480204026
oci:06480203916-061401563930,omid:br/06480203916,omid:br/061401563930
oci:06480203916-06150590761,omid:br/06480203916,omid:br/06150590761
oci:06480203916-061203649799,omid:br/06480203916,omid:br/061203649799
oci:06480203916-062103031295,omid:br/06480203916,omid:br/062103031295
oci:06480203916-06901266057,omid:br/06480203916,omid:br/06901266057
oci:06480203916-062203115410,omid:br/06480203916,omid:br/062203115410
oci:06480203916-061903050118,omid:br/06480203916,omid:br/061903050118
oci:06480203916-0615089105,omid:br/06480203916,omid:br/0615089105
oci:06480203916-061403702084,omid:br/06480203916,omid:br/061403702084
oci:06480203916-0621083085,omid:br/06480203916,omid:br/0621083085
oci:06480203916-06603946200,omid:br/06480203916,omid:br/06603946200
oci:06480203916-061901255088,omid:br/06480203916,omid:br/061901255088
oci:06480203916-062203034013,omid:br/06480203916,omid:br/062203034013
oci:06480203916-06150590822,omid:br/06480203916,omid:br/06150590822
oci:06480203916-06503487365,omid:br/06480203916,omid:br/06503487365
oci:06480203916-061903050382,omid:br/06480203916,omid:br/061903050382
oci:06480203916-0660157156,omid:br/06480203916,omid:br/0660157156
oci:06520198521-061701135285,omid:br/06520198521,omid:br/061701135285
oci:06520198521-062502223499,omid:br/06520198521,omid:br/062502223499
oci:06520198521-061701134837,omid:br/06520198521,omid:br/061701134837
oci:06520198533-061201841182,omid:br/06520198533,omid:br/061201841182
oci:06520198533-06220195783,omid:br/06520198533,omid:br/06220195783
oci:06520198533-06220195673,omid:br/06520198533,omid:br/06220195673
oci:06480203260-0610623016,omid:br/06480203260,omid:br/0610623016
oci:06480203260-06250165512,omid:br/06480203260,omid:br/06250165512
oci:06480203260-061401373663,omid:br/06480203260,omid:br/061401373663
oci:06480203482-06210124201,omid:br/06480203482,omid:br/06210124201
oci:06480203482-06201706610,omid:br/06480203482,omid:br/06201706610
oci:06480203482-06110784645,omid:br/06480203482,omid:br/06110784645
oci:06480203482-06150718453,omid:br/06480203482,omid:br/06150718453
oci:06480203482-06180717266,omid:br/06480203482,omid:br/06180717266
oci:06480203482-0670717436,omid:br/06480203482,omid:br/0670717436
oci:06480203482-0670721795,omid:br/06480203482,omid:br/0670721795
oci:06480203482-06260736017,omid:br/06480203482,omid:br/06260736017
oci:06480203482-0620674721,omid:br/06480203482,omid:br/0620674721
oci:06480203482-06120726927,omid:br/06480203482,omid:br/06120726927
oci:06480203482-0620723182,omid:br/06480203482,omid:br/0620723182
oci:06480203482-061102783071,omid:br/06480203482,omid:br/061102783071
oci:06480203482-06150718194,omid:br/06480203482,omid:br/06150718194
oci:06480203482-06250101626,omid:br/06480203482,omid:br/06250101626
oci:06480203482-061903764607,omid:br/06480203482,omid:br/061903764607
oci:06480203482-0630723162,omid:br/06480203482,omid:br/0630723162
oci:06480203482-062301388131,omid:br/06480203482,omid:br/062301388131
oci:06480203509-06240341386,omid:br/06480203509,omid:br/06240341386
oci:06480203509-06140671854,omid:br/06480203509,omid:br/06140671854
oci:06480203509-06150678693,omid:br/06480203509,omid:br/06150678693
oci:06480203509-06240341748,omid:br/06480203509,omid:br/06240341748
oci:06480203509-06501334800,omid:br/06480203509,omid:br/06501334800
oci:06480203509-061203050599,omid:br/06480203509,omid:br/061203050599
oci:06480203509-061303507973,omid:br/06480203509,omid:br/061303507973
oci:06480203509-0610354814,omid:br/06480203509,omid:br/0610354814
oci:06480203509-062601893387,omid:br/06480203509,omid:br/062601893387
oci:06480203509-06130925435,omid:br/06480203509,omid:br/06130925435
oci:06480203509-06103919046,omid:br/06480203509,omid:br/06103919046
oci:06480203509-0670356240,omid:br/06480203509,omid:br/0670356240
oci:06480203509-061601921129,omid:br/06480203509,omid:br/061601921129
oci:06480203555-06520198280,omid:br/06480203555,omid:br/06520198280
oci:06480203867-061501138578,omid:br/06480203867,omid:br/061501138578
oci:06480203867-062102430853,omid:br/06480203867,omid:br/062102430853
oci:06480203867-062601121056,omid:br/06480203867,omid:br/062601121056
oci:06480203867-061701006572,omid:br/06480203867,omid:br/061701006572
oci:06480203867-061603304759,omid:br/06480203867,omid:br/061603304759
oci:06480203867-06802338804,omid:br/06480203867,omid:br/06802338804
oci:06480203867-061077271,omid:br/06480203867,omid:br/061077271
oci:06480203867-06230951075,omid:br/06480203867,omid:br/06230951075
oci:06480203867-062103281518,omid:br/06480203867,omid:br/062103281518
oci:06480203867-061703303871,omid:br/06480203867,omid:br/061703303871
oci:06480203867-062602215292,omid:br/06480203867,omid:br/062602215292
oci:06480203867-061903305285,omid:br/06480203867,omid:br/061903305285
oci:06480203867-06303480366,omid:br/06480203867,omid:br/06303480366
oci:06520198402-062201668738,omid:br/06520198402,omid:br/062201668738
oci:06520198402-0619087382,omid:br/06520198402,omid:br/0619087382
oci:06520198309-06480203967,omid:br/06520198309,omid:br/06480203967
oci:06520198309-06520198556,omid:br/06520198309,omid:br/06520198556
oci:06480203564-062302124510,omid:br/06480203564,omid:br/062302124510
oci:06480203564-0690493744,omid:br/06480203564,omid:br/0690493744
oci:06480203564-0617091350,omid:br/06480203564,omid:br/0617091350
oci:06520198522-06703777778,omid:br/06520198522,omid:br/06703777778
oci:06520198522-06802436372,omid:br/06520198522,omid:br/06802436372
oci:06520198522-061502702914,omid:br/06520198522,omid:br/061502702914
oci:06520198522-061501541717,omid:br/06520198522,omid:br/061501541717
oci:06520198522-062301536556,omid:br/06520198522,omid:br/062301536556
oci:06520198522-061901219423,omid:br/06520198522,omid:br/061901219423
oci:06520198522-06803107131,omid:br/06520198522,omid:br/06803107131
oci:06520198522-063079067,omid:br/06520198522,omid:br/063079067
oci:06480203256-061103070099,omid:br/06480203256,omid:br/061103070099
oci:06480203256-061501137939,omid:br/06480203256,omid:br/061501137939
oci:06480203518-061801260222,omid:br/06480203518,omid:br/061801260222
oci:06480203518-0650621164,omid:br/06480203518,omid:br/0650621164
oci:06480203518-06903343015,omid:br/06480203518,omid:br/06903343015
oci:06520198397-061603653284,omid:br/06520198397,omid:br/061603653284
oci:06480203927-0680918401,omid:br/06480203927,omid:br/0680918401
oci:06480203927-062301028192,omid:br/06480203927,omid:br/062301028192
oci:06480203927-06201258812,omid:br/06480203927,omid:br/06201258812
oci:06480203927-06702405400,omid:br/06480203927,omid:br/06702405400
oci:06480203927-06301026420,omid:br/06480203927,omid:br/06301026420
oci:06480203927-0611091865,omid:br/06480203927,omid:br/0611091865
oci:06480203927-0629012520,omid:br/06480203927,omid:br/0629012520
oci:06480203927-061601462207,omid:br/06480203927,omid:br/061601462207
oci:06480203927-06903343108,omid:br/06480203927,omid:br/06903343108
oci:06480203927-061903597648,omid:br/06480203927,omid:br/061903597648
oci:06480203927-0617086690,omid:br/06480203927,omid:br/0617086690
oci:06480203927-068093172,omid:br/06480203927,omid:br/068093172
oci:06480203927-06240477587,omid:br/06480203927,omid:br/06240477587
oci:06480203927-06180890787,omid:br/06480203927,omid:br/06180890787
oci:06480203927-0614084373,omid:br/06480203927,omid:br/0614084373
oci:06480203927-061703329086,omid:br/06480203927,omid:br/061703329086
oci:06480203927-0620674458,omid:br/06480203927,omid:br/0620674458
oci:06480203927-06190531461,omid:br/06480203927,omid:br/06190531461
oci:06480203927-06150353573,omid:br/06480203927,omid:br/06150353573
oci:06480203927-06701695428,omid:br/06480203927,omid:br/06701695428
oci:06480203927-065079583,omid:br/06480203927,omid:br/065079583
oci:06480203927-061203496114,omid:br/06480203927,omid:br/061203496114
oci:06480203927-061203496163,omid:br/06480203927,omid:br/061203496163
oci:06480203927-06903813990,omid:br/06480203927,omid:br/06903813990
oci:06480203927-0624078405,omid:br/06480203927,omid:br/0624078405
oci:06480203927-0612086324,omid:br/06480203927,omid:br/0612086324
oci:06480203927-061202697287,omid:br/06480203927,omid:br/061202697287
oci:06480203927-062401486773,omid:br/06480203927,omid:br/062401486773
oci:06480203927-062601692574,omid:br/06480203927,omid:br/062601692574
oci:06480203927-06160591144,omid:br/06480203927,omid:br/06160591144
oci:06480203927-06703096521,omid:br/06480203927,omid:br/06703096521
oci:06480203908-061803629364,omid:br/06480203908,omid:br/061803629364
oci:06480203908-06501531447,omid:br/06480203908,omid:br/06501531447
oci:06480203908-061901422838,omid:br/06480203908,omid:br/061901422838
oci:06480203908-061803628947,omid:br/06480203908,omid:br/061803628947
oci:06480203908-06480238333,omid:br/06480203908,omid:br/06480238333
oci:06520198595-0650364106,omid:br/06520198595,omid:br/0650364106
oci:06520198323-0690493651,omid:br/06520198323,omid:br/0690493651
oci:06520198323-0680718566,omid:br/06520198323,omid:br/0680718566
oci:06520198323-0690493649,omid:br/06520198323,omid:br/0690493649
oci:06520198323-062403883339,omid:br/06520198323,omid:br/062403883339
oci:06520198323-061103804050,omid:br/06520198323,omid:br/061103804050
oci:06520198323-06260373302,omid:br/06520198323,omid:br/06260373302
oci:06520198323-06130171068,omid:br/06520198323,omid:br/06130171068
oci:06520198323-06140671573,omid:br/06520198323,omid:br/06140671573
oci:06520198323-06103772992,omid:br/06520198323,omid:br/06103772992
oci:06520198323-06103773045,omid:br/06520198323,omid:br/06103773045
oci:06520198323-0650486119,omid:br/06520198323,omid:br/0650486119
oci:06480203598-061301780621,omid:br/06480203598,omid:br/061301780621
oci:06480203598-0610823724,omid:br/06480203598,omid:br/0610823724
oci:06480203598-06260826537,omid:br/06480203598,omid:br/06260826537
oci:06520198315-0680619970,omid:br/06520198315,omid:br/0680619970
oci:06520198315-0604838104,omid:br/06520198315,omid:br/0604838104
oci:06520198315-061703956888,omid:br/06520198315,omid:br/061703956888
oci:06520198315-06110711842,omid:br/06520198315,omid:br/06110711842
oci:06520198315-0680718331,omid:br/06520198315,omid:br/0680718331
oci:06520198315-06260373302,omid:br/06520198315,omid:br/06260373302
oci:06520198315-0660487644,omid:br/06520198315,omid:br/0660487644
oci:06520198315-06303527229,omid:br/06520198315,omid:br/06303527229
oci:06480203508-06130479599,omid:br/06480203508,omid:br/06130479599
oci:06480203508-061301466251,omid:br/06480203508,omid:br/061301466251
oci:06480203508-06240341473,omid:br/06480203508,omid:br/06240341473
oci:06480203508-061603509827,omid:br/06480203508,omid:br/061603509827
oci:06480203508-0610106241,omid:br/06480203508,omid:br/0610106241
oci:06480203508-06120984459,omid:br/06480203508,omid:br/06120984459
oci:06480203508-06190108865,omid:br/06480203508,omid:br/06190108865
oci:06480203508-0640105162,omid:br/06480203508,omid:br/0640105162
oci:06480203508-061101547258,omid:br/06480203508,omid:br/061101547258
oci:06480203508-061401521555,omid:br/06480203508,omid:br/061401521555
oci:06480203508-06240975238,omid:br/06480203508,omid:br/06240975238
oci:06480203508-06150609969,omid:br/06480203508,omid:br/06150609969
oci:06480203508-06220993746,omid:br/06480203508,omid:br/06220993746
oci:06480203508-062601133314,omid:br/06480203508,omid:br/062601133314
oci:06480203508-06140991033,omid:br/06480203508,omid:br/06140991033
oci:06480203508-06901008393,omid:br/06480203508,omid:br/06901008393
oci:06480203508-0617098550,omid:br/06480203508,omid:br/0617098550
oci:06480203508-06160999375,omid:br/06480203508,omid:br/06160999375
oci:06480203508-06170997636,omid:br/06480203508,omid:br/06170997636
oci:06480203508-06210124702,omid:br/06480203508,omid:br/06210124702
oci:06480203941-0631027434,omid:br/06480203941,omid:br/0631027434
oci:06480203941-06101148018,omid:br/06480203941,omid:br/06101148018
oci:06480203941-0616085320,omid:br/06480203941,omid:br/0616085320
oci:06480203941-061085863,omid:br/06480203941,omid:br/061085863
oci:06520198357-061403594575,omid:br/06520198357,omid:br/061403594575
oci:06520198357-06240802422,omid:br/06520198357,omid:br/06240802422
oci:06520198357-061901137457,omid:br/06520198357,omid:br/061901137457
oci:06520198357-06301051054,omid:br/06520198357,omid:br/06301051054
oci:06520198357-0604679664,omid:br/06520198357,omid:br/0604679664
oci:06520198357-061301131596,omid:br/06520198357,omid:br/061301131596
oci:06480203283-061601853689,omid:br/06480203283,omid:br/061601853689
oci:06480203283-06520198220,omid:br/06480203283,omid:br/06520198220
oci:06480203539-061101426939,omid:br/06480203539,omid:br/061101426939
oci:06480203539-06150679244,omid:br/06480203539,omid:br/06150679244
oci:06480203539-062303049595,omid:br/06480203539,omid:br/062303049595
oci:06480203539-06903603636,omid:br/06480203539,omid:br/06903603636
oci:06480203539-061603509827,omid:br/06480203539,omid:br/061603509827
oci:06480203539-061301640473,omid:br/06480203539,omid:br/061301640473
oci:06480203539-06170997564,omid:br/06480203539,omid:br/06170997564
oci:06480203539-06120984459,omid:br/06480203539,omid:br/06120984459
oci:06480203539-062601012461,omid:br/06480203539,omid:br/062601012461
oci:06480203539-061403600986,omid:br/06480203539,omid:br/061403600986
oci:06480203539-06230983044,omid:br/06480203539,omid:br/06230983044
oci:06480203539-06901286084,omid:br/06480203539,omid:br/06901286084
oci:06480203539-06304073277,omid:br/06480203539,omid:br/06304073277
oci:06480203539-06160101397,omid:br/06480203539,omid:br/06160101397
oci:06480203539-0620528827,omid:br/06480203539,omid:br/0620528827
oci:06480203539-062301051880,omid:br/06480203539,omid:br/062301051880
oci:06480203539-06160101799,omid:br/06480203539,omid:br/06160101799
oci:06480203539-06210988853,omid:br/06480203539,omid:br/06210988853
oci:06480203539-0630170322,omid:br/06480203539,omid:br/0630170322
oci:06480203539-062503045791,omid:br/06480203539,omid:br/062503045791
oci:06520198573-061203710236,omid:br/06520198573,omid:br/061203710236
oci:06520198573-061102843838,omid:br/06520198573,omid:br/061102843838
oci:06520198573-062601010413,omid:br/06520198573,omid:br/062601010413
oci:06520198573-06110614640,omid:br/06520198573,omid:br/06110614640
oci:06520198573-06250606749,omid:br/06520198573,omid:br/06250606749
oci:06520198573-06150997106,omid:br/06520198573,omid:br/06150997106
oci:06520198573-06240600138,omid:br/06520198573,omid:br/06240600138
oci:06520198573-06230616412,omid:br/06520198573,omid:br/06230616412
oci:06520198573-06220195906,omid:br/06520198573,omid:br/06220195906
oci:06520198573-061102789810,omid:br/06520198573,omid:br/061102789810
oci:06520198573-06220196109,omid:br/06520198573,omid:br/06220196109
oci:06520198573-06220196113,omid:br/06520198573,omid:br/06220196113
oci:06520198573-062601010658,omid:br/06520198573,omid:br/062601010658
oci:06520198573-06210201646,omid:br/06520198573,omid:br/06210201646
oci:06520198573-06902800858,omid:br/06520198573,omid:br/06902800858
oci:06520198573-06504189504,omid:br/06520198573,omid:br/06504189504
oci:06520198573-0680616865,omid:br/06520198573,omid:br/0680616865
oci:06520198573-06220195742,omid:br/06520198573,omid:br/06220195742
oci:06520198573-06140985747,omid:br/06520198573,omid:br/06140985747
oci:06520198573-06210201668,omid:br/06520198573,omid:br/06210201668
oci:06520198573-06501009785,omid:br/06520198573,omid:br/06501009785
oci:06520198573-06140990812,omid:br/06520198573,omid:br/06140990812
oci:06520198573-061703618390,omid:br/06520198573,omid:br/061703618390
oci:06520198573-0660615628,omid:br/06520198573,omid:br/0660615628
oci:06520198573-0650364020,omid:br/06520198573,omid:br/0650364020
oci:06520198573-0640368710,omid:br/06520198573,omid:br/0640368710
oci:06520198573-06250982683,omid:br/06520198573,omid:br/06250982683
oci:06520198573-06230981686,omid:br/06520198573,omid:br/06230981686
oci:06520198336-06220614890,omid:br/06520198336,omid:br/06220614890
oci:06520198336-0604711439,omid:br/06520198336,omid:br/0604711439
oci:06520198336-06804048180,omid:br/06520198336,omid:br/06804048180
oci:06480203622-0690722677,omid:br/06480203622,omid:br/0690722677
oci:06480203622-0630486952,omid:br/06480203622,omid:br/0630486952
oci:06480203622-06604024733,omid:br/06480203622,omid:br/06604024733
oci:06480203467-06120984459,omid:br/06480203467,omid:br/06120984459
oci:06480203467-061203621258,omid:br/06480203467,omid:br/061203621258
oci:06480203467-061103636903,omid:br/06480203467,omid:br/061103636903
oci:06480203467-062601012461,omid:br/06480203467,omid:br/062601012461
oci:06480203467-061503613120,omid:br/06480203467,omid:br/061503613120
oci:06480203467-06230984025,omid:br/06480203467,omid:br/06230984025
oci:06480203467-06904078954,omid:br/06480203467,omid:br/06904078954
oci:06480203467-061901235205,omid:br/06480203467,omid:br/061901235205
oci:06480203467-0620530197,omid:br/06480203467,omid:br/0620530197
oci:06480203467-0670712519,omid:br/06480203467,omid:br/0670712519
oci:06480203467-06404166024,omid:br/06480203467,omid:br/06404166024
oci:06480203467-06150903915,omid:br/06480203467,omid:br/06150903915
oci:06480203467-061103681312,omid:br/06480203467,omid:br/061103681312
oci:06480203467-06140897987,omid:br/06480203467,omid:br/06140897987
oci:06480203467-06150903858,omid:br/06480203467,omid:br/06150903858
oci:06480203467-0614085902,omid:br/06480203467,omid:br/0614085902
oci:06480203467-0610106241,omid:br/06480203467,omid:br/0610106241
oci:06480203923-06101148018,omid:br/06480203923,omid:br/06101148018
oci:06480203923-06160101242,omid:br/06480203923,omid:br/06160101242
oci:06480203923-06603462036,omid:br/06480203923,omid:br/06603462036
oci:06520198304-06120667599,omid:br/06520198304,omid:br/06120667599
oci:06520198304-06130479204,omid:br/06520198304,omid:br/06130479204
oci:06520198304-061301642907,omid:br/06520198304,omid:br/061301642907
oci:06520198304-061201642554,omid:br/06520198304,omid:br/061201642554
oci:06520198304-06901668392,omid:br/06520198304,omid:br/06901668392
oci:06520198304-06180486487,omid:br/06520198304,omid:br/06180486487
oci:06520198304-06250481570,omid:br/06520198304,omid:br/06250481570
oci:06520198304-06120667605,omid:br/06520198304,omid:br/06120667605
oci:06520198304-06120667921,omid:br/06520198304,omid:br/06120667921
oci:06520198304-0660486760,omid:br/06520198304,omid:br/0660486760
oci:06520198562-061303952465,omid:br/06520198562,omid:br/061303952465
oci:06520198562-06501365024,omid:br/06520198562,omid:br/06501365024
oci:06520198562-06704068993,omid:br/06520198562,omid:br/06704068993
oci:06520198562-061503613278,omid:br/06520198562,omid:br/061503613278
oci:06520198562-062101126185,omid:br/06520198562,omid:br/062101126185
oci:06520198562-06101149131,omid:br/06520198562,omid:br/06101149131
oci:06520198562-061403601384,omid:br/06520198562,omid:br/061403601384
oci:06520198562-06130989261,omid:br/06520198562,omid:br/06130989261
oci:06520198562-061403601238,omid:br/06520198562,omid:br/061403601238
oci:06520198562-063604701,omid:br/06520198562,omid:br/063604701
oci:06480203520-06901008214,omid:br/06480203520,omid:br/06901008214
oci:06480203520-06240973640,omid:br/06480203520,omid:br/06240973640
oci:06480203520-061103636903,omid:br/06480203520,omid:br/061103636903
oci:06480203520-06130989290,omid:br/06480203520,omid:br/06130989290
oci:06480203520-06240974285,omid:br/06480203520,omid:br/06240974285
oci:06480203520-06140606055,omid:br/06480203520,omid:br/06140606055
oci:06480203520-06240971004,omid:br/06480203520,omid:br/06240971004
oci:06480203520-0630170308,omid:br/06480203520,omid:br/0630170308
oci:06520198393-062302038089,omid:br/06520198393,omid:br/062302038089
oci:06480204179-0660486235,omid:br/06480204179,omid:br/0660486235
oci:06480203347-0620996420,omid:br/06480203347,omid:br/0620996420
oci:06480203347-0604334755,omid:br/06480203347,omid:br/0604334755
oci:06480203931-069095215,omid:br/06480203931,omid:br/069095215
oci:06480203931-068092468,omid:br/06480203931,omid:br/068092468
oci:06480203931-0613086309,omid:br/06480203931,omid:br/0613086309
oci:06480203931-06301757862,omid:br/06480203931,omid:br/06301757862
oci:06480203931-06170615070,omid:br/06480203931,omid:br/06170615070
oci:06480203931-06250611360,omid:br/06480203931,omid:br/06250611360
oci:06480203931-062301051207,omid:br/06480203931,omid:br/062301051207
oci:06480203931-06120830441,omid:br/06480203931,omid:br/06120830441
oci:06480203931-0621088468,omid:br/06480203931,omid:br/0621088468
oci:06480203931-066088914,omid:br/06480203931,omid:br/066088914
oci:06480203931-061201569592,omid:br/06480203931,omid:br/061201569592
oci:06480203931-06210363941,omid:br/06480203931,omid:br/06210363941
oci:06480203931-061701264047,omid:br/06480203931,omid:br/061701264047
oci:06480203931-0640904113,omid:br/06480203931,omid:br/0640904113
oci:06480203607-0620816038,omid:br/06480203607,omid:br/0620816038
oci:06480203607-063404502,omid:br/06480203607,omid:br/063404502
oci:06480203607-06403909933,omid:br/06480203607,omid:br/06403909933
oci:06480203607-06603907726,omid:br/06480203607,omid:br/06603907726
oci:06480203607-061701514483,omid:br/06480203607,omid:br/061701514483
oci:06480203607-06701510098,omid:br/06480203607,omid:br/06701510098
oci:06480203607-062601536102,omid:br/06480203607,omid:br/062601536102
oci:06480203607-0604588638,omid:br/06480203607,omid:br/0604588638
oci:06480203607-06903517521,omid:br/06480203607,omid:br/06903517521
oci:06480203607-06603907811,omid:br/06480203607,omid:br/06603907811
oci:06480203607-06260826249,omid:br/06480203607,omid:br/06260826249
oci:06520198268-06903733130,omid:br/06520198268,omid:br/06903733130
oci:06520198268-061101654303,omid:br/06520198268,omid:br/061101654303
oci:06520198268-061601654111,omid:br/06520198268,omid:br/061601654111
oci:06520198268-062302743959,omid:br/06520198268,omid:br/062302743959
oci:06520198268-063305477,omid:br/06520198268,omid:br/063305477
oci:06520198268-06803484266,omid:br/06520198268,omid:br/06803484266
oci:06520198268-061101131846,omid:br/06520198268,omid:br/061101131846
oci:06520198268-062302094967,omid:br/06520198268,omid:br/062302094967
oci:06520198268-062201126733,omid:br/06520198268,omid:br/062201126733
oci:06520198268-062302094651,omid:br/06520198268,omid:br/062302094651
oci:06520198268-0610880854,omid:br/06520198268,omid:br/0610880854
oci:06520198268-06220863618,omid:br/06520198268,omid:br/06220863618
oci:06520198268-06303526930,omid:br/06520198268,omid:br/06303526930
oci:06520198518-06220540551,omid:br/06520198518,omid:br/06220540551
oci:06520198518-06260460228,omid:br/06520198518,omid:br/06260460228
oci:06480203496-06160999544,omid:br/06480203496,omid:br/06160999544
oci:06480203496-06210988853,omid:br/06480203496,omid:br/06210988853
oci:06480203496-06220993644,omid:br/06480203496,omid:br/06220993644
oci:06480203496-061903636174,omid:br/06480203496,omid:br/061903636174
oci:06480203328-06401373566,omid:br/06480203328,omid:br/06401373566
oci:06520198575-061103656322,omid:br/06520198575,omid:br/061103656322
oci:06520198575-062601246955,omid:br/06520198575,omid:br/062601246955
oci:06520198575-061501137403,omid:br/06520198575,omid:br/061501137403
oci:06520198575-0615082941,omid:br/06520198575,omid:br/0615082941
oci:06520198575-0611091696,omid:br/06520198575,omid:br/0611091696
oci:06520198575-0619089073,omid:br/06520198575,omid:br/0619089073
oci:06520198575-06110490855,omid:br/06520198575,omid:br/06110490855
oci:06520198525-064103834,omid:br/06520198525,omid:br/064103834
oci:06520198525-062501236727,omid:br/06520198525,omid:br/062501236727
oci:06480203274-061904165122,omid:br/06480203274,omid:br/061904165122
oci:06480203274-061904165123,omid:br/06480203274,omid:br/061904165123
oci:06520198231-06403479849,omid:br/06520198231,omid:br/06403479849
oci:06520198231-062602769480,omid:br/06520198231,omid:br/062602769480
oci:06520198231-06303115456,omid:br/06520198231,omid:br/06303115456
oci:06520198231-062601012866,omid:br/06520198231,omid:br/062601012866
oci:06480204159-06120987064,omid:br/06480204159,omid:br/06120987064
oci:06480204159-06901008899,omid:br/06480204159,omid:br/06901008899
oci:06480204159-062601014247,omid:br/06480204159,omid:br/062601014247
oci:06480204159-061701542342,omid:br/06480204159,omid:br/061701542342
oci:06480204159-061103828058,omid:br/06480204159,omid:br/061103828058
oci:06480204159-061103827965,omid:br/06480204159,omid:br/061103827965
oci:06480204159-06210613106,omid:br/06480204159,omid:br/06210613106
oci:06480204159-0660617769,omid:br/06480204159,omid:br/0660617769
oci:06480204159-061303599166,omid:br/06480204159,omid:br/061303599166
oci:06480204159-06104231922,omid:br/06480204159,omid:br/06104231922
oci:06480204159-061301387061,omid:br/06480204159,omid:br/061301387061
oci:06480204159-062604142484,omid:br/06480204159,omid:br/062604142484
oci:06480203907-061203050465,omid:br/06480203907,omid:br/061203050465
oci:06480203907-06202591847,omid:br/06480203907,omid:br/06202591847
oci:06480203907-06180838248,omid:br/06480203907,omid:br/06180838248
oci:06480203907-0690366152,omid:br/06480203907,omid:br/0690366152
oci:06480203907-06150844340,omid:br/06480203907,omid:br/06150844340
oci:06480203907-067089906,omid:br/06480203907,omid:br/067089906
oci:06480203907-06180838025,omid:br/06480203907,omid:br/06180838025
oci:06480203907-06250612203,omid:br/06480203907,omid:br/06250612203
oci:06520198339-06104232433,omid:br/06520198339,omid:br/06104232433
oci:06480203602-06103488524,omid:br/06480203602,omid:br/06103488524
oci:06480203602-06802241670,omid:br/06480203602,omid:br/06802241670
oci:06480203602-06130668349,omid:br/06480203602,omid:br/06130668349
oci:06480203602-06203480456,omid:br/06480203602,omid:br/06203480456
oci:06480203602-0650487879,omid:br/06480203602,omid:br/0650487879
oci:06480203602-06103486983,omid:br/06480203602,omid:br/06103486983
oci:06480203602-061101878222,omid:br/06480203602,omid:br/061101878222
oci:06480203602-06601237261,omid:br/06480203602,omid:br/06601237261
oci:06480203602-06110712527,omid:br/06480203602,omid:br/06110712527
oci:06480203602-0670712407,omid:br/06480203602,omid:br/0670712407
oci:06480203602-06150896814,omid:br/06480203602,omid:br/06150896814
oci:06480203602-06140671367,omid:br/06480203602,omid:br/06140671367
oci:06480203602-06140351380,omid:br/06480203602,omid:br/06140351380
oci:06480203602-06160353555,omid:br/06480203602,omid:br/06160353555
oci:06480203602-0641010957,omid:br/06480203602,omid:br/0641010957
oci:06480203602-061103724396,omid:br/06480203602,omid:br/061103724396
oci:06480203602-06903733185,omid:br/06480203602,omid:br/06903733185
oci:06480203602-06140671444,omid:br/06480203602,omid:br/06140671444
oci:06480203602-061103724909,omid:br/06480203602,omid:br/061103724909
oci:06480203602-0660487583,omid:br/06480203602,omid:br/0660487583
oci:06480203602-061103724569,omid:br/06480203602,omid:br/061103724569
oci:06480203304-06130834205,omid:br/06480203304,omid:br/06130834205
oci:06480203304-06150844446,omid:br/06480203304,omid:br/06150844446
oci:06480203304-06480203271,omid:br/06480203304,omid:br/06480203271
oci:06520198574-061303952483,omid:br/06520198574,omid:br/061303952483
oci:06480203342-06101408439,omid:br/06480203342,omid:br/06101408439
oci:06480203342-062103073790,omid:br/06480203342,omid:br/062103073790
oci:06520198400-068088909,omid:br/06520198400,omid:br/068088909
oci:06520198400-06260501870,omid:br/06520198400,omid:br/06260501870
oci:06520198400-0616087304,omid:br/06520198400,omid:br/0616087304
oci:06520198400-0650621164,omid:br/06520198400,omid:br/0650621164
oci:06520198400-0626097665,omid:br/06520198400,omid:br/0626097665
oci:06520198400-061501137803,omid:br/06520198400,omid:br/061501137803
oci:06520198400-06304127305,omid:br/06520198400,omid:br/06304127305
oci:06520198400-06304127260,omid:br/06520198400,omid:br/06304127260
oci:06520198400-06220613519,omid:br/06520198400,omid:br/06220613519
oci:06480203633-061303693986,omid:br/06480203633,omid:br/061303693986
oci:06480203633-06140672155,omid:br/06480203633,omid:br/06140672155
oci:06480203633-06140672031,omid:br/06480203633,omid:br/06140672031
oci:06480203633-06340317030,omid:br/06480203633,omid:br/06340317030
oci:06480203633-061303693974,omid:br/06480203633,omid:br/061303693974
oci:06480203633-06301796496,omid:br/06480203633,omid:br/06301796496
oci:06480203633-06240341911,omid:br/06480203633,omid:br/06240341911
oci:06480203853-0640353210,omid:br/06480203853,omid:br/0640353210
oci:06480203853-0640890696,omid:br/06480203853,omid:br/0640890696
oci:06480203853-061103638369,omid:br/06480203853,omid:br/061103638369
oci:06480203853-06120831379,omid:br/06480203853,omid:br/06120831379
oci:06480203853-06170844496,omid:br/06480203853,omid:br/06170844496
oci:06480203853-06160698983,omid:br/06480203853,omid:br/06160698983
oci:06480203853-06180969114,omid:br/06480203853,omid:br/06180969114
oci:06480203853-06604007696,omid:br/06480203853,omid:br/06604007696
oci:06480203853-06130482488,omid:br/06480203853,omid:br/06130482488
oci:06480203853-061401351280,omid:br/06480203853,omid:br/061401351280
oci:06480203853-06260857094,omid:br/06480203853,omid:br/06260857094
oci:06480203853-061802688783,omid:br/06480203853,omid:br/061802688783
oci:06480203853-06160616153,omid:br/06480203853,omid:br/06160616153
oci:06480203853-06220973986,omid:br/06480203853,omid:br/06220973986
oci:06480203853-06801037130,omid:br/06480203853,omid:br/06801037130
oci:06480204219-062604142490,omid:br/06480204219,omid:br/062604142490
oci:06480204219-062604142491,omid:br/06480204219,omid:br/062604142491
oci:06480204219-062078342,omid:br/06480204219,omid:br/062078342
oci:06520198563-068090171,omid:br/06520198563,omid:br/068090171
oci:06520198563-06480203300,omid:br/06520198563,omid:br/06480203300
oci:06480203627-061203712543,omid:br/06480203627,omid:br/061203712543
oci:06480203627-061102611604,omid:br/06480203627,omid:br/061102611604
oci:06480203627-062202692540,omid:br/06480203627,omid:br/062202692540
oci:06480203627-06203999521,omid:br/06480203627,omid:br/06203999521
oci:06480203627-0630349359,omid:br/06480203627,omid:br/0630349359
oci:06480203627-06903076064,omid:br/06480203627,omid:br/06903076064
oci:06480203627-061603509779,omid:br/06480203627,omid:br/061603509779
oci:06480203627-0610354801,omid:br/06480203627,omid:br/0610354801
oci:06480203627-061403484813,omid:br/06480203627,omid:br/061403484813
oci:06480203255-06140985641,omid:br/06480203255,omid:br/06140985641
oci:06480203255-06110994960,omid:br/06480203255,omid:br/06110994960
oci:06520198259-062101125845,omid:br/06520198259,omid:br/062101125845
oci:06480204216-06704020724,omid:br/06480204216,omid:br/06704020724
oci:06480204216-0621086912,omid:br/06480204216,omid:br/0621086912
oci:06480204216-068089158,omid:br/06480204216,omid:br/068089158
oci:06480204216-06401006341,omid:br/06480204216,omid:br/06401006341
oci:06480204216-06101013893,omid:br/06480204216,omid:br/06101013893
oci:06480204216-06804056857,omid:br/06480204216,omid:br/06804056857
oci:06480203545-062503041428,omid:br/06480203545,omid:br/062503041428
oci:06480203545-0610354373,omid:br/06480203545,omid:br/0610354373
oci:06480203545-06902721084,omid:br/06480203545,omid:br/06902721084
oci:06480203545-062503630256,omid:br/06480203545,omid:br/062503630256
oci:06480203545-062603077187,omid:br/06480203545,omid:br/062603077187
oci:06480203545-0617098791,omid:br/06480203545,omid:br/0617098791
oci:06480203545-0630170003,omid:br/06480203545,omid:br/0630170003
oci:06520198377-06804028380,omid:br/06520198377,omid:br/06804028380
oci:06520198377-0670616499,omid:br/06520198377,omid:br/0670616499
oci:06520198377-061203616823,omid:br/06520198377,omid:br/061203616823
oci:06480203879-06120347311,omid:br/06480203879,omid:br/06120347311
oci:06480203879-061701263765,omid:br/06480203879,omid:br/061701263765
oci:06480203879-06120482185,omid:br/06480203879,omid:br/06120482185
oci:06480203879-0652051324,omid:br/06480203879,omid:br/0652051324
oci:06480203879-06240603931,omid:br/06480203879,omid:br/06240603931
oci:06480203879-061801259676,omid:br/06480203879,omid:br/061801259676
oci:06480203879-061801259927,omid:br/06480203879,omid:br/061801259927
oci:06480203879-061701264120,omid:br/06480203879,omid:br/061701264120
oci:06480203879-06240839107,omid:br/06480203879,omid:br/06240839107
oci:06480203879-06801134940,omid:br/06480203879,omid:br/06801134940
oci:06480203879-062503307889,omid:br/06480203879,omid:br/062503307889
oci:06480203879-06801138603,omid:br/06480203879,omid:br/06801138603
oci:06480203879-0611083315,omid:br/06480203879,omid:br/0611083315
oci:06520198253-06170844667,omid:br/06520198253,omid:br/06170844667
oci:06520198253-062302418140,omid:br/06520198253,omid:br/062302418140
oci:06520198253-061602256659,omid:br/06520198253,omid:br/061602256659
oci:06520198253-062103306034,omid:br/06520198253,omid:br/062103306034
oci:06520198253-06210345806,omid:br/06520198253,omid:br/06210345806
oci:06520198253-06203480062,omid:br/06520198253,omid:br/06203480062
oci:06520198253-06501378364,omid:br/06520198253,omid:br/06501378364
oci:06520198253-06604042994,omid:br/06520198253,omid:br/06604042994
oci:06520198253-06501408269,omid:br/06520198253,omid:br/06501408269
oci:06520198253-061203626041,omid:br/06520198253,omid:br/061203626041
oci:06480203262-06480204225,omid:br/06480203262,omid:br/06480204225
oci:06480203262-061101135526,omid:br/06480203262,omid:br/061101135526
oci:06480203613-062403052589,omid:br/06480203613,omid:br/062403052589
oci:06480203613-0650357367,omid:br/06480203613,omid:br/0650357367
oci:06480203613-06220349340,omid:br/06480203613,omid:br/06220349340
oci:06480203613-06180837417,omid:br/06480203613,omid:br/06180837417
oci:06480204182-061202057725,omid:br/06480204182,omid:br/061202057725
oci:06480204182-062604142485,omid:br/06480204182,omid:br/062604142485
oci:06480204182-062201774568,omid:br/06480204182,omid:br/062201774568
oci:06480203501-0680362145,omid:br/06480203501,omid:br/0680362145
oci:06480203501-06101665720,omid:br/06480203501,omid:br/06101665720
oci:06480203501-0617098791,omid:br/06480203501,omid:br/0617098791
oci:06480203501-06501392552,omid:br/06480203501,omid:br/06501392552
oci:06480203501-06503122021,omid:br/06480203501,omid:br/06503122021
oci:06480203898-0630264250,omid:br/06480203898,omid:br/0630264250
oci:06480203898-061903255966,omid:br/06480203898,omid:br/061903255966
oci:06480203898-062601247553,omid:br/06480203898,omid:br/062601247553
oci:06480203898-06210616603,omid:br/06480203898,omid:br/06210616603
oci:06480203898-06140610055,omid:br/06480203898,omid:br/06140610055
oci:06480203898-061503060307,omid:br/06480203898,omid:br/061503060307
oci:06480203898-06140610387,omid:br/06480203898,omid:br/06140610387
oci:06480203898-06501019789,omid:br/06480203898,omid:br/06501019789
oci:06480203898-06101162519,omid:br/06480203898,omid:br/06101162519
oci:06480203898-06140610782,omid:br/06480203898,omid:br/06140610782
oci:06480203898-0646011527,omid:br/06480203898,omid:br/0646011527
oci:06480203898-062303053690,omid:br/06480203898,omid:br/062303053690
oci:06480203898-061602106034,omid:br/06480203898,omid:br/061602106034
oci:06480203898-061702098202,omid:br/06480203898,omid:br/061702098202
oci:06480203898-061702098777,omid:br/06480203898,omid:br/061702098777
oci:06480203898-06120831362,omid:br/06480203898,omid:br/06120831362
oci:06480203898-061702098832,omid:br/06480203898,omid:br/061702098832
oci:06480203898-064083066,omid:br/06480203898,omid:br/064083066
oci:06480203898-06130820504,omid:br/06480203898,omid:br/06130820504
oci:06480203898-06120608451,omid:br/06480203898,omid:br/06120608451
oci:06480203898-0690841038,omid:br/06480203898,omid:br/0690841038
oci:06480203898-061802688720,omid:br/06480203898,omid:br/061802688720
oci:06520198593-06480203349,omid:br/06520198593,omid:br/06480203349
oci:06480204171-062101349842,omid:br/06480204171,omid:br/062101349842
oci:06480204171-06240522144,omid:br/06480204171,omid:br/06240522144
oci:06480204232-0670484564,omid:br/06480204232,omid:br/0670484564
oci:06480204232-06101215045,omid:br/06480204232,omid:br/06101215045
oci:06480204232-06170925291,omid:br/06480204232,omid:br/06170925291
oci:06480204232-061401121049,omid:br/06480204232,omid:br/061401121049
oci:06480204232-06801544974,omid:br/06480204232,omid:br/06801544974
oci:06480204232-062103362897,omid:br/06480204232,omid:br/062103362897
oci:06480204232-062601559932,omid:br/06480204232,omid:br/062601559932
oci:06480204232-06480203652,omid:br/06480204232,omid:br/06480203652
oci:06520198331-06190997974,omid:br/06520198331,omid:br/06190997974
oci:06520198331-06110998619,omid:br/06520198331,omid:br/06110998619
oci:06520198331-06210989096,omid:br/06520198331,omid:br/06210989096
oci:06520198331-0604679663,omid:br/06520198331,omid:br/0604679663
oci:06520198590-06150844028,omid:br/06520198590,omid:br/06150844028
oci:06520198590-06380200410,omid:br/06520198590,omid:br/06380200410
oci:06520198590-06604024839,omid:br/06520198590,omid:br/06604024839
oci:06520198590-06220614372,omid:br/06520198590,omid:br/06220614372
oci:06520198590-062301643654,omid:br/06520198590,omid:br/062301643654
oci:06520198590-0630621982,omid:br/06520198590,omid:br/0630621982
oci:06520198590-06130833758,omid:br/06520198590,omid:br/06130833758
oci:06520198590-062502033645,omid:br/06520198590,omid:br/062502033645
oci:06520198590-06120831169,omid:br/06520198590,omid:br/06120831169
oci:06520198227-0640618245,omid:br/06520198227,omid:br/0640618245
oci:06520198227-06140991020,omid:br/06520198227,omid:br/06140991020
oci:06520198227-062403658413,omid:br/06520198227,omid:br/062403658413
oci:06520198227-06120603663,omid:br/06520198227,omid:br/06120603663
oci:06520198227-061602897397,omid:br/06520198227,omid:br/061602897397
oci:06480203483-066081682,omid:br/06480203483,omid:br/066081682
oci:06480203311-062103305434,omid:br/06480203311,omid:br/062103305434
oci:06480203311-0620844540,omid:br/06480203311,omid:br/0620844540
oci:06480203311-06190843235,omid:br/06480203311,omid:br/06190843235
oci:06480203311-06170615412,omid:br/06480203311,omid:br/06170615412
oci:06480203311-062603158327,omid:br/06480203311,omid:br/062603158327
oci:06480203311-062303655765,omid:br/06480203311,omid:br/062303655765
oci:06480203311-062303655484,omid:br/06480203311,omid:br/062303655484
oci:06480203311-066081117,omid:br/06480203311,omid:br/066081117
oci:06480203311-0650621164,omid:br/06480203311,omid:br/0650621164
oci:06480203311-061603640962,omid:br/06480203311,omid:br/061603640962
oci:06480203311-061603641043,omid:br/06480203311,omid:br/061603641043
oci:06480203311-0629025525,omid:br/06480203311,omid:br/0629025525
oci:06480203311-06190620572,omid:br/06480203311,omid:br/06190620572
oci:06480203311-06120830796,omid:br/06480203311,omid:br/06120830796
oci:06480203311-0631027576,omid:br/06480203311,omid:br/0631027576
oci:06480203311-061703329083,omid:br/06480203311,omid:br/061703329083
oci:06480203559-0627026709,omid:br/06480203559,omid:br/0627026709
oci:06480203559-06160844767,omid:br/06480203559,omid:br/06160844767
oci:06480203559-06130927464,omid:br/06480203559,omid:br/06130927464
oci:06480203559-0628025920,omid:br/06480203559,omid:br/0628025920
oci:06480203559-06503487406,omid:br/06480203559,omid:br/06503487406
oci:06480203559-0621081678,omid:br/06480203559,omid:br/0621081678
oci:06480203559-06160354300,omid:br/06480203559,omid:br/06160354300
oci:06480203559-061303274616,omid:br/06480203559,omid:br/061303274616
oci:06480203559-06180838183,omid:br/06480203559,omid:br/06180838183
oci:06480203559-06601237425,omid:br/06480203559,omid:br/06601237425
oci:06480203559-06210615689,omid:br/06480203559,omid:br/06210615689
oci:06480203559-0644026485,omid:br/06480203559,omid:br/0644026485
oci:06480203559-0633025678,omid:br/06480203559,omid:br/0633025678
oci:06480203559-06140836527,omid:br/06480203559,omid:br/06140836527
oci:06480203559-06110618540,omid:br/06480203559,omid:br/06110618540
oci:06480203559-0634026659,omid:br/06480203559,omid:br/0634026659
oci:06480203559-06340317018,omid:br/06480203559,omid:br/06340317018
oci:06480203559-06220612667,omid:br/06480203559,omid:br/06220612667
oci:06480203871-06201135367,omid:br/06480203871,omid:br/06201135367
oci:06480203871-06701131247,omid:br/06480203871,omid:br/06701131247
oci:06480203871-06701152340,omid:br/06480203871,omid:br/06701152340
oci:06480203871-06401142615,omid:br/06480203871,omid:br/06401142615
oci:06480203871-061701131534,omid:br/06480203871,omid:br/061701131534
oci:06480203871-061601749564,omid:br/06480203871,omid:br/061601749564
oci:06480203871-06601136683,omid:br/06480203871,omid:br/06601136683
oci:06480203871-06301776996,omid:br/06480203871,omid:br/06301776996
oci:06480203871-061601199585,omid:br/06480203871,omid:br/061601199585
oci:06480203871-06401142559,omid:br/06480203871,omid:br/06401142559
oci:06480203871-06601141048,omid:br/06480203871,omid:br/06601141048
oci:06480203871-061303702947,omid:br/06480203871,omid:br/061303702947
oci:06480204158-06204529268,omid:br/06480204158,omid:br/06204529268
oci:06480204158-06410197537,omid:br/06480204158,omid:br/06410197537
oci:06520198367-06240802422,omid:br/06520198367,omid:br/06240802422
oci:06520198367-06604042994,omid:br/06520198367,omid:br/06604042994
oci:06520198367-068088661,omid:br/06520198367,omid:br/068088661
oci:06520198367-06201595805,omid:br/06520198367,omid:br/06201595805
oci:06520198367-0627026891,omid:br/06520198367,omid:br/0627026891
oci:06520198367-062203648359,omid:br/06520198367,omid:br/062203648359
oci:06520198367-0620844851,omid:br/06520198367,omid:br/0620844851
oci:06520198367-0614082479,omid:br/06520198367,omid:br/0614082479
oci:06520198367-061603329798,omid:br/06520198367,omid:br/061603329798
oci:06520198367-06170341994,omid:br/06520198367,omid:br/06170341994
oci:06520198367-062402119852,omid:br/06520198367,omid:br/062402119852
oci:06520198367-06702489764,omid:br/06520198367,omid:br/06702489764
oci:06520198587-061901137499,omid:br/06520198587,omid:br/061901137499
oci:06520198587-061903053636,omid:br/06520198587,omid:br/061903053636
oci:06520198587-064086409,omid:br/06520198587,omid:br/064086409
oci:06520198587-06480204030,omid:br/06520198587,omid:br/06480204030
oci:06520198587-06480203323,omid:br/06520198587,omid:br/06480203323
oci:06520198587-06520198543,omid:br/06520198587,omid:br/06520198543
oci:06520198540-06902719351,omid:br/06520198540,omid:br/06902719351
oci:06480203310-0620844540,omid:br/06480203310,omid:br/0620844540
oci:06480203310-062103305434,omid:br/06480203310,omid:br/062103305434
oci:06480203310-061303952482,omid:br/06480203310,omid:br/061303952482
oci:06480203310-061103656792,omid:br/06480203310,omid:br/061103656792
oci:06480203310-06170615412,omid:br/06480203310,omid:br/06170615412
oci:06480203310-06190843235,omid:br/06480203310,omid:br/06190843235
oci:06480203310-062603158327,omid:br/06480203310,omid:br/062603158327
oci:06480203310-061703329083,omid:br/06480203310,omid:br/061703329083
oci:06520198236-061803315868,omid:br/06520198236,omid:br/061803315868
oci:06520198236-061503324440,omid:br/06520198236,omid:br/061503324440
oci:06520198236-062203649078,omid:br/06520198236,omid:br/062203649078
oci:06520198236-06240671651,omid:br/06520198236,omid:br/06240671651
oci:06520198236-0650621164,omid:br/06520198236,omid:br/0650621164
oci:06520198236-061501137939,omid:br/06520198236,omid:br/061501137939
oci:06520198596-06210988230,omid:br/06520198596,omid:br/06210988230
oci:06520198596-0640369166,omid:br/06520198596,omid:br/0640369166
oci:06520198596-061303952490,omid:br/06520198596,omid:br/061303952490
oci:06480203302-06801138220,omid:br/06480203302,omid:br/06801138220
oci:06480203302-06501531917,omid:br/06480203302,omid:br/06501531917
oci:06480203302-061904039896,omid:br/06480203302,omid:br/061904039896
oci:06480203302-0604838107,omid:br/06480203302,omid:br/0604838107
oci:06480203504-06404070255,omid:br/06480203504,omid:br/06404070255
oci:06480203504-0660351395,omid:br/06480203504,omid:br/0660351395
oci:06480203504-0610270965,omid:br/06480203504,omid:br/0610270965
oci:06480203504-06140924964,omid:br/06480203504,omid:br/06140924964
oci:06480203504-062402379985,omid:br/06480203504,omid:br/062402379985
oci:06480203504-0690723325,omid:br/06480203504,omid:br/0690723325
oci:06480203504-061202595990,omid:br/06480203504,omid:br/061202595990
oci:06480203504-061603509687,omid:br/06480203504,omid:br/061603509687
oci:06480203504-061201164952,omid:br/06480203504,omid:br/061201164952
oci:06480203504-06203041187,omid:br/06480203504,omid:br/06203041187
oci:06480203504-062103050065,omid:br/06480203504,omid:br/062103050065
oci:06480203504-06203041216,omid:br/06480203504,omid:br/06203041216
oci:06480203504-06290218399,omid:br/06480203504,omid:br/06290218399
oci:06480203504-061101397097,omid:br/06480203504,omid:br/061101397097
oci:06520198602-06110995323,omid:br/06520198602,omid:br/06110995323
oci:06520198602-061702201767,omid:br/06520198602,omid:br/061702201767
oci:06520198234-061603640364,omid:br/06520198234,omid:br/061603640364
oci:06480203920-06480203854,omid:br/06480203920,omid:br/06480203854
oci:06520198548-06480204026,omid:br/06520198548,omid:br/06480204026
oci:06480203471-06140836511,omid:br/06480203471,omid:br/06140836511
oci:06480203471-06904078955,omid:br/06480203471,omid:br/06904078955
oci:06480203471-061402415601,omid:br/06480203471,omid:br/061402415601
oci:06520198362-067086370,omid:br/06520198362,omid:br/067086370
oci:06520198362-061803375748,omid:br/06520198362,omid:br/061803375748
oci:06520198362-064086067,omid:br/06520198362,omid:br/064086067
oci:06520198362-0617083521,omid:br/06520198362,omid:br/0617083521
oci:06520198362-062082475,omid:br/06520198362,omid:br/062082475
oci:06520198362-06501264769,omid:br/06520198362,omid:br/06501264769
oci:06480204168-061201613311,omid:br/06480204168,omid:br/061201613311
oci:06480204168-06170347348,omid:br/06480204168,omid:br/06170347348
oci:06480204168-061202121664,omid:br/06480204168,omid:br/061202121664
oci:06480204168-06250611654,omid:br/06480204168,omid:br/06250611654
oci:06480204168-06501531375,omid:br/06480204168,omid:br/06501531375
oci:06480204168-06204529243,omid:br/06480204168,omid:br/06204529243
oci:06480204168-06230621471,omid:br/06480204168,omid:br/06230621471
oci:06480204168-061302674174,omid:br/06480204168,omid:br/061302674174
oci:06480204168-06101809018,omid:br/06480204168,omid:br/06101809018
oci:06480204168-06801792981,omid:br/06480204168,omid:br/06801792981
oci:06480204168-06101809031,omid:br/06480204168,omid:br/06101809031
oci:06480204168-0690624160,omid:br/06480204168,omid:br/0690624160
oci:06480204168-06301520101,omid:br/06480204168,omid:br/06301520101
oci:06520198523-0610622010,omid:br/06520198523,omid:br/0610622010
oci:06520198523-06130992159,omid:br/06520198523,omid:br/06130992159
oci:06480203650-06340317035,omid:br/06480203650,omid:br/06340317035
oci:06480203650-06340317036,omid:br/06480203650,omid:br/06340317036
oci:06480203650-0640533540,omid:br/06480203650,omid:br/0640533540
oci:06480203330-06170615483,omid:br/06480203330,omid:br/06170615483
oci:06480203474-06110363235,omid:br/06480203474,omid:br/06110363235
oci:06480203474-06250171801,omid:br/06480203474,omid:br/06250171801
oci:06480203474-069091358,omid:br/06480203474,omid:br/069091358
oci:06480203474-06101012208,omid:br/06480203474,omid:br/06101012208
oci:06480203474-06201651091,omid:br/06480203474,omid:br/06201651091
oci:06480203474-06901008497,omid:br/06480203474,omid:br/06901008497
oci:06520198536-06102775918,omid:br/06520198536,omid:br/06102775918
oci:06520198536-06110998711,omid:br/06520198536,omid:br/06110998711
oci:06520198536-06140606740,omid:br/06520198536,omid:br/06140606740
oci:06520198536-0640361988,omid:br/06520198536,omid:br/0640361988
oci:06520198536-06170351028,omid:br/06520198536,omid:br/06170351028
oci:06520198536-06180613503,omid:br/06520198536,omid:br/06180613503
oci:06520198536-061303599703,omid:br/06520198536,omid:br/061303599703
oci:06520198546-06520198590,omid:br/06520198546,omid:br/06520198590
oci:06520198546-061102051684,omid:br/06520198546,omid:br/061102051684
oci:06520198546-06204032578,omid:br/06520198546,omid:br/06204032578
oci:06520198546-06480203985,omid:br/06520198546,omid:br/06480203985
oci:06520198546-06380201019,omid:br/06520198546,omid:br/06380201019
oci:06520198546-06150844254,omid:br/06520198546,omid:br/06150844254
oci:06520198546-0628025499,omid:br/06520198546,omid:br/0628025499
oci:06520198546-06150843806,omid:br/06520198546,omid:br/06150843806
oci:06520198546-06180837923,omid:br/06520198546,omid:br/06180837923
oci:06480203884-06480203854,omid:br/06480203884,omid:br/06480203854
oci:06480204185-061101518380,omid:br/06480204185,omid:br/061101518380
oci:06480204185-06240340864,omid:br/06480204185,omid:br/06240340864
oci:06480204185-06170699311,omid:br/06480204185,omid:br/06170699311
oci:06480204185-06260632575,omid:br/06480204185,omid:br/06260632575
oci:06480203888-061202695019,omid:br/06480203888,omid:br/061202695019
oci:06480203888-06130479599,omid:br/06480203888,omid:br/06130479599
oci:06480203888-06903617159,omid:br/06480203888,omid:br/06903617159
oci:06480203888-0640489729,omid:br/06480203888,omid:br/0640489729
oci:06480203888-06401005238,omid:br/06480203888,omid:br/06401005238
oci:06520198388-06160715165,omid:br/06520198388,omid:br/06160715165
oci:06480203291-06480203347,omid:br/06480203291,omid:br/06480203347
oci:06520198552-06140989223,omid:br/06520198552,omid:br/06140989223
oci:06520198552-0670484534,omid:br/06520198552,omid:br/0670484534
oci:06520198552-061501000775,omid:br/06520198552,omid:br/061501000775
oci:06520198552-06120987402,omid:br/06520198552,omid:br/06120987402
oci:06520198551-061501136980,omid:br/06520198551,omid:br/061501136980
oci:06520198551-061303952471,omid:br/06520198551,omid:br/061303952471
oci:06520198551-062101533681,omid:br/06520198551,omid:br/062101533681
oci:06520198551-062102033618,omid:br/06520198551,omid:br/062102033618
oci:06520198376-06702489549,omid:br/06520198376,omid:br/06702489549
oci:06520198376-06701498520,omid:br/06520198376,omid:br/06701498520
oci:06520198376-06804028380,omid:br/06520198376,omid:br/06804028380
oci:06520198376-06210352905,omid:br/06520198376,omid:br/06210352905
oci:06480203547-062503045789,omid:br/06480203547,omid:br/062503045789
oci:06480203547-062503045397,omid:br/06480203547,omid:br/062503045397
oci:06480203547-061201778692,omid:br/06480203547,omid:br/061201778692
oci:06480203647-061203712509,omid:br/06480203647,omid:br/061203712509
oci:06480203647-061203712507,omid:br/06480203647,omid:br/061203712507
oci:06480203647-06140671891,omid:br/06480203647,omid:br/06140671891
oci:06480203647-061403485034,omid:br/06480203647,omid:br/061403485034
oci:06480203647-06703453580,omid:br/06480203647,omid:br/06703453580
oci:06480203647-06190619077,omid:br/06480203647,omid:br/06190619077
oci:06480203647-062403565900,omid:br/06480203647,omid:br/062403565900
oci:06480203647-062303573900,omid:br/06480203647,omid:br/062303573900
oci:06480203647-06703453581,omid:br/06480203647,omid:br/06703453581
oci:06480203647-061403036133,omid:br/06480203647,omid:br/061403036133
oci:06480203647-062403010494,omid:br/06480203647,omid:br/062403010494
oci:06480203647-062401436535,omid:br/06480203647,omid:br/062401436535
oci:06480203647-0610623992,omid:br/06480203647,omid:br/0610623992
oci:06480203647-061303045335,omid:br/06480203647,omid:br/061303045335
oci:06480203647-06903813990,omid:br/06480203647,omid:br/06903813990
oci:06480203647-061203496114,omid:br/06480203647,omid:br/061203496114
oci:06480203647-061203496163,omid:br/06480203647,omid:br/061203496163
oci:06480203647-06150353573,omid:br/06480203647,omid:br/06150353573
oci:06480203647-061403036844,omid:br/06480203647,omid:br/061403036844
oci:06480203647-065079583,omid:br/06480203647,omid:br/065079583
oci:06480203647-0610354462,omid:br/06480203647,omid:br/0610354462
oci:06480203647-06220341507,omid:br/06480203647,omid:br/06220341507
oci:06480203647-06802506817,omid:br/06480203647,omid:br/06802506817
oci:06480203647-06170196741,omid:br/06480203647,omid:br/06170196741
oci:06480203647-062103751027,omid:br/06480203647,omid:br/062103751027
oci:06480204151-06250811717,omid:br/06480204151,omid:br/06250811717
oci:06480204151-06301596367,omid:br/06480204151,omid:br/06301596367
oci:06480204151-06210709821,omid:br/06480204151,omid:br/06210709821
oci:06480203943-0630170265,omid:br/06480203943,omid:br/0630170265
oci:06480203943-06170612094,omid:br/06480203943,omid:br/06170612094
oci:06480203943-0619090577,omid:br/06480203943,omid:br/0619090577
oci:06480203943-06210485412,omid:br/06480203943,omid:br/06210485412
oci:06480203943-061601098974,omid:br/06480203943,omid:br/061601098974
oci:06480203943-06201023075,omid:br/06480203943,omid:br/06201023075
oci:06480203943-0615088165,omid:br/06480203943,omid:br/0615088165
oci:06480203943-062082971,omid:br/06480203943,omid:br/062082971
oci:06520198527-06402857505,omid:br/06520198527,omid:br/06402857505
oci:06480203928-0660894395,omid:br/06480203928,omid:br/0660894395
oci:06480203928-061202731429,omid:br/06480203928,omid:br/061202731429
oci:06520198564-061703618664,omid:br/06520198564,omid:br/061703618664
oci:06480203254-06180710957,omid:br/06480203254,omid:br/06180710957
oci:06480203254-062202675877,omid:br/06480203254,omid:br/062202675877
oci:06480203254-06120809866,omid:br/06480203254,omid:br/06120809866
oci:06480203254-06240347768,omid:br/06480203254,omid:br/06240347768
oci:06480203254-068088771,omid:br/06480203254,omid:br/068088771
oci:06480203254-062301692765,omid:br/06480203254,omid:br/062301692765
oci:06480203254-06201206616,omid:br/06480203254,omid:br/06201206616
oci:06480203254-06902150721,omid:br/06480203254,omid:br/06902150721
oci:06480203254-062602240486,omid:br/06480203254,omid:br/062602240486
oci:06480203254-06220613606,omid:br/06480203254,omid:br/06220613606
oci:06480203254-0614079765,omid:br/06480203254,omid:br/0614079765
oci:06480203254-061303049590,omid:br/06480203254,omid:br/061303049590
oci:06480203254-06210616419,omid:br/06480203254,omid:br/06210616419
oci:06480203254-06170844667,omid:br/06480203254,omid:br/06170844667
oci:06480203254-06220613582,omid:br/06480203254,omid:br/06220613582
oci:06480203254-062303655265,omid:br/06480203254,omid:br/062303655265
oci:06480203495-062201775490,omid:br/06480203495,omid:br/062201775490
oci:06480203495-0660871794,omid:br/06480203495,omid:br/0660871794
oci:06480203495-061403521232,omid:br/06480203495,omid:br/061403521232
oci:06480203495-061802087867,omid:br/06480203495,omid:br/061802087867
oci:06520198353-06160995085,omid:br/06520198353,omid:br/06160995085
oci:06480204215-0640620943,omid:br/06480204215,omid:br/0640620943
oci:06480204215-06430202106,omid:br/06480204215,omid:br/06430202106
oci:06480204215-06440202392,omid:br/06480204215,omid:br/06440202392
oci:06480204215-0610854950,omid:br/06480204215,omid:br/0610854950
oci:06480204215-06410202539,omid:br/06480204215,omid:br/06410202539
oci:06480204215-06230491909,omid:br/06480204215,omid:br/06230491909
oci:06480204215-06410202548,omid:br/06480204215,omid:br/06410202548
oci:06480204215-06190843207,omid:br/06480204215,omid:br/06190843207
oci:06480204215-061802873619,omid:br/06480204215,omid:br/061802873619
oci:06520198613-061701389047,omid:br/06520198613,omid:br/061701389047
oci:06520198613-06120604408,omid:br/06520198613,omid:br/06120604408
oci:06520198613-06220196005,omid:br/06520198613,omid:br/06220196005
oci:06480203924-062402690157,omid:br/06480203924,omid:br/062402690157
oci:06480203924-061102765702,omid:br/06480203924,omid:br/061102765702
oci:06480203548-061103634125,omid:br/06480203548,omid:br/061103634125
oci:06480203548-0653049140,omid:br/06480203548,omid:br/0653049140
oci:06480203548-061603115167,omid:br/06480203548,omid:br/061603115167
oci:06480203548-0690878424,omid:br/06480203548,omid:br/0690878424
oci:06480203548-062301781555,omid:br/06480203548,omid:br/062301781555
oci:06480203548-062601470206,omid:br/06480203548,omid:br/062601470206
oci:06480203548-06130609142,omid:br/06480203548,omid:br/06130609142
oci:06480203548-06250967531,omid:br/06480203548,omid:br/06250967531
oci:06480203548-0630264250,omid:br/06480203548,omid:br/0630264250
oci:06480203548-0616082180,omid:br/06480203548,omid:br/0616082180
oci:06480203548-06403481573,omid:br/06480203548,omid:br/06403481573
oci:06480203548-061401118352,omid:br/06480203548,omid:br/061401118352
oci:06480203548-06101466689,omid:br/06480203548,omid:br/06101466689
oci:06480203548-06601796045,omid:br/06480203548,omid:br/06601796045
oci:06520198565-06240249599,omid:br/06520198565,omid:br/06240249599
oci:06520198565-06603702111,omid:br/06520198565,omid:br/06603702111
oci:06520198565-062502733395,omid:br/06520198565,omid:br/062502733395
oci:06520198565-06103176720,omid:br/06520198565,omid:br/06103176720
oci:06520198565-06210616616,omid:br/06520198565,omid:br/06210616616
oci:06480203640-0625080120,omid:br/06480203640,omid:br/0625080120
oci:06480203640-061202193435,omid:br/06480203640,omid:br/061202193435
oci:06480203596-06260209143,omid:br/06480203596,omid:br/06260209143
oci:06480204147-061202678358,omid:br/06480204147,omid:br/061202678358
oci:06480204147-061702133456,omid:br/06480204147,omid:br/061702133456
oci:06480204147-06170955523,omid:br/06480204147,omid:br/06170955523
oci:06480203322-06801364311,omid:br/06480203322,omid:br/06801364311
oci:06520198358-06170615768,omid:br/06520198358,omid:br/06170615768
oci:06520198585-06203230502,omid:br/06520198585,omid:br/06203230502
oci:06520198585-061801443832,omid:br/06520198585,omid:br/061801443832
oci:06520198585-061303689715,omid:br/06520198585,omid:br/061303689715
oci:06520198585-062401426962,omid:br/06520198585,omid:br/062401426962
oci:06520198585-06190621176,omid:br/06520198585,omid:br/06190621176
oci:06520198585-062301448973,omid:br/06520198585,omid:br/062301448973
oci:06520198338-061303611189,omid:br/06520198338,omid:br/061303611189
oci:06520198398-061401373616,omid:br/06520198398,omid:br/061401373616
oci:06520198567-061303952473,omid:br/06520198567,omid:br/061303952473
oci:06520198567-061101135119,omid:br/06520198567,omid:br/061101135119
oci:06520198567-061101394150,omid:br/06520198567,omid:br/061101394150
oci:06520198567-061303952474,omid:br/06520198567,omid:br/061303952474
oci:06520198567-061203638545,omid:br/06520198567,omid:br/061203638545
oci:06480203540-062402121335,omid:br/06480203540,omid:br/062402121335
oci:06480203540-062402120948,omid:br/06480203540,omid:br/062402120948
oci:06480203540-06803899200,omid:br/06480203540,omid:br/06803899200
oci:06480203540-06103486706,omid:br/06480203540,omid:br/06103486706
oci:06480204242-0604838090,omid:br/06480204242,omid:br/0604838090
oci:06480203343-062401555826,omid:br/06480203343,omid:br/062401555826
oci:06480203343-06801696453,omid:br/06480203343,omid:br/06801696453
oci:06480203343-063079270,omid:br/06480203343,omid:br/063079270
oci:06480203343-062102415902,omid:br/06480203343,omid:br/062102415902
oci:06480203343-06240167114,omid:br/06480203343,omid:br/06240167114
oci:06480203343-062101125860,omid:br/06480203343,omid:br/062101125860
oci:06480204166-061303612813,omid:br/06480204166,omid:br/061303612813
oci:06480203533-06202420869,omid:br/06480203533,omid:br/06202420869
oci:06480203533-06130668700,omid:br/06480203533,omid:br/06130668700
oci:06480203533-061203496114,omid:br/06480203533,omid:br/061203496114
oci:06480203533-061203496163,omid:br/06480203533,omid:br/061203496163
oci:06480203533-06903813990,omid:br/06480203533,omid:br/06903813990
oci:06480203533-069096349,omid:br/06480203533,omid:br/069096349
oci:06480203533-0615088884,omid:br/06480203533,omid:br/0615088884
oci:06480203533-061601063765,omid:br/06480203533,omid:br/061601063765
oci:06480203533-061103512690,omid:br/06480203533,omid:br/061103512690
oci:06480203533-062503308329,omid:br/06480203533,omid:br/062503308329
oci:06480203533-061090381,omid:br/06480203533,omid:br/061090381
oci:06480203533-061403701689,omid:br/06480203533,omid:br/061403701689
oci:06480203533-062079384,omid:br/06480203533,omid:br/062079384
oci:06480203533-067090605,omid:br/06480203533,omid:br/067090605
oci:06480203533-0612086324,omid:br/06480203533,omid:br/0612086324
oci:06480203533-061801575171,omid:br/06480203533,omid:br/061801575171
oci:06480203533-0623085568,omid:br/06480203533,omid:br/0623085568
oci:06480203533-0614085918,omid:br/06480203533,omid:br/0614085918
oci:06480203533-06110934032,omid:br/06480203533,omid:br/06110934032
oci:06480203533-061303050574,omid:br/06480203533,omid:br/061303050574
oci:06480203533-06160844965,omid:br/06480203533,omid:br/06160844965
oci:06480203533-06904078962,omid:br/06480203533,omid:br/06904078962
oci:06480203533-06903814279,omid:br/06480203533,omid:br/06903814279
oci:06480203533-06104225565,omid:br/06480203533,omid:br/06104225565
oci:06480203533-06104225566,omid:br/06480203533,omid:br/06104225566
oci:06480203533-0680860499,omid:br/06480203533,omid:br/0680860499
oci:06480203599-062602240726,omid:br/06480203599,omid:br/062602240726
oci:06480203599-06410343127,omid:br/06480203599,omid:br/06410343127
oci:06480203599-06301704651,omid:br/06480203599,omid:br/06301704651
oci:06480203599-062103306034,omid:br/06480203599,omid:br/062103306034
oci:06480203599-06210345806,omid:br/06480203599,omid:br/06210345806
oci:06480203599-0650621164,omid:br/06480203599,omid:br/0650621164
oci:06480203599-062203648346,omid:br/06480203599,omid:br/062203648346
oci:06480203599-061803315868,omid:br/06480203599,omid:br/061803315868
oci:06480203599-06704520382,omid:br/06480203599,omid:br/06704520382
oci:06480203599-062403050618,omid:br/06480203599,omid:br/062403050618
oci:06480204178-06160321053,omid:br/06480204178,omid:br/06160321053
oci:06480203475-061903593131,omid:br/06480203475,omid:br/061903593131
oci:06480203475-06480203812,omid:br/06480203475,omid:br/06480203812
oci:06480203475-06480203515,omid:br/06480203475,omid:br/06480203515
oci:06480203475-062203058474,omid:br/06480203475,omid:br/062203058474
oci:06480204228-061602691260,omid:br/06480204228,omid:br/061602691260
oci:06480203945-06303015690,omid:br/06480203945,omid:br/06303015690
oci:06480203945-062402635900,omid:br/06480203945,omid:br/062402635900
oci:06480203945-061701449366,omid:br/06480203945,omid:br/061701449366
oci:06480203945-06190471906,omid:br/06480203945,omid:br/06190471906
oci:06480203945-061301446559,omid:br/06480203945,omid:br/061301446559
oci:06480203945-062402426903,omid:br/06480203945,omid:br/062402426903
oci:06480203945-06901260972,omid:br/06480203945,omid:br/06901260972
oci:06480203945-062303036342,omid:br/06480203945,omid:br/062303036342
oci:06480203945-06603723591,omid:br/06480203945,omid:br/06603723591
oci:06480203945-06160394543,omid:br/06480203945,omid:br/06160394543
oci:06480203945-062601692193,omid:br/06480203945,omid:br/062601692193
oci:06480204177-061601136871,omid:br/06480204177,omid:br/061601136871
oci:06480204177-06190857102,omid:br/06480204177,omid:br/06190857102
oci:06480204211-0621085165,omid:br/06480204211,omid:br/0621085165
oci:06480204211-0653024340,omid:br/06480204211,omid:br/0653024340
oci:06520198517-062201282809,omid:br/06520198517,omid:br/062201282809
oci:06520198517-06130989344,omid:br/06520198517,omid:br/06130989344
oci:06480203268-06390227365,omid:br/06480203268,omid:br/06390227365
oci:06520198597-06120912615,omid:br/06520198597,omid:br/06120912615
oci:06520198597-062082678,omid:br/06520198597,omid:br/062082678
oci:06520198597-061201125350,omid:br/06520198597,omid:br/061201125350
oci:06520198597-061603639621,omid:br/06520198597,omid:br/061603639621
oci:06520198597-061101420874,omid:br/06520198597,omid:br/061101420874
oci:06480204233-0615084350,omid:br/06480204233,omid:br/0615084350
oci:06480203498-06190488539,omid:br/06480203498,omid:br/06190488539
oci:06480203498-06170350599,omid:br/06480203498,omid:br/06170350599
oci:06480203498-061303628175,omid:br/06480203498,omid:br/061303628175
oci:06480203498-061103523100,omid:br/06480203498,omid:br/061103523100
oci:06480203498-061402856399,omid:br/06480203498,omid:br/061402856399
oci:06480203498-061403300398,omid:br/06480203498,omid:br/061403300398
oci:06480203498-0630623821,omid:br/06480203498,omid:br/0630623821
oci:06480203498-06170616126,omid:br/06480203498,omid:br/06170616126
oci:06480203498-061202595935,omid:br/06480203498,omid:br/061202595935
oci:06480203498-06504141807,omid:br/06480203498,omid:br/06504141807
oci:06480203498-0621077746,omid:br/06480203498,omid:br/0621077746
oci:06480203600-06520198220,omid:br/06480203600,omid:br/06520198220
oci:06480203600-0625077352,omid:br/06480203600,omid:br/0625077352
oci:06480203600-06250985024,omid:br/06480203600,omid:br/06250985024
oci:06480203600-062601151107,omid:br/06480203600,omid:br/062601151107
oci:06480204234-06901389648,omid:br/06480204234,omid:br/06901389648
oci:06480204234-06604043083,omid:br/06480204234,omid:br/06604043083
oci:06480204234-062603822227,omid:br/06480204234,omid:br/062603822227
oci:06480204234-061702697465,omid:br/06480204234,omid:br/061702697465
oci:06480204234-0670991651,omid:br/06480204234,omid:br/0670991651
oci:06480204234-061601580056,omid:br/06480204234,omid:br/061601580056
oci:06480204234-062101567266,omid:br/06480204234,omid:br/062101567266
oci:06480203300-068090171,omid:br/06480203300,omid:br/068090171
oci:06520198553-0620357007,omid:br/06520198553,omid:br/0620357007
oci:06520198553-06701040572,omid:br/06520198553,omid:br/06701040572
oci:06520198553-062103306036,omid:br/06520198553,omid:br/062103306036
oci:06520198553-06480203270,omid:br/06520198553,omid:br/06480203270
oci:06480204224-06120912667,omid:br/06480204224,omid:br/06120912667
oci:06480204224-06170925291,omid:br/06480204224,omid:br/06170925291
oci:06480204224-06170616297,omid:br/06480204224,omid:br/06170616297
oci:06480203872-06180618317,omid:br/06480203872,omid:br/06180618317
oci:06480203872-06210616557,omid:br/06480203872,omid:br/06210616557
oci:06480203872-061503059766,omid:br/06480203872,omid:br/061503059766
oci:06480203872-062203613677,omid:br/06480203872,omid:br/062203613677
oci:06480203872-062104227049,omid:br/06480203872,omid:br/062104227049
oci:06480203872-061101131779,omid:br/06480203872,omid:br/061101131779
oci:06480203872-06704040461,omid:br/06480203872,omid:br/06704040461
oci:06480203872-06201134550,omid:br/06480203872,omid:br/06201134550
oci:06480203872-061901268964,omid:br/06480203872,omid:br/061901268964
oci:06480203872-061501267246,omid:br/06480203872,omid:br/061501267246
oci:06480203872-06130261540,omid:br/06480203872,omid:br/06130261540
oci:06480203872-061501137939,omid:br/06480203872,omid:br/061501137939
oci:06480203481-061902706535,omid:br/06480203481,omid:br/061902706535
oci:06480203481-06180838179,omid:br/06480203481,omid:br/06180838179
oci:06480203481-06120830502,omid:br/06480203481,omid:br/06120830502
oci:06480203481-06140814627,omid:br/06480203481,omid:br/06140814627
oci:06480203481-06101702077,omid:br/06480203481,omid:br/06101702077
oci:06480203481-0616090266,omid:br/06480203481,omid:br/0616090266
oci:06480203481-061803056189,omid:br/06480203481,omid:br/061803056189
oci:06480204150-068089102,omid:br/06480204150,omid:br/068089102
oci:06480204150-066084948,omid:br/06480204150,omid:br/066084948
oci:06480204150-069090759,omid:br/06480204150,omid:br/069090759
oci:06520198524-06801110952,omid:br/06520198524,omid:br/06801110952
oci:06520198524-061601249645,omid:br/06520198524,omid:br/061601249645
oci:06480203315-06303161130,omid:br/06480203315,omid:br/06303161130
oci:06480203914-06520295901,omid:br/06480203914,omid:br/06520295901
oci:06480203914-06250864675,omid:br/06480203914,omid:br/06250864675
oci:06480203914-06801175757,omid:br/06480203914,omid:br/06801175757
oci:06480204206-061401525384,omid:br/06480204206,omid:br/061401525384
oci:06480204206-0621086115,omid:br/06480204206,omid:br/0621086115
oci:06480204206-061601234402,omid:br/06480204206,omid:br/061601234402
oci:06480204206-061101236329,omid:br/06480204206,omid:br/061101236329
oci:06480204206-065082711,omid:br/06480204206,omid:br/065082711
oci:06480203873-06302196807,omid:br/06480203873,omid:br/06302196807
oci:06480203873-061701134837,omid:br/06480203873,omid:br/061701134837
oci:06480203873-061403300633,omid:br/06480203873,omid:br/061403300633
oci:06480203873-06180617385,omid:br/06480203873,omid:br/06180617385
oci:06480204245-06190998864,omid:br/06480204245,omid:br/06190998864
oci:06480204245-0626097665,omid:br/06480204245,omid:br/0626097665
oci:06480203502-0650530934,omid:br/06480203502,omid:br/0650530934
oci:06480203502-0650530262,omid:br/06480203502,omid:br/0650530262
oci:06480203502-0621077667,omid:br/06480203502,omid:br/0621077667
oci:06480203502-06501145120,omid:br/06480203502,omid:br/06501145120
oci:06480203502-06401144691,omid:br/06480203502,omid:br/06401144691
oci:06480203502-06501049193,omid:br/06480203502,omid:br/06501049193
oci:06480203502-06903343196,omid:br/06480203502,omid:br/06903343196
oci:06480203502-061403274456,omid:br/06480203502,omid:br/061403274456
oci:06520198556-06520198548,omid:br/06520198556,omid:br/06520198548
oci:06480203883-06801139314,omid:br/06480203883,omid:br/06801139314
oci:06480203307-06240348858,omid:br/06480203307,omid:br/06240348858
oci:06480203307-0690493744,omid:br/06480203307,omid:br/0690493744
oci:06480203307-06120351093,omid:br/06480203307,omid:br/06120351093
oci:06480203307-06503487149,omid:br/06480203307,omid:br/06503487149
oci:06480203538-0620981377,omid:br/06480203538,omid:br/0620981377
oci:06480203538-061402750791,omid:br/06480203538,omid:br/061402750791
oci:06480203538-06160265889,omid:br/06480203538,omid:br/06160265889
oci:06480203538-0620981645,omid:br/06480203538,omid:br/0620981645
oci:06480203538-06104080932,omid:br/06480203538,omid:br/06104080932
oci:06480203538-061403300864,omid:br/06480203538,omid:br/061403300864
oci:06480203538-061801508729,omid:br/06480203538,omid:br/061801508729
oci:06480203538-06903343015,omid:br/06480203538,omid:br/06903343015
oci:06480203538-06120831156,omid:br/06480203538,omid:br/06120831156
oci:06520198588-061303952488,omid:br/06520198588,omid:br/061303952488
oci:06520198588-06404134068,omid:br/06520198588,omid:br/06404134068
oci:06520198588-061803053292,omid:br/06520198588,omid:br/061803053292
oci:06520198588-06170615208,omid:br/06520198588,omid:br/06170615208
oci:06520198588-06210742914,omid:br/06520198588,omid:br/06210742914
oci:06520198588-0670357258,omid:br/06520198588,omid:br/0670357258
oci:06520198588-06250355466,omid:br/06520198588,omid:br/06250355466
oci:06520198588-0650356800,omid:br/06520198588,omid:br/0650356800
oci:06520198588-06803899153,omid:br/06520198588,omid:br/06803899153
oci:06480203551-0610360521,omid:br/06480203551,omid:br/0610360521
oci:06480203551-061401216869,omid:br/06480203551,omid:br/061401216869
oci:06480203551-061401357053,omid:br/06480203551,omid:br/061401357053
oci:06480203551-061903508562,omid:br/06480203551,omid:br/061903508562
oci:06480203551-061402671818,omid:br/06480203551,omid:br/061402671818
oci:06480203551-06401386367,omid:br/06480203551,omid:br/06401386367
oci:06480203551-061101656435,omid:br/06480203551,omid:br/061101656435
oci:06480203587-0620613626,omid:br/06480203587,omid:br/0620613626
oci:06520198530-061903590916,omid:br/06520198530,omid:br/061903590916
oci:06480203479-0622072749,omid:br/06480203479,omid:br/0622072749
oci:06480203479-061401249007,omid:br/06480203479,omid:br/061401249007
oci:06480203479-062503642754,omid:br/06480203479,omid:br/062503642754
oci:06480203479-06190488539,omid:br/06480203479,omid:br/06190488539
oci:06480203479-061602257237,omid:br/06480203479,omid:br/061602257237
oci:06480203479-06180617434,omid:br/06480203479,omid:br/06180617434
oci:06480203479-062501677101,omid:br/06480203479,omid:br/062501677101
oci:06480203479-06903343125,omid:br/06480203479,omid:br/06903343125
oci:06520198604-061401121088,omid:br/06520198604,omid:br/061401121088
oci:06480203850-06402771213,omid:br/06480203850,omid:br/06402771213
oci:06480203850-06190108830,omid:br/06480203850,omid:br/06190108830
oci:06480203850-0620998591,omid:br/06480203850,omid:br/0620998591
oci:06480203850-0690454999,omid:br/06480203850,omid:br/0690454999
oci:06480203850-06240974985,omid:br/06480203850,omid:br/06240974985
oci:06480203850-06110613779,omid:br/06480203850,omid:br/06110613779
oci:06480203850-06140606018,omid:br/06480203850,omid:br/06140606018
oci:06480203850-0670365092,omid:br/06480203850,omid:br/0670365092
oci:06480203850-06501006954,omid:br/06480203850,omid:br/06501006954
oci:06480203850-061902781498,omid:br/06480203850,omid:br/061902781498
oci:06480203850-06402771271,omid:br/06480203850,omid:br/06402771271
oci:06480204195-061701389490,omid:br/06480204195,omid:br/061701389490
oci:06480204203-06804028586,omid:br/06480204203,omid:br/06804028586
oci:06520198581-061103725050,omid:br/06520198581,omid:br/061103725050
oci:06520198581-06503486982,omid:br/06520198581,omid:br/06503486982
oci:06520198581-06160354417,omid:br/06520198581,omid:br/06160354417
oci:06520198581-062302124961,omid:br/06520198581,omid:br/062302124961
oci:06520198581-06104195579,omid:br/06520198581,omid:br/06104195579
oci:06520198603-06150487287,omid:br/06520198603,omid:br/06150487287
oci:06520198603-06903080166,omid:br/06520198603,omid:br/06903080166
oci:06520198603-062502119287,omid:br/06520198603,omid:br/062502119287
oci:06520198603-061303952492,omid:br/06520198603,omid:br/061303952492
oci:06480203468-0690624124,omid:br/06480203468,omid:br/0690624124
oci:06480203468-06501049277,omid:br/06480203468,omid:br/06501049277
oci:06480203468-06903342900,omid:br/06480203468,omid:br/06903342900
oci:06520198615-061102137287,omid:br/06520198615,omid:br/061102137287
oci:06520198615-06170699056,omid:br/06520198615,omid:br/06170699056
oci:06520198615-06403166632,omid:br/06520198615,omid:br/06403166632
oci:06520198615-0690624388,omid:br/06520198615,omid:br/0690624388
oci:06480203880-06110491044,omid:br/06480203880,omid:br/06110491044
oci:06480203880-0680362919,omid:br/06480203880,omid:br/0680362919
oci:06480203880-0630244237,omid:br/06480203880,omid:br/0630244237
oci:06480203880-0653044500,omid:br/06480203880,omid:br/0653044500
oci:06480203880-06160999424,omid:br/06480203880,omid:br/06160999424
oci:06480203626-062503658782,omid:br/06480203626,omid:br/062503658782
oci:06480203626-068090112,omid:br/06480203626,omid:br/068090112
oci:06480203626-0630732368,omid:br/06480203626,omid:br/0630732368
oci:06480203626-062202415272,omid:br/06480203626,omid:br/062202415272
oci:06480203626-06210180164,omid:br/06480203626,omid:br/06210180164
oci:06480203626-061703300881,omid:br/06480203626,omid:br/061703300881
oci:06480203626-0625081522,omid:br/06480203626,omid:br/0625081522
oci:06480203626-06140897999,omid:br/06480203626,omid:br/06140897999
oci:06480203626-061803037040,omid:br/06480203626,omid:br/061803037040
oci:06480203626-0690723165,omid:br/06480203626,omid:br/0690723165
oci:06480203626-062202415137,omid:br/06480203626,omid:br/062202415137
oci:06480203626-062602444000,omid:br/06480203626,omid:br/062602444000
oci:06480203626-066084922,omid:br/06480203626,omid:br/066084922
oci:06480204187-06230535735,omid:br/06480204187,omid:br/06230535735
oci:06520198586-0680718298,omid:br/06520198586,omid:br/0680718298
oci:06520198586-061703065800,omid:br/06520198586,omid:br/061703065800
oci:06520198586-0680718234,omid:br/06520198586,omid:br/0680718234
oci:06520198586-062403051531,omid:br/06520198586,omid:br/062403051531
oci:06520198586-062403636455,omid:br/06520198586,omid:br/062403636455
oci:06520198586-06220480383,omid:br/06520198586,omid:br/06220480383
oci:06520198586-062503563116,omid:br/06520198586,omid:br/062503563116
oci:06520198586-0680718578,omid:br/06520198586,omid:br/0680718578
oci:06520198586-06201754583,omid:br/06520198586,omid:br/06201754583
oci:06520198586-0690723121,omid:br/06520198586,omid:br/0690723121
oci:06520198586-0670712549,omid:br/06520198586,omid:br/0670712549
oci:06520198586-061903590916,omid:br/06520198586,omid:br/061903590916
oci:06520198586-0680718281,omid:br/06520198586,omid:br/0680718281
oci:06520198586-06120702933,omid:br/06520198586,omid:br/06120702933
oci:06520198586-06201707512,omid:br/06520198586,omid:br/06201707512
oci:06520198586-0670712480,omid:br/06520198586,omid:br/0670712480
oci:06520198586-0690723425,omid:br/06520198586,omid:br/0690723425
oci:06480203574-06480203259,omid:br/06480203574,omid:br/06480203259
oci:06480203574-06480203958,omid:br/06480203574,omid:br/06480203958
oci:06520198526-06702489634,omid:br/06520198526,omid:br/06702489634
oci:06520198526-0624080027,omid:br/06520198526,omid:br/0624080027
oci:06520198526-062203648942,omid:br/06520198526,omid:br/062203648942
oci:06520198528-06101408254,omid:br/06520198528,omid:br/06101408254
oci:06520198528-061901390185,omid:br/06520198528,omid:br/061901390185
oci:06520198589-06440202765,omid:br/06520198589,omid:br/06440202765
oci:06480203863-061901133894,omid:br/06480203863,omid:br/061901133894
oci:06480203863-06801134097,omid:br/06480203863,omid:br/06801134097
oci:06480203863-061501268052,omid:br/06480203863,omid:br/061501268052
oci:06480203863-061301127243,omid:br/06480203863,omid:br/061301127243
oci:06480203863-061201122283,omid:br/06480203863,omid:br/061201122283
oci:06480203863-06501142971,omid:br/06480203863,omid:br/06501142971
oci:06480203606-06501391837,omid:br/06480203606,omid:br/06501391837
oci:06480203606-068090112,omid:br/06480203606,omid:br/068090112
oci:06480203606-06704021749,omid:br/06480203606,omid:br/06704021749
oci:06480203606-061503646125,omid:br/06480203606,omid:br/061503646125
oci:06480203606-069088358,omid:br/06480203606,omid:br/069088358
oci:06480204193-06160356325,omid:br/06480204193,omid:br/06160356325
oci:06480204193-0620832162,omid:br/06480204193,omid:br/0620832162
oci:06480204193-06201112398,omid:br/06480204193,omid:br/06201112398
oci:06480204193-06702489659,omid:br/06480204193,omid:br/06702489659
oci:06480204193-06210986232,omid:br/06480204193,omid:br/06210986232
oci:06480204193-0640533663,omid:br/06480204193,omid:br/0640533663
oci:06480204193-06120984500,omid:br/06480204193,omid:br/06120984500
oci:06520198519-06140464276,omid:br/06520198519,omid:br/06140464276
oci:06520198519-06501466968,omid:br/06520198519,omid:br/06501466968
oci:06520198519-061303952463,omid:br/06520198519,omid:br/061303952463
oci:06520198519-062501123314,omid:br/06520198519,omid:br/062501123314
oci:06520198519-061203638578,omid:br/06520198519,omid:br/061203638578
oci:06520198519-062403645454,omid:br/06520198519,omid:br/062403645454
oci:06480204222-06410202496,omid:br/06480204222,omid:br/06410202496
oci:06480203936-061803277947,omid:br/06480203936,omid:br/061803277947
oci:06480203936-06101011905,omid:br/06480203936,omid:br/06101011905
oci:06480203936-06901666321,omid:br/06480203936,omid:br/06901666321
oci:06480203936-061103681521,omid:br/06480203936,omid:br/061103681521
oci:06480203936-06240974426,omid:br/06480203936,omid:br/06240974426
oci:06480203936-06150992762,omid:br/06480203936,omid:br/06150992762
oci:06480203936-061203663721,omid:br/06480203936,omid:br/061203663721
oci:06480203936-061203581692,omid:br/06480203936,omid:br/061203581692
oci:06480203936-06303476012,omid:br/06480203936,omid:br/06303476012
oci:06480203936-06230986939,omid:br/06480203936,omid:br/06230986939
oci:06480203936-0650364666,omid:br/06480203936,omid:br/0650364666
oci:06480203476-06303015602,omid:br/06480203476,omid:br/06303015602
oci:06480203476-06803908199,omid:br/06480203476,omid:br/06803908199
oci:06480203476-061202595090,omid:br/06480203476,omid:br/061202595090
oci:06480203476-06403114526,omid:br/06480203476,omid:br/06403114526
oci:06480203476-066099294,omid:br/06480203476,omid:br/066099294
oci:06480203476-06140918909,omid:br/06480203476,omid:br/06140918909
oci:06480203476-06303015641,omid:br/06480203476,omid:br/06303015641
oci:06480203476-06150928991,omid:br/06480203476,omid:br/06150928991
oci:06480203476-06150929092,omid:br/06480203476,omid:br/06150929092
oci:06480203476-06403020424,omid:br/06480203476,omid:br/06403020424
oci:06480203476-061703045785,omid:br/06480203476,omid:br/061703045785
oci:06480203476-06140919589,omid:br/06480203476,omid:br/06140919589
oci:06480203476-061202595943,omid:br/06480203476,omid:br/061202595943
oci:06480203476-061801064845,omid:br/06480203476,omid:br/061801064845
oci:06480203476-06403113862,omid:br/06480203476,omid:br/06403113862
oci:06480203476-061801065207,omid:br/06480203476,omid:br/061801065207
oci:06480203476-061503713287,omid:br/06480203476,omid:br/061503713287
oci:06480203476-06303015503,omid:br/06480203476,omid:br/06303015503
oci:06480203476-061202595173,omid:br/06480203476,omid:br/061202595173
oci:06480203476-06902620966,omid:br/06480203476,omid:br/06902620966
oci:06480203476-06103222323,omid:br/06480203476,omid:br/06103222323
oci:06480203476-062203744077,omid:br/06480203476,omid:br/062203744077
oci:06480203476-061303760298,omid:br/06480203476,omid:br/061303760298
oci:06480203476-061601017451,omid:br/06480203476,omid:br/061601017451
oci:06480203476-061102611486,omid:br/06480203476,omid:br/061102611486
oci:06480203476-06703091116,omid:br/06480203476,omid:br/06703091116
oci:06480203476-06903651181,omid:br/06480203476,omid:br/06903651181
oci:06480203476-06504134762,omid:br/06480203476,omid:br/06504134762
oci:06480203476-061202595401,omid:br/06480203476,omid:br/061202595401
oci:06480203476-061202595450,omid:br/06480203476,omid:br/061202595450
oci:06480203476-061203050961,omid:br/06480203476,omid:br/061203050961
oci:06480203476-06902620988,omid:br/06480203476,omid:br/06902620988
oci:06480203476-06303015674,omid:br/06480203476,omid:br/06303015674
oci:06480203476-06403020392,omid:br/06480203476,omid:br/06403020392
oci:06520198570-061201125371,omid:br/06520198570,omid:br/061201125371
oci:06520198570-06902150617,omid:br/06520198570,omid:br/06902150617
oci:06520198570-06250610336,omid:br/06520198570,omid:br/06250610336
oci:06520198570-062102120528,omid:br/06520198570,omid:br/062102120528
oci:06520198570-06180486792,omid:br/06520198570,omid:br/06180486792
oci:06520198570-06170844204,omid:br/06520198570,omid:br/06170844204
oci:06520198570-06180837466,omid:br/06520198570,omid:br/06180837466
oci:06520198570-062503633279,omid:br/06520198570,omid:br/062503633279
oci:06520198570-06170844667,omid:br/06520198570,omid:br/06170844667
oci:06520198570-061303952480,omid:br/06520198570,omid:br/061303952480
oci:06520198570-06190843281,omid:br/06520198570,omid:br/06190843281
oci:06520198570-06180617706,omid:br/06520198570,omid:br/06180617706
oci:06520198570-06160591097,omid:br/06520198570,omid:br/06160591097
oci:06520198570-06702489634,omid:br/06520198570,omid:br/06702489634
oci:06520198570-06210616557,omid:br/06520198570,omid:br/06210616557
oci:06520198570-062603598803,omid:br/06520198570,omid:br/062603598803
oci:06520198570-061303952481,omid:br/06520198570,omid:br/061303952481
oci:06520198570-0631027576,omid:br/06520198570,omid:br/0631027576
oci:06520198570-06140836166,omid:br/06520198570,omid:br/06140836166
oci:06520198570-061603640962,omid:br/06520198570,omid:br/061603640962
oci:06520198570-0650621164,omid:br/06520198570,omid:br/0650621164
oci:06520198570-061303952482,omid:br/06520198570,omid:br/061303952482
oci:06520198570-0629025525,omid:br/06520198570,omid:br/0629025525
oci:06520198570-06160844716,omid:br/06520198570,omid:br/06160844716
oci:06520198568-061303952475,omid:br/06520198568,omid:br/061303952475
oci:06520198568-061303952476,omid:br/06520198568,omid:br/061303952476
oci:06520198568-0604838108,omid:br/06520198568,omid:br/0604838108
oci:06520198568-061303952477,omid:br/06520198568,omid:br/061303952477
oci:06520198568-061303952478,omid:br/06520198568,omid:br/061303952478
oci:06520198568-061403638668,omid:br/06520198568,omid:br/061403638668
oci:06520198568-061403661092,omid:br/06520198568,omid:br/061403661092
oci:06520198544-06220348853,omid:br/06520198544,omid:br/06220348853
oci:06520198544-0680849228,omid:br/06520198544,omid:br/0680849228
oci:06520198544-06140947236,omid:br/06520198544,omid:br/06140947236
oci:06520198544-06803513812,omid:br/06520198544,omid:br/06803513812
oci:06520198544-064081225,omid:br/06520198544,omid:br/064081225
oci:06520198544-061501137403,omid:br/06520198544,omid:br/061501137403
oci:06520198544-0620530197,omid:br/06520198544,omid:br/0620530197
oci:06520198544-06140521526,omid:br/06520198544,omid:br/06140521526
oci:06520198544-061303952466,omid:br/06520198544,omid:br/061303952466
oci:06480203906-06110490896,omid:br/06480203906,omid:br/06110490896
oci:06480203906-06403480146,omid:br/06480203906,omid:br/06403480146
oci:06480203906-06480203461,omid:br/06480203906,omid:br/06480203461
oci:06480203906-06480203455,omid:br/06480203906,omid:br/06480203455
oci:06480203906-062102737558,omid:br/06480203906,omid:br/062102737558
oci:06480203906-062303049623,omid:br/06480203906,omid:br/062303049623
oci:06480203906-0660248463,omid:br/06480203906,omid:br/0660248463
oci:06480203906-06160998789,omid:br/06480203906,omid:br/06160998789
oci:06480203906-06250166105,omid:br/06480203906,omid:br/06250166105
oci:06480203906-06901890087,omid:br/06480203906,omid:br/06901890087
oci:06480203906-06901405733,omid:br/06480203906,omid:br/06901405733
oci:06480203906-061401373895,omid:br/06480203906,omid:br/061401373895
oci:06480203906-0690855602,omid:br/06480203906,omid:br/0690855602
oci:06480203906-06901613769,omid:br/06480203906,omid:br/06901613769
oci:06480203906-06170997591,omid:br/06480203906,omid:br/06170997591
oci:06480203906-06170350849,omid:br/06480203906,omid:br/06170350849
oci:06480203906-06903744128,omid:br/06480203906,omid:br/06903744128
oci:06480203906-062403051936,omid:br/06480203906,omid:br/062403051936
oci:06520198583-064086409,omid:br/06520198583,omid:br/064086409
oci:06520198583-061601201399,omid:br/06520198583,omid:br/061601201399
oci:06520198583-062501674956,omid:br/06520198583,omid:br/062501674956
oci:06520198572-06803242733,omid:br/06520198572,omid:br/06803242733
oci:06520198572-06102162730,omid:br/06520198572,omid:br/06102162730
oci:06520198572-06480203299,omid:br/06520198572,omid:br/06480203299
oci:06520198572-06101149535,omid:br/06520198572,omid:br/06101149535
oci:06480203918-061603586253,omid:br/06480203918,omid:br/061603586253
oci:06480203918-06250481929,omid:br/06480203918,omid:br/06250481929
oci:06480203918-062603611132,omid:br/06480203918,omid:br/062603611132
oci:06480203918-06403476622,omid:br/06480203918,omid:br/06403476622
oci:06480203918-061501133155,omid:br/06480203918,omid:br/061501133155
oci:06480203918-062202117698,omid:br/06480203918,omid:br/062202117698
oci:06480203918-06504144506,omid:br/06480203918,omid:br/06504144506
oci:06480203918-061403710442,omid:br/06480203918,omid:br/061403710442
oci:06480203918-06304234254,omid:br/06480203918,omid:br/06304234254
oci:06480203918-06150822903,omid:br/06480203918,omid:br/06150822903
oci:06480203519-06170616297,omid:br/06480203519,omid:br/06170616297
oci:06480203519-068088205,omid:br/06480203519,omid:br/068088205
oci:06480203519-06520198309,omid:br/06480203519,omid:br/06520198309
oci:06480203519-06270227875,omid:br/06480203519,omid:br/06270227875
oci:06480204191-061803053616,omid:br/06480204191,omid:br/061803053616
oci:06480204191-06140521582,omid:br/06480204191,omid:br/06140521582
oci:06480204191-06150529046,omid:br/06480204191,omid:br/06150529046
oci:06480204191-06260370662,omid:br/06480204191,omid:br/06260370662
oci:06480204191-06150529013,omid:br/06480204191,omid:br/06150529013
oci:06480204191-06204032312,omid:br/06480204191,omid:br/06204032312
oci:06480204191-06220347362,omid:br/06480204191,omid:br/06220347362
oci:06480204191-06170935440,omid:br/06480204191,omid:br/06170935440
oci:06480204191-06160356745,omid:br/06480204191,omid:br/06160356745
oci:06480204191-06202420607,omid:br/06480204191,omid:br/06202420607
oci:06480204191-06104051483,omid:br/06480204191,omid:br/06104051483
oci:06480204191-061101580615,omid:br/06480204191,omid:br/061101580615
oci:06480204191-06140350354,omid:br/06480204191,omid:br/06140350354
oci:06480204191-0670528293,omid:br/06480204191,omid:br/0670528293
oci:06480204191-0650530904,omid:br/06480204191,omid:br/0650530904
oci:06480203591-06703507494,omid:br/06480203591,omid:br/06703507494
oci:06480203591-06803513685,omid:br/06480203591,omid:br/06803513685
oci:06480203591-0610361855,omid:br/06480203591,omid:br/0610361855
oci:06480203591-06803513764,omid:br/06480203591,omid:br/06803513764
oci:06480203591-06403526092,omid:br/06480203591,omid:br/06403526092
oci:06480203591-06403526925,omid:br/06480203591,omid:br/06403526925
oci:06480203591-06160714852,omid:br/06480203591,omid:br/06160714852
oci:06480203591-06903128853,omid:br/06480203591,omid:br/06903128853
oci:06480203591-0680718201,omid:br/06480203591,omid:br/0680718201
oci:06480203591-062503595039,omid:br/06480203591,omid:br/062503595039
oci:06480203591-06140610444,omid:br/06480203591,omid:br/06140610444
oci:06480203591-06303527018,omid:br/06480203591,omid:br/06303527018
oci:06480203591-061403040130,omid:br/06480203591,omid:br/061403040130
oci:06480203591-062601150833,omid:br/06480203591,omid:br/062601150833
oci:06480204189-06480203653,omid:br/06480204189,omid:br/06480203653
oci:06480204189-06480203667,omid:br/06480204189,omid:br/06480203667
oci:06480204189-061101135306,omid:br/06480204189,omid:br/061101135306
oci:06480204189-06190997824,omid:br/06480204189,omid:br/06190997824
oci:06480204189-0615084350,omid:br/06480204189,omid:br/0615084350
oci:06520198582-061303952485,omid:br/06520198582,omid:br/061303952485
oci:06480203582-061601654495,omid:br/06480203582,omid:br/061601654495
oci:06480203582-06902150372,omid:br/06480203582,omid:br/06902150372
oci:06480203582-06403527001,omid:br/06480203582,omid:br/06403527001
oci:06480203582-062501701992,omid:br/06480203582,omid:br/062501701992
oci:06480203582-0610428203,omid:br/06480203582,omid:br/0610428203
oci:06480203582-061101518107,omid:br/06480203582,omid:br/061101518107
oci:06480203582-06250611629,omid:br/06480203582,omid:br/06250611629
oci:06480203582-06201754998,omid:br/06480203582,omid:br/06201754998
oci:06480203582-061403484280,omid:br/06480203582,omid:br/061403484280
oci:06480203582-06140671782,omid:br/06480203582,omid:br/06140671782
oci:06480203582-06170224593,omid:br/06480203582,omid:br/06170224593
oci:06520198319-06190619710,omid:br/06520198319,omid:br/06190619710
oci:06520198319-06203162639,omid:br/06520198319,omid:br/06203162639
oci:06520198609-06250607910,omid:br/06520198609,omid:br/06250607910
oci:06520198609-061303952493,omid:br/06520198609,omid:br/061303952493
oci:06520198609-061303952494,omid:br/06520198609,omid:br/061303952494
oci:06480204229-06220614890,omid:br/06480204229,omid:br/06220614890
oci:06480204229-061303629319,omid:br/06480204229,omid:br/061303629319
oci:06480204229-061802188228,omid:br/06480204229,omid:br/061802188228
oci:06480204229-062601599892,omid:br/06480204229,omid:br/062601599892
oci:06480204229-06140946830,omid:br/06480204229,omid:br/06140946830
oci:06520198543-064086409,omid:br/06520198543,omid:br/064086409
oci:06520198543-061601201399,omid:br/06520198543,omid:br/061601201399
oci:06520198543-062501674956,omid:br/06520198543,omid:br/062501674956
oci:06520198543-06480204030,omid:br/06520198543,omid:br/06480204030
oci:06520198543-06480203323,omid:br/06520198543,omid:br/06480203323
oci:06480204154-06140350065,omid:br/06480204154,omid:br/06140350065
oci:06480203866-062401662490,omid:br/06480203866,omid:br/062401662490
oci:06480203866-061103586535,omid:br/06480203866,omid:br/061103586535
oci:06480203866-06170165199,omid:br/06480203866,omid:br/06170165199
oci:06480203866-0670365346,omid:br/06480203866,omid:br/0670365346
oci:06480203866-06170165031,omid:br/06480203866,omid:br/06170165031
oci:06480203866-06240599808,omid:br/06480203866,omid:br/06240599808
oci:06480203866-061303636054,omid:br/06480203866,omid:br/061303636054
oci:06480203866-06601368830,omid:br/06480203866,omid:br/06601368830
oci:06480203866-0617098277,omid:br/06480203866,omid:br/0617098277
oci:06480203866-06230983364,omid:br/06480203866,omid:br/06230983364
oci:06520198228-06130479575,omid:br/06520198228,omid:br/06130479575
oci:06520198228-06201000789,omid:br/06520198228,omid:br/06201000789
oci:06520198228-06101149144,omid:br/06520198228,omid:br/06101149144
oci:06520198228-06801137518,omid:br/06520198228,omid:br/06801137518
oci:06520198228-06701278754,omid:br/06520198228,omid:br/06701278754
oci:06520198228-06401294808,omid:br/06520198228,omid:br/06401294808
oci:06480203864-061203496114,omid:br/06480203864,omid:br/061203496114
oci:06480203864-0622083369,omid:br/06480203864,omid:br/0622083369
oci:06480203864-0613086367,omid:br/06480203864,omid:br/0613086367
oci:06480203864-0670365200,omid:br/06480203864,omid:br/0670365200
oci:06480203864-06260102086,omid:br/06480203864,omid:br/06260102086
oci:06480203864-062303580032,omid:br/06480203864,omid:br/062303580032
oci:06480203864-0619090577,omid:br/06480203864,omid:br/0619090577
oci:06480203864-06701041460,omid:br/06480203864,omid:br/06701041460
oci:06480203864-06230203286,omid:br/06480203864,omid:br/06230203286
oci:06520198306-065081649,omid:br/06520198306,omid:br/065081649
oci:06480203857-06520198556,omid:br/06480203857,omid:br/06520198556
oci:06480203857-06520198238,omid:br/06480203857,omid:br/06520198238
oci:06480203857-06170616297,omid:br/06480203857,omid:br/06170616297
oci:06480203857-061403104361,omid:br/06480203857,omid:br/061403104361
oci:06480203594-06160990968,omid:br/06480203594,omid:br/06160990968
oci:06480203594-06103114517,omid:br/06480203594,omid:br/06103114517
oci:06480203594-062102430896,omid:br/06480203594,omid:br/062102430896
oci:06480203594-062401791298,omid:br/06480203594,omid:br/062401791298
oci:06480203594-062203034744,omid:br/06480203594,omid:br/062203034744
oci:06480203594-06404134021,omid:br/06480203594,omid:br/06404134021
oci:06480203594-06140981796,omid:br/06480203594,omid:br/06140981796
oci:06480203594-06190358188,omid:br/06480203594,omid:br/06190358188
oci:06480203594-0680717853,omid:br/06480203594,omid:br/0680717853
oci:06480203594-0640619973,omid:br/06480203594,omid:br/0640619973
oci:06480204188-0626097665,omid:br/06480204188,omid:br/0626097665
oci:06480204169-0670616833,omid:br/06480204169,omid:br/0670616833
oci:06480204169-06240605608,omid:br/06480204169,omid:br/06240605608
oci:06480204190-06602428594,omid:br/06480204190,omid:br/06602428594
oci:06480204190-06902069308,omid:br/06480204190,omid:br/06902069308
oci:06480204190-061501137803,omid:br/06480204190,omid:br/061501137803
oci:06480204190-061301131596,omid:br/06480204190,omid:br/061301131596
oci:06480204190-062101670039,omid:br/06480204190,omid:br/062101670039
oci:06480204190-06501531530,omid:br/06480204190,omid:br/06501531530
oci:06480204190-06110617883,omid:br/06480204190,omid:br/06110617883
oci:06520198238-06480204069,omid:br/06520198238,omid:br/06480204069
oci:06480203860-06104058749,omid:br/06480203860,omid:br/06104058749
oci:06480203860-06103483488,omid:br/06480203860,omid:br/06103483488
oci:06480203860-062503041401,omid:br/06480203860,omid:br/062503041401
oci:06480203860-061303694093,omid:br/06480203860,omid:br/061303694093
oci:06480203860-06903342964,omid:br/06480203860,omid:br/06903342964
oci:06480203860-065084992,omid:br/06480203860,omid:br/065084992
oci:06480203860-06130608791,omid:br/06480203860,omid:br/06130608791
oci:06480204181-06180351591,omid:br/06480204181,omid:br/06180351591
oci:06480204181-06801598955,omid:br/06480204181,omid:br/06801598955
oci:06480204207-0640620191,omid:br/06480204207,omid:br/0640620191
oci:06520198612-061102611363,omid:br/06520198612,omid:br/061102611363
oci:06520198612-06903078858,omid:br/06520198612,omid:br/06903078858
oci:06480203572-061101461398,omid:br/06480203572,omid:br/061101461398
oci:06480203572-06220613773,omid:br/06480203572,omid:br/06220613773
oci:06480203572-0610493784,omid:br/06480203572,omid:br/0610493784
oci:06480203572-0620832264,omid:br/06480203572,omid:br/0620832264
oci:06480203572-062302094128,omid:br/06480203572,omid:br/062302094128
oci:06480203572-0630834693,omid:br/06480203572,omid:br/0630834693
oci:06480203572-062603766357,omid:br/06480203572,omid:br/062603766357
oci:06480203572-0670828938,omid:br/06480203572,omid:br/0670828938
oci:06480203572-0650837901,omid:br/06480203572,omid:br/0650837901
oci:06520198246-06220241746,omid:br/06520198246,omid:br/06220241746
oci:06520198246-061202768753,omid:br/06520198246,omid:br/061202768753
oci:06520198246-0650355262,omid:br/06520198246,omid:br/0650355262
oci:06520198246-061501359867,omid:br/06520198246,omid:br/061501359867
oci:06520198246-061703956878,omid:br/06520198246,omid:br/061703956878
oci:06520198246-061703956879,omid:br/06520198246,omid:br/061703956879
oci:06480203889-061401408682,omid:br/06480203889,omid:br/061401408682
oci:06480203889-06150820248,omid:br/06480203889,omid:br/06150820248
oci:06480203889-062202113274,omid:br/06480203889,omid:br/062202113274
oci:06480203889-061203622289,omid:br/06480203889,omid:br/061203622289
oci:06480203889-06240350281,omid:br/06480203889,omid:br/06240350281
oci:06480203889-06402414762,omid:br/06480203889,omid:br/06402414762
oci:06480203889-06902620460,omid:br/06480203889,omid:br/06902620460
oci:06480203889-06260811177,omid:br/06480203889,omid:br/06260811177
oci:06480203889-062103793102,omid:br/06480203889,omid:br/062103793102
oci:06480203889-06303015648,omid:br/06480203889,omid:br/06303015648
oci:06480203889-062202112289,omid:br/06480203889,omid:br/062202112289
oci:06480203889-06602429615,omid:br/06480203889,omid:br/06602429615
oci:06480203889-06703091279,omid:br/06480203889,omid:br/06703091279
oci:06480203889-062602718874,omid:br/06480203889,omid:br/062602718874
oci:06480203889-061103137645,omid:br/06480203889,omid:br/061103137645
oci:06480203889-06210515971,omid:br/06480203889,omid:br/06210515971
oci:06480203925-061103512605,omid:br/06480203925,omid:br/061103512605
oci:06480203925-061203496114,omid:br/06480203925,omid:br/061203496114
oci:06480203925-062503308402,omid:br/06480203925,omid:br/062503308402
oci:06480203925-061403701689,omid:br/06480203925,omid:br/061403701689
oci:06480203925-0670617700,omid:br/06480203925,omid:br/0670617700
oci:06480203925-06190531461,omid:br/06480203925,omid:br/06190531461
oci:06480203925-06903814279,omid:br/06480203925,omid:br/06903814279
oci:06480203925-06104225566,omid:br/06480203925,omid:br/06104225566
oci:06480203925-06301758073,omid:br/06480203925,omid:br/06301758073
oci:06480203925-062079384,omid:br/06480203925,omid:br/062079384
oci:06480203925-0618080568,omid:br/06480203925,omid:br/0618080568
oci:06480203925-067090605,omid:br/06480203925,omid:br/067090605
oci:06480203925-061801575171,omid:br/06480203925,omid:br/061801575171
oci:06480203925-063079820,omid:br/06480203925,omid:br/063079820
oci:06480203925-061103579979,omid:br/06480203925,omid:br/061103579979
oci:06480203925-0616083016,omid:br/06480203925,omid:br/0616083016
oci:06480203925-0614084452,omid:br/06480203925,omid:br/0614084452
oci:06480203925-06150241807,omid:br/06480203925,omid:br/06150241807
oci:06480203925-06403997578,omid:br/06480203925,omid:br/06403997578
oci:06480203925-06903679819,omid:br/06480203925,omid:br/06903679819
oci:06480203925-062085614,omid:br/06480203925,omid:br/062085614
oci:06480203925-062503308038,omid:br/06480203925,omid:br/062503308038
oci:06480203925-066089291,omid:br/06480203925,omid:br/066089291
oci:06480203925-06903342979,omid:br/06480203925,omid:br/06903342979
oci:06480203925-061702701770,omid:br/06480203925,omid:br/061702701770
oci:06480203925-061103807344,omid:br/06480203925,omid:br/061103807344
oci:06480203925-06170349126,omid:br/06480203925,omid:br/06170349126
oci:06520198289-06601074974,omid:br/06520198289,omid:br/06601074974
oci:06520198289-06401078534,omid:br/06520198289,omid:br/06401078534
oci:06520198289-06801392878,omid:br/06520198289,omid:br/06801392878
oci:06520198289-061603991281,omid:br/06520198289,omid:br/061603991281
oci:06520198289-06520198590,omid:br/06520198289,omid:br/06520198590
oci:06520198289-06480203951,omid:br/06520198289,omid:br/06480203951
oci:06520198289-0640833525,omid:br/06520198289,omid:br/0640833525
oci:06520198289-062504124706,omid:br/06520198289,omid:br/062504124706
oci:06520198289-0680417171,omid:br/06520198289,omid:br/0680417171
oci:06520198531-061102137287,omid:br/06520198531,omid:br/061102137287
oci:06520198531-0690624388,omid:br/06520198531,omid:br/0690624388
oci:06520198531-06180618303,omid:br/06520198531,omid:br/06180618303
oci:06520198531-06170699056,omid:br/06520198531,omid:br/06170699056
oci:06520198531-06403166632,omid:br/06520198531,omid:br/06403166632
oci:06480203641-06120703516,omid:br/06480203641,omid:br/06120703516
oci:06480203641-062102120667,omid:br/06480203641,omid:br/062102120667
oci:06480203641-06404134110,omid:br/06480203641,omid:br/06404134110
oci:06480203641-06120176596,omid:br/06480203641,omid:br/06120176596
oci:06480203641-06702489639,omid:br/06480203641,omid:br/06702489639
oci:06480203641-0630623807,omid:br/06480203641,omid:br/0630623807
oci:06480203641-06150896624,omid:br/06480203641,omid:br/06150896624
oci:06480203641-06160898441,omid:br/06480203641,omid:br/06160898441
oci:06480203641-062603596477,omid:br/06480203641,omid:br/062603596477
oci:06480203641-06110618020,omid:br/06480203641,omid:br/06110618020
oci:06480203641-06160898738,omid:br/06480203641,omid:br/06160898738
oci:06480203641-06160898871,omid:br/06480203641,omid:br/06160898871
oci:06480203641-06110410309,omid:br/06480203641,omid:br/06110410309
oci:06480203641-06150896921,omid:br/06480203641,omid:br/06150896921
oci:06480203641-06170899932,omid:br/06480203641,omid:br/06170899932
oci:06480203641-0610624068,omid:br/06480203641,omid:br/0610624068
oci:06480203641-06250612336,omid:br/06480203641,omid:br/06250612336
oci:06480204173-06480204221,omid:br/06480204173,omid:br/06480204221
oci:06480204176-06401528114,omid:br/06480204176,omid:br/06401528114
oci:06480204176-06104232420,omid:br/06480204176,omid:br/06104232420
oci:06480204176-06104231980,omid:br/06480204176,omid:br/06104231980
oci:06480204176-064086431,omid:br/06480204176,omid:br/064086431
oci:06480204176-06401402479,omid:br/06480204176,omid:br/06401402479
oci:06480204176-061303629206,omid:br/06480204176,omid:br/061303629206
oci:06480204225-06250317808,omid:br/06480204225,omid:br/06250317808
oci:06480204225-06501696526,omid:br/06480204225,omid:br/06501696526
oci:06480204225-06170615916,omid:br/06480204225,omid:br/06170615916
oci:06520198555-064086409,omid:br/06520198555,omid:br/064086409
oci:06520198555-062501674956,omid:br/06520198555,omid:br/062501674956
oci:06520198555-06480203323,omid:br/06520198555,omid:br/06480203323
oci:06520198555-06480204030,omid:br/06520198555,omid:br/06480204030
oci:06520198555-06520198543,omid:br/06520198555,omid:br/06520198543
oci:06520198272-061703954273,omid:br/06520198272,omid:br/061703954273
oci:06520198272-062404056781,omid:br/06520198272,omid:br/062404056781
oci:06520198272-06304061444,omid:br/06520198272,omid:br/06304061444
oci:06520198272-06150903819,omid:br/06520198272,omid:br/06150903819
oci:06520198272-061401562495,omid:br/06520198272,omid:br/061401562495
oci:06520198272-061703775364,omid:br/06520198272,omid:br/061703775364
oci:06520198272-06604070286,omid:br/06520198272,omid:br/06604070286
oci:06480203874-06130668700,omid:br/06480203874,omid:br/06130668700
oci:06480203874-061203496114,omid:br/06480203874,omid:br/061203496114
oci:06480203874-061103512690,omid:br/06480203874,omid:br/061103512690
oci:06480203874-061103807344,omid:br/06480203874,omid:br/061103807344
oci:06480203874-06180660415,omid:br/06480203874,omid:br/06180660415
oci:06480203874-061801259959,omid:br/06480203874,omid:br/061801259959
oci:06480203874-06402482027,omid:br/06480203874,omid:br/06402482027
oci:06480203874-06704108522,omid:br/06480203874,omid:br/06704108522
oci:06480203874-062503764503,omid:br/06480203874,omid:br/062503764503
oci:06480203874-061603130455,omid:br/06480203874,omid:br/061603130455
oci:06480203874-06210354734,omid:br/06480203874,omid:br/06210354734
oci:06480203874-062302697923,omid:br/06480203874,omid:br/062302697923
oci:06480203874-062303036928,omid:br/06480203874,omid:br/062303036928
oci:06480203929-06903043146,omid:br/06480203929,omid:br/06903043146
oci:06480203929-062084320,omid:br/06480203929,omid:br/062084320
oci:06480203929-062501644993,omid:br/06480203929,omid:br/062501644993
oci:06480203929-0624077470,omid:br/06480203929,omid:br/0624077470
oci:06480203929-0640861126,omid:br/06480203929,omid:br/0640861126
oci:06480203929-06503956242,omid:br/06480203929,omid:br/06503956242
oci:06480203929-06903814196,omid:br/06480203929,omid:br/06903814196
oci:06480203929-06903814336,omid:br/06480203929,omid:br/06903814336
oci:06480203929-06903814461,omid:br/06480203929,omid:br/06903814461
oci:06480203929-06170349880,omid:br/06480203929,omid:br/06170349880
oci:06480203929-06120667424,omid:br/06480203929,omid:br/06120667424
oci:06480203929-06230952865,omid:br/06480203929,omid:br/06230952865
oci:06480203929-0621099593,omid:br/06480203929,omid:br/0621099593
oci:06480203929-06170350828,omid:br/06480203929,omid:br/06170350828
oci:06480203929-06230489535,omid:br/06480203929,omid:br/06230489535
oci:06480203929-06190357833,omid:br/06480203929,omid:br/06190357833
oci:06480203929-0617079836,omid:br/06480203929,omid:br/0617079836
oci:06480203929-061403701976,omid:br/06480203929,omid:br/061403701976
oci:06520198566-06480204238,omid:br/06520198566,omid:br/06480204238
oci:06520198566-06480204068,omid:br/06520198566,omid:br/06480204068
oci:06520198561-061102712609,omid:br/06520198561,omid:br/061102712609
oci:06520198561-06401264848,omid:br/06520198561,omid:br/06401264848
oci:06520198561-061703329528,omid:br/06520198561,omid:br/061703329528
oci:06480203562-061903593131,omid:br/06480203562,omid:br/061903593131
oci:06480203910-06170348641,omid:br/06480203910,omid:br/06170348641
oci:06480203910-061502701388,omid:br/06480203910,omid:br/061502701388
oci:06480203910-061101257168,omid:br/06480203910,omid:br/061101257168
oci:06480203910-061302041547,omid:br/06480203910,omid:br/061302041547
oci:06480203910-062302691786,omid:br/06480203910,omid:br/062302691786
oci:06480203910-062302691702,omid:br/06480203910,omid:br/062302691702
oci:06520198308-068090171,omid:br/06520198308,omid:br/068090171
oci:06480204209-06480204173,omid:br/06480204209,omid:br/06480204173
oci:06480204209-06480204221,omid:br/06480204209,omid:br/06480204221
oci:06480204162-06520198511,omid:br/06480204162,omid:br/06520198511
oci:06480204162-06520198504,omid:br/06480204162,omid:br/06520198504
oci:06480204162-068090171,omid:br/06480204162,omid:br/068090171
oci:06480204162-061601546665,omid:br/06480204162,omid:br/061601546665
oci:06480204162-06601004342,omid:br/06480204162,omid:br/06601004342
oci:06480204162-062301050378,omid:br/06480204162,omid:br/062301050378
oci:06480203947-062303038085,omid:br/06480203947,omid:br/062303038085
oci:06480203947-063801525,omid:br/06480203947,omid:br/063801525
oci:06480203947-062403564327,omid:br/06480203947,omid:br/062403564327
oci:06480203947-06903814279,omid:br/06480203947,omid:br/06903814279
oci:06480203947-06501478902,omid:br/06480203947,omid:br/06501478902
oci:06480203947-061203496114,omid:br/06480203947,omid:br/061203496114
oci:06480203947-061203496163,omid:br/06480203947,omid:br/061203496163
oci:06480203947-06903813990,omid:br/06480203947,omid:br/06903813990
oci:06480203947-062303036928,omid:br/06480203947,omid:br/062303036928
oci:06480203947-0613086367,omid:br/06480203947,omid:br/0613086367
oci:06480203947-06903651877,omid:br/06480203947,omid:br/06903651877
oci:06480203947-0615088884,omid:br/06480203947,omid:br/0615088884
oci:06480203947-061403701689,omid:br/06480203947,omid:br/061403701689
oci:06480203947-061303508113,omid:br/06480203947,omid:br/061303508113
oci:06480203947-06170349126,omid:br/06480203947,omid:br/06170349126
oci:06480203947-062403560981,omid:br/06480203947,omid:br/062403560981
oci:06480203912-06803462363,omid:br/06480203912,omid:br/06803462363
oci:06480203912-0670617734,omid:br/06480203912,omid:br/0670617734
oci:061803569720-0680347301,omid:br/061803569720,omid:br/0680347301
oci:061803569720-061303952472,omid:br/061803569720,omid:br/061303952472
oci:06480203893-06101814199,omid:br/06480203893,omid:br/06101814199
oci:06480203893-062101364693,omid:br/06480203893,omid:br/062101364693
oci:06480203893-062082818,omid:br/06480203893,omid:br/062082818
oci:06480204183-062103596047,omid:br/06480204183,omid:br/062103596047
oci:06520198560-062302697336,omid:br/06520198560,omid:br/062302697336
oci:06520198560-06602614173,omid:br/06520198560,omid:br/06602614173
oci:06520198560-062103048866,omid:br/06520198560,omid:br/062103048866
oci:06520198560-0618083857,omid:br/06520198560,omid:br/0618083857
oci:06520198560-063079024,omid:br/06520198560,omid:br/063079024
oci:06520198560-062601229572,omid:br/06520198560,omid:br/062601229572
oci:06520198560-068090201,omid:br/06520198560,omid:br/068090201
oci:06520198560-061202695006,omid:br/06520198560,omid:br/061202695006
oci:06520198560-06260372390,omid:br/06520198560,omid:br/06260372390
oci:06520198560-062080989,omid:br/06520198560,omid:br/062080989
oci:06520198560-06603475291,omid:br/06520198560,omid:br/06603475291
oci:06520198560-06120984505,omid:br/06520198560,omid:br/06120984505
oci:06520198560-0615085397,omid:br/06520198560,omid:br/0615085397
oci:06520198560-061401631806,omid:br/06520198560,omid:br/061401631806
oci:06520198560-06130523341,omid:br/06520198560,omid:br/06130523341
oci:06520198560-061503623395,omid:br/06520198560,omid:br/061503623395
oci:06520198560-063078933,omid:br/06520198560,omid:br/063078933
oci:06520198560-068088565,omid:br/06520198560,omid:br/068088565
oci:06520198560-06220524432,omid:br/06520198560,omid:br/06220524432
oci:06480204218-06130989455,omid:br/06480204218,omid:br/06130989455
oci:06480204218-06520198512,omid:br/06480204218,omid:br/06520198512
oci:06480204218-06480203697,omid:br/06480204218,omid:br/06480203697
oci:06480203628-06140349058,omid:br/06480203628,omid:br/06140349058
oci:06480203628-0650619098,omid:br/06480203628,omid:br/0650619098
oci:06480203628-06301705293,omid:br/06480203628,omid:br/06301705293
oci:06480203628-06150350869,omid:br/06480203628,omid:br/06150350869
oci:06480203628-06340317029,omid:br/06480203628,omid:br/06340317029
oci:06480203805-062103679397,omid:br/06480203805,omid:br/062103679397
oci:06480203805-062301699151,omid:br/06480203805,omid:br/062301699151
oci:06480203805-061201731691,omid:br/06480203805,omid:br/061201731691
oci:06480203805-062401689104,omid:br/06480203805,omid:br/062401689104
oci:06480203805-06902894728,omid:br/06480203805,omid:br/06902894728
oci:06480203805-06704520379,omid:br/06480203805,omid:br/06704520379
oci:06480203805-062103073181,omid:br/06480203805,omid:br/062103073181
oci:06520198599-061403631454,omid:br/06520198599,omid:br/061403631454
oci:06520198599-06604043623,omid:br/06520198599,omid:br/06604043623
oci:06520198599-06480203978,omid:br/06520198599,omid:br/06480203978
oci:06520198599-062101640389,omid:br/06520198599,omid:br/062101640389
oci:06480203799-06902895452,omid:br/06480203799,omid:br/06902895452
oci:06480204212-06130153258,omid:br/06480204212,omid:br/06130153258
oci:06480203855-0636068401,omid:br/06480203855,omid:br/0636068401
oci:06480203855-0660860299,omid:br/06480203855,omid:br/0660860299
oci:06480203855-06110358016,omid:br/06480203855,omid:br/06110358016
oci:06480203855-06120347445,omid:br/06480203855,omid:br/06120347445
oci:06480203855-06120667151,omid:br/06480203855,omid:br/06120667151
oci:06480203852-06403907592,omid:br/06480203852,omid:br/06403907592
oci:06480203852-06250658976,omid:br/06480203852,omid:br/06250658976
oci:06480203852-061602137053,omid:br/06480203852,omid:br/061602137053
oci:06480203852-061702129824,omid:br/06480203852,omid:br/061702129824
oci:06480203852-0650991966,omid:br/06480203852,omid:br/0650991966
oci:06480203852-06250970715,omid:br/06480203852,omid:br/06250970715
oci:06480203852-061901375267,omid:br/06480203852,omid:br/061901375267
oci:06480203852-06702557433,omid:br/06480203852,omid:br/06702557433
oci:06480203852-06403114213,omid:br/06480203852,omid:br/06403114213
oci:06480203852-06190267352,omid:br/06480203852,omid:br/06190267352
oci:06480203852-062203743940,omid:br/06480203852,omid:br/062203743940
oci:06480203852-061602136773,omid:br/06480203852,omid:br/061602136773
oci:06480203609-0626097665,omid:br/06480203609,omid:br/0626097665
oci:06520198300-062101125817,omid:br/06520198300,omid:br/062101125817
oci:06520198300-061103656818,omid:br/06520198300,omid:br/061103656818
oci:06520198300-06190618675,omid:br/06520198300,omid:br/06190618675
oci:06480203793-062301699151,omid:br/06480203793,omid:br/062301699151
oci:06480203793-061103301948,omid:br/06480203793,omid:br/061103301948
oci:06480203793-06704520377,omid:br/06480203793,omid:br/06704520377
oci:06480203890-06903732901,omid:br/06480203890,omid:br/06903732901
oci:06480203890-06120352704,omid:br/06480203890,omid:br/06120352704
oci:06480203901-06703975642,omid:br/06480203901,omid:br/06703975642
oci:06480203566-068088205,omid:br/06480203566,omid:br/068088205
oci:06480204217-0614079866,omid:br/06480204217,omid:br/0614079866
oci:06480204217-06170616297,omid:br/06480204217,omid:br/06170616297
oci:06480204217-06501264769,omid:br/06480204217,omid:br/06501264769
oci:06480203891-06803985693,omid:br/06480203891,omid:br/06803985693
oci:06480203891-06303988855,omid:br/06480203891,omid:br/06303988855
oci:06480203891-06703975642,omid:br/06480203891,omid:br/06703975642
oci:06480203891-06420207931,omid:br/06480203891,omid:br/06420207931
oci:06520198251-0640620943,omid:br/06520198251,omid:br/0640620943
oci:06520198578-061601136839,omid:br/06520198578,omid:br/061601136839
oci:06480204165-061203639019,omid:br/06480204165,omid:br/061203639019
oci:06480204165-061403631235,omid:br/06480204165,omid:br/061403631235
oci:06480204165-06903078605,omid:br/06480204165,omid:br/06903078605
oci:06480204231-062102119824,omid:br/06480204231,omid:br/062102119824
oci:06480203644-061801378490,omid:br/06480203644,omid:br/061801378490
oci:06480203644-061301387195,omid:br/06480203644,omid:br/061301387195
oci:06480203938-061403702393,omid:br/06480203938,omid:br/061403702393
oci:06480203938-062203564757,omid:br/06480203938,omid:br/062203564757
oci:06480203938-0611094367,omid:br/06480203938,omid:br/0611094367
oci:06480203938-061701871821,omid:br/06480203938,omid:br/061701871821
oci:06480203938-06130482440,omid:br/06480203938,omid:br/06130482440
oci:06520198576-06220481740,omid:br/06520198576,omid:br/06220481740
oci:06520198576-0660486235,omid:br/06520198576,omid:br/0660486235
oci:06520198576-061803659947,omid:br/06520198576,omid:br/061803659947
oci:06520198576-061403631235,omid:br/06520198576,omid:br/061403631235
oci:06520198576-061201125357,omid:br/06520198576,omid:br/061201125357
oci:06520198576-06190487461,omid:br/06520198576,omid:br/06190487461
oci:06520198576-0640488542,omid:br/06520198576,omid:br/0640488542
oci:06520198576-061202057675,omid:br/06520198576,omid:br/061202057675
oci:06520198576-06603113413,omid:br/06520198576,omid:br/06603113413
oci:06520198576-061101461893,omid:br/06520198576,omid:br/061101461893
oci:06520198576-062602722663,omid:br/06520198576,omid:br/062602722663
oci:06520198576-062401319887,omid:br/06520198576,omid:br/062401319887
oci:06520198576-06101366016,omid:br/06520198576,omid:br/06101366016
oci:06480203865-062502223408,omid:br/06480203865,omid:br/062502223408
oci:06480203865-06201001022,omid:br/06480203865,omid:br/06201001022
oci:06480203865-06480203832,omid:br/06480203865,omid:br/06480203832
oci:06480204148-06480204178,omid:br/06480204148,omid:br/06480204178
oci:06480204161-061303592792,omid:br/06480204161,omid:br/061303592792
oci:06520198279-06140349058,omid:br/06520198279,omid:br/06140349058
oci:06520198279-06240749100,omid:br/06520198279,omid:br/06240749100
oci:06520198279-061203581692,omid:br/06520198279,omid:br/061203581692
oci:06480203814-06902895452,omid:br/06480203814,omid:br/06902895452
oci:06480203814-061303952471,omid:br/06480203814,omid:br/061303952471
oci:06480203758-061103740972,omid:br/06480203758,omid:br/061103740972
oci:06480203812-061401121586,omid:br/06480203812,omid:br/061401121586
oci:06480203812-06160265784,omid:br/06480203812,omid:br/06160265784
oci:06520198549-06220347279,omid:br/06520198549,omid:br/06220347279
oci:06520198549-061303610714,omid:br/06520198549,omid:br/061303610714
oci:06520198549-06801365604,omid:br/06520198549,omid:br/06801365604
oci:06520198549-06250340293,omid:br/06520198549,omid:br/06250340293
oci:06520198549-061102891226,omid:br/06520198549,omid:br/061102891226
oci:06520198549-061901648076,omid:br/06520198549,omid:br/061901648076
oci:06480203892-061103503302,omid:br/06480203892,omid:br/061103503302
oci:06480203892-06802633390,omid:br/06480203892,omid:br/06802633390
oci:06480203492-061302134051,omid:br/06480203492,omid:br/061302134051
oci:06480203492-061402114912,omid:br/06480203492,omid:br/061402114912
oci:06480203492-0660928027,omid:br/06480203492,omid:br/0660928027
oci:06480203492-062202222532,omid:br/06480203492,omid:br/062202222532
oci:06480204213-06520198462,omid:br/06480204213,omid:br/06520198462
oci:06480203529-0630732689,omid:br/06480203529,omid:br/0630732689
oci:06480204200-06140947177,omid:br/06480204200,omid:br/06140947177
oci:06480204200-062601599892,omid:br/06480204200,omid:br/062601599892
oci:06480204200-06804048180,omid:br/06480204200,omid:br/06804048180
oci:06480204200-061101135564,omid:br/06480204200,omid:br/061101135564
oci:06480204200-06901405739,omid:br/06480204200,omid:br/06901405739
oci:06480203642-06190933774,omid:br/06480203642,omid:br/06190933774
oci:06480203642-0616085417,omid:br/06480203642,omid:br/0616085417
oci:06480203642-06190997824,omid:br/06480203642,omid:br/06190997824
oci:06480203642-061401122345,omid:br/06480203642,omid:br/061401122345
oci:06480203642-0626097456,omid:br/06480203642,omid:br/0626097456
oci:06480203642-06230622632,omid:br/06480203642,omid:br/06230622632
oci:06480203642-0623087448,omid:br/06480203642,omid:br/0623087448
oci:06480203642-06240166293,omid:br/06480203642,omid:br/06240166293
oci:06480203642-0670496025,omid:br/06480203642,omid:br/0670496025
oci:06480204157-06430318509,omid:br/06480204157,omid:br/06430318509
oci:06480204157-06301793192,omid:br/06480204157,omid:br/06301793192
oci:06480204157-062602071738,omid:br/06480204157,omid:br/062602071738
oci:06480204157-062302124718,omid:br/06480204157,omid:br/062302124718
oci:06480204157-061085957,omid:br/06480204157,omid:br/061085957
oci:06480204157-06601138578,omid:br/06480204157,omid:br/06601138578
oci:06480203828-06520198309,omid:br/06480203828,omid:br/06520198309
oci:06480203465-062403654277,omid:br/06480203465,omid:br/062403654277
oci:06480203465-06901396831,omid:br/06480203465,omid:br/06901396831
oci:06480203465-06160926638,omid:br/06480203465,omid:br/06160926638
oci:06480203465-062403052305,omid:br/06480203465,omid:br/062403052305
oci:06480203832-06201001022,omid:br/06480203832,omid:br/06201001022
oci:06480203832-061201126961,omid:br/06480203832,omid:br/061201126961
oci:06480203832-0690351026,omid:br/06480203832,omid:br/0690351026
oci:06480203832-06102852846,omid:br/06480203832,omid:br/06102852846
oci:06480203932-061503059966,omid:br/06480203932,omid:br/061503059966
oci:06520198520-0680621800,omid:br/06520198520,omid:br/0680621800
oci:06520198520-06190619600,omid:br/06520198520,omid:br/06190619600
oci:06520198520-062303655615,omid:br/06520198520,omid:br/062303655615
oci:06520198520-06601001268,omid:br/06520198520,omid:br/06601001268
oci:06480204210-061303599079,omid:br/06480204210,omid:br/061303599079
oci:06480204210-064086431,omid:br/06480204210,omid:br/064086431
oci:06480204194-06150352371,omid:br/06480204194,omid:br/06150352371
oci:06480204194-061303700244,omid:br/06480204194,omid:br/061303700244
oci:06480204194-06110348223,omid:br/06480204194,omid:br/06110348223
oci:06480203769-06140987241,omid:br/06480203769,omid:br/06140987241
oci:06480203769-06203295616,omid:br/06480203769,omid:br/06203295616
oci:06480203769-0623086952,omid:br/06480203769,omid:br/0623086952
oci:06480203769-06601001662,omid:br/06480203769,omid:br/06601001662
oci:06480203769-061801368881,omid:br/06480203769,omid:br/061801368881
oci:06480203769-062203603536,omid:br/06480203769,omid:br/062203603536
oci:06480203769-061501575436,omid:br/06480203769,omid:br/061501575436
oci:06480203769-061402679972,omid:br/06480203769,omid:br/061402679972
oci:06480203565-0650621014,omid:br/06480203565,omid:br/0650621014
oci:06480203565-061501136857,omid:br/06480203565,omid:br/061501136857
oci:06480203565-06240479118,omid:br/06480203565,omid:br/06240479118
oci:06480203565-061303592942,omid:br/06480203565,omid:br/061303592942
oci:06480203565-06220930876,omid:br/06480203565,omid:br/06220930876
oci:06480203565-06250611733,omid:br/06480203565,omid:br/06250611733
oci:06480203565-06150487401,omid:br/06480203565,omid:br/06150487401
oci:06480203565-0610940659,omid:br/06480203565,omid:br/0610940659
oci:06480203752-06480203300,omid:br/06480203752,omid:br/06480203300
oci:06480203752-068090171,omid:br/06480203752,omid:br/068090171
oci:06480203752-061201126961,omid:br/06480203752,omid:br/061201126961
oci:06480203752-06190269886,omid:br/06480203752,omid:br/06190269886
oci:06480203752-0690351026,omid:br/06480203752,omid:br/0690351026
oci:06480203752-0640533650,omid:br/06480203752,omid:br/0640533650
oci:06480203752-06520198606,omid:br/06480203752,omid:br/06520198606
oci:06480203752-062502223408,omid:br/06480203752,omid:br/062502223408
oci:06480203645-0604838093,omid:br/06480203645,omid:br/0604838093
oci:06480203645-06604041803,omid:br/06480203645,omid:br/06604041803
oci:06480203645-06303161245,omid:br/06480203645,omid:br/06303161245
oci:06480203645-06304036557,omid:br/06480203645,omid:br/06304036557
oci:06480203645-06190701964,omid:br/06480203645,omid:br/06190701964
oci:06480203645-062401681790,omid:br/06480203645,omid:br/062401681790
oci:06480203645-0610539279,omid:br/06480203645,omid:br/0610539279
oci:06480203645-0612081004,omid:br/06480203645,omid:br/0612081004
oci:06480203645-06703141325,omid:br/06480203645,omid:br/06703141325
oci:06480203645-061603653307,omid:br/06480203645,omid:br/061603653307
oci:06480203645-061403644048,omid:br/06480203645,omid:br/061403644048
oci:06480203645-061503647658,omid:br/06480203645,omid:br/061503647658
oci:06480203645-061081856,omid:br/06480203645,omid:br/061081856
oci:06480203645-06402140047,omid:br/06480203645,omid:br/06402140047
oci:06480203645-06103174113,omid:br/06480203645,omid:br/06103174113
oci:06480203645-06403166632,omid:br/06480203645,omid:br/06403166632
oci:06520198558-062301692180,omid:br/06520198558,omid:br/062301692180
oci:06520198558-06301364702,omid:br/06520198558,omid:br/06301364702
oci:06520198558-062402227002,omid:br/06520198558,omid:br/062402227002
oci:06520198558-062503610729,omid:br/06520198558,omid:br/062503610729
oci:06520198558-06140347455,omid:br/06520198558,omid:br/06140347455
oci:06480204180-061502175075,omid:br/06480204180,omid:br/061502175075
oci:06480204180-06404023882,omid:br/06480204180,omid:br/06404023882
oci:06480203595-06150956911,omid:br/06480203595,omid:br/06150956911
oci:06480203595-06230358567,omid:br/06480203595,omid:br/06230358567
oci:06480203595-06804028415,omid:br/06480203595,omid:br/06804028415
oci:06480203595-06701575595,omid:br/06480203595,omid:br/06701575595
oci:06480203595-062301575059,omid:br/06480203595,omid:br/062301575059
oci:06480203595-06604041697,omid:br/06480203595,omid:br/06604041697
oci:06480203595-06160957101,omid:br/06480203595,omid:br/06160957101
oci:06480203595-06220949649,omid:br/06480203595,omid:br/06220949649
oci:06480203849-0638065128,omid:br/06480203849,omid:br/0638065128
oci:06480203849-06801139314,omid:br/06480203849,omid:br/06801139314
oci:06480203472-061801226313,omid:br/06480203472,omid:br/061801226313
oci:06480203472-0640447510,omid:br/06480203472,omid:br/0640447510
oci:06480203472-061601881539,omid:br/06480203472,omid:br/061601881539
oci:06480203472-06203951882,omid:br/06480203472,omid:br/06203951882
oci:06480203472-0616090037,omid:br/06480203472,omid:br/0616090037
oci:06480203472-062601392378,omid:br/06480203472,omid:br/062601392378
oci:06480203472-06303301194,omid:br/06480203472,omid:br/06303301194
oci:06480203472-0630487145,omid:br/06480203472,omid:br/0630487145
oci:06480203472-06801303282,omid:br/06480203472,omid:br/06801303282
oci:06480203472-0670472472,omid:br/06480203472,omid:br/0670472472
oci:06480203472-06130439657,omid:br/06480203472,omid:br/06130439657
oci:06480203472-06101724172,omid:br/06480203472,omid:br/06101724172
oci:06480203472-06190948073,omid:br/06480203472,omid:br/06190948073
oci:06480203472-0680486755,omid:br/06480203472,omid:br/0680486755
oci:06480203820-06250986275,omid:br/06480203820,omid:br/06250986275
oci:06480203820-065081649,omid:br/06480203820,omid:br/065081649
oci:06480203820-061303612813,omid:br/06480203820,omid:br/061303612813
oci:06520198391-0610766437,omid:br/06520198391,omid:br/0610766437
oci:06520198391-06150999293,omid:br/06520198391,omid:br/06150999293
oci:06520198391-0620353554,omid:br/06520198391,omid:br/0620353554
oci:06520198391-06110360333,omid:br/06520198391,omid:br/06110360333
oci:06520198391-0670124368,omid:br/06520198391,omid:br/0670124368
oci:06520198391-0611088942,omid:br/06520198391,omid:br/0611088942
oci:06520198391-06403480705,omid:br/06520198391,omid:br/06403480705
oci:06520198391-06404023882,omid:br/06520198391,omid:br/06404023882
oci:06520198391-06604043008,omid:br/06520198391,omid:br/06604043008
oci:06520198391-0680999055,omid:br/06520198391,omid:br/0680999055
oci:06520198391-061301421258,omid:br/06520198391,omid:br/061301421258
oci:06520198391-062502035423,omid:br/06520198391,omid:br/062502035423
oci:06520198391-06230981126,omid:br/06520198391,omid:br/06230981126
oci:06520198559-062601229572,omid:br/06520198559,omid:br/062601229572
oci:06520198559-062201696143,omid:br/06520198559,omid:br/062201696143
oci:06520198559-062101125600,omid:br/06520198559,omid:br/062101125600
oci:06520198559-0630932226,omid:br/06520198559,omid:br/0630932226
oci:06520198559-061802038370,omid:br/06520198559,omid:br/061802038370
oci:06480203726-061801534882,omid:br/06480203726,omid:br/061801534882
oci:06480203726-061703329114,omid:br/06480203726,omid:br/061703329114
oci:06480204163-061303952471,omid:br/06480204163,omid:br/061303952471
oci:06480203802-06520241535,omid:br/06480203802,omid:br/06520241535
oci:06480203802-06704520378,omid:br/06480203802,omid:br/06704520378
oci:06480203581-06110617346,omid:br/06480203581,omid:br/06110617346
oci:06480203581-06701244315,omid:br/06480203581,omid:br/06701244315
oci:06480203581-0650618994,omid:br/06480203581,omid:br/0650618994
oci:06480203581-061601137684,omid:br/06480203581,omid:br/061601137684
oci:06480203581-06110617459,omid:br/06480203581,omid:br/06110617459
oci:06480203581-06902150439,omid:br/06480203581,omid:br/06902150439
oci:06480203581-06190265316,omid:br/06480203581,omid:br/06190265316
oci:06480203581-0660620150,omid:br/06480203581,omid:br/0660620150
oci:06480203581-06260630705,omid:br/06480203581,omid:br/06260630705
oci:06480203581-061303592896,omid:br/06480203581,omid:br/061303592896
oci:06480203581-06502512499,omid:br/06480203581,omid:br/06502512499
oci:06520198601-0604334755,omid:br/06520198601,omid:br/0604334755
oci:06520198601-061601853367,omid:br/06520198601,omid:br/061601853367
oci:06520198601-061303952491,omid:br/06520198601,omid:br/061303952491
oci:06520198601-061401828212,omid:br/06520198601,omid:br/061401828212
oci:06480204152-061403631309,omid:br/06480204152,omid:br/061403631309
oci:06480204152-061403631702,omid:br/06480204152,omid:br/061403631702
oci:06520198592-06170996283,omid:br/06520198592,omid:br/06170996283
oci:06520198592-06902800858,omid:br/06520198592,omid:br/06902800858
oci:06520198592-062101126058,omid:br/06520198592,omid:br/062101126058
oci:06520198592-061303952489,omid:br/06520198592,omid:br/061303952489
oci:06480203834-06804181270,omid:br/06480203834,omid:br/06804181270
oci:06480203592-0670616625,omid:br/06480203592,omid:br/0670616625
oci:06480203592-06190356447,omid:br/06480203592,omid:br/06190356447
oci:06480203592-06110617916,omid:br/06480203592,omid:br/06110617916
oci:06480203592-06404039039,omid:br/06480203592,omid:br/06404039039
oci:06480203592-0690624627,omid:br/06480203592,omid:br/0690624627
oci:06480203592-06340317023,omid:br/06480203592,omid:br/06340317023
oci:06480203592-0690624052,omid:br/06480203592,omid:br/0690624052
oci:06480203592-0640488620,omid:br/06480203592,omid:br/0640488620
oci:06480204198-062502118961,omid:br/06480204198,omid:br/062502118961
oci:06480204198-0650621164,omid:br/06480204198,omid:br/0650621164
oci:06480204198-061501137909,omid:br/06480204198,omid:br/061501137909
oci:06480204198-061301131596,omid:br/06480204198,omid:br/061301131596
oci:06480204198-061303628860,omid:br/06480204198,omid:br/061303628860
oci:06480204198-062103306037,omid:br/06480204198,omid:br/062103306037
oci:06480204198-061601136871,omid:br/06480204198,omid:br/061601136871
oci:06480204198-06204085710,omid:br/06480204198,omid:br/06204085710
oci:06480204198-061703329136,omid:br/06480204198,omid:br/061703329136
oci:06480204198-06701040572,omid:br/06480204198,omid:br/06701040572
oci:06520198404-06240479370,omid:br/06520198404,omid:br/06240479370
oci:06520198404-06140990581,omid:br/06520198404,omid:br/06140990581
oci:06520198404-061701542664,omid:br/06520198404,omid:br/061701542664
oci:06520198404-06801387500,omid:br/06520198404,omid:br/06801387500
oci:06520198404-06230981146,omid:br/06520198404,omid:br/06230981146
oci:06520198404-06110998619,omid:br/06520198404,omid:br/06110998619
oci:06520198404-06210989096,omid:br/06520198404,omid:br/06210989096
oci:06520198404-06180613550,omid:br/06520198404,omid:br/06180613550
oci:06520198404-06104232420,omid:br/06520198404,omid:br/06104232420
oci:06520198404-06104231980,omid:br/06520198404,omid:br/06104231980
oci:06520198404-06480204176,omid:br/06520198404,omid:br/06480204176
oci:06480203683-061103620058,omid:br/06480203683,omid:br/061103620058
oci:06480203683-062601599206,omid:br/06480203683,omid:br/062601599206
oci:06480203683-06260633079,omid:br/06480203683,omid:br/06260633079
oci:06480203779-06801392398,omid:br/06480203779,omid:br/06801392398
oci:06480203779-06210987809,omid:br/06480203779,omid:br/06210987809
oci:06480203779-06230356907,omid:br/06480203779,omid:br/06230356907
oci:06480203779-0611089690,omid:br/06480203779,omid:br/0611089690
oci:06480203779-06220988808,omid:br/06480203779,omid:br/06220988808
oci:06480203779-061301386878,omid:br/06480203779,omid:br/061301386878
oci:06480203779-06170999110,omid:br/06480203779,omid:br/06170999110
oci:06480203779-06190998864,omid:br/06480203779,omid:br/06190998864
oci:06480203779-0612080926,omid:br/06480203779,omid:br/0612080926
oci:06480203779-06901005673,omid:br/06480203779,omid:br/06901005673
oci:06480203779-061201386119,omid:br/06480203779,omid:br/061201386119
oci:06480203779-06501408071,omid:br/06480203779,omid:br/06501408071
oci:06480203779-0626098597,omid:br/06480203779,omid:br/0626098597
oci:06480203779-067086962,omid:br/06480203779,omid:br/067086962
oci:06480203779-06701384174,omid:br/06480203779,omid:br/06701384174
oci:06480203779-06301003638,omid:br/06480203779,omid:br/06301003638
oci:06480203779-064084289,omid:br/06480203779,omid:br/064084289
oci:06480203779-06250986275,omid:br/06480203779,omid:br/06250986275
oci:06480203499-0619083873,omid:br/06480203499,omid:br/0619083873
oci:06480203499-06150992464,omid:br/06480203499,omid:br/06150992464
oci:06480203499-0670546485,omid:br/06480203499,omid:br/0670546485
oci:06480203499-061201164788,omid:br/06480203499,omid:br/061201164788
oci:06480203499-0616082608,omid:br/06480203499,omid:br/0616082608
oci:06480203499-06804057805,omid:br/06480203499,omid:br/06804057805
oci:06480203499-0650357627,omid:br/06480203499,omid:br/0650357627
oci:06480203499-06120608372,omid:br/06480203499,omid:br/06120608372
oci:06480203499-06170350852,omid:br/06480203499,omid:br/06170350852
oci:06480203499-062303837024,omid:br/06480203499,omid:br/062303837024
oci:06480203499-06160354346,omid:br/06480203499,omid:br/06160354346
oci:06480203499-06180355798,omid:br/06480203499,omid:br/06180355798
oci:06480203499-06204134244,omid:br/06480203499,omid:br/06204134244
oci:06480203499-06140672244,omid:br/06480203499,omid:br/06140672244
oci:06480203499-0690722989,omid:br/06480203499,omid:br/0690722989
oci:06480203499-061803516330,omid:br/06480203499,omid:br/061803516330
oci:06480203499-061203496137,omid:br/06480203499,omid:br/061203496137
oci:06480203499-062403051942,omid:br/06480203499,omid:br/062403051942
oci:06480203499-062303056100,omid:br/06480203499,omid:br/062303056100
oci:06480203677-062501188795,omid:br/06480203677,omid:br/062501188795
oci:06480203677-062201363498,omid:br/06480203677,omid:br/062201363498
oci:06480203677-061103663297,omid:br/06480203677,omid:br/061103663297
oci:06520198360-06180988615,omid:br/06520198360,omid:br/06180988615
oci:06520198360-06260628285,omid:br/06520198360,omid:br/06260628285
oci:06480203625-0625080120,omid:br/06480203625,omid:br/0625080120
oci:06480203625-0670911521,omid:br/06480203625,omid:br/0670911521
oci:06480203544-061101392034,omid:br/06480203544,omid:br/061101392034
oci:06480203544-061101132336,omid:br/06480203544,omid:br/061101132336
oci:06480203544-06150750290,omid:br/06480203544,omid:br/06150750290
oci:06480203765-06130261581,omid:br/06480203765,omid:br/06130261581
oci:06480203765-06140725864,omid:br/06480203765,omid:br/06140725864
oci:06480203765-061303718194,omid:br/06480203765,omid:br/061303718194
oci:06480203765-06804292706,omid:br/06480203765,omid:br/06804292706
oci:06480203765-06150733041,omid:br/06480203765,omid:br/06150733041
oci:06480203765-06804181270,omid:br/06480203765,omid:br/06804181270
oci:06480203778-061701542342,omid:br/06480203778,omid:br/061701542342
oci:06480203778-0690493753,omid:br/06480203778,omid:br/0690493753
oci:06480203778-06602423817,omid:br/06480203778,omid:br/06602423817
oci:06480203778-0680999398,omid:br/06480203778,omid:br/0680999398
oci:06480203778-06901005577,omid:br/06480203778,omid:br/06901005577
oci:06480203778-06501005804,omid:br/06480203778,omid:br/06501005804
oci:06480203778-061502702452,omid:br/06480203778,omid:br/061502702452
oci:06480203778-06110995280,omid:br/06480203778,omid:br/06110995280
oci:06520198569-0616086619,omid:br/06520198569,omid:br/0616086619
oci:06520198569-061203055932,omid:br/06520198569,omid:br/061203055932
oci:06520198569-062502686015,omid:br/06520198569,omid:br/062502686015
oci:06520198569-062102692211,omid:br/06520198569,omid:br/062102692211
oci:06520198569-06101591571,omid:br/06520198569,omid:br/06101591571
oci:06480204246-061203588093,omid:br/06480204246,omid:br/061203588093
oci:06480203541-061802044757,omid:br/06480203541,omid:br/061802044757
oci:06480203541-06204081956,omid:br/06480203541,omid:br/06204081956
oci:06480203541-06170169341,omid:br/06480203541,omid:br/06170169341
oci:06480203541-06301579096,omid:br/06480203541,omid:br/06301579096
oci:06480203541-061602233903,omid:br/06480203541,omid:br/061602233903
oci:06480203541-06430248484,omid:br/06480203541,omid:br/06430248484
oci:06480203541-0670472022,omid:br/06480203541,omid:br/0670472022
oci:06480203541-0660480734,omid:br/06480203541,omid:br/0660480734
oci:06480203541-061603054813,omid:br/06480203541,omid:br/061603054813
oci:06480203541-061101132336,omid:br/06480203541,omid:br/061101132336
oci:06480203541-061403759878,omid:br/06480203541,omid:br/061403759878
oci:06480203541-0660906249,omid:br/06480203541,omid:br/0660906249
oci:06480203541-062401103812,omid:br/06480203541,omid:br/062401103812
oci:06480203541-06801133629,omid:br/06480203541,omid:br/06801133629
oci:06480203541-061201122969,omid:br/06480203541,omid:br/061201122969
oci:06480203541-062401687483,omid:br/06480203541,omid:br/062401687483
oci:06480203541-06101723898,omid:br/06480203541,omid:br/06101723898
oci:06480203541-062302124987,omid:br/06480203541,omid:br/062302124987
oci:06480203541-0640447243,omid:br/06480203541,omid:br/0640447243
oci:06480203729-06480203294,omid:br/06480203729,omid:br/06480203294
oci:06480203729-0604838102,omid:br/06480203729,omid:br/0604838102
oci:06480203511-0615089033,omid:br/06480203511,omid:br/0615089033
oci:06480203511-0618082949,omid:br/06480203511,omid:br/0618082949
oci:06480203511-06203479179,omid:br/06480203511,omid:br/06203479179
oci:06480203511-06803465279,omid:br/06480203511,omid:br/06803465279
oci:06480203511-06203993420,omid:br/06480203511,omid:br/06203993420
oci:06480203511-0611094010,omid:br/06480203511,omid:br/0611094010
oci:06480203511-0612077767,omid:br/06480203511,omid:br/0612077767
oci:06480203511-0623086584,omid:br/06480203511,omid:br/0623086584
oci:06480203511-0616081828,omid:br/06480203511,omid:br/0616081828
oci:06480203511-06404133772,omid:br/06480203511,omid:br/06404133772
oci:06480203511-06701227770,omid:br/06480203511,omid:br/06701227770
oci:06480203511-06803975619,omid:br/06480203511,omid:br/06803975619
oci:06480203511-0615081508,omid:br/06480203511,omid:br/0615081508
oci:06480203511-06103132106,omid:br/06480203511,omid:br/06103132106
oci:06480203511-062603510975,omid:br/06480203511,omid:br/062603510975
oci:06480203558-06240166231,omid:br/06480203558,omid:br/06240166231
oci:06480203739-0604838102,omid:br/06480203739,omid:br/0604838102
oci:06480203739-06440203168,omid:br/06480203739,omid:br/06440203168
oci:06520198365-061303598884,omid:br/06520198365,omid:br/061303598884
oci:06520198365-06602423834,omid:br/06520198365,omid:br/06602423834
oci:06520198365-06104232575,omid:br/06520198365,omid:br/06104232575
oci:06520198365-061103828058,omid:br/06520198365,omid:br/061103828058
oci:06520198365-06903079391,omid:br/06520198365,omid:br/06903079391
oci:06520198365-0670992200,omid:br/06520198365,omid:br/0670992200
oci:06520198365-0680999193,omid:br/06520198365,omid:br/0680999193
oci:06520198365-061203612171,omid:br/06520198365,omid:br/061203612171
oci:06520198365-06201000558,omid:br/06520198365,omid:br/06201000558
oci:06520198365-06190998550,omid:br/06520198365,omid:br/06190998550
oci:06480203667-06190997824,omid:br/06480203667,omid:br/06190997824
oci:06520198535-06703459081,omid:br/06520198535,omid:br/06703459081
oci:06520198535-06502251856,omid:br/06520198535,omid:br/06502251856
oci:06520198535-062603082073,omid:br/06520198535,omid:br/062603082073
oci:06520198535-0690493951,omid:br/06520198535,omid:br/0690493951
oci:06520198535-06130351183,omid:br/06520198535,omid:br/06130351183
oci:06520198535-061303952465,omid:br/06520198535,omid:br/061303952465
oci:06480203846-062203373197,omid:br/06480203846,omid:br/062203373197
oci:06480203846-061903290367,omid:br/06480203846,omid:br/061903290367
oci:06480203846-06901005904,omid:br/06480203846,omid:br/06901005904
oci:06480203846-061801385640,omid:br/06480203846,omid:br/061801385640
oci:06480203846-06201395868,omid:br/06480203846,omid:br/06201395868
oci:06480203846-062101381786,omid:br/06480203846,omid:br/062101381786
oci:06480203846-06801392945,omid:br/06480203846,omid:br/06801392945
oci:06480203846-06401402208,omid:br/06480203846,omid:br/06401402208
oci:06520198290-06240802422,omid:br/06520198290,omid:br/06240802422
oci:06520198290-062201124287,omid:br/06520198290,omid:br/062201124287
oci:06520198290-06150617729,omid:br/06520198290,omid:br/06150617729
oci:06520198290-062401108811,omid:br/06520198290,omid:br/062401108811
oci:06520198290-06520198257,omid:br/06520198290,omid:br/06520198257
oci:06520198290-061703956884,omid:br/06520198290,omid:br/061703956884
oci:06480203478-06130260532,omid:br/06480203478,omid:br/06130260532
oci:06480203478-0630622334,omid:br/06480203478,omid:br/0630622334
oci:06480203478-06230490210,omid:br/06480203478,omid:br/06230490210
oci:06480203478-06703910125,omid:br/06480203478,omid:br/06703910125
oci:06480203478-061402750658,omid:br/06480203478,omid:br/061402750658
oci:06480203478-061702807688,omid:br/06480203478,omid:br/061702807688
oci:06480203478-0650618960,omid:br/06480203478,omid:br/0650618960
oci:06480203478-062502688434,omid:br/06480203478,omid:br/062502688434
oci:06480203478-061403569192,omid:br/06480203478,omid:br/061403569192
oci:06480203478-06190349717,omid:br/06480203478,omid:br/06190349717
oci:06480203478-0680568606,omid:br/06480203478,omid:br/0680568606
oci:06480203478-061301568275,omid:br/06480203478,omid:br/061301568275
oci:06480203478-06260261132,omid:br/06480203478,omid:br/06260261132
oci:06480203478-069095100,omid:br/06480203478,omid:br/069095100
oci:06480203762-061901327758,omid:br/06480203762,omid:br/061901327758
oci:06480203762-061201125721,omid:br/06480203762,omid:br/061201125721
oci:06480203762-06210600853,omid:br/06480203762,omid:br/06210600853
oci:06480203762-061403631476,omid:br/06480203762,omid:br/061403631476
oci:06480203762-061801384971,omid:br/06480203762,omid:br/061801384971
oci:06480203762-061502705219,omid:br/06480203762,omid:br/061502705219
oci:06480203762-061102716230,omid:br/06480203762,omid:br/061102716230
oci:06480203503-06170171266,omid:br/06480203503,omid:br/06170171266
oci:06480203503-0620439653,omid:br/06480203503,omid:br/0620439653
oci:06480203503-061301625560,omid:br/06480203503,omid:br/061301625560
oci:06480203684-061101393764,omid:br/06480203684,omid:br/061101393764
oci:06480203684-06390204599,omid:br/06480203684,omid:br/06390204599
oci:06480203684-061403630957,omid:br/06480203684,omid:br/061403630957
oci:06480203684-061401373806,omid:br/06480203684,omid:br/061401373806
oci:06480203684-061501389904,omid:br/06480203684,omid:br/061501389904
oci:06520198310-06230352878,omid:br/06520198310,omid:br/06230352878
oci:06480203694-06301793522,omid:br/06480203694,omid:br/06301793522
oci:06480203694-061302035854,omid:br/06480203694,omid:br/061302035854
oci:06480203694-061901648081,omid:br/06480203694,omid:br/061901648081
oci:06480203694-0630531058,omid:br/06480203694,omid:br/0630531058
oci:06480203694-06404023611,omid:br/06480203694,omid:br/06404023611
oci:06480203288-061801584729,omid:br/06480203288,omid:br/061801584729
oci:06480203288-06150903713,omid:br/06480203288,omid:br/06150903713
oci:06520198325-062101567266,omid:br/06520198325,omid:br/062101567266
oci:06520198325-061501001626,omid:br/06520198325,omid:br/061501001626
oci:06520198325-0610620581,omid:br/06520198325,omid:br/0610620581
oci:06520198325-061103625925,omid:br/06520198325,omid:br/061103625925
oci:06520198325-061702232249,omid:br/06520198325,omid:br/061702232249
oci:06520198325-061701134473,omid:br/06520198325,omid:br/061701134473
oci:06520198325-062603821959,omid:br/06520198325,omid:br/062603821959
oci:06520198325-06230617156,omid:br/06520198325,omid:br/06230617156
oci:06520198325-061501001771,omid:br/06520198325,omid:br/061501001771
oci:06520198325-0620936376,omid:br/06520198325,omid:br/0620936376
oci:06520198325-061501137428,omid:br/06520198325,omid:br/061501137428
oci:06520198282-061202579171,omid:br/06520198282,omid:br/061202579171
oci:06520198282-06201332334,omid:br/06520198282,omid:br/06201332334
oci:06520198282-061603253996,omid:br/06520198282,omid:br/061603253996
oci:06520198282-061201642202,omid:br/06520198282,omid:br/061201642202
oci:06480203811-061204016095,omid:br/06480203811,omid:br/061204016095
oci:06480203811-061503993325,omid:br/06480203811,omid:br/061503993325
oci:06480203811-066084782,omid:br/06480203811,omid:br/066084782
oci:06480203811-06504032412,omid:br/06480203811,omid:br/06504032412
oci:06480203542-061803516408,omid:br/06480203542,omid:br/061803516408
oci:06480203542-06801701159,omid:br/06480203542,omid:br/06801701159
oci:06480203542-06140817248,omid:br/06480203542,omid:br/06140817248
oci:06480203542-06103773397,omid:br/06480203542,omid:br/06103773397
oci:06480203542-062503065541,omid:br/06480203542,omid:br/062503065541
oci:06480203542-0690723467,omid:br/06480203542,omid:br/0690723467
oci:06480203542-06220341368,omid:br/06480203542,omid:br/06220341368
oci:06480203542-0650537383,omid:br/06480203542,omid:br/0650537383
oci:06480203542-061601134925,omid:br/06480203542,omid:br/061601134925
oci:06480203542-0630349526,omid:br/06480203542,omid:br/0630349526
oci:06480203542-0670230670,omid:br/06480203542,omid:br/0670230670
oci:06520198291-06804031471,omid:br/06520198291,omid:br/06804031471
oci:06520198291-06140671863,omid:br/06520198291,omid:br/06140671863
oci:06520198291-061203712752,omid:br/06520198291,omid:br/061203712752
oci:06520198291-061203712753,omid:br/06520198291,omid:br/061203712753
oci:06520198291-06210354691,omid:br/06520198291,omid:br/06210354691
oci:06520198291-06240477210,omid:br/06520198291,omid:br/06240477210
oci:06520198291-06140671650,omid:br/06520198291,omid:br/06140671650
oci:06520198291-06603470854,omid:br/06520198291,omid:br/06603470854
oci:06520198291-06160354342,omid:br/06520198291,omid:br/06160354342
oci:06520198291-06803908434,omid:br/06520198291,omid:br/06803908434
oci:06520198291-061303693740,omid:br/06520198291,omid:br/061303693740
oci:06480203546-062403051558,omid:br/06480203546,omid:br/062403051558
oci:06480203546-06703133337,omid:br/06480203546,omid:br/06703133337
oci:06480203546-061101175752,omid:br/06480203546,omid:br/061101175752
oci:06480203546-061203712970,omid:br/06480203546,omid:br/061203712970
oci:06480203546-061101176206,omid:br/06480203546,omid:br/061101176206
oci:06480203546-0620439020,omid:br/06480203546,omid:br/0620439020
oci:06480203267-062403235271,omid:br/06480203267,omid:br/062403235271
oci:06480203689-0610766437,omid:br/06480203689,omid:br/0610766437
oci:06480203689-06301793192,omid:br/06480203689,omid:br/06301793192
oci:06480203689-06430318509,omid:br/06480203689,omid:br/06430318509
oci:06480203689-062302124718,omid:br/06480203689,omid:br/062302124718
oci:06480203689-0690624694,omid:br/06480203689,omid:br/0690624694
oci:06480203792-064086431,omid:br/06480203792,omid:br/064086431
oci:06480203688-06260504017,omid:br/06480203688,omid:br/06260504017
oci:06480203688-061901648081,omid:br/06480203688,omid:br/061901648081
oci:06480203688-062301692091,omid:br/06480203688,omid:br/062301692091
oci:06480203688-06240605641,omid:br/06480203688,omid:br/06240605641
oci:06480203688-06104054071,omid:br/06480203688,omid:br/06104054071
oci:06480203688-062301691803,omid:br/06480203688,omid:br/062301691803
oci:06480203688-061201357644,omid:br/06480203688,omid:br/061201357644
oci:06520198363-06520198391,omid:br/06520198363,omid:br/06520198391
oci:06520198363-06480204194,omid:br/06520198363,omid:br/06480204194
oci:06520198363-06480204157,omid:br/06520198363,omid:br/06480204157
oci:06520198363-06601138578,omid:br/06520198363,omid:br/06601138578
oci:06520198363-0680999055,omid:br/06520198363,omid:br/0680999055
oci:06520198363-06301793192,omid:br/06520198363,omid:br/06301793192
oci:06520198363-06430318509,omid:br/06520198363,omid:br/06430318509
oci:06480203803-06903526273,omid:br/06480203803,omid:br/06903526273
oci:06480203456-0680363436,omid:br/06480203456,omid:br/0680363436
oci:06480203456-06703133508,omid:br/06480203456,omid:br/06703133508
oci:06480203456-06140351510,omid:br/06480203456,omid:br/06140351510
oci:06480203456-06703133321,omid:br/06480203456,omid:br/06703133321
oci:06480203456-0620439875,omid:br/06480203456,omid:br/0620439875
oci:06480203456-06210355314,omid:br/06480203456,omid:br/06210355314
oci:06480203456-061603115235,omid:br/06480203456,omid:br/061603115235
oci:06480203456-06120566550,omid:br/06480203456,omid:br/06120566550
oci:06480203456-0620439863,omid:br/06480203456,omid:br/0620439863
oci:06480203456-0620439100,omid:br/06480203456,omid:br/0620439100
oci:06480203663-0690624014,omid:br/06480203663,omid:br/0690624014
oci:06480203306-061503614036,omid:br/06480203306,omid:br/061503614036
oci:06480203306-0680999252,omid:br/06480203306,omid:br/0680999252
oci:06480203306-061401217020,omid:br/06480203306,omid:br/061401217020
oci:06480203306-062403609593,omid:br/06480203306,omid:br/062403609593
oci:06480203306-061402022031,omid:br/06480203306,omid:br/061402022031
oci:06480203306-061701372225,omid:br/06480203306,omid:br/061701372225
oci:06480203306-061303690514,omid:br/06480203306,omid:br/061303690514
oci:06480203306-0621085136,omid:br/06480203306,omid:br/0621085136
oci:06520198283-062403051935,omid:br/06520198283,omid:br/062403051935
oci:06520198283-06130479387,omid:br/06520198283,omid:br/06130479387
oci:06520198283-06130667955,omid:br/06520198283,omid:br/06130667955
oci:06520198283-06160354531,omid:br/06520198283,omid:br/06160354531
oci:06520198283-0690723114,omid:br/06520198283,omid:br/0690723114
oci:06520198283-0680718618,omid:br/06520198283,omid:br/0680718618
oci:06520198283-0690723305,omid:br/06520198283,omid:br/0690723305
oci:06520198283-06140672019,omid:br/06520198283,omid:br/06140672019
oci:06520198283-06803908429,omid:br/06520198283,omid:br/06803908429
oci:06520198283-061303045582,omid:br/06520198283,omid:br/061303045582
oci:06520198283-06170350821,omid:br/06520198283,omid:br/06170350821
oci:06520198283-06180355571,omid:br/06520198283,omid:br/06180355571
oci:06520198283-06903075891,omid:br/06520198283,omid:br/06903075891
oci:06520198283-06803908177,omid:br/06520198283,omid:br/06803908177
oci:06520198283-06704109245,omid:br/06520198283,omid:br/06704109245
oci:06520198283-06150354088,omid:br/06520198283,omid:br/06150354088
oci:06520198283-06160354342,omid:br/06520198283,omid:br/06160354342
oci:06520198283-0630348987,omid:br/06520198283,omid:br/0630348987
oci:06520198283-061303693740,omid:br/06520198283,omid:br/061303693740
oci:06520198283-06140671526,omid:br/06520198283,omid:br/06140671526
oci:06520198283-061203712924,omid:br/06520198283,omid:br/061203712924
oci:06520198283-061403036672,omid:br/06520198283,omid:br/061403036672
oci:06520198283-06103482994,omid:br/06520198283,omid:br/06103482994
oci:06480203790-061302035854,omid:br/06480203790,omid:br/061302035854
oci:06520198247-06201332334,omid:br/06520198247,omid:br/06201332334
oci:06520198247-06110711823,omid:br/06520198247,omid:br/06110711823
oci:06520198247-06180355799,omid:br/06520198247,omid:br/06180355799
oci:06520198247-0670712231,omid:br/06520198247,omid:br/0670712231
oci:06520198247-062303055178,omid:br/06520198247,omid:br/062303055178
oci:06520198247-06201381509,omid:br/06520198247,omid:br/06201381509
oci:06520198247-06230270716,omid:br/06520198247,omid:br/06230270716
oci:06520198247-06404133911,omid:br/06520198247,omid:br/06404133911
oci:06520198247-061103724824,omid:br/06520198247,omid:br/061103724824
oci:06520198247-06401667157,omid:br/06520198247,omid:br/06401667157
oci:06480203836-062601151764,omid:br/06480203836,omid:br/062601151764
oci:06480203836-06520198242,omid:br/06480203836,omid:br/06520198242
oci:06480203348-06480204241,omid:br/06480203348,omid:br/06480204241
oci:06520198314-06201332334,omid:br/06520198314,omid:br/06201332334
oci:06520198314-0680718557,omid:br/06520198314,omid:br/0680718557
oci:06520198314-06230489220,omid:br/06520198314,omid:br/06230489220
oci:06520198314-06704108837,omid:br/06520198314,omid:br/06704108837
oci:06520198314-06120667605,omid:br/06520198314,omid:br/06120667605
oci:06520198314-061103804141,omid:br/06520198314,omid:br/061103804141
oci:06520198314-062403883339,omid:br/06520198314,omid:br/062403883339
oci:06520198314-062403052325,omid:br/06520198314,omid:br/062403052325
oci:06520198314-061902706271,omid:br/06520198314,omid:br/061902706271
oci:06520198314-06903733137,omid:br/06520198314,omid:br/06903733137
oci:06520198314-061103803983,omid:br/06520198314,omid:br/061103803983
oci:06520198314-06203480605,omid:br/06520198314,omid:br/06203480605
oci:06520198314-06140671563,omid:br/06520198314,omid:br/06140671563
oci:06520198314-06240477307,omid:br/06520198314,omid:br/06240477307
oci:06520198314-06130608634,omid:br/06520198314,omid:br/06130608634
oci:06520198314-062502688435,omid:br/06520198314,omid:br/062502688435
oci:06520198314-06603520567,omid:br/06520198314,omid:br/06603520567
oci:06480203746-06210352590,omid:br/06480203746,omid:br/06210352590
oci:06480203746-06250346615,omid:br/06480203746,omid:br/06250346615
oci:06480203746-0660620327,omid:br/06480203746,omid:br/0660620327
oci:06480203746-06150938123,omid:br/06480203746,omid:br/06150938123
oci:06520198328-06210987629,omid:br/06520198328,omid:br/06210987629
oci:06520198328-06210673118,omid:br/06520198328,omid:br/06210673118
oci:06480203692-061303613302,omid:br/06480203692,omid:br/061303613302
oci:06480203692-06902720043,omid:br/06480203692,omid:br/06902720043
oci:06480203692-06450198307,omid:br/06480203692,omid:br/06450198307
oci:06480203692-06704039763,omid:br/06480203692,omid:br/06704039763
oci:06480203692-06140478268,omid:br/06480203692,omid:br/06140478268
oci:06480203692-061303593112,omid:br/06480203692,omid:br/061303593112
oci:06480203692-06150487148,omid:br/06480203692,omid:br/06150487148
oci:06480203692-061803034497,omid:br/06480203692,omid:br/061803034497
oci:06480203488-062103684534,omid:br/06480203488,omid:br/062103684534
oci:06480203488-062103684838,omid:br/06480203488,omid:br/062103684838
oci:06480203488-0620439073,omid:br/06480203488,omid:br/0620439073
oci:06480203488-06501649303,omid:br/06480203488,omid:br/06501649303
oci:06480203488-0650357627,omid:br/06480203488,omid:br/0650357627
oci:06480203488-0690723184,omid:br/06480203488,omid:br/0690723184
oci:06480203488-062601005940,omid:br/06480203488,omid:br/062601005940
oci:06480203488-062601166254,omid:br/06480203488,omid:br/062601166254
oci:06480203488-06401649539,omid:br/06480203488,omid:br/06401649539
oci:06480203488-06110712708,omid:br/06480203488,omid:br/06110712708
oci:06480203488-0690723475,omid:br/06480203488,omid:br/0690723475
oci:06480203488-06130608906,omid:br/06480203488,omid:br/06130608906
oci:06480203488-06120608333,omid:br/06480203488,omid:br/06120608333
oci:06480203488-0630994433,omid:br/06480203488,omid:br/0630994433
oci:06480203488-062403716370,omid:br/06480203488,omid:br/062403716370
oci:06480203488-06180891356,omid:br/06480203488,omid:br/06180891356
oci:06480203488-061201165297,omid:br/06480203488,omid:br/061201165297
oci:06480203488-0617080220,omid:br/06480203488,omid:br/0617080220
oci:06480203488-0690723180,omid:br/06480203488,omid:br/0690723180
oci:06480203488-062403051558,omid:br/06480203488,omid:br/062403051558
oci:06480203488-0620487648,omid:br/06480203488,omid:br/0620487648
oci:06480203488-062403052465,omid:br/06480203488,omid:br/062403052465
oci:06480203488-0616082048,omid:br/06480203488,omid:br/0616082048
oci:06480203488-06801156066,omid:br/06480203488,omid:br/06801156066
oci:06480203488-061403710661,omid:br/06480203488,omid:br/061403710661
oci:06480203488-06403499114,omid:br/06480203488,omid:br/06403499114
oci:06480203488-061101176461,omid:br/06480203488,omid:br/061101176461
oci:06480203744-06260503952,omid:br/06480203744,omid:br/06260503952
oci:06520198351-061401122371,omid:br/06520198351,omid:br/061401122371
oci:06520198351-061201125393,omid:br/06520198351,omid:br/061201125393
oci:06520198351-06480204162,omid:br/06520198351,omid:br/06480204162
oci:06520198248-061103724851,omid:br/06520198248,omid:br/061103724851
oci:06520198248-061103724824,omid:br/06520198248,omid:br/061103724824
oci:06520198248-06250347495,omid:br/06520198248,omid:br/06250347495
oci:06520198248-061203713057,omid:br/06520198248,omid:br/061203713057
oci:06520198248-06204060772,omid:br/06520198248,omid:br/06204060772
oci:06480203275-06160487676,omid:br/06480203275,omid:br/06160487676
oci:06480203275-06140479678,omid:br/06480203275,omid:br/06140479678
oci:06480203670-0620936548,omid:br/06480203670,omid:br/0620936548
oci:06480203670-06240478869,omid:br/06480203670,omid:br/06240478869
oci:06480203670-06190489022,omid:br/06480203670,omid:br/06190489022
oci:06480203670-06220930821,omid:br/06480203670,omid:br/06220930821
oci:06480203822-06480204026,omid:br/06480203822,omid:br/06480204026
oci:06480203822-06520198309,omid:br/06480203822,omid:br/06520198309
oci:06480203822-06480203577,omid:br/06480203822,omid:br/06480203577
oci:06480203822-06603475547,omid:br/06480203822,omid:br/06603475547
oci:06480203822-0612080907,omid:br/06480203822,omid:br/0612080907
oci:06480203822-062302228608,omid:br/06480203822,omid:br/062302228608
oci:06480203822-06150994106,omid:br/06480203822,omid:br/06150994106
oci:06480203695-06804028380,omid:br/06480203695,omid:br/06804028380
oci:06480203695-061203616823,omid:br/06480203695,omid:br/061203616823
oci:06480203695-0670616499,omid:br/06480203695,omid:br/0670616499
oci:06480203695-06702490790,omid:br/06480203695,omid:br/06702490790
oci:06520198324-06480203667,omid:br/06520198324,omid:br/06480203667
oci:06520198341-06280224710,omid:br/06520198341,omid:br/06280224710
oci:06520198341-06480203652,omid:br/06520198341,omid:br/06480203652
oci:06520198341-069091347,omid:br/06520198341,omid:br/069091347
oci:06480203797-06220481740,omid:br/06480203797,omid:br/06220481740
oci:06480203797-06603475392,omid:br/06480203797,omid:br/06603475392
oci:06480203455-0670844936,omid:br/06480203455,omid:br/0670844936
oci:06480203455-061501543123,omid:br/06480203455,omid:br/061501543123
oci:06480203455-061203666562,omid:br/06480203455,omid:br/061203666562
oci:06480203455-06701129484,omid:br/06480203455,omid:br/06701129484
oci:06480203455-06140991031,omid:br/06480203455,omid:br/06140991031
oci:06480203455-06140990942,omid:br/06480203455,omid:br/06140990942
oci:06480203455-06101011905,omid:br/06480203455,omid:br/06101011905
oci:06480203455-06901890087,omid:br/06480203455,omid:br/06901890087
oci:06480203455-061103681879,omid:br/06480203455,omid:br/061103681879
oci:06480203455-061203663551,omid:br/06480203455,omid:br/061203663551
oci:06480203455-0690855602,omid:br/06480203455,omid:br/0690855602
oci:06480203455-06901613769,omid:br/06480203455,omid:br/06901613769
oci:06480203455-061403039199,omid:br/06480203455,omid:br/061403039199
oci:06480203455-06240974426,omid:br/06480203455,omid:br/06240974426
oci:06480203655-0620936548,omid:br/06480203655,omid:br/0620936548
oci:06480203655-0660620327,omid:br/06480203655,omid:br/0660620327
oci:06480203710-0650621014,omid:br/06480203710,omid:br/0650621014
oci:06480203710-0653024340,omid:br/06480203710,omid:br/0653024340
oci:06480203710-061081856,omid:br/06480203710,omid:br/061081856
oci:06480203710-0604838093,omid:br/06480203710,omid:br/0604838093
oci:06480203710-06240605510,omid:br/06480203710,omid:br/06240605510
oci:06480203710-062101125740,omid:br/06480203710,omid:br/062101125740
oci:06480203710-06903080173,omid:br/06480203710,omid:br/06903080173
oci:06480203708-0670615876,omid:br/06480203708,omid:br/0670615876
oci:06480203702-06480203713,omid:br/06480203702,omid:br/06480203713
oci:06480203702-06480203693,omid:br/06480203702,omid:br/06480203693
oci:06480203702-06520198487,omid:br/06480203702,omid:br/06520198487
oci:06480203466-06240341771,omid:br/06480203466,omid:br/06240341771
oci:06480203466-0617080312,omid:br/06480203466,omid:br/0617080312
oci:06480203466-06190947526,omid:br/06480203466,omid:br/06190947526
oci:06480203466-061302675486,omid:br/06480203466,omid:br/061302675486
oci:06480203466-062302678112,omid:br/06480203466,omid:br/062302678112
oci:06480203466-0611086893,omid:br/06480203466,omid:br/0611086893
oci:06480203466-066089392,omid:br/06480203466,omid:br/066089392
oci:06480203466-06140941211,omid:br/06480203466,omid:br/06140941211
oci:06480203466-06240660084,omid:br/06480203466,omid:br/06240660084
oci:06480203466-062603661819,omid:br/06480203466,omid:br/062603661819
oci:06480203466-0690571171,omid:br/06480203466,omid:br/0690571171
oci:06480203466-06403120960,omid:br/06480203466,omid:br/06403120960
oci:06480203466-0670472674,omid:br/06480203466,omid:br/0670472674
oci:06480203466-06220171703,omid:br/06480203466,omid:br/06220171703
oci:06480203466-06201136978,omid:br/06480203466,omid:br/06201136978
oci:06480203466-06603473553,omid:br/06480203466,omid:br/06603473553
oci:06480203466-061901287878,omid:br/06480203466,omid:br/061901287878
oci:06520198229-06604220377,omid:br/06520198229,omid:br/06604220377
oci:06520198229-061103586535,omid:br/06520198229,omid:br/061103586535
oci:06520198229-061303725340,omid:br/06520198229,omid:br/061303725340
oci:06520198229-06402858094,omid:br/06520198229,omid:br/06402858094
oci:06480203303-062201123830,omid:br/06480203303,omid:br/062201123830
oci:06520198359-061601137979,omid:br/06520198359,omid:br/061601137979
oci:06480203329-062501350688,omid:br/06480203329,omid:br/062501350688
oci:06480203782-06120352704,omid:br/06480203782,omid:br/06120352704
oci:06480203753-0640269147,omid:br/06480203753,omid:br/0640269147
oci:06520198297-06603520264,omid:br/06520198297,omid:br/06603520264
oci:06480203809-06101148810,omid:br/06480203809,omid:br/06101148810
oci:06480203517-061401118777,omid:br/06480203517,omid:br/061401118777
oci:06480203517-061403701864,omid:br/06480203517,omid:br/061403701864
oci:06480203517-06150353541,omid:br/06480203517,omid:br/06150353541
oci:06480203517-0660475071,omid:br/06480203517,omid:br/0660475071
oci:06480203517-061102612255,omid:br/06480203517,omid:br/061102612255
oci:06480203517-061103790529,omid:br/06480203517,omid:br/061103790529
oci:06480203517-061303694452,omid:br/06480203517,omid:br/061303694452
oci:06480203517-06170350868,omid:br/06480203517,omid:br/06170350868
oci:06480203517-061601135265,omid:br/06480203517,omid:br/061601135265
oci:06480203517-061301127001,omid:br/06480203517,omid:br/061301127001
oci:06480203517-0690366230,omid:br/06480203517,omid:br/0690366230
oci:06480203517-061403701950,omid:br/06480203517,omid:br/061403701950
oci:06480203517-06220341113,omid:br/06480203517,omid:br/06220341113
oci:06480203517-061303045457,omid:br/06480203517,omid:br/061303045457
oci:06480203517-061701131631,omid:br/06480203517,omid:br/061701131631
oci:06480203517-06103483233,omid:br/06480203517,omid:br/06103483233
oci:06480203517-062601692662,omid:br/06480203517,omid:br/062601692662
oci:06480203517-061303636589,omid:br/06480203517,omid:br/061303636589
oci:06480203517-06903631719,omid:br/06480203517,omid:br/06903631719
oci:06480203517-06220341800,omid:br/06480203517,omid:br/06220341800
oci:06480203517-06160488421,omid:br/06480203517,omid:br/06160488421
oci:06480203517-06110363684,omid:br/06480203517,omid:br/06110363684
oci:06480203725-0690221526,omid:br/06480203725,omid:br/0690221526
oci:06480203732-066083644,omid:br/06480203732,omid:br/066083644
oci:06480203837-0630966746,omid:br/06480203837,omid:br/0630966746
oci:06480203837-061103747392,omid:br/06480203837,omid:br/061103747392
oci:06480203837-061301014346,omid:br/06480203837,omid:br/061301014346
oci:06480203837-061202122172,omid:br/06480203837,omid:br/061202122172
oci:06520198286-062103565354,omid:br/06520198286,omid:br/062103565354
oci:06520198286-061203712497,omid:br/06520198286,omid:br/061203712497
oci:06520198286-061203712498,omid:br/06520198286,omid:br/061203712498
oci:06520198286-06190358205,omid:br/06520198286,omid:br/06190358205
oci:06520198286-061503044315,omid:br/06520198286,omid:br/061503044315
oci:06520198286-061201642021,omid:br/06520198286,omid:br/061201642021
oci:06520198286-061503044353,omid:br/06520198286,omid:br/061503044353
oci:06520198286-06703095648,omid:br/06520198286,omid:br/06703095648
oci:06520198286-06402258121,omid:br/06520198286,omid:br/06402258121
oci:06520198286-06110490972,omid:br/06520198286,omid:br/06110490972
oci:06520198286-0660487996,omid:br/06520198286,omid:br/0660487996
oci:06520198286-062603081924,omid:br/06520198286,omid:br/062603081924
oci:06520198286-061501649351,omid:br/06520198286,omid:br/061501649351
oci:06520198286-0636031243,omid:br/06520198286,omid:br/0636031243
oci:06520198286-061501649664,omid:br/06520198286,omid:br/061501649664
oci:06520198286-06103488432,omid:br/06520198286,omid:br/06103488432
oci:06520198286-061201642870,omid:br/06520198286,omid:br/061201642870
oci:06520198286-06130608744,omid:br/06520198286,omid:br/06130608744
oci:06520198286-0630357323,omid:br/06520198286,omid:br/0630357323
oci:06520198286-06902621234,omid:br/06520198286,omid:br/06902621234
oci:06520198286-06230489909,omid:br/06520198286,omid:br/06230489909
oci:06520198286-061202595460,omid:br/06520198286,omid:br/061202595460
oci:06520198286-06902620942,omid:br/06520198286,omid:br/06902620942
oci:06520198286-06140351385,omid:br/06520198286,omid:br/06140351385
oci:06480203841-061103724689,omid:br/06480203841,omid:br/061103724689
oci:06480203841-0625077545,omid:br/06480203841,omid:br/0625077545
oci:06480203841-0630624170,omid:br/06480203841,omid:br/0630624170
oci:06480203841-06903814078,omid:br/06480203841,omid:br/06903814078
oci:06480203841-06303016160,omid:br/06480203841,omid:br/06303016160
oci:06480203841-062302698133,omid:br/06480203841,omid:br/062302698133
oci:06480203841-061102713576,omid:br/06480203841,omid:br/061102713576
oci:06480203841-0634026668,omid:br/06480203841,omid:br/0634026668
oci:06480203841-061102612153,omid:br/06480203841,omid:br/061102612153
oci:06480203841-06303015723,omid:br/06480203841,omid:br/06303015723
oci:06480203841-06303015634,omid:br/06480203841,omid:br/06303015634
oci:06480203841-06403020457,omid:br/06480203841,omid:br/06403020457
oci:06480203841-06170844603,omid:br/06480203841,omid:br/06170844603
oci:06480203720-068089158,omid:br/06480203720,omid:br/068089158
oci:06520198369-06480203876,omid:br/06520198369,omid:br/06480203876
oci:06520198369-06520198483,omid:br/06520198369,omid:br/06520198483
oci:06520198369-06480203895,omid:br/06520198369,omid:br/06480203895
oci:06520198369-0604679665,omid:br/06520198369,omid:br/0604679665
oci:06520198369-061702232249,omid:br/06520198369,omid:br/061702232249
oci:06480203457-06801549514,omid:br/06480203457,omid:br/06801549514
oci:06480203457-061601461318,omid:br/06480203457,omid:br/061601461318
oci:06480203457-0622077427,omid:br/06480203457,omid:br/0622077427
oci:06480203457-06403102015,omid:br/06480203457,omid:br/06403102015
oci:06480203457-062301224396,omid:br/06480203457,omid:br/062301224396
oci:06480203457-06604008114,omid:br/06480203457,omid:br/06604008114
oci:06480203457-062201276163,omid:br/06480203457,omid:br/062201276163
oci:06480203457-06220357870,omid:br/06480203457,omid:br/06220357870
oci:06480203457-06603473553,omid:br/06480203457,omid:br/06603473553
oci:06480203457-06220358157,omid:br/06480203457,omid:br/06220358157
oci:06480203457-061083111,omid:br/06480203457,omid:br/061083111
oci:06480203457-06170168784,omid:br/06480203457,omid:br/06170168784
oci:06480203457-06403101753,omid:br/06480203457,omid:br/06403101753
oci:06480203457-06603474325,omid:br/06480203457,omid:br/06603474325
oci:06480203457-06504144127,omid:br/06480203457,omid:br/06504144127
oci:06480203259-06480203958,omid:br/06480203259,omid:br/06480203958
oci:06480203259-06501009184,omid:br/06480203259,omid:br/06501009184
oci:06520198249-06230535906,omid:br/06520198249,omid:br/06230535906
oci:06520198249-0614080061,omid:br/06520198249,omid:br/0614080061
oci:06520198249-062303875241,omid:br/06520198249,omid:br/062303875241
oci:06520198249-061803865304,omid:br/06520198249,omid:br/061803865304
oci:06520198249-06404134057,omid:br/06520198249,omid:br/06404134057
oci:06520198249-061103724131,omid:br/06520198249,omid:br/061103724131
oci:06480203829-061403484637,omid:br/06480203829,omid:br/061403484637
oci:06480203829-06303015388,omid:br/06480203829,omid:br/06303015388
oci:06480203829-06503481931,omid:br/06480203829,omid:br/06503481931
oci:06480203829-06101665218,omid:br/06480203829,omid:br/06101665218
oci:06480203829-061701131536,omid:br/06480203829,omid:br/061701131536
oci:06480203829-061301126726,omid:br/06480203829,omid:br/061301126726
oci:06480203829-061103503668,omid:br/06480203829,omid:br/061103503668
oci:06480203829-062601809099,omid:br/06480203829,omid:br/062601809099
oci:06480203829-061603793390,omid:br/06480203829,omid:br/061603793390
oci:06480203829-061501787389,omid:br/06480203829,omid:br/061501787389
oci:06480203829-06101664878,omid:br/06480203829,omid:br/06101664878
oci:06480203829-06303476243,omid:br/06480203829,omid:br/06303476243
oci:06480203829-06210330236,omid:br/06480203829,omid:br/06210330236
oci:06480203829-06210330641,omid:br/06480203829,omid:br/06210330641
oci:06480203829-06903525777,omid:br/06480203829,omid:br/06903525777
oci:06480203711-06803111727,omid:br/06480203711,omid:br/06803111727
oci:06480203711-061201125350,omid:br/06480203711,omid:br/061201125350
oci:06520198329-061501389587,omid:br/06520198329,omid:br/061501389587
oci:06480203772-0604838090,omid:br/06480203772,omid:br/0604838090
oci:06480203772-06270227538,omid:br/06480203772,omid:br/06270227538
oci:06480203772-06704520373,omid:br/06480203772,omid:br/06704520373
oci:06480203763-061303477832,omid:br/06480203763,omid:br/061303477832
oci:06480203763-06170703325,omid:br/06480203763,omid:br/06170703325
oci:06480203763-06140813997,omid:br/06480203763,omid:br/06140813997
oci:06480203763-06170703440,omid:br/06480203763,omid:br/06170703440
oci:06480203716-0623087426,omid:br/06480203716,omid:br/0623087426
oci:06480203716-0626096910,omid:br/06480203716,omid:br/0626096910
oci:06480203716-062103305816,omid:br/06480203716,omid:br/062103305816
oci:06480203716-0680621360,omid:br/06480203716,omid:br/0680621360
oci:06480203716-06240605607,omid:br/06480203716,omid:br/06240605607
oci:06480203716-06260633320,omid:br/06480203716,omid:br/06260633320
oci:06480203716-06701040616,omid:br/06480203716,omid:br/06701040616
oci:06480203716-06301050771,omid:br/06480203716,omid:br/06301050771
oci:06480203716-0626097665,omid:br/06480203716,omid:br/0626097665
oci:06480203716-061703329164,omid:br/06480203716,omid:br/061703329164
oci:06480203716-06250611572,omid:br/06480203716,omid:br/06250611572
oci:06480203716-062301692724,omid:br/06480203716,omid:br/062301692724
oci:06520198333-062101125546,omid:br/06520198333,omid:br/062101125546
oci:06520198333-06240973182,omid:br/06520198333,omid:br/06240973182
oci:06520198333-062603822227,omid:br/06520198333,omid:br/062603822227
oci:06520198333-062301370760,omid:br/06520198333,omid:br/062301370760
oci:06520198333-06401402524,omid:br/06520198333,omid:br/06401402524
oci:06520198333-062101125977,omid:br/06520198333,omid:br/062101125977
oci:06520198333-061501001626,omid:br/06520198333,omid:br/061501001626
oci:06520198333-062603821368,omid:br/06520198333,omid:br/062603821368
oci:06520198333-062101125762,omid:br/06520198333,omid:br/062101125762
oci:06520198333-061103625925,omid:br/06520198333,omid:br/061103625925
oci:06480203458-0620486611,omid:br/06480203458,omid:br/0620486611
oci:06480203458-06120351325,omid:br/06480203458,omid:br/06120351325
oci:06480203458-061103790056,omid:br/06480203458,omid:br/061103790056
oci:06480203458-06501380639,omid:br/06480203458,omid:br/06501380639
oci:06480203458-0610362895,omid:br/06480203458,omid:br/0610362895
oci:06480203458-061501133899,omid:br/06480203458,omid:br/061501133899
oci:06480203458-06701695827,omid:br/06480203458,omid:br/06701695827
oci:06480203458-06210486561,omid:br/06480203458,omid:br/06210486561
oci:06480203458-0660359952,omid:br/06480203458,omid:br/0660359952
oci:06480203458-06180357622,omid:br/06480203458,omid:br/06180357622
oci:06480203458-06130479190,omid:br/06480203458,omid:br/06130479190
oci:06480203458-0660359744,omid:br/06480203458,omid:br/0660359744
oci:06480203458-061901386689,omid:br/06480203458,omid:br/061901386689
oci:06480203458-061801381940,omid:br/06480203458,omid:br/061801381940
oci:06480203458-0619083731,omid:br/06480203458,omid:br/0619083731
oci:06480203458-061901387260,omid:br/06480203458,omid:br/061901387260
oci:06480203458-06190249412,omid:br/06480203458,omid:br/06190249412
oci:06480203458-0616082431,omid:br/06480203458,omid:br/0616082431
oci:06480203458-061102611613,omid:br/06480203458,omid:br/061102611613
oci:06480203458-061202595232,omid:br/06480203458,omid:br/061202595232
oci:06480203458-061102611618,omid:br/06480203458,omid:br/061102611618
oci:06480203458-06403020568,omid:br/06480203458,omid:br/06403020568
oci:06480203458-06303015737,omid:br/06480203458,omid:br/06303015737
oci:06480203458-062302125908,omid:br/06480203458,omid:br/062302125908
oci:06480203831-0604838092,omid:br/06480203831,omid:br/0604838092
oci:06480203831-06704520384,omid:br/06480203831,omid:br/06704520384
oci:06480203831-061102886596,omid:br/06480203831,omid:br/061102886596
oci:06480203771-062502223408,omid:br/06480203771,omid:br/062502223408
oci:06480203771-06704520372,omid:br/06480203771,omid:br/06704520372
oci:06520198226-06204001358,omid:br/06520198226,omid:br/06204001358
oci:06520198226-06140478258,omid:br/06520198226,omid:br/06140478258
oci:06520198226-06230489590,omid:br/06520198226,omid:br/06230489590
oci:06520198226-06190358336,omid:br/06520198226,omid:br/06190358336
oci:06520198250-061102611603,omid:br/06520198250,omid:br/061102611603
oci:06520198250-061102611501,omid:br/06520198250,omid:br/061102611501
oci:06520198250-06180355827,omid:br/06520198250,omid:br/06180355827
oci:06520198250-061103724924,omid:br/06520198250,omid:br/061103724924
oci:06520198250-0650864596,omid:br/06520198250,omid:br/0650864596
oci:06520198250-06903517517,omid:br/06520198250,omid:br/06903517517
oci:06520198250-06150353559,omid:br/06520198250,omid:br/06150353559
oci:06520198250-06150353558,omid:br/06520198250,omid:br/06150353558
oci:06520198250-061202595462,omid:br/06520198250,omid:br/061202595462
oci:06520198250-06902621221,omid:br/06520198250,omid:br/06902621221
oci:06520198250-061703065023,omid:br/06520198250,omid:br/061703065023
oci:06520198250-06150487817,omid:br/06520198250,omid:br/06150487817
oci:06520198250-06180618313,omid:br/06520198250,omid:br/06180618313
oci:06520198250-062403052233,omid:br/06520198250,omid:br/062403052233
oci:06480203696-062501188808,omid:br/06480203696,omid:br/062501188808
oci:06480203696-061703329164,omid:br/06480203696,omid:br/061703329164
oci:06480203696-061802188263,omid:br/06480203696,omid:br/061802188263
oci:06480203696-06201206365,omid:br/06480203696,omid:br/06201206365
oci:06480203696-062502561114,omid:br/06480203696,omid:br/062502561114
oci:06480203696-062401172624,omid:br/06480203696,omid:br/062401172624
oci:06480203696-061301131596,omid:br/06480203696,omid:br/061301131596
oci:06480203665-062601599892,omid:br/06480203665,omid:br/062601599892
oci:06480203665-06220614890,omid:br/06480203665,omid:br/06220614890
oci:06480203665-0604711439,omid:br/06480203665,omid:br/0604711439
oci:06480203665-06250986275,omid:br/06480203665,omid:br/06250986275
oci:06480203665-0604838103,omid:br/06480203665,omid:br/0604838103
oci:06480203550-062503579362,omid:br/06480203550,omid:br/062503579362
oci:06480203550-061303566060,omid:br/06480203550,omid:br/061303566060
oci:06480203550-06303015557,omid:br/06480203550,omid:br/06303015557
oci:06480203550-0680918144,omid:br/06480203550,omid:br/0680918144
oci:06520198347-06101407988,omid:br/06520198347,omid:br/06101407988
oci:06480203690-06501668025,omid:br/06480203690,omid:br/06501668025
oci:06480203690-06401667820,omid:br/06480203690,omid:br/06401667820
oci:06480203690-06501667599,omid:br/06480203690,omid:br/06501667599
oci:06480203690-061101794000,omid:br/06480203690,omid:br/061101794000
oci:06480203690-06170715682,omid:br/06480203690,omid:br/06170715682
oci:06480203690-06501668372,omid:br/06480203690,omid:br/06501668372
oci:06480203690-06130350265,omid:br/06480203690,omid:br/06130350265
oci:06480203690-06801652904,omid:br/06480203690,omid:br/06801652904
oci:06480203690-06401668357,omid:br/06480203690,omid:br/06401668357
oci:06480203690-0610493843,omid:br/06480203690,omid:br/0610493843
oci:06480203690-06401808517,omid:br/06480203690,omid:br/06401808517
oci:06480203690-06101808866,omid:br/06480203690,omid:br/06101808866
oci:06480203690-062403642860,omid:br/06480203690,omid:br/062403642860
oci:06480203788-0650263314,omid:br/06480203788,omid:br/0650263314
oci:06480203736-06250986601,omid:br/06480203736,omid:br/06250986601
oci:06480203512-06403993680,omid:br/06480203512,omid:br/06403993680
oci:06480203512-06210925471,omid:br/06480203512,omid:br/06210925471
oci:06480203512-062202825716,omid:br/06480203512,omid:br/062202825716
oci:06480203512-062503582638,omid:br/06480203512,omid:br/062503582638
oci:06480203512-061803499640,omid:br/06480203512,omid:br/061803499640
oci:06480203258-0612080277,omid:br/06480203258,omid:br/0612080277
oci:06480203258-061703065791,omid:br/06480203258,omid:br/061703065791
oci:06480203258-06503486917,omid:br/06480203258,omid:br/06503486917
oci:06480203258-061101135493,omid:br/06480203258,omid:br/061101135493
oci:06480203258-0638010932,omid:br/06480203258,omid:br/0638010932
oci:06480203258-06110994959,omid:br/06480203258,omid:br/06110994959
oci:06480203258-061101393838,omid:br/06480203258,omid:br/061101393838
oci:06480203258-06901405860,omid:br/06480203258,omid:br/06901405860
oci:06480203258-06130989614,omid:br/06480203258,omid:br/06130989614
oci:06480203652-062603081210,omid:br/06480203652,omid:br/062603081210
oci:06480203652-0680686912,omid:br/06480203652,omid:br/0680686912
oci:06480203652-06902720045,omid:br/06480203652,omid:br/06902720045
oci:06480203652-062077922,omid:br/06480203652,omid:br/062077922
oci:06520198260-06103486914,omid:br/06520198260,omid:br/06103486914
oci:06520198260-06503481969,omid:br/06520198260,omid:br/06503481969
oci:06520198260-061103512096,omid:br/06520198260,omid:br/061103512096
oci:06520198260-06703458199,omid:br/06520198260,omid:br/06703458199
oci:06520198260-061103071743,omid:br/06520198260,omid:br/061103071743
oci:06480203742-06160715244,omid:br/06480203742,omid:br/06160715244
oci:06480203755-061601461718,omid:br/06480203755,omid:br/061601461718
oci:06480203755-06303015777,omid:br/06480203755,omid:br/06303015777
oci:06480203755-061403701625,omid:br/06480203755,omid:br/061403701625
oci:06480203755-06101665358,omid:br/06480203755,omid:br/06101665358
oci:06480203755-061203050953,omid:br/06480203755,omid:br/061203050953
oci:06480203755-0660351368,omid:br/06480203755,omid:br/0660351368
oci:06480203755-0630349521,omid:br/06480203755,omid:br/0630349521
oci:06480203755-06330238477,omid:br/06480203755,omid:br/06330238477
oci:06480203755-06150678446,omid:br/06480203755,omid:br/06150678446
oci:06480203755-06240341366,omid:br/06480203755,omid:br/06240341366
oci:06480203755-0610354783,omid:br/06480203755,omid:br/0610354783
oci:06480203755-06303016136,omid:br/06480203755,omid:br/06303016136
oci:06480203755-06804294463,omid:br/06480203755,omid:br/06804294463
oci:06480203755-061403036061,omid:br/06480203755,omid:br/061403036061
oci:06480203755-06101665467,omid:br/06480203755,omid:br/06101665467
oci:06480203755-06203475813,omid:br/06480203755,omid:br/06203475813
oci:06480203755-06303015782,omid:br/06480203755,omid:br/06303015782
oci:06480203755-061203779695,omid:br/06480203755,omid:br/061203779695
oci:06480203755-061301126894,omid:br/06480203755,omid:br/061301126894
oci:06480203755-062503108305,omid:br/06480203755,omid:br/062503108305
oci:06480203672-066085678,omid:br/06480203672,omid:br/066085678
oci:06480203672-062081061,omid:br/06480203672,omid:br/062081061
oci:06480203672-0650621128,omid:br/06480203672,omid:br/0650621128
oci:06480203459-0620487966,omid:br/06480203459,omid:br/0620487966
oci:06480203459-061102712695,omid:br/06480203459,omid:br/061102712695
oci:06480203459-061503623307,omid:br/06480203459,omid:br/061503623307
oci:06480203459-06403119565,omid:br/06480203459,omid:br/06403119565
oci:06480203459-06803974878,omid:br/06480203459,omid:br/06803974878
oci:06480203459-06110412771,omid:br/06480203459,omid:br/06110412771
oci:06480203459-06501478548,omid:br/06480203459,omid:br/06501478548
oci:06480203459-06220341646,omid:br/06480203459,omid:br/06220341646
oci:06480203459-061602709304,omid:br/06480203459,omid:br/061602709304
oci:06480203459-06402434399,omid:br/06480203459,omid:br/06402434399
oci:06480203780-06190856736,omid:br/06480203780,omid:br/06190856736
oci:06480203780-062303758852,omid:br/06480203780,omid:br/062303758852
oci:06480203780-06104084617,omid:br/06480203780,omid:br/06104084617
oci:06480203780-062203748646,omid:br/06480203780,omid:br/062203748646
oci:06480203780-062203748605,omid:br/06480203780,omid:br/062203748605
oci:06480203780-061902780532,omid:br/06480203780,omid:br/061902780532
oci:06480203738-06210710417,omid:br/06480203738,omid:br/06210710417
oci:06480203738-062603657110,omid:br/06480203738,omid:br/062603657110
oci:06480203738-062603657070,omid:br/06480203738,omid:br/062603657070
oci:06480203738-0680621581,omid:br/06480203738,omid:br/0680621581
oci:06480203293-061403638528,omid:br/06480203293,omid:br/061403638528
oci:06480203293-06503120707,omid:br/06480203293,omid:br/06503120707
oci:06480203293-061801369365,omid:br/06480203293,omid:br/061801369365
oci:06480203293-061603723133,omid:br/06480203293,omid:br/061603723133
oci:06480203293-062201363504,omid:br/06480203293,omid:br/062201363504
oci:06480203293-062101364560,omid:br/06480203293,omid:br/062101364560
oci:06480203293-06480204119,omid:br/06480203293,omid:br/06480204119
oci:06480203293-06480204053,omid:br/06480203293,omid:br/06480204053
oci:06480203293-061403638202,omid:br/06480203293,omid:br/061403638202
oci:06480203293-061501218878,omid:br/06480203293,omid:br/061501218878
oci:06480203293-061401344522,omid:br/06480203293,omid:br/061401344522
oci:06480203293-067086455,omid:br/06480203293,omid:br/067086455
oci:06520198261-06140671749,omid:br/06520198261,omid:br/06140671749
oci:06520198261-0630349713,omid:br/06520198261,omid:br/0630349713
oci:06520198261-061303693841,omid:br/06520198261,omid:br/061303693841
oci:06520198261-061903509074,omid:br/06520198261,omid:br/061903509074
oci:06520198261-06210354734,omid:br/06520198261,omid:br/06210354734
oci:06520198261-06140671719,omid:br/06520198261,omid:br/06140671719
oci:06520198261-06140671680,omid:br/06520198261,omid:br/06140671680
oci:06520198261-06250356068,omid:br/06520198261,omid:br/06250356068
oci:06520198261-0650487881,omid:br/06520198261,omid:br/0650487881
oci:06520198261-06170615211,omid:br/06520198261,omid:br/06170615211
oci:06520198261-06240479566,omid:br/06520198261,omid:br/06240479566
oci:06520198261-06204229551,omid:br/06520198261,omid:br/06204229551
oci:06520198261-061103512050,omid:br/06520198261,omid:br/061103512050
oci:06520198261-061102714374,omid:br/06520198261,omid:br/061102714374
oci:06480203658-061501137882,omid:br/06480203658,omid:br/061501137882
oci:06480203658-061301130159,omid:br/06480203658,omid:br/061301130159
oci:06480203838-06704520385,omid:br/06480203838,omid:br/06704520385
oci:06480203838-06704520386,omid:br/06480203838,omid:br/06704520386
oci:06480203332-062101125681,omid:br/06480203332,omid:br/062101125681
oci:06520198312-06104308019,omid:br/06520198312,omid:br/06104308019
oci:06520198312-065081182,omid:br/06520198312,omid:br/065081182
oci:06520198312-06230488982,omid:br/06520198312,omid:br/06230488982
oci:06520198312-0615081879,omid:br/06520198312,omid:br/0615081879
oci:06520198312-06230490212,omid:br/06520198312,omid:br/06230490212
oci:06520198312-06902621138,omid:br/06520198312,omid:br/06902621138
oci:06520198384-06480204178,omid:br/06520198384,omid:br/06480204178
oci:06520198384-06480204148,omid:br/06520198384,omid:br/06480204148
oci:06480203489-0670356411,omid:br/06480203489,omid:br/0670356411
oci:06480203489-06170350854,omid:br/06480203489,omid:br/06170350854
oci:06480203489-062603077923,omid:br/06480203489,omid:br/062603077923
oci:06480203489-06403020432,omid:br/06480203489,omid:br/06403020432
oci:06480203489-06803907590,omid:br/06480203489,omid:br/06803907590
oci:06480203489-06303116915,omid:br/06480203489,omid:br/06303116915
oci:06480203489-062103725802,omid:br/06480203489,omid:br/062103725802
oci:06480203489-0680361999,omid:br/06480203489,omid:br/0680361999
oci:06480203489-06703988999,omid:br/06480203489,omid:br/06703988999
oci:06480203489-061803499640,omid:br/06480203489,omid:br/061803499640
oci:06480203723-06520198425,omid:br/06480203723,omid:br/06520198425
oci:06480203723-06290247000,omid:br/06480203723,omid:br/06290247000
oci:06480203723-06520198487,omid:br/06480203723,omid:br/06520198487
oci:06480203510-06150678726,omid:br/06480203510,omid:br/06150678726
oci:06480203510-061303768130,omid:br/06480203510,omid:br/061303768130
oci:06480203510-06204229551,omid:br/06480203510,omid:br/06204229551
oci:06480203510-06140671749,omid:br/06480203510,omid:br/06140671749
oci:06480203510-06520198261,omid:br/06480203510,omid:br/06520198261
oci:06480203510-06703453381,omid:br/06480203510,omid:br/06703453381
oci:06480203510-061403471650,omid:br/06480203510,omid:br/061403471650
oci:06480203510-061503704057,omid:br/06480203510,omid:br/061503704057
oci:06480203687-06801792844,omid:br/06480203687,omid:br/06801792844
oci:06480203687-06603096096,omid:br/06480203687,omid:br/06603096096
oci:06480203687-06901808131,omid:br/06480203687,omid:br/06901808131
oci:06480203687-062302124358,omid:br/06480203687,omid:br/062302124358
oci:06480203817-06303461888,omid:br/06480203817,omid:br/06303461888
oci:06480203817-0612078987,omid:br/06480203817,omid:br/0612078987
oci:06480203817-0628069748,omid:br/06480203817,omid:br/0628069748
oci:06480203817-061083769,omid:br/06480203817,omid:br/061083769
oci:06480203817-061602709049,omid:br/06480203817,omid:br/061602709049
oci:06480203817-0650837940,omid:br/06480203817,omid:br/0650837940
oci:06480203817-061301250924,omid:br/06480203817,omid:br/061301250924
oci:06480203817-061202697124,omid:br/06480203817,omid:br/061202697124
oci:06480203817-062403641855,omid:br/06480203817,omid:br/062403641855
oci:06480203817-061503742779,omid:br/06480203817,omid:br/061503742779
oci:06480203817-0625077795,omid:br/06480203817,omid:br/0625077795
oci:06480203817-061302692523,omid:br/06480203817,omid:br/061302692523
oci:06480203817-061103845545,omid:br/06480203817,omid:br/061103845545
oci:06480203817-0618081250,omid:br/06480203817,omid:br/0618081250
oci:06480203817-062403574128,omid:br/06480203817,omid:br/062403574128
oci:06480203817-068086787,omid:br/06480203817,omid:br/068086787
oci:06480203817-062079886,omid:br/06480203817,omid:br/062079886
oci:06480203817-069096330,omid:br/06480203817,omid:br/069096330
oci:06480203817-061403472062,omid:br/06480203817,omid:br/061403472062
oci:06480203817-062503041697,omid:br/06480203817,omid:br/062503041697
oci:06480203817-062502688449,omid:br/06480203817,omid:br/062502688449
oci:06480203817-062080215,omid:br/06480203817,omid:br/062080215
oci:06480203327-06520198225,omid:br/06480203327,omid:br/06520198225
oci:06480203327-06480204149,omid:br/06480203327,omid:br/06480204149
oci:06480203327-06110347825,omid:br/06480203327,omid:br/06110347825
oci:06480203819-06130260743,omid:br/06480203819,omid:br/06130260743
oci:06480203819-06104128093,omid:br/06480203819,omid:br/06104128093
oci:06480203819-06203457597,omid:br/06480203819,omid:br/06203457597
oci:06480203819-061202038289,omid:br/06480203819,omid:br/061202038289
oci:06480203527-061601114023,omid:br/06480203527,omid:br/061601114023
oci:06480203527-06101681596,omid:br/06480203527,omid:br/06101681596
oci:06480203527-06204147651,omid:br/06480203527,omid:br/06204147651
oci:06480203527-06902277496,omid:br/06480203527,omid:br/06902277496
oci:06480203527-06140603933,omid:br/06480203527,omid:br/06140603933
oci:06480203678-062501781127,omid:br/06480203678,omid:br/062501781127
oci:06480203678-06240605550,omid:br/06480203678,omid:br/06240605550
oci:06480203678-06201794297,omid:br/06480203678,omid:br/06201794297
oci:06480203678-0690624147,omid:br/06480203678,omid:br/0690624147
oci:06480203678-06220614351,omid:br/06480203678,omid:br/06220614351
oci:06480203727-06520198452,omid:br/06480203727,omid:br/06520198452
oci:06520198395-06180837499,omid:br/06520198395,omid:br/06180837499
oci:06520198395-06410202508,omid:br/06520198395,omid:br/06410202508
oci:06520198395-0627026696,omid:br/06520198395,omid:br/0627026696
oci:06520198395-0640846536,omid:br/06520198395,omid:br/0640846536
oci:06520198395-06440202900,omid:br/06520198395,omid:br/06440202900
oci:06480203507-06403526422,omid:br/06480203507,omid:br/06403526422
oci:06480203507-061103634446,omid:br/06480203507,omid:br/061103634446
oci:06480203786-061903636966,omid:br/06480203786,omid:br/061903636966
oci:06480203530-0680362709,omid:br/06480203530,omid:br/0680362709
oci:06480203530-06230621532,omid:br/06480203530,omid:br/06230621532
oci:06480203796-061703775584,omid:br/06480203796,omid:br/061703775584
oci:06480203796-06904085895,omid:br/06480203796,omid:br/06904085895
oci:06480203796-061803755090,omid:br/06480203796,omid:br/061803755090
oci:06480203796-0660995368,omid:br/06480203796,omid:br/0660995368
oci:06480203281-06170844402,omid:br/06480203281,omid:br/06170844402
oci:06480203281-062301692601,omid:br/06480203281,omid:br/062301692601
oci:06480203281-061603640962,omid:br/06480203281,omid:br/061603640962
oci:06480203281-061901390293,omid:br/06480203281,omid:br/061901390293
oci:06520198320-061603640364,omid:br/06520198320,omid:br/061603640364
oci:06520198320-061603640962,omid:br/06520198320,omid:br/061603640962
oci:06520198320-061203638402,omid:br/06520198320,omid:br/061203638402
oci:06520198320-0680999738,omid:br/06520198320,omid:br/0680999738
oci:06480203269-06230251965,omid:br/06480203269,omid:br/06230251965
oci:06480203269-06230251557,omid:br/06480203269,omid:br/06230251557
oci:06480203269-06503120793,omid:br/06480203269,omid:br/06503120793
oci:06480203269-061303636019,omid:br/06480203269,omid:br/061303636019
oci:06480203269-061301357935,omid:br/06480203269,omid:br/061301357935
oci:06480203269-06603475960,omid:br/06480203269,omid:br/06603475960
oci:06480203269-062301124111,omid:br/06480203269,omid:br/062301124111
oci:06480203269-06803108441,omid:br/06480203269,omid:br/06803108441
oci:06520198386-061403039511,omid:br/06520198386,omid:br/061403039511
oci:06520198386-0628025543,omid:br/06520198386,omid:br/0628025543
oci:06520198386-062202117020,omid:br/06520198386,omid:br/062202117020
oci:06520198386-06304024775,omid:br/06520198386,omid:br/06304024775
oci:06520198386-06260942723,omid:br/06520198386,omid:br/06260942723
oci:06480203722-06901558583,omid:br/06480203722,omid:br/06901558583
oci:06480203722-0690362471,omid:br/06480203722,omid:br/0690362471
oci:06480203722-06170526736,omid:br/06480203722,omid:br/06170526736
oci:06480203722-06130702854,omid:br/06480203722,omid:br/06130702854
oci:06480203722-0680621745,omid:br/06480203722,omid:br/0680621745
oci:06480203722-06240667921,omid:br/06480203722,omid:br/06240667921
oci:06480203722-065081489,omid:br/06480203722,omid:br/065081489
oci:06480203722-061303613027,omid:br/06480203722,omid:br/061303613027
oci:06480203722-06210710303,omid:br/06480203722,omid:br/06210710303
oci:06480203513-06503487129,omid:br/06480203513,omid:br/06503487129
oci:06480203513-061903636832,omid:br/06480203513,omid:br/061903636832
oci:06480203719-06160352446,omid:br/06480203719,omid:br/06160352446
oci:06480203719-061201125372,omid:br/06480203719,omid:br/061201125372
oci:06480203719-06480203820,omid:br/06480203719,omid:br/06480203820
oci:06480203486-0625077502,omid:br/06480203486,omid:br/0625077502
oci:06480203486-061403633503,omid:br/06480203486,omid:br/061403633503
oci:06480203486-062101129097,omid:br/06480203486,omid:br/062101129097
oci:06480203486-0660474548,omid:br/06480203486,omid:br/0660474548
oci:06480203486-061801575157,omid:br/06480203486,omid:br/061801575157
oci:06480203486-06210357238,omid:br/06480203486,omid:br/06210357238
oci:06480203486-06603946113,omid:br/06480203486,omid:br/06603946113
oci:06480203486-061803037381,omid:br/06480203486,omid:br/061803037381
oci:06480203486-06140941272,omid:br/06480203486,omid:br/06140941272
oci:06480203486-0616083408,omid:br/06480203486,omid:br/0616083408
oci:06480203486-06801141681,omid:br/06480203486,omid:br/06801141681
oci:06480203486-061101778295,omid:br/06480203486,omid:br/061101778295
oci:06480203486-06260108853,omid:br/06480203486,omid:br/06260108853
oci:06480203486-0610354552,omid:br/06480203486,omid:br/0610354552
oci:06480203486-06303015582,omid:br/06480203486,omid:br/06303015582
oci:06480203486-065078942,omid:br/06480203486,omid:br/065078942
oci:06480203486-06140941210,omid:br/06480203486,omid:br/06140941210
oci:06480203486-062103049252,omid:br/06480203486,omid:br/062103049252
oci:06480203486-06202420830,omid:br/06480203486,omid:br/06202420830
oci:06480203486-061401563727,omid:br/06480203486,omid:br/061401563727
oci:06480203486-061101778385,omid:br/06480203486,omid:br/061101778385
oci:06480203486-061603511465,omid:br/06480203486,omid:br/061603511465
oci:06480203486-062085889,omid:br/06480203486,omid:br/062085889
oci:06480203486-06703133465,omid:br/06480203486,omid:br/06703133465
oci:06480203486-06190947453,omid:br/06480203486,omid:br/06190947453
oci:06480203486-06250845630,omid:br/06480203486,omid:br/06250845630
oci:06480203807-061201125365,omid:br/06480203807,omid:br/061201125365
oci:06480203807-06704520380,omid:br/06480203807,omid:br/06704520380
oci:06480203807-06190843235,omid:br/06480203807,omid:br/06190843235
oci:06480203537-062101198145,omid:br/06480203537,omid:br/062101198145
oci:06480203537-061901210983,omid:br/06480203537,omid:br/061901210983
oci:06480203537-061101778385,omid:br/06480203537,omid:br/061101778385
oci:06480203537-06130820753,omid:br/06480203537,omid:br/06130820753
oci:06480203537-06902840019,omid:br/06480203537,omid:br/06902840019
oci:06480203537-06303015582,omid:br/06480203537,omid:br/06303015582
oci:06480203537-061101778364,omid:br/06480203537,omid:br/061101778364
oci:06480203537-0660474467,omid:br/06480203537,omid:br/0660474467
oci:06480203537-061202595743,omid:br/06480203537,omid:br/061202595743
oci:06480203537-061202595633,omid:br/06480203537,omid:br/061202595633
oci:06480203537-06801141691,omid:br/06480203537,omid:br/06801141691
oci:06480203537-06902840129,omid:br/06480203537,omid:br/06902840129
oci:06480203537-061403633337,omid:br/06480203537,omid:br/061403633337
oci:06480203537-06250611768,omid:br/06480203537,omid:br/06250611768
oci:06480203537-062101129530,omid:br/06480203537,omid:br/062101129530
oci:06480203537-062101129045,omid:br/06480203537,omid:br/062101129045
oci:06480203537-061302806780,omid:br/06480203537,omid:br/061302806780
oci:06480203537-06903552157,omid:br/06480203537,omid:br/06903552157
oci:06480203537-062085889,omid:br/06480203537,omid:br/062085889
oci:06480203537-06190947362,omid:br/06480203537,omid:br/06190947362
oci:06480203917-061201164813,omid:br/06480203917,omid:br/061201164813
oci:06480203917-0660717652,omid:br/06480203917,omid:br/0660717652
oci:06480203917-069095102,omid:br/06480203917,omid:br/069095102
oci:06480203917-0690365018,omid:br/06480203917,omid:br/0690365018
oci:06480203917-06503485614,omid:br/06480203917,omid:br/06503485614
oci:06480203917-06503485438,omid:br/06480203917,omid:br/06503485438
oci:06480203917-0660622087,omid:br/06480203917,omid:br/0660622087
oci:06480203334-06390227370,omid:br/06480203334,omid:br/06390227370
oci:06480203816-0660932180,omid:br/06480203816,omid:br/0660932180
oci:06480203816-0690818898,omid:br/06480203816,omid:br/0690818898
oci:06480203816-06901005703,omid:br/06480203816,omid:br/06901005703
oci:06480203816-06480203299,omid:br/06480203816,omid:br/06480203299
oci:06480203816-06803285979,omid:br/06480203816,omid:br/06803285979
oci:06480203757-061601137746,omid:br/06480203757,omid:br/061601137746
oci:06480203653-0604711439,omid:br/06480203653,omid:br/0604711439
oci:06480203653-06220614890,omid:br/06480203653,omid:br/06220614890
oci:06480203653-06250986275,omid:br/06480203653,omid:br/06250986275
oci:06480203653-06480203667,omid:br/06480203653,omid:br/06480203667
oci:06480203653-0615084350,omid:br/06480203653,omid:br/0615084350
oci:06520198352-06410202856,omid:br/06520198352,omid:br/06410202856
oci:06520198352-06160844544,omid:br/06520198352,omid:br/06160844544
oci:06520198352-06704021539,omid:br/06520198352,omid:br/06704021539
oci:06520198352-06160927445,omid:br/06520198352,omid:br/06160927445
oci:06520198352-06220929984,omid:br/06520198352,omid:br/06220929984
oci:06520198235-0630348846,omid:br/06520198235,omid:br/0630348846
oci:06520198235-06602245513,omid:br/06520198235,omid:br/06602245513
oci:06520198235-061203712336,omid:br/06520198235,omid:br/061203712336
oci:06520198235-062503045499,omid:br/06520198235,omid:br/062503045499
oci:06520198235-061203712602,omid:br/06520198235,omid:br/061203712602
oci:06520198235-06160354345,omid:br/06520198235,omid:br/06160354345
oci:06520198235-0660859678,omid:br/06520198235,omid:br/0660859678
oci:06520198235-062601893799,omid:br/06520198235,omid:br/062601893799
oci:06520198235-06901890080,omid:br/06520198235,omid:br/06901890080
oci:06520198235-06190358215,omid:br/06520198235,omid:br/06190358215
oci:06520198235-061203712961,omid:br/06520198235,omid:br/061203712961
oci:06520198235-061203712993,omid:br/06520198235,omid:br/061203712993
oci:06520198235-06250347956,omid:br/06520198235,omid:br/06250347956
oci:06520198235-061303693755,omid:br/06520198235,omid:br/061303693755
oci:06520198235-0640861516,omid:br/06520198235,omid:br/0640861516
oci:06520198235-0640861480,omid:br/06520198235,omid:br/0640861480
oci:06520198235-061303693759,omid:br/06520198235,omid:br/061303693759
oci:06520198235-0628069846,omid:br/06520198235,omid:br/0628069846
oci:06520198235-0660860009,omid:br/06520198235,omid:br/0660860009
oci:06520198235-0670357165,omid:br/06520198235,omid:br/0670357165
oci:06520198235-061203712992,omid:br/06520198235,omid:br/061203712992
oci:06520198235-061203712501,omid:br/06520198235,omid:br/061203712501
oci:06520198235-061203712502,omid:br/06520198235,omid:br/061203712502
oci:06520198235-0640353133,omid:br/06520198235,omid:br/0640353133
oci:06520198235-06140672235,omid:br/06520198235,omid:br/06140672235
oci:06520198235-0670855505,omid:br/06520198235,omid:br/0670855505
oci:06520198235-0630529152,omid:br/06520198235,omid:br/0630529152
oci:06520198235-06302243002,omid:br/06520198235,omid:br/06302243002
oci:06520198235-064083763,omid:br/06520198235,omid:br/064083763
oci:06520198235-06250355593,omid:br/06520198235,omid:br/06250355593
oci:06520198235-06170350265,omid:br/06520198235,omid:br/06170350265
oci:06520198235-06404133817,omid:br/06520198235,omid:br/06404133817
oci:06480203798-062301279438,omid:br/06480203798,omid:br/062301279438
oci:06480203798-061301568151,omid:br/06480203798,omid:br/061301568151
oci:06480203798-06301579313,omid:br/06480203798,omid:br/06301579313
oci:06480203798-06230371523,omid:br/06480203798,omid:br/06230371523
oci:06480203798-061501574888,omid:br/06480203798,omid:br/061501574888
oci:06480203750-061303487291,omid:br/06480203750,omid:br/061303487291
oci:06480203750-06403113860,omid:br/06480203750,omid:br/06403113860
oci:06480203750-062603077377,omid:br/06480203750,omid:br/062603077377
oci:06480203750-061503505241,omid:br/06480203750,omid:br/061503505241
oci:06480203750-06203474930,omid:br/06480203750,omid:br/06203474930
oci:06480203750-062201125327,omid:br/06480203750,omid:br/062201125327
oci:06480203942-062301050520,omid:br/06480203942,omid:br/062301050520
oci:06480203942-062401033669,omid:br/06480203942,omid:br/062401033669
oci:06480203942-061402852342,omid:br/06480203942,omid:br/061402852342
oci:06480203942-06120811352,omid:br/06480203942,omid:br/06120811352
oci:06480203942-06803976174,omid:br/06480203942,omid:br/06803976174
oci:06480203942-062403804381,omid:br/06480203942,omid:br/062403804381
oci:06480203942-06902278372,omid:br/06480203942,omid:br/06902278372
oci:06480203942-06404029728,omid:br/06480203942,omid:br/06404029728
oci:06480203942-0633035192,omid:br/06480203942,omid:br/0633035192
oci:06480203942-061801701400,omid:br/06480203942,omid:br/061801701400
oci:06480203942-062101781809,omid:br/06480203942,omid:br/062101781809
oci:06480203942-062102717006,omid:br/06480203942,omid:br/062102717006
oci:06480203808-061503582641,omid:br/06480203808,omid:br/061503582641
oci:06480203784-062203579719,omid:br/06480203784,omid:br/062203579719
oci:06480203784-0613078058,omid:br/06480203784,omid:br/0613078058
oci:06480203784-064083371,omid:br/06480203784,omid:br/064083371
oci:06480203784-061502703100,omid:br/06480203784,omid:br/061502703100
oci:06480203784-061703065054,omid:br/06480203784,omid:br/061703065054
oci:06480203784-0618084175,omid:br/06480203784,omid:br/0618084175
oci:06480203784-067083386,omid:br/06480203784,omid:br/067083386
oci:06480203784-062403052097,omid:br/06480203784,omid:br/062403052097
oci:06480203784-0619084368,omid:br/06480203784,omid:br/0619084368
oci:06480203784-062082927,omid:br/06480203784,omid:br/062082927
oci:06480203784-06150487184,omid:br/06480203784,omid:br/06150487184
oci:06480203784-062503045554,omid:br/06480203784,omid:br/062503045554
oci:06480203784-0624077277,omid:br/06480203784,omid:br/0624077277
oci:06480203784-06403476646,omid:br/06480203784,omid:br/06403476646
oci:06480203784-06230953068,omid:br/06480203784,omid:br/06230953068
oci:06480203784-0640861122,omid:br/06480203784,omid:br/0640861122
oci:06480203654-0610561368,omid:br/06480203654,omid:br/0610561368
oci:06480203654-061101135452,omid:br/06480203654,omid:br/061101135452
oci:06480203654-0626099648,omid:br/06480203654,omid:br/0626099648
oci:06520198307-061303767308,omid:br/06520198307,omid:br/061303767308
oci:06520198307-061103034771,omid:br/06520198307,omid:br/061103034771
oci:06520198307-061803567797,omid:br/06520198307,omid:br/061803567797
oci:06520198307-06140671713,omid:br/06520198307,omid:br/06140671713
oci:06520198307-06140671648,omid:br/06520198307,omid:br/06140671648
oci:06520198307-061203712471,omid:br/06520198307,omid:br/061203712471
oci:06520198307-061603510263,omid:br/06520198307,omid:br/061603510263
oci:06520198307-06140671333,omid:br/06520198307,omid:br/06140671333
oci:06520198307-06150678715,omid:br/06520198307,omid:br/06150678715
oci:06520198307-061703065646,omid:br/06520198307,omid:br/061703065646
oci:06520198307-061303048878,omid:br/06520198307,omid:br/061303048878
oci:06520198307-06160354418,omid:br/06520198307,omid:br/06160354418
oci:06520198307-0626095606,omid:br/06520198307,omid:br/0626095606
oci:06520198307-06240342094,omid:br/06520198307,omid:br/06240342094
oci:06520198307-06140671966,omid:br/06520198307,omid:br/06140671966
oci:06520198307-06140671979,omid:br/06520198307,omid:br/06140671979
oci:06520198307-06170350435,omid:br/06520198307,omid:br/06170350435
oci:06520198307-06102257477,omid:br/06520198307,omid:br/06102257477
oci:06520198307-062501862888,omid:br/06520198307,omid:br/062501862888
oci:06520198307-06160354362,omid:br/06520198307,omid:br/06160354362
oci:06520198307-06140671965,omid:br/06520198307,omid:br/06140671965
oci:06520198350-06520198366,omid:br/06520198350,omid:br/06520198366
oci:06480203263-062503642451,omid:br/06480203263,omid:br/062503642451
oci:06480203263-062201123603,omid:br/06480203263,omid:br/062201123603
oci:06480203263-06190267333,omid:br/06480203263,omid:br/06190267333
oci:06480203263-06220166493,omid:br/06480203263,omid:br/06220166493
oci:06480203263-062303655263,omid:br/06480203263,omid:br/062303655263
oci:06480203263-0620357007,omid:br/06480203263,omid:br/0620357007
oci:06480203263-06301364615,omid:br/06480203263,omid:br/06301364615
oci:06480203263-0626097153,omid:br/06480203263,omid:br/0626097153
oci:06480203263-06110362632,omid:br/06480203263,omid:br/06110362632
oci:06480203263-06180618248,omid:br/06480203263,omid:br/06180618248
oci:06480203263-061803316514,omid:br/06480203263,omid:br/061803316514
oci:06480203263-062403051358,omid:br/06480203263,omid:br/062403051358
oci:06480203263-06180267041,omid:br/06480203263,omid:br/06180267041
oci:06480203899-0630170265,omid:br/06480203899,omid:br/0630170265
oci:06480203899-0619090577,omid:br/06480203899,omid:br/0619090577
oci:06480203899-06130479770,omid:br/06480203899,omid:br/06130479770
oci:061903582067-061804169427,omid:br/061903582067,omid:br/061804169427
oci:061903582067-061804169428,omid:br/061903582067,omid:br/061804169428
oci:061903582067-0604838094,omid:br/061903582067,omid:br/0604838094
oci:06520198273-0660859726,omid:br/06520198273,omid:br/0660859726
oci:06520198273-06403481778,omid:br/06520198273,omid:br/06403481778
oci:06520198273-061101654034,omid:br/06520198273,omid:br/061101654034
oci:06520198273-061301642874,omid:br/06520198273,omid:br/061301642874
oci:06520198273-061101654301,omid:br/06520198273,omid:br/061101654301
oci:06520198273-061101654467,omid:br/06520198273,omid:br/061101654467
oci:06520198273-06140671286,omid:br/06520198273,omid:br/06140671286
oci:06520198273-061103774814,omid:br/06520198273,omid:br/061103774814
oci:06520198273-061401632302,omid:br/06520198273,omid:br/061401632302
oci:06520198273-06903075571,omid:br/06520198273,omid:br/06903075571
oci:06520198273-061201642334,omid:br/06520198273,omid:br/061201642334
oci:06520198273-06503466791,omid:br/06520198273,omid:br/06503466791
oci:06520198273-0620356688,omid:br/06520198273,omid:br/0620356688
oci:06480203791-061701411475,omid:br/06480203791,omid:br/061701411475
oci:06480203791-0649046716,omid:br/06480203791,omid:br/0649046716
oci:06480203791-062401759822,omid:br/06480203791,omid:br/062401759822
oci:06480203791-061102448284,omid:br/06480203791,omid:br/061102448284
oci:06480203791-06150197281,omid:br/06480203791,omid:br/06150197281
oci:06480203791-06210765259,omid:br/06480203791,omid:br/06210765259
oci:06480203791-06201783186,omid:br/06480203791,omid:br/06201783186
oci:06480203791-068072894,omid:br/06480203791,omid:br/068072894
oci:06480203791-061901991744,omid:br/06480203791,omid:br/061901991744
oci:06480203791-06401438108,omid:br/06480203791,omid:br/06401438108
oci:06480203791-06101797691,omid:br/06480203791,omid:br/06101797691
oci:06480203791-061301558030,omid:br/06480203791,omid:br/061301558030
oci:06480203791-0660238857,omid:br/06480203791,omid:br/0660238857
oci:06480203791-068072929,omid:br/06480203791,omid:br/068072929
oci:06480203791-0618069163,omid:br/06480203791,omid:br/0618069163
oci:06480203791-061902194075,omid:br/06480203791,omid:br/061902194075
oci:06480203791-061201557666,omid:br/06480203791,omid:br/061201557666
oci:06480203791-061502195804,omid:br/06480203791,omid:br/061502195804
oci:06480203791-061201558050,omid:br/06480203791,omid:br/061201558050
oci:06480203791-061303636452,omid:br/06480203791,omid:br/061303636452
oci:06480203791-061301358701,omid:br/06480203791,omid:br/061301358701
oci:06480203791-06701646046,omid:br/06480203791,omid:br/06701646046
oci:06480203791-061201357742,omid:br/06480203791,omid:br/061201357742
oci:06480203791-061102714382,omid:br/06480203791,omid:br/061102714382
oci:06480203791-062302696957,omid:br/06480203791,omid:br/062302696957
oci:06480203791-061801770712,omid:br/06480203791,omid:br/061801770712
oci:06480203791-0660238853,omid:br/06480203791,omid:br/0660238853
oci:06480203791-061902194101,omid:br/06480203791,omid:br/061902194101
oci:06480203791-068072852,omid:br/06480203791,omid:br/068072852
oci:06480203791-068072755,omid:br/06480203791,omid:br/068072755
oci:06480203297-0604838114,omid:br/06480203297,omid:br/0604838114
oci:06480203297-061101135513,omid:br/06480203297,omid:br/061101135513
oci:06480203297-061603329805,omid:br/06480203297,omid:br/061603329805
oci:06520198371-0621086270,omid:br/06520198371,omid:br/0621086270
oci:06520198371-0630353824,omid:br/06520198371,omid:br/0630353824
oci:06520198371-0653024143,omid:br/06520198371,omid:br/0653024143
oci:06520198371-062503046341,omid:br/06520198371,omid:br/062503046341
oci:06520198371-06220929991,omid:br/06520198371,omid:br/06220929991
oci:06520198371-0628026369,omid:br/06520198371,omid:br/0628026369
oci:06520198371-06180837582,omid:br/06520198371,omid:br/06180837582
oci:06480203768-06501385566,omid:br/06480203768,omid:br/06501385566
oci:06480203768-06230478020,omid:br/06480203768,omid:br/06230478020
oci:06480203768-06602615027,omid:br/06480203768,omid:br/06602615027
oci:06480203768-06502617935,omid:br/06480203768,omid:br/06502617935
oci:06480203768-06403710310,omid:br/06480203768,omid:br/06403710310
oci:06480203940-0610354658,omid:br/06480203940,omid:br/0610354658
oci:06480203940-06180353964,omid:br/06480203940,omid:br/06180353964
oci:06480203940-0690361035,omid:br/06480203940,omid:br/0690361035
oci:06480203940-06170497685,omid:br/06480203940,omid:br/06170497685
oci:06480203940-06902620696,omid:br/06480203940,omid:br/06902620696
oci:06480203940-06101035194,omid:br/06480203940,omid:br/06101035194
oci:06480203940-062101316704,omid:br/06480203940,omid:br/062101316704
oci:06480203940-062503045040,omid:br/06480203940,omid:br/062503045040
oci:06480203940-061903067577,omid:br/06480203940,omid:br/061903067577
oci:06480203940-061902893418,omid:br/06480203940,omid:br/061902893418
oci:06480203940-06210485412,omid:br/06480203940,omid:br/06210485412
oci:06520198230-06803513764,omid:br/06520198230,omid:br/06803513764
oci:06520198230-06210616394,omid:br/06520198230,omid:br/06210616394
oci:06520198230-06110618752,omid:br/06520198230,omid:br/06110618752
oci:06480203634-06340317031,omid:br/06480203634,omid:br/06340317031
oci:06480203634-061804119909,omid:br/06480203634,omid:br/061804119909
oci:06480203634-0604838095,omid:br/06480203634,omid:br/0604838095
oci:06480203789-061202696119,omid:br/06480203789,omid:br/061202696119
oci:06480203789-0616090266,omid:br/06480203789,omid:br/0616090266
oci:06480203789-061303693986,omid:br/06480203789,omid:br/061303693986
oci:06480203789-06704520376,omid:br/06480203789,omid:br/06704520376
oci:06480203926-061202040202,omid:br/06480203926,omid:br/061202040202
oci:06480203926-063305218,omid:br/06480203926,omid:br/063305218
oci:06480203926-062402116399,omid:br/06480203926,omid:br/062402116399
oci:06480203926-06103132230,omid:br/06480203926,omid:br/06103132230
oci:06480203926-061903747799,omid:br/06480203926,omid:br/061903747799
oci:06480203926-062202428217,omid:br/06480203926,omid:br/062202428217
oci:06480203926-061501138578,omid:br/06480203926,omid:br/061501138578
oci:06480203926-061603304759,omid:br/06480203926,omid:br/061603304759
oci:06480203926-06804057302,omid:br/06480203926,omid:br/06804057302
oci:06480203926-06303479792,omid:br/06480203926,omid:br/06303479792
oci:06480203926-062603080146,omid:br/06480203926,omid:br/062603080146
oci:06480203926-06702453861,omid:br/06480203926,omid:br/06702453861
oci:06480203926-061803056041,omid:br/06480203926,omid:br/061803056041
oci:06480203707-06480203691,omid:br/06480203707,omid:br/06480203691
oci:06480203707-061203054905,omid:br/06480203707,omid:br/061203054905
oci:06480203759-06480203756,omid:br/06480203759,omid:br/06480203756
oci:06480203270-0620357007,omid:br/06480203270,omid:br/0620357007
oci:06480203270-062103306036,omid:br/06480203270,omid:br/062103306036
oci:06480203270-06701040572,omid:br/06480203270,omid:br/06701040572
oci:06480203270-064086282,omid:br/06480203270,omid:br/064086282
oci:06480203270-061603329805,omid:br/06480203270,omid:br/061603329805
oci:06480203270-06180618248,omid:br/06480203270,omid:br/06180618248
oci:06480203270-061803316514,omid:br/06480203270,omid:br/061803316514
oci:06480203270-061101135513,omid:br/06480203270,omid:br/061101135513
oci:06480203818-061103681941,omid:br/06480203818,omid:br/061103681941
oci:06520198379-062078342,omid:br/06520198379,omid:br/062078342
oci:06520198379-061303599554,omid:br/06520198379,omid:br/061303599554
oci:06520198379-061603641140,omid:br/06520198379,omid:br/061603641140
oci:06520198379-066081267,omid:br/06520198379,omid:br/066081267
oci:06520198379-0690971216,omid:br/06520198379,omid:br/0690971216
oci:06480203935-061903593131,omid:br/06480203935,omid:br/061903593131
oci:06480203935-06520198541,omid:br/06480203935,omid:br/06520198541
oci:06480203903-06410202326,omid:br/06480203903,omid:br/06410202326
oci:06480203903-06801139314,omid:br/06480203903,omid:br/06801139314
oci:06480203903-06480203883,omid:br/06480203903,omid:br/06480203883
oci:06480203903-0604153407,omid:br/06480203903,omid:br/0604153407
oci:06480203840-06704040589,omid:br/06480203840,omid:br/06704040589
oci:06480203840-061203785031,omid:br/06480203840,omid:br/061203785031
oci:06480203557-061201613198,omid:br/06480203557,omid:br/061201613198
oci:06480203557-0650486520,omid:br/06480203557,omid:br/0650486520
oci:06480203630-06520198288,omid:br/06480203630,omid:br/06520198288
oci:06480203825-06480203599,omid:br/06480203825,omid:br/06480203599
oci:06480203825-06704520382,omid:br/06480203825,omid:br/06704520382
oci:06480203313-061201208405,omid:br/06480203313,omid:br/061201208405
oci:06480203313-06104036133,omid:br/06480203313,omid:br/06104036133
oci:06480203313-062603642899,omid:br/06480203313,omid:br/062603642899
oci:06480203313-062403620885,omid:br/06480203313,omid:br/062403620885
oci:06480203313-06503120594,omid:br/06480203313,omid:br/06503120594
oci:06480203313-06150903645,omid:br/06480203313,omid:br/06150903645
oci:06480203313-061301570683,omid:br/06480203313,omid:br/061301570683
oci:06480203666-061603653417,omid:br/06480203666,omid:br/061603653417
oci:06480203666-062101125740,omid:br/06480203666,omid:br/062101125740
oci:06480203666-06604041803,omid:br/06480203666,omid:br/06604041803
oci:06480203666-061804169423,omid:br/06480203666,omid:br/061804169423
oci:06480203666-061603653307,omid:br/06480203666,omid:br/061603653307
oci:06480203666-06403166632,omid:br/06480203666,omid:br/06403166632
oci:06480203666-061804169425,omid:br/06480203666,omid:br/061804169425
oci:06480203666-06901244316,omid:br/06480203666,omid:br/06901244316
oci:06480203535-06480203587,omid:br/06480203535,omid:br/06480203587
oci:06480203535-061503340662,omid:br/06480203535,omid:br/061503340662
oci:06480203535-061703766744,omid:br/06480203535,omid:br/061703766744
oci:06480203535-0620940875,omid:br/06480203535,omid:br/0620940875
oci:06520198370-061401364206,omid:br/06520198370,omid:br/061401364206
oci:06520198370-06170476790,omid:br/06520198370,omid:br/06170476790
oci:06480203700-068085222,omid:br/06480203700,omid:br/068085222
oci:06480203700-061801644306,omid:br/06480203700,omid:br/061801644306
oci:06480203700-061402201566,omid:br/06480203700,omid:br/061402201566
oci:06480203700-06150352714,omid:br/06480203700,omid:br/06150352714
oci:06480203700-062201640755,omid:br/06480203700,omid:br/062201640755
oci:06480203635-061602592181,omid:br/06480203635,omid:br/061602592181
oci:06480203635-06103125867,omid:br/06480203635,omid:br/06103125867
oci:06480203635-06504134762,omid:br/06480203635,omid:br/06504134762
oci:06480203635-062602723688,omid:br/06480203635,omid:br/062602723688
oci:06480203635-061102611356,omid:br/06480203635,omid:br/061102611356
oci:06480203635-06130479318,omid:br/06480203635,omid:br/06130479318
oci:06480203635-06403480020,omid:br/06480203635,omid:br/06403480020
oci:06480203635-061703065660,omid:br/06480203635,omid:br/061703065660
oci:06480203875-06901261129,omid:br/06480203875,omid:br/06901261129
oci:06480203875-06520241536,omid:br/06480203875,omid:br/06520241536
oci:06480203875-06404142426,omid:br/06480203875,omid:br/06404142426
oci:06480203875-061103503349,omid:br/06480203875,omid:br/061103503349
oci:06480203875-06120807881,omid:br/06480203875,omid:br/06120807881
oci:06480203839-061203712739,omid:br/06480203839,omid:br/061203712739
oci:06480203839-06703900419,omid:br/06480203839,omid:br/06703900419
oci:06480203839-06250347507,omid:br/06480203839,omid:br/06250347507
oci:06480203611-06701243525,omid:br/06480203611,omid:br/06701243525
oci:06480203611-06402140388,omid:br/06480203611,omid:br/06402140388
oci:06480203611-061301129968,omid:br/06480203611,omid:br/061301129968
oci:06480203611-06170925291,omid:br/06480203611,omid:br/06170925291
oci:06480203611-061101135161,omid:br/06480203611,omid:br/061101135161
oci:06520198374-06240802422,omid:br/06520198374,omid:br/06240802422
oci:06480203902-066084009,omid:br/06480203902,omid:br/066084009
oci:06480203902-061302693218,omid:br/06480203902,omid:br/061302693218
oci:06480203902-06801392535,omid:br/06480203902,omid:br/06801392535
oci:06480203902-06201395806,omid:br/06480203902,omid:br/06201395806
oci:06480203902-06240478850,omid:br/06480203902,omid:br/06240478850
oci:06480203902-061301570533,omid:br/06480203902,omid:br/061301570533
oci:06480203618-062201639885,omid:br/06480203618,omid:br/062201639885
oci:06480203618-061603631952,omid:br/06480203618,omid:br/061603631952
oci:06480203618-061902120927,omid:br/06480203618,omid:br/061902120927
oci:06520198327-06480204149,omid:br/06520198327,omid:br/06480204149
oci:06520198327-061401121088,omid:br/06520198327,omid:br/061401121088
oci:06480203717-062101640591,omid:br/06480203717,omid:br/062101640591
oci:06480203717-061085212,omid:br/06480203717,omid:br/061085212
oci:06480203717-06401003808,omid:br/06480203717,omid:br/06401003808
oci:06480203717-062202028907,omid:br/06480203717,omid:br/062202028907
oci:06480203717-062082889,omid:br/06480203717,omid:br/062082889
oci:06480203717-06240346830,omid:br/06480203717,omid:br/06240346830
oci:06480203316-061202057683,omid:br/06480203316,omid:br/061202057683
oci:06480203775-061803499665,omid:br/06480203775,omid:br/061803499665
oci:06480203775-06240341537,omid:br/06480203775,omid:br/06240341537
oci:06480203775-06220341512,omid:br/06480203775,omid:br/06220341512
oci:06480203775-0680362820,omid:br/06480203775,omid:br/0680362820
oci:06480203775-06160355111,omid:br/06480203775,omid:br/06160355111
oci:06480203775-061901516510,omid:br/06480203775,omid:br/061901516510
oci:06480203775-061403702055,omid:br/06480203775,omid:br/061403702055
oci:06480203668-061603653307,omid:br/06480203668,omid:br/061603653307
oci:06480203668-06801392757,omid:br/06480203668,omid:br/06801392757
oci:06480203668-061602691261,omid:br/06480203668,omid:br/061602691261
oci:06480203585-06130479180,omid:br/06480203585,omid:br/06130479180
oci:06480203585-06803286304,omid:br/06480203585,omid:br/06803286304
oci:06480203531-06240749794,omid:br/06480203531,omid:br/06240749794
oci:06480203531-06240749761,omid:br/06480203531,omid:br/06240749761
oci:06480203576-061303767991,omid:br/06480203576,omid:br/061303767991
oci:06480203576-062502688368,omid:br/06480203576,omid:br/062502688368
oci:06480203576-062501336030,omid:br/06480203576,omid:br/062501336030
oci:06480203576-062501643425,omid:br/06480203576,omid:br/062501643425
oci:06480203576-062501863206,omid:br/06480203576,omid:br/062501863206
oci:06480203576-061703065109,omid:br/06480203576,omid:br/061703065109
oci:06480203576-0613078037,omid:br/06480203576,omid:br/0613078037
oci:06480203576-06501378949,omid:br/06480203576,omid:br/06501378949
oci:06480203576-062603664545,omid:br/06480203576,omid:br/062603664545
oci:06480203576-061901235037,omid:br/06480203576,omid:br/061901235037
oci:06480203576-06604071603,omid:br/06480203576,omid:br/06604071603
oci:06480203576-0618082271,omid:br/06480203576,omid:br/0618082271
oci:06480203576-0640251547,omid:br/06480203576,omid:br/0640251547
oci:06480203576-061203712871,omid:br/06480203576,omid:br/061203712871
oci:06480203576-065079207,omid:br/06480203576,omid:br/065079207
oci:06480203576-06504077060,omid:br/06480203576,omid:br/06504077060
oci:06480203576-06150353556,omid:br/06480203576,omid:br/06150353556
oci:06480203576-061401632220,omid:br/06480203576,omid:br/061401632220
oci:06480203576-061703065658,omid:br/06480203576,omid:br/061703065658
oci:06480203576-06704109238,omid:br/06480203576,omid:br/06704109238
oci:06480203576-0623084983,omid:br/06480203576,omid:br/0623084983
oci:06520198334-06701384301,omid:br/06520198334,omid:br/06701384301
oci:06520198334-061401121088,omid:br/06520198334,omid:br/061401121088
oci:06520198334-06220992547,omid:br/06520198334,omid:br/06220992547
oci:06480203305-062302697046,omid:br/06480203305,omid:br/062302697046
oci:06480203305-06120522488,omid:br/06480203305,omid:br/06120522488
oci:06480203305-061603653417,omid:br/06480203305,omid:br/061603653417
oci:06480203305-06103176533,omid:br/06480203305,omid:br/06103176533
oci:06480203806-06240477778,omid:br/06480203806,omid:br/06240477778
oci:06480203806-0620487648,omid:br/06480203806,omid:br/0620487648
oci:06480203806-062403052465,omid:br/06480203806,omid:br/062403052465
oci:06480203806-06170350852,omid:br/06480203806,omid:br/06170350852
oci:06480203806-06160354346,omid:br/06480203806,omid:br/06160354346
oci:06480203806-06180355798,omid:br/06480203806,omid:br/06180355798
oci:06480203806-061303044802,omid:br/06480203806,omid:br/061303044802
oci:06480203806-061203712739,omid:br/06480203806,omid:br/061203712739
oci:06480203806-061203712740,omid:br/06480203806,omid:br/061203712740
oci:06480203806-061203712939,omid:br/06480203806,omid:br/061203712939
oci:06480203806-06901470580,omid:br/06480203806,omid:br/06901470580
oci:06480203806-061303694409,omid:br/06480203806,omid:br/061303694409
oci:06480203806-061101176452,omid:br/06480203806,omid:br/061101176452
oci:06480203806-061101175740,omid:br/06480203806,omid:br/061101175740
oci:06480203806-061101176582,omid:br/06480203806,omid:br/061101176582
oci:06480203806-062503041428,omid:br/06480203806,omid:br/062503041428
oci:06480203806-0612078627,omid:br/06480203806,omid:br/0612078627
oci:06480203806-061303558136,omid:br/06480203806,omid:br/061303558136
oci:06480203806-062303837024,omid:br/06480203806,omid:br/062303837024
oci:06480203806-0620349344,omid:br/06480203806,omid:br/0620349344
oci:06480203806-061303044810,omid:br/06480203806,omid:br/061303044810
oci:06480203806-061103804686,omid:br/06480203806,omid:br/061103804686
oci:06480203806-06103773078,omid:br/06480203806,omid:br/06103773078
oci:06480203806-061203496137,omid:br/06480203806,omid:br/061203496137
oci:06480203806-061201164825,omid:br/06480203806,omid:br/061201164825
oci:06480203773-06220434236,omid:br/06480203773,omid:br/06220434236
oci:06480203773-06401089102,omid:br/06480203773,omid:br/06401089102
oci:06480203773-06704520374,omid:br/06480203773,omid:br/06704520374
oci:06480203773-061103733679,omid:br/06480203773,omid:br/061103733679
oci:06480203773-061903050059,omid:br/06480203773,omid:br/061903050059
oci:06480203724-06170925291,omid:br/06480203724,omid:br/06170925291
oci:06480203616-062403052363,omid:br/06480203616,omid:br/062403052363
oci:06480203616-06180486724,omid:br/06480203616,omid:br/06180486724
oci:06480203616-06503487310,omid:br/06480203616,omid:br/06503487310
oci:06480203616-061802690675,omid:br/06480203616,omid:br/061802690675
oci:06480203616-062202691511,omid:br/06480203616,omid:br/062202691511
oci:06480203506-06520198309,omid:br/06480203506,omid:br/06520198309
oci:06520198335-06480204154,omid:br/06520198335,omid:br/06480204154
oci:06480203764-06704520370,omid:br/06480203764,omid:br/06704520370
oci:06480203764-061303630913,omid:br/06480203764,omid:br/061303630913
oci:06480203827-06704520383,omid:br/06480203827,omid:br/06704520383
oci:06480203842-0650349444,omid:br/06480203842,omid:br/0650349444
oci:06480203477-06220589030,omid:br/06480203477,omid:br/06220589030
oci:06480203477-06220589010,omid:br/06480203477,omid:br/06220589010
oci:06480203477-0638064694,omid:br/06480203477,omid:br/0638064694
oci:06480203553-061301455042,omid:br/06480203553,omid:br/061301455042
oci:06480203553-06704115277,omid:br/06480203553,omid:br/06704115277
oci:06480203553-06140898019,omid:br/06480203553,omid:br/06140898019
oci:06480203277-0650356948,omid:br/06480203277,omid:br/0650356948
oci:06480203277-06601001592,omid:br/06480203277,omid:br/06601001592
oci:06480203277-06220348151,omid:br/06480203277,omid:br/06220348151
oci:06480203277-0610362083,omid:br/06480203277,omid:br/0610362083
oci:06480203277-061901577189,omid:br/06480203277,omid:br/061901577189
oci:06480203277-06190620538,omid:br/06480203277,omid:br/06190620538
oci:06480203770-0640353700,omid:br/06480203770,omid:br/0640353700
oci:06480203770-06110491034,omid:br/06480203770,omid:br/06110491034
oci:06480203770-061103724820,omid:br/06480203770,omid:br/061103724820
oci:06480203770-06703458894,omid:br/06480203770,omid:br/06703458894
oci:06480203770-061403639763,omid:br/06480203770,omid:br/061403639763
oci:06480203770-06403480102,omid:br/06480203770,omid:br/06403480102
oci:06480203770-061403710141,omid:br/06480203770,omid:br/061403710141
oci:06480203770-064083228,omid:br/06480203770,omid:br/064083228
oci:06480203770-062603077232,omid:br/06480203770,omid:br/062603077232
oci:06480203770-061503712980,omid:br/06480203770,omid:br/061503712980
oci:06480203524-06120351377,omid:br/06480203524,omid:br/06120351377
oci:06480203524-062602718209,omid:br/06480203524,omid:br/062602718209
oci:06480203524-06902621251,omid:br/06480203524,omid:br/06902621251
oci:06480203524-0625078677,omid:br/06480203524,omid:br/0625078677
oci:06480203524-062403052572,omid:br/06480203524,omid:br/062403052572
oci:06480203524-06140672023,omid:br/06480203524,omid:br/06140672023
oci:06480203524-06303016032,omid:br/06480203524,omid:br/06303016032
oci:06480203524-061303760431,omid:br/06480203524,omid:br/061303760431
oci:06480203766-06480203435,omid:br/06480203766,omid:br/06480203435
oci:06480203669-061201126004,omid:br/06480203669,omid:br/061201126004
oci:06480203669-069091283,omid:br/06480203669,omid:br/069091283
oci:06480203896-061301570533,omid:br/06480203896,omid:br/061301570533
oci:06480203896-06201395806,omid:br/06480203896,omid:br/06201395806
oci:06480203896-06130991191,omid:br/06480203896,omid:br/06130991191
oci:06480203896-06301206237,omid:br/06480203896,omid:br/06301206237
oci:06480203896-06101408294,omid:br/06480203896,omid:br/06101408294
oci:06480203896-06210924269,omid:br/06480203896,omid:br/06210924269
oci:06480203896-06520198470,omid:br/06480203896,omid:br/06520198470
oci:06480203896-06520198483,omid:br/06480203896,omid:br/06520198483
oci:06480203896-06240478850,omid:br/06480203896,omid:br/06240478850
oci:06480203615-06340317028,omid:br/06480203615,omid:br/06340317028
oci:06480203615-06520321182,omid:br/06480203615,omid:br/06520321182
oci:06520198343-062502118961,omid:br/06520198343,omid:br/062502118961
oci:06520198343-061603329798,omid:br/06520198343,omid:br/061603329798
oci:06520198343-062501188808,omid:br/06520198343,omid:br/062501188808
oci:06520198343-06601519211,omid:br/06520198343,omid:br/06601519211
oci:06520198343-0650621164,omid:br/06520198343,omid:br/0650621164
oci:06520198343-06240802422,omid:br/06520198343,omid:br/06240802422
oci:06520198343-061303628860,omid:br/06520198343,omid:br/061303628860
oci:06480203821-061101517816,omid:br/06480203821,omid:br/061101517816
oci:06480203821-061203719309,omid:br/06480203821,omid:br/061203719309
oci:06480203821-06230815191,omid:br/06480203821,omid:br/06230815191
oci:06480203821-06401045787,omid:br/06480203821,omid:br/06401045787
oci:06480203821-06240671710,omid:br/06480203821,omid:br/06240671710
oci:06480203821-0621077841,omid:br/06480203821,omid:br/0621077841
oci:06480203821-06240802422,omid:br/06480203821,omid:br/06240802422
oci:06480203314-06150903713,omid:br/06480203314,omid:br/06150903713
oci:06480203314-06150903670,omid:br/06480203314,omid:br/06150903670
oci:06480203662-061301508668,omid:br/06480203662,omid:br/061301508668
oci:06480203662-061201126004,omid:br/06480203662,omid:br/061201126004
oci:06480203534-061103655282,omid:br/06480203534,omid:br/061103655282
oci:06480203534-061101132626,omid:br/06480203534,omid:br/061101132626
oci:06480203534-061101132621,omid:br/06480203534,omid:br/061101132621
oci:06480203534-06140610715,omid:br/06480203534,omid:br/06140610715
oci:06480203534-061601133847,omid:br/06480203534,omid:br/061601133847
oci:06480203534-061601584933,omid:br/06480203534,omid:br/061601584933
oci:06480203534-062403733577,omid:br/06480203534,omid:br/062403733577
oci:06480203534-06120830521,omid:br/06480203534,omid:br/06120830521
oci:06480203897-0623086952,omid:br/06480203897,omid:br/0623086952
oci:06480203897-06203295616,omid:br/06480203897,omid:br/06203295616
oci:06480203897-06103308117,omid:br/06480203897,omid:br/06103308117
oci:06480203646-06340317034,omid:br/06480203646,omid:br/06340317034
oci:06480203646-06504534340,omid:br/06480203646,omid:br/06504534340
oci:06480203554-061102611882,omid:br/06480203554,omid:br/061102611882
oci:06480203554-061502702599,omid:br/06480203554,omid:br/061502702599
oci:06480203554-062602718367,omid:br/06480203554,omid:br/062602718367
oci:06480203554-06303110693,omid:br/06480203554,omid:br/06303110693
oci:06480203554-062302692156,omid:br/06480203554,omid:br/062302692156
oci:06480203554-06503734776,omid:br/06480203554,omid:br/06503734776
oci:06480203554-061401442221,omid:br/06480203554,omid:br/061401442221
oci:06480203554-062602718012,omid:br/06480203554,omid:br/062602718012
oci:06480203554-0680363114,omid:br/06480203554,omid:br/0680363114
oci:06480203554-061201454376,omid:br/06480203554,omid:br/061201454376
oci:06480203554-062502682416,omid:br/06480203554,omid:br/062502682416
oci:06520198366-06170998236,omid:br/06520198366,omid:br/06170998236
oci:06480203324-06130153580,omid:br/06480203324,omid:br/06130153580
oci:06480203324-06703778301,omid:br/06480203324,omid:br/06703778301
oci:06520198263-061703956882,omid:br/06520198263,omid:br/061703956882
oci:06520198263-0604838089,omid:br/06520198263,omid:br/0604838089
oci:06520198263-062603858928,omid:br/06520198263,omid:br/062603858928
oci:06520198263-06190358163,omid:br/06520198263,omid:br/06190358163
oci:06520198263-0626095084,omid:br/06520198263,omid:br/0626095084
oci:06520198263-063804579,omid:br/06520198263,omid:br/063804579
oci:06520198263-06140813875,omid:br/06520198263,omid:br/06140813875
oci:06520198263-06703454035,omid:br/06520198263,omid:br/06703454035
oci:06480203470-0610363294,omid:br/06480203470,omid:br/0610363294
oci:06480203470-06130668410,omid:br/06480203470,omid:br/06130668410
oci:06480203470-061903754776,omid:br/06480203470,omid:br/061903754776
oci:06480203470-06190122746,omid:br/06480203470,omid:br/06190122746
oci:06480203470-061103775347,omid:br/06480203470,omid:br/061103775347
oci:06480203470-06604071406,omid:br/06480203470,omid:br/06604071406
oci:06480203470-06260365450,omid:br/06480203470,omid:br/06260365450
oci:06480203470-062401203462,omid:br/06480203470,omid:br/062401203462
oci:06480203470-0626096446,omid:br/06480203470,omid:br/0626096446
oci:06480203470-06201237233,omid:br/06480203470,omid:br/06201237233
oci:06480203470-06601369952,omid:br/06480203470,omid:br/06601369952
oci:06480203573-061702232432,omid:br/06480203573,omid:br/061702232432
oci:06480203930-061903615911,omid:br/06480203930,omid:br/061903615911
oci:06480203930-06504039964,omid:br/06480203930,omid:br/06504039964
oci:06480203930-06101013681,omid:br/06480203930,omid:br/06101013681
oci:06480203930-06140987241,omid:br/06480203930,omid:br/06140987241
oci:06480203930-06601001662,omid:br/06480203930,omid:br/06601001662
oci:06480203930-061501575436,omid:br/06480203930,omid:br/061501575436
oci:06480203930-061402679972,omid:br/06480203930,omid:br/061402679972
oci:06520198394-06501531447,omid:br/06520198394,omid:br/06501531447
oci:06520198394-061202122174,omid:br/06520198394,omid:br/061202122174
oci:06520198394-061602140035,omid:br/06520198394,omid:br/061602140035
oci:06520198394-061501136799,omid:br/06520198394,omid:br/061501136799
oci:06520198394-06160926707,omid:br/06520198394,omid:br/06160926707
oci:06480203919-06210488409,omid:br/06480203919,omid:br/06210488409
oci:06480203919-06201395806,omid:br/06480203919,omid:br/06201395806
oci:06480203919-06504039817,omid:br/06480203919,omid:br/06504039817
oci:06480203919-061901389961,omid:br/06480203919,omid:br/061901389961
oci:06480203919-06901406532,omid:br/06480203919,omid:br/06901406532
oci:06480203919-06520198444,omid:br/06480203919,omid:br/06520198444
oci:06480203919-06401402479,omid:br/06480203919,omid:br/06401402479
oci:06480203454-061403777082,omid:br/06480203454,omid:br/061403777082
oci:06480203454-06903814566,omid:br/06480203454,omid:br/06903814566
oci:06480203454-06803908070,omid:br/06480203454,omid:br/06803908070
oci:06480203454-061301466525,omid:br/06480203454,omid:br/061301466525
oci:06480203454-0620486611,omid:br/06480203454,omid:br/0620486611
oci:06480203454-061103724131,omid:br/06480203454,omid:br/061103724131
oci:06480203454-06110886169,omid:br/06480203454,omid:br/06110886169
oci:06480203454-0620674718,omid:br/06480203454,omid:br/0620674718
oci:06480203454-06150489225,omid:br/06480203454,omid:br/06150489225
oci:06480203454-061701645218,omid:br/06480203454,omid:br/061701645218
oci:06480203454-06120352874,omid:br/06480203454,omid:br/06120352874
oci:06480203454-06340390244,omid:br/06480203454,omid:br/06340390244
oci:06480203454-0660351492,omid:br/06480203454,omid:br/0660351492
oci:06480203454-06801365432,omid:br/06480203454,omid:br/06801365432
oci:06480203913-06901389648,omid:br/06480203913,omid:br/06901389648
oci:06480203913-06140990223,omid:br/06480203913,omid:br/06140990223
oci:06480203913-06803111435,omid:br/06480203913,omid:br/06803111435
oci:06480203913-06240973305,omid:br/06480203913,omid:br/06240973305
oci:06480203913-06190998373,omid:br/06480203913,omid:br/06190998373
oci:06480203913-06120987657,omid:br/06480203913,omid:br/06120987657
oci:06480203913-061101545603,omid:br/06480203913,omid:br/061101545603
oci:06520198403-0610624881,omid:br/06520198403,omid:br/0610624881
oci:06480203844-0620991990,omid:br/06480203844,omid:br/0620991990
oci:06480203844-062101797466,omid:br/06480203844,omid:br/062101797466
oci:06480203844-06901162086,omid:br/06480203844,omid:br/06901162086
oci:06520198276-0670527082,omid:br/06520198276,omid:br/0670527082
oci:06520198276-06120523830,omid:br/06520198276,omid:br/06120523830
oci:06520198276-061403039384,omid:br/06520198276,omid:br/061403039384
oci:06520198276-06160530256,omid:br/06520198276,omid:br/06160530256
oci:06520198276-061804015236,omid:br/06520198276,omid:br/061804015236
oci:06520198276-062301780293,omid:br/06520198276,omid:br/062301780293
oci:06520198276-06140610837,omid:br/06520198276,omid:br/06140610837
oci:06520198276-061301780379,omid:br/06520198276,omid:br/061301780379
oci:06520198276-0612077532,omid:br/06520198276,omid:br/0612077532
oci:06480203318-061903810634,omid:br/06480203318,omid:br/061903810634
oci:06480203318-061601137746,omid:br/06480203318,omid:br/061601137746
oci:06480203318-061303952471,omid:br/06480203318,omid:br/061303952471
oci:06480203318-061303952472,omid:br/06480203318,omid:br/061303952472
oci:06520198244-063704730,omid:br/06520198244,omid:br/063704730
oci:06520198244-06703506785,omid:br/06520198244,omid:br/06703506785
oci:06520198244-062203051729,omid:br/06520198244,omid:br/062203051729
oci:06520198244-0630530581,omid:br/06520198244,omid:br/0630530581
oci:06520198244-06170615938,omid:br/06520198244,omid:br/06170615938
oci:06520198244-061701448850,omid:br/06520198244,omid:br/061701448850
oci:06520198244-062101440755,omid:br/06520198244,omid:br/062101440755
oci:06520198244-06240479591,omid:br/06520198244,omid:br/06240479591
oci:06480203490-062403733577,omid:br/06480203490,omid:br/062403733577
oci:06480203490-06902458805,omid:br/06480203490,omid:br/06902458805
oci:06480203490-062503613853,omid:br/06480203490,omid:br/062503613853
oci:06480203490-061703298746,omid:br/06480203490,omid:br/061703298746
oci:06480203490-061903299236,omid:br/06480203490,omid:br/061903299236
oci:06480203490-061601584933,omid:br/06480203490,omid:br/061601584933
oci:06480203490-061903299293,omid:br/06480203490,omid:br/061903299293
oci:06480203490-061803286027,omid:br/06480203490,omid:br/061803286027
oci:06480203490-06302852212,omid:br/06480203490,omid:br/06302852212
oci:06480203490-061703298805,omid:br/06480203490,omid:br/061703298805
oci:06480203490-0613086100,omid:br/06480203490,omid:br/0613086100
oci:06480203490-061803286314,omid:br/06480203490,omid:br/061803286314
oci:06480203552-06150999379,omid:br/06480203552,omid:br/06150999379
oci:06480203552-066083627,omid:br/06480203552,omid:br/066083627
oci:06480203552-06101215158,omid:br/06480203552,omid:br/06101215158
oci:06480203552-061501137769,omid:br/06480203552,omid:br/061501137769
oci:06480203714-06101215045,omid:br/06480203714,omid:br/06101215045
oci:06480203876-06203295983,omid:br/06480203876,omid:br/06203295983
oci:06480203876-06803111786,omid:br/06480203876,omid:br/06803111786
oci:06480203876-061102207861,omid:br/06480203876,omid:br/061102207861
oci:06480203876-061701132161,omid:br/06480203876,omid:br/061701132161
oci:06480203876-06601001545,omid:br/06480203876,omid:br/06601001545
oci:06480203876-062201363301,omid:br/06480203876,omid:br/062201363301
oci:06480203876-061503630125,omid:br/06480203876,omid:br/061503630125
oci:06480203876-061201783170,omid:br/06480203876,omid:br/061201783170
oci:06480203876-061801369320,omid:br/06480203876,omid:br/061801369320
oci:06480203876-062301369895,omid:br/06480203876,omid:br/062301369895
oci:06480203876-061201783061,omid:br/06480203876,omid:br/061201783061
oci:06480203876-061303619927,omid:br/06480203876,omid:br/061303619927
oci:06480203876-061403620592,omid:br/06480203876,omid:br/061403620592
oci:06480203876-06480203345,omid:br/06480203876,omid:br/06480203345
oci:06480204010-06170998148,omid:br/06480204010,omid:br/06170998148
oci:06480204010-06150351741,omid:br/06480204010,omid:br/06150351741
oci:06480204010-062601217392,omid:br/06480204010,omid:br/062601217392
oci:06480204010-06501009079,omid:br/06480204010,omid:br/06501009079
oci:06480204010-06504040200,omid:br/06480204010,omid:br/06504040200
oci:06480204010-06150998703,omid:br/06480204010,omid:br/06150998703
oci:06480204010-06190998864,omid:br/06480204010,omid:br/06190998864
oci:06480204010-06201395978,omid:br/06480204010,omid:br/06201395978
oci:06480204010-06301394518,omid:br/06480204010,omid:br/06301394518
oci:06480204010-0640620020,omid:br/06480204010,omid:br/0640620020
oci:06480204010-0625079906,omid:br/06480204010,omid:br/0625079906
oci:06480204010-0610766004,omid:br/06480204010,omid:br/0610766004
oci:06480204010-0618084181,omid:br/06480204010,omid:br/0618084181
oci:06480204010-06150350472,omid:br/06480204010,omid:br/06150350472
oci:06480204010-06110995197,omid:br/06480204010,omid:br/06110995197
oci:06480204010-06210987809,omid:br/06480204010,omid:br/06210987809
oci:06480204010-06501008579,omid:br/06480204010,omid:br/06501008579
oci:06480203515-06480203812,omid:br/06480203515,omid:br/06480203812
oci:06480203515-06160321113,omid:br/06480203515,omid:br/06160321113
oci:06480203515-06604011549,omid:br/06480203515,omid:br/06604011549
oci:06480203659-0640620949,omid:br/06480203659,omid:br/0640620949
oci:06480203286-06390227367,omid:br/06480203286,omid:br/06390227367
oci:06480203286-06110994934,omid:br/06480203286,omid:br/06110994934
oci:06480203286-061302766475,omid:br/06480203286,omid:br/061302766475
oci:06520198245-061301780082,omid:br/06520198245,omid:br/061301780082
oci:06520198245-061103725051,omid:br/06520198245,omid:br/061103725051
oci:06520198245-061301642420,omid:br/06520198245,omid:br/061301642420
oci:06520198245-061101336336,omid:br/06520198245,omid:br/061101336336
oci:06520198245-0625079094,omid:br/06520198245,omid:br/0625079094
oci:06480203895-06170999203,omid:br/06480203895,omid:br/06170999203
oci:06480203895-06101408294,omid:br/06480203895,omid:br/06101408294
oci:06480203895-06230617096,omid:br/06480203895,omid:br/06230617096
oci:06480203895-061103827787,omid:br/06480203895,omid:br/061103827787
oci:06480203588-06140947162,omid:br/06480203588,omid:br/06140947162
oci:06480203588-06304024238,omid:br/06480203588,omid:br/06304024238
oci:06480203833-061401772143,omid:br/06480203833,omid:br/061401772143
oci:06480203833-061301147505,omid:br/06480203833,omid:br/061301147505
oci:06480203833-06404141610,omid:br/06480203833,omid:br/06404141610
oci:06480203833-061303703216,omid:br/06480203833,omid:br/061303703216
oci:06480203833-0660350968,omid:br/06480203833,omid:br/0660350968
oci:06480203833-062501862565,omid:br/06480203833,omid:br/062501862565
oci:06480203833-062202692723,omid:br/06480203833,omid:br/062202692723
oci:06480203833-0613086378,omid:br/06480203833,omid:br/0613086378
oci:06480203833-06601215383,omid:br/06480203833,omid:br/06601215383
oci:06520198318-0670353395,omid:br/06520198318,omid:br/0670353395
oci:06520198318-06404133980,omid:br/06520198318,omid:br/06404133980
oci:06520198318-06220349548,omid:br/06520198318,omid:br/06220349548
oci:06520198318-0621087218,omid:br/06520198318,omid:br/0621087218
oci:06520198318-061101653885,omid:br/06520198318,omid:br/061101653885
oci:06520198318-068089005,omid:br/06520198318,omid:br/068089005
oci:06520198318-062502087804,omid:br/06520198318,omid:br/062502087804
oci:06520198318-06104322454,omid:br/06520198318,omid:br/06104322454
oci:06480203731-068089158,omid:br/06480203731,omid:br/068089158
oci:06480203731-06401006341,omid:br/06480203731,omid:br/06401006341
oci:06480203320-062082738,omid:br/06480203320,omid:br/062082738
oci:06480203320-0618084181,omid:br/06480203320,omid:br/0618084181
oci:06480203320-0614080796,omid:br/06480203320,omid:br/0614080796
oci:06480203886-061303593112,omid:br/06480203886,omid:br/061303593112
oci:06480203886-06150487148,omid:br/06480203886,omid:br/06150487148
oci:06480203886-0670616504,omid:br/06480203886,omid:br/0670616504
oci:06480203603-06170925291,omid:br/06480203603,omid:br/06170925291
oci:06480203603-061401121049,omid:br/06480203603,omid:br/061401121049
oci:06480203603-062601408807,omid:br/06480203603,omid:br/062601408807
oci:06520198364-061703329533,omid:br/06520198364,omid:br/061703329533
oci:06520198364-06150999228,omid:br/06520198364,omid:br/06150999228
oci:06520198364-062301692724,omid:br/06520198364,omid:br/062301692724
oci:06520198364-06370209178,omid:br/06520198364,omid:br/06370209178
oci:06520198364-06404039693,omid:br/06520198364,omid:br/06404039693
oci:06520198364-068088909,omid:br/06520198364,omid:br/068088909
oci:06480203491-0618084202,omid:br/06480203491,omid:br/0618084202
oci:06480203491-062302744340,omid:br/06480203491,omid:br/062302744340
oci:06480203491-061201497050,omid:br/06480203491,omid:br/061201497050
oci:06480203491-0690646004,omid:br/06480203491,omid:br/0690646004
oci:06480203491-062303054790,omid:br/06480203491,omid:br/062303054790
oci:06480203491-0615082285,omid:br/06480203491,omid:br/0615082285
oci:06480203491-064906561,omid:br/06480203491,omid:br/064906561
oci:06480203491-06160990832,omid:br/06480203491,omid:br/06160990832
oci:06480203491-0618082337,omid:br/06480203491,omid:br/0618082337
oci:06480203491-06110698163,omid:br/06480203491,omid:br/06110698163
oci:06480203491-0622077459,omid:br/06480203491,omid:br/0622077459
oci:06480203491-0619083560,omid:br/06480203491,omid:br/0619083560
oci:06480203480-061103585869,omid:br/06480203480,omid:br/061103585869
oci:06480203480-06260941168,omid:br/06480203480,omid:br/06260941168
oci:06520198237-061085851,omid:br/06520198237,omid:br/061085851
oci:06520198237-06130991146,omid:br/06520198237,omid:br/06130991146
oci:06520198237-062201127498,omid:br/06520198237,omid:br/062201127498
oci:06520198237-061203638545,omid:br/06520198237,omid:br/061203638545
oci:06520198237-06801137092,omid:br/06520198237,omid:br/06801137092
oci:06480203674-061301130292,omid:br/06480203674,omid:br/061301130292
oci:06480203294-0604838102,omid:br/06480203294,omid:br/0604838102
oci:06480203294-062401568101,omid:br/06480203294,omid:br/062401568101
oci:06480203294-061202193245,omid:br/06480203294,omid:br/061202193245
oci:06520198342-062301224197,omid:br/06520198342,omid:br/062301224197
oci:06520198342-062103305975,omid:br/06520198342,omid:br/062103305975
oci:06480203571-064086409,omid:br/06480203571,omid:br/064086409
oci:06520198294-06150903819,omid:br/06520198294,omid:br/06150903819
oci:06520198294-06520198272,omid:br/06520198294,omid:br/06520198272
oci:06480203522-061303767230,omid:br/06480203522,omid:br/061303767230
oci:06480203522-06104481700,omid:br/06480203522,omid:br/06104481700
oci:06480203701-06210916264,omid:br/06480203701,omid:br/06210916264
oci:06480203856-0620616139,omid:br/06480203856,omid:br/0620616139
oci:06480203856-062082866,omid:br/06480203856,omid:br/062082866
oci:06480203340-06210600971,omid:br/06480203340,omid:br/06210600971
oci:06480203340-0680535123,omid:br/06480203340,omid:br/0680535123
oci:06480203340-06801545806,omid:br/06480203340,omid:br/06801545806
oci:06480203340-06390227372,omid:br/06480203340,omid:br/06390227372
oci:06480203340-0621084844,omid:br/06480203340,omid:br/0621084844
oci:06520198392-0620487900,omid:br/06520198392,omid:br/0620487900
oci:06520198392-06180488552,omid:br/06520198392,omid:br/06180488552
oci:06520198392-065080610,omid:br/06520198392,omid:br/065080610
oci:06520198392-0611088829,omid:br/06520198392,omid:br/0611088829
oci:06520198392-0604679670,omid:br/06520198392,omid:br/0604679670
oci:06520198392-062402120691,omid:br/06520198392,omid:br/062402120691
oci:06520198392-061703329294,omid:br/06520198392,omid:br/061703329294
oci:06520198392-061603330338,omid:br/06520198392,omid:br/061603330338
oci:06520198392-0680621734,omid:br/06520198392,omid:br/0680621734
oci:06520198392-06520198457,omid:br/06520198392,omid:br/06520198457
oci:06520198392-061703328926,omid:br/06520198392,omid:br/061703328926
oci:06520198392-061803316623,omid:br/06520198392,omid:br/061803316623
oci:06520198392-06504049622,omid:br/06520198392,omid:br/06504049622
oci:06520198392-061903330111,omid:br/06520198392,omid:br/061903330111
oci:06520198392-061601136777,omid:br/06520198392,omid:br/061601136777
oci:06520198392-06440202954,omid:br/06520198392,omid:br/06440202954
oci:06520198392-062302124575,omid:br/06520198392,omid:br/062302124575
oci:06520198392-06250346425,omid:br/06520198392,omid:br/06250346425
oci:06520198392-06250611737,omid:br/06520198392,omid:br/06250611737
oci:06520198392-061801644815,omid:br/06520198392,omid:br/061801644815
oci:06520198392-069089385,omid:br/06520198392,omid:br/069089385
oci:06520198392-0604679671,omid:br/06520198392,omid:br/0604679671
oci:06520198392-062201640753,omid:br/06520198392,omid:br/062201640753
oci:06520198392-0650621164,omid:br/06520198392,omid:br/0650621164
oci:06520198392-0604679672,omid:br/06520198392,omid:br/0604679672
oci:06520198392-06190843235,omid:br/06520198392,omid:br/06190843235
oci:06520198267-06520198455,omid:br/06520198267,omid:br/06520198455
oci:06520198267-062401108811,omid:br/06520198267,omid:br/062401108811
oci:06520198267-061203710096,omid:br/06520198267,omid:br/061203710096
oci:06520198267-06520198254,omid:br/06520198267,omid:br/06520198254
oci:06520198267-06520198257,omid:br/06520198267,omid:br/06520198257
oci:06480203460-06803461785,omid:br/06480203460,omid:br/06803461785
oci:06480203460-0650348952,omid:br/06480203460,omid:br/0650348952
oci:06480203460-061102714129,omid:br/06480203460,omid:br/061102714129
oci:06480203460-061202695954,omid:br/06480203460,omid:br/061202695954
oci:06480203460-06404006074,omid:br/06480203460,omid:br/06404006074
oci:06480203460-061303045459,omid:br/06480203460,omid:br/061303045459
oci:06480203460-06103268016,omid:br/06480203460,omid:br/06103268016
oci:06480203460-06160488787,omid:br/06480203460,omid:br/06160488787
oci:06480203460-06160488788,omid:br/06480203460,omid:br/06160488788
oci:06520198382-062402120691,omid:br/06520198382,omid:br/062402120691
oci:06520198382-0604679667,omid:br/06520198382,omid:br/0604679667
oci:06520198382-06440202933,omid:br/06520198382,omid:br/06440202933
oci:06520198382-06190843235,omid:br/06520198382,omid:br/06190843235
oci:06520198382-0680361224,omid:br/06520198382,omid:br/0680361224
oci:06520198382-06230352637,omid:br/06520198382,omid:br/06230352637
oci:06520198382-062302124575,omid:br/06520198382,omid:br/062302124575
oci:06480203740-0621084835,omid:br/06480203740,omid:br/0621084835
oci:06520198303-06190616318,omid:br/06520198303,omid:br/06190616318
oci:06520198303-061101958130,omid:br/06520198303,omid:br/061101958130
oci:06520198303-06402858030,omid:br/06520198303,omid:br/06402858030
oci:062103576060-061901269263,omid:br/062103576060,omid:br/061901269263
oci:062103576060-061301893614,omid:br/062103576060,omid:br/061301893614
oci:062103576060-06801135024,omid:br/062103576060,omid:br/06801135024
oci:062103576060-06160644572,omid:br/062103576060,omid:br/06160644572
oci:062103576060-061201122437,omid:br/062103576060,omid:br/061201122437
oci:062103576060-061201122324,omid:br/062103576060,omid:br/061201122324
oci:062103576060-062202441385,omid:br/062103576060,omid:br/062202441385
oci:062103576060-061601133758,omid:br/062103576060,omid:br/061601133758
oci:062103576060-06190599576,omid:br/062103576060,omid:br/06190599576
oci:06480203679-062101125740,omid:br/06480203679,omid:br/062101125740
oci:06480203679-061804169425,omid:br/06480203679,omid:br/061804169425
oci:06520198322-06204214873,omid:br/06520198322,omid:br/06204214873
oci:06520198322-0640104533,omid:br/06520198322,omid:br/0640104533
oci:06520198322-062401243108,omid:br/06520198322,omid:br/062401243108
oci:06520198322-06190998030,omid:br/06520198322,omid:br/06190998030
oci:06520198322-06220992515,omid:br/06520198322,omid:br/06220992515
oci:06480203325-061501137921,omid:br/06480203325,omid:br/061501137921
oci:06480203325-06430201857,omid:br/06480203325,omid:br/06430201857
oci:06520198375-062402120691,omid:br/06520198375,omid:br/062402120691
oci:06520198375-061603329798,omid:br/06520198375,omid:br/061603329798
oci:06520198375-06210346216,omid:br/06520198375,omid:br/06210346216
oci:06480203526-06204001794,omid:br/06480203526,omid:br/06204001794
oci:06480203526-0630484159,omid:br/06480203526,omid:br/0630484159
oci:06480203526-06404133933,omid:br/06480203526,omid:br/06404133933
oci:06480203526-06130668758,omid:br/06480203526,omid:br/06130668758
oci:06480203526-06504134727,omid:br/06480203526,omid:br/06504134727
oci:06480203526-061301642633,omid:br/06480203526,omid:br/061301642633
oci:06520198258-06260632923,omid:br/06520198258,omid:br/06260632923
oci:06520198258-0619086083,omid:br/06520198258,omid:br/0619086083
oci:06520198258-06603116223,omid:br/06520198258,omid:br/06603116223
oci:06520198258-062403052307,omid:br/06520198258,omid:br/062403052307
oci:06520198258-061702397786,omid:br/06520198258,omid:br/061702397786
oci:06520198258-06130479597,omid:br/06520198258,omid:br/06130479597
oci:06520198258-06103488185,omid:br/06520198258,omid:br/06103488185
oci:06520198258-062501123255,omid:br/06520198258,omid:br/062501123255
oci:06480203848-068089191,omid:br/06480203848,omid:br/068089191
oci:06480203848-06202420361,omid:br/06480203848,omid:br/06202420361
oci:06480203848-0616085390,omid:br/06480203848,omid:br/0616085390
oci:06480203848-0615082939,omid:br/06480203848,omid:br/0615082939
oci:06480203848-0618084084,omid:br/06480203848,omid:br/0618084084
oci:06520198348-06240802422,omid:br/06520198348,omid:br/06240802422
oci:06520198348-061703329136,omid:br/06520198348,omid:br/061703329136
oci:06520198348-061703329160,omid:br/06520198348,omid:br/061703329160
oci:06520198348-061901137457,omid:br/06520198348,omid:br/061901137457
oci:06520198348-061801126311,omid:br/06520198348,omid:br/061801126311
oci:06480203257-06401403078,omid:br/06480203257,omid:br/06401403078
oci:06480203257-0680998968,omid:br/06480203257,omid:br/0680998968
oci:06480203266-06901005596,omid:br/06480203266,omid:br/06901005596
oci:06480203266-0619086929,omid:br/06480203266,omid:br/0619086929
oci:06480203713-06401528056,omid:br/06480203713,omid:br/06401528056
oci:06520198305-064086409,omid:br/06520198305,omid:br/064086409
oci:06520198305-061601137746,omid:br/06520198305,omid:br/061601137746
oci:06520198305-061303952472,omid:br/06520198305,omid:br/061303952472
oci:06520198305-061803569720,omid:br/06520198305,omid:br/061803569720
oci:06520198305-06520198293,omid:br/06520198305,omid:br/06520198293
oci:06480203922-0640969488,omid:br/06480203922,omid:br/0640969488
oci:06480203339-06210986411,omid:br/06480203339,omid:br/06210986411
oci:06480203339-06440202401,omid:br/06480203339,omid:br/06440202401
oci:06480203339-06390227371,omid:br/06480203339,omid:br/06390227371
oci:06480203339-0621084149,omid:br/06480203339,omid:br/0621084149
oci:06480203339-06390204599,omid:br/06480203339,omid:br/06390204599
oci:06480203339-06901005214,omid:br/06480203339,omid:br/06901005214
oci:06480203339-061801385819,omid:br/06480203339,omid:br/061801385819
oci:06480203339-06440203144,omid:br/06480203339,omid:br/06440203144
oci:06520198326-06120913078,omid:br/06520198326,omid:br/06120913078
oci:06520198326-0626097645,omid:br/06520198326,omid:br/0626097645
oci:06520198326-061703329114,omid:br/06520198326,omid:br/061703329114
oci:06520198326-0626097361,omid:br/06520198326,omid:br/0626097361
oci:06520198326-062203603706,omid:br/06520198326,omid:br/062203603706
oci:06520198326-061602692079,omid:br/06520198326,omid:br/061602692079
oci:06520198326-062301692688,omid:br/06520198326,omid:br/062301692688
oci:06480203497-06404069656,omid:br/06480203497,omid:br/06404069656
oci:06480203497-062204122301,omid:br/06480203497,omid:br/062204122301
oci:06480203497-0660530453,omid:br/06480203497,omid:br/0660530453
oci:06480203497-0680534867,omid:br/06480203497,omid:br/0680534867
oci:06480203693-0670484564,omid:br/06480203693,omid:br/0670484564
oci:06480203693-06401528056,omid:br/06480203693,omid:br/06401528056
oci:06480203639-06340317033,omid:br/06480203639,omid:br/06340317033
oci:06480203639-0660229628,omid:br/06480203639,omid:br/0660229628
oci:06480203639-061302766025,omid:br/06480203639,omid:br/061302766025
oci:06480203580-061702242530,omid:br/06480203580,omid:br/061702242530
oci:06480203580-0650677813,omid:br/06480203580,omid:br/0650677813
oci:06520198361-061402201566,omid:br/06520198361,omid:br/061402201566
oci:06520198361-068085222,omid:br/06520198361,omid:br/068085222
oci:06520198361-06230683666,omid:br/06520198361,omid:br/06230683666
oci:06520198361-06210353457,omid:br/06520198361,omid:br/06210353457
oci:06480203745-06260942744,omid:br/06480203745,omid:br/06260942744
oci:06480203745-06601253802,omid:br/06480203745,omid:br/06601253802
oci:06480203745-06804100971,omid:br/06480203745,omid:br/06804100971
oci:06480203745-061701132161,omid:br/06480203745,omid:br/061701132161
oci:06480203745-061401121096,omid:br/06480203745,omid:br/061401121096
oci:06480203745-061101135367,omid:br/06480203745,omid:br/061101135367
oci:06480203745-061101135448,omid:br/06480203745,omid:br/061101135448
oci:06480203745-06701243835,omid:br/06480203745,omid:br/06701243835
oci:06480203745-061502227070,omid:br/06480203745,omid:br/061502227070
oci:06480203745-06401261160,omid:br/06480203745,omid:br/06401261160
oci:06480203745-0670354025,omid:br/06480203745,omid:br/0670354025
oci:06480203745-061702207175,omid:br/06480203745,omid:br/061702207175
oci:06480203745-06501264788,omid:br/06480203745,omid:br/06501264788
oci:06520198269-06520198556,omid:br/06520198269,omid:br/06520198556
oci:06520198316-06480203326,omid:br/06520198316,omid:br/06480203326
oci:06520198316-061602055728,omid:br/06520198316,omid:br/061602055728
oci:06480203709-06250612454,omid:br/06480203709,omid:br/06250612454
oci:06480203709-061801123067,omid:br/06480203709,omid:br/061801123067
oci:06480203709-061402201702,omid:br/06480203709,omid:br/061402201702
oci:06480203709-061302220922,omid:br/06480203709,omid:br/061302220922
oci:06480203709-061402201976,omid:br/06480203709,omid:br/061402201976
oci:06480203709-061502227325,omid:br/06480203709,omid:br/061502227325
oci:06480203709-062101122475,omid:br/06480203709,omid:br/062101122475
oci:06520198301-061703956886,omid:br/06520198301,omid:br/061703956886
oci:06520198301-06190621347,omid:br/06520198301,omid:br/06190621347
oci:06520198301-061703956887,omid:br/06520198301,omid:br/061703956887
oci:06520198301-062502223499,omid:br/06520198301,omid:br/062502223499
oci:06520198301-06230967936,omid:br/06520198301,omid:br/06230967936
oci:06520198301-0620887042,omid:br/06520198301,omid:br/0620887042
oci:06520198301-0611088917,omid:br/06520198301,omid:br/0611088917
oci:06480203525-061601662072,omid:br/06480203525,omid:br/061601662072
oci:06480203525-06150356896,omid:br/06480203525,omid:br/06150356896
oci:06520198389-06160321053,omid:br/06520198389,omid:br/06160321053
oci:06520198389-06480204178,omid:br/06520198389,omid:br/06480204178
oci:06520198389-06480204148,omid:br/06520198389,omid:br/06480204148
oci:06480203698-06140987605,omid:br/06480203698,omid:br/06140987605
oci:06480203698-06901594990,omid:br/06480203698,omid:br/06901594990
oci:06480203698-061402021979,omid:br/06480203698,omid:br/061402021979
oci:06480203698-06701498922,omid:br/06480203698,omid:br/06701498922
oci:06480203280-0680217963,omid:br/06480203280,omid:br/0680217963
oci:06480203280-061503647364,omid:br/06480203280,omid:br/061503647364
oci:06480203280-062302037223,omid:br/06480203280,omid:br/062302037223
oci:06480203280-0680999315,omid:br/06480203280,omid:br/0680999315
oci:06480203280-061203616653,omid:br/06480203280,omid:br/061203616653
oci:06480203280-061101236172,omid:br/06480203280,omid:br/061101236172
oci:06480203649-0670616833,omid:br/06480203649,omid:br/0670616833
oci:06480203649-0690624108,omid:br/06480203649,omid:br/0690624108
oci:06480203649-06220920561,omid:br/06480203649,omid:br/06220920561
oci:06480203649-06220920594,omid:br/06480203649,omid:br/06220920594
oci:06480203649-0625081814,omid:br/06480203649,omid:br/0625081814
oci:06480203649-06240605608,omid:br/06480203649,omid:br/06240605608
oci:06480203712-06480203881,omid:br/06480203712,omid:br/06480203881
oci:06480203712-061202035070,omid:br/06480203712,omid:br/061202035070
oci:06480203712-061602691260,omid:br/06480203712,omid:br/061602691260
oci:06480203712-061402659994,omid:br/06480203712,omid:br/061402659994
oci:06520198295-061201125350,omid:br/06520198295,omid:br/061201125350
oci:06520198295-061203638545,omid:br/06520198295,omid:br/061203638545
oci:06520198295-061101135119,omid:br/06520198295,omid:br/061101135119
oci:06520198295-06801137092,omid:br/06520198295,omid:br/06801137092
oci:06520198295-061303952473,omid:br/06520198295,omid:br/061303952473
oci:06520198396-06230676590,omid:br/06520198396,omid:br/06230676590
oci:06520198396-06230676038,omid:br/06520198396,omid:br/06230676038
oci:06520198396-062301124888,omid:br/06520198396,omid:br/062301124888
oci:06480203321-06804505974,omid:br/06480203321,omid:br/06804505974
oci:06480203321-06140987681,omid:br/06480203321,omid:br/06140987681
oci:06480203261-0624076565,omid:br/06480203261,omid:br/0624076565
oci:06520198330-06401006341,omid:br/06520198330,omid:br/06401006341
oci:06480203589-06240605608,omid:br/06480203589,omid:br/06240605608
oci:06480203589-062503574683,omid:br/06480203589,omid:br/062503574683
oci:06480203589-062502118841,omid:br/06480203589,omid:br/062502118841
oci:06480203589-061903642597,omid:br/06480203589,omid:br/061903642597
oci:06480203589-0690623976,omid:br/06480203589,omid:br/0690623976
oci:06480203589-0625081814,omid:br/06480203589,omid:br/0625081814
oci:06480203589-0650486532,omid:br/06480203589,omid:br/0650486532
oci:06480203589-061703065034,omid:br/06480203589,omid:br/061703065034
oci:06480203589-062403052210,omid:br/06480203589,omid:br/062403052210
oci:06480203589-06170715732,omid:br/06480203589,omid:br/06170715732
oci:06480203589-0670527854,omid:br/06480203589,omid:br/0670527854
oci:06480203589-061102712872,omid:br/06480203589,omid:br/061102712872
oci:06480203589-061901203883,omid:br/06480203589,omid:br/061901203883
oci:06480203589-06101215745,omid:br/06480203589,omid:br/06101215745
oci:06480203589-06801072690,omid:br/06480203589,omid:br/06801072690
oci:06480203589-06601432314,omid:br/06480203589,omid:br/06601432314
oci:06520198288-06301003059,omid:br/06520198288,omid:br/06301003059
oci:06520198288-06480203411,omid:br/06520198288,omid:br/06480203411
oci:06480203741-06480203792,omid:br/06480203741,omid:br/06480203792
oci:06520198299-06260942657,omid:br/06520198299,omid:br/06260942657
oci:06480203556-0626097665,omid:br/06480203556,omid:br/0626097665
oci:06520198385-061903809812,omid:br/06520198385,omid:br/061903809812
oci:06520198385-0604679668,omid:br/06520198385,omid:br/0604679668
oci:06520198385-061101135564,omid:br/06520198385,omid:br/061101135564
oci:06520198385-061401373926,omid:br/06520198385,omid:br/061401373926
oci:06520198385-06901405933,omid:br/06520198385,omid:br/06901405933
oci:06520198385-062302006564,omid:br/06520198385,omid:br/062302006564
oci:06520198385-0604679669,omid:br/06520198385,omid:br/0604679669
oci:06520198385-06480204200,omid:br/06520198385,omid:br/06480204200
oci:06520198385-06520198373,omid:br/06520198385,omid:br/06520198373
oci:06520198385-061203611735,omid:br/06520198385,omid:br/061203611735
oci:06480203697-06901244183,omid:br/06480203697,omid:br/06901244183
oci:06480203697-0623088999,omid:br/06480203697,omid:br/0623088999
oci:06480203697-06150684934,omid:br/06480203697,omid:br/06150684934
oci:06480203697-06170686082,omid:br/06480203697,omid:br/06170686082
oci:06480203697-0626097665,omid:br/06480203697,omid:br/0626097665
oci:06480203697-06701040758,omid:br/06480203697,omid:br/06701040758
oci:06480203697-06150685477,omid:br/06480203697,omid:br/06150685477
oci:06480203697-06404039677,omid:br/06480203697,omid:br/06404039677
oci:06480203697-062302123640,omid:br/06480203697,omid:br/062302123640
oci:06480203697-06240605468,omid:br/06480203697,omid:br/06240605468
oci:06480203697-0670527862,omid:br/06480203697,omid:br/0670527862
oci:06480203319-061101135161,omid:br/06480203319,omid:br/061101135161
oci:06480203319-06402140388,omid:br/06480203319,omid:br/06402140388
oci:06480203676-06250611572,omid:br/06480203676,omid:br/06250611572
oci:06480203676-06804026811,omid:br/06480203676,omid:br/06804026811
oci:06480203676-0611091742,omid:br/06480203676,omid:br/0611091742
oci:06480203676-0650621164,omid:br/06480203676,omid:br/0650621164
oci:06480203676-061501137803,omid:br/06480203676,omid:br/061501137803
oci:06480203676-06260501870,omid:br/06480203676,omid:br/06260501870
oci:06520198380-06104232260,omid:br/06520198380,omid:br/06104232260
oci:06520198380-06120987064,omid:br/06520198380,omid:br/06120987064
oci:06520198380-0604679666,omid:br/06520198380,omid:br/0604679666
oci:06480203637-06803111727,omid:br/06480203637,omid:br/06803111727
oci:06480203637-061201125350,omid:br/06480203637,omid:br/061201125350
oci:06480203637-06150926904,omid:br/06480203637,omid:br/06150926904
oci:06480203637-062401567506,omid:br/06480203637,omid:br/062401567506
oci:06520198274-062501676877,omid:br/06520198274,omid:br/062501676877
oci:06520198274-06150106184,omid:br/06520198274,omid:br/06150106184
oci:06520198274-06703506712,omid:br/06520198274,omid:br/06703506712
oci:06520198274-062303054477,omid:br/06520198274,omid:br/062303054477
oci:06520198274-06110618115,omid:br/06520198274,omid:br/06110618115
oci:06520198274-062502223391,omid:br/06520198274,omid:br/062502223391
oci:06480203345-06390227374,omid:br/06480203345,omid:br/06390227374
oci:06520198277-06503120794,omid:br/06520198277,omid:br/06503120794
oci:06520198277-0625081814,omid:br/06520198277,omid:br/0625081814
oci:06520198277-0670527854,omid:br/06520198277,omid:br/0670527854
oci:06520198277-061502132481,omid:br/06520198277,omid:br/061502132481
oci:06520198277-06703095811,omid:br/06520198277,omid:br/06703095811
oci:06520198277-06140610267,omid:br/06520198277,omid:br/06140610267
oci:06520198277-0670829557,omid:br/06520198277,omid:br/0670829557
oci:06480203685-06150999379,omid:br/06480203685,omid:br/06150999379
oci:06480203685-062082678,omid:br/06480203685,omid:br/062082678
oci:06480203685-061201125350,omid:br/06480203685,omid:br/061201125350
oci:06480203636-0626096910,omid:br/06480203636,omid:br/0626096910
oci:06480203636-062082796,omid:br/06480203636,omid:br/062082796
oci:06480203636-06120913054,omid:br/06480203636,omid:br/06120913054
oci:06520198401-06804046346,omid:br/06520198401,omid:br/06804046346
oci:06520198401-061801385401,omid:br/06520198401,omid:br/061801385401
oci:06520198401-0690969576,omid:br/06520198401,omid:br/0690969576
oci:06520198332-06901008899,omid:br/06520198332,omid:br/06901008899
oci:06480203298-06250483721,omid:br/06480203298,omid:br/06250483721
oci:06480203298-062103034650,omid:br/06480203298,omid:br/062103034650
oci:06520198255-06230621792,omid:br/06520198255,omid:br/06230621792
oci:06520198255-06303480366,omid:br/06520198255,omid:br/06303480366
oci:06520198255-06703458776,omid:br/06520198255,omid:br/06703458776
oci:06520198255-062403620966,omid:br/06520198255,omid:br/062403620966
oci:06520198255-061603329973,omid:br/06520198255,omid:br/061603329973
oci:06520198255-06403480218,omid:br/06520198255,omid:br/06403480218
oci:06520198255-06190358066,omid:br/06520198255,omid:br/06190358066
oci:06480203285-06503487032,omid:br/06480203285,omid:br/06503487032
oci:06480203285-06240479437,omid:br/06480203285,omid:br/06240479437
oci:06480203285-062082866,omid:br/06480203285,omid:br/062082866
oci:06480203285-0670616720,omid:br/06480203285,omid:br/0670616720
oci:06480203285-06190488726,omid:br/06480203285,omid:br/06190488726
oci:06480203285-06903080332,omid:br/06480203285,omid:br/06903080332
oci:06520198383-061701542664,omid:br/06520198383,omid:br/061701542664
oci:06520198383-0660539845,omid:br/06520198383,omid:br/0660539845
oci:06520198383-06170994452,omid:br/06520198383,omid:br/06170994452
oci:06520198383-061401828895,omid:br/06520198383,omid:br/061401828895
oci:06520198383-0660539771,omid:br/06520198383,omid:br/0660539771
oci:06520198383-06502444415,omid:br/06520198383,omid:br/06502444415
oci:06520198383-06140987591,omid:br/06520198383,omid:br/06140987591
oci:06520198383-061303599216,omid:br/06520198383,omid:br/061303599216
oci:06520198383-06130989197,omid:br/06520198383,omid:br/06130989197
oci:06520198383-06501714934,omid:br/06520198383,omid:br/06501714934
oci:06520198383-06901005291,omid:br/06520198383,omid:br/06901005291
oci:06520198383-061103626347,omid:br/06520198383,omid:br/061103626347
oci:06520198383-06190997974,omid:br/06520198383,omid:br/06190997974
oci:06520198383-06190998244,omid:br/06520198383,omid:br/06190998244
oci:06520198383-06110998619,omid:br/06520198383,omid:br/06110998619
oci:06520198383-06210989096,omid:br/06520198383,omid:br/06210989096
oci:06520198383-06801387500,omid:br/06520198383,omid:br/06801387500
oci:06520198383-06230981146,omid:br/06520198383,omid:br/06230981146
oci:06520198383-06180613550,omid:br/06520198383,omid:br/06180613550
oci:06520198383-06140990581,omid:br/06520198383,omid:br/06140990581
oci:06520198383-06901008240,omid:br/06520198383,omid:br/06901008240
oci:06520198383-06801002026,omid:br/06520198383,omid:br/06801002026
oci:06480203691-06104232433,omid:br/06480203691,omid:br/06104232433
oci:06520198285-06604042994,omid:br/06520198285,omid:br/06604042994
oci:06520198285-06604042803,omid:br/06520198285,omid:br/06604042803
oci:06520198285-061701134321,omid:br/06520198285,omid:br/061701134321
oci:06520198285-06150903645,omid:br/06520198285,omid:br/06150903645
oci:06520198285-06130989856,omid:br/06520198285,omid:br/06130989856
oci:06520198285-063079067,omid:br/06520198285,omid:br/063079067
oci:06520198285-06140898043,omid:br/06520198285,omid:br/06140898043
oci:06480203335-06140349058,omid:br/06480203335,omid:br/06140349058
oci:06480203335-0653024340,omid:br/06480203335,omid:br/0653024340
oci:06480203335-0650486520,omid:br/06480203335,omid:br/0650486520
oci:06480203737-061201223930,omid:br/06480203737,omid:br/061201223930
oci:06480203737-061101236672,omid:br/06480203737,omid:br/061101236672
oci:06480203737-063079060,omid:br/06480203737,omid:br/063079060
oci:06480203737-061203616823,omid:br/06480203737,omid:br/061203616823
oci:06520198399-06901006031,omid:br/06520198399,omid:br/06901006031
oci:06520198399-0680998968,omid:br/06520198399,omid:br/0680998968
oci:06520198399-061903616304,omid:br/06520198399,omid:br/061903616304
oci:06480203284-061501137909,omid:br/06480203284,omid:br/061501137909
oci:06480203284-061201125393,omid:br/06480203284,omid:br/061201125393
oci:06520198278-061203487662,omid:br/06520198278,omid:br/061203487662
oci:06520198278-06702489504,omid:br/06520198278,omid:br/06702489504
oci:06520198278-06170616297,omid:br/06520198278,omid:br/06170616297
oci:06520198278-064086431,omid:br/06520198278,omid:br/064086431
oci:06520198278-062302697019,omid:br/06520198278,omid:br/062302697019
oci:06520198278-062202691634,omid:br/06520198278,omid:br/062202691634
oci:06520198278-061703627250,omid:br/06520198278,omid:br/061703627250
oci:06520198278-061703065105,omid:br/06520198278,omid:br/061703065105
oci:06520198278-0618084115,omid:br/06520198278,omid:br/0618084115
oci:06520198278-061403661092,omid:br/06520198278,omid:br/061403661092
oci:06520198278-061802691247,omid:br/06520198278,omid:br/061802691247
oci:06480203287-06701575527,omid:br/06480203287,omid:br/06701575527
oci:06480203747-06150713332,omid:br/06480203747,omid:br/06150713332
oci:06480203747-0680621745,omid:br/06480203747,omid:br/0680621745
oci:06480203747-062603657070,omid:br/06480203747,omid:br/062603657070
oci:06480203747-0650530437,omid:br/06480203747,omid:br/0650530437
oci:06480203747-06140478673,omid:br/06480203747,omid:br/06140478673
oci:06480203747-0690624681,omid:br/06480203747,omid:br/0690624681
oci:06480203747-0690624502,omid:br/06480203747,omid:br/0690624502
oci:06480203747-061402201566,omid:br/06480203747,omid:br/061402201566
oci:06480203747-062501644513,omid:br/06480203747,omid:br/062501644513
oci:06480203747-068085222,omid:br/06480203747,omid:br/068085222
oci:06480203747-06110359959,omid:br/06480203747,omid:br/06110359959
oci:06480203747-06220677445,omid:br/06480203747,omid:br/06220677445
oci:06480203747-06230683666,omid:br/06480203747,omid:br/06230683666
oci:06480203747-061701654699,omid:br/06480203747,omid:br/061701654699
oci:06480203747-061801644306,omid:br/06480203747,omid:br/061801644306
oci:06480203747-062201639952,omid:br/06480203747,omid:br/062201639952
oci:06480203747-061203645573,omid:br/06480203747,omid:br/061203645573
oci:06480203747-06204059799,omid:br/06480203747,omid:br/06204059799
oci:06480203747-062501644577,omid:br/06480203747,omid:br/062501644577
oci:06480203747-061801644640,omid:br/06480203747,omid:br/061801644640
oci:06480203747-061701655295,omid:br/06480203747,omid:br/061701655295
oci:06480203747-06503530858,omid:br/06480203747,omid:br/06503530858
oci:06480203747-0620176159,omid:br/06480203747,omid:br/0620176159
oci:06480203747-0680502753,omid:br/06480203747,omid:br/0680502753
oci:06480203747-06204060070,omid:br/06480203747,omid:br/06204060070
oci:06480203747-06250178503,omid:br/06480203747,omid:br/06250178503
oci:06480203747-06220176373,omid:br/06480203747,omid:br/06220176373
oci:06480203747-06902720037,omid:br/06480203747,omid:br/06902720037
oci:06480203747-061403657976,omid:br/06480203747,omid:br/061403657976
oci:06480203747-06901669543,omid:br/06480203747,omid:br/06901669543
oci:06480203747-062301643484,omid:br/06480203747,omid:br/062301643484
oci:06480203747-06120348373,omid:br/06480203747,omid:br/06120348373
oci:06480203747-0621085017,omid:br/06480203747,omid:br/0621085017
oci:06480203747-06160714781,omid:br/06480203747,omid:br/06160714781
oci:06480203747-061502702914,omid:br/06480203747,omid:br/061502702914
oci:06480203747-061101704553,omid:br/06480203747,omid:br/061101704553
oci:06480203747-06160714838,omid:br/06480203747,omid:br/06160714838
oci:06480203747-06150713110,omid:br/06480203747,omid:br/06150713110
oci:06480203747-06130703634,omid:br/06480203747,omid:br/06130703634
oci:06480203747-06160714557,omid:br/06480203747,omid:br/06160714557
oci:06480203747-06210710303,omid:br/06480203747,omid:br/06210710303
oci:06480203747-06220708613,omid:br/06480203747,omid:br/06220708613
oci:06480203747-062301643654,omid:br/06480203747,omid:br/062301643654
oci:06480203747-062301643456,omid:br/06480203747,omid:br/062301643456
oci:06480203747-061801644300,omid:br/06480203747,omid:br/061801644300
oci:06480203747-062401631530,omid:br/06480203747,omid:br/062401631530
oci:06480203747-062202675593,omid:br/06480203747,omid:br/062202675593
oci:06480203338-067085461,omid:br/06480203338,omid:br/067085461
oci:06480203338-0690623950,omid:br/06480203338,omid:br/0690623950
oci:06520198281-062401555826,omid:br/06520198281,omid:br/062401555826
oci:06520198281-06801696453,omid:br/06520198281,omid:br/06801696453
oci:06520198281-063079270,omid:br/06520198281,omid:br/063079270
oci:06520198281-062102415902,omid:br/06520198281,omid:br/062102415902
oci:06520198281-062202415369,omid:br/06520198281,omid:br/062202415369
oci:06520198281-0640474665,omid:br/06520198281,omid:br/0640474665
oci:06520198281-062101382299,omid:br/06520198281,omid:br/062101382299
oci:06520198281-06240167114,omid:br/06520198281,omid:br/06240167114
oci:06480203733-06210351530,omid:br/06480203733,omid:br/06210351530
oci:06520198232-06201045286,omid:br/06520198232,omid:br/06201045286
oci:06520198232-062503111086,omid:br/06520198232,omid:br/062503111086
oci:06520198232-061803770953,omid:br/06520198232,omid:br/061803770953
oci:06520198232-061403784318,omid:br/06520198232,omid:br/061403784318
oci:06480203671-0650353678,omid:br/06480203671,omid:br/0650353678
oci:06480203660-0640620949,omid:br/06480203660,omid:br/0640620949
oci:06520198387-06301793192,omid:br/06520198387,omid:br/06301793192
oci:06520198387-06404023882,omid:br/06520198387,omid:br/06404023882
oci:06520198387-061101378057,omid:br/06520198387,omid:br/061101378057
oci:06520198387-06601138578,omid:br/06520198387,omid:br/06601138578
oci:06520198387-062504124249,omid:br/06520198387,omid:br/062504124249
oci:06520198265-0630484159,omid:br/06520198265,omid:br/0630484159
oci:06520198265-06180711853,omid:br/06520198265,omid:br/06180711853
oci:06520198265-063905383,omid:br/06520198265,omid:br/063905383
oci:06520198390-06404023882,omid:br/06520198390,omid:br/06404023882
oci:06520198390-0680999055,omid:br/06520198390,omid:br/0680999055
oci:06520198292-06170844667,omid:br/06520198292,omid:br/06170844667
oci:06520198292-062302418140,omid:br/06520198292,omid:br/062302418140
oci:06520198292-062602240726,omid:br/06520198292,omid:br/062602240726
oci:06520198292-062103306034,omid:br/06520198292,omid:br/062103306034
oci:06520198292-06210345806,omid:br/06520198292,omid:br/06210345806
oci:06520198292-06240671924,omid:br/06520198292,omid:br/06240671924
oci:06520198292-062203648937,omid:br/06520198292,omid:br/062203648937
oci:06520198292-061903330469,omid:br/06520198292,omid:br/061903330469
oci:06520198292-06240671651,omid:br/06520198292,omid:br/06240671651
oci:06520198292-06240671710,omid:br/06520198292,omid:br/06240671710
oci:06480203326-0621085029,omid:br/06480203326,omid:br/0621085029
oci:06520198355-06404023882,omid:br/06520198355,omid:br/06404023882
oci:06520198355-062504124249,omid:br/06520198355,omid:br/062504124249
oci:06480203333-06140336403,omid:br/06480203333,omid:br/06140336403
oci:06480203333-062201412811,omid:br/06480203333,omid:br/062201412811
oci:06480203333-06604042994,omid:br/06480203333,omid:br/06604042994
oci:06480203333-06480204112,omid:br/06480203333,omid:br/06480204112
oci:06520198242-0690624390,omid:br/06520198242,omid:br/0690624390
oci:06520198242-06601367961,omid:br/06520198242,omid:br/06601367961
oci:06520198242-062303655765,omid:br/06520198242,omid:br/062303655765
oci:06520198242-062403654164,omid:br/06520198242,omid:br/062403654164
oci:06520198242-062401108811,omid:br/06520198242,omid:br/062401108811
oci:06520198340-06601138578,omid:br/06520198340,omid:br/06601138578
oci:06520198340-06604043008,omid:br/06520198340,omid:br/06604043008
oci:06520198340-061085957,omid:br/06520198340,omid:br/061085957
oci:06520198340-06230981126,omid:br/06520198340,omid:br/06230981126
oci:06480203336-06480203954,omid:br/06480203336,omid:br/06480203954
oci:06480203341-062203754583,omid:br/06480203341,omid:br/062203754583
oci:06480203341-06150903670,omid:br/06480203341,omid:br/06150903670
oci:06480203341-062101121306,omid:br/06480203341,omid:br/062101121306
