id,citing,cited
oci:06340271365-061602193328,omid:br/06340271365,omid:br/061602193328
oci:06340271329-06703018031,omid:br/06340271329,omid:br/06703018031
oci:06340271311-06120763121,omid:br/06340271311,omid:br/06120763121
oci:06340271311-06303042605,omid:br/06340271311,omid:br/06303042605
oci:06340271341-0680926736,omid:br/06340271341,omid:br/0680926736
oci:061304026435-061802673409,omid:br/061304026435,omid:br/061802673409
oci:061304026435-06303448839,omid:br/061304026435,omid:br/06303448839
oci:061304026435-06104046616,omid:br/061304026435,omid:br/06104046616
oci:061304026435-062102747752,omid:br/061304026435,omid:br/062102747752
oci:061304026435-06410234861,omid:br/061304026435,omid:br/06410234861
oci:061304026435-0604845071,omid:br/061304026435,omid:br/0604845071
oci:06703989058-06110733213,omid:br/06703989058,omid:br/06110733213
oci:06703989058-06150822865,omid:br/06703989058,omid:br/06150822865
oci:06703989058-06904137585,omid:br/06703989058,omid:br/06904137585
oci:06703989058-06380204965,omid:br/06703989058,omid:br/06380204965
oci:061304026083-061801128581,omid:br/061304026083,omid:br/061801128581
oci:061304026083-061201128679,omid:br/061304026083,omid:br/061201128679
oci:061304026083-061701137945,omid:br/061304026083,omid:br/061701137945
oci:061304026083-061101138096,omid:br/061304026083,omid:br/061101138096
oci:061304026083-061401123989,omid:br/061304026083,omid:br/061401123989
oci:061304026083-062601251277,omid:br/061304026083,omid:br/062601251277
oci:061304026083-061201128447,omid:br/061304026083,omid:br/061201128447
oci:0604376018-0660936352,omid:br/0604376018,omid:br/0660936352
oci:0604376018-0660936263,omid:br/0604376018,omid:br/0660936263
oci:0604376018-0650941002,omid:br/0604376018,omid:br/0650941002
oci:0604376018-0610346739,omid:br/0604376018,omid:br/0610346739
oci:0604376018-06470299518,omid:br/0604376018,omid:br/06470299518
oci:0604376018-061303577737,omid:br/0604376018,omid:br/061303577737
oci:061304026322-0604376030,omid:br/061304026322,omid:br/0604376030
oci:061304026322-061801455592,omid:br/061304026322,omid:br/061801455592
oci:061304026322-06230908622,omid:br/061304026322,omid:br/06230908622
oci:061304026322-062303670981,omid:br/061304026322,omid:br/062303670981
oci:061304026322-061603462311,omid:br/061304026322,omid:br/061603462311
oci:061304026346-061903737456,omid:br/061304026346,omid:br/061903737456
oci:061304026346-06160463646,omid:br/061304026346,omid:br/06160463646
oci:061304026346-061701794397,omid:br/061304026346,omid:br/061701794397
oci:061304026346-062103728988,omid:br/061304026346,omid:br/062103728988
oci:061304026346-062201779377,omid:br/061304026346,omid:br/062201779377
oci:061304026346-061101798152,omid:br/061304026346,omid:br/061101798152
oci:061304026346-061202873544,omid:br/061304026346,omid:br/061202873544
oci:061304026346-06101812708,omid:br/061304026346,omid:br/06101812708
oci:061304026346-06501808306,omid:br/061304026346,omid:br/06501808306
oci:061304026346-06250615847,omid:br/061304026346,omid:br/06250615847
oci:061304026346-06230625264,omid:br/061304026346,omid:br/06230625264
oci:061304026346-06480242500,omid:br/061304026346,omid:br/06480242500
oci:061304026346-061803736275,omid:br/061304026346,omid:br/061803736275
oci:061304026346-062601953352,omid:br/061304026346,omid:br/062601953352
oci:061304026346-06170619734,omid:br/061304026346,omid:br/06170619734
oci:061304026346-062601953741,omid:br/061304026346,omid:br/062601953741
oci:061304026346-062101783688,omid:br/061304026346,omid:br/062101783688
oci:061304026346-062403762202,omid:br/061304026346,omid:br/062403762202
oci:061304026346-06180622077,omid:br/061304026346,omid:br/06180622077
oci:061304026346-0640183104,omid:br/061304026346,omid:br/0640183104
oci:061304026346-06230625094,omid:br/061304026346,omid:br/06230625094
oci:061304026346-061201782876,omid:br/061304026346,omid:br/061201782876
oci:061304026346-061501792172,omid:br/061304026346,omid:br/061501792172
oci:061304026346-06130479584,omid:br/061304026346,omid:br/06130479584
oci:061304026346-062503748485,omid:br/061304026346,omid:br/062503748485
oci:061304026346-061103663942,omid:br/061304026346,omid:br/061103663942
oci:061304026346-061203753573,omid:br/061304026346,omid:br/061203753573
oci:061304026346-062203619606,omid:br/061304026346,omid:br/062203619606
oci:061304026346-062201362036,omid:br/061304026346,omid:br/062201362036
oci:061304026346-061901788767,omid:br/061304026346,omid:br/061901788767
oci:061304026364-062101120999,omid:br/061304026364,omid:br/062101120999
oci:061304026364-061602209556,omid:br/061304026364,omid:br/061602209556
oci:061304026364-06301007660,omid:br/061304026364,omid:br/06301007660
oci:061304026437-062203739837,omid:br/061304026437,omid:br/062203739837
oci:061304026437-061903738005,omid:br/061304026437,omid:br/061903738005
oci:061304026437-062103609500,omid:br/061304026437,omid:br/062103609500
oci:061304026437-06104626566,omid:br/061304026437,omid:br/06104626566
oci:061304026437-062203740525,omid:br/061304026437,omid:br/062203740525
oci:061304026437-062203740256,omid:br/061304026437,omid:br/062203740256
oci:061304026437-062303062790,omid:br/061304026437,omid:br/062303062790
oci:061304026437-061501374667,omid:br/061304026437,omid:br/061501374667
oci:061304026437-06203110294,omid:br/061304026437,omid:br/06203110294
oci:061304026437-06801053358,omid:br/061304026437,omid:br/06801053358
oci:061304026437-0670712232,omid:br/061304026437,omid:br/0670712232
oci:0604376052-062403670799,omid:br/0604376052,omid:br/062403670799
oci:0604376052-0640921373,omid:br/0604376052,omid:br/0640921373
oci:0604376032-06470299524,omid:br/0604376032,omid:br/06470299524
oci:0604376032-061203745620,omid:br/0604376032,omid:br/061203745620
oci:0604376032-0604376068,omid:br/0604376032,omid:br/0604376068
oci:061304026051-0690907113,omid:br/061304026051,omid:br/0690907113
oci:061304026051-061503737718,omid:br/061304026051,omid:br/061503737718
oci:061304026359-06190801345,omid:br/061304026359,omid:br/06190801345
oci:061304026359-061903738005,omid:br/061304026359,omid:br/061903738005
oci:061304026359-062103728571,omid:br/061304026359,omid:br/062103728571
oci:061304026359-06110763249,omid:br/061304026359,omid:br/06110763249
oci:061304026359-06701055831,omid:br/061304026359,omid:br/06701055831
oci:061304026359-061304026437,omid:br/061304026359,omid:br/061304026437
oci:061304026261-061203581747,omid:br/061304026261,omid:br/061203581747
oci:061304026261-06104246477,omid:br/061304026261,omid:br/06104246477
oci:061304026261-0690495981,omid:br/061304026261,omid:br/0690495981
oci:061304026261-0615074170,omid:br/061304026261,omid:br/0615074170
oci:061304026261-0650563806,omid:br/061304026261,omid:br/0650563806
oci:061304026261-06102162496,omid:br/061304026261,omid:br/06102162496
oci:061304026261-0616090835,omid:br/061304026261,omid:br/0616090835
oci:061304026261-06603224367,omid:br/061304026261,omid:br/06603224367
oci:061304026261-06601656666,omid:br/061304026261,omid:br/06601656666
oci:061304026261-0640565470,omid:br/061304026261,omid:br/0640565470
oci:061304026261-061503714772,omid:br/061304026261,omid:br/061503714772
oci:061304026363-061903738005,omid:br/061304026363,omid:br/061903738005
oci:061304026363-06190801353,omid:br/061304026363,omid:br/06190801353
oci:061304026363-062103728571,omid:br/061304026363,omid:br/062103728571
oci:061304026363-062203740256,omid:br/061304026363,omid:br/062203740256
oci:061304026363-061401771367,omid:br/061304026363,omid:br/061401771367
oci:061304026363-0650357561,omid:br/061304026363,omid:br/0650357561
oci:0604376085-061903708936,omid:br/0604376085,omid:br/061903708936
oci:0604376085-061801994869,omid:br/0604376085,omid:br/061801994869
oci:0604376085-06220696199,omid:br/0604376085,omid:br/06220696199
oci:0604376085-06120556230,omid:br/0604376085,omid:br/06120556230
oci:0604376085-06503235674,omid:br/0604376085,omid:br/06503235674
oci:061304026370-061203761786,omid:br/061304026370,omid:br/061203761786
oci:061304026418-061103646316,omid:br/061304026418,omid:br/061103646316
oci:061304026418-061903738163,omid:br/061304026418,omid:br/061903738163
oci:061304026418-06104626551,omid:br/061304026418,omid:br/06104626551
oci:061304026418-06104626552,omid:br/061304026418,omid:br/06104626552
oci:061304026418-062103729063,omid:br/061304026418,omid:br/062103729063
oci:061304026418-0620622323,omid:br/061304026418,omid:br/0620622323
oci:061304026418-061803735634,omid:br/061304026418,omid:br/061803735634
oci:0604376080-062301262735,omid:br/0604376080,omid:br/062301262735
oci:0604376080-06902278388,omid:br/0604376080,omid:br/06902278388
oci:0604376080-06160726709,omid:br/0604376080,omid:br/06160726709
oci:0604376080-06202601863,omid:br/0604376080,omid:br/06202601863
oci:0604376080-061701265604,omid:br/0604376080,omid:br/061701265604
oci:0604376080-06803162075,omid:br/0604376080,omid:br/06803162075
oci:0604376080-065070537,omid:br/0604376080,omid:br/065070537
oci:0604376080-061701265762,omid:br/0604376080,omid:br/061701265762
oci:061304026433-061103652442,omid:br/061304026433,omid:br/061103652442
oci:061304026433-062403042655,omid:br/061304026433,omid:br/062403042655
oci:061304026433-06250811415,omid:br/061304026433,omid:br/06250811415
oci:061304026433-0660207947,omid:br/061304026433,omid:br/0660207947
oci:061304026433-06902774685,omid:br/061304026433,omid:br/06902774685
oci:061304026433-06190333888,omid:br/061304026433,omid:br/06190333888
oci:061304026433-06804113280,omid:br/061304026433,omid:br/06804113280
oci:061304026433-06150679248,omid:br/061304026433,omid:br/06150679248
oci:061304026054-06120351052,omid:br/061304026054,omid:br/06120351052
oci:061304026054-06604141464,omid:br/061304026054,omid:br/06604141464
oci:061304026054-0630357792,omid:br/061304026054,omid:br/0630357792
oci:061304026054-061401648348,omid:br/061304026054,omid:br/061401648348
oci:061304026054-061702055691,omid:br/061304026054,omid:br/061702055691
oci:061304026054-061101654420,omid:br/061304026054,omid:br/061101654420
oci:061304026054-061401631840,omid:br/061304026054,omid:br/061401631840
oci:061304026054-06230186099,omid:br/061304026054,omid:br/06230186099
oci:061304026054-061203037133,omid:br/061304026054,omid:br/061203037133
oci:061304026054-061401110315,omid:br/061304026054,omid:br/061401110315
oci:061304026303-06603224601,omid:br/061304026303,omid:br/06603224601
oci:061304026303-06230969492,omid:br/061304026303,omid:br/06230969492
oci:061304026303-06230969165,omid:br/061304026303,omid:br/06230969165
oci:0604376065-061404029614,omid:br/0604376065,omid:br/061404029614
oci:0604376065-061203666084,omid:br/0604376065,omid:br/061203666084
oci:061304026434-061501579205,omid:br/061304026434,omid:br/061501579205
oci:061304026434-061301573472,omid:br/061304026434,omid:br/061301573472
oci:061304026434-062301087336,omid:br/061304026434,omid:br/062301087336
oci:061304026434-06903646607,omid:br/061304026434,omid:br/06903646607
oci:061304026434-062301087408,omid:br/061304026434,omid:br/062301087408
oci:061304026434-062301087767,omid:br/061304026434,omid:br/062301087767
oci:061304026434-0620917921,omid:br/061304026434,omid:br/0620917921
oci:061304026434-062103652171,omid:br/061304026434,omid:br/062103652171
oci:061304026071-06404133813,omid:br/061304026071,omid:br/06404133813
oci:061304026071-06150897269,omid:br/061304026071,omid:br/06150897269
oci:061304026071-061301642251,omid:br/061304026071,omid:br/061301642251
oci:061304026071-061303729494,omid:br/061304026071,omid:br/061303729494
oci:061304026071-063072250,omid:br/061304026071,omid:br/063072250
oci:061304026071-0610914356,omid:br/061304026071,omid:br/0610914356
oci:061304026071-06250356058,omid:br/061304026071,omid:br/06250356058
oci:061304026071-06503531540,omid:br/061304026071,omid:br/06503531540
oci:061304026242-062503642857,omid:br/061304026242,omid:br/062503642857
oci:061304026242-06103308162,omid:br/061304026242,omid:br/06103308162
oci:061304026242-0604376086,omid:br/061304026242,omid:br/0604376086
oci:061304026242-0604376066,omid:br/061304026242,omid:br/0604376066
oci:061304026242-061602861374,omid:br/061304026242,omid:br/061602861374
oci:061304026242-06110477464,omid:br/061304026242,omid:br/06110477464
oci:061304026242-061103088546,omid:br/061304026242,omid:br/061103088546
oci:061304026242-06190357280,omid:br/061304026242,omid:br/06190357280
oci:061304026242-06240349315,omid:br/061304026242,omid:br/06240349315
oci:061304026242-062403713723,omid:br/061304026242,omid:br/062403713723
oci:061304026242-0660359534,omid:br/061304026242,omid:br/0660359534
oci:061304026414-0660936077,omid:br/061304026414,omid:br/0660936077
oci:061304026414-0640938310,omid:br/061304026414,omid:br/0640938310
oci:061304026414-06104626548,omid:br/061304026414,omid:br/06104626548
oci:061304026414-0670930199,omid:br/061304026414,omid:br/0670930199
oci:061304026414-0660935542,omid:br/061304026414,omid:br/0660935542
oci:061304026414-06104626549,omid:br/061304026414,omid:br/06104626549
oci:061304026414-061103633033,omid:br/061304026414,omid:br/061103633033
oci:061304026414-0670930194,omid:br/061304026414,omid:br/0670930194
oci:061304026414-0660936262,omid:br/061304026414,omid:br/0660936262
oci:0604376055-0630339794,omid:br/0604376055,omid:br/0630339794
oci:0604376055-06703453605,omid:br/0604376055,omid:br/06703453605
oci:0604376055-061303694037,omid:br/0604376055,omid:br/061303694037
oci:0604376055-0615089287,omid:br/0604376055,omid:br/0615089287
oci:0604376055-061201165576,omid:br/0604376055,omid:br/061201165576
oci:0604376055-062085920,omid:br/0604376055,omid:br/062085920
oci:0604376055-06803109983,omid:br/0604376055,omid:br/06803109983
oci:061304026353-0650940890,omid:br/061304026353,omid:br/0650940890
oci:061304026353-061703674097,omid:br/061304026353,omid:br/061703674097
oci:061304026353-0650941335,omid:br/061304026353,omid:br/0650941335
oci:061304026353-0650941362,omid:br/061304026353,omid:br/0650941362
oci:061304026353-06104189965,omid:br/061304026353,omid:br/06104189965
oci:061304026353-0650941027,omid:br/061304026353,omid:br/0650941027
oci:0604376095-062303121597,omid:br/0604376095,omid:br/062303121597
oci:0604376095-06220480448,omid:br/0604376095,omid:br/06220480448
oci:0604376047-06210990894,omid:br/0604376047,omid:br/06210990894
oci:0604376047-061201660150,omid:br/0604376047,omid:br/061201660150
oci:0604376047-06501722154,omid:br/0604376047,omid:br/06501722154
oci:0604376047-0660848146,omid:br/0604376047,omid:br/0660848146
oci:061304026421-06150487378,omid:br/061304026421,omid:br/06150487378
oci:061304026421-0630356942,omid:br/061304026421,omid:br/0630356942
oci:061304026421-061203635586,omid:br/061304026421,omid:br/061203635586
oci:061304026421-06901177516,omid:br/061304026421,omid:br/06901177516
oci:061304026421-06304127460,omid:br/061304026421,omid:br/06304127460
oci:061304026421-06220348649,omid:br/061304026421,omid:br/06220348649
oci:061304026421-06240348695,omid:br/061304026421,omid:br/06240348695
oci:061304026421-06104626554,omid:br/061304026421,omid:br/06104626554
oci:061304026421-061303616098,omid:br/061304026421,omid:br/061303616098
oci:061304026421-061503741548,omid:br/061304026421,omid:br/061503741548
oci:061304026421-06104626556,omid:br/061304026421,omid:br/06104626556
oci:061304026421-06130479684,omid:br/061304026421,omid:br/06130479684
oci:061304026421-06404139893,omid:br/061304026421,omid:br/06404139893
oci:061304026421-06104626557,omid:br/061304026421,omid:br/06104626557
oci:061304026421-06404133601,omid:br/061304026421,omid:br/06404133601
oci:061304026421-06210354211,omid:br/061304026421,omid:br/06210354211
oci:061304026421-06402140258,omid:br/061304026421,omid:br/06402140258
oci:061304026335-06403494334,omid:br/061304026335,omid:br/06403494334
oci:061304026335-06902775067,omid:br/061304026335,omid:br/06902775067
oci:061304026335-061903738005,omid:br/061304026335,omid:br/061903738005
oci:061304026335-06304094981,omid:br/061304026335,omid:br/06304094981
oci:061304026335-06403214017,omid:br/061304026335,omid:br/06403214017
oci:061304026335-062103570835,omid:br/061304026335,omid:br/062103570835
oci:0604376079-06104107010,omid:br/0604376079,omid:br/06104107010
oci:0604376079-062501609097,omid:br/0604376079,omid:br/062501609097
oci:0604376079-061602062352,omid:br/0604376079,omid:br/061602062352
oci:0604376072-0610346739,omid:br/0604376072,omid:br/0610346739
oci:0604376072-06204172204,omid:br/0604376072,omid:br/06204172204
oci:0604376072-0640938318,omid:br/0604376072,omid:br/0640938318
oci:0604376072-0680739688,omid:br/0604376072,omid:br/0680739688
oci:061304026377-0670795165,omid:br/061304026377,omid:br/0670795165
oci:061304026377-0629024127,omid:br/061304026377,omid:br/0629024127
oci:061304026377-06250904790,omid:br/061304026377,omid:br/06250904790
oci:061304026377-0620106629,omid:br/061304026377,omid:br/0620106629
oci:061304026377-0620917506,omid:br/061304026377,omid:br/0620917506
oci:061304026377-062103651571,omid:br/061304026377,omid:br/062103651571
oci:061304026377-061703674121,omid:br/061304026377,omid:br/061703674121
oci:061304026377-061903670122,omid:br/061304026377,omid:br/061903670122
oci:061304026377-06104168658,omid:br/061304026377,omid:br/06104168658
oci:061304026377-06210907452,omid:br/061304026377,omid:br/06210907452
oci:061304026377-061703673964,omid:br/061304026377,omid:br/061703673964
oci:061304026377-061703673931,omid:br/061304026377,omid:br/061703673931
oci:061304026377-061304026370,omid:br/061304026377,omid:br/061304026370
oci:061304026410-06403498529,omid:br/061304026410,omid:br/06403498529
oci:061304026410-06503503689,omid:br/061304026410,omid:br/06503503689
oci:061304026410-0680734360,omid:br/061304026410,omid:br/0680734360
oci:061304026410-061302041905,omid:br/061304026410,omid:br/061302041905
oci:061304026410-061701629533,omid:br/061304026410,omid:br/061701629533
oci:0604376025-062303670376,omid:br/0604376025,omid:br/062303670376
oci:0604376025-061304026383,omid:br/0604376025,omid:br/061304026383
oci:0604376025-061304026379,omid:br/0604376025,omid:br/061304026379
oci:0604376025-0604844993,omid:br/0604376025,omid:br/0604844993
oci:061304026374-061903738005,omid:br/061304026374,omid:br/061903738005
oci:061304026374-0641049188,omid:br/061304026374,omid:br/0641049188
oci:061304026374-062401858788,omid:br/061304026374,omid:br/062401858788
oci:061304026374-062203740144,omid:br/061304026374,omid:br/062203740144
oci:061304026031-062303063019,omid:br/061304026031,omid:br/062303063019
oci:061304026031-062203662710,omid:br/061304026031,omid:br/062203662710
oci:061304026031-06110477091,omid:br/061304026031,omid:br/06110477091
oci:061304026031-061203724142,omid:br/061304026031,omid:br/061203724142
oci:061304026031-061203724680,omid:br/061304026031,omid:br/061203724680
oci:0604376083-06220746602,omid:br/0604376083,omid:br/06220746602
oci:061304026292-06601023619,omid:br/061304026292,omid:br/06601023619
oci:061304026292-06601023475,omid:br/061304026292,omid:br/06601023475
oci:061304026292-06902147230,omid:br/061304026292,omid:br/06902147230
oci:061304026292-061602135572,omid:br/061304026292,omid:br/061602135572
oci:061304026292-061903738005,omid:br/061304026292,omid:br/061903738005
oci:061304026292-06401365079,omid:br/061304026292,omid:br/06401365079
oci:061304026292-062303050307,omid:br/061304026292,omid:br/062303050307
oci:061304026292-06120667714,omid:br/061304026292,omid:br/06120667714
oci:0604376040-06120667549,omid:br/0604376040,omid:br/06120667549
oci:0604376040-06110677530,omid:br/0604376040,omid:br/06110677530
oci:0604376040-062301262723,omid:br/0604376040,omid:br/062301262723
oci:0604376040-065070500,omid:br/0604376040,omid:br/065070500
oci:0604376040-061501649685,omid:br/0604376040,omid:br/061501649685
oci:061304026105-062603702493,omid:br/061304026105,omid:br/062603702493
oci:061304026105-062103691225,omid:br/061304026105,omid:br/062103691225
oci:061304026105-061903709404,omid:br/061304026105,omid:br/061903709404
oci:0604376034-062401103812,omid:br/0604376034,omid:br/062401103812
oci:0604376034-061601134516,omid:br/0604376034,omid:br/061601134516
oci:0604376034-06130986502,omid:br/0604376034,omid:br/06130986502
oci:0604376034-061701131640,omid:br/0604376034,omid:br/061701131640
oci:0604376034-061401118264,omid:br/0604376034,omid:br/061401118264
oci:0604376034-0670999139,omid:br/0604376034,omid:br/0670999139
oci:0604376034-06801006294,omid:br/0604376034,omid:br/06801006294
oci:0604376034-06120991384,omid:br/0604376034,omid:br/06120991384
oci:0604376034-062202036095,omid:br/0604376034,omid:br/062202036095
oci:0604376034-0648049180,omid:br/0604376034,omid:br/0648049180
oci:0604376034-06401011144,omid:br/0604376034,omid:br/06401011144
oci:0604376034-061101002882,omid:br/0604376034,omid:br/061101002882
oci:0604376034-061101002138,omid:br/0604376034,omid:br/061101002138
oci:0604376034-06601008941,omid:br/0604376034,omid:br/06601008941
oci:0604376034-062202036122,omid:br/0604376034,omid:br/062202036122
oci:0604376034-06601136708,omid:br/0604376034,omid:br/06601136708
oci:0604376034-06201136387,omid:br/0604376034,omid:br/06201136387
oci:0604376034-06220241059,omid:br/0604376034,omid:br/06220241059
oci:0604376034-0670998779,omid:br/0604376034,omid:br/0670998779
oci:0604376030-06230908622,omid:br/0604376030,omid:br/06230908622
oci:0604376030-061302041882,omid:br/0604376030,omid:br/061302041882
oci:0604376030-061903669641,omid:br/0604376030,omid:br/061903669641
oci:0604376030-061801455592,omid:br/0604376030,omid:br/061801455592
oci:0604376030-061801455599,omid:br/0604376030,omid:br/061801455599
oci:0604376030-0604845019,omid:br/0604376030,omid:br/0604845019
oci:061304026430-0630357792,omid:br/061304026430,omid:br/0630357792
oci:061304026430-061103802046,omid:br/061304026430,omid:br/061103802046
oci:061304026430-061303049237,omid:br/061304026430,omid:br/061303049237
oci:061304026430-061102713628,omid:br/061304026430,omid:br/061102713628
oci:061304026430-061401631840,omid:br/061304026430,omid:br/061401631840
oci:061304026430-06702410234,omid:br/061304026430,omid:br/06702410234
oci:061304026430-0630395752,omid:br/061304026430,omid:br/0630395752
oci:061304026430-061201812526,omid:br/061304026430,omid:br/061201812526
oci:061304026213-06302583486,omid:br/061304026213,omid:br/06302583486
oci:061304026213-061801517655,omid:br/061304026213,omid:br/061801517655
oci:0604376082-061903709339,omid:br/0604376082,omid:br/061903709339
oci:061304026392-06401686188,omid:br/061304026392,omid:br/06401686188
oci:061304026392-0650941381,omid:br/061304026392,omid:br/0650941381
oci:061304026392-0650940691,omid:br/061304026392,omid:br/0650940691
oci:061304026392-061902882768,omid:br/061304026392,omid:br/061902882768
oci:061304026330-0615074426,omid:br/061304026330,omid:br/0615074426
oci:061304026330-061901820787,omid:br/061304026330,omid:br/061901820787
oci:061304026330-061203724647,omid:br/061304026330,omid:br/061203724647
oci:061304026330-061101138170,omid:br/061304026330,omid:br/061101138170
oci:0604376061-06401269751,omid:br/0604376061,omid:br/06401269751
oci:0604376061-061801697980,omid:br/0604376061,omid:br/061801697980
oci:0604376061-0623092223,omid:br/0604376061,omid:br/0623092223
oci:0604376061-062602249644,omid:br/0604376061,omid:br/062602249644
oci:0604376061-0618079854,omid:br/0604376061,omid:br/0618079854
oci:0604376061-0616080721,omid:br/0604376061,omid:br/0616080721
oci:061304026241-061304026379,omid:br/061304026241,omid:br/061304026379
oci:061304026241-061304026383,omid:br/061304026241,omid:br/061304026383
oci:061304026241-0604376025,omid:br/061304026241,omid:br/0604376025
oci:061304026241-0604376076,omid:br/061304026241,omid:br/0604376076
oci:061304026241-0604376013,omid:br/061304026241,omid:br/0604376013
oci:061304026241-0604376092,omid:br/061304026241,omid:br/0604376092
oci:061304026241-0604844993,omid:br/061304026241,omid:br/0604844993
oci:061304026241-061801455854,omid:br/061304026241,omid:br/061801455854
oci:061304026241-062303670376,omid:br/061304026241,omid:br/062303670376
oci:0604376026-062101582042,omid:br/0604376026,omid:br/062101582042
oci:0604376026-0620918192,omid:br/0604376026,omid:br/0620918192
oci:0604376026-062102747656,omid:br/0604376026,omid:br/062102747656
oci:0604376026-062102747121,omid:br/0604376026,omid:br/062102747121
oci:0604376026-061502051356,omid:br/0604376026,omid:br/061502051356
oci:0604376026-062103651655,omid:br/0604376026,omid:br/062103651655
oci:0604376026-06104169044,omid:br/0604376026,omid:br/06104169044
oci:061304026390-061803018306,omid:br/061304026390,omid:br/061803018306
oci:061304026390-061503742003,omid:br/061304026390,omid:br/061503742003
oci:061304026390-06503504316,omid:br/061304026390,omid:br/06503504316
oci:061304026390-06104194208,omid:br/061304026390,omid:br/06104194208
oci:061304026390-06603521070,omid:br/061304026390,omid:br/06603521070
oci:061304026390-0610213437,omid:br/061304026390,omid:br/0610213437
oci:061304026390-06503504393,omid:br/061304026390,omid:br/06503504393
oci:061304026390-061401121018,omid:br/061304026390,omid:br/061401121018
oci:061304026390-0650208649,omid:br/061304026390,omid:br/0650208649
oci:061304026390-0650861816,omid:br/061304026390,omid:br/0650861816
oci:061304026390-0690440332,omid:br/061304026390,omid:br/0690440332
oci:061304026390-06260446493,omid:br/061304026390,omid:br/06260446493
oci:0604376041-061304026434,omid:br/0604376041,omid:br/061304026434
oci:061304026086-06110978748,omid:br/061304026086,omid:br/06110978748
oci:061304026086-061103524030,omid:br/061304026086,omid:br/061103524030
oci:061304026086-062603702461,omid:br/061304026086,omid:br/062603702461
oci:061304026086-06130350957,omid:br/061304026086,omid:br/06130350957
oci:061304026086-061702053743,omid:br/061304026086,omid:br/061702053743
oci:061304026086-06250967547,omid:br/061304026086,omid:br/06250967547
oci:061304026086-06190843447,omid:br/061304026086,omid:br/06190843447
oci:061304026086-06402140613,omid:br/061304026086,omid:br/06402140613
oci:061304026086-06103308162,omid:br/061304026086,omid:br/06103308162
oci:0604376000-0604376079,omid:br/0604376000,omid:br/0604376079
oci:0604376000-061103088647,omid:br/0604376000,omid:br/061103088647
oci:0604376000-06104107010,omid:br/0604376000,omid:br/06104107010
oci:0604376000-062501609097,omid:br/0604376000,omid:br/062501609097
oci:061304026386-061803664331,omid:br/061304026386,omid:br/061803664331
oci:061304026388-0650941381,omid:br/061304026388,omid:br/0650941381
oci:0604376049-061801455481,omid:br/0604376049,omid:br/061801455481
oci:0604376049-06603224668,omid:br/0604376049,omid:br/06603224668
oci:0604376049-061304026049,omid:br/0604376049,omid:br/061304026049
oci:0604376049-0604845026,omid:br/0604376049,omid:br/0604845026
oci:0604376007-06250832379,omid:br/0604376007,omid:br/06250832379
oci:0604376007-0680347210,omid:br/0604376007,omid:br/0680347210
oci:0604376007-061702876086,omid:br/0604376007,omid:br/061702876086
oci:0604376007-06370283737,omid:br/0604376007,omid:br/06370283737
oci:061304026298-06130480763,omid:br/061304026298,omid:br/06130480763
oci:061304026298-062402636372,omid:br/061304026298,omid:br/062402636372
oci:061304026298-061902424600,omid:br/061304026298,omid:br/061902424600
oci:061304026298-0680536179,omid:br/061304026298,omid:br/0680536179
oci:0604376028-06430303290,omid:br/0604376028,omid:br/06430303290
oci:061304026332-061303782856,omid:br/061304026332,omid:br/061303782856
oci:061304026332-0604376033,omid:br/061304026332,omid:br/0604376033
oci:061304026332-061403735351,omid:br/061304026332,omid:br/061403735351
oci:061304026332-06210735285,omid:br/061304026332,omid:br/06210735285
oci:061304026332-061901308507,omid:br/061304026332,omid:br/061901308507
oci:061304026332-0630169611,omid:br/061304026332,omid:br/0630169611
oci:061304026332-06701132708,omid:br/061304026332,omid:br/06701132708
oci:061304026332-06210735214,omid:br/061304026332,omid:br/06210735214
oci:061304026332-06210735270,omid:br/061304026332,omid:br/06210735270
oci:061304026332-06404204222,omid:br/061304026332,omid:br/06404204222
oci:061304026332-061503741709,omid:br/061304026332,omid:br/061503741709
oci:061304026332-06503504393,omid:br/061304026332,omid:br/06503504393
oci:061304026100-061901648524,omid:br/061304026100,omid:br/061901648524
oci:061304026100-061201642736,omid:br/061304026100,omid:br/061201642736
oci:061304026100-0680362615,omid:br/061304026100,omid:br/0680362615
oci:061304026100-062101640391,omid:br/061304026100,omid:br/062101640391
oci:061304026100-061901648479,omid:br/061304026100,omid:br/061901648479
oci:061304026100-06201014138,omid:br/061304026100,omid:br/06201014138
oci:061304026100-06104106947,omid:br/061304026100,omid:br/06104106947
oci:061304026100-06220677102,omid:br/061304026100,omid:br/06220677102
oci:061304026100-06201013794,omid:br/061304026100,omid:br/06201013794
oci:061304026100-06230250593,omid:br/061304026100,omid:br/06230250593
oci:061304026349-06210907727,omid:br/061304026349,omid:br/06210907727
oci:061304026349-06220912481,omid:br/061304026349,omid:br/06220912481
oci:061304026349-06240893331,omid:br/061304026349,omid:br/06240893331
oci:061304026349-061703673454,omid:br/061304026349,omid:br/061703673454
oci:061304026349-06403498307,omid:br/061304026349,omid:br/06403498307
oci:061304026349-06501565346,omid:br/061304026349,omid:br/06501565346
oci:0604376062-062302618231,omid:br/0604376062,omid:br/062302618231
oci:0604376062-062602642235,omid:br/0604376062,omid:br/062602642235
oci:0604376062-0610275408,omid:br/0604376062,omid:br/0610275408
oci:0604376062-06603494073,omid:br/0604376062,omid:br/06603494073
oci:0604376062-06130556818,omid:br/0604376062,omid:br/06130556818
oci:0604376062-06402783564,omid:br/0604376062,omid:br/06402783564
oci:0604376062-06230862384,omid:br/0604376062,omid:br/06230862384
oci:0604376057-06150918101,omid:br/0604376057,omid:br/06150918101
oci:0604376057-06470299538,omid:br/0604376057,omid:br/06470299538
oci:0604376057-061801455435,omid:br/0604376057,omid:br/061801455435
oci:061304026352-061903738005,omid:br/061304026352,omid:br/061903738005
oci:061304026352-062103728571,omid:br/061304026352,omid:br/062103728571
oci:061304026352-062203740256,omid:br/061304026352,omid:br/062203740256
oci:061304026352-06250990755,omid:br/061304026352,omid:br/06250990755
oci:061304026055-062601810126,omid:br/061304026055,omid:br/062601810126
oci:061304026055-06430343113,omid:br/061304026055,omid:br/06430343113
oci:061304026055-06503503565,omid:br/061304026055,omid:br/06503503565
oci:061304026055-0690480601,omid:br/061304026055,omid:br/0690480601
oci:061304026055-061702055566,omid:br/061304026055,omid:br/061702055566
oci:061304026055-0690480798,omid:br/061304026055,omid:br/0690480798
oci:061304026055-06203230899,omid:br/061304026055,omid:br/06203230899
oci:061304026055-06402140613,omid:br/061304026055,omid:br/06402140613
oci:061304026055-06103308162,omid:br/061304026055,omid:br/06103308162
oci:0604376027-0604844994,omid:br/0604376027,omid:br/0604844994
oci:0604376027-06803896148,omid:br/0604376027,omid:br/06803896148
oci:0604376027-0618079586,omid:br/0604376027,omid:br/0618079586
oci:0604376027-06102787683,omid:br/0604376027,omid:br/06102787683
oci:061304026378-0660935780,omid:br/061304026378,omid:br/0660935780
oci:061304026378-06602795437,omid:br/061304026378,omid:br/06602795437
oci:061304026259-062203662906,omid:br/061304026259,omid:br/062203662906
oci:061304026259-062203662618,omid:br/061304026259,omid:br/062203662618
oci:061304026259-0611094934,omid:br/061304026259,omid:br/0611094934
oci:061304026259-061403780020,omid:br/061304026259,omid:br/061403780020
oci:061304026259-062501223289,omid:br/061304026259,omid:br/062501223289
oci:061304026259-06204093186,omid:br/061304026259,omid:br/06204093186
oci:061304026259-0650563434,omid:br/061304026259,omid:br/0650563434
oci:061304026376-06180352892,omid:br/061304026376,omid:br/06180352892
oci:061304026376-06230969492,omid:br/061304026376,omid:br/06230969492
oci:061304026376-061703674232,omid:br/061304026376,omid:br/061703674232
oci:061304026376-06150917946,omid:br/061304026376,omid:br/06150917946
oci:061304026376-0630169546,omid:br/061304026376,omid:br/0630169546
oci:061304026376-06503235563,omid:br/061304026376,omid:br/06503235563
oci:061304026297-062501476714,omid:br/061304026297,omid:br/062501476714
oci:061304026297-0604844950,omid:br/061304026297,omid:br/0604844950
oci:061304026297-06802611316,omid:br/061304026297,omid:br/06802611316
oci:061304026038-0610363278,omid:br/061304026038,omid:br/0610363278
oci:061304026038-0650357536,omid:br/061304026038,omid:br/0650357536
oci:061304026038-06170350823,omid:br/061304026038,omid:br/06170350823
oci:061304026038-06404133813,omid:br/061304026038,omid:br/06404133813
oci:061304026038-0660359745,omid:br/061304026038,omid:br/0660359745
oci:061304026038-062403052104,omid:br/061304026038,omid:br/062403052104
oci:061304026038-06150678784,omid:br/061304026038,omid:br/06150678784
oci:061304026038-06120702793,omid:br/061304026038,omid:br/06120702793
oci:061304026038-0680717846,omid:br/061304026038,omid:br/0680717846
oci:061304026038-06404133751,omid:br/061304026038,omid:br/06404133751
oci:061304026038-06110356011,omid:br/061304026038,omid:br/06110356011
oci:061304026038-06110711859,omid:br/061304026038,omid:br/06110711859
oci:0604376084-06180991525,omid:br/0604376084,omid:br/06180991525
oci:0604376084-06120990921,omid:br/0604376084,omid:br/06120990921
oci:0604376084-06220996110,omid:br/0604376084,omid:br/06220996110
oci:0604376084-06220996271,omid:br/0604376084,omid:br/06220996271
oci:0604376084-06301007073,omid:br/0604376084,omid:br/06301007073
oci:061304026365-06110978748,omid:br/061304026365,omid:br/06110978748
oci:061304026365-0631027918,omid:br/061304026365,omid:br/0631027918
oci:061304026365-0604845067,omid:br/061304026365,omid:br/0604845067
oci:061304026245-06503235584,omid:br/061304026245,omid:br/06503235584
oci:061304026245-06503235335,omid:br/061304026245,omid:br/06503235335
oci:061304026245-06503235140,omid:br/061304026245,omid:br/06503235140
oci:061304026245-06502250280,omid:br/061304026245,omid:br/06502250280
oci:061304026037-061103646316,omid:br/061304026037,omid:br/061103646316
oci:061304026037-06104179754,omid:br/061304026037,omid:br/06104179754
oci:061304026037-061401770790,omid:br/061304026037,omid:br/061401770790
oci:061304026037-061203630180,omid:br/061304026037,omid:br/061203630180
oci:061304026037-061803735634,omid:br/061304026037,omid:br/061803735634
oci:061304026037-06101812880,omid:br/061304026037,omid:br/06101812880
oci:061304026037-06170619896,omid:br/061304026037,omid:br/06170619896
oci:061304026037-062201779377,omid:br/061304026037,omid:br/062201779377
oci:061304026323-06150797344,omid:br/061304026323,omid:br/06150797344
oci:061304026266-0604376072,omid:br/061304026266,omid:br/0604376072
oci:061304026266-0610346739,omid:br/061304026266,omid:br/0610346739
oci:061304026266-06204172204,omid:br/061304026266,omid:br/06204172204
oci:0604376005-0604844995,omid:br/0604376005,omid:br/0604844995
oci:0604376005-061801455816,omid:br/0604376005,omid:br/061801455816
oci:061304026412-061601252303,omid:br/061304026412,omid:br/061601252303
oci:061304026412-06104081299,omid:br/061304026412,omid:br/06104081299
oci:061304026412-061701298104,omid:br/061304026412,omid:br/061701298104
oci:061304026412-062603144873,omid:br/061304026412,omid:br/062603144873
oci:061304026412-06901313566,omid:br/061304026412,omid:br/06901313566
oci:061304026393-06103505714,omid:br/061304026393,omid:br/06103505714
oci:0604376090-061803736213,omid:br/0604376090,omid:br/061803736213
oci:0604376090-061803736569,omid:br/0604376090,omid:br/061803736569
oci:0604376090-061803735807,omid:br/0604376090,omid:br/061803735807
oci:0604376090-061803735701,omid:br/0604376090,omid:br/061803735701
oci:0604376090-061903737587,omid:br/0604376090,omid:br/061903737587
oci:0604376090-061903738005,omid:br/0604376090,omid:br/061903738005
oci:0604376090-062103728571,omid:br/0604376090,omid:br/062103728571
oci:0604376090-06301006854,omid:br/0604376090,omid:br/06301006854
oci:0604376090-06403995954,omid:br/0604376090,omid:br/06403995954
oci:0604376090-061304026426,omid:br/0604376090,omid:br/061304026426
oci:061304026375-061401647880,omid:br/061304026375,omid:br/061401647880
oci:061304026375-061603511554,omid:br/061304026375,omid:br/061603511554
oci:061304026375-061201642736,omid:br/061304026375,omid:br/061201642736
oci:061304026375-061501650119,omid:br/061304026375,omid:br/061501650119
oci:061304026375-0628069494,omid:br/061304026375,omid:br/0628069494
oci:061304026375-062301222314,omid:br/061304026375,omid:br/062301222314
oci:061304026375-06201013794,omid:br/061304026375,omid:br/06201013794
oci:061304026375-062301643817,omid:br/061304026375,omid:br/062301643817
oci:061304026375-06240349349,omid:br/061304026375,omid:br/06240349349
oci:061304026375-0690723245,omid:br/061304026375,omid:br/0690723245
oci:061304026375-0670829434,omid:br/061304026375,omid:br/0670829434
oci:061304026375-0628069779,omid:br/061304026375,omid:br/0628069779
oci:061304026375-061501649414,omid:br/061304026375,omid:br/061501649414
oci:061304026375-061901648479,omid:br/061304026375,omid:br/061901648479
oci:061304026375-0620160607,omid:br/061304026375,omid:br/0620160607
oci:061304026375-06104626538,omid:br/061304026375,omid:br/06104626538
oci:061304026375-0640489312,omid:br/061304026375,omid:br/0640489312
oci:061304026375-061702055750,omid:br/061304026375,omid:br/061702055750
oci:061304026375-061901648682,omid:br/061304026375,omid:br/061901648682
oci:061304026375-06104106947,omid:br/061304026375,omid:br/06104106947
oci:061304026375-061702055675,omid:br/061304026375,omid:br/061702055675
oci:061304026375-061304026100,omid:br/061304026375,omid:br/061304026100
oci:061304026375-061304026033,omid:br/061304026375,omid:br/061304026033
oci:061304026375-061304026065,omid:br/061304026375,omid:br/061304026065
oci:061304026093-062203626838,omid:br/061304026093,omid:br/062203626838
oci:061304026093-062403042267,omid:br/061304026093,omid:br/062403042267
oci:061304026093-061401335805,omid:br/061304026093,omid:br/061401335805
oci:061304026093-06180470148,omid:br/061304026093,omid:br/06180470148
oci:061304026093-061403774800,omid:br/061304026093,omid:br/061403774800
oci:061304026093-061403774942,omid:br/061304026093,omid:br/061403774942
oci:061304026093-062303046062,omid:br/061304026093,omid:br/062303046062
oci:0604376086-0653023929,omid:br/0604376086,omid:br/0653023929
oci:0604376086-06803896148,omid:br/0604376086,omid:br/06803896148
oci:0604376086-0660359534,omid:br/0604376086,omid:br/0660359534
oci:0604376086-061101920886,omid:br/0604376086,omid:br/061101920886
oci:0604376086-06103308162,omid:br/0604376086,omid:br/06103308162
oci:061304026432-06402514103,omid:br/061304026432,omid:br/06402514103
oci:061304026432-061501540661,omid:br/061304026432,omid:br/061501540661
oci:061304026432-061303478412,omid:br/061304026432,omid:br/061303478412
oci:061304026432-061903737498,omid:br/061304026432,omid:br/061903737498
oci:061304026432-061803736213,omid:br/061304026432,omid:br/061803736213
oci:061304026432-061803735807,omid:br/061304026432,omid:br/061803735807
oci:061304026432-062303749256,omid:br/061304026432,omid:br/062303749256
oci:061304026432-061401093806,omid:br/061304026432,omid:br/061401093806
oci:061304026432-062402684656,omid:br/061304026432,omid:br/062402684656
oci:061304026432-06120176620,omid:br/061304026432,omid:br/06120176620
oci:061304026432-062401858788,omid:br/061304026432,omid:br/062401858788
oci:061304026432-062502127890,omid:br/061304026432,omid:br/062502127890
oci:061304026432-062601392729,omid:br/061304026432,omid:br/062601392729
oci:061304026432-061304026367,omid:br/061304026432,omid:br/061304026367
oci:061304026271-061301465896,omid:br/061304026271,omid:br/061301465896
oci:061304026271-06220480448,omid:br/061304026271,omid:br/06220480448
oci:061304026271-061102264316,omid:br/061304026271,omid:br/061102264316
oci:061304026271-0615080719,omid:br/061304026271,omid:br/0615080719
oci:061304026271-06702453727,omid:br/061304026271,omid:br/06702453727
oci:061304026271-062303121597,omid:br/061304026271,omid:br/062303121597
oci:061304026271-06602474035,omid:br/061304026271,omid:br/06602474035
oci:061304026273-06250989419,omid:br/061304026273,omid:br/06250989419
oci:061304026273-06150404684,omid:br/061304026273,omid:br/06150404684
oci:061304026076-06104194310,omid:br/061304026076,omid:br/06104194310
oci:061304026076-062501236618,omid:br/061304026076,omid:br/062501236618
oci:061304026076-061702055691,omid:br/061304026076,omid:br/061702055691
oci:061304026076-06901668449,omid:br/061304026076,omid:br/06901668449
oci:061304026076-06140891457,omid:br/061304026076,omid:br/06140891457
oci:061304026076-062079962,omid:br/061304026076,omid:br/062079962
oci:061304026076-06120351170,omid:br/061304026076,omid:br/06120351170
oci:061304026076-06703458189,omid:br/061304026076,omid:br/06703458189
oci:061304026312-061901121070,omid:br/061304026312,omid:br/061901121070
oci:061304026312-0604845032,omid:br/061304026312,omid:br/0604845032
oci:061304026312-062402223664,omid:br/061304026312,omid:br/062402223664
oci:061304026317-06220746602,omid:br/061304026317,omid:br/06220746602
oci:061304026317-062203642145,omid:br/061304026317,omid:br/062203642145
oci:061304026317-0604376083,omid:br/061304026317,omid:br/0604376083
oci:061304026420-061903660720,omid:br/061304026420,omid:br/061903660720
oci:061304026420-06504263988,omid:br/061304026420,omid:br/06504263988
oci:061304026420-061801456111,omid:br/061304026420,omid:br/061801456111
oci:061304026250-06250832379,omid:br/061304026250,omid:br/06250832379
oci:061304026250-06120347632,omid:br/061304026250,omid:br/06120347632
oci:061304026250-0680347210,omid:br/061304026250,omid:br/0680347210
oci:061304026250-0644052323,omid:br/061304026250,omid:br/0644052323
oci:061304026250-06503485403,omid:br/061304026250,omid:br/06503485403
oci:061304026053-06240608837,omid:br/061304026053,omid:br/06240608837
oci:061304026053-06104179311,omid:br/061304026053,omid:br/06104179311
oci:061304026053-061203646077,omid:br/061304026053,omid:br/061203646077
oci:061304026053-061201783038,omid:br/061304026053,omid:br/061201783038
oci:061304026053-061203630180,omid:br/061304026053,omid:br/061203630180
oci:061304026053-0660179379,omid:br/061304026053,omid:br/0660179379
oci:061304026053-061401770844,omid:br/061304026053,omid:br/061401770844
oci:061304026053-0660179382,omid:br/061304026053,omid:br/0660179382
oci:061304026053-062303626174,omid:br/061304026053,omid:br/062303626174
oci:061304026053-062203619536,omid:br/061304026053,omid:br/062203619536
oci:061304026053-061201782638,omid:br/061304026053,omid:br/061201782638
oci:061304026053-062401916355,omid:br/061304026053,omid:br/062401916355
oci:061304026053-06240609033,omid:br/061304026053,omid:br/06240609033
oci:061304026053-062201778396,omid:br/061304026053,omid:br/062201778396
oci:061304026053-06210620879,omid:br/061304026053,omid:br/06210620879
oci:061304026053-06250616307,omid:br/061304026053,omid:br/06250616307
oci:061304026053-06160463666,omid:br/061304026053,omid:br/06160463666
oci:061304026053-061203630181,omid:br/061304026053,omid:br/061203630181
oci:061304026053-06180621781,omid:br/061304026053,omid:br/06180621781
oci:061304026053-06604152146,omid:br/061304026053,omid:br/06604152146
oci:061304026053-0620622602,omid:br/061304026053,omid:br/0620622602
oci:061304026053-0660487329,omid:br/061304026053,omid:br/0660487329
oci:061304026053-061203754269,omid:br/061304026053,omid:br/061203754269
oci:061304026121-0690493672,omid:br/061304026121,omid:br/0690493672
oci:061304026121-06704108800,omid:br/061304026121,omid:br/06704108800
oci:061304026121-062303055203,omid:br/061304026121,omid:br/062303055203
oci:061304026121-06404133891,omid:br/061304026121,omid:br/06404133891
oci:061304026413-062201778640,omid:br/061304026413,omid:br/062201778640
oci:061304026413-061101799034,omid:br/061304026413,omid:br/061101799034
oci:061304026413-061903628301,omid:br/061304026413,omid:br/061903628301
oci:061304026413-061103646316,omid:br/061304026413,omid:br/061103646316
oci:061304026413-061304026418,omid:br/061304026413,omid:br/061304026418
oci:061304026277-06260422273,omid:br/061304026277,omid:br/06260422273
oci:061304026277-06230969490,omid:br/061304026277,omid:br/06230969490
oci:061304026277-06230969625,omid:br/061304026277,omid:br/06230969625
oci:061304026338-062202565957,omid:br/061304026338,omid:br/062202565957
oci:061304026338-061501003858,omid:br/061304026338,omid:br/061501003858
oci:061304026343-0660935722,omid:br/061304026343,omid:br/0660935722
oci:061304026343-0660935542,omid:br/061304026343,omid:br/0660935542
oci:061304026343-0660936245,omid:br/061304026343,omid:br/0660936245
oci:061304026343-0650941358,omid:br/061304026343,omid:br/0650941358
oci:061304026343-06480242494,omid:br/061304026343,omid:br/06480242494
oci:061304026343-0660936284,omid:br/061304026343,omid:br/0660936284
oci:061304026343-0640938373,omid:br/061304026343,omid:br/0640938373
oci:061304026295-0680347210,omid:br/061304026295,omid:br/0680347210
oci:061304026295-06370283737,omid:br/061304026295,omid:br/06370283737
oci:061304026295-061702876086,omid:br/061304026295,omid:br/061702876086
oci:061304026042-06901668449,omid:br/061304026042,omid:br/06901668449
oci:061304026042-067083428,omid:br/061304026042,omid:br/067083428
oci:061304026042-061203712464,omid:br/061304026042,omid:br/061203712464
oci:061304026296-061503751012,omid:br/061304026296,omid:br/061503751012
oci:061304026296-061501930117,omid:br/061304026296,omid:br/061501930117
oci:061304026296-06260947864,omid:br/061304026296,omid:br/06260947864
oci:061304026296-06110490995,omid:br/061304026296,omid:br/06110490995
oci:061304026296-06260637471,omid:br/061304026296,omid:br/06260637471
oci:061304026296-06301175517,omid:br/061304026296,omid:br/06301175517
oci:0604376050-061702859095,omid:br/0604376050,omid:br/061702859095
oci:0604376050-0604376060,omid:br/0604376050,omid:br/0604376060
oci:061304026382-062103691333,omid:br/061304026382,omid:br/062103691333
oci:061304026382-061801994306,omid:br/061304026382,omid:br/061801994306
oci:061304026382-0610275328,omid:br/061304026382,omid:br/0610275328
oci:061304026382-061901994119,omid:br/061304026382,omid:br/061901994119
oci:061304026382-061801586715,omid:br/061304026382,omid:br/061801586715
oci:061304026382-061801994307,omid:br/061304026382,omid:br/061801994307
oci:061304026382-06130556655,omid:br/061304026382,omid:br/06130556655
oci:061304026357-06190356582,omid:br/061304026357,omid:br/06190356582
oci:061304026270-06603224726,omid:br/061304026270,omid:br/06603224726
oci:061304026270-06603224454,omid:br/061304026270,omid:br/06603224454
oci:061304026425-06402514103,omid:br/061304026425,omid:br/06402514103
oci:061304026425-061501540661,omid:br/061304026425,omid:br/061501540661
oci:061304026425-061303478412,omid:br/061304026425,omid:br/061303478412
oci:061304026425-062401858788,omid:br/061304026425,omid:br/062401858788
oci:061304026425-061304026367,omid:br/061304026425,omid:br/061304026367
oci:061304026117-06703000807,omid:br/061304026117,omid:br/06703000807
oci:061304026117-061101654451,omid:br/061304026117,omid:br/061101654451
oci:061304026117-0610905761,omid:br/061304026117,omid:br/0610905761
oci:061304026117-062503047057,omid:br/061304026117,omid:br/062503047057
oci:061304026117-06903100449,omid:br/061304026117,omid:br/06903100449
oci:061304026117-061203712507,omid:br/061304026117,omid:br/061203712507
oci:061304026117-061102611590,omid:br/061304026117,omid:br/061102611590
oci:061304026117-06160997019,omid:br/061304026117,omid:br/06160997019
oci:0604376053-06103479099,omid:br/0604376053,omid:br/06103479099
oci:0604376053-06120175699,omid:br/0604376053,omid:br/06120175699
oci:0604376053-0660860355,omid:br/0604376053,omid:br/0660860355
oci:0604376053-06250481638,omid:br/0604376053,omid:br/06250481638
oci:061304026315-06501136749,omid:br/061304026315,omid:br/06501136749
oci:061304026315-061801456230,omid:br/061304026315,omid:br/061801456230
oci:061304026401-061203779065,omid:br/061304026401,omid:br/061203779065
oci:061304026401-061403621529,omid:br/061304026401,omid:br/061403621529
oci:061304026401-06250353784,omid:br/061304026401,omid:br/06250353784
oci:061304026401-0640353352,omid:br/061304026401,omid:br/0640353352
oci:061304026401-061303575035,omid:br/061304026401,omid:br/061303575035
oci:061304026401-0630349700,omid:br/061304026401,omid:br/0630349700
oci:061304026401-061303760413,omid:br/061304026401,omid:br/061303760413
oci:061304026401-06430303406,omid:br/061304026401,omid:br/06430303406
oci:061304026401-061304026373,omid:br/061304026401,omid:br/061304026373
oci:061304026126-061303693864,omid:br/061304026126,omid:br/061303693864
oci:061304026126-061203745577,omid:br/061304026126,omid:br/061203745577
oci:061304026126-06703507333,omid:br/061304026126,omid:br/06703507333
oci:061304026126-06403026058,omid:br/061304026126,omid:br/06403026058
oci:061304026126-061503741709,omid:br/061304026126,omid:br/061503741709
oci:061304026126-061503742003,omid:br/061304026126,omid:br/061503742003
oci:061304026126-061203745778,omid:br/061304026126,omid:br/061203745778
oci:061304026126-06603520536,omid:br/061304026126,omid:br/06603520536
oci:061304026126-0610213437,omid:br/061304026126,omid:br/0610213437
oci:061304026126-0640353197,omid:br/061304026126,omid:br/0640353197
oci:061304026402-062103691530,omid:br/061304026402,omid:br/062103691530
oci:061304026402-06104626545,omid:br/061304026402,omid:br/06104626545
oci:061304026402-06140553446,omid:br/061304026402,omid:br/06140553446
oci:061304026402-0604845070,omid:br/061304026402,omid:br/0604845070
oci:0604376044-061101435237,omid:br/0604376044,omid:br/061101435237
oci:0604376044-0650940668,omid:br/0604376044,omid:br/0650940668
oci:0604376044-0610913946,omid:br/0604376044,omid:br/0610913946
oci:061304026324-06802471484,omid:br/061304026324,omid:br/06802471484
oci:0604376001-06504144599,omid:br/0604376001,omid:br/06504144599
oci:0604376001-06304234633,omid:br/0604376001,omid:br/06304234633
oci:0604376001-06120924017,omid:br/0604376001,omid:br/06120924017
oci:0604376001-06601656666,omid:br/0604376001,omid:br/06601656666
oci:0604376001-06701005149,omid:br/0604376001,omid:br/06701005149
oci:0604376022-061304026419,omid:br/0604376022,omid:br/061304026419
oci:061304026056-062603702493,omid:br/061304026056,omid:br/062603702493
oci:061304026056-062103691225,omid:br/061304026056,omid:br/062103691225
oci:061304026056-061903709404,omid:br/061304026056,omid:br/061903709404
oci:061304026387-061801586667,omid:br/061304026387,omid:br/061801586667
oci:061304026387-061203723990,omid:br/061304026387,omid:br/061203723990
oci:061304026387-06503235489,omid:br/061304026387,omid:br/06503235489
oci:0604376009-061401008388,omid:br/0604376009,omid:br/061401008388
oci:0604376009-062202428018,omid:br/0604376009,omid:br/062202428018
oci:0604376009-062201730640,omid:br/0604376009,omid:br/062201730640
oci:0604376092-061304026383,omid:br/0604376092,omid:br/061304026383
oci:0604376092-0604376025,omid:br/0604376092,omid:br/0604376025
oci:0604376092-061304026379,omid:br/0604376092,omid:br/061304026379
oci:0604376092-0604376013,omid:br/0604376092,omid:br/0604376013
oci:0604376092-061801455854,omid:br/0604376092,omid:br/061801455854
oci:0604376092-0604844993,omid:br/0604376092,omid:br/0604844993
oci:061304026427-062103691225,omid:br/061304026427,omid:br/062103691225
oci:061304026427-06803908522,omid:br/061304026427,omid:br/06803908522
oci:061304026427-0611095155,omid:br/061304026427,omid:br/0611095155
oci:061304026427-06702409961,omid:br/061304026427,omid:br/06702409961
oci:061304026404-061803736569,omid:br/061304026404,omid:br/061803736569
oci:061304026404-061903737498,omid:br/061304026404,omid:br/061903737498
oci:061304026404-06190801353,omid:br/061304026404,omid:br/06190801353
oci:061304026404-062103728571,omid:br/061304026404,omid:br/062103728571
oci:061304026404-062203740133,omid:br/061304026404,omid:br/062203740133
oci:061304026404-062203739787,omid:br/061304026404,omid:br/062203739787
oci:061304026404-062303749256,omid:br/061304026404,omid:br/062303749256
oci:061304026404-06302506866,omid:br/061304026404,omid:br/06302506866
oci:061304026404-061203779460,omid:br/061304026404,omid:br/061203779460
oci:061304026404-061803736419,omid:br/061304026404,omid:br/061803736419
oci:061304026404-062203740466,omid:br/061304026404,omid:br/062203740466
oci:061304026404-06703900268,omid:br/061304026404,omid:br/06703900268
oci:061304026404-06303301506,omid:br/061304026404,omid:br/06303301506
oci:061304026404-06104626546,omid:br/061304026404,omid:br/06104626546
oci:061304026404-06303301449,omid:br/061304026404,omid:br/06303301449
oci:061304026404-061304026367,omid:br/061304026404,omid:br/061304026367
oci:0604376012-062103565993,omid:br/0604376012,omid:br/062103565993
oci:0604376012-061801455922,omid:br/0604376012,omid:br/061801455922
oci:061304026240-0604376060,omid:br/061304026240,omid:br/0604376060
oci:061304026240-0604376050,omid:br/061304026240,omid:br/0604376050
oci:061304026240-0610414686,omid:br/061304026240,omid:br/0610414686
oci:061304026240-0610414431,omid:br/061304026240,omid:br/0610414431
oci:061304026240-0610414400,omid:br/061304026240,omid:br/0610414400
oci:061304026240-0610414685,omid:br/061304026240,omid:br/0610414685
oci:061304026240-06260421922,omid:br/061304026240,omid:br/06260421922
oci:061304026078-0622090806,omid:br/061304026078,omid:br/0622090806
oci:061304026078-06403301389,omid:br/061304026078,omid:br/06403301389
oci:061304026078-06104179754,omid:br/061304026078,omid:br/06104179754
oci:061304026078-062201779377,omid:br/061304026078,omid:br/062201779377
oci:061304026078-06101812708,omid:br/061304026078,omid:br/06101812708
oci:061304026078-061202873544,omid:br/061304026078,omid:br/061202873544
oci:061304026078-06201484493,omid:br/061304026078,omid:br/06201484493
oci:061304026078-06101166342,omid:br/061304026078,omid:br/06101166342
oci:061304026078-06101167137,omid:br/061304026078,omid:br/06101167137
oci:061304026078-0670620923,omid:br/061304026078,omid:br/0670620923
oci:061304026078-06101166309,omid:br/061304026078,omid:br/06101166309
oci:061304026078-06101812408,omid:br/061304026078,omid:br/06101812408
oci:061304026078-061303620467,omid:br/061304026078,omid:br/061303620467
oci:061304026078-06240608837,omid:br/061304026078,omid:br/06240608837
oci:061304026078-06104179311,omid:br/061304026078,omid:br/06104179311
oci:061304026078-061203646077,omid:br/061304026078,omid:br/061203646077
oci:061304026078-061201783038,omid:br/061304026078,omid:br/061201783038
oci:061304026078-061203630180,omid:br/061304026078,omid:br/061203630180
oci:061304026268-0604376023,omid:br/061304026268,omid:br/0604376023
oci:0604376013-061304026383,omid:br/0604376013,omid:br/061304026383
oci:0604376013-061304026379,omid:br/0604376013,omid:br/061304026379
oci:0604376013-0604844993,omid:br/0604376013,omid:br/0604844993
oci:0604376013-061801455455,omid:br/0604376013,omid:br/061801455455
oci:061304026134-06203214361,omid:br/061304026134,omid:br/06203214361
oci:061304026134-06210331350,omid:br/061304026134,omid:br/06210331350
oci:061304026134-062102856456,omid:br/061304026134,omid:br/062102856456
oci:061304026134-0660574537,omid:br/061304026134,omid:br/0660574537
oci:061304026134-06601654383,omid:br/061304026134,omid:br/06601654383
oci:061304026134-061902869742,omid:br/061304026134,omid:br/061902869742
oci:061304026134-061501777545,omid:br/061304026134,omid:br/061501777545
oci:061304026134-0611092721,omid:br/061304026134,omid:br/0611092721
oci:061304026134-06401017462,omid:br/061304026134,omid:br/06401017462
oci:061304026134-06190545038,omid:br/061304026134,omid:br/06190545038
oci:061304026134-06150117383,omid:br/061304026134,omid:br/06150117383
oci:061304026134-062202866004,omid:br/061304026134,omid:br/062202866004
oci:061304026134-0629070820,omid:br/061304026134,omid:br/0629070820
oci:061304026134-06401666238,omid:br/061304026134,omid:br/06401666238
oci:061304026134-061801773676,omid:br/061304026134,omid:br/061801773676
oci:061304026134-061901405201,omid:br/061304026134,omid:br/061901405201
oci:061304026134-061301466372,omid:br/061304026134,omid:br/061301466372
oci:061304026134-06802471757,omid:br/061304026134,omid:br/06802471757
oci:061304026134-061603097541,omid:br/061304026134,omid:br/061603097541
oci:061304026134-06502470014,omid:br/061304026134,omid:br/06502470014
oci:061304026134-062603121759,omid:br/061304026134,omid:br/062603121759
oci:061304026134-062301801112,omid:br/061304026134,omid:br/062301801112
oci:061304026134-061702098700,omid:br/061304026134,omid:br/061702098700
oci:061304026134-061102711709,omid:br/061304026134,omid:br/061102711709
oci:061304026348-0604844924,omid:br/061304026348,omid:br/0604844924
oci:061304026348-061801455357,omid:br/061304026348,omid:br/061801455357
oci:061304026348-061801455718,omid:br/061304026348,omid:br/061801455718
oci:0604376011-061701789690,omid:br/0604376011,omid:br/061701789690
oci:0604376011-0610361968,omid:br/0604376011,omid:br/0610361968
oci:0604376011-0620262905,omid:br/0604376011,omid:br/0620262905
oci:0604376011-06201135931,omid:br/0604376011,omid:br/06201135931
oci:0604376011-061902706807,omid:br/0604376011,omid:br/061902706807
oci:0604376011-061502703317,omid:br/0604376011,omid:br/061502703317
oci:0604376011-061303694037,omid:br/0604376011,omid:br/061303694037
oci:0604376011-062101414724,omid:br/0604376011,omid:br/062101414724
oci:0604376017-06150727702,omid:br/0604376017,omid:br/06150727702
oci:0604376017-06902459052,omid:br/0604376017,omid:br/06902459052
oci:061304026362-06104081299,omid:br/061304026362,omid:br/06104081299
oci:061304026362-06190356582,omid:br/061304026362,omid:br/06190356582
oci:061304026362-061304026412,omid:br/061304026362,omid:br/061304026412
oci:0604376015-061701001902,omid:br/0604376015,omid:br/061701001902
oci:0604376015-06901012849,omid:br/0604376015,omid:br/06901012849
oci:0604376015-0604844998,omid:br/0604376015,omid:br/0604844998
oci:0604375998-061503613548,omid:br/0604375998,omid:br/061503613548
oci:0604375998-0650563459,omid:br/0604375998,omid:br/0650563459
oci:0604376037-06240167982,omid:br/0604376037,omid:br/06240167982
oci:0604376037-06301007073,omid:br/0604376037,omid:br/06301007073
oci:0604376037-061803672286,omid:br/0604376037,omid:br/061803672286
oci:0604376037-06502617992,omid:br/0604376037,omid:br/06502617992
oci:061304026249-061602253794,omid:br/061304026249,omid:br/061602253794
oci:061304026249-0660936326,omid:br/061304026249,omid:br/0660936326
oci:061304026249-0660935615,omid:br/061304026249,omid:br/0660935615
oci:061304026249-061502197200,omid:br/061304026249,omid:br/061502197200
oci:061304026249-06603018522,omid:br/061304026249,omid:br/06603018522
oci:061304026249-06503504400,omid:br/061304026249,omid:br/06503504400
oci:061304026272-061602061962,omid:br/061304026272,omid:br/061602061962
oci:061304026272-061901460980,omid:br/061304026272,omid:br/061901460980
oci:061304026272-061801455942,omid:br/061304026272,omid:br/061801455942
oci:061304026272-061801455646,omid:br/061304026272,omid:br/061801455646
oci:061304026272-06230477149,omid:br/061304026272,omid:br/06230477149
oci:061304026272-062602776751,omid:br/061304026272,omid:br/062602776751
oci:061304026272-06901322412,omid:br/061304026272,omid:br/06901322412
oci:061304026272-062501223292,omid:br/061304026272,omid:br/062501223292
oci:061304026066-062501223185,omid:br/061304026066,omid:br/062501223185
oci:061304026066-0620871919,omid:br/061304026066,omid:br/0620871919
oci:061304026066-06903040998,omid:br/061304026066,omid:br/06903040998
oci:061304026066-061901238480,omid:br/061304026066,omid:br/061901238480
oci:061304026066-061201941715,omid:br/061304026066,omid:br/061201941715
oci:061304026066-061201941613,omid:br/061304026066,omid:br/061201941613
oci:061304026066-06260421958,omid:br/061304026066,omid:br/06260421958
oci:061304026066-06260421988,omid:br/061304026066,omid:br/06260421988
oci:061304026066-06110173399,omid:br/061304026066,omid:br/06110173399
oci:061304026066-06220198465,omid:br/061304026066,omid:br/06220198465
oci:061304026066-0604845060,omid:br/061304026066,omid:br/0604845060
oci:061304026066-061901238553,omid:br/061304026066,omid:br/061901238553
oci:061304026066-06801141219,omid:br/061304026066,omid:br/06801141219
oci:0604376045-06504134922,omid:br/0604376045,omid:br/06504134922
oci:0604376045-06230490303,omid:br/0604376045,omid:br/06230490303
oci:061304026311-0680691931,omid:br/061304026311,omid:br/0680691931
oci:061304026311-061104137510,omid:br/061304026311,omid:br/061104137510
oci:061304026311-0680734438,omid:br/061304026311,omid:br/0680734438
oci:061304026090-062101127684,omid:br/061304026090,omid:br/062101127684
oci:061304026090-06190917321,omid:br/061304026090,omid:br/06190917321
oci:061304026090-062401759327,omid:br/061304026090,omid:br/062401759327
oci:0604376089-06604170391,omid:br/0604376089,omid:br/06604170391
oci:0604376089-061701564927,omid:br/0604376089,omid:br/061701564927
oci:0604376089-06202305391,omid:br/0604376089,omid:br/06202305391
oci:0604376089-061701564928,omid:br/0604376089,omid:br/061701564928
oci:0604376089-06901498770,omid:br/0604376089,omid:br/06901498770
oci:0604376089-061201050284,omid:br/0604376089,omid:br/061201050284
oci:0604376089-061801455760,omid:br/0604376089,omid:br/061801455760
oci:0604376089-06301799148,omid:br/0604376089,omid:br/06301799148
oci:061304026263-06801627299,omid:br/061304026263,omid:br/06801627299
oci:061304026263-061103804281,omid:br/061304026263,omid:br/061103804281
oci:061304026263-0615089287,omid:br/061304026263,omid:br/0615089287
oci:061304026263-061903509096,omid:br/061304026263,omid:br/061903509096
oci:061304026263-061303694037,omid:br/061304026263,omid:br/061303694037
oci:061304026263-06703453605,omid:br/061304026263,omid:br/06703453605
oci:061304026263-0630339794,omid:br/061304026263,omid:br/0630339794
oci:061304026263-06402783470,omid:br/061304026263,omid:br/06402783470
oci:061304026263-0680718357,omid:br/061304026263,omid:br/0680718357
oci:061304026263-06402783533,omid:br/061304026263,omid:br/06402783533
oci:061304026263-06501163266,omid:br/061304026263,omid:br/06501163266
oci:061304026263-061701087615,omid:br/061304026263,omid:br/061701087615
oci:061304026263-061702765361,omid:br/061304026263,omid:br/061702765361
oci:061304026263-061303768130,omid:br/061304026263,omid:br/061303768130
oci:061304026263-062085920,omid:br/061304026263,omid:br/062085920
oci:061304026248-06102787541,omid:br/061304026248,omid:br/06102787541
oci:061304026325-061701564927,omid:br/061304026325,omid:br/061701564927
oci:061304026325-06604170391,omid:br/061304026325,omid:br/06604170391
oci:061304026325-061803763957,omid:br/061304026325,omid:br/061803763957
oci:061304026325-061903738005,omid:br/061304026325,omid:br/061903738005
oci:061304026325-06602309657,omid:br/061304026325,omid:br/06602309657
oci:061304026325-061304026292,omid:br/061304026325,omid:br/061304026292
oci:061304026325-061801697942,omid:br/061304026325,omid:br/061801697942
oci:0604376073-06130479742,omid:br/0604376073,omid:br/06130479742
oci:0604376073-0650563459,omid:br/0604376073,omid:br/0650563459
oci:061304026252-0680349772,omid:br/061304026252,omid:br/0680349772
oci:061304026252-0604376026,omid:br/061304026252,omid:br/0604376026
oci:061304026252-061201050291,omid:br/061304026252,omid:br/061201050291
oci:061304026252-061201050190,omid:br/061304026252,omid:br/061201050190
oci:061304026252-061203712537,omid:br/061304026252,omid:br/061203712537
oci:0604376003-061803736138,omid:br/0604376003,omid:br/061803736138
oci:0604376003-061803735985,omid:br/0604376003,omid:br/061803735985
oci:0604376003-06120991994,omid:br/0604376003,omid:br/06120991994
oci:0604376003-06190801219,omid:br/0604376003,omid:br/06190801219
oci:0604376003-061803736569,omid:br/0604376003,omid:br/061803736569
oci:0604376003-062103728571,omid:br/0604376003,omid:br/062103728571
oci:0604376003-061803736213,omid:br/0604376003,omid:br/061803736213
oci:0604376003-061803735807,omid:br/0604376003,omid:br/061803735807
oci:0604376003-062103728433,omid:br/0604376003,omid:br/062103728433
oci:0604376003-061802121495,omid:br/0604376003,omid:br/061802121495
oci:0604376003-0610360493,omid:br/0604376003,omid:br/0610360493
oci:0604376003-06301006854,omid:br/0604376003,omid:br/06301006854
oci:0604376003-061603744580,omid:br/0604376003,omid:br/061603744580
oci:0604376003-061603744674,omid:br/0604376003,omid:br/061603744674
oci:0604376003-0640354025,omid:br/0604376003,omid:br/0640354025
oci:0604376003-0650357561,omid:br/0604376003,omid:br/0650357561
oci:0604376003-061703065740,omid:br/0604376003,omid:br/061703065740
oci:061304026065-061901648524,omid:br/061304026065,omid:br/061901648524
oci:061304026065-062301643817,omid:br/061304026065,omid:br/062301643817
oci:061304026065-062601672165,omid:br/061304026065,omid:br/062601672165
oci:061304026065-061201642736,omid:br/061304026065,omid:br/061201642736
oci:061304026065-0628069494,omid:br/061304026065,omid:br/0628069494
oci:061304026065-06220677102,omid:br/061304026065,omid:br/06220677102
oci:061304026065-06201013794,omid:br/061304026065,omid:br/06201013794
oci:061304026065-06210521122,omid:br/061304026065,omid:br/06210521122
oci:061304026065-061901648479,omid:br/061304026065,omid:br/061901648479
oci:061304026065-061702055750,omid:br/061304026065,omid:br/061702055750
oci:061304026065-06260372397,omid:br/061304026065,omid:br/06260372397
oci:061304026065-06304127867,omid:br/061304026065,omid:br/06304127867
oci:061304026065-06170485258,omid:br/061304026065,omid:br/06170485258
oci:061304026065-0610164980,omid:br/061304026065,omid:br/0610164980
oci:0604376058-06250967245,omid:br/0604376058,omid:br/06250967245
oci:0604376020-0604845000,omid:br/0604376020,omid:br/0604845000
oci:061304026278-06104246754,omid:br/061304026278,omid:br/06104246754
oci:061304026278-06204229464,omid:br/061304026278,omid:br/06204229464
oci:061304026278-0630597341,omid:br/061304026278,omid:br/0630597341
oci:061304026278-06250967926,omid:br/061304026278,omid:br/06250967926
oci:061304026278-06101215548,omid:br/061304026278,omid:br/06101215548
oci:061304026278-06150844107,omid:br/061304026278,omid:br/06150844107
oci:0604376063-06150263534,omid:br/0604376063,omid:br/06150263534
oci:0604376063-06304234322,omid:br/0604376063,omid:br/06304234322
oci:0604376063-06110677102,omid:br/0604376063,omid:br/06110677102
oci:0604376063-062603739906,omid:br/0604376063,omid:br/062603739906
oci:0604376063-061403485148,omid:br/0604376063,omid:br/061403485148
oci:0604376063-06240936776,omid:br/0604376063,omid:br/06240936776
oci:061304026287-06120892483,omid:br/061304026287,omid:br/06120892483
oci:061304026081-06104190135,omid:br/061304026081,omid:br/06104190135
oci:061304026081-0660936179,omid:br/061304026081,omid:br/0660936179
oci:061304026328-061501352006,omid:br/061304026328,omid:br/061501352006
oci:061304026328-061401291059,omid:br/061304026328,omid:br/061401291059
oci:061304026074-06804113280,omid:br/061304026074,omid:br/06804113280
oci:061304026074-061303755754,omid:br/061304026074,omid:br/061303755754
oci:061304026316-06604170391,omid:br/061304026316,omid:br/06604170391
oci:061304026316-06202305391,omid:br/061304026316,omid:br/06202305391
oci:061304026316-0604376089,omid:br/061304026316,omid:br/0604376089
oci:061304026316-0604192603,omid:br/061304026316,omid:br/0604192603
oci:061304026316-061903302403,omid:br/061304026316,omid:br/061903302403
oci:061304026316-06901498412,omid:br/061304026316,omid:br/06901498412
oci:061304026316-06901498595,omid:br/061304026316,omid:br/06901498595
oci:061304026316-061201050173,omid:br/061304026316,omid:br/061201050173
oci:061304026316-0653044725,omid:br/061304026316,omid:br/0653044725
oci:061304026316-061201050284,omid:br/061304026316,omid:br/061201050284
oci:061304026316-061902432847,omid:br/061304026316,omid:br/061902432847
oci:061304026316-062102423113,omid:br/061304026316,omid:br/062102423113
oci:061304026316-06210596900,omid:br/061304026316,omid:br/06210596900
oci:061304026070-06190171630,omid:br/061304026070,omid:br/06190171630
oci:061304026070-06230174244,omid:br/061304026070,omid:br/06230174244
oci:061304026070-06250167945,omid:br/061304026070,omid:br/06250167945
oci:061304026070-061301295451,omid:br/061304026070,omid:br/061301295451
oci:061304026070-062601018955,omid:br/061304026070,omid:br/062601018955
oci:061304026070-0647048043,omid:br/061304026070,omid:br/0647048043
oci:061304026070-06130994897,omid:br/061304026070,omid:br/06130994897
oci:061304026070-061701373374,omid:br/061304026070,omid:br/061701373374
oci:0604376021-061601680725,omid:br/0604376021,omid:br/061601680725
oci:0604376021-06104626552,omid:br/0604376021,omid:br/06104626552
oci:0604376021-062103729063,omid:br/0604376021,omid:br/062103729063
oci:0604376021-062201778640,omid:br/0604376021,omid:br/062201778640
oci:0604376021-061103646316,omid:br/0604376021,omid:br/061103646316
oci:0604376021-061304026418,omid:br/0604376021,omid:br/061304026418
oci:0604376021-061304026413,omid:br/0604376021,omid:br/061304026413
oci:061304026257-061304026275,omid:br/061304026257,omid:br/061304026275
oci:061304026257-061304026286,omid:br/061304026257,omid:br/061304026286
oci:0604376051-061301127056,omid:br/0604376051,omid:br/061301127056
oci:0604376051-0670843370,omid:br/0604376051,omid:br/0670843370
oci:061304026125-066074272,omid:br/061304026125,omid:br/066074272
oci:061304026125-0610414963,omid:br/061304026125,omid:br/0610414963
oci:061304026125-062503765180,omid:br/061304026125,omid:br/062503765180
oci:061304026125-061201129030,omid:br/061304026125,omid:br/061201129030
oci:0604376078-062101780484,omid:br/0604376078,omid:br/062101780484
oci:0604376078-0640487930,omid:br/0604376078,omid:br/0640487930
oci:0604376078-0680363438,omid:br/0604376078,omid:br/0680363438
oci:0604376078-0615082530,omid:br/0604376078,omid:br/0615082530
oci:0604376078-0615089287,omid:br/0604376078,omid:br/0615089287
oci:0604376078-0640354090,omid:br/0604376078,omid:br/0640354090
oci:0604376078-0620349640,omid:br/0604376078,omid:br/0620349640
oci:0604376078-0642067326,omid:br/0604376078,omid:br/0642067326
oci:0604376078-061403565575,omid:br/0604376078,omid:br/061403565575
oci:061304026283-06230368357,omid:br/061304026283,omid:br/06230368357
oci:061304026283-061403735310,omid:br/061304026283,omid:br/061403735310
oci:061304026283-061103088485,omid:br/061304026283,omid:br/061103088485
oci:0604376081-0604376016,omid:br/0604376081,omid:br/0604376016
oci:0604376081-061303577737,omid:br/0604376081,omid:br/061303577737
oci:0604376081-0604376018,omid:br/0604376081,omid:br/0604376018
oci:061304026319-061601286840,omid:br/061304026319,omid:br/061601286840
oci:061304026319-062403971339,omid:br/061304026319,omid:br/062403971339
oci:061304026319-0604845034,omid:br/061304026319,omid:br/0604845034
oci:061304026299-061602788194,omid:br/061304026299,omid:br/061602788194
oci:061304026299-06260422119,omid:br/061304026299,omid:br/06260422119
oci:061304026299-0660549655,omid:br/061304026299,omid:br/0660549655
oci:061304026299-062101693188,omid:br/061304026299,omid:br/062101693188
oci:061304026299-06903513230,omid:br/061304026299,omid:br/06903513230
oci:061304026299-06202605782,omid:br/061304026299,omid:br/06202605782
oci:061304026084-061103088546,omid:br/061304026084,omid:br/061103088546
oci:061304026084-0610414288,omid:br/061304026084,omid:br/0610414288
oci:061304026084-06250404995,omid:br/061304026084,omid:br/06250404995
oci:061304026084-0620405836,omid:br/061304026084,omid:br/0620405836
oci:061304026084-0610414293,omid:br/061304026084,omid:br/0610414293
oci:061304026084-062501644638,omid:br/061304026084,omid:br/062501644638
oci:061304026084-061903867374,omid:br/061304026084,omid:br/061903867374
oci:061304026084-061203721262,omid:br/061304026084,omid:br/061203721262
oci:061304026084-06230697825,omid:br/061304026084,omid:br/06230697825
oci:061304026251-061301573472,omid:br/061304026251,omid:br/061301573472
oci:061304026251-061101094416,omid:br/061304026251,omid:br/061101094416
oci:061304026099-062301087205,omid:br/061304026099,omid:br/062301087205
oci:061304026099-062301087419,omid:br/061304026099,omid:br/062301087419
oci:061304026099-062301087479,omid:br/061304026099,omid:br/062301087479
oci:061304026099-062301087505,omid:br/061304026099,omid:br/062301087505
oci:0604376023-06210252803,omid:br/0604376023,omid:br/06210252803
oci:061403565880-061601792993,omid:br/061403565880,omid:br/061601792993
oci:061403565880-0630915693,omid:br/061403565880,omid:br/0630915693
oci:061403565880-061103804803,omid:br/061403565880,omid:br/061103804803
oci:061403565880-061503536817,omid:br/061403565880,omid:br/061503536817
oci:061403565880-061403520580,omid:br/061403565880,omid:br/061403520580
oci:061403565880-061603130043,omid:br/061403565880,omid:br/061603130043
oci:061403565880-06240477778,omid:br/061403565880,omid:br/06240477778
oci:061403565880-06160354346,omid:br/061403565880,omid:br/06160354346
oci:061403565880-06180355798,omid:br/061403565880,omid:br/06180355798
oci:061403565880-061303507711,omid:br/061403565880,omid:br/061303507711
oci:061403565880-0611086895,omid:br/061403565880,omid:br/0611086895
oci:061403565880-06201136694,omid:br/061403565880,omid:br/06201136694
oci:061403565880-0604521015,omid:br/061403565880,omid:br/0604521015
oci:0604376056-061304026347,omid:br/0604376056,omid:br/061304026347
oci:0604376056-061801455934,omid:br/0604376056,omid:br/061801455934
oci:0604376056-061801456140,omid:br/0604376056,omid:br/061801456140
oci:0604376056-061801455735,omid:br/0604376056,omid:br/061801455735
oci:0604376056-061801455364,omid:br/0604376056,omid:br/061801455364
oci:061304026262-06701618711,omid:br/061304026262,omid:br/06701618711
oci:061304026262-0604376082,omid:br/061304026262,omid:br/0604376082
oci:061304026262-06504020261,omid:br/061304026262,omid:br/06504020261
oci:061304026262-0690480715,omid:br/061304026262,omid:br/0690480715
oci:061304026262-06220582060,omid:br/061304026262,omid:br/06220582060
oci:061304026336-062601116073,omid:br/061304026336,omid:br/062601116073
oci:061304026336-06140671450,omid:br/061304026336,omid:br/06140671450
oci:061304026336-06140671632,omid:br/061304026336,omid:br/06140671632
oci:061304026336-06803908078,omid:br/061304026336,omid:br/06803908078
oci:061304026336-062501088078,omid:br/061304026336,omid:br/062501088078
oci:0604376048-0604845005,omid:br/0604376048,omid:br/0604845005
oci:061304026265-06603224706,omid:br/061304026265,omid:br/06603224706
oci:061304026265-06503235563,omid:br/061304026265,omid:br/06503235563
oci:061304026265-06230969492,omid:br/061304026265,omid:br/06230969492
oci:061304026265-06502249808,omid:br/061304026265,omid:br/06502249808
oci:061304026265-062103651545,omid:br/061304026265,omid:br/062103651545
oci:061304026265-06503503898,omid:br/061304026265,omid:br/06503503898
oci:061304026098-062301087479,omid:br/061304026098,omid:br/062301087479
oci:061304026098-062301087419,omid:br/061304026098,omid:br/062301087419
oci:061304026123-061903669885,omid:br/061304026123,omid:br/061903669885
oci:061304026123-06220912500,omid:br/061304026123,omid:br/06220912500
oci:0604376039-062401103812,omid:br/0604376039,omid:br/062401103812
oci:0604376039-061601134516,omid:br/0604376039,omid:br/061601134516
oci:0604376039-0670999139,omid:br/0604376039,omid:br/0670999139
oci:0604376039-06901013225,omid:br/0604376039,omid:br/06901013225
oci:0604376039-06801006294,omid:br/0604376039,omid:br/06801006294
oci:0604376039-06120991384,omid:br/0604376039,omid:br/06120991384
oci:0604376039-06130986502,omid:br/0604376039,omid:br/06130986502
oci:0604376039-06401011144,omid:br/0604376039,omid:br/06401011144
oci:0604376039-061701131640,omid:br/0604376039,omid:br/061701131640
oci:0604376039-061401118264,omid:br/0604376039,omid:br/061401118264
oci:0604376039-0670998779,omid:br/0604376039,omid:br/0670998779
oci:0604376039-06501012550,omid:br/0604376039,omid:br/06501012550
oci:0604376039-06601136708,omid:br/0604376039,omid:br/06601136708
oci:0604376039-061101131770,omid:br/0604376039,omid:br/061101131770
oci:0604376039-0604376034,omid:br/0604376039,omid:br/0604376034
oci:061304026243-06220734842,omid:br/061304026243,omid:br/06220734842
oci:0604376066-062403713723,omid:br/0604376066,omid:br/062403713723
oci:0604376066-06403905541,omid:br/0604376066,omid:br/06403905541
oci:0604376066-0610354779,omid:br/0604376066,omid:br/0610354779
oci:0604376066-06130667946,omid:br/0604376066,omid:br/06130667946
oci:0604376066-06103308162,omid:br/0604376066,omid:br/06103308162
oci:0604376066-0604376086,omid:br/0604376066,omid:br/0604376086
oci:061304026308-061103804136,omid:br/061304026308,omid:br/061103804136
oci:061304026308-06504135209,omid:br/061304026308,omid:br/06504135209
oci:061304026308-0670357276,omid:br/061304026308,omid:br/0670357276
oci:061304026308-0640362141,omid:br/061304026308,omid:br/0640362141
oci:061304026308-061304026263,omid:br/061304026308,omid:br/061304026263
oci:061304026282-06110978748,omid:br/061304026282,omid:br/06110978748
oci:061304026282-06160354463,omid:br/061304026282,omid:br/06160354463
oci:061304026282-0634026780,omid:br/061304026282,omid:br/0634026780
oci:061304026282-06803908515,omid:br/061304026282,omid:br/06803908515
oci:061304026039-06603271663,omid:br/061304026039,omid:br/06603271663
oci:061304026039-062201581071,omid:br/061304026039,omid:br/062201581071
oci:061304026039-062201581327,omid:br/061304026039,omid:br/062201581327
oci:061304026280-061801456187,omid:br/061304026280,omid:br/061801456187
oci:061304026280-061801455856,omid:br/061304026280,omid:br/061801455856
oci:061304026280-061801455771,omid:br/061304026280,omid:br/061801455771
oci:061304026280-0604844976,omid:br/061304026280,omid:br/0604844976
oci:061304026280-06190917491,omid:br/061304026280,omid:br/06190917491
oci:061304026280-06210908014,omid:br/061304026280,omid:br/06210908014
oci:061304026280-0660935754,omid:br/061304026280,omid:br/0660935754
oci:061304026280-06104190013,omid:br/061304026280,omid:br/06104190013
oci:061304026280-06104258156,omid:br/061304026280,omid:br/06104258156
oci:061304026112-061903670075,omid:br/061304026112,omid:br/061903670075
oci:061304026112-061803663819,omid:br/061304026112,omid:br/061803663819
oci:061304026112-06210354491,omid:br/061304026112,omid:br/06210354491
oci:061304026112-06501005848,omid:br/061304026112,omid:br/06501005848
oci:061304026112-061402027539,omid:br/061304026112,omid:br/061402027539
oci:061304026385-06230967516,omid:br/061304026385,omid:br/06230967516
oci:061304026385-0620981645,omid:br/061304026385,omid:br/0620981645
oci:061304026385-061202696119,omid:br/061304026385,omid:br/061202696119
oci:061304026385-061902706535,omid:br/061304026385,omid:br/061902706535
oci:061304026281-061702859105,omid:br/061304026281,omid:br/061702859105
oci:061304026247-062303062307,omid:br/061304026247,omid:br/062303062307
oci:061304026247-061104364355,omid:br/061304026247,omid:br/061104364355
oci:061304026247-06904205440,omid:br/061304026247,omid:br/06904205440
oci:061304026111-062203662906,omid:br/061304026111,omid:br/062203662906
oci:061304026111-061903669512,omid:br/061304026111,omid:br/061903669512
oci:061304026111-062403672004,omid:br/061304026111,omid:br/062403672004
oci:061304026111-0620106549,omid:br/061304026111,omid:br/0620106549
oci:061304026111-0610159402,omid:br/061304026111,omid:br/0610159402
oci:061304026111-06210907595,omid:br/061304026111,omid:br/06210907595
oci:061304026111-06501005848,omid:br/061304026111,omid:br/06501005848
oci:061304026305-061802872623,omid:br/061304026305,omid:br/061802872623
oci:061304026305-06180591362,omid:br/061304026305,omid:br/06180591362
oci:0604376076-062303670376,omid:br/0604376076,omid:br/062303670376
oci:0604376076-061304026383,omid:br/0604376076,omid:br/061304026383
oci:0604376076-0604376025,omid:br/0604376076,omid:br/0604376025
oci:0604376076-0604376092,omid:br/0604376076,omid:br/0604376092
oci:0604376076-0604376013,omid:br/0604376076,omid:br/0604376013
oci:0604376076-061304026379,omid:br/0604376076,omid:br/061304026379
oci:0604376076-061801455854,omid:br/0604376076,omid:br/061801455854
oci:0604376076-0604844993,omid:br/0604376076,omid:br/0604844993
oci:061304026274-061802872623,omid:br/061304026274,omid:br/061802872623
oci:061304026274-06180591557,omid:br/061304026274,omid:br/06180591557
oci:061304026274-06180591362,omid:br/061304026274,omid:br/06180591362
oci:061304026383-061304026379,omid:br/061304026383,omid:br/061304026379
oci:061304026383-0604844993,omid:br/061304026383,omid:br/0604844993
oci:0604376019-06301167691,omid:br/0604376019,omid:br/06301167691
oci:0604376019-062201004213,omid:br/0604376019,omid:br/062201004213
oci:0604376019-061901461104,omid:br/0604376019,omid:br/061901461104
oci:0604376019-061302211578,omid:br/0604376019,omid:br/061302211578
oci:061304026321-061304026388,omid:br/061304026321,omid:br/061304026388
oci:061304026321-061304026392,omid:br/061304026321,omid:br/061304026392
oci:061304026321-061304026384,omid:br/061304026321,omid:br/061304026384
oci:061304026091-0680268787,omid:br/061304026091,omid:br/0680268787
oci:061304026091-062103651654,omid:br/061304026091,omid:br/062103651654
oci:061304026091-06230908929,omid:br/061304026091,omid:br/06230908929
oci:061304026091-06130994195,omid:br/061304026091,omid:br/06130994195
oci:0604376002-06304048256,omid:br/0604376002,omid:br/06304048256
oci:0604376002-061903669641,omid:br/0604376002,omid:br/061903669641
oci:0604376002-06104190013,omid:br/0604376002,omid:br/06104190013
oci:0604376002-061203793989,omid:br/0604376002,omid:br/061203793989
oci:0604376002-061903669718,omid:br/0604376002,omid:br/061903669718
oci:0604376002-061901460906,omid:br/0604376002,omid:br/061901460906
oci:0604376002-0604845008,omid:br/0604376002,omid:br/0604845008
oci:0604376002-0640172420,omid:br/0604376002,omid:br/0640172420
oci:0604376002-0650891197,omid:br/0604376002,omid:br/0650891197
oci:0604376002-06260432520,omid:br/0604376002,omid:br/06260432520
oci:0604376002-061903669691,omid:br/0604376002,omid:br/061903669691
oci:0604376002-0604845009,omid:br/0604376002,omid:br/0604845009
oci:0604376002-0604376012,omid:br/0604376002,omid:br/0604376012
oci:0604376002-06801775788,omid:br/0604376002,omid:br/06801775788
oci:0604376002-0604376077,omid:br/0604376002,omid:br/0604376077
oci:0604376002-061602861555,omid:br/0604376002,omid:br/061602861555
oci:0604376002-0604845010,omid:br/0604376002,omid:br/0604845010
oci:0604376002-0604845011,omid:br/0604376002,omid:br/0604845011
oci:061304026344-06110477589,omid:br/061304026344,omid:br/06110477589
oci:061304026344-0690480343,omid:br/061304026344,omid:br/0690480343
oci:061304026344-06803465085,omid:br/061304026344,omid:br/06803465085
oci:061304026344-062501619018,omid:br/061304026344,omid:br/062501619018
oci:061304026279-06104246422,omid:br/061304026279,omid:br/06104246422
oci:061304026279-062302618231,omid:br/061304026279,omid:br/062302618231
oci:061304026279-062602642235,omid:br/061304026279,omid:br/062602642235
oci:061304026279-0604376062,omid:br/061304026279,omid:br/0604376062
oci:061304026279-0604521030,omid:br/061304026279,omid:br/0604521030
oci:061304026279-06402783564,omid:br/061304026279,omid:br/06402783564
oci:0604376059-0613086622,omid:br/0604376059,omid:br/0613086622
oci:0604376059-06180699319,omid:br/0604376059,omid:br/06180699319
oci:0604376059-06602795133,omid:br/0604376059,omid:br/06602795133
oci:0604376059-0630169368,omid:br/0604376059,omid:br/0630169368
oci:0604376059-06190917602,omid:br/0604376059,omid:br/06190917602
oci:0604376059-062101582731,omid:br/0604376059,omid:br/062101582731
oci:061304026345-061503590921,omid:br/061304026345,omid:br/061503590921
oci:061304026345-06203993020,omid:br/061304026345,omid:br/06203993020
oci:061304026345-061103088546,omid:br/061304026345,omid:br/061103088546
oci:061304026345-0610414288,omid:br/061304026345,omid:br/0610414288
oci:061304026345-06250404995,omid:br/061304026345,omid:br/06250404995
oci:061304026345-061601089500,omid:br/061304026345,omid:br/061601089500
oci:061304026345-062201670531,omid:br/061304026345,omid:br/062201670531
oci:061304026345-06220466985,omid:br/061304026345,omid:br/06220466985
oci:0604376088-061303624832,omid:br/0604376088,omid:br/061303624832
oci:0604376088-061203635816,omid:br/0604376088,omid:br/061203635816
oci:0604376088-06240349332,omid:br/0604376088,omid:br/06240349332
oci:0604376088-0650357351,omid:br/0604376088,omid:br/0650357351
oci:0604376088-06160436984,omid:br/0604376088,omid:br/06160436984
oci:0604376088-062302215812,omid:br/0604376088,omid:br/062302215812
oci:0604376088-06801329640,omid:br/0604376088,omid:br/06801329640
oci:061304026398-06110477537,omid:br/061304026398,omid:br/06110477537
oci:061304026398-06110477163,omid:br/061304026398,omid:br/06110477163
oci:061304026398-06110477085,omid:br/061304026398,omid:br/06110477085
oci:061304026398-06110477109,omid:br/061304026398,omid:br/06110477109
oci:061304026398-06110477667,omid:br/061304026398,omid:br/06110477667
oci:061304026398-0690480736,omid:br/061304026398,omid:br/0690480736
oci:061304026398-06110477668,omid:br/061304026398,omid:br/06110477668
oci:061304026398-0690480545,omid:br/061304026398,omid:br/0690480545
oci:061304026398-06110477706,omid:br/061304026398,omid:br/06110477706
oci:061304026398-06104626542,omid:br/061304026398,omid:br/06104626542
oci:061304026398-06104626543,omid:br/061304026398,omid:br/06104626543
oci:061304026398-0690480729,omid:br/061304026398,omid:br/0690480729
oci:061304026398-06110477252,omid:br/061304026398,omid:br/06110477252
oci:061304026289-0604844933,omid:br/061304026289,omid:br/0604844933
oci:061304026289-061801455286,omid:br/061304026289,omid:br/061801455286
oci:061304026289-061801455718,omid:br/061304026289,omid:br/061801455718
oci:061304026289-06240199946,omid:br/061304026289,omid:br/06240199946
oci:061304026289-0604845045,omid:br/061304026289,omid:br/0604845045
oci:061304026289-061801455464,omid:br/061304026289,omid:br/061801455464
oci:061304026289-0604844934,omid:br/061304026289,omid:br/0604844934
oci:061304026361-061801455569,omid:br/061304026361,omid:br/061801455569
oci:061304026318-06230490333,omid:br/061304026318,omid:br/06230490333
oci:061304026318-06130479710,omid:br/061304026318,omid:br/06130479710
oci:061304026318-06202289106,omid:br/061304026318,omid:br/06202289106
oci:061304026318-062502116603,omid:br/061304026318,omid:br/062502116603
oci:061304026318-062301087662,omid:br/061304026318,omid:br/062301087662
oci:0604376074-06604170391,omid:br/0604376074,omid:br/06604170391
oci:0604376074-06601023500,omid:br/0604376074,omid:br/06601023500
oci:0604376074-06190359333,omid:br/0604376074,omid:br/06190359333
oci:0604376074-06601023339,omid:br/0604376074,omid:br/06601023339
oci:0604376074-06304097672,omid:br/0604376074,omid:br/06304097672
oci:0604376074-0653044302,omid:br/0604376074,omid:br/0653044302
oci:0604376074-0653044725,omid:br/0604376074,omid:br/0653044725
oci:0604376074-06802848785,omid:br/0604376074,omid:br/06802848785
oci:0604376074-061602882762,omid:br/0604376074,omid:br/061602882762
oci:0604376074-061602882245,omid:br/0604376074,omid:br/061602882245
oci:0604376074-06250146849,omid:br/0604376074,omid:br/06250146849
oci:0604376074-06210168806,omid:br/0604376074,omid:br/06210168806
oci:0604376074-06230950788,omid:br/0604376074,omid:br/06230950788
oci:061304026360-06160590675,omid:br/061304026360,omid:br/06160590675
oci:061304026360-06103176539,omid:br/061304026360,omid:br/06103176539
oci:061304026360-061801644359,omid:br/061304026360,omid:br/061801644359
oci:061304026360-06402140613,omid:br/061304026360,omid:br/06402140613
oci:061304026360-06103308162,omid:br/061304026360,omid:br/06103308162
oci:0604376067-062303050307,omid:br/0604376067,omid:br/062303050307
oci:0604376067-066082352,omid:br/0604376067,omid:br/066082352
oci:061304026288-06304234637,omid:br/061304026288,omid:br/06304234637
oci:0604376054-061403735290,omid:br/0604376054,omid:br/061403735290
oci:0604376054-061403738767,omid:br/0604376054,omid:br/061403738767
oci:061304026355-062203739837,omid:br/061304026355,omid:br/062203739837
oci:061304026355-062603751135,omid:br/061304026355,omid:br/062603751135
oci:061304026355-061502006433,omid:br/061304026355,omid:br/061502006433
oci:061304026355-061903738005,omid:br/061304026355,omid:br/061903738005
oci:061304026355-062103728571,omid:br/061304026355,omid:br/062103728571
oci:061304026355-06190801345,omid:br/061304026355,omid:br/06190801345
oci:061304026355-06802503360,omid:br/061304026355,omid:br/06802503360
oci:061304026355-061802180155,omid:br/061304026355,omid:br/061802180155
oci:061304026355-061803736213,omid:br/061304026355,omid:br/061803736213
oci:061304026355-062203740256,omid:br/061304026355,omid:br/062203740256
oci:061304026355-06130833740,omid:br/061304026355,omid:br/06130833740
oci:061304026355-062103728433,omid:br/061304026355,omid:br/062103728433
oci:061304026355-0610624547,omid:br/061304026355,omid:br/0610624547
oci:061304026355-062203740144,omid:br/061304026355,omid:br/062203740144
oci:061304026355-062203740193,omid:br/061304026355,omid:br/062203740193
oci:061304026355-062103728745,omid:br/061304026355,omid:br/062103728745
oci:061304026355-06301007657,omid:br/061304026355,omid:br/06301007657
oci:061304026355-061601003527,omid:br/061304026355,omid:br/061601003527
oci:061304026355-062103728793,omid:br/061304026355,omid:br/062103728793
oci:061304026355-061803736279,omid:br/061304026355,omid:br/061803736279
oci:061304026355-061903737651,omid:br/061304026355,omid:br/061903737651
oci:061304026355-06190979011,omid:br/061304026355,omid:br/06190979011
oci:061304026355-06301005878,omid:br/061304026355,omid:br/06301005878
oci:061304026310-06204229501,omid:br/061304026310,omid:br/06204229501
oci:061304026310-0610358839,omid:br/061304026310,omid:br/0610358839
oci:061304026310-06601857069,omid:br/061304026310,omid:br/06601857069
oci:061304026310-0604376017,omid:br/061304026310,omid:br/0604376017
oci:061304026310-062402223664,omid:br/061304026310,omid:br/062402223664
oci:061304026310-061702883786,omid:br/061304026310,omid:br/061702883786
oci:061304026334-06101106811,omid:br/061304026334,omid:br/06101106811
oci:061304026334-062301087205,omid:br/061304026334,omid:br/062301087205
oci:061304026334-061201081820,omid:br/061304026334,omid:br/061201081820
oci:061304026334-06502160903,omid:br/061304026334,omid:br/06502160903
oci:061304026334-061201082357,omid:br/061304026334,omid:br/061201082357
oci:061304026334-0651048633,omid:br/061304026334,omid:br/0651048633
oci:061304026341-062101124846,omid:br/061304026341,omid:br/062101124846
oci:061304026341-061401767183,omid:br/061304026341,omid:br/061401767183
oci:061304026341-061702055098,omid:br/061304026341,omid:br/061702055098
oci:061304026341-0690480457,omid:br/061304026341,omid:br/0690480457
oci:061304026341-06110477617,omid:br/061304026341,omid:br/06110477617
oci:061304026341-062201695833,omid:br/061304026341,omid:br/062201695833
oci:061304026341-0690480222,omid:br/061304026341,omid:br/0690480222
oci:061304026341-06180452492,omid:br/061304026341,omid:br/06180452492
oci:061304026341-062203571952,omid:br/061304026341,omid:br/062203571952
oci:061304026341-06104196116,omid:br/061304026341,omid:br/06104196116
oci:061304026341-06170448333,omid:br/061304026341,omid:br/06170448333
oci:061304026341-06170448024,omid:br/061304026341,omid:br/06170448024
oci:061304026341-06110477756,omid:br/061304026341,omid:br/06110477756
oci:061304026341-061502051467,omid:br/061304026341,omid:br/061502051467
oci:061304026341-061901353829,omid:br/061304026341,omid:br/061901353829
oci:061304026341-0690480629,omid:br/061304026341,omid:br/0690480629
oci:061304026341-061702055858,omid:br/061304026341,omid:br/061702055858
oci:061304026341-06604132471,omid:br/061304026341,omid:br/06604132471
oci:061304026341-0690480821,omid:br/061304026341,omid:br/0690480821
oci:061304026341-061901353599,omid:br/061304026341,omid:br/061901353599
oci:061304026341-0680718275,omid:br/061304026341,omid:br/0680718275
oci:061304026341-06120702673,omid:br/061304026341,omid:br/06120702673
oci:061304026244-061902882736,omid:br/061304026244,omid:br/061902882736
oci:061304026244-061802872442,omid:br/061304026244,omid:br/061802872442
oci:061304026417-06280307327,omid:br/061304026417,omid:br/06280307327
oci:061304026254-061901460901,omid:br/061304026254,omid:br/061901460901
oci:061304026254-0604845046,omid:br/061304026254,omid:br/0604845046
oci:061304026254-0604845047,omid:br/061304026254,omid:br/0604845047
oci:061304026254-06104559274,omid:br/061304026254,omid:br/06104559274
oci:061304026254-061901460947,omid:br/061304026254,omid:br/061901460947
oci:061304026254-061801455570,omid:br/061304026254,omid:br/061801455570
oci:061304026254-0604845048,omid:br/061304026254,omid:br/0604845048
oci:061304026254-0604845049,omid:br/061304026254,omid:br/0604845049
oci:061304026254-0604845050,omid:br/061304026254,omid:br/0604845050
oci:061304026254-0604845051,omid:br/061304026254,omid:br/0604845051
oci:061304026254-061801455947,omid:br/061304026254,omid:br/061801455947
oci:061304026254-061801456218,omid:br/061304026254,omid:br/061801456218
oci:061304026254-06290201824,omid:br/061304026254,omid:br/06290201824
oci:061304026254-06240200690,omid:br/061304026254,omid:br/06240200690
oci:061304026254-06280204932,omid:br/061304026254,omid:br/06280204932
oci:061304026409-061203635554,omid:br/061304026409,omid:br/061203635554
oci:061304026409-061903595738,omid:br/061304026409,omid:br/061903595738
oci:061304026409-062103559580,omid:br/061304026409,omid:br/062103559580
oci:061304026409-062401053621,omid:br/061304026409,omid:br/062401053621
oci:061304026409-061203626486,omid:br/061304026409,omid:br/061203626486
oci:061304026409-061203713056,omid:br/061304026409,omid:br/061203713056
oci:061304026409-06404133910,omid:br/061304026409,omid:br/06404133910
oci:061304026409-06503235675,omid:br/061304026409,omid:br/06503235675
oci:061304026255-0604845052,omid:br/061304026255,omid:br/0604845052
oci:061304026258-061501625172,omid:br/061304026258,omid:br/061501625172
oci:061304026258-061901460937,omid:br/061304026258,omid:br/061901460937
oci:061304026258-061704056125,omid:br/061304026258,omid:br/061704056125
oci:061304026403-061303705106,omid:br/061304026403,omid:br/061303705106
oci:061304026403-0615074448,omid:br/061304026403,omid:br/0615074448
oci:061304026403-061302416744,omid:br/061304026403,omid:br/061302416744
oci:061304026403-061503714894,omid:br/061304026403,omid:br/061503714894
oci:061304026403-061303705182,omid:br/061304026403,omid:br/061303705182
oci:061304026276-062501048452,omid:br/061304026276,omid:br/062501048452
oci:061304026256-061602861132,omid:br/061304026256,omid:br/061602861132
oci:061304026256-061602861124,omid:br/061304026256,omid:br/061602861124
oci:061304026256-061602861814,omid:br/061304026256,omid:br/061602861814
oci:061304026358-062301087423,omid:br/061304026358,omid:br/062301087423
oci:061304026358-062301087419,omid:br/061304026358,omid:br/062301087419
oci:061304026358-062301087205,omid:br/061304026358,omid:br/062301087205
oci:061304026407-062301087773,omid:br/061304026407,omid:br/062301087773
oci:061304026407-062301087535,omid:br/061304026407,omid:br/062301087535
oci:061304026407-062301087479,omid:br/061304026407,omid:br/062301087479
oci:061304026407-062301087419,omid:br/061304026407,omid:br/062301087419
oci:061304026301-06120139448,omid:br/061304026301,omid:br/06120139448
oci:061304026301-06701842768,omid:br/061304026301,omid:br/06701842768
oci:061304026309-062203583006,omid:br/061304026309,omid:br/062203583006
oci:061304026309-062203579604,omid:br/061304026309,omid:br/062203579604
oci:061304026309-06504144047,omid:br/061304026309,omid:br/06504144047
oci:061304026309-061703512379,omid:br/061304026309,omid:br/061703512379
oci:061304026396-06402514060,omid:br/061304026396,omid:br/06402514060
oci:061304026396-062301087205,omid:br/061304026396,omid:br/062301087205
oci:061304026396-062301087419,omid:br/061304026396,omid:br/062301087419
oci:061304026396-062301087479,omid:br/061304026396,omid:br/062301087479
oci:061304026354-06260855505,omid:br/061304026354,omid:br/06260855505
oci:061304026354-06260372387,omid:br/061304026354,omid:br/06260372387
oci:061304026354-06230490207,omid:br/061304026354,omid:br/06230490207
oci:061304026269-061803119131,omid:br/061304026269,omid:br/061803119131
oci:061304026269-06120667208,omid:br/061304026269,omid:br/06120667208
oci:061304026269-06250167845,omid:br/061304026269,omid:br/06250167845
oci:061304026269-062101220690,omid:br/061304026269,omid:br/062101220690
oci:061304026269-06140671640,omid:br/061304026269,omid:br/06140671640
oci:061304026269-061603509721,omid:br/061304026269,omid:br/061603509721
oci:061304026269-061403701700,omid:br/061304026269,omid:br/061403701700
oci:061304026368-061803736569,omid:br/061304026368,omid:br/061803736569
oci:061304026368-061803735866,omid:br/061304026368,omid:br/061803735866
oci:061304026368-06190801019,omid:br/061304026368,omid:br/06190801019
oci:061304026368-06130849664,omid:br/061304026368,omid:br/06130849664
oci:061304026313-0604376082,omid:br/061304026313,omid:br/0604376082
oci:061304026313-061304026299,omid:br/061304026313,omid:br/061304026299
oci:061304026400-062301222314,omid:br/061304026400,omid:br/062301222314
oci:061304026400-061403292279,omid:br/061304026400,omid:br/061403292279
oci:061304026400-06170353681,omid:br/061304026400,omid:br/06170353681
oci:061304026400-065079538,omid:br/061304026400,omid:br/065079538
oci:061304026400-061304026100,omid:br/061304026400,omid:br/061304026100
oci:061304026400-061304026065,omid:br/061304026400,omid:br/061304026065
oci:061304026294-06130480298,omid:br/061304026294,omid:br/06130480298
oci:061304026294-062101258746,omid:br/061304026294,omid:br/062101258746
oci:061304026294-061303704861,omid:br/061304026294,omid:br/061303704861
oci:061304026294-06102787633,omid:br/061304026294,omid:br/06102787633
oci:061304026399-062203662906,omid:br/061304026399,omid:br/062203662906
oci:061304026399-061903669512,omid:br/061304026399,omid:br/061903669512
oci:061304026399-06104626544,omid:br/061304026399,omid:br/06104626544
oci:061304026399-062301087419,omid:br/061304026399,omid:br/062301087419
oci:061403559041-0680363438,omid:br/061403559041,omid:br/0680363438
oci:061403559041-06601857506,omid:br/061403559041,omid:br/06601857506
oci:061403559041-061903509096,omid:br/061403559041,omid:br/061903509096
oci:061403559041-061303694037,omid:br/061403559041,omid:br/061303694037
oci:061403559041-06230489099,omid:br/061403559041,omid:br/06230489099
oci:061403559041-061203713057,omid:br/061403559041,omid:br/061203713057
oci:061403559041-061303694223,omid:br/061403559041,omid:br/061303694223
oci:061403559041-06402783470,omid:br/061403559041,omid:br/06402783470
oci:061403559041-06402783533,omid:br/061403559041,omid:br/06402783533
oci:061304026423-062301087205,omid:br/061304026423,omid:br/062301087205
oci:061304026423-062301087419,omid:br/061304026423,omid:br/062301087419
oci:061304026253-061901460989,omid:br/061304026253,omid:br/061901460989
oci:061304026253-061801455526,omid:br/061304026253,omid:br/061801455526
oci:061304026253-0604844956,omid:br/061304026253,omid:br/0604844956
oci:061304026253-061901460980,omid:br/061304026253,omid:br/061901460980
oci:061304026253-0604845053,omid:br/061304026253,omid:br/0604845053
oci:061304026253-061801455942,omid:br/061304026253,omid:br/061801455942
oci:061304026253-061801455646,omid:br/061304026253,omid:br/061801455646
oci:061304026253-061801455417,omid:br/061304026253,omid:br/061801455417
oci:061304026253-061801455312,omid:br/061304026253,omid:br/061801455312
oci:061304026253-0604844958,omid:br/061304026253,omid:br/0604844958
oci:061304026253-0604844957,omid:br/061304026253,omid:br/0604844957
oci:061304026253-061801455816,omid:br/061304026253,omid:br/061801455816
oci:061304026253-0604844959,omid:br/061304026253,omid:br/0604844959
oci:061304026253-061701629404,omid:br/061304026253,omid:br/061701629404
oci:061304026253-0604845054,omid:br/061304026253,omid:br/0604845054
oci:061304026253-061901461010,omid:br/061304026253,omid:br/061901461010
oci:061304026253-061701629622,omid:br/061304026253,omid:br/061701629622
oci:061304026408-06102246814,omid:br/061304026408,omid:br/06102246814
oci:061304026408-06104626547,omid:br/061304026408,omid:br/06104626547
oci:061304026408-0620918115,omid:br/061304026408,omid:br/0620918115
oci:061304026408-0640938307,omid:br/061304026408,omid:br/0640938307
oci:061304026408-06403025908,omid:br/061304026408,omid:br/06403025908
oci:061304026408-06704166670,omid:br/061304026408,omid:br/06704166670
oci:061304026300-061802872598,omid:br/061304026300,omid:br/061802872598
oci:061304026300-061104173365,omid:br/061304026300,omid:br/061104173365
oci:061304026300-061104173338,omid:br/061304026300,omid:br/061104173338
oci:061304026300-061104173299,omid:br/061304026300,omid:br/061104173299
oci:061304026300-061104173386,omid:br/061304026300,omid:br/061104173386
oci:061304026300-061104173387,omid:br/061304026300,omid:br/061104173387
oci:0604376091-06201578133,omid:br/0604376091,omid:br/06201578133
oci:061304026426-062103728628,omid:br/061304026426,omid:br/062103728628
oci:061304026426-061903738005,omid:br/061304026426,omid:br/061903738005
oci:061304026426-062103728571,omid:br/061304026426,omid:br/062103728571
oci:061304026426-062103728464,omid:br/061304026426,omid:br/062103728464
oci:061304026426-061803736302,omid:br/061304026426,omid:br/061803736302
oci:061304026426-062103729222,omid:br/061304026426,omid:br/062103729222
oci:061304026426-0610807427,omid:br/061304026426,omid:br/0610807427
oci:061304026426-062203739837,omid:br/061304026426,omid:br/062203739837
oci:061304026426-061803735701,omid:br/061304026426,omid:br/061803735701
oci:061304026426-061803736414,omid:br/061304026426,omid:br/061803736414
oci:061304026426-061903737587,omid:br/061304026426,omid:br/061903737587
oci:061304026426-061803736213,omid:br/061304026426,omid:br/061803736213
oci:061304026426-062203740193,omid:br/061304026426,omid:br/062203740193
oci:061304026426-061803735894,omid:br/061304026426,omid:br/061803735894
oci:061304026426-06190801353,omid:br/061304026426,omid:br/06190801353
oci:061304026426-061903737547,omid:br/061304026426,omid:br/061903737547
oci:061304026426-062103728745,omid:br/061304026426,omid:br/062103728745
oci:061304026426-06130833740,omid:br/061304026426,omid:br/06130833740
oci:061304026426-0680824415,omid:br/061304026426,omid:br/0680824415
oci:061304026426-062201670596,omid:br/061304026426,omid:br/062201670596
oci:061304026426-06104626559,omid:br/061304026426,omid:br/06104626559
oci:061304026426-06704203002,omid:br/061304026426,omid:br/06704203002
oci:061304026426-06120177042,omid:br/061304026426,omid:br/06120177042
oci:061304026426-062203739933,omid:br/061304026426,omid:br/062203739933
oci:061304026426-062402127610,omid:br/061304026426,omid:br/062402127610
oci:061304026426-061203645896,omid:br/061304026426,omid:br/061203645896
oci:061304026426-06104626560,omid:br/061304026426,omid:br/06104626560
oci:061304026426-06240660248,omid:br/061304026426,omid:br/06240660248
oci:061304026426-061903737571,omid:br/061304026426,omid:br/061903737571
oci:061304026426-06104626561,omid:br/061304026426,omid:br/06104626561
oci:061304026426-0618072039,omid:br/061304026426,omid:br/0618072039
oci:061304026426-06701789801,omid:br/061304026426,omid:br/06701789801
oci:061304026426-06104626562,omid:br/061304026426,omid:br/06104626562
oci:061304026426-06104626563,omid:br/061304026426,omid:br/06104626563
oci:061304026339-062203740381,omid:br/061304026339,omid:br/062203740381
oci:061304026339-062103728571,omid:br/061304026339,omid:br/062103728571
oci:061304026339-061803736569,omid:br/061304026339,omid:br/061803736569
oci:061304026339-061903738005,omid:br/061304026339,omid:br/061903738005
oci:061304026339-062203739837,omid:br/061304026339,omid:br/062203739837
oci:061304026339-06190801353,omid:br/061304026339,omid:br/06190801353
oci:061304026339-06230489415,omid:br/061304026339,omid:br/06230489415
oci:061304026339-06120177400,omid:br/061304026339,omid:br/06120177400
oci:061304026339-062203740525,omid:br/061304026339,omid:br/062203740525
oci:061304026339-062203740554,omid:br/061304026339,omid:br/062203740554
oci:061304026424-062503827796,omid:br/061304026424,omid:br/062503827796
oci:061304026424-06150684610,omid:br/061304026424,omid:br/06150684610
oci:061304026424-061501613362,omid:br/061304026424,omid:br/061501613362
oci:061304026424-06104107082,omid:br/061304026424,omid:br/06104107082
oci:061304026424-061303728701,omid:br/061304026424,omid:br/061303728701
oci:061304026424-0660407677,omid:br/061304026424,omid:br/0660407677
oci:0604376029-062503622826,omid:br/0604376029,omid:br/062503622826
oci:0604376029-062201260440,omid:br/0604376029,omid:br/062201260440
oci:0604376029-062502213258,omid:br/0604376029,omid:br/062502213258
oci:0604376029-0680800222,omid:br/0604376029,omid:br/0680800222
oci:0604376029-0650418926,omid:br/0604376029,omid:br/0650418926
oci:0604376029-062302216039,omid:br/0604376029,omid:br/062302216039
oci:0604376029-06901343036,omid:br/0604376029,omid:br/06901343036
oci:0604376029-062203114840,omid:br/0604376029,omid:br/062203114840
oci:0604376029-06801329862,omid:br/0604376029,omid:br/06801329862
oci:0604376069-061701629497,omid:br/0604376069,omid:br/061701629497
oci:0604376069-061901460980,omid:br/0604376069,omid:br/061901460980
oci:0604376069-061801455569,omid:br/0604376069,omid:br/061801455569
oci:061304026419-061803018328,omid:br/061304026419,omid:br/061803018328
oci:061304026419-061803018385,omid:br/061304026419,omid:br/061803018385
oci:061304026419-06603475325,omid:br/061304026419,omid:br/06603475325
oci:061304026419-061303611020,omid:br/061304026419,omid:br/061303611020
oci:061304026419-06110361207,omid:br/061304026419,omid:br/06110361207
oci:061304026419-0604845063,omid:br/061304026419,omid:br/0604845063
oci:061304026419-061702859276,omid:br/061304026419,omid:br/061702859276
oci:061304026419-06404038864,omid:br/061304026419,omid:br/06404038864
oci:061304026419-06150529396,omid:br/061304026419,omid:br/06150529396
oci:061304026419-0644011559,omid:br/061304026419,omid:br/0644011559
oci:061304026419-06703506722,omid:br/061304026419,omid:br/06703506722
oci:061304026419-061101138349,omid:br/061304026419,omid:br/061101138349
oci:061304026419-06502133966,omid:br/061304026419,omid:br/06502133966
oci:0604376016-0640937688,omid:br/0604376016,omid:br/0640937688
oci:0604376016-0660936326,omid:br/0604376016,omid:br/0660936326
oci:0604376016-062102747574,omid:br/0604376016,omid:br/062102747574
oci:0604376016-0650940989,omid:br/0604376016,omid:br/0650940989
oci:0604376016-0660935971,omid:br/0604376016,omid:br/0660935971
oci:0604376016-0640938000,omid:br/0604376016,omid:br/0640938000
oci:0604376060-06260421922,omid:br/0604376060,omid:br/06260421922
oci:0604376060-06260421923,omid:br/0604376060,omid:br/06260421923
oci:0604376060-06260421958,omid:br/0604376060,omid:br/06260421958
oci:0604376060-0610414686,omid:br/0604376060,omid:br/0610414686
oci:0604376060-0604844982,omid:br/0604376060,omid:br/0604844982
oci:061304026367-061903738005,omid:br/061304026367,omid:br/061903738005
oci:061304026367-062103728571,omid:br/061304026367,omid:br/062103728571
oci:061304026367-0610539425,omid:br/061304026367,omid:br/0610539425
oci:061304026367-06190801353,omid:br/061304026367,omid:br/06190801353
oci:061304026367-061501540661,omid:br/061304026367,omid:br/061501540661
oci:0604376042-0650940488,omid:br/0604376042,omid:br/0650940488
oci:0604376042-06180536160,omid:br/0604376042,omid:br/06180536160
oci:0604376042-062303038778,omid:br/0604376042,omid:br/062303038778
oci:0604376042-0610346918,omid:br/0604376042,omid:br/0610346918
oci:0604376094-062302751658,omid:br/0604376094,omid:br/062302751658
oci:0604376094-062401915031,omid:br/0604376094,omid:br/062401915031
oci:061304026394-061703598817,omid:br/061304026394,omid:br/061703598817
oci:061304026394-062303121557,omid:br/061304026394,omid:br/062303121557
oci:061304026394-06140671436,omid:br/061304026394,omid:br/06140671436
oci:061304026394-06104626541,omid:br/061304026394,omid:br/06104626541
oci:061304026394-06230367554,omid:br/061304026394,omid:br/06230367554
oci:061304026394-06101148261,omid:br/061304026394,omid:br/06101148261
oci:061304026394-06160106868,omid:br/061304026394,omid:br/06160106868
oci:061304026394-06702321768,omid:br/061304026394,omid:br/06702321768
oci:061304026394-062203115218,omid:br/061304026394,omid:br/062203115218
oci:0604376071-0690740107,omid:br/0604376071,omid:br/0690740107
oci:061304026397-06110477589,omid:br/061304026397,omid:br/06110477589
oci:061304026397-06702321527,omid:br/061304026397,omid:br/06702321527
oci:061304026397-06110477438,omid:br/061304026397,omid:br/06110477438
oci:061304026397-061402027973,omid:br/061304026397,omid:br/061402027973
oci:061304026397-0690480651,omid:br/061304026397,omid:br/0690480651
oci:061304026397-06110477266,omid:br/061304026397,omid:br/06110477266
oci:061304026397-06110477468,omid:br/061304026397,omid:br/06110477468
oci:061304026397-06803465085,omid:br/061304026397,omid:br/06803465085
oci:061304026397-061201871347,omid:br/061304026397,omid:br/061201871347
oci:061304026397-06260422575,omid:br/061304026397,omid:br/06260422575
oci:061304026397-06120351170,omid:br/061304026397,omid:br/06120351170
oci:061304026397-062079962,omid:br/061304026397,omid:br/062079962
oci:061304026397-06110477318,omid:br/061304026397,omid:br/06110477318
oci:061304026397-06230477222,omid:br/061304026397,omid:br/06230477222
oci:0604376038-0650940507,omid:br/0604376038,omid:br/0650940507
oci:0604376038-0650941301,omid:br/0604376038,omid:br/0650941301
oci:0604376038-0650940779,omid:br/0604376038,omid:br/0650940779
oci:0604376038-0650940705,omid:br/0604376038,omid:br/0650940705
oci:0604376038-0660935428,omid:br/0604376038,omid:br/0660935428
oci:0604376038-0660936179,omid:br/0604376038,omid:br/0660936179
oci:0604376038-0630339651,omid:br/0604376038,omid:br/0630339651
oci:0604376038-0650941023,omid:br/0604376038,omid:br/0650941023
oci:0604376038-0610346722,omid:br/0604376038,omid:br/0610346722
oci:0604376038-0610346661,omid:br/0604376038,omid:br/0610346661
oci:061304026380-0660358600,omid:br/061304026380,omid:br/0660358600
oci:061304026380-06704121489,omid:br/061304026380,omid:br/06704121489
oci:0604376033-061303782856,omid:br/0604376033,omid:br/061303782856
oci:0604376033-061901308507,omid:br/0604376033,omid:br/061901308507
oci:0604376033-061503742007,omid:br/0604376033,omid:br/061503742007
oci:0604376033-0630169611,omid:br/0604376033,omid:br/0630169611
oci:0604376033-06701132708,omid:br/0604376033,omid:br/06701132708
oci:0604376033-06601766473,omid:br/0604376033,omid:br/06601766473
oci:0604376033-06601766402,omid:br/0604376033,omid:br/06601766402
oci:0604376033-06901322546,omid:br/0604376033,omid:br/06901322546
oci:0604376033-062401016971,omid:br/0604376033,omid:br/062401016971
oci:0604376033-061503741709,omid:br/0604376033,omid:br/061503741709
oci:0604376033-06503504393,omid:br/0604376033,omid:br/06503504393
oci:0604376033-061501613219,omid:br/0604376033,omid:br/061501613219
oci:0604376033-061503741521,omid:br/0604376033,omid:br/061503741521
oci:061304026369-06304097648,omid:br/061304026369,omid:br/06304097648
oci:061304026369-061203745625,omid:br/061304026369,omid:br/061203745625
oci:061304026369-061403735351,omid:br/061304026369,omid:br/061403735351
oci:061304026369-0630206773,omid:br/061304026369,omid:br/0630206773
oci:061304026369-061201660709,omid:br/061304026369,omid:br/061201660709
oci:061304026351-0610855256,omid:br/061304026351,omid:br/0610855256
oci:061304026351-06150844181,omid:br/061304026351,omid:br/06150844181
oci:061304026351-06150844150,omid:br/061304026351,omid:br/06150844150
oci:061304026351-06170844532,omid:br/061304026351,omid:br/06170844532
oci:061304026351-06170844972,omid:br/061304026351,omid:br/06170844972
oci:061304026351-06103308162,omid:br/061304026351,omid:br/06103308162
oci:061304026372-0690174087,omid:br/061304026372,omid:br/0690174087
oci:061304026372-06104626537,omid:br/061304026372,omid:br/06104626537
oci:0604376014-06260421988,omid:br/0604376014,omid:br/06260421988
oci:0604376014-06260421923,omid:br/0604376014,omid:br/06260421923
oci:0604376014-06260421958,omid:br/0604376014,omid:br/06260421958
oci:0604376014-0690480639,omid:br/0604376014,omid:br/0690480639
oci:0604376014-06260421969,omid:br/0604376014,omid:br/06260421969
oci:0604376014-06250405181,omid:br/0604376014,omid:br/06250405181
oci:0604376014-062101581989,omid:br/0604376014,omid:br/062101581989
oci:0604376014-0650940978,omid:br/0604376014,omid:br/0650940978
oci:0604376014-0640937930,omid:br/0604376014,omid:br/0640937930
oci:0604376014-061602861250,omid:br/0604376014,omid:br/061602861250
oci:0604376031-06801253729,omid:br/0604376031,omid:br/06801253729
oci:0604376031-062402223664,omid:br/0604376031,omid:br/062402223664
oci:0604376043-06470299537,omid:br/0604376043,omid:br/06470299537
oci:0604376043-062102747746,omid:br/0604376043,omid:br/062102747746
oci:0604376043-0640937522,omid:br/0604376043,omid:br/0640937522
oci:0604376068-06470299524,omid:br/0604376068,omid:br/06470299524
oci:0604376068-061203745620,omid:br/0604376068,omid:br/061203745620
oci:0604376036-0650940699,omid:br/0604376036,omid:br/0650940699
oci:0604376036-0640938365,omid:br/0604376036,omid:br/0640938365
oci:0604376036-0640937589,omid:br/0604376036,omid:br/0640937589
oci:0604376036-0650941353,omid:br/0604376036,omid:br/0650941353
oci:0604376036-0660935903,omid:br/0604376036,omid:br/0660935903
oci:0604376036-06470299527,omid:br/0604376036,omid:br/06470299527
oci:0604376010-0660936326,omid:br/0604376010,omid:br/0660936326
oci:061304026464-06801425995,omid:br/061304026464,omid:br/06801425995
oci:061304026464-06901440378,omid:br/061304026464,omid:br/06901440378
oci:061304026464-061101426478,omid:br/061304026464,omid:br/061101426478
oci:061304026464-061101426057,omid:br/061304026464,omid:br/061101426057
oci:061304026464-06802186057,omid:br/061304026464,omid:br/06802186057
oci:061304026464-062302614820,omid:br/061304026464,omid:br/062302614820
oci:061304026464-061202604629,omid:br/061304026464,omid:br/061202604629
oci:061304026045-061702055339,omid:br/061304026045,omid:br/061702055339
oci:061304026045-06204056834,omid:br/061304026045,omid:br/06204056834
oci:061304026045-061602205007,omid:br/061304026045,omid:br/061602205007
oci:061304026045-061302042233,omid:br/061304026045,omid:br/061302042233
oci:061304026102-061602205007,omid:br/061304026102,omid:br/061602205007
oci:061304026102-06204006386,omid:br/061304026102,omid:br/06204006386
oci:062603595311-06503020940,omid:br/062603595311,omid:br/06503020940
oci:062603595311-06220555476,omid:br/062603595311,omid:br/06220555476
oci:062603595311-06602530160,omid:br/062603595311,omid:br/06602530160
oci:062603595311-06110970841,omid:br/062603595311,omid:br/06110970841
oci:062603595311-062302612599,omid:br/062603595311,omid:br/062302612599
oci:062603595311-062201460138,omid:br/062603595311,omid:br/062201460138
oci:061304026036-061402027555,omid:br/061304026036,omid:br/061402027555
oci:061304026036-061602062224,omid:br/061304026036,omid:br/061602062224
oci:061304026036-061201128274,omid:br/061304026036,omid:br/061201128274
oci:061304026036-061501613717,omid:br/061304026036,omid:br/061501613717
oci:061304026036-061701137945,omid:br/061304026036,omid:br/061701137945
oci:061304026036-06430343104,omid:br/061304026036,omid:br/06430343104
oci:061304026036-061903709088,omid:br/061304026036,omid:br/061903709088
oci:061304026036-061803706482,omid:br/061304026036,omid:br/061803706482
oci:061304026127-061402027555,omid:br/061304026127,omid:br/061402027555
oci:061304026127-061602062224,omid:br/061304026127,omid:br/061602062224
oci:061304026127-061201128274,omid:br/061304026127,omid:br/061201128274
oci:061304026127-061501613717,omid:br/061304026127,omid:br/061501613717
oci:061304026122-061802573794,omid:br/061304026122,omid:br/061802573794
oci:061304026122-06120984406,omid:br/061304026122,omid:br/06120984406
oci:061304026122-0690480343,omid:br/061304026122,omid:br/0690480343
oci:061304026122-061501649441,omid:br/061304026122,omid:br/061501649441
oci:061304026073-06404133814,omid:br/061304026073,omid:br/06404133814
oci:061304026073-0610493793,omid:br/061304026073,omid:br/0610493793
oci:061304026073-062403051569,omid:br/061304026073,omid:br/062403051569
oci:061304026073-06150487084,omid:br/061304026073,omid:br/06150487084
oci:061304026073-06150679201,omid:br/061304026073,omid:br/06150679201
oci:061304026073-06704108601,omid:br/061304026073,omid:br/06704108601
oci:061304026073-0690493638,omid:br/061304026073,omid:br/0690493638
oci:061304026073-06504134899,omid:br/061304026073,omid:br/06504134899
oci:061304026073-06504134897,omid:br/061304026073,omid:br/06504134897
oci:061304026484-06703004641,omid:br/061304026484,omid:br/06703004641
oci:061304026484-06801425795,omid:br/061304026484,omid:br/06801425795
oci:061304026484-061102621892,omid:br/061304026484,omid:br/061102621892
oci:061304026484-061802601590,omid:br/061304026484,omid:br/061802601590
oci:061304026484-06902630135,omid:br/061304026484,omid:br/06902630135
oci:061304026089-062301087408,omid:br/061304026089,omid:br/062301087408
oci:061304026508-06240796953,omid:br/061304026508,omid:br/06240796953
oci:061304026508-06901578274,omid:br/061304026508,omid:br/06901578274
oci:061304026034-061903708844,omid:br/061304026034,omid:br/061903708844
oci:061304026034-06503235349,omid:br/061304026034,omid:br/06503235349
oci:061304026118-06120984406,omid:br/061304026118,omid:br/06120984406
oci:061304026118-06404134027,omid:br/061304026118,omid:br/06404134027
oci:061304026118-061101654097,omid:br/061304026118,omid:br/061101654097
oci:061304026485-0620664268,omid:br/061304026485,omid:br/0620664268
oci:061304026052-062403042643,omid:br/061304026052,omid:br/062403042643
oci:061304026052-0630356942,omid:br/061304026052,omid:br/0630356942
oci:061304026052-06604137119,omid:br/061304026052,omid:br/06604137119
oci:061304026052-06220348649,omid:br/061304026052,omid:br/06220348649
oci:061304026052-06130479684,omid:br/061304026052,omid:br/06130479684
oci:061304026052-06130479355,omid:br/061304026052,omid:br/06130479355
oci:061304026052-061403039837,omid:br/061304026052,omid:br/061403039837
oci:061304026052-06404139893,omid:br/061304026052,omid:br/06404139893
oci:061304026052-06140478733,omid:br/061304026052,omid:br/06140478733
oci:061304026052-062403052437,omid:br/061304026052,omid:br/062403052437
oci:061304026052-061702029798,omid:br/061304026052,omid:br/061702029798
oci:061304026079-062201581749,omid:br/061304026079,omid:br/062201581749
oci:061304026057-0670783750,omid:br/061304026057,omid:br/0670783750
oci:061304026057-06204229493,omid:br/061304026057,omid:br/06204229493
oci:061304026057-06260432200,omid:br/061304026057,omid:br/06260432200
oci:061304026057-062501618960,omid:br/061304026057,omid:br/062501618960
oci:061304026057-061101201771,omid:br/061304026057,omid:br/061101201771
oci:061304026057-061101629455,omid:br/061304026057,omid:br/061101629455
oci:061304026057-06190999135,omid:br/061304026057,omid:br/06190999135
oci:061304026048-06260421958,omid:br/061304026048,omid:br/06260421958
oci:061304026048-06260421988,omid:br/061304026048,omid:br/06260421988
oci:061304026048-06110477110,omid:br/061304026048,omid:br/06110477110
oci:061304026048-0690480300,omid:br/061304026048,omid:br/0690480300
oci:061304026048-0690480633,omid:br/061304026048,omid:br/0690480633
oci:061304026048-06110477713,omid:br/061304026048,omid:br/06110477713
oci:061304026048-0690480944,omid:br/061304026048,omid:br/0690480944
oci:061304026048-0690480260,omid:br/061304026048,omid:br/0690480260
oci:061304026048-06110477252,omid:br/061304026048,omid:br/06110477252
oci:061304026109-06210750848,omid:br/061304026109,omid:br/06210750848
oci:061304026109-06220749284,omid:br/061304026109,omid:br/06220749284
oci:061304026109-061203642240,omid:br/061304026109,omid:br/061203642240
oci:061304026109-06170729209,omid:br/061304026109,omid:br/06170729209
oci:061304026109-06430343143,omid:br/061304026109,omid:br/06430343143
oci:061304026109-061101654049,omid:br/061304026109,omid:br/061101654049
oci:061304026109-06402139973,omid:br/061304026109,omid:br/06402139973
oci:061304026072-061503059883,omid:br/061304026072,omid:br/061503059883
oci:061304026072-061102766255,omid:br/061304026072,omid:br/061102766255
oci:061304026072-061103805206,omid:br/061304026072,omid:br/061103805206
oci:061304026072-061702859572,omid:br/061304026072,omid:br/061702859572
oci:061304026047-061502051054,omid:br/061304026047,omid:br/061502051054
oci:061304026047-061502051654,omid:br/061304026047,omid:br/061502051654
oci:061304026047-061702055700,omid:br/061304026047,omid:br/061702055700
oci:061304026041-0680478942,omid:br/061304026041,omid:br/0680478942
oci:061304026041-06260422311,omid:br/061304026041,omid:br/06260422311
oci:061304026041-06303498643,omid:br/061304026041,omid:br/06303498643
oci:061304026041-06403498185,omid:br/061304026041,omid:br/06403498185
oci:061304026041-062201581107,omid:br/061304026041,omid:br/062201581107
oci:061304026041-0690480886,omid:br/061304026041,omid:br/0690480886
oci:061304026041-061502202444,omid:br/061304026041,omid:br/061502202444
oci:061304026041-06190842875,omid:br/061304026041,omid:br/06190842875
oci:061304026041-06140836168,omid:br/061304026041,omid:br/06140836168
oci:061304026041-062603702461,omid:br/061304026041,omid:br/062603702461
oci:061304026041-06260422301,omid:br/061304026041,omid:br/06260422301
oci:061304026041-06260422562,omid:br/061304026041,omid:br/06260422562
oci:061304026041-0610414255,omid:br/061304026041,omid:br/0610414255
oci:061304026041-06402140613,omid:br/061304026041,omid:br/06402140613
oci:061304026041-06103308162,omid:br/061304026041,omid:br/06103308162
oci:061304026480-06403021976,omid:br/061304026480,omid:br/06403021976
oci:061304026480-06602529207,omid:br/061304026480,omid:br/06602529207
oci:061304026480-062301635829,omid:br/061304026480,omid:br/062301635829
oci:061304026063-062303626081,omid:br/061304026063,omid:br/062303626081
oci:061304026063-062301784304,omid:br/061304026063,omid:br/062301784304
oci:061304026063-065090959,omid:br/061304026063,omid:br/065090959
oci:061304026063-061501791859,omid:br/061304026063,omid:br/061501791859
oci:061304026063-062203620312,omid:br/061304026063,omid:br/062203620312
oci:061304026063-061803619431,omid:br/061304026063,omid:br/061803619431
oci:061304026063-061501791852,omid:br/061304026063,omid:br/061501791852
oci:061304026063-062301784233,omid:br/061304026063,omid:br/062301784233
oci:061304026063-0620622323,omid:br/061304026063,omid:br/0620622323
oci:061304026063-061303619860,omid:br/061304026063,omid:br/061303619860
oci:061304026063-061803735634,omid:br/061304026063,omid:br/061803735634
oci:061304026063-061503645899,omid:br/061304026063,omid:br/061503645899
oci:061304026063-061103663495,omid:br/061304026063,omid:br/061103663495
oci:061304026063-0670182509,omid:br/061304026063,omid:br/0670182509
oci:061304026063-061803735738,omid:br/061304026063,omid:br/061803735738
oci:061304026063-0660179679,omid:br/061304026063,omid:br/0660179679
oci:061304026063-061103646316,omid:br/061304026063,omid:br/061103646316
oci:061304026063-0660487329,omid:br/061304026063,omid:br/0660487329
oci:061304026063-061203630180,omid:br/061304026063,omid:br/061203630180
oci:061304026063-061203754269,omid:br/061304026063,omid:br/061203754269
oci:061304026043-062103691225,omid:br/061304026043,omid:br/062103691225
oci:061304026043-061903709404,omid:br/061304026043,omid:br/061903709404
oci:061304026064-061402027639,omid:br/061304026064,omid:br/061402027639
oci:061304026064-061602061557,omid:br/061304026064,omid:br/061602061557
oci:061304026064-061402027581,omid:br/061304026064,omid:br/061402027581
oci:061304026064-061602062037,omid:br/061304026064,omid:br/061602062037
oci:061304026064-061602062219,omid:br/061304026064,omid:br/061602062219
oci:061304026064-061702055656,omid:br/061304026064,omid:br/061702055656
oci:061304026064-061402028186,omid:br/061304026064,omid:br/061402028186
oci:061304026064-06250205499,omid:br/061304026064,omid:br/06250205499
oci:061304026064-0690480343,omid:br/061304026064,omid:br/0690480343
oci:061304026064-06160426084,omid:br/061304026064,omid:br/06160426084
oci:061304026101-061803735742,omid:br/061304026101,omid:br/061803735742
oci:061304026101-06801700965,omid:br/061304026101,omid:br/06801700965
oci:061304026101-06104058615,omid:br/061304026101,omid:br/06104058615
oci:061304026101-06430343136,omid:br/061304026101,omid:br/06430343136
oci:061304026101-061401234238,omid:br/061304026101,omid:br/061401234238
oci:061304026101-06304044327,omid:br/061304026101,omid:br/06304044327
oci:061304026101-06201799907,omid:br/061304026101,omid:br/06201799907
oci:061304026101-061903737997,omid:br/061304026101,omid:br/061903737997
oci:061304026101-061103663985,omid:br/061304026101,omid:br/061103663985
oci:061304026101-06430343140,omid:br/061304026101,omid:br/06430343140
oci:061304026101-061803735634,omid:br/061304026101,omid:br/061803735634
oci:061304026101-061203630712,omid:br/061304026101,omid:br/061203630712
oci:061304026101-06220261106,omid:br/061304026101,omid:br/06220261106
oci:061304026101-062201778659,omid:br/061304026101,omid:br/062201778659
oci:061304026101-061803620269,omid:br/061304026101,omid:br/061803620269
oci:061304026101-062301925276,omid:br/061304026101,omid:br/062301925276
oci:061304026446-06101325912,omid:br/061304026446,omid:br/06101325912
oci:061304026446-06240332624,omid:br/061304026446,omid:br/06240332624
oci:061304026446-06230344415,omid:br/061304026446,omid:br/06230344415
oci:061304026446-0650940841,omid:br/061304026446,omid:br/0650940841
oci:061304026446-061403734806,omid:br/061304026446,omid:br/061403734806
oci:061304026446-06104190664,omid:br/061304026446,omid:br/06104190664
oci:061304026446-0650941362,omid:br/061304026446,omid:br/0650941362
oci:061304026446-0650941368,omid:br/061304026446,omid:br/0650941368
oci:061304026446-0650940839,omid:br/061304026446,omid:br/0650940839
oci:061304026446-0650941113,omid:br/061304026446,omid:br/0650941113
oci:061304026446-0610346897,omid:br/061304026446,omid:br/0610346897
oci:061304026470-061802601590,omid:br/061304026470,omid:br/061802601590
oci:061304026470-06802529957,omid:br/061304026470,omid:br/06802529957
oci:061304026230-06170445398,omid:br/061304026230,omid:br/06170445398
oci:061304026238-06130451957,omid:br/061304026238,omid:br/06130451957
oci:062103557476-0620696790,omid:br/062103557476,omid:br/0620696790
oci:062103557476-06190258776,omid:br/062103557476,omid:br/06190258776
oci:062103557476-06503020940,omid:br/062103557476,omid:br/06503020940
oci:061304026469-061601717974,omid:br/061304026469,omid:br/061601717974
oci:061304026226-0620664268,omid:br/061304026226,omid:br/0620664268
oci:061304026489-06801819530,omid:br/061304026489,omid:br/06801819530
oci:061304026489-06902033431,omid:br/061304026489,omid:br/06902033431
oci:061304026221-061903097508,omid:br/061304026221,omid:br/061903097508
oci:061304026221-062301489558,omid:br/061304026221,omid:br/062301489558
oci:061304026221-062401278446,omid:br/061304026221,omid:br/062401278446
oci:061304026221-061801815221,omid:br/061304026221,omid:br/061801815221
oci:061304026221-061501351841,omid:br/061304026221,omid:br/061501351841
oci:061304026221-06801316102,omid:br/061304026221,omid:br/06801316102
oci:061304026221-062301489279,omid:br/061304026221,omid:br/062301489279
oci:061304026221-061901820492,omid:br/061304026221,omid:br/061901820492
oci:061304026221-0614071107,omid:br/061304026221,omid:br/0614071107
oci:061304026221-06230412005,omid:br/061304026221,omid:br/06230412005
oci:061304026221-062203096957,omid:br/061304026221,omid:br/062203096957
oci:061304026221-062301489070,omid:br/061304026221,omid:br/062301489070
oci:061304026221-0612071673,omid:br/061304026221,omid:br/0612071673
oci:061304026221-06140176537,omid:br/061304026221,omid:br/06140176537
oci:061304026221-062301489117,omid:br/061304026221,omid:br/062301489117
oci:061304026221-06140176487,omid:br/061304026221,omid:br/06140176487
oci:061304026221-061201348555,omid:br/061304026221,omid:br/061201348555
oci:061304026221-0613071541,omid:br/061304026221,omid:br/0613071541
oci:061304026221-061901820622,omid:br/061304026221,omid:br/061901820622
oci:061304026221-0614071132,omid:br/061304026221,omid:br/0614071132
oci:061304026221-0612072092,omid:br/061304026221,omid:br/0612072092
oci:061304026478-06110299581,omid:br/061304026478,omid:br/06110299581
oci:061904041267-061804034802,omid:br/061904041267,omid:br/061804034802
oci:061904041267-061703955412,omid:br/061904041267,omid:br/061703955412
oci:061904041267-061304026085,omid:br/061904041267,omid:br/061304026085
oci:061904041267-061703954734,omid:br/061904041267,omid:br/061703954734
oci:061904041241-061701629299,omid:br/061904041241,omid:br/061701629299
oci:061904041241-06504636676,omid:br/061904041241,omid:br/06504636676
oci:061904041241-061701629569,omid:br/061904041241,omid:br/061701629569
oci:061703954997-061702859422,omid:br/061703954997,omid:br/061702859422
oci:061703954997-061401562598,omid:br/061703954997,omid:br/061401562598
oci:061703954997-061103656943,omid:br/061703954997,omid:br/061103656943
oci:061703954997-06230359767,omid:br/061703954997,omid:br/06230359767
oci:061703954997-06303498422,omid:br/061703954997,omid:br/06303498422
oci:061703954997-061402027939,omid:br/061703954997,omid:br/061402027939
oci:061703954997-061402027951,omid:br/061703954997,omid:br/061402027951
oci:061703954997-061401632354,omid:br/061703954997,omid:br/061401632354
oci:061703954997-0630932254,omid:br/061703954997,omid:br/0630932254
oci:061703954997-0604845131,omid:br/061703954997,omid:br/0604845131
oci:061703954997-061804034802,omid:br/061703954997,omid:br/061804034802
oci:061703954997-061904041074,omid:br/061703954997,omid:br/061904041074
oci:061703954997-061703954782,omid:br/061703954997,omid:br/061703954782
oci:061904041244-061804034366,omid:br/061904041244,omid:br/061804034366
oci:061904041244-061904041257,omid:br/061904041244,omid:br/061904041257
oci:061703954657-062403042655,omid:br/061703954657,omid:br/062403042655
oci:061703954657-06804113280,omid:br/061703954657,omid:br/06804113280
oci:061703954657-062071901,omid:br/061703954657,omid:br/062071901
oci:061703954657-06110477096,omid:br/061703954657,omid:br/06110477096
oci:061703954657-062403042269,omid:br/061703954657,omid:br/062403042269
oci:061703954657-061101654232,omid:br/061703954657,omid:br/061101654232
oci:061703954657-06190334398,omid:br/061703954657,omid:br/06190334398
oci:061703954657-06120885437,omid:br/061703954657,omid:br/06120885437
oci:061703954657-06204471892,omid:br/061703954657,omid:br/06204471892
oci:061703954657-06150897530,omid:br/061703954657,omid:br/06150897530
oci:061703954657-06504134894,omid:br/061703954657,omid:br/06504134894
oci:061703954657-061703954719,omid:br/061703954657,omid:br/061703954719
oci:061703955044-06704448699,omid:br/061703955044,omid:br/06704448699
oci:061703954630-061303996428,omid:br/061703954630,omid:br/061303996428
oci:061703954630-06204471883,omid:br/061703954630,omid:br/06204471883
oci:061703954630-061501613252,omid:br/061703954630,omid:br/061501613252
oci:061703954630-061402636840,omid:br/061703954630,omid:br/061402636840
oci:061703955085-0604844925,omid:br/061703955085,omid:br/0604844925
oci:061703955085-06290297599,omid:br/061703955085,omid:br/06290297599
oci:061703955085-06280307419,omid:br/061703955085,omid:br/06280307419
oci:061703955085-061902882727,omid:br/061703955085,omid:br/061902882727
oci:061703955085-061703955413,omid:br/061703955085,omid:br/061703955413
oci:061703955085-061702859318,omid:br/061703955085,omid:br/061702859318
oci:061703955085-061904041341,omid:br/061703955085,omid:br/061904041341
oci:061703955085-061703954771,omid:br/061703955085,omid:br/061703954771
oci:061703955085-061804034350,omid:br/061703955085,omid:br/061804034350
oci:061703955085-0604845075,omid:br/061703955085,omid:br/0604845075
oci:061703955085-061904041056,omid:br/061703955085,omid:br/061904041056
oci:061703954678-06530262640,omid:br/061703954678,omid:br/06530262640
oci:061703954678-061602861244,omid:br/061703954678,omid:br/061602861244
oci:061703954678-0604845109,omid:br/061703954678,omid:br/0604845109
oci:061703954678-0604845110,omid:br/061703954678,omid:br/0604845110
oci:061703954678-06110477334,omid:br/061703954678,omid:br/06110477334
oci:061703954678-0680478942,omid:br/061703954678,omid:br/0680478942
oci:061703954678-0690480059,omid:br/061703954678,omid:br/0690480059
oci:061703954678-06110477859,omid:br/061703954678,omid:br/06110477859
oci:061703954678-0690480229,omid:br/061703954678,omid:br/0690480229
oci:061703954678-06260422304,omid:br/061703954678,omid:br/06260422304
oci:061703954678-065104591,omid:br/061703954678,omid:br/065104591
oci:061703954678-06520261415,omid:br/061703954678,omid:br/06520261415
oci:061703954678-0680478936,omid:br/061703954678,omid:br/0680478936
oci:061703954678-06260422261,omid:br/061703954678,omid:br/06260422261
oci:061703954678-06260422119,omid:br/061703954678,omid:br/06260422119
oci:061703954678-06110477855,omid:br/061703954678,omid:br/06110477855
oci:061703954678-06403498313,omid:br/061703954678,omid:br/06403498313
oci:061703954678-06601237428,omid:br/061703954678,omid:br/06601237428
oci:061703954678-0604845111,omid:br/061703954678,omid:br/0604845111
oci:061703954591-061804194353,omid:br/061703954591,omid:br/061804194353
oci:061703954591-061103737048,omid:br/061703954591,omid:br/061103737048
oci:061703954591-0620770678,omid:br/061703954591,omid:br/0620770678
oci:061703954591-0610928517,omid:br/061703954591,omid:br/0610928517
oci:061703954989-0604844925,omid:br/061703954989,omid:br/0604844925
oci:061703954989-06290297599,omid:br/061703954989,omid:br/06290297599
oci:061703954989-06402877671,omid:br/061703954989,omid:br/06402877671
oci:061703954989-0690480621,omid:br/061703954989,omid:br/0690480621
oci:061703954989-061901353482,omid:br/061703954989,omid:br/061901353482
oci:061703954989-061703954724,omid:br/061703954989,omid:br/061703954724
oci:061703954989-061904041341,omid:br/061703954989,omid:br/061904041341
oci:061703954683-06401174274,omid:br/061703954683,omid:br/06401174274
oci:061703954683-0604845095,omid:br/061703954683,omid:br/0604845095
oci:061703954683-0604845096,omid:br/061703954683,omid:br/0604845096
oci:061703954683-0604845097,omid:br/061703954683,omid:br/0604845097
oci:061703954683-0604845098,omid:br/061703954683,omid:br/0604845098
oci:061703954683-062301036063,omid:br/061703954683,omid:br/062301036063
oci:061703954683-0604845099,omid:br/061703954683,omid:br/0604845099
oci:061703954683-0604845100,omid:br/061703954683,omid:br/0604845100
oci:061703954683-0604845101,omid:br/061703954683,omid:br/0604845101
oci:061703954683-061103754646,omid:br/061703954683,omid:br/061103754646
oci:061703954683-06510247047,omid:br/061703954683,omid:br/06510247047
oci:061703954683-061904041069,omid:br/061703954683,omid:br/061904041069
oci:061703954683-0604845102,omid:br/061703954683,omid:br/0604845102
oci:061703954683-062203818214,omid:br/061703954683,omid:br/062203818214
oci:061703954683-061904041254,omid:br/061703954683,omid:br/061904041254
oci:061703955011-0604845136,omid:br/061703955011,omid:br/0604845136
oci:061703955011-061801455742,omid:br/061703955011,omid:br/061801455742
oci:061703955011-061801455878,omid:br/061703955011,omid:br/061801455878
oci:061703955011-061801455856,omid:br/061703955011,omid:br/061801455856
oci:061703955011-0604845137,omid:br/061703955011,omid:br/0604845137
oci:061703955011-06210908014,omid:br/061703955011,omid:br/06210908014
oci:061703955011-062103652164,omid:br/061703955011,omid:br/062103652164
oci:061703955011-06190917491,omid:br/061703955011,omid:br/06190917491
oci:061703955004-0604844925,omid:br/061703955004,omid:br/0604844925
oci:061703955004-061902882727,omid:br/061703955004,omid:br/061902882727
oci:061703955004-06290297599,omid:br/061703955004,omid:br/06290297599
oci:061703955004-061902883196,omid:br/061703955004,omid:br/061902883196
oci:061703955004-06702382482,omid:br/061703955004,omid:br/06702382482
oci:061703955004-061703954920,omid:br/061703955004,omid:br/061703954920
oci:061703955004-061602861709,omid:br/061703955004,omid:br/061602861709
oci:061703954610-0604844925,omid:br/061703954610,omid:br/0604844925
oci:061703954610-061703955413,omid:br/061703954610,omid:br/061703955413
oci:061703954610-061902882727,omid:br/061703954610,omid:br/061902882727
oci:061703954610-06303498287,omid:br/061703954610,omid:br/06303498287
oci:061703954610-06110477467,omid:br/061703954610,omid:br/06110477467
oci:061703954610-06260421867,omid:br/061703954610,omid:br/06260421867
oci:061703954610-0610414983,omid:br/061703954610,omid:br/0610414983
oci:061703954610-061901354080,omid:br/061703954610,omid:br/061901354080
oci:061703954610-061901353595,omid:br/061703954610,omid:br/061901353595
oci:061703954610-061703954750,omid:br/061703954610,omid:br/061703954750
oci:061703954610-061703954975,omid:br/061703954610,omid:br/061703954975
oci:061703954610-061703954959,omid:br/061703954610,omid:br/061703954959
oci:061703954610-061703954687,omid:br/061703954610,omid:br/061703954687
oci:061703954610-0604845112,omid:br/061703954610,omid:br/0604845112
oci:061703954610-061703954921,omid:br/061703954610,omid:br/061703954921
oci:061703954636-06104139857,omid:br/061703954636,omid:br/06104139857
oci:061703954636-06301084692,omid:br/061703954636,omid:br/06301084692
oci:061703954636-06110477002,omid:br/061703954636,omid:br/06110477002
oci:061703954636-06204471881,omid:br/061703954636,omid:br/06204471881
oci:061703954636-06204471885,omid:br/061703954636,omid:br/06204471885
oci:061703954636-061703954722,omid:br/061703954636,omid:br/061703954722
oci:061703954636-061904041085,omid:br/061703954636,omid:br/061904041085
oci:061703954636-061904041081,omid:br/061703954636,omid:br/061904041081
oci:061703954636-061703954755,omid:br/061703954636,omid:br/061703954755
oci:061703954636-061904041194,omid:br/061703954636,omid:br/061904041194
oci:061703954636-061904041243,omid:br/061703954636,omid:br/061904041243
oci:061703954636-061703954618,omid:br/061703954636,omid:br/061703954618
oci:061703954636-061703954621,omid:br/061703954636,omid:br/061703954621
oci:061703954642-06903665145,omid:br/061703954642,omid:br/06903665145
oci:061703954642-06501258523,omid:br/061703954642,omid:br/06501258523
oci:061703954642-06301205858,omid:br/061703954642,omid:br/06301205858
oci:061703955023-0604845113,omid:br/061703955023,omid:br/0604845113
oci:061703955023-0604845114,omid:br/061703955023,omid:br/0604845114
oci:061703955023-0604845115,omid:br/061703955023,omid:br/0604845115
oci:061703955023-061502051513,omid:br/061703955023,omid:br/061502051513
oci:061703955023-0690360297,omid:br/061703955023,omid:br/0690360297
oci:061703955023-061804034754,omid:br/061703955023,omid:br/061804034754
oci:061703954992-061702859276,omid:br/061703954992,omid:br/061702859276
oci:061703954992-062102747631,omid:br/061703954992,omid:br/062102747631
oci:061703954992-06704448687,omid:br/061703954992,omid:br/06704448687
oci:061703954992-061702859650,omid:br/061703954992,omid:br/061702859650
oci:061703954992-061602861439,omid:br/061703954992,omid:br/061602861439
oci:061703954686-06320216898,omid:br/061703954686,omid:br/06320216898
oci:061703954686-06240978169,omid:br/061703954686,omid:br/06240978169
oci:061703954686-06260637449,omid:br/061703954686,omid:br/06260637449
oci:061703954686-06190623720,omid:br/061703954686,omid:br/06190623720
oci:061703954686-06102319396,omid:br/061703954686,omid:br/06102319396
oci:061703954686-061702131085,omid:br/061703954686,omid:br/061702131085
oci:061703954686-06220480377,omid:br/061703954686,omid:br/06220480377
oci:061703954650-061902882824,omid:br/061703954650,omid:br/061902882824
oci:061703954650-0670819577,omid:br/061703954650,omid:br/0670819577
oci:061703954650-06304097441,omid:br/061703954650,omid:br/06304097441
oci:061703954650-061602861301,omid:br/061703954650,omid:br/061602861301
oci:061703954650-0604845103,omid:br/061703954650,omid:br/0604845103
oci:061703954650-061602861223,omid:br/061703954650,omid:br/061602861223
oci:061703954621-06301084416,omid:br/061703954621,omid:br/06301084416
oci:061703954621-061802873792,omid:br/061703954621,omid:br/061802873792
oci:061703954621-06410234508,omid:br/061703954621,omid:br/06410234508
oci:061703954621-06404578127,omid:br/061703954621,omid:br/06404578127
oci:061703954621-061904041085,omid:br/061703954621,omid:br/061904041085
oci:061703954621-061904041081,omid:br/061703954621,omid:br/061904041081
oci:061703954621-061703954755,omid:br/061703954621,omid:br/061703954755
oci:061703954621-061904041194,omid:br/061703954621,omid:br/061904041194
oci:061703954621-061904041243,omid:br/061703954621,omid:br/061904041243
oci:061703954621-061703954722,omid:br/061703954621,omid:br/061703954722
oci:061703954654-06180278114,omid:br/061703954654,omid:br/06180278114
oci:061703954654-06104043050,omid:br/061703954654,omid:br/06104043050
oci:061703954654-0604845117,omid:br/061703954654,omid:br/0604845117
oci:061703954654-0604845118,omid:br/061703954654,omid:br/0604845118
oci:061703954654-0604845119,omid:br/061703954654,omid:br/0604845119
oci:061703954654-0604845120,omid:br/061703954654,omid:br/0604845120
oci:061703954618-06104139857,omid:br/061703954618,omid:br/06104139857
oci:061703954618-06204471881,omid:br/061703954618,omid:br/06204471881
oci:061703954618-061904041081,omid:br/061703954618,omid:br/061904041081
oci:061703954618-061703954755,omid:br/061703954618,omid:br/061703954755
oci:061703954618-061904041243,omid:br/061703954618,omid:br/061904041243
oci:061703954618-061904041194,omid:br/061703954618,omid:br/061904041194
oci:061703954618-061703954722,omid:br/061703954618,omid:br/061703954722
oci:061703955081-061402636921,omid:br/061703955081,omid:br/061402636921
oci:061703955081-061404010926,omid:br/061703955081,omid:br/061404010926
oci:061703955081-0604845121,omid:br/061703955081,omid:br/0604845121
oci:061703955081-06501258576,omid:br/061703955081,omid:br/06501258576
oci:061703955081-06601205013,omid:br/061703955081,omid:br/06601205013
oci:061703955081-06403498449,omid:br/061703955081,omid:br/06403498449
oci:061703955081-061902882381,omid:br/061703955081,omid:br/061902882381
oci:061804034619-0604844972,omid:br/061804034619,omid:br/0604844972
oci:061804034619-0604844979,omid:br/061804034619,omid:br/0604844979
oci:061804034619-061503630788,omid:br/061804034619,omid:br/061503630788
oci:061804034619-061602061731,omid:br/061804034619,omid:br/061602061731
oci:061804034619-06230908832,omid:br/061804034619,omid:br/06230908832
oci:061804034619-061302041848,omid:br/061804034619,omid:br/061302041848
oci:061804034619-061602061685,omid:br/061804034619,omid:br/061602061685
oci:061804034619-0640937713,omid:br/061804034619,omid:br/0640937713
oci:061804034619-06104190434,omid:br/061804034619,omid:br/06104190434
oci:061804034619-062103651653,omid:br/061804034619,omid:br/062103651653
oci:061804034619-06190917626,omid:br/061804034619,omid:br/06190917626
oci:061804034619-061703954953,omid:br/061804034619,omid:br/061703954953
oci:061804034619-061703955452,omid:br/061804034619,omid:br/061703955452
oci:061703954991-0604845122,omid:br/061703954991,omid:br/0604845122
oci:061703954991-061801455809,omid:br/061703954991,omid:br/061801455809
oci:061703954991-061801455613,omid:br/061703954991,omid:br/061801455613
oci:061703954991-0604845123,omid:br/061703954991,omid:br/0604845123
oci:061703954991-061901461030,omid:br/061703954991,omid:br/061901461030
oci:061703954991-061801455762,omid:br/061703954991,omid:br/061801455762
oci:061703954991-0604845124,omid:br/061703954991,omid:br/0604845124
oci:061703954991-0604845125,omid:br/061703954991,omid:br/0604845125
oci:061703954991-0604845126,omid:br/061703954991,omid:br/0604845126
oci:061703954991-061702859266,omid:br/061703954991,omid:br/061702859266
oci:061703954991-0604845113,omid:br/061703954991,omid:br/0604845113
oci:061703954991-062101582565,omid:br/061703954991,omid:br/062101582565
oci:061703954991-061703955199,omid:br/061703954991,omid:br/061703955199
oci:061804034702-06104196272,omid:br/061804034702,omid:br/06104196272
oci:061804034702-06230354414,omid:br/061804034702,omid:br/06230354414
oci:061804034702-06170448257,omid:br/061804034702,omid:br/06170448257
oci:061804034702-06160354352,omid:br/061804034702,omid:br/06160354352
oci:061804034702-06220341530,omid:br/061804034702,omid:br/06220341530
oci:061804034702-061303693873,omid:br/061804034702,omid:br/061303693873
oci:061804034702-06190454753,omid:br/061804034702,omid:br/06190454753
oci:061804034702-06140351510,omid:br/061804034702,omid:br/06140351510
oci:061804034702-06260373304,omid:br/061804034702,omid:br/06260373304
oci:061804034645-061703955223,omid:br/061804034645,omid:br/061703955223
oci:061804034645-061502051575,omid:br/061804034645,omid:br/061502051575
oci:061804034645-062101582782,omid:br/061804034645,omid:br/062101582782
oci:061804034645-061502051640,omid:br/061804034645,omid:br/061502051640
oci:061804034645-061702859377,omid:br/061804034645,omid:br/061702859377
oci:061804034645-0604845130,omid:br/061804034645,omid:br/0604845130
oci:061804034645-061703954725,omid:br/061804034645,omid:br/061703954725
oci:061804034645-061703955481,omid:br/061804034645,omid:br/061703955481
oci:061804034645-061703954639,omid:br/061804034645,omid:br/061703954639
oci:061804034645-061703954612,omid:br/061804034645,omid:br/061703954612
oci:061804034645-061703954596,omid:br/061804034645,omid:br/061703954596
oci:061703955027-0680691992,omid:br/061703955027,omid:br/0680691992
oci:061703955027-061104137498,omid:br/061703955027,omid:br/061104137498
oci:061703955015-0604838526,omid:br/061703955015,omid:br/0604838526
oci:061703955015-0604845127,omid:br/061703955015,omid:br/0604845127
oci:061703955015-065070229,omid:br/061703955015,omid:br/065070229
oci:061703955015-061202041299,omid:br/061703955015,omid:br/061202041299
oci:061703955015-061502051640,omid:br/061703955015,omid:br/061502051640
oci:061703955015-0680691917,omid:br/061703955015,omid:br/0680691917
oci:061703955015-061703954725,omid:br/061703955015,omid:br/061703954725
oci:061703955015-061703954596,omid:br/061703955015,omid:br/061703954596
oci:061703955013-061303996377,omid:br/061703955013,omid:br/061303996377
oci:061703955013-061303995749,omid:br/061703955013,omid:br/061303995749
oci:061703955013-06704448695,omid:br/061703955013,omid:br/06704448695
oci:061703955013-06704448696,omid:br/061703955013,omid:br/06704448696
oci:061703955013-06704448697,omid:br/061703955013,omid:br/06704448697
oci:061703955013-0640215058,omid:br/061703955013,omid:br/0640215058
oci:061703955013-0640215288,omid:br/061703955013,omid:br/0640215288
oci:061703955013-0604845128,omid:br/061703955013,omid:br/0604845128
oci:061804034632-061103804085,omid:br/061804034632,omid:br/061103804085
oci:061804034632-061401766877,omid:br/061804034632,omid:br/061401766877
oci:061804034632-06140671637,omid:br/061804034632,omid:br/06140671637
oci:061804034632-06170447691,omid:br/061804034632,omid:br/06170447691
oci:061804034632-06220348477,omid:br/061804034632,omid:br/06220348477
oci:061804034632-06160990224,omid:br/061804034632,omid:br/06160990224
oci:061804034632-061103725051,omid:br/061804034632,omid:br/061103725051
oci:061804034632-0680718522,omid:br/061804034632,omid:br/0680718522
oci:061804034632-06170351165,omid:br/061804034632,omid:br/06170351165
oci:061804034632-061103724297,omid:br/061804034632,omid:br/061103724297
oci:061804034632-06140671264,omid:br/061804034632,omid:br/06140671264
oci:061804034615-06403998747,omid:br/061804034615,omid:br/06403998747
oci:061804034615-06104196272,omid:br/061804034615,omid:br/06104196272
oci:061804034615-0690723231,omid:br/061804034615,omid:br/0690723231
oci:061804034615-06260373304,omid:br/061804034615,omid:br/06260373304
oci:061804034691-06470305795,omid:br/061804034691,omid:br/06470305795
oci:061804034691-06803465105,omid:br/061804034691,omid:br/06803465105
oci:061804034691-0610361948,omid:br/061804034691,omid:br/0610361948
oci:061804034691-06604132778,omid:br/061804034691,omid:br/06604132778
oci:061804034691-06240347056,omid:br/061804034691,omid:br/06240347056
oci:061804034691-062203574619,omid:br/061804034691,omid:br/062203574619
oci:061804034691-06803465784,omid:br/061804034691,omid:br/06803465784
oci:061804034691-06220348388,omid:br/061804034691,omid:br/06220348388
oci:061804034691-06230360981,omid:br/061804034691,omid:br/06230360981
oci:061804034691-06240479725,omid:br/061804034691,omid:br/06240479725
oci:061804034691-06470305796,omid:br/061804034691,omid:br/06470305796
oci:061804034691-06130668469,omid:br/061804034691,omid:br/06130668469
oci:061804034691-06130347228,omid:br/061804034691,omid:br/06130347228
oci:061804034691-06230491784,omid:br/061804034691,omid:br/06230491784
oci:061804034691-06140351317,omid:br/061804034691,omid:br/06140351317
oci:061804034691-06150354100,omid:br/061804034691,omid:br/06150354100
oci:061804034691-06130856870,omid:br/061804034691,omid:br/06130856870
oci:061804034691-06260966879,omid:br/061804034691,omid:br/06260966879
oci:061804034691-061401632354,omid:br/061804034691,omid:br/061401632354
oci:061804034691-061102713975,omid:br/061804034691,omid:br/061102713975
oci:061804034616-061304035788,omid:br/061804034616,omid:br/061304035788
oci:061804034616-062602717973,omid:br/061804034616,omid:br/062602717973
oci:061804034616-0604070782,omid:br/061804034616,omid:br/0604070782
oci:061804034616-061201660215,omid:br/061804034616,omid:br/061201660215
oci:061804034616-06520210036,omid:br/061804034616,omid:br/06520210036
oci:061804034700-061303693864,omid:br/061804034700,omid:br/061303693864
oci:061804034700-0620206173,omid:br/061804034700,omid:br/0620206173
oci:061804034700-06903128650,omid:br/061804034700,omid:br/06903128650
oci:061804034700-06150713269,omid:br/061804034700,omid:br/06150713269
oci:061804034700-06103511858,omid:br/061804034700,omid:br/06103511858
oci:061804034700-063072764,omid:br/061804034700,omid:br/063072764
oci:061804034700-061403735051,omid:br/061804034700,omid:br/061403735051
oci:061804034700-061203745778,omid:br/061804034700,omid:br/061203745778
oci:061804034700-062301643925,omid:br/061804034700,omid:br/062301643925
oci:061804034700-06303527181,omid:br/061804034700,omid:br/06303527181
oci:061804034700-06403527016,omid:br/061804034700,omid:br/06403527016
oci:061804034700-0610213437,omid:br/061804034700,omid:br/0610213437
oci:061804034700-061503742003,omid:br/061804034700,omid:br/061503742003
oci:061804034700-06102627521,omid:br/061804034700,omid:br/06102627521
oci:061703955003-06430304054,omid:br/061703955003,omid:br/06430304054
oci:061703955003-0604838542,omid:br/061703955003,omid:br/0604838542
oci:061703955003-06140927969,omid:br/061703955003,omid:br/06140927969
oci:061703955003-061503741644,omid:br/061703955003,omid:br/061503741644
oci:061703955003-0670685846,omid:br/061703955003,omid:br/0670685846
oci:061703955003-061702859276,omid:br/061703955003,omid:br/061702859276
oci:061703955003-061701629605,omid:br/061703955003,omid:br/061701629605
oci:061703955003-061804034781,omid:br/061703955003,omid:br/061804034781
oci:061703955003-061703954609,omid:br/061703955003,omid:br/061703954609
oci:061703955003-06410234605,omid:br/061703955003,omid:br/06410234605
oci:061703955003-06410234464,omid:br/061703955003,omid:br/06410234464
oci:061703955003-061602861439,omid:br/061703955003,omid:br/061602861439
oci:061703955070-061602861670,omid:br/061703955070,omid:br/061602861670
oci:061703955070-0680692015,omid:br/061703955070,omid:br/0680692015
oci:061703955070-0604845165,omid:br/061703955070,omid:br/0604845165
oci:061703955070-061402027673,omid:br/061703955070,omid:br/061402027673
oci:061703955070-0680479020,omid:br/061703955070,omid:br/0680479020
oci:061703955070-06260421881,omid:br/061703955070,omid:br/06260421881
oci:061703955070-0603986138,omid:br/061703955070,omid:br/0603986138
oci:061703955070-0603986157,omid:br/061703955070,omid:br/0603986157
oci:061904041283-06440304598,omid:br/061904041283,omid:br/06440304598
oci:061904041283-061502196939,omid:br/061904041283,omid:br/061502196939
oci:061703954996-0604845171,omid:br/061703954996,omid:br/0604845171
oci:061703954996-0604845172,omid:br/061703954996,omid:br/0604845172
oci:061703955035-06502409266,omid:br/061703955035,omid:br/06502409266
oci:061703955035-061901648524,omid:br/061703955035,omid:br/061901648524
oci:061703955035-06704448698,omid:br/061703955035,omid:br/06704448698
oci:061703955035-062101639931,omid:br/061703955035,omid:br/062101639931
oci:061703955035-06240349306,omid:br/061703955035,omid:br/06240349306
oci:061703955035-061901648479,omid:br/061703955035,omid:br/061901648479
oci:061703955035-062303055203,omid:br/061703955035,omid:br/062303055203
oci:061703955035-061801644299,omid:br/061703955035,omid:br/061801644299
oci:061904041092-061901460976,omid:br/061904041092,omid:br/061901460976
oci:061904041092-0604845072,omid:br/061904041092,omid:br/0604845072
oci:061904041092-061703955440,omid:br/061904041092,omid:br/061703955440
oci:061904041107-061402027438,omid:br/061904041107,omid:br/061402027438
oci:061904041257-061804034366,omid:br/061904041257,omid:br/061804034366
oci:061703954988-061701001195,omid:br/061703954988,omid:br/061701001195
oci:061703954988-061803620017,omid:br/061703954988,omid:br/061803620017
oci:061703954988-061803620318,omid:br/061703954988,omid:br/061803620318
oci:061703954988-061202873544,omid:br/061703954988,omid:br/061202873544
oci:061703954988-061202873566,omid:br/061703954988,omid:br/061202873566
oci:061703954988-062201778396,omid:br/061703954988,omid:br/062201778396
oci:061703954988-061203630181,omid:br/061703954988,omid:br/061203630181
oci:061703954988-061103646316,omid:br/061703954988,omid:br/061103646316
oci:061703954988-06604152146,omid:br/061703954988,omid:br/06604152146
oci:061703954988-061203646077,omid:br/061703954988,omid:br/061203646077
oci:061703954988-061203754269,omid:br/061703954988,omid:br/061203754269
oci:061703954988-0660486758,omid:br/061703954988,omid:br/0660486758
oci:061703954988-0620622332,omid:br/061703954988,omid:br/0620622332
oci:061703954988-061903628298,omid:br/061703954988,omid:br/061903628298
oci:061703954988-0650179547,omid:br/061703954988,omid:br/0650179547
oci:061703954988-06250484169,omid:br/061703954988,omid:br/06250484169
oci:061703954988-061803618820,omid:br/061703954988,omid:br/061803618820
oci:061703954988-06110186305,omid:br/061703954988,omid:br/06110186305
oci:061703954988-061803619179,omid:br/061703954988,omid:br/061803619179
oci:061904041235-06450306367,omid:br/061904041235,omid:br/06450306367
oci:061904041235-061404010915,omid:br/061904041235,omid:br/061404010915
oci:061904041235-061802872759,omid:br/061904041235,omid:br/061802872759
oci:061904041235-0604844988,omid:br/061904041235,omid:br/0604844988
oci:061904041235-061501613330,omid:br/061904041235,omid:br/061501613330
oci:061904041235-0604838170,omid:br/061904041235,omid:br/0604838170
oci:061904041235-0604844989,omid:br/061904041235,omid:br/0604844989
oci:061904041235-061802872818,omid:br/061904041235,omid:br/061802872818
oci:061904041235-061902882606,omid:br/061904041235,omid:br/061902882606
oci:061904041098-062101582778,omid:br/061904041098,omid:br/062101582778
oci:061703955063-06604120548,omid:br/061703955063,omid:br/06604120548
oci:061703955063-0610359012,omid:br/061703955063,omid:br/0610359012
oci:061904041158-061703954725,omid:br/061904041158,omid:br/061703954725
oci:061703955084-061902882727,omid:br/061703955084,omid:br/061902882727
oci:061703955084-061703955413,omid:br/061703955084,omid:br/061703955413
oci:061703955084-061901354080,omid:br/061703955084,omid:br/061901354080
oci:061703955084-061901354016,omid:br/061703955084,omid:br/061901354016
oci:061703955084-061403644167,omid:br/061703955084,omid:br/061403644167
oci:061703955084-061901353723,omid:br/061703955084,omid:br/061901353723
oci:061703955084-061703954750,omid:br/061703955084,omid:br/061703954750
oci:061703955084-061703954975,omid:br/061703955084,omid:br/061703954975
oci:061703955084-061703954959,omid:br/061703955084,omid:br/061703954959
oci:061703955084-061703955443,omid:br/061703955084,omid:br/061703955443
oci:061703955084-061804034920,omid:br/061703955084,omid:br/061804034920
oci:061703955084-061703955266,omid:br/061703955084,omid:br/061703955266
oci:061703955084-06260953363,omid:br/061703955084,omid:br/06260953363
oci:061703955084-06260953291,omid:br/061703955084,omid:br/06260953291
oci:061703955084-061703954610,omid:br/061703955084,omid:br/061703954610
oci:061904041254-06190356582,omid:br/061904041254,omid:br/06190356582
oci:061904041254-06401588919,omid:br/061904041254,omid:br/06401588919
oci:061904041254-0604844990,omid:br/061904041254,omid:br/0604844990
oci:061904041254-06804545187,omid:br/061904041254,omid:br/06804545187
oci:061904041254-061904041069,omid:br/061904041254,omid:br/061904041069
oci:061904041275-0604844991,omid:br/061904041275,omid:br/0604844991
oci:061703955000-06904205549,omid:br/061703955000,omid:br/06904205549
oci:061703955000-06904205930,omid:br/061703955000,omid:br/06904205930
oci:061703955000-061701628956,omid:br/061703955000,omid:br/061701628956
oci:061703955000-061701629661,omid:br/061703955000,omid:br/061701629661
oci:061703955000-06904205702,omid:br/061703955000,omid:br/06904205702
oci:061703955000-0650941002,omid:br/061703955000,omid:br/0650941002
oci:061703955000-06704448690,omid:br/061703955000,omid:br/06704448690
oci:061904041124-061702859876,omid:br/061904041124,omid:br/061702859876
oci:061904041124-062072031,omid:br/061904041124,omid:br/062072031
oci:061904041124-06803286002,omid:br/061904041124,omid:br/06803286002
oci:061904041124-06403498451,omid:br/061904041124,omid:br/06403498451
oci:061904041124-065070217,omid:br/061904041124,omid:br/065070217
oci:061904041124-061602861439,omid:br/061904041124,omid:br/061602861439
oci:061804034634-061901461002,omid:br/061804034634,omid:br/061901461002
oci:061804034634-061801455849,omid:br/061804034634,omid:br/061801455849
oci:061804034634-0604845105,omid:br/061804034634,omid:br/0604845105
oci:061804034634-0604844978,omid:br/061804034634,omid:br/0604844978
oci:061804034634-061702859194,omid:br/061804034634,omid:br/061702859194
oci:061804034634-061801456217,omid:br/061804034634,omid:br/061801456217
oci:061804034634-0604844926,omid:br/061804034634,omid:br/0604844926
oci:061804034634-061801456190,omid:br/061804034634,omid:br/061801456190
oci:061804034634-06504636868,omid:br/061804034634,omid:br/06504636868
oci:061804034634-0604845106,omid:br/061804034634,omid:br/0604845106
oci:061804034634-0604844927,omid:br/061804034634,omid:br/0604844927
oci:061804034634-0604845107,omid:br/061804034634,omid:br/0604845107
oci:061804034634-0604845108,omid:br/061804034634,omid:br/0604845108
oci:061804034634-061801455335,omid:br/061804034634,omid:br/061801455335
oci:061804034634-061801455514,omid:br/061804034634,omid:br/061801455514
oci:061804034634-061703954953,omid:br/061804034634,omid:br/061703954953
oci:061904041208-0604844992,omid:br/061904041208,omid:br/0604844992
oci:061804034630-061801456217,omid:br/061804034630,omid:br/061801456217
oci:061804034630-061801455953,omid:br/061804034630,omid:br/061801455953
oci:061804034630-0604844946,omid:br/061804034630,omid:br/0604844946
oci:061804034630-061801455945,omid:br/061804034630,omid:br/061801455945
oci:061804034630-061801455771,omid:br/061804034630,omid:br/061801455771
oci:061804034630-0640937933,omid:br/061804034630,omid:br/0640937933
oci:061804034630-06303498323,omid:br/061804034630,omid:br/06303498323
oci:061804034630-0604844928,omid:br/061804034630,omid:br/0604844928
oci:061804034630-06210908014,omid:br/061804034630,omid:br/06210908014
oci:061804034630-06401067656,omid:br/061804034630,omid:br/06401067656
oci:061804034630-061801455445,omid:br/061804034630,omid:br/061801455445
oci:061804034630-061703955054,omid:br/061804034630,omid:br/061703955054
oci:061804034630-061703954737,omid:br/061804034630,omid:br/061703954737
oci:061804034674-061103737133,omid:br/061804034674,omid:br/061103737133
oci:061804034674-0611095154,omid:br/061804034674,omid:br/0611095154
oci:061804034674-061103737050,omid:br/061804034674,omid:br/061103737050
oci:061804034674-06150868869,omid:br/061804034674,omid:br/06150868869
oci:061804034674-0612086942,omid:br/061804034674,omid:br/0612086942
oci:061804034639-06280307419,omid:br/061804034639,omid:br/06280307419
oci:061804034639-06290297344,omid:br/061804034639,omid:br/06290297344
oci:061804034639-0604844925,omid:br/061804034639,omid:br/0604844925
oci:061804034639-061902882727,omid:br/061804034639,omid:br/061902882727
oci:061804034639-06290297599,omid:br/061804034639,omid:br/06290297599
oci:061804034639-06520261711,omid:br/061804034639,omid:br/06520261711
oci:061804034639-06320271476,omid:br/061804034639,omid:br/06320271476
oci:061804034639-061703955004,omid:br/061804034639,omid:br/061703955004
oci:061804034639-061904041056,omid:br/061804034639,omid:br/061904041056
oci:061804034639-061703955085,omid:br/061804034639,omid:br/061703955085
oci:061804034639-061904041341,omid:br/061804034639,omid:br/061904041341
oci:061703954674-0604838529,omid:br/061703954674,omid:br/0604838529
oci:061703954674-061902882533,omid:br/061703954674,omid:br/061902882533
oci:061703954674-061802872777,omid:br/061703954674,omid:br/061802872777
oci:061703954674-061702222896,omid:br/061703954674,omid:br/061702222896
oci:061703954674-0640938307,omid:br/061703954674,omid:br/0640938307
oci:061703954674-061502051957,omid:br/061703954674,omid:br/061502051957
oci:061703954674-0604845012,omid:br/061703954674,omid:br/0604845012
oci:061703954674-061703954978,omid:br/061703954674,omid:br/061703954978
oci:061703954674-06280461018,omid:br/061703954674,omid:br/06280461018
oci:061703954674-0604845013,omid:br/061703954674,omid:br/0604845013
oci:061703954674-0604837896,omid:br/061703954674,omid:br/0604837896
oci:061703954674-0604845014,omid:br/061703954674,omid:br/0604845014
oci:061703954674-06201128125,omid:br/061703954674,omid:br/06201128125
oci:061703954679-0604844991,omid:br/061703954679,omid:br/0604844991
oci:061703954679-06201207581,omid:br/061703954679,omid:br/06201207581
oci:061703954679-06104190526,omid:br/061703954679,omid:br/06104190526
oci:061804034620-0604844996,omid:br/061804034620,omid:br/0604844996
oci:061804034620-06260421988,omid:br/061804034620,omid:br/06260421988
oci:061804034620-06604323633,omid:br/061804034620,omid:br/06604323633
oci:061703954613-061701629192,omid:br/061703954613,omid:br/061701629192
oci:061703954613-061701629064,omid:br/061703954613,omid:br/061701629064
oci:061703954613-0604845017,omid:br/061703954613,omid:br/0604845017
oci:061703954613-061702859881,omid:br/061703954613,omid:br/061702859881
oci:061703954613-061702859885,omid:br/061703954613,omid:br/061702859885
oci:061703954613-0640937396,omid:br/061703954613,omid:br/0640937396
oci:061703954613-06260421700,omid:br/061703954613,omid:br/06260421700
oci:061703954613-061402027665,omid:br/061703954613,omid:br/061402027665
oci:061703954613-06801343699,omid:br/061703954613,omid:br/06801343699
oci:061703954613-0690999150,omid:br/061703954613,omid:br/0690999150
oci:061703954613-0690907175,omid:br/061703954613,omid:br/0690907175
oci:061703954613-06701195834,omid:br/061703954613,omid:br/06701195834
oci:061703954613-061901993779,omid:br/061703954613,omid:br/061901993779
oci:061703954613-06130556025,omid:br/061703954613,omid:br/06130556025
oci:061703954613-0650940495,omid:br/061703954613,omid:br/0650940495
oci:061703954613-0680478910,omid:br/061703954613,omid:br/0680478910
oci:061703954613-0690480145,omid:br/061703954613,omid:br/0690480145
oci:061703954613-061703955424,omid:br/061703954613,omid:br/061703955424
oci:061703954613-0604845018,omid:br/061703954613,omid:br/0604845018
oci:061703954626-0640937913,omid:br/061703954626,omid:br/0640937913
oci:061703954626-0640937988,omid:br/061703954626,omid:br/0640937988
oci:061703954626-06204471882,omid:br/061703954626,omid:br/06204471882
oci:061703954626-0660936077,omid:br/061703954626,omid:br/0660936077
oci:061703954626-0660936172,omid:br/061703954626,omid:br/0660936172
oci:061703954626-061804034366,omid:br/061703954626,omid:br/061804034366
oci:061804034678-06804113280,omid:br/061804034678,omid:br/06804113280
oci:061804034678-061702859533,omid:br/061804034678,omid:br/061702859533
oci:061703954661-06204471893,omid:br/061703954661,omid:br/06204471893
oci:061703954661-062102747746,omid:br/061703954661,omid:br/062102747746
oci:061703954661-0640937589,omid:br/061703954661,omid:br/0640937589
oci:061703954661-061804034366,omid:br/061703954661,omid:br/061804034366
oci:061703954593-06450306255,omid:br/061703954593,omid:br/06450306255
oci:061703954609-06480168511,omid:br/061703954609,omid:br/06480168511
oci:061703954609-06120830493,omid:br/061703954609,omid:br/06120830493
oci:061703954609-061804034781,omid:br/061703954609,omid:br/061804034781
oci:061703954609-06103308366,omid:br/061703954609,omid:br/06103308366
oci:061703954609-061703955238,omid:br/061703954609,omid:br/061703955238
oci:061703954609-061904041371,omid:br/061703954609,omid:br/061904041371
oci:061703954609-061602861525,omid:br/061703954609,omid:br/061602861525
oci:061703954609-06410234464,omid:br/061703954609,omid:br/06410234464
oci:061804034614-061801456124,omid:br/061804034614,omid:br/061801456124
oci:061804034614-061703579743,omid:br/061804034614,omid:br/061703579743
oci:061804034614-061801456022,omid:br/061804034614,omid:br/061801456022
oci:061804034614-061801455960,omid:br/061804034614,omid:br/061801455960
oci:061804034614-0604845116,omid:br/061804034614,omid:br/0604845116
oci:061804034614-061801455418,omid:br/061804034614,omid:br/061801455418
oci:061804034614-06804415640,omid:br/061804034614,omid:br/06804415640
oci:061703954602-061902882727,omid:br/061703954602,omid:br/061902882727
oci:061703954602-06260421867,omid:br/061703954602,omid:br/06260421867
oci:061703954602-0610414983,omid:br/061703954602,omid:br/0610414983
oci:061703954602-061602061689,omid:br/061703954602,omid:br/061602061689
oci:061703954602-0690480621,omid:br/061703954602,omid:br/0690480621
oci:061703954602-061804034920,omid:br/061703954602,omid:br/061804034920
oci:061703954602-061804034376,omid:br/061703954602,omid:br/061804034376
oci:061703954602-061703955443,omid:br/061703954602,omid:br/061703955443
oci:061703954602-061804034370,omid:br/061703954602,omid:br/061804034370
oci:061703954602-061703954750,omid:br/061703954602,omid:br/061703954750
oci:061703954602-061703954975,omid:br/061703954602,omid:br/061703954975
oci:061703954602-061703954959,omid:br/061703954602,omid:br/061703954959
oci:061703954602-061904041082,omid:br/061703954602,omid:br/061904041082
oci:061703954687-061803132634,omid:br/061703954687,omid:br/061803132634
oci:061703954687-061602061689,omid:br/061703954687,omid:br/061602061689
oci:061703954687-061804034370,omid:br/061703954687,omid:br/061804034370
oci:061703954687-061904041082,omid:br/061703954687,omid:br/061904041082
oci:061703954687-061703954750,omid:br/061703954687,omid:br/061703954750
oci:061703954687-061703954975,omid:br/061703954687,omid:br/061703954975
oci:061703954687-061703954959,omid:br/061703954687,omid:br/061703954959
oci:061703954687-061703954602,omid:br/061703954687,omid:br/061703954602
oci:061703954687-061804034920,omid:br/061703954687,omid:br/061804034920
oci:061703954687-061703954921,omid:br/061703954687,omid:br/061703954921
oci:061703954664-0604845020,omid:br/061703954664,omid:br/0604845020
oci:061703954664-0690822644,omid:br/061703954664,omid:br/0690822644
oci:061703954664-0604845021,omid:br/061703954664,omid:br/0604845021
oci:061703954664-0604845022,omid:br/061703954664,omid:br/0604845022
oci:061703954664-06110807393,omid:br/061703954664,omid:br/06110807393
oci:061703954664-06604056169,omid:br/061703954664,omid:br/06604056169
oci:061703954664-06503177655,omid:br/061703954664,omid:br/06503177655
oci:061703954664-06704488295,omid:br/061703954664,omid:br/06704488295
oci:061703954664-0604845023,omid:br/061703954664,omid:br/0604845023
oci:061703954664-06403175586,omid:br/061703954664,omid:br/06403175586
oci:061703954664-0690822350,omid:br/061703954664,omid:br/0690822350
oci:061703954664-0604845024,omid:br/061703954664,omid:br/0604845024
oci:061703954664-0604845025,omid:br/061703954664,omid:br/0604845025
oci:061703954664-06110807377,omid:br/061703954664,omid:br/06110807377
oci:061703954644-0604845027,omid:br/061703954644,omid:br/0604845027
oci:061703954644-061801456272,omid:br/061703954644,omid:br/061801456272
oci:061703954644-061901460980,omid:br/061703954644,omid:br/061901460980
oci:061703954644-061801455646,omid:br/061703954644,omid:br/061801455646
oci:061703954644-061801456280,omid:br/061703954644,omid:br/061801456280
oci:061703954644-061801455615,omid:br/061703954644,omid:br/061801455615
oci:061703954644-061901460946,omid:br/061703954644,omid:br/061901460946
oci:061703954644-06604340206,omid:br/061703954644,omid:br/06604340206
oci:061703954644-061801456244,omid:br/061703954644,omid:br/061801456244
oci:061703954644-06401067721,omid:br/061703954644,omid:br/06401067721
oci:061703954644-061801455417,omid:br/061703954644,omid:br/061801455417
oci:061703954644-061701629475,omid:br/061703954644,omid:br/061701629475
oci:061703954644-061502051698,omid:br/061703954644,omid:br/061502051698
oci:061703954644-061502050988,omid:br/061703954644,omid:br/061502050988
oci:061703954644-061602061760,omid:br/061703954644,omid:br/061602061760
oci:061703954644-061103632946,omid:br/061703954644,omid:br/061103632946
oci:061703954644-061103632997,omid:br/061703954644,omid:br/061103632997
oci:061703954644-061801456139,omid:br/061703954644,omid:br/061801456139
oci:061703954644-061801455668,omid:br/061703954644,omid:br/061801455668
oci:061703954596-061702055384,omid:br/061703954596,omid:br/061702055384
oci:061703954596-062201581795,omid:br/061703954596,omid:br/062201581795
oci:061703954596-062101582707,omid:br/061703954596,omid:br/062101582707
oci:061703954596-061302042155,omid:br/061703954596,omid:br/061302042155
oci:061703954596-062101582482,omid:br/061703954596,omid:br/062101582482
oci:061703954596-062101582682,omid:br/061703954596,omid:br/062101582682
oci:061703954596-061703954725,omid:br/061703954596,omid:br/061703954725
oci:061703954639-061402027430,omid:br/061703954639,omid:br/061402027430
oci:061703954639-06130611719,omid:br/061703954639,omid:br/06130611719
oci:061703954639-06180475187,omid:br/061703954639,omid:br/06180475187
oci:061703954639-06802634376,omid:br/061703954639,omid:br/06802634376
oci:061703954639-061201161983,omid:br/061703954639,omid:br/061201161983
oci:061703954639-061703954731,omid:br/061703954639,omid:br/061703954731
oci:061703954639-0627039411,omid:br/061703954639,omid:br/0627039411
oci:061703954639-061703954987,omid:br/061703954639,omid:br/061703954987
oci:061703954612-06210891961,omid:br/061703954612,omid:br/06210891961
oci:061703954612-061703955223,omid:br/061703954612,omid:br/061703955223
oci:061703954612-061703954987,omid:br/061703954612,omid:br/061703954987
oci:061703954612-061703955481,omid:br/061703954612,omid:br/061703955481
oci:061703954612-061703954725,omid:br/061703954612,omid:br/061703954725
oci:061703954612-061904041337,omid:br/061703954612,omid:br/061904041337
oci:061703954673-0604845028,omid:br/061703954673,omid:br/0604845028
oci:061703954673-061801455647,omid:br/061703954673,omid:br/061801455647
oci:061703954673-0604845029,omid:br/061703954673,omid:br/0604845029
oci:061703954673-0604845030,omid:br/061703954673,omid:br/0604845030
oci:061703954673-0604845031,omid:br/061703954673,omid:br/0604845031
oci:061703954673-0611095499,omid:br/061703954673,omid:br/0611095499
oci:061703954673-06203215510,omid:br/061703954673,omid:br/06203215510
oci:061703954673-06204056380,omid:br/061703954673,omid:br/06204056380
oci:061703954673-061803663995,omid:br/061703954673,omid:br/061803663995
oci:061703954673-06210907376,omid:br/061703954673,omid:br/06210907376
oci:061703954673-062101582207,omid:br/061703954673,omid:br/062101582207
oci:061703954673-061801455300,omid:br/061703954673,omid:br/061801455300
oci:061703954673-062201081903,omid:br/061703954673,omid:br/062201081903
oci:061703954673-061804034348,omid:br/061703954673,omid:br/061804034348
oci:061904041148-0604845073,omid:br/061904041148,omid:br/0604845073
oci:061904041148-063072664,omid:br/061904041148,omid:br/063072664
oci:061904041148-06530308963,omid:br/061904041148,omid:br/06530308963
oci:061904041148-06280271618,omid:br/061904041148,omid:br/06280271618
oci:061904041148-06804113280,omid:br/061904041148,omid:br/06804113280
oci:061904041148-06190334367,omid:br/061904041148,omid:br/06190334367
oci:061904041148-06803287101,omid:br/061904041148,omid:br/06803287101
oci:061904041148-062201605502,omid:br/061904041148,omid:br/062201605502
oci:061904041148-061703954657,omid:br/061904041148,omid:br/061703954657
oci:061904041160-0604844925,omid:br/061904041160,omid:br/0604844925
oci:061904041160-061902882727,omid:br/061904041160,omid:br/061902882727
oci:061904041160-06290297344,omid:br/061904041160,omid:br/06290297344
oci:061904041160-06280307419,omid:br/061904041160,omid:br/06280307419
oci:061904041160-0604845074,omid:br/061904041160,omid:br/0604845074
oci:061904041160-06320271541,omid:br/061904041160,omid:br/06320271541
oci:061904041160-06110477293,omid:br/061904041160,omid:br/06110477293
oci:061904041160-061802872542,omid:br/061904041160,omid:br/061802872542
oci:061904041160-061904018196,omid:br/061904041160,omid:br/061904018196
oci:061904041160-0604845075,omid:br/061904041160,omid:br/0604845075
oci:061904041160-061703955085,omid:br/061904041160,omid:br/061703955085
oci:061904041160-061904041341,omid:br/061904041160,omid:br/061904041341
oci:061904041160-06230676741,omid:br/061904041160,omid:br/06230676741
oci:061904041160-061804014492,omid:br/061904041160,omid:br/061804014492
oci:061904041184-0604845078,omid:br/061904041184,omid:br/0604845078
oci:061904041184-0604070859,omid:br/061904041184,omid:br/0604070859
oci:061904041184-061801455304,omid:br/061904041184,omid:br/061801455304
oci:061904041184-06704552777,omid:br/061904041184,omid:br/06704552777
oci:061904041184-06190916936,omid:br/061904041184,omid:br/06190916936
oci:061904041184-06204006386,omid:br/061904041184,omid:br/06204006386
oci:061904041184-062303670981,omid:br/061904041184,omid:br/062303670981
oci:061904041184-062203662387,omid:br/061904041184,omid:br/062203662387
oci:061904041184-06403498762,omid:br/061904041184,omid:br/06403498762
oci:061904041184-061801455599,omid:br/061904041184,omid:br/061801455599
oci:061904041184-061801455667,omid:br/061904041184,omid:br/061801455667
oci:061904041143-061701628951,omid:br/061904041143,omid:br/061701628951
oci:061904041143-06220746643,omid:br/061904041143,omid:br/06220746643
oci:061904041143-061802872572,omid:br/061904041143,omid:br/061802872572
oci:061904041143-0604845079,omid:br/061904041143,omid:br/0604845079
oci:061904041143-0604845080,omid:br/061904041143,omid:br/0604845080
oci:061904041143-061801455352,omid:br/061904041143,omid:br/061801455352
oci:061904041143-06110807286,omid:br/061904041143,omid:br/06110807286
oci:061904041143-061801456072,omid:br/061904041143,omid:br/061801456072
oci:061904041198-0604844996,omid:br/061904041198,omid:br/0604844996
oci:061904041198-06310283162,omid:br/061904041198,omid:br/06310283162
oci:061904041198-06430303365,omid:br/061904041198,omid:br/06430303365
oci:061904041198-061602861714,omid:br/061904041198,omid:br/061602861714
oci:061904041198-061801455740,omid:br/061904041198,omid:br/061801455740
oci:061904041198-0604844997,omid:br/061904041198,omid:br/0604844997
oci:061904041198-061602861384,omid:br/061904041198,omid:br/061602861384
oci:061904041198-06303301115,omid:br/061904041198,omid:br/06303301115
oci:061904041261-06210750848,omid:br/061904041261,omid:br/06210750848
oci:061904041261-061801223981,omid:br/061904041261,omid:br/061801223981
oci:061904041261-06190356582,omid:br/061904041261,omid:br/06190356582
oci:061904041261-062101220557,omid:br/061904041261,omid:br/062101220557
oci:061904041261-06170729952,omid:br/061904041261,omid:br/06170729952
oci:061904041261-061203642240,omid:br/061904041261,omid:br/061203642240
oci:061904041261-061703955451,omid:br/061904041261,omid:br/061703955451
oci:061703954990-06410234700,omid:br/061703954990,omid:br/06410234700
oci:061703954990-0604845152,omid:br/061703954990,omid:br/0604845152
oci:061703954990-061901461017,omid:br/061703954990,omid:br/061901461017
oci:061703954990-0604844970,omid:br/061703954990,omid:br/0604844970
oci:061703954990-0604845153,omid:br/061703954990,omid:br/0604845153
oci:061703954990-0604845136,omid:br/061703954990,omid:br/0604845136
oci:061703954990-061801455487,omid:br/061703954990,omid:br/061801455487
oci:061703954990-061801455664,omid:br/061703954990,omid:br/061801455664
oci:061703954990-061801455721,omid:br/061703954990,omid:br/061801455721
oci:061703954990-0604845011,omid:br/061703954990,omid:br/0604845011
oci:061703954990-0640937788,omid:br/061703954990,omid:br/0640937788
oci:061703954990-06210907350,omid:br/061703954990,omid:br/06210907350
oci:061703954990-06304048256,omid:br/061703954990,omid:br/06304048256
oci:061703954990-062103651655,omid:br/061703954990,omid:br/062103651655
oci:061703954990-06104169044,omid:br/061703954990,omid:br/06104169044
oci:061703954990-06220912702,omid:br/061703954990,omid:br/06220912702
oci:061703954990-0604845154,omid:br/061703954990,omid:br/0604845154
oci:061703954990-061901461021,omid:br/061703954990,omid:br/061901461021
oci:061703954990-06410234680,omid:br/061703954990,omid:br/06410234680
oci:061703954990-061703955405,omid:br/061703954990,omid:br/061703955405
oci:061703954990-061904041270,omid:br/061703954990,omid:br/061904041270
oci:061703954990-061703954951,omid:br/061703954990,omid:br/061703954951
oci:061703954990-061703954968,omid:br/061703954990,omid:br/061703954968
oci:061703955012-061801455989,omid:br/061703955012,omid:br/061801455989
oci:061703955012-062103651817,omid:br/061703955012,omid:br/062103651817
oci:061703955012-062303670386,omid:br/061703955012,omid:br/062303670386
oci:061703955012-061703673889,omid:br/061703955012,omid:br/061703673889
oci:061703955012-06403498436,omid:br/061703955012,omid:br/06403498436
oci:061703955012-061801455519,omid:br/061703955012,omid:br/061801455519
oci:061703955012-061801455549,omid:br/061703955012,omid:br/061801455549
oci:061904041185-061801455708,omid:br/061904041185,omid:br/061801455708
oci:061904041185-061801455933,omid:br/061904041185,omid:br/061801455933
oci:061904041185-0604844909,omid:br/061904041185,omid:br/0604844909
oci:061904041185-0604844910,omid:br/061904041185,omid:br/0604844910
oci:061904041185-06503503770,omid:br/061904041185,omid:br/06503503770
oci:061904041185-062203662906,omid:br/061904041185,omid:br/062203662906
oci:061904041185-061903669512,omid:br/061904041185,omid:br/061903669512
oci:061904041185-0612087280,omid:br/061904041185,omid:br/0612087280
oci:061904041185-0610412790,omid:br/061904041185,omid:br/0610412790
oci:061904041185-061103736385,omid:br/061904041185,omid:br/061103736385
oci:061904041185-0604844911,omid:br/061904041185,omid:br/0604844911
oci:061703955054-061802872375,omid:br/061703955054,omid:br/061802872375
oci:061703955054-061801456084,omid:br/061703955054,omid:br/061801456084
oci:061703955054-061801456202,omid:br/061703955054,omid:br/061801456202
oci:061703955054-061801456052,omid:br/061703955054,omid:br/061801456052
oci:061703955054-0604845155,omid:br/061703955054,omid:br/0604845155
oci:061703955054-0604845156,omid:br/061703955054,omid:br/0604845156
oci:061703955054-06303498323,omid:br/061703955054,omid:br/06303498323
oci:061703955054-062201581214,omid:br/061703955054,omid:br/062201581214
oci:061703955054-061903669820,omid:br/061703955054,omid:br/061903669820
oci:061703955054-06401067656,omid:br/061703955054,omid:br/06401067656
oci:061703955068-0604845157,omid:br/061703955068,omid:br/0604845157
oci:061703955068-061801455945,omid:br/061703955068,omid:br/061801455945
oci:061703955068-061104173287,omid:br/061703955068,omid:br/061104173287
oci:061703955068-061801455953,omid:br/061703955068,omid:br/061801455953
oci:061703955068-0650940719,omid:br/061703955068,omid:br/0650940719
oci:061703955068-062201581214,omid:br/061703955068,omid:br/062201581214
oci:061703955068-0620918238,omid:br/061703955068,omid:br/0620918238
oci:061703955068-06230908430,omid:br/061703955068,omid:br/06230908430
oci:061703955068-06401067656,omid:br/061703955068,omid:br/06401067656
oci:061703955068-061801456003,omid:br/061703955068,omid:br/061801456003
oci:061703955047-061801455510,omid:br/061703955047,omid:br/061801455510
oci:061703955047-0604845010,omid:br/061703955047,omid:br/0604845010
oci:061703955047-061801455341,omid:br/061703955047,omid:br/061801455341
oci:061703955047-0604844984,omid:br/061703955047,omid:br/0604844984
oci:061703955047-061901460980,omid:br/061703955047,omid:br/061901460980
oci:061703955047-06401067639,omid:br/061703955047,omid:br/06401067639
oci:061703955047-0604845011,omid:br/061703955047,omid:br/0604845011
oci:061703955047-0604675787,omid:br/061703955047,omid:br/0604675787
oci:061703955047-0604845158,omid:br/061703955047,omid:br/0604845158
oci:061703955047-061803664385,omid:br/061703955047,omid:br/061803664385
oci:061703955047-061803663850,omid:br/061703955047,omid:br/061803663850
oci:061703955047-061803663685,omid:br/061703955047,omid:br/061803663685
oci:061703955047-062303670637,omid:br/061703955047,omid:br/062303670637
oci:061703955047-061801455530,omid:br/061703955047,omid:br/061801455530
oci:061703955019-06290297599,omid:br/061703955019,omid:br/06290297599
oci:061703955019-06280307502,omid:br/061703955019,omid:br/06280307502
oci:061703955019-06280307419,omid:br/061703955019,omid:br/06280307419
oci:061703955019-0604844925,omid:br/061703955019,omid:br/0604844925
oci:061703955019-06110477657,omid:br/061703955019,omid:br/06110477657
oci:061703955019-06290297604,omid:br/061703955019,omid:br/06290297604
oci:061703955019-061804034350,omid:br/061703955019,omid:br/061804034350
oci:061703955019-061703954771,omid:br/061703955019,omid:br/061703954771
oci:061703955019-061904041341,omid:br/061703955019,omid:br/061904041341
oci:061703955019-06260953363,omid:br/061703955019,omid:br/06260953363
oci:061703955019-061703954989,omid:br/061703955019,omid:br/061703954989
oci:061703954981-06104559249,omid:br/061703954981,omid:br/06104559249
oci:061703954981-0604844922,omid:br/061703954981,omid:br/0604844922
oci:061703954981-061904041071,omid:br/061703954981,omid:br/061904041071
oci:061703954981-061801455952,omid:br/061703954981,omid:br/061801455952
oci:061703954981-0604844963,omid:br/061703954981,omid:br/0604844963
oci:061703954981-0604844964,omid:br/061703954981,omid:br/0604844964
oci:061703954903-062201856977,omid:br/061703954903,omid:br/062201856977
oci:061703954903-06220347281,omid:br/061703954903,omid:br/06220347281
oci:061703954975-061703955413,omid:br/061703954975,omid:br/061703955413
oci:061703954975-06190356582,omid:br/061703954975,omid:br/06190356582
oci:061703954975-0604844925,omid:br/061703954975,omid:br/0604844925
oci:061703954975-061902882727,omid:br/061703954975,omid:br/061902882727
oci:061703954975-061703955443,omid:br/061703954975,omid:br/061703955443
oci:061703954975-061904041082,omid:br/061703954975,omid:br/061904041082
oci:061703954975-061703954750,omid:br/061703954975,omid:br/061703954750
oci:061703954975-061804034370,omid:br/061703954975,omid:br/061804034370
oci:061703954938-06404054015,omid:br/061703954938,omid:br/06404054015
oci:061703954938-061303995683,omid:br/061703954938,omid:br/061303995683
oci:061703954938-061203938977,omid:br/061703954938,omid:br/061203938977
oci:061703954938-0604844965,omid:br/061703954938,omid:br/0604844965
oci:061703954938-0604844966,omid:br/061703954938,omid:br/0604844966
oci:061904041270-061703955452,omid:br/061904041270,omid:br/061703955452
oci:061904041270-061801455634,omid:br/061904041270,omid:br/061801455634
oci:061904041270-061901461002,omid:br/061904041270,omid:br/061901461002
oci:061904041270-061801455721,omid:br/061904041270,omid:br/061801455721
oci:061904041270-061801456217,omid:br/061904041270,omid:br/061801456217
oci:061904041270-061801455517,omid:br/061904041270,omid:br/061801455517
oci:061904041270-061801455771,omid:br/061904041270,omid:br/061801455771
oci:061904041270-0604844977,omid:br/061904041270,omid:br/0604844977
oci:061904041270-0604844978,omid:br/061904041270,omid:br/0604844978
oci:061904041270-0604844979,omid:br/061904041270,omid:br/0604844979
oci:061703954891-0604844933,omid:br/061703954891,omid:br/0604844933
oci:061703954891-061801455286,omid:br/061703954891,omid:br/061801455286
oci:061703954891-06260617004,omid:br/061703954891,omid:br/06260617004
oci:061703954891-06403068258,omid:br/061703954891,omid:br/06403068258
oci:061904041213-0680691842,omid:br/061904041213,omid:br/0680691842
oci:061904041213-0680691940,omid:br/061904041213,omid:br/0680691940
oci:061904041213-0680691911,omid:br/061904041213,omid:br/0680691911
oci:061904041213-0603986168,omid:br/061904041213,omid:br/0603986168
oci:061904041213-0603986184,omid:br/061904041213,omid:br/0603986184
oci:061904041213-0603986124,omid:br/061904041213,omid:br/0603986124
oci:061904041213-0603986163,omid:br/061904041213,omid:br/0603986163
oci:061904041213-061602861429,omid:br/061904041213,omid:br/061602861429
oci:061904041213-061602861721,omid:br/061904041213,omid:br/061602861721
oci:061904041213-061602861530,omid:br/061904041213,omid:br/061602861530
oci:061904041213-061602861688,omid:br/061904041213,omid:br/061602861688
oci:061904041213-061602861521,omid:br/061904041213,omid:br/061602861521
oci:061703954978-061801455510,omid:br/061703954978,omid:br/061801455510
oci:061703954978-06403498028,omid:br/061703954978,omid:br/06403498028
oci:061703954978-06104190252,omid:br/061703954978,omid:br/06104190252
oci:061703954978-061097434,omid:br/061703954978,omid:br/061097434
oci:061703954978-0640937689,omid:br/061703954978,omid:br/0640937689
oci:061703954978-061602205279,omid:br/061703954978,omid:br/061602205279
oci:061703954978-06201498508,omid:br/061703954978,omid:br/06201498508
oci:061703954978-061502051957,omid:br/061703954978,omid:br/061502051957
oci:061703954978-0660936184,omid:br/061703954978,omid:br/0660936184
oci:061703954978-061502196848,omid:br/061703954978,omid:br/061502196848
oci:061703954978-061703955199,omid:br/061703954978,omid:br/061703955199
oci:061904041281-061703673585,omid:br/061904041281,omid:br/061703673585
oci:061703954983-061801455286,omid:br/061703954983,omid:br/061801455286
oci:061703954983-0604845068,omid:br/061703954983,omid:br/0604845068
oci:061703954983-0604844933,omid:br/061703954983,omid:br/0604844933
oci:061703954983-061703954891,omid:br/061703954983,omid:br/061703954891
oci:061703954968-0604844970,omid:br/061703954968,omid:br/0604844970
oci:061703954968-061701177994,omid:br/061703954968,omid:br/061701177994
oci:061703954968-0604844973,omid:br/061703954968,omid:br/0604844973
oci:061703954968-061804034803,omid:br/061703954968,omid:br/061804034803
oci:061703954968-061703954769,omid:br/061703954968,omid:br/061703954769
oci:061703954968-0604322981,omid:br/061703954968,omid:br/0604322981
oci:061703954948-0604845069,omid:br/061703954948,omid:br/0604845069
oci:061703954948-061701629607,omid:br/061703954948,omid:br/061701629607
oci:061703954948-06430303284,omid:br/061703954948,omid:br/06430303284
oci:061703954948-06430303614,omid:br/061703954948,omid:br/06430303614
oci:061703954948-061402027649,omid:br/061703954948,omid:br/061402027649
oci:061703954948-061904041079,omid:br/061703954948,omid:br/061904041079
oci:061904041218-061802872405,omid:br/061904041218,omid:br/061802872405
oci:061904041218-06604055832,omid:br/061904041218,omid:br/06604055832
oci:061904041218-061701629156,omid:br/061904041218,omid:br/061701629156
oci:061904041218-061902882654,omid:br/061904041218,omid:br/061902882654
oci:061904041218-061902882637,omid:br/061904041218,omid:br/061902882637
oci:061904041218-061902882492,omid:br/061904041218,omid:br/061902882492
oci:061904041218-0604827548,omid:br/061904041218,omid:br/0604827548
oci:061904041218-061902882360,omid:br/061904041218,omid:br/061902882360
oci:061904041218-0604844980,omid:br/061904041218,omid:br/0604844980
oci:061904041218-0604844981,omid:br/061904041218,omid:br/0604844981
oci:061904041218-061902882381,omid:br/061904041218,omid:br/061902882381
oci:061904041218-061802872479,omid:br/061904041218,omid:br/061802872479
oci:061904041218-061802872699,omid:br/061904041218,omid:br/061802872699
oci:061904041218-061902883061,omid:br/061904041218,omid:br/061902883061
oci:061904041194-061904041085,omid:br/061904041194,omid:br/061904041085
oci:061904041194-061904041081,omid:br/061904041194,omid:br/061904041081
oci:061904041194-06260953029,omid:br/061904041194,omid:br/06260953029
oci:061904041194-061703954722,omid:br/061904041194,omid:br/061703954722
oci:061904041243-061904041085,omid:br/061904041243,omid:br/061904041085
oci:061904041243-061904041081,omid:br/061904041243,omid:br/061904041081
oci:061904041243-061703954755,omid:br/061904041243,omid:br/061703954755
oci:061904041243-061904041194,omid:br/061904041243,omid:br/061904041194
oci:061904041243-061703954722,omid:br/061904041243,omid:br/061703954722
oci:061904041206-061303996289,omid:br/061904041206,omid:br/061303996289
oci:061904041206-0604838519,omid:br/061904041206,omid:br/0604838519
oci:061904041206-061701629679,omid:br/061904041206,omid:br/061701629679
oci:061703954953-061703955405,omid:br/061703954953,omid:br/061703955405
oci:061703954953-0604844971,omid:br/061703954953,omid:br/0604844971
oci:061703954953-0604844972,omid:br/061703954953,omid:br/0604844972
oci:061703954953-0604844970,omid:br/061703954953,omid:br/0604844970
oci:061703954953-0604844973,omid:br/061703954953,omid:br/0604844973
oci:061703954953-061801455771,omid:br/061703954953,omid:br/061801455771
oci:061703954953-061801456135,omid:br/061703954953,omid:br/061801456135
oci:061703954921-061703955413,omid:br/061703954921,omid:br/061703955413
oci:061703954921-06140478155,omid:br/061703954921,omid:br/06140478155
oci:061703954921-061703955443,omid:br/061703954921,omid:br/061703955443
oci:061703954921-061902882727,omid:br/061703954921,omid:br/061902882727
oci:061703954921-061703955266,omid:br/061703954921,omid:br/061703955266
oci:061703954921-061703954750,omid:br/061703954921,omid:br/061703954750
oci:061703954921-0604844925,omid:br/061703954921,omid:br/0604844925
oci:061703954921-061804034920,omid:br/061703954921,omid:br/061804034920
oci:061703954921-061703954975,omid:br/061703954921,omid:br/061703954975
oci:061703954959-061703955413,omid:br/061703954959,omid:br/061703955413
oci:061703954959-06190356582,omid:br/061703954959,omid:br/06190356582
oci:061703954959-061902882727,omid:br/061703954959,omid:br/061902882727
oci:061703954959-061703955443,omid:br/061703954959,omid:br/061703955443
oci:061703954959-061904041082,omid:br/061703954959,omid:br/061904041082
oci:061703954959-061703954750,omid:br/061703954959,omid:br/061703954750
oci:061703954959-061703954975,omid:br/061703954959,omid:br/061703954975
oci:061703954959-061703954921,omid:br/061703954959,omid:br/061703954921
oci:061703954959-061804034370,omid:br/061703954959,omid:br/061804034370
oci:061703954959-061804034920,omid:br/061703954959,omid:br/061804034920
oci:061703954959-061804034376,omid:br/061703954959,omid:br/061804034376
oci:061703955064-0604845161,omid:br/061703955064,omid:br/0604845161
oci:061703955064-06480168511,omid:br/061703955064,omid:br/06480168511
oci:061703955064-06130351072,omid:br/061703955064,omid:br/06130351072
oci:061703955064-061501125017,omid:br/061703955064,omid:br/061501125017
oci:061703955064-0604845162,omid:br/061703955064,omid:br/0604845162
oci:061703955064-061702859276,omid:br/061703955064,omid:br/061702859276
oci:061703955064-06150487632,omid:br/061703955064,omid:br/06150487632
oci:061703955064-0650486400,omid:br/061703955064,omid:br/0650486400
oci:061703955064-061703955238,omid:br/061703955064,omid:br/061703955238
oci:061703954907-061703955413,omid:br/061703954907,omid:br/061703955413
oci:061703954907-0604844925,omid:br/061703954907,omid:br/0604844925
oci:061703954907-061902882727,omid:br/061703954907,omid:br/061902882727
oci:061703954907-061602861390,omid:br/061703954907,omid:br/061602861390
oci:061703954907-061703955266,omid:br/061703954907,omid:br/061703955266
oci:061703954907-061904041086,omid:br/061703954907,omid:br/061904041086
oci:061703954907-061703954770,omid:br/061703954907,omid:br/061703954770
oci:061703954907-06230676349,omid:br/061703954907,omid:br/06230676349
oci:061703954907-06270269482,omid:br/061703954907,omid:br/06270269482
oci:061703954920-061602861390,omid:br/061703954920,omid:br/061602861390
oci:061703954920-061703955431,omid:br/061703954920,omid:br/061703955431
oci:061703954920-061804034361,omid:br/061703954920,omid:br/061804034361
oci:061703954920-061703955403,omid:br/061703954920,omid:br/061703955403
oci:061703954920-061703954770,omid:br/061703954920,omid:br/061703954770
oci:061703954920-061904041086,omid:br/061703954920,omid:br/061904041086
oci:061703954951-06440304978,omid:br/061703954951,omid:br/06440304978
oci:061703954951-0604844967,omid:br/061703954951,omid:br/0604844967
oci:061703954951-061801455974,omid:br/061703954951,omid:br/061801455974
oci:061703954951-0604844968,omid:br/061703954951,omid:br/0604844968
oci:061703954951-0604844969,omid:br/061703954951,omid:br/0604844969
oci:061703954951-0604844970,omid:br/061703954951,omid:br/0604844970
oci:061804034607-061703955112,omid:br/061804034607,omid:br/061703955112
oci:061804034607-06440240886,omid:br/061804034607,omid:br/06440240886
oci:061804034607-061801455647,omid:br/061804034607,omid:br/061801455647
oci:061703955172-0604844925,omid:br/061703955172,omid:br/0604844925
oci:061703955172-061802872921,omid:br/061703955172,omid:br/061802872921
oci:061703955172-0690694961,omid:br/061703955172,omid:br/0690694961
oci:061703955172-0610414284,omid:br/061703955172,omid:br/0610414284
oci:061703955172-06280307502,omid:br/061703955172,omid:br/06280307502
oci:061703955172-06290297437,omid:br/061703955172,omid:br/06290297437
oci:061703955172-06110446424,omid:br/061703955172,omid:br/06110446424
oci:061703955172-0610274814,omid:br/061703955172,omid:br/0610274814
oci:061703955172-061703954724,omid:br/061703955172,omid:br/061703954724
oci:061703955172-061804034031,omid:br/061703955172,omid:br/061804034031
oci:061703955172-061904041341,omid:br/061703955172,omid:br/061904041341
oci:061804034827-061103088743,omid:br/061804034827,omid:br/061103088743
oci:061804034300-061801455315,omid:br/061804034300,omid:br/061801455315
oci:061804034300-061801456281,omid:br/061804034300,omid:br/061801456281
oci:061804034300-061804034844,omid:br/061804034300,omid:br/061804034844
oci:061804034300-062501147039,omid:br/061804034300,omid:br/062501147039
oci:061804034300-0604844954,omid:br/061804034300,omid:br/0604844954
oci:061804034598-06504526835,omid:br/061804034598,omid:br/06504526835
oci:061804034598-06120800657,omid:br/061804034598,omid:br/06120800657
oci:061804034552-06230371014,omid:br/061804034552,omid:br/06230371014
oci:061804034552-06230371158,omid:br/061804034552,omid:br/06230371158
oci:061804034552-061804034072,omid:br/061804034552,omid:br/061804034072
oci:061804034552-061304026353,omid:br/061804034552,omid:br/061304026353
oci:061804034238-06240344196,omid:br/061804034238,omid:br/06240344196
oci:061804034238-06701842768,omid:br/061804034238,omid:br/06701842768
oci:061804034238-061203779693,omid:br/061804034238,omid:br/061203779693
oci:061804034238-062303056137,omid:br/061804034238,omid:br/062303056137
oci:062503569057-0604845129,omid:br/062503569057,omid:br/0604845129
oci:062503569057-06410234249,omid:br/062503569057,omid:br/06410234249
oci:062503569057-061802872629,omid:br/062503569057,omid:br/061802872629
oci:062503569057-061301642162,omid:br/062503569057,omid:br/061301642162
oci:061703955368-06150797865,omid:br/061703955368,omid:br/06150797865
oci:061703955368-06140671404,omid:br/061703955368,omid:br/06140671404
oci:061703955368-064082888,omid:br/061703955368,omid:br/064082888
oci:061703955368-0660860355,omid:br/061703955368,omid:br/0660860355
oci:061703955368-061701265823,omid:br/061703955368,omid:br/061701265823
oci:061703955368-061701265782,omid:br/061703955368,omid:br/061701265782
oci:061703955368-0620792135,omid:br/061703955368,omid:br/0620792135
oci:061703955368-062502688550,omid:br/061703955368,omid:br/062502688550
oci:061703955368-06250481638,omid:br/061703955368,omid:br/06250481638
oci:061703955143-06403497796,omid:br/061703955143,omid:br/06403497796
oci:061703955143-06901148691,omid:br/061703955143,omid:br/06901148691
oci:061703955143-061303705503,omid:br/061703955143,omid:br/061303705503
oci:061703955143-0604278021,omid:br/061703955143,omid:br/0604278021
oci:061703955143-061103737095,omid:br/061703955143,omid:br/061103737095
oci:061703955143-0612086415,omid:br/061703955143,omid:br/0612086415
oci:061703955143-061603798070,omid:br/061703955143,omid:br/061603798070
oci:061703955143-061103736267,omid:br/061703955143,omid:br/061103736267
oci:061703955143-06210735551,omid:br/061703955143,omid:br/06210735551
oci:061703955143-061203724810,omid:br/061703955143,omid:br/061203724810
oci:061703955143-0611095657,omid:br/061703955143,omid:br/0611095657
oci:061703955143-061103736896,omid:br/061703955143,omid:br/061103736896
oci:061703955143-061804034173,omid:br/061703955143,omid:br/061804034173
oci:061703955342-06140928251,omid:br/061703955342,omid:br/06140928251
oci:061703955342-06260421733,omid:br/061703955342,omid:br/06260421733
oci:061703955342-0610414639,omid:br/061703955342,omid:br/0610414639
oci:061703955342-061102393731,omid:br/061703955342,omid:br/061102393731
oci:061703955342-06160354352,omid:br/061703955342,omid:br/06160354352
oci:061703955342-06220341530,omid:br/061703955342,omid:br/06220341530
oci:061703955342-061303693873,omid:br/061703955342,omid:br/061303693873
oci:061703955342-06703453605,omid:br/061703955342,omid:br/06703453605
oci:061703955342-06190454753,omid:br/061703955342,omid:br/06190454753
oci:061703955342-0618081112,omid:br/061703955342,omid:br/0618081112
oci:061703955342-061602861480,omid:br/061703955342,omid:br/061602861480
oci:061804034257-06701842768,omid:br/061804034257,omid:br/06701842768
oci:061804034257-061804034238,omid:br/061804034257,omid:br/061804034238
oci:061804034257-06240344196,omid:br/061804034257,omid:br/06240344196
oci:061804034257-061203779693,omid:br/061804034257,omid:br/061203779693
oci:061804034257-062303056137,omid:br/061804034257,omid:br/062303056137
oci:061703955373-061802872368,omid:br/061703955373,omid:br/061802872368
oci:061703955373-061801455760,omid:br/061703955373,omid:br/061801455760
oci:061703955373-061601579532,omid:br/061703955373,omid:br/061601579532
oci:061703955373-061103805164,omid:br/061703955373,omid:br/061103805164
oci:061703955373-0604844938,omid:br/061703955373,omid:br/0604844938
oci:061703955373-061804034158,omid:br/061703955373,omid:br/061804034158
oci:061703955373-061703954833,omid:br/061703955373,omid:br/061703954833
oci:061804034294-061103804281,omid:br/061804034294,omid:br/061103804281
oci:061804034294-06103773095,omid:br/061804034294,omid:br/06103773095
oci:061804034294-062403330367,omid:br/061804034294,omid:br/062403330367
oci:061804034294-061403565880,omid:br/061804034294,omid:br/061403565880
oci:061804034294-061804033953,omid:br/061804034294,omid:br/061804033953
oci:061804034294-061804034632,omid:br/061804034294,omid:br/061804034632
oci:061804034294-06190454319,omid:br/061804034294,omid:br/06190454319
oci:061804034294-06140671637,omid:br/061804034294,omid:br/06140671637
oci:061804034294-06701021377,omid:br/061804034294,omid:br/06701021377
oci:061804034294-061702765361,omid:br/061804034294,omid:br/061702765361
oci:061804034294-062601893049,omid:br/061804034294,omid:br/062601893049
oci:061804034294-06170447899,omid:br/061804034294,omid:br/06170447899
oci:061804034294-061103725051,omid:br/061804034294,omid:br/061103725051
oci:061804034294-0680718522,omid:br/061804034294,omid:br/0680718522
oci:061703955095-0604844931,omid:br/061703955095,omid:br/0604844931
oci:061703955095-0604845064,omid:br/061703955095,omid:br/0604845064
oci:061703955095-061603632006,omid:br/061703955095,omid:br/061603632006
oci:061703955095-061702055351,omid:br/061703955095,omid:br/061702055351
oci:061703955095-06140732008,omid:br/061703955095,omid:br/06140732008
oci:061703955095-0604278016,omid:br/061703955095,omid:br/0604278016
oci:061703955095-061804034232,omid:br/061703955095,omid:br/061804034232
oci:061703955095-0604845065,omid:br/061703955095,omid:br/0604845065
oci:061703955095-061804034218,omid:br/061703955095,omid:br/061804034218
oci:061703955095-0604845066,omid:br/061703955095,omid:br/0604845066
oci:061703955363-062201581169,omid:br/061703955363,omid:br/062201581169
oci:061703955363-062201581355,omid:br/061703955363,omid:br/062201581355
oci:061703955363-061801994731,omid:br/061703955363,omid:br/061801994731
oci:061703955363-061801994765,omid:br/061703955363,omid:br/061801994765
oci:061703955363-061903709095,omid:br/061703955363,omid:br/061903709095
oci:061703955363-061602861439,omid:br/061703955363,omid:br/061602861439
oci:061804034266-06110715255,omid:br/061804034266,omid:br/06110715255
oci:061804034266-061602861549,omid:br/061804034266,omid:br/061602861549
oci:061804034266-061703954552,omid:br/061804034266,omid:br/061703954552
oci:061804034266-06501408186,omid:br/061804034266,omid:br/06501408186
oci:061804034266-061901353416,omid:br/061804034266,omid:br/061901353416
oci:061804034266-062103276415,omid:br/061804034266,omid:br/062103276415
oci:061804034266-06520261675,omid:br/061804034266,omid:br/06520261675
oci:061804034266-06160500267,omid:br/061804034266,omid:br/06160500267
oci:061804034266-062402854131,omid:br/061804034266,omid:br/062402854131
oci:061804034266-0670548786,omid:br/061804034266,omid:br/0670548786
oci:061703955315-0690740507,omid:br/061703955315,omid:br/0690740507
oci:061703955315-061204056058,omid:br/061703955315,omid:br/061204056058
oci:061703955315-06403498723,omid:br/061703955315,omid:br/06403498723
oci:061703955315-0670728119,omid:br/061703955315,omid:br/0670728119
oci:061703955315-06404141679,omid:br/061703955315,omid:br/06404141679
oci:061703955315-0604845091,omid:br/061703955315,omid:br/0604845091
oci:061703955315-06504185906,omid:br/061703955315,omid:br/06504185906
oci:061703955327-061802872262,omid:br/061703955327,omid:br/061802872262
oci:061703955327-06804113280,omid:br/061703955327,omid:br/06804113280
oci:061703955327-06160727909,omid:br/061703955327,omid:br/06160727909
oci:061703955327-06901498910,omid:br/061703955327,omid:br/06901498910
oci:061703955327-06140836477,omid:br/061703955327,omid:br/06140836477
oci:061703955327-061204056059,omid:br/061703955327,omid:br/061204056059
oci:061703955327-06604094385,omid:br/061703955327,omid:br/06604094385
oci:061703955327-061804034231,omid:br/061703955327,omid:br/061804034231
oci:061703955327-061904041148,omid:br/061703955327,omid:br/061904041148
oci:061804034321-0640145202,omid:br/061804034321,omid:br/0640145202
oci:061804034321-06501624489,omid:br/061804034321,omid:br/06501624489
oci:061804034321-061703955145,omid:br/061804034321,omid:br/061703955145
oci:061804034321-061703954554,omid:br/061804034321,omid:br/061703954554
oci:061804034321-06140553517,omid:br/061804034321,omid:br/06140553517
oci:061804034321-06401374620,omid:br/061804034321,omid:br/06401374620
oci:061804034321-061503079349,omid:br/061804034321,omid:br/061503079349
oci:061804034321-0610415027,omid:br/061804034321,omid:br/0610415027
oci:061804034321-06140263487,omid:br/061804034321,omid:br/06140263487
oci:061804034321-062501352233,omid:br/061804034321,omid:br/062501352233
oci:061804034843-06504542289,omid:br/061804034843,omid:br/06504542289
oci:061703955314-062403880832,omid:br/061703955314,omid:br/062403880832
oci:061703955314-06250481561,omid:br/061703955314,omid:br/06250481561
oci:061703955314-062403112570,omid:br/061703955314,omid:br/062403112570
oci:061703955314-0636012684,omid:br/061703955314,omid:br/0636012684
oci:061703955314-061804034167,omid:br/061703955314,omid:br/061804034167
oci:061804034272-061701527893,omid:br/061804034272,omid:br/061701527893
oci:061804034272-061804034285,omid:br/061804034272,omid:br/061804034285
oci:061804034272-061804034236,omid:br/061804034272,omid:br/061804034236
oci:061804034272-06102627491,omid:br/061804034272,omid:br/06102627491
oci:061804034272-062202225702,omid:br/061804034272,omid:br/062202225702
oci:061703955354-061801455417,omid:br/061703955354,omid:br/061801455417
oci:061703955354-0604845132,omid:br/061703955354,omid:br/0604845132
oci:061703955354-061901460980,omid:br/061703955354,omid:br/061901460980
oci:061703955354-0604845133,omid:br/061703955354,omid:br/0604845133
oci:061703955354-061801455660,omid:br/061703955354,omid:br/061801455660
oci:061703955354-061801455527,omid:br/061703955354,omid:br/061801455527
oci:061703955354-061801455646,omid:br/061703955354,omid:br/061801455646
oci:061703955354-061801455615,omid:br/061703955354,omid:br/061801455615
oci:061703955354-062304178735,omid:br/061703955354,omid:br/062304178735
oci:061703955354-0604845134,omid:br/061703955354,omid:br/0604845134
oci:061703955354-061901460917,omid:br/061703955354,omid:br/061901460917
oci:061703955354-06604530770,omid:br/061703955354,omid:br/06604530770
oci:061804034888-06404168970,omid:br/061804034888,omid:br/06404168970
oci:061804034888-06504016800,omid:br/061804034888,omid:br/06504016800
oci:061804034888-061803499738,omid:br/061804034888,omid:br/061803499738
oci:061804034888-062401767253,omid:br/061804034888,omid:br/062401767253
oci:061804034888-0690365684,omid:br/061804034888,omid:br/0690365684
oci:061804034888-0690365685,omid:br/061804034888,omid:br/0690365685
oci:061804034888-0618079586,omid:br/061804034888,omid:br/0618079586
oci:061804034888-06150266707,omid:br/061804034888,omid:br/06150266707
oci:061804034888-062602249644,omid:br/061804034888,omid:br/062602249644
oci:061804034888-061804034075,omid:br/061804034888,omid:br/061804034075
oci:061804034888-061703955145,omid:br/061804034888,omid:br/061703955145
oci:061703955353-06260422576,omid:br/061703955353,omid:br/06260422576
oci:061703955353-0610414980,omid:br/061703955353,omid:br/0610414980
oci:061703955353-06220466715,omid:br/061703955353,omid:br/06220466715
oci:061703955353-06220466824,omid:br/061703955353,omid:br/06220466824
oci:061703955353-061701629332,omid:br/061703955353,omid:br/061701629332
oci:061703955353-0610414467,omid:br/061703955353,omid:br/0610414467
oci:061703955353-06150713332,omid:br/061703955353,omid:br/06150713332
oci:061703955353-06150712810,omid:br/061703955353,omid:br/06150712810
oci:061703955353-0620356810,omid:br/061703955353,omid:br/0620356810
oci:061703955353-061601302695,omid:br/061703955353,omid:br/061601302695
oci:061703955353-0670357154,omid:br/061703955353,omid:br/0670357154
oci:061703955353-0610412790,omid:br/061703955353,omid:br/0610412790
oci:061703955353-06110477774,omid:br/061703955353,omid:br/06110477774
oci:061703955353-06110477697,omid:br/061703955353,omid:br/06110477697
oci:061703955353-0690480455,omid:br/061703955353,omid:br/0690480455
oci:061703955353-061602861418,omid:br/061703955353,omid:br/061602861418
oci:061703955353-061703954856,omid:br/061703955353,omid:br/061703954856
oci:061703954552-06140591861,omid:br/061703954552,omid:br/06140591861
oci:061703954552-062103276415,omid:br/061703954552,omid:br/062103276415
oci:061703954552-06520261675,omid:br/061703954552,omid:br/06520261675
oci:061703954552-061602861549,omid:br/061703954552,omid:br/061602861549
oci:061703954552-061804034075,omid:br/061703954552,omid:br/061804034075
oci:061703954552-0604376027,omid:br/061703954552,omid:br/0604376027
oci:061703955325-061801455777,omid:br/061703955325,omid:br/061801455777
oci:061703955325-061801455361,omid:br/061703955325,omid:br/061801455361
oci:061703955325-061801456129,omid:br/061703955325,omid:br/061801456129
oci:061703955325-0604845135,omid:br/061703955325,omid:br/0604845135
oci:061703955325-061702859530,omid:br/061703955325,omid:br/061702859530
oci:061703955325-0604292220,omid:br/061703955325,omid:br/0604292220
oci:061703955325-06440304663,omid:br/061703955325,omid:br/06440304663
oci:061703955325-06304097648,omid:br/061703955325,omid:br/06304097648
oci:061703955325-061203745625,omid:br/061703955325,omid:br/061203745625
oci:061703955325-061502051083,omid:br/061703955325,omid:br/061502051083
oci:061703955325-06190917175,omid:br/061703955325,omid:br/06190917175
oci:061703955325-061703673689,omid:br/061703955325,omid:br/061703673689
oci:061703955325-0610929336,omid:br/061703955325,omid:br/0610929336
oci:061703955325-061801456105,omid:br/061703955325,omid:br/061801456105
oci:061703955325-061703673690,omid:br/061703955325,omid:br/061703673690
oci:061703954546-06120667555,omid:br/061703954546,omid:br/06120667555
oci:061703954546-061703955145,omid:br/061703954546,omid:br/061703955145
oci:061703954546-061703954797,omid:br/061703954546,omid:br/061703954797
oci:061703955346-0680691842,omid:br/061703955346,omid:br/0680691842
oci:061703955346-0680691940,omid:br/061703955346,omid:br/0680691940
oci:061703955346-0603986163,omid:br/061703955346,omid:br/0603986163
oci:061703955346-0603986168,omid:br/061703955346,omid:br/0603986168
oci:061703955346-0603986184,omid:br/061703955346,omid:br/0603986184
oci:061703955346-0603986124,omid:br/061703955346,omid:br/0603986124
oci:061703955346-0680691911,omid:br/061703955346,omid:br/0680691911
oci:061703955346-06904136222,omid:br/061703955346,omid:br/06904136222
oci:061703955346-0604845138,omid:br/061703955346,omid:br/0604845138
oci:061703955346-0604845823,omid:br/061703955346,omid:br/0604845823
oci:061703955346-0603986154,omid:br/061703955346,omid:br/0603986154
oci:061703955346-061903845392,omid:br/061703955346,omid:br/061903845392
oci:061703955346-06904136760,omid:br/061703955346,omid:br/06904136760
oci:061703955346-06102789506,omid:br/061703955346,omid:br/06102789506
oci:061703954554-06501624489,omid:br/061703954554,omid:br/06501624489
oci:061703954554-06101148349,omid:br/061703954554,omid:br/06101148349
oci:061703954554-06401374620,omid:br/061703954554,omid:br/06401374620
oci:061703954554-061703955145,omid:br/061703954554,omid:br/061703955145
oci:061703954554-061703954797,omid:br/061703954554,omid:br/061703954797
oci:061703955367-06503005061,omid:br/061703955367,omid:br/06503005061
oci:061703955367-06801049442,omid:br/061703955367,omid:br/06801049442
oci:061703955367-0618082167,omid:br/061703955367,omid:br/0618082167
oci:061703955367-061601201926,omid:br/061703955367,omid:br/061601201926
oci:061703955367-061302690460,omid:br/061703955367,omid:br/061302690460
oci:061703955367-061701834677,omid:br/061703955367,omid:br/061701834677
oci:061703955367-0604845139,omid:br/061703955367,omid:br/0604845139
oci:061703955367-06260371566,omid:br/061703955367,omid:br/06260371566
oci:061703955367-061201645249,omid:br/061703955367,omid:br/061201645249
oci:061703955367-06104574338,omid:br/061703955367,omid:br/06104574338
oci:061703955367-06304097630,omid:br/061703955367,omid:br/06304097630
oci:061703955367-0680992386,omid:br/061703955367,omid:br/0680992386
oci:061703955367-06150868620,omid:br/061703955367,omid:br/06150868620
oci:061703955367-0640997408,omid:br/061703955367,omid:br/0640997408
oci:061703954495-06240260220,omid:br/061703954495,omid:br/06240260220
oci:061703954495-061101920886,omid:br/061703954495,omid:br/061101920886
oci:061703954495-062404064400,omid:br/061703954495,omid:br/062404064400
oci:061703955341-0660936326,omid:br/061703955341,omid:br/0660936326
oci:061703955341-0650940989,omid:br/061703955341,omid:br/0650940989
oci:061703955341-0660935971,omid:br/061703955341,omid:br/0660935971
oci:061703955341-0640938000,omid:br/061703955341,omid:br/0640938000
oci:061703955341-061204056060,omid:br/061703955341,omid:br/061204056060
oci:061703955311-061701629299,omid:br/061703955311,omid:br/061701629299
oci:061703955311-061701629569,omid:br/061703955311,omid:br/061701629569
oci:061703955311-0650940488,omid:br/061703955311,omid:br/0650940488
oci:061703955311-061204056054,omid:br/061703955311,omid:br/061204056054
oci:061703955311-06501565341,omid:br/061703955311,omid:br/06501565341
oci:061703955311-062101582653,omid:br/061703955311,omid:br/062101582653
oci:061703955311-061204056055,omid:br/061703955311,omid:br/061204056055
oci:061703955311-062101582674,omid:br/061703955311,omid:br/062101582674
oci:061703955311-061204056056,omid:br/061703955311,omid:br/061204056056
oci:061703955311-0650940677,omid:br/061703955311,omid:br/0650940677
oci:061703955311-0650941034,omid:br/061703955311,omid:br/0650941034
oci:061703955311-061204056057,omid:br/061703955311,omid:br/061204056057
oci:061703955344-061204056062,omid:br/061703955344,omid:br/061204056062
oci:061703955344-0610346817,omid:br/061703955344,omid:br/0610346817
oci:061804034516-0604329331,omid:br/061804034516,omid:br/0604329331
oci:061804034516-061901460937,omid:br/061804034516,omid:br/061901460937
oci:061804034516-0680691975,omid:br/061804034516,omid:br/0680691975
oci:061804034516-061801455962,omid:br/061804034516,omid:br/061801455962
oci:061804034298-06260947864,omid:br/061804034298,omid:br/06260947864
oci:061804034298-06110490995,omid:br/061804034298,omid:br/06110490995
oci:061804034298-0690947096,omid:br/061804034298,omid:br/0690947096
oci:061804034298-0670932821,omid:br/061804034298,omid:br/0670932821
oci:061804034298-061402415768,omid:br/061804034298,omid:br/061402415768
oci:061804034298-06704125942,omid:br/061804034298,omid:br/06704125942
oci:061804034583-06304551880,omid:br/061804034583,omid:br/06304551880
oci:061804034583-061802872383,omid:br/061804034583,omid:br/061802872383
oci:061804034583-061902882546,omid:br/061804034583,omid:br/061902882546
oci:061703954578-06202305391,omid:br/061703954578,omid:br/06202305391
oci:061703954578-0604098207,omid:br/061703954578,omid:br/0604098207
oci:061703954578-06604170391,omid:br/061703954578,omid:br/06604170391
oci:061703954578-061701564927,omid:br/061703954578,omid:br/061701564927
oci:061703954578-06602309657,omid:br/061703954578,omid:br/06602309657
oci:061703954578-061701564928,omid:br/061703954578,omid:br/061701564928
oci:061703954578-061201050284,omid:br/061703954578,omid:br/061201050284
oci:061703954578-061801455760,omid:br/061703954578,omid:br/061801455760
oci:061703954578-061801455607,omid:br/061703954578,omid:br/061801455607
oci:061703954578-0604844951,omid:br/061703954578,omid:br/0604844951
oci:061703954578-06301799148,omid:br/061703954578,omid:br/06301799148
oci:061703954582-06701842588,omid:br/061703954582,omid:br/06701842588
oci:061703954582-061804150793,omid:br/061703954582,omid:br/061804150793
oci:061804034573-06260432594,omid:br/061804034573,omid:br/06260432594
oci:061804034573-06503025186,omid:br/061804034573,omid:br/06503025186
oci:061804034573-061602205279,omid:br/061804034573,omid:br/061602205279
oci:061804034573-061502197200,omid:br/061804034573,omid:br/061502197200
oci:061804034573-0604329336,omid:br/061804034573,omid:br/0604329336
oci:061804034573-06601766448,omid:br/061804034573,omid:br/06601766448
oci:061804034573-061802872543,omid:br/061804034573,omid:br/061802872543
oci:061804034538-061701629452,omid:br/061804034538,omid:br/061701629452
oci:061804034538-0650941027,omid:br/061804034538,omid:br/0650941027
oci:061804034538-0604329332,omid:br/061804034538,omid:br/0604329332
oci:061804034538-061104172844,omid:br/061804034538,omid:br/061104172844
oci:061804034538-061902882504,omid:br/061804034538,omid:br/061902882504
oci:061804034538-061703954593,omid:br/061804034538,omid:br/061703954593
oci:061804034556-061903050419,omid:br/061804034556,omid:br/061903050419
oci:061804034556-061101008551,omid:br/061804034556,omid:br/061101008551
oci:061804034556-062203047216,omid:br/061804034556,omid:br/062203047216
oci:061804034556-061803500131,omid:br/061804034556,omid:br/061803500131
oci:061804034556-06130668209,omid:br/061804034556,omid:br/06130668209
oci:061804034556-06160489042,omid:br/061804034556,omid:br/06160489042
oci:061804034556-06210354691,omid:br/061804034556,omid:br/06210354691
oci:061804034556-061403520974,omid:br/061804034556,omid:br/061403520974
oci:061804034556-064089221,omid:br/061804034556,omid:br/064089221
oci:061804034556-06250481629,omid:br/061804034556,omid:br/06250481629
oci:061804034556-0604329333,omid:br/061804034556,omid:br/0604329333
oci:061804034556-061903739507,omid:br/061804034556,omid:br/061903739507
oci:061804034556-0604329334,omid:br/061804034556,omid:br/0604329334
oci:061804034556-0660351292,omid:br/061804034556,omid:br/0660351292
oci:061804034556-061203712752,omid:br/061804034556,omid:br/061203712752
oci:061804034556-06903813739,omid:br/061804034556,omid:br/06903813739
oci:061804034556-0604329335,omid:br/061804034556,omid:br/0604329335
oci:061804034556-06903814362,omid:br/061804034556,omid:br/06903814362
oci:061804034556-061701871598,omid:br/061804034556,omid:br/061701871598
oci:061804034556-06230353658,omid:br/061804034556,omid:br/06230353658
oci:061804034556-06130482202,omid:br/061804034556,omid:br/06130482202
oci:061804034556-061901638749,omid:br/061804034556,omid:br/061901638749
oci:061804034556-061089899,omid:br/061804034556,omid:br/061089899
oci:061703954588-06150487450,omid:br/061703954588,omid:br/06150487450
oci:061703954588-06130479742,omid:br/061703954588,omid:br/06130479742
oci:061703954588-06101665310,omid:br/061703954588,omid:br/06101665310
oci:061703954588-061503714783,omid:br/061703954588,omid:br/061503714783
oci:061703954588-06603224759,omid:br/061703954588,omid:br/06603224759
oci:061804034586-061703955171,omid:br/061804034586,omid:br/061703955171
oci:061804034586-0630169653,omid:br/061804034586,omid:br/0630169653
oci:061804034586-0604845076,omid:br/061804034586,omid:br/0604845076
oci:061804034586-061701629396,omid:br/061804034586,omid:br/061701629396
oci:061804034586-061801455555,omid:br/061804034586,omid:br/061801455555
oci:061804034586-061801456070,omid:br/061804034586,omid:br/061801456070
oci:061804034586-06410234191,omid:br/061804034586,omid:br/06410234191
oci:061804034586-0604844923,omid:br/061804034586,omid:br/0604844923
oci:061804034586-0604845026,omid:br/061804034586,omid:br/0604845026
oci:061804034586-0604845077,omid:br/061804034586,omid:br/0604845077
oci:061804034586-061801455729,omid:br/061804034586,omid:br/061801455729
oci:061804034586-061801455604,omid:br/061804034586,omid:br/061801455604
oci:061804034586-061801456207,omid:br/061804034586,omid:br/061801456207
oci:061703955119-061702128525,omid:br/061703955119,omid:br/061702128525
oci:061703955119-0604845061,omid:br/061703955119,omid:br/0604845061
oci:061703955119-06230490167,omid:br/061703955119,omid:br/06230490167
oci:061703955119-061701629298,omid:br/061703955119,omid:br/061701629298
oci:061703955119-061103589014,omid:br/061703955119,omid:br/061103589014
oci:061703955119-0690804524,omid:br/061703955119,omid:br/0690804524
oci:061703955119-0629049708,omid:br/061703955119,omid:br/0629049708
oci:061703955119-0628048232,omid:br/061703955119,omid:br/0628048232
oci:061703955119-06401067624,omid:br/061703955119,omid:br/06401067624
oci:061804034889-061701629130,omid:br/061804034889,omid:br/061701629130
oci:061804034889-0660936326,omid:br/061804034889,omid:br/0660936326
oci:061804034889-061901460937,omid:br/061804034889,omid:br/061901460937
oci:061804034889-061804034516,omid:br/061804034889,omid:br/061804034516
oci:061804034889-061801455540,omid:br/061804034889,omid:br/061801455540
oci:061804034889-0604845033,omid:br/061804034889,omid:br/0604845033
oci:061804034889-061801455816,omid:br/061804034889,omid:br/061801455816
oci:061703954568-061701629300,omid:br/061703954568,omid:br/061701629300
oci:061703954568-0604844952,omid:br/061703954568,omid:br/0604844952
oci:061703954568-061802872809,omid:br/061703954568,omid:br/061802872809
oci:061703954568-06504637216,omid:br/061703954568,omid:br/06504637216
oci:061703954568-061902882649,omid:br/061703954568,omid:br/061902882649
oci:061703954568-0604844953,omid:br/061703954568,omid:br/0604844953
oci:061703954568-0604376028,omid:br/061703954568,omid:br/0604376028
oci:061703955098-06204230326,omid:br/061703955098,omid:br/06204230326
oci:061703955098-06403498678,omid:br/061703955098,omid:br/06403498678
oci:061703955098-061901993626,omid:br/061703955098,omid:br/061901993626
oci:061703955098-0604278017,omid:br/061703955098,omid:br/0604278017
oci:061703955098-061901993711,omid:br/061703955098,omid:br/061901993711
oci:061703955098-061901993631,omid:br/061703955098,omid:br/061901993631
oci:061703955098-061901993762,omid:br/061703955098,omid:br/061901993762
oci:061703955098-06260421969,omid:br/061703955098,omid:br/06260421969
oci:061703955098-0604278018,omid:br/061703955098,omid:br/0604278018
oci:061703955098-0604278019,omid:br/061703955098,omid:br/0604278019
oci:061703955098-0604278020,omid:br/061703955098,omid:br/0604278020
oci:061703955098-061202696414,omid:br/061703955098,omid:br/061202696414
oci:061703955098-061801456027,omid:br/061703955098,omid:br/061801456027
oci:061703955098-06302838008,omid:br/061703955098,omid:br/06302838008
oci:061703955098-06202840101,omid:br/061703955098,omid:br/06202840101
oci:061804034895-0620406275,omid:br/061804034895,omid:br/0620406275
oci:061804034895-06220696451,omid:br/061804034895,omid:br/06220696451
oci:061804034895-06220696412,omid:br/061804034895,omid:br/06220696412
oci:061804034895-061804034108,omid:br/061804034895,omid:br/061804034108
oci:061703955178-061103736561,omid:br/061703955178,omid:br/061103736561
oci:061703955178-062503506097,omid:br/061703955178,omid:br/062503506097
oci:061703955178-06220466825,omid:br/061703955178,omid:br/06220466825
oci:061703955178-06210473230,omid:br/061703955178,omid:br/06210473230
oci:061703955178-061103088529,omid:br/061703955178,omid:br/061103088529
oci:061703955178-061503079351,omid:br/061703955178,omid:br/061503079351
oci:061703955178-061503742180,omid:br/061703955178,omid:br/061503742180
oci:061703955178-0616076048,omid:br/061703955178,omid:br/0616076048
oci:061703955178-061602861471,omid:br/061703955178,omid:br/061602861471
oci:061804034285-061503712949,omid:br/061804034285,omid:br/061503712949
oci:061804034285-06101148730,omid:br/061804034285,omid:br/06101148730
oci:061804034285-062603364583,omid:br/061804034285,omid:br/062603364583
oci:061804034285-06504020261,omid:br/061804034285,omid:br/06504020261
oci:061804034285-06260422119,omid:br/061804034285,omid:br/06260422119
oci:061804034285-06230359633,omid:br/061804034285,omid:br/06230359633
oci:061804034285-061804034075,omid:br/061804034285,omid:br/061804034075
oci:061804034285-0604376027,omid:br/061804034285,omid:br/0604376027
oci:061804034854-06230969492,omid:br/061804034854,omid:br/06230969492
oci:061804034854-061103088743,omid:br/061804034854,omid:br/061103088743
oci:061804034854-06240957363,omid:br/061804034854,omid:br/06240957363
oci:061804034854-061801455315,omid:br/061804034854,omid:br/061801455315
oci:061804034854-061703674232,omid:br/061804034854,omid:br/061703674232
oci:061804034854-06230969005,omid:br/061804034854,omid:br/06230969005
oci:061804034854-06170827845,omid:br/061804034854,omid:br/06170827845
oci:061804034854-061804034844,omid:br/061804034854,omid:br/061804034844
oci:061804034303-062301692399,omid:br/061804034303,omid:br/062301692399
oci:061804034303-0610354766,omid:br/061804034303,omid:br/0610354766
oci:061804034303-062501334768,omid:br/061804034303,omid:br/062501334768
oci:061804034303-06150904225,omid:br/061804034303,omid:br/06150904225
oci:061703954504-06203482877,omid:br/061703954504,omid:br/06203482877
oci:061703954504-06260209143,omid:br/061703954504,omid:br/06260209143
oci:061703954504-062402743259,omid:br/061703954504,omid:br/062402743259
oci:061703954504-061703955145,omid:br/061703954504,omid:br/061703955145
oci:061703954504-061703954797,omid:br/061703954504,omid:br/061703954797
oci:061804034329-06404168970,omid:br/061804034329,omid:br/06404168970
oci:061804034329-061804034075,omid:br/061804034329,omid:br/061804034075
oci:061804034329-0604376027,omid:br/061804034329,omid:br/0604376027
oci:061804034329-0604376082,omid:br/061804034329,omid:br/0604376082
oci:061804034329-061703954797,omid:br/061804034329,omid:br/061703954797
oci:061804034329-061804034888,omid:br/061804034329,omid:br/061804034888
oci:061804034329-061703955145,omid:br/061804034329,omid:br/061703955145
oci:061804034329-061804034303,omid:br/061804034329,omid:br/061804034303
oci:061804034329-061403644167,omid:br/061804034329,omid:br/061403644167
oci:061804034329-06504016800,omid:br/061804034329,omid:br/06504016800
oci:061804034329-061203482942,omid:br/061804034329,omid:br/061203482942
oci:061804034329-06210231290,omid:br/061804034329,omid:br/06210231290
oci:061804034329-06202605783,omid:br/061804034329,omid:br/06202605783
oci:061804034236-061804034285,omid:br/061804034236,omid:br/061804034285
oci:061804034236-0660549655,omid:br/061804034236,omid:br/0660549655
oci:061804034236-06230359633,omid:br/061804034236,omid:br/06230359633
oci:061804034601-06180698860,omid:br/061804034601,omid:br/06180698860
oci:061804034601-061303729249,omid:br/061804034601,omid:br/061303729249
oci:061804034601-0604844974,omid:br/061804034601,omid:br/0604844974
oci:061804034601-0604844975,omid:br/061804034601,omid:br/0604844975
oci:061804034601-061801456175,omid:br/061804034601,omid:br/061801456175
oci:061804034601-061801455945,omid:br/061804034601,omid:br/061801455945
oci:061804034601-061801455856,omid:br/061804034601,omid:br/061801455856
oci:061804034601-0604844976,omid:br/061804034601,omid:br/0604844976
oci:061804034601-061901461009,omid:br/061804034601,omid:br/061901461009
oci:061703954581-0610414771,omid:br/061703954581,omid:br/0610414771
oci:061703954545-061701629265,omid:br/061703954545,omid:br/061701629265
oci:061703954545-061503079370,omid:br/061703954545,omid:br/061503079370
oci:061703954545-061701629090,omid:br/061703954545,omid:br/061701629090
oci:061703954545-0620405594,omid:br/061703954545,omid:br/0620405594
oci:061703954545-061804034585,omid:br/061703954545,omid:br/061804034585
oci:061703954545-06102787700,omid:br/061703954545,omid:br/06102787700
oci:061703954545-06102787737,omid:br/061703954545,omid:br/06102787737
oci:061804034299-061804034108,omid:br/061804034299,omid:br/061804034108
oci:061804034299-061804034214,omid:br/061804034299,omid:br/061804034214
oci:061804034279-06704444769,omid:br/061804034279,omid:br/06704444769
oci:061804034279-06904137585,omid:br/061804034279,omid:br/06904137585
oci:061804034279-061104138618,omid:br/061804034279,omid:br/061104138618
oci:061804034279-061703955310,omid:br/061804034279,omid:br/061703955310
oci:061804034279-061804034877,omid:br/061804034279,omid:br/061804034877
oci:061703955335-0640938000,omid:br/061703955335,omid:br/0640938000
oci:061703955335-0660935474,omid:br/061703955335,omid:br/0660935474
oci:061703955335-0660936326,omid:br/061703955335,omid:br/0660936326
oci:061703955337-0670999249,omid:br/061703955337,omid:br/0670999249
oci:061703955337-06201003784,omid:br/061703955337,omid:br/06201003784
oci:061703955337-062601018301,omid:br/061703955337,omid:br/062601018301
oci:061703955337-061601002425,omid:br/061703955337,omid:br/061601002425
oci:061703955337-061201660285,omid:br/061703955337,omid:br/061201660285
oci:061703955337-06220996110,omid:br/061703955337,omid:br/06220996110
oci:061703955337-062601018720,omid:br/061703955337,omid:br/062601018720
oci:061703955337-061501004465,omid:br/061703955337,omid:br/061501004465
oci:061703955337-06180991937,omid:br/061703955337,omid:br/06180991937
oci:061804034585-061701629265,omid:br/061804034585,omid:br/061701629265
oci:061804034585-061701629090,omid:br/061804034585,omid:br/061701629090
oci:061804034585-06102787700,omid:br/061804034585,omid:br/06102787700
oci:061703955370-06504543011,omid:br/061703955370,omid:br/06504543011
oci:061703955370-0604845159,omid:br/061703955370,omid:br/0604845159
oci:061703955370-061602861261,omid:br/061703955370,omid:br/061602861261
oci:061703955370-061602861698,omid:br/061703955370,omid:br/061602861698
oci:061703955370-06404543604,omid:br/061703955370,omid:br/06404543604
oci:061703955370-0604050703,omid:br/061703955370,omid:br/0604050703
oci:061703955370-06103505706,omid:br/061703955370,omid:br/06103505706
oci:061703955370-061701629649,omid:br/061703955370,omid:br/061701629649
oci:061703955370-06704535365,omid:br/061703955370,omid:br/06704535365
oci:061703955175-06120924741,omid:br/061703955175,omid:br/06120924741
oci:061703955175-061701629473,omid:br/061703955175,omid:br/061701629473
oci:061703955175-06220466683,omid:br/061703955175,omid:br/06220466683
oci:061703955175-06260422576,omid:br/061703955175,omid:br/06260422576
oci:061703955175-061702055142,omid:br/061703955175,omid:br/061702055142
oci:061703955175-0610414794,omid:br/061703955175,omid:br/0610414794
oci:061703955175-0620405455,omid:br/061703955175,omid:br/0620405455
oci:061703955175-061401648381,omid:br/061703955175,omid:br/061401648381
oci:061703955175-061402677739,omid:br/061703955175,omid:br/061402677739
oci:061703955175-06703453605,omid:br/061703955175,omid:br/06703453605
oci:061703955175-061101176543,omid:br/061703955175,omid:br/061101176543
oci:061703955175-061303507710,omid:br/061703955175,omid:br/061303507710
oci:061703955175-0610412790,omid:br/061703955175,omid:br/0610412790
oci:061703955175-061303487305,omid:br/061703955175,omid:br/061303487305
oci:061703955175-06801141514,omid:br/061703955175,omid:br/06801141514
oci:061703955175-0604845062,omid:br/061703955175,omid:br/0604845062
oci:061703955175-061703955353,omid:br/061703955175,omid:br/061703955353
oci:061703955175-0604844999,omid:br/061703955175,omid:br/0604844999
oci:061703955299-06490122800,omid:br/061703955299,omid:br/06490122800
oci:061703955299-061204056050,omid:br/061703955299,omid:br/061204056050
oci:061703955299-061204056051,omid:br/061703955299,omid:br/061204056051
oci:061703955299-0604845813,omid:br/061703955299,omid:br/0604845813
oci:061703955299-0604845814,omid:br/061703955299,omid:br/0604845814
oci:061703955299-0604845160,omid:br/061703955299,omid:br/0604845160
oci:061703955299-0604845815,omid:br/061703955299,omid:br/0604845815
oci:061804034570-061701629074,omid:br/061804034570,omid:br/061701629074
oci:061804034570-061701629107,omid:br/061804034570,omid:br/061701629107
oci:061804034570-061703955163,omid:br/061804034570,omid:br/061703955163
oci:061804034570-0604844983,omid:br/061804034570,omid:br/0604844983
oci:061804034570-061701629214,omid:br/061804034570,omid:br/061701629214
oci:061804034570-061801456224,omid:br/061804034570,omid:br/061801456224
oci:061804034570-061804034093,omid:br/061804034570,omid:br/061804034093
oci:061804034570-061201050347,omid:br/061804034570,omid:br/061201050347
oci:061804034570-0604844984,omid:br/061804034570,omid:br/0604844984
oci:061804034570-061801455646,omid:br/061804034570,omid:br/061801455646
oci:061804034859-061201050216,omid:br/061804034859,omid:br/061201050216
oci:061804034859-061801455679,omid:br/061804034859,omid:br/061801455679
oci:061804034859-061901460937,omid:br/061804034859,omid:br/061901460937
oci:061804034859-0604845035,omid:br/061804034859,omid:br/0604845035
oci:061804034859-061801455328,omid:br/061804034859,omid:br/061801455328
oci:061804034859-061801455657,omid:br/061804034859,omid:br/061801455657
oci:061804034859-0604845036,omid:br/061804034859,omid:br/0604845036
oci:061804034859-0604844970,omid:br/061804034859,omid:br/0604844970
oci:061804034859-0604845037,omid:br/061804034859,omid:br/0604845037
oci:061804034859-0604845038,omid:br/061804034859,omid:br/0604845038
oci:061804034859-0604845039,omid:br/061804034859,omid:br/0604845039
oci:061804034859-061703954951,omid:br/061804034859,omid:br/061703954951
oci:061804034859-061801455754,omid:br/061804034859,omid:br/061801455754
oci:061804034859-0604845040,omid:br/061804034859,omid:br/0604845040
oci:061804034859-0604844926,omid:br/061804034859,omid:br/0604844926
oci:061703955145-061902882727,omid:br/061703955145,omid:br/061902882727
oci:061703955145-061703955413,omid:br/061703955145,omid:br/061703955413
oci:061703955145-0690480606,omid:br/061703955145,omid:br/0690480606
oci:061703955145-06260421610,omid:br/061703955145,omid:br/06260421610
oci:061703955145-06260421865,omid:br/061703955145,omid:br/06260421865
oci:061703955145-06110477467,omid:br/061703955145,omid:br/06110477467
oci:061703955145-061901354080,omid:br/061703955145,omid:br/061901354080
oci:061703955145-061901353595,omid:br/061703955145,omid:br/061901353595
oci:061703955145-06401374620,omid:br/061703955145,omid:br/06401374620
oci:061703955145-06501714769,omid:br/061703955145,omid:br/06501714769
oci:061703955145-061203483007,omid:br/061703955145,omid:br/061203483007
oci:061703955145-061203483749,omid:br/061703955145,omid:br/061203483749
oci:061703955145-062303049995,omid:br/061703955145,omid:br/062303049995
oci:061703955145-06903513384,omid:br/061703955145,omid:br/06903513384
oci:061703955145-061803499738,omid:br/061703955145,omid:br/061803499738
oci:061703955145-061101176043,omid:br/061703955145,omid:br/061101176043
oci:061703955145-061703955443,omid:br/061703955145,omid:br/061703955443
oci:061703955145-061703954797,omid:br/061703955145,omid:br/061703954797
oci:061804034815-0680351457,omid:br/061804034815,omid:br/0680351457
oci:061804034815-0680351448,omid:br/061804034815,omid:br/0680351448
oci:061804034815-06250763809,omid:br/061804034815,omid:br/06250763809
oci:061804034815-061089661,omid:br/061804034815,omid:br/061089661
oci:061804034815-061203482942,omid:br/061804034815,omid:br/061203482942
oci:061804034815-06301515512,omid:br/061804034815,omid:br/06301515512
oci:061804034815-061702859129,omid:br/061804034815,omid:br/061702859129
oci:061804034815-06204177618,omid:br/061804034815,omid:br/06204177618
oci:061804034815-062303339239,omid:br/061804034815,omid:br/062303339239
oci:061804034815-0645037130,omid:br/061804034815,omid:br/0645037130
oci:061804034815-06190231832,omid:br/061804034815,omid:br/06190231832
oci:061804034815-06230233960,omid:br/061804034815,omid:br/06230233960
oci:061804034815-06250706698,omid:br/061804034815,omid:br/06250706698
oci:061804034815-06102787696,omid:br/061804034815,omid:br/06102787696
oci:061804034828-06520261452,omid:br/061804034828,omid:br/06520261452
oci:061804034828-06520261511,omid:br/061804034828,omid:br/06520261511
oci:061804034828-06202616343,omid:br/061804034828,omid:br/06202616343
oci:061804034828-06280307502,omid:br/061804034828,omid:br/06280307502
oci:061804034828-06280307656,omid:br/061804034828,omid:br/06280307656
oci:061804034828-062502226311,omid:br/061804034828,omid:br/062502226311
oci:061804034828-061804034031,omid:br/061804034828,omid:br/061804034031
oci:061804034828-061703954989,omid:br/061804034828,omid:br/061703954989
oci:061804034828-061703954724,omid:br/061804034828,omid:br/061703954724
oci:061804034828-061904041056,omid:br/061804034828,omid:br/061904041056
oci:061804034828-061902882727,omid:br/061804034828,omid:br/061902882727
oci:061804034828-061703955172,omid:br/061804034828,omid:br/061703955172
oci:061804034828-06204482243,omid:br/061804034828,omid:br/06204482243
oci:061804034191-0604844936,omid:br/061804034191,omid:br/0604844936
oci:061804034191-0690480790,omid:br/061804034191,omid:br/0690480790
oci:061804034191-06520261371,omid:br/061804034191,omid:br/06520261371
oci:061804034191-061602861524,omid:br/061804034191,omid:br/061602861524
oci:061804034191-0604844937,omid:br/061804034191,omid:br/0604844937
oci:061804034191-061602861551,omid:br/061804034191,omid:br/061602861551
oci:061804034191-061602861718,omid:br/061804034191,omid:br/061602861718
oci:061804034191-061602861561,omid:br/061804034191,omid:br/061602861561
oci:061804034821-06504020261,omid:br/061804034821,omid:br/06504020261
oci:061804034821-06140263452,omid:br/061804034821,omid:br/06140263452
oci:061804034821-06210231153,omid:br/061804034821,omid:br/06210231153
oci:061804034821-063086815,omid:br/061804034821,omid:br/063086815
oci:061804034821-06140263198,omid:br/061804034821,omid:br/06140263198
oci:061804034821-061801697980,omid:br/061804034821,omid:br/061801697980
oci:061804034821-06401269751,omid:br/061804034821,omid:br/06401269751
oci:061804034821-0680206213,omid:br/061804034821,omid:br/0680206213
oci:061804034821-062201688662,omid:br/061804034821,omid:br/062201688662
oci:061804034821-0623092223,omid:br/061804034821,omid:br/0623092223
oci:061804034821-0617078319,omid:br/061804034821,omid:br/0617078319
oci:061804034821-0618079854,omid:br/061804034821,omid:br/0618079854
oci:061804034821-0616080721,omid:br/061804034821,omid:br/0616080721
oci:061804034821-0617078029,omid:br/061804034821,omid:br/0617078029
oci:061804034821-061703954797,omid:br/061804034821,omid:br/061703954797
oci:061804034587-061101094525,omid:br/061804034587,omid:br/061101094525
oci:061804034587-0653026035,omid:br/061804034587,omid:br/0653026035
oci:061804034587-0604844985,omid:br/061804034587,omid:br/0604844985
oci:061804034587-061101094661,omid:br/061804034587,omid:br/061101094661
oci:061804034587-061303995931,omid:br/061804034587,omid:br/061303995931
oci:061804034587-061201082299,omid:br/061804034587,omid:br/061201082299
oci:061804034587-062101605190,omid:br/061804034587,omid:br/062101605190
oci:061804034587-06904116713,omid:br/061804034587,omid:br/06904116713
oci:061804034587-061101094413,omid:br/061804034587,omid:br/061101094413
oci:061804034587-0604844986,omid:br/061804034587,omid:br/0604844986
oci:061804034587-0604844987,omid:br/061804034587,omid:br/0604844987
oci:061804034159-0604844936,omid:br/061804034159,omid:br/0604844936
oci:061804034159-0690480790,omid:br/061804034159,omid:br/0690480790
oci:061804034159-06520261371,omid:br/061804034159,omid:br/06520261371
oci:061804034159-061602861524,omid:br/061804034159,omid:br/061602861524
oci:061804034159-0604844937,omid:br/061804034159,omid:br/0604844937
oci:061804034159-061804034191,omid:br/061804034159,omid:br/061804034191
oci:061804034151-061104173016,omid:br/061804034151,omid:br/061104173016
oci:061804034151-06270315604,omid:br/061804034151,omid:br/06270315604
oci:061804034151-0660935724,omid:br/061804034151,omid:br/0660935724
oci:061804034151-06270315605,omid:br/061804034151,omid:br/06270315605
oci:061804034877-06904137585,omid:br/061804034877,omid:br/06904137585
oci:061804034877-06380204965,omid:br/061804034877,omid:br/06380204965
oci:061804034877-06110733213,omid:br/061804034877,omid:br/06110733213
oci:061804034877-06150822865,omid:br/061804034877,omid:br/06150822865
oci:061804034877-061801586682,omid:br/061804034877,omid:br/061801586682
oci:061804034877-061801586587,omid:br/061804034877,omid:br/061801586587
oci:061804034877-061804034213,omid:br/061804034877,omid:br/061804034213
oci:061804034824-06103479099,omid:br/061804034824,omid:br/06103479099
oci:061804034824-06120175699,omid:br/061804034824,omid:br/06120175699
oci:061804034824-061804034141,omid:br/061804034824,omid:br/061804034141
oci:061804034594-061503712949,omid:br/061804034594,omid:br/061503712949
oci:061804034594-06404168970,omid:br/061804034594,omid:br/06404168970
oci:061804034594-06504016800,omid:br/061804034594,omid:br/06504016800
oci:061804034594-061702859129,omid:br/061804034594,omid:br/061702859129
oci:061804034594-062401767253,omid:br/061804034594,omid:br/062401767253
oci:061804034594-061804034075,omid:br/061804034594,omid:br/061804034075
oci:061804034594-061703955145,omid:br/061804034594,omid:br/061703955145
oci:061804034906-062403778152,omid:br/061804034906,omid:br/062403778152
oci:061804034906-061501649759,omid:br/061804034906,omid:br/061501649759
oci:061804034906-06180355729,omid:br/061804034906,omid:br/06180355729
oci:061804034906-061804034816,omid:br/061804034906,omid:br/061804034816
oci:061804034811-061501491223,omid:br/061804034811,omid:br/061501491223
oci:061804034811-061501490810,omid:br/061804034811,omid:br/061501490810
oci:061804034811-0660824535,omid:br/061804034811,omid:br/0660824535
oci:061804034811-062102038035,omid:br/061804034811,omid:br/062102038035
oci:061804034811-0604845015,omid:br/061804034811,omid:br/0604845015
oci:061804034811-061102726947,omid:br/061804034811,omid:br/061102726947
oci:061804034811-061104120466,omid:br/061804034811,omid:br/061104120466
oci:061804034811-0604845016,omid:br/061804034811,omid:br/0604845016
oci:061804034521-06301496967,omid:br/061804034521,omid:br/06301496967
oci:061804034521-06401374620,omid:br/061804034521,omid:br/06401374620
oci:061804034521-0618079586,omid:br/061804034521,omid:br/0618079586
oci:061804034521-0617077948,omid:br/061804034521,omid:br/0617077948
oci:061804034521-06120667555,omid:br/061804034521,omid:br/06120667555
oci:061804034521-0618079854,omid:br/061804034521,omid:br/0618079854
oci:061804034521-062602249644,omid:br/061804034521,omid:br/062602249644
oci:061804034521-061703954797,omid:br/061804034521,omid:br/061703954797
oci:061804034521-061703955145,omid:br/061804034521,omid:br/061703955145
oci:061804033941-06130220949,omid:br/061804033941,omid:br/06130220949
oci:061804033941-06180699003,omid:br/061804033941,omid:br/06180699003
oci:061804033941-0670252630,omid:br/061804033941,omid:br/0670252630
oci:061804034835-062501048560,omid:br/061804034835,omid:br/062501048560
oci:061804033995-06420208276,omid:br/061804033995,omid:br/06420208276
oci:061804033995-061102263493,omid:br/061804033995,omid:br/061102263493
oci:061804033995-06604141976,omid:br/061804033995,omid:br/06604141976
oci:061804033995-0630484159,omid:br/061804033995,omid:br/0630484159
oci:061804034849-061503712949,omid:br/061804034849,omid:br/061503712949
oci:061804034849-061801455566,omid:br/061804034849,omid:br/061801455566
oci:061804034849-061804034075,omid:br/061804034849,omid:br/061804034075
oci:061804034861-06101597128,omid:br/061804034861,omid:br/06101597128
oci:061804034861-062301087304,omid:br/061804034861,omid:br/062301087304
oci:061804034861-062301087615,omid:br/061804034861,omid:br/062301087615
oci:061804034861-06301584254,omid:br/061804034861,omid:br/06301584254
oci:061804034861-062303647806,omid:br/061804034861,omid:br/062303647806
oci:061804034861-061101094416,omid:br/061804034861,omid:br/061101094416
oci:061804034861-061901460923,omid:br/061804034861,omid:br/061901460923
oci:061804034861-061801455842,omid:br/061804034861,omid:br/061801455842
oci:061804034861-061801455621,omid:br/061804034861,omid:br/061801455621
oci:061804034861-0604845041,omid:br/061804034861,omid:br/0604845041
oci:061804034861-0604845042,omid:br/061804034861,omid:br/0604845042
oci:061804034861-061801455973,omid:br/061804034861,omid:br/061801455973
oci:061804034861-0604845043,omid:br/061804034861,omid:br/0604845043
oci:061804034861-0604845044,omid:br/061804034861,omid:br/0604845044
oci:061804034226-061603956786,omid:br/061804034226,omid:br/061603956786
oci:061804034226-061303995928,omid:br/061804034226,omid:br/061303995928
oci:061804034226-0604844941,omid:br/061804034226,omid:br/0604844941
oci:061804034226-062102747124,omid:br/061804034226,omid:br/062102747124
oci:061804034226-062501609159,omid:br/061804034226,omid:br/062501609159
oci:061804034226-06503177243,omid:br/061804034226,omid:br/06503177243
oci:061804034226-0604844942,omid:br/061804034226,omid:br/0604844942
oci:061804034226-0604844943,omid:br/061804034226,omid:br/0604844943
oci:061804034226-0604844944,omid:br/061804034226,omid:br/0604844944
oci:061804034201-061803516299,omid:br/061804034201,omid:br/061803516299
oci:061804034201-061501352031,omid:br/061804034201,omid:br/061501352031
oci:061804034201-06160106501,omid:br/061804034201,omid:br/06160106501
oci:061804034201-061603509663,omid:br/061804034201,omid:br/061603509663
oci:061804034201-062603135775,omid:br/061804034201,omid:br/062603135775
oci:061804034201-06304185237,omid:br/061804034201,omid:br/06304185237
oci:061804034198-061501613455,omid:br/061804034198,omid:br/061501613455
oci:061804034198-06130889017,omid:br/061804034198,omid:br/06130889017
oci:061804034198-063072701,omid:br/061804034198,omid:br/063072701
oci:061804034198-06801306235,omid:br/061804034198,omid:br/06801306235
oci:061804034198-061703955419,omid:br/061804034198,omid:br/061703955419
oci:061804034208-061103722378,omid:br/061804034208,omid:br/061103722378
oci:061804034208-065070537,omid:br/061804034208,omid:br/065070537
oci:061804034208-061701265762,omid:br/061804034208,omid:br/061701265762
oci:061804034208-061503059883,omid:br/061804034208,omid:br/061503059883
oci:061804034208-06803485135,omid:br/061804034208,omid:br/06803485135
oci:061804034208-0653038136,omid:br/061804034208,omid:br/0653038136
oci:061804034208-062503673012,omid:br/061804034208,omid:br/062503673012
oci:061804034208-061804033987,omid:br/061804034208,omid:br/061804033987
oci:061804034173-0612087060,omid:br/061804034173,omid:br/0612087060
oci:061804034173-0611095657,omid:br/061804034173,omid:br/0611095657
oci:061804034173-061103736896,omid:br/061804034173,omid:br/061103736896
oci:061804034173-0612086415,omid:br/061804034173,omid:br/0612086415
oci:061804034173-0613086644,omid:br/061804034173,omid:br/0613086644
oci:061804034173-06202796361,omid:br/061804034173,omid:br/06202796361
oci:061804034214-062204054881,omid:br/061804034214,omid:br/062204054881
oci:061804034214-06190353843,omid:br/061804034214,omid:br/06190353843
oci:061804034214-061502051640,omid:br/061804034214,omid:br/061502051640
oci:061804034214-061703954725,omid:br/061804034214,omid:br/061703954725
oci:061804034214-061904041158,omid:br/061804034214,omid:br/061904041158
oci:061804034179-061801455615,omid:br/061804034179,omid:br/061801455615
oci:061804034179-061901460966,omid:br/061804034179,omid:br/061901460966
oci:061804034179-0604844945,omid:br/061804034179,omid:br/0604844945
oci:061804034179-061801456217,omid:br/061804034179,omid:br/061801456217
oci:061804034179-061901460952,omid:br/061804034179,omid:br/061901460952
oci:061804034179-061801456187,omid:br/061804034179,omid:br/061801456187
oci:061804034179-061801455945,omid:br/061804034179,omid:br/061801455945
oci:061804034179-0604844946,omid:br/061804034179,omid:br/0604844946
oci:061804034179-0604844947,omid:br/061804034179,omid:br/0604844947
oci:061804034179-0604844948,omid:br/061804034179,omid:br/0604844948
oci:061804034179-061801455705,omid:br/061804034179,omid:br/061801455705
oci:061804034179-061801455771,omid:br/061804034179,omid:br/061801455771
oci:061804034179-0604844949,omid:br/061804034179,omid:br/0604844949
oci:061804034179-061901461009,omid:br/061804034179,omid:br/061901461009
oci:061804034179-061702055286,omid:br/061804034179,omid:br/061702055286
oci:061804034179-06230908978,omid:br/061804034179,omid:br/06230908978
oci:061804034179-061302041874,omid:br/061804034179,omid:br/061302041874
oci:061804034179-062103651647,omid:br/061804034179,omid:br/062103651647
oci:061804034179-061703673952,omid:br/061804034179,omid:br/061703673952
oci:061804034179-062103651708,omid:br/061804034179,omid:br/062103651708
oci:061804034179-062203663339,omid:br/061804034179,omid:br/062203663339
oci:061804034179-061801455815,omid:br/061804034179,omid:br/061801455815
oci:061804034179-061801455979,omid:br/061804034179,omid:br/061801455979
oci:061804034179-06190916993,omid:br/061804034179,omid:br/06190916993
oci:061804034179-06210908014,omid:br/061804034179,omid:br/06210908014
oci:061804034179-061801456139,omid:br/061804034179,omid:br/061801456139
oci:061804034179-061703954733,omid:br/061804034179,omid:br/061703954733
oci:061804034179-061904041386,omid:br/061804034179,omid:br/061904041386
oci:061804034179-061801455880,omid:br/061804034179,omid:br/061801455880
oci:061804034183-06230908323,omid:br/061804034183,omid:br/06230908323
oci:061804034183-061903670091,omid:br/061804034183,omid:br/061903670091
oci:061804034183-0660935583,omid:br/061804034183,omid:br/0660935583
oci:061804034183-0640937450,omid:br/061804034183,omid:br/0640937450
oci:061804034183-061801455452,omid:br/061804034183,omid:br/061801455452
oci:061804034224-06201113353,omid:br/061804034224,omid:br/06201113353
oci:061804034224-061703954725,omid:br/061804034224,omid:br/061703954725
oci:061804034194-0635034357,omid:br/061804034194,omid:br/0635034357
oci:061804034194-061804034802,omid:br/061804034194,omid:br/061804034802
oci:061703954813-0640938125,omid:br/061703954813,omid:br/0640938125
oci:061703954813-061903660720,omid:br/061703954813,omid:br/061903660720
oci:061703954813-0650940666,omid:br/061703954813,omid:br/0650940666
oci:061703954813-061904041257,omid:br/061703954813,omid:br/061904041257
oci:061703954876-0604845081,omid:br/061703954876,omid:br/0604845081
oci:061703954876-061801455973,omid:br/061703954876,omid:br/061801455973
oci:061703954876-0604845082,omid:br/061703954876,omid:br/0604845082
oci:061703954876-0640937913,omid:br/061703954876,omid:br/0640937913
oci:061703954876-0650941484,omid:br/061703954876,omid:br/0650941484
oci:061703954876-0640937988,omid:br/061703954876,omid:br/0640937988
oci:061703954876-061703954626,omid:br/061703954876,omid:br/061703954626
oci:061703954876-061603462308,omid:br/061703954876,omid:br/061603462308
oci:061703954876-06410234208,omid:br/061703954876,omid:br/06410234208
oci:061703954876-0604845083,omid:br/061703954876,omid:br/0604845083
oci:061804034884-061703955112,omid:br/061804034884,omid:br/061703955112
oci:061804034884-061304026384,omid:br/061804034884,omid:br/061304026384
oci:061804034884-061903302453,omid:br/061804034884,omid:br/061903302453
oci:061804034884-061304026392,omid:br/061804034884,omid:br/061304026392
oci:061804034884-061304026388,omid:br/061804034884,omid:br/061304026388
oci:061804034896-061304026384,omid:br/061804034896,omid:br/061304026384
oci:061804034896-0620321303,omid:br/061804034896,omid:br/0620321303
oci:061804034896-06270478845,omid:br/061804034896,omid:br/06270478845
oci:061804034896-0604844962,omid:br/061804034896,omid:br/0604844962
oci:061804034896-061801456072,omid:br/061804034896,omid:br/061801456072
oci:061804034896-061801455938,omid:br/061804034896,omid:br/061801455938
oci:061804034896-061304026388,omid:br/061804034896,omid:br/061304026388
oci:061804034896-061804034573,omid:br/061804034896,omid:br/061804034573
oci:061703954886-0650941439,omid:br/061703954886,omid:br/0650941439
oci:061703954886-0660935843,omid:br/061703954886,omid:br/0660935843
oci:061703954886-0660936352,omid:br/061703954886,omid:br/0660936352
oci:061703954886-0660936281,omid:br/061703954886,omid:br/0660936281
oci:061703954886-0650941290,omid:br/061703954886,omid:br/0650941290
oci:061703954886-0650940844,omid:br/061703954886,omid:br/0650940844
oci:061703954886-061804034183,omid:br/061703954886,omid:br/061804034183
oci:061703955364-061903660720,omid:br/061703955364,omid:br/061903660720
oci:061703955364-0650940666,omid:br/061703955364,omid:br/0650940666
oci:061703955364-0640938125,omid:br/061703955364,omid:br/0640938125
oci:061703955364-061703954813,omid:br/061703955364,omid:br/061703954813
oci:061703955364-061904041257,omid:br/061703955364,omid:br/061904041257
oci:061804034826-0650941362,omid:br/061804034826,omid:br/0650941362
oci:061804034826-0650941038,omid:br/061804034826,omid:br/0650941038
oci:061804034826-06104190338,omid:br/061804034826,omid:br/06104190338
oci:061804034826-0604577823,omid:br/061804034826,omid:br/0604577823
oci:061804034826-0604577827,omid:br/061804034826,omid:br/0604577827
oci:061804034826-061804034366,omid:br/061804034826,omid:br/061804034366
oci:061804034826-061703954886,omid:br/061804034826,omid:br/061703954886
oci:061804034847-061703954813,omid:br/061804034847,omid:br/061703954813
oci:061804034847-061703955364,omid:br/061804034847,omid:br/061703955364
oci:061804034847-061304026420,omid:br/061804034847,omid:br/061304026420
oci:061804034831-0610414794,omid:br/061804034831,omid:br/0610414794
oci:061804034831-0610835718,omid:br/061804034831,omid:br/0610835718
oci:061804034831-061701087563,omid:br/061804034831,omid:br/061701087563
oci:061804034831-06210472865,omid:br/061804034831,omid:br/06210472865
oci:061804034831-061304026419,omid:br/061804034831,omid:br/061304026419
oci:061804034831-061602861212,omid:br/061804034831,omid:br/061602861212
oci:061804034831-061703955353,omid:br/061804034831,omid:br/061703955353
oci:061804034831-0604844999,omid:br/061804034831,omid:br/0604844999
oci:061703955369-06130787794,omid:br/061703955369,omid:br/06130787794
oci:061703955369-061803516397,omid:br/061703955369,omid:br/061803516397
oci:061703955369-0616082181,omid:br/061703955369,omid:br/0616082181
oci:061703955369-0622076878,omid:br/061703955369,omid:br/0622076878
oci:061703955369-063080283,omid:br/061703955369,omid:br/063080283
oci:061703955369-061103804784,omid:br/061703955369,omid:br/061103804784
oci:061703955369-0626096834,omid:br/061703955369,omid:br/0626096834
oci:061703955369-061401385797,omid:br/061703955369,omid:br/061401385797
oci:061703955369-061903509177,omid:br/061703955369,omid:br/061903509177
oci:061703955369-06190358296,omid:br/061703955369,omid:br/06190358296
oci:061703955369-061804034167,omid:br/061703955369,omid:br/061804034167
oci:061804034873-06104558741,omid:br/061804034873,omid:br/06104558741
oci:061804034873-06104559263,omid:br/061804034873,omid:br/06104559263
oci:061804034873-06104558904,omid:br/061804034873,omid:br/06104558904
oci:061804034873-06503235175,omid:br/061804034873,omid:br/06503235175
oci:061804034873-06503235140,omid:br/061804034873,omid:br/06503235140
oci:061804034873-0630169008,omid:br/061804034873,omid:br/0630169008
oci:061804034873-06603224256,omid:br/061804034873,omid:br/06603224256
oci:061703954859-061104172867,omid:br/061703954859,omid:br/061104172867
oci:061703954859-06401067656,omid:br/061703954859,omid:br/06401067656
oci:061703954859-0604845084,omid:br/061703954859,omid:br/0604845084
oci:061703954859-06210907661,omid:br/061703954859,omid:br/06210907661
oci:061703954859-0604845085,omid:br/061703954859,omid:br/0604845085
oci:061703954859-06401067628,omid:br/061703954859,omid:br/06401067628
oci:061703954859-0604845086,omid:br/061703954859,omid:br/0604845086
oci:061703954840-061602062290,omid:br/061703954840,omid:br/061602062290
oci:061703954840-061202040779,omid:br/061703954840,omid:br/061202040779
oci:061703954840-061502051048,omid:br/061703954840,omid:br/061502051048
oci:061703954840-06210213680,omid:br/061703954840,omid:br/06210213680
oci:061703954840-061402027757,omid:br/061703954840,omid:br/061402027757
oci:061703954840-061402027438,omid:br/061703954840,omid:br/061402027438
oci:061703954840-061901353507,omid:br/061703954840,omid:br/061901353507
oci:061703954840-061502051808,omid:br/061703954840,omid:br/061502051808
oci:061703954840-061502051738,omid:br/061703954840,omid:br/061502051738
oci:061804034816-06160726799,omid:br/061804034816,omid:br/06160726799
oci:061804034816-062403778152,omid:br/061804034816,omid:br/062403778152
oci:061804034816-0644042727,omid:br/061804034816,omid:br/0644042727
oci:061804034816-0639052492,omid:br/061804034816,omid:br/0639052492
oci:061804034816-061501649759,omid:br/061804034816,omid:br/061501649759
oci:061804034816-061403774800,omid:br/061804034816,omid:br/061403774800
oci:061804034816-061701265653,omid:br/061804034816,omid:br/061701265653
oci:061804034816-063072610,omid:br/061804034816,omid:br/063072610
oci:061804034816-062071754,omid:br/061804034816,omid:br/062071754
oci:061804034816-061904041148,omid:br/061804034816,omid:br/061904041148
oci:061804034816-061703954657,omid:br/061804034816,omid:br/061703954657
oci:061804034822-061703955112,omid:br/061804034822,omid:br/061703955112
oci:061804034822-06440240886,omid:br/061804034822,omid:br/06440240886
oci:061804034822-0610616374,omid:br/061804034822,omid:br/0610616374
oci:061703954824-061502051048,omid:br/061703954824,omid:br/061502051048
oci:061703954824-061502051808,omid:br/061703954824,omid:br/061502051808
oci:061703954824-061202040779,omid:br/061703954824,omid:br/061202040779
oci:061703954824-062302102591,omid:br/061703954824,omid:br/062302102591
oci:061703954824-062302102451,omid:br/061703954824,omid:br/062302102451
oci:061703954824-061602061503,omid:br/061703954824,omid:br/061602061503
oci:061804034887-061801456104,omid:br/061804034887,omid:br/061801456104
oci:061804034887-061701629107,omid:br/061804034887,omid:br/061701629107
oci:061804034887-061701629074,omid:br/061804034887,omid:br/061701629074
oci:061804034887-061703955163,omid:br/061804034887,omid:br/061703955163
oci:061804034887-0604845001,omid:br/061804034887,omid:br/0604845001
oci:061804034887-061801456005,omid:br/061804034887,omid:br/061801456005
oci:061804034887-061801456230,omid:br/061804034887,omid:br/061801456230
oci:061804034887-061804034093,omid:br/061804034887,omid:br/061804034093
oci:061703954875-062101605771,omid:br/061703954875,omid:br/062101605771
oci:061703954875-06503504511,omid:br/061703954875,omid:br/06503504511
oci:061703954875-0690480671,omid:br/061703954875,omid:br/0690480671
oci:061703954875-06130556750,omid:br/061703954875,omid:br/06130556750
oci:061703954875-0680411589,omid:br/061703954875,omid:br/0680411589
oci:061703954875-06250405056,omid:br/061703954875,omid:br/06250405056
oci:061703954875-06520261690,omid:br/061703954875,omid:br/06520261690
oci:061703954875-06520261459,omid:br/061703954875,omid:br/06520261459
oci:061703954875-061602861551,omid:br/061703954875,omid:br/061602861551
oci:061703954875-061904041341,omid:br/061703954875,omid:br/061904041341
oci:061703954875-061703955085,omid:br/061703954875,omid:br/061703955085
oci:061804034864-06530294520,omid:br/061804034864,omid:br/06530294520
oci:061804034864-0644052323,omid:br/061804034864,omid:br/0644052323
oci:061804034864-062203663027,omid:br/061804034864,omid:br/062203663027
oci:061804034864-06403497776,omid:br/061804034864,omid:br/06403497776
oci:061804034864-062301588102,omid:br/061804034864,omid:br/062301588102
oci:061804034864-0604098209,omid:br/061804034864,omid:br/0604098209
oci:061804034864-0604845002,omid:br/061804034864,omid:br/0604845002
oci:061804034864-0604845003,omid:br/061804034864,omid:br/0604845003
oci:061804034864-061801455312,omid:br/061804034864,omid:br/061801455312
oci:061804034864-061801455791,omid:br/061804034864,omid:br/061801455791
oci:061804034864-0604845004,omid:br/061804034864,omid:br/0604845004
oci:061804034864-061801455705,omid:br/061804034864,omid:br/061801455705
oci:061804034864-061901460952,omid:br/061804034864,omid:br/061901460952
oci:061703954856-06260421988,omid:br/061703954856,omid:br/06260421988
oci:061703954856-06260421969,omid:br/061703954856,omid:br/06260421969
oci:061703954856-0690480455,omid:br/061703954856,omid:br/0690480455
oci:061703954856-0610414480,omid:br/061703954856,omid:br/0610414480
oci:061703954856-0610414968,omid:br/061703954856,omid:br/0610414968
oci:061703954856-06260422576,omid:br/061703954856,omid:br/06260422576
oci:061703954856-0610414794,omid:br/061703954856,omid:br/0610414794
oci:061703954856-06220466683,omid:br/061703954856,omid:br/06220466683
oci:061703954856-0620405455,omid:br/061703954856,omid:br/0620405455
oci:061703954856-06220466715,omid:br/061703954856,omid:br/06220466715
oci:061703954856-06220466824,omid:br/061703954856,omid:br/06220466824
oci:061703954856-061103088529,omid:br/061703954856,omid:br/061103088529
oci:061703954856-06110477774,omid:br/061703954856,omid:br/06110477774
oci:061703954856-061103088551,omid:br/061703954856,omid:br/061103088551
oci:061703954856-06110477697,omid:br/061703954856,omid:br/06110477697
oci:061703954856-06110477537,omid:br/061703954856,omid:br/06110477537
oci:061703954856-06260422260,omid:br/061703954856,omid:br/06260422260
oci:061703954856-0604845087,omid:br/061703954856,omid:br/0604845087
oci:061804034844-061801455315,omid:br/061804034844,omid:br/061801455315
oci:061804034844-062201581644,omid:br/061804034844,omid:br/062201581644
oci:061804034844-0604845006,omid:br/061804034844,omid:br/0604845006
oci:061804034844-06150917910,omid:br/061804034844,omid:br/06150917910
oci:061804034844-061903669481,omid:br/061804034844,omid:br/061903669481
oci:061804034844-061803664238,omid:br/061804034844,omid:br/061803664238
oci:061804034844-0604845007,omid:br/061804034844,omid:br/0604845007
oci:061703954852-06604055913,omid:br/061703954852,omid:br/06604055913
oci:061703954852-061803516461,omid:br/061703954852,omid:br/061803516461
oci:061703954852-06903075697,omid:br/061703954852,omid:br/06903075697
oci:061703954852-06703477575,omid:br/061703954852,omid:br/06703477575
oci:061703954852-061802872687,omid:br/061703954852,omid:br/061802872687
oci:061804034158-061802872368,omid:br/061804034158,omid:br/061802872368
oci:061804034158-061901133557,omid:br/061804034158,omid:br/061901133557
oci:061804034158-0604098207,omid:br/061804034158,omid:br/0604098207
oci:061804034158-061801455760,omid:br/061804034158,omid:br/061801455760
oci:061804034158-0604844938,omid:br/061804034158,omid:br/0604844938
oci:061804034158-0604844939,omid:br/061804034158,omid:br/0604844939
oci:061804034158-0604844940,omid:br/061804034158,omid:br/0604844940
oci:061804033954-061801455842,omid:br/061804033954,omid:br/061801455842
oci:061804033954-061801455809,omid:br/061804033954,omid:br/061801455809
oci:061804033954-0604844901,omid:br/061804033954,omid:br/0604844901
oci:061804033954-061801456208,omid:br/061804033954,omid:br/061801456208
oci:061804033954-061801455296,omid:br/061804033954,omid:br/061801455296
oci:061804033954-0604844902,omid:br/061804033954,omid:br/0604844902
oci:061804033954-06230888069,omid:br/061804033954,omid:br/06230888069
oci:061804033954-061602204960,omid:br/061804033954,omid:br/061602204960
oci:061804033954-061703954779,omid:br/061804033954,omid:br/061703954779
oci:061804033954-061703955199,omid:br/061804033954,omid:br/061703955199
oci:061703954846-0604845017,omid:br/061703954846,omid:br/0604845017
oci:061703954846-061602861133,omid:br/061703954846,omid:br/061602861133
oci:061703954846-061701629561,omid:br/061703954846,omid:br/061701629561
oci:061703954846-0604845088,omid:br/061703954846,omid:br/0604845088
oci:061703954846-0604844996,omid:br/061703954846,omid:br/0604844996
oci:061703954846-062102747752,omid:br/061703954846,omid:br/062102747752
oci:061703954846-06270268889,omid:br/061703954846,omid:br/06270268889
oci:061703954846-0604845071,omid:br/061703954846,omid:br/0604845071
oci:061703954846-061602861548,omid:br/061703954846,omid:br/061602861548
oci:061703954861-0604845089,omid:br/061703954861,omid:br/0604845089
oci:061703954861-0604845090,omid:br/061703954861,omid:br/0604845090
oci:061703954861-06110806984,omid:br/061703954861,omid:br/06110806984
oci:061703954861-062403689142,omid:br/061703954861,omid:br/062403689142
oci:061703954861-062602777441,omid:br/061703954861,omid:br/062602777441
oci:061703954861-06110806953,omid:br/061703954861,omid:br/06110806953
oci:061703954857-06202796312,omid:br/061703954857,omid:br/06202796312
oci:061703954857-06210337442,omid:br/061703954857,omid:br/06210337442
oci:061703954857-0630339682,omid:br/061703954857,omid:br/0630339682
oci:061703954857-06503504300,omid:br/061703954857,omid:br/06503504300
oci:061703954857-061502235946,omid:br/061703954857,omid:br/061502235946
oci:061703954822-06904136201,omid:br/061703954822,omid:br/06904136201
oci:061703954822-0680691823,omid:br/061703954822,omid:br/0680691823
oci:061703954822-06904136428,omid:br/061703954822,omid:br/06904136428
oci:061703954822-06904136424,omid:br/061703954822,omid:br/06904136424
oci:061703954822-06504621456,omid:br/061703954822,omid:br/06504621456
oci:061703954822-0640268565,omid:br/061703954822,omid:br/0640268565
oci:061703954822-0660487672,omid:br/061703954822,omid:br/0660487672
oci:061703954822-06104101124,omid:br/061703954822,omid:br/06104101124
oci:061703954822-061201128870,omid:br/061703954822,omid:br/061201128870
oci:061703954822-06102162848,omid:br/061703954822,omid:br/06102162848
oci:061703954822-061804034802,omid:br/061703954822,omid:br/061804034802
oci:061703954822-06904136716,omid:br/061703954822,omid:br/06904136716
oci:061703954822-061703954997,omid:br/061703954822,omid:br/061703954997
oci:061804034027-0604844903,omid:br/061804034027,omid:br/0604844903
oci:061804034027-0604844904,omid:br/061804034027,omid:br/0604844904
oci:061804034027-061901461002,omid:br/061804034027,omid:br/061901461002
oci:061804034027-0604844905,omid:br/061804034027,omid:br/0604844905
oci:061804034027-0604844906,omid:br/061804034027,omid:br/0604844906
oci:061804034027-061801455658,omid:br/061804034027,omid:br/061801455658
oci:061804034027-061801456190,omid:br/061804034027,omid:br/061801456190
oci:061804034027-061801455466,omid:br/061804034027,omid:br/061801455466
oci:061804034027-062201581754,omid:br/061804034027,omid:br/062201581754
oci:061804034027-061801757297,omid:br/061804034027,omid:br/061801757297
oci:061804034027-061703954951,omid:br/061804034027,omid:br/061703954951
oci:061804034027-06220746510,omid:br/061804034027,omid:br/06220746510
oci:061804034027-061801455335,omid:br/061804034027,omid:br/061801455335
oci:061103599461-061804034802,omid:br/061103599461,omid:br/061804034802
oci:061103599461-061703954782,omid:br/061103599461,omid:br/061703954782
oci:061804033989-061801456181,omid:br/061804033989,omid:br/061801456181
oci:061804033989-0604844907,omid:br/061804033989,omid:br/0604844907
oci:061804033989-0604844908,omid:br/061804033989,omid:br/0604844908
oci:061804033989-062201581606,omid:br/061804033989,omid:br/062201581606
oci:061804033989-062203662410,omid:br/061804033989,omid:br/062203662410
oci:061804033989-062303670703,omid:br/061804033989,omid:br/062303670703
oci:061804033989-06602795517,omid:br/061804033989,omid:br/06602795517
oci:061804033989-0611095391,omid:br/061804033989,omid:br/0611095391
oci:061804033989-061904041071,omid:br/061804033989,omid:br/061904041071
oci:061804033989-061703954981,omid:br/061804033989,omid:br/061703954981
oci:061703954885-061403471702,omid:br/061703954885,omid:br/061403471702
oci:061703954885-06290297437,omid:br/061703954885,omid:br/06290297437
oci:061703954885-061804034920,omid:br/061703954885,omid:br/061804034920
oci:061703954804-0604292147,omid:br/061703954804,omid:br/0604292147
oci:061703954819-0650941439,omid:br/061703954819,omid:br/0650941439
oci:061703954819-0660935843,omid:br/061703954819,omid:br/0660935843
oci:061703954819-0660936281,omid:br/061703954819,omid:br/0660936281
oci:061703954819-0650941290,omid:br/061703954819,omid:br/0650941290
oci:061804033992-061801455708,omid:br/061804033992,omid:br/061801455708
oci:061804033992-061801455933,omid:br/061804033992,omid:br/061801455933
oci:061804033992-0604844909,omid:br/061804033992,omid:br/0604844909
oci:061804033992-0604844910,omid:br/061804033992,omid:br/0604844910
oci:061804033992-0604838516,omid:br/061804033992,omid:br/0604838516
oci:061804033992-062203662906,omid:br/061804033992,omid:br/062203662906
oci:061804033992-061903669512,omid:br/061804033992,omid:br/061903669512
oci:061804033992-06501005848,omid:br/061804033992,omid:br/06501005848
oci:061804033992-06503503770,omid:br/061804033992,omid:br/06503503770
oci:061804033992-061103736385,omid:br/061804033992,omid:br/061103736385
oci:061804033992-0604844911,omid:br/061804033992,omid:br/0604844911
oci:061703954872-061801456158,omid:br/061703954872,omid:br/061801456158
oci:061703954872-0604845091,omid:br/061703954872,omid:br/0604845091
oci:061703954872-0604845092,omid:br/061703954872,omid:br/0604845092
oci:061703954872-06380131784,omid:br/061703954872,omid:br/06380131784
oci:061703954872-0604845093,omid:br/061703954872,omid:br/0604845093
oci:061703954872-0604845094,omid:br/061703954872,omid:br/0604845094
oci:061804033962-0660860302,omid:br/061804033962,omid:br/0660860302
oci:061804033962-06404133566,omid:br/061804033962,omid:br/06404133566
oci:061804033962-061203712408,omid:br/061804033962,omid:br/061203712408
oci:061804034156-0604844922,omid:br/061804034156,omid:br/0604844922
oci:061804034156-0604844923,omid:br/061804034156,omid:br/0604844923
oci:061804034156-06504542760,omid:br/061804034156,omid:br/06504542760
oci:061804034156-061904041071,omid:br/061804034156,omid:br/061904041071
oci:061804034156-061703954981,omid:br/061804034156,omid:br/061703954981
oci:061804034156-061804033989,omid:br/061804034156,omid:br/061804033989
oci:061703954817-0630197406,omid:br/061703954817,omid:br/0630197406
oci:061703954817-06140671450,omid:br/061703954817,omid:br/06140671450
oci:061703954817-061201321424,omid:br/061703954817,omid:br/061201321424
oci:061703954817-06504621455,omid:br/061703954817,omid:br/06504621455
oci:061703954817-061201321306,omid:br/061703954817,omid:br/061201321306
oci:061804033943-0604828341,omid:br/061804033943,omid:br/0604828341
oci:061804033943-0604827487,omid:br/061804033943,omid:br/0604827487
oci:061804033943-06440290148,omid:br/061804033943,omid:br/06440290148
oci:061804033943-0604139261,omid:br/061804033943,omid:br/0604139261
oci:061804033943-06480296659,omid:br/061804033943,omid:br/06480296659
oci:061804033943-06110807068,omid:br/061804033943,omid:br/06110807068
oci:061804033943-0604844912,omid:br/061804033943,omid:br/0604844912
oci:061804033943-06440290083,omid:br/061804033943,omid:br/06440290083
oci:061804033943-061703963028,omid:br/061804033943,omid:br/061703963028
oci:061804033943-06480296286,omid:br/061804033943,omid:br/06480296286
oci:061804033943-06480296585,omid:br/061804033943,omid:br/06480296585
oci:061804033943-061303728821,omid:br/061804033943,omid:br/061303728821
oci:061804033943-062201605327,omid:br/061804033943,omid:br/062201605327
oci:061804033943-0604844913,omid:br/061804033943,omid:br/0604844913
oci:061804033943-0604844914,omid:br/061804033943,omid:br/0604844914
oci:061804033943-062201605782,omid:br/061804033943,omid:br/062201605782
oci:061804033955-06320216898,omid:br/061804033955,omid:br/06320216898
oci:061804033955-06250990888,omid:br/061804033955,omid:br/06250990888
oci:061804033955-06102319396,omid:br/061804033955,omid:br/06102319396
oci:061804033955-06260637449,omid:br/061804033955,omid:br/06260637449
oci:061804033955-06190623720,omid:br/061804033955,omid:br/06190623720
oci:061804033955-061702131085,omid:br/061804033955,omid:br/061702131085
oci:061804033955-06201004246,omid:br/061804033955,omid:br/06201004246
oci:061804033955-061703954686,omid:br/061804033955,omid:br/061703954686
oci:061804033955-061804033951,omid:br/061804033955,omid:br/061804033951
oci:061703954854-061703955223,omid:br/061703954854,omid:br/061703955223
oci:061703954854-06403498476,omid:br/061703954854,omid:br/06403498476
oci:061703954854-06503503746,omid:br/061703954854,omid:br/06503503746
oci:061703954854-06503503885,omid:br/061703954854,omid:br/06503503885
oci:061703954854-061502051640,omid:br/061703954854,omid:br/061502051640
oci:061703954854-061703954725,omid:br/061703954854,omid:br/061703954725
oci:061703954854-061703955481,omid:br/061703954854,omid:br/061703955481
oci:061703954854-061703954612,omid:br/061703954854,omid:br/061703954612
oci:061703954854-061904041373,omid:br/061703954854,omid:br/061904041373
oci:061703954854-061703954596,omid:br/061703954854,omid:br/061703954596
oci:061804034000-061802872305,omid:br/061804034000,omid:br/061802872305
oci:061804034000-061902882827,omid:br/061804034000,omid:br/061902882827
oci:061804034000-061802872431,omid:br/061804034000,omid:br/061802872431
oci:061804034000-06440304280,omid:br/061804034000,omid:br/06440304280
oci:061804034000-061303624519,omid:br/061804034000,omid:br/061303624519
oci:061804034000-061902882848,omid:br/061804034000,omid:br/061902882848
oci:061804034000-0604844915,omid:br/061804034000,omid:br/0604844915
oci:061804034000-061403911330,omid:br/061804034000,omid:br/061403911330
oci:061804034000-0604844916,omid:br/061804034000,omid:br/0604844916
oci:061804034000-0604844917,omid:br/061804034000,omid:br/0604844917
oci:061804034000-06504134727,omid:br/061804034000,omid:br/06504134727
oci:061804034000-061301642633,omid:br/061804034000,omid:br/061301642633
oci:061804034000-06404133891,omid:br/061804034000,omid:br/06404133891
oci:061804034000-06901342538,omid:br/061804034000,omid:br/06901342538
oci:061703954837-06304103876,omid:br/061703954837,omid:br/06304103876
oci:061703954837-062201202354,omid:br/061703954837,omid:br/062201202354
oci:061703954837-06180357314,omid:br/061703954837,omid:br/06180357314
oci:061703954811-061801456233,omid:br/061703954811,omid:br/061801456233
oci:061703954811-0604844933,omid:br/061703954811,omid:br/0604844933
oci:061703954811-0604844950,omid:br/061703954811,omid:br/0604844950
oci:061703954811-061801455286,omid:br/061703954811,omid:br/061801455286
oci:061703954811-061303705093,omid:br/061703954811,omid:br/061303705093
oci:061703954811-061801455756,omid:br/061703954811,omid:br/061801455756
oci:061703954811-061303705202,omid:br/061703954811,omid:br/061303705202
oci:061703954811-0604844934,omid:br/061703954811,omid:br/0604844934
oci:061703954811-061804034227,omid:br/061703954811,omid:br/061804034227
oci:061703954811-062601406833,omid:br/061703954811,omid:br/062601406833
oci:061703954811-062601407144,omid:br/061703954811,omid:br/062601407144
oci:061703954811-062501379265,omid:br/061703954811,omid:br/062501379265
oci:061703954881-06102319439,omid:br/061703954881,omid:br/06102319439
oci:061703954881-061501139789,omid:br/061703954881,omid:br/061501139789
oci:061703954881-061101138183,omid:br/061703954881,omid:br/061101138183
oci:061703954881-061401291238,omid:br/061703954881,omid:br/061401291238
oci:061703954881-061801229347,omid:br/061703954881,omid:br/061801229347
oci:061703954881-061503742028,omid:br/061703954881,omid:br/061503742028
oci:061703954881-061501352189,omid:br/061703954881,omid:br/061501352189
oci:061703954881-061502051359,omid:br/061703954881,omid:br/061502051359
oci:061703954881-061602061731,omid:br/061703954881,omid:br/061602061731
oci:061703954881-061503742209,omid:br/061703954881,omid:br/061503742209
oci:061703954881-06701045074,omid:br/061703954881,omid:br/06701045074
oci:061703954881-061401290989,omid:br/061703954881,omid:br/061401290989
oci:061703954881-062501644754,omid:br/061703954881,omid:br/062501644754
oci:061703954881-062201640670,omid:br/061703954881,omid:br/062201640670
oci:061703954881-06304004831,omid:br/061703954881,omid:br/06304004831
oci:061703954881-061201782559,omid:br/061703954881,omid:br/061201782559
oci:061703954881-062601953320,omid:br/061703954881,omid:br/062601953320
oci:061804033987-062101605223,omid:br/061804033987,omid:br/062101605223
oci:061804033987-061803499713,omid:br/061804033987,omid:br/061803499713
oci:061804034099-06104246830,omid:br/061804034099,omid:br/06104246830
oci:061804034099-06140927498,omid:br/061804034099,omid:br/06140927498
oci:061804034099-06140928251,omid:br/061804034099,omid:br/06140928251
oci:061804034099-061203583450,omid:br/061804034099,omid:br/061203583450
oci:061804034099-061202696106,omid:br/061804034099,omid:br/061202696106
oci:061804034099-06703453605,omid:br/061804034099,omid:br/06703453605
oci:061804034099-0618080595,omid:br/061804034099,omid:br/0618080595
oci:061804034099-061303694037,omid:br/061804034099,omid:br/061303694037
oci:061804034099-0610354802,omid:br/061804034099,omid:br/0610354802
oci:061804034099-061902706018,omid:br/061804034099,omid:br/061902706018
oci:061804034099-0615089152,omid:br/061804034099,omid:br/0615089152
oci:061804034099-061602709087,omid:br/061804034099,omid:br/061602709087
oci:061804034099-062202692926,omid:br/061804034099,omid:br/062202692926
oci:061804034099-069088330,omid:br/061804034099,omid:br/069088330
oci:061804034099-06170165201,omid:br/061804034099,omid:br/06170165201
oci:061703955304-06104190555,omid:br/061703955304,omid:br/06104190555
oci:061703955304-06104190295,omid:br/061703955304,omid:br/06104190295
oci:061703955304-0610346918,omid:br/061703955304,omid:br/0610346918
oci:061703955304-0650941439,omid:br/061703955304,omid:br/0650941439
oci:061703955304-061502196939,omid:br/061703955304,omid:br/061502196939
oci:061804034218-06801377368,omid:br/061804034218,omid:br/06801377368
oci:061804034218-061702055351,omid:br/061804034218,omid:br/061702055351
oci:061804034218-062404155167,omid:br/061804034218,omid:br/062404155167
oci:061804034218-061801079097,omid:br/061804034218,omid:br/061801079097
oci:061804034093-061801455341,omid:br/061804034093,omid:br/061801455341
oci:061804034093-0604844984,omid:br/061804034093,omid:br/0604844984
oci:061804034093-061701629074,omid:br/061804034093,omid:br/061701629074
oci:061804034093-0610929241,omid:br/061804034093,omid:br/0610929241
oci:061804034093-061701629107,omid:br/061804034093,omid:br/061701629107
oci:061804034093-0620320767,omid:br/061804034093,omid:br/0620320767
oci:061804034093-06204006386,omid:br/061804034093,omid:br/06204006386
oci:061804034093-061202411330,omid:br/061804034093,omid:br/061202411330
oci:061703955306-0616092858,omid:br/061703955306,omid:br/0616092858
oci:061703955306-061101165358,omid:br/061703955306,omid:br/061101165358
oci:061703955306-061303729249,omid:br/061703955306,omid:br/061303729249
oci:061703955306-06601766474,omid:br/061703955306,omid:br/06601766474
oci:061703955306-06503235549,omid:br/061703955306,omid:br/06503235549
oci:061804034215-061801455357,omid:br/061804034215,omid:br/061801455357
oci:061804034215-061801455718,omid:br/061804034215,omid:br/061801455718
oci:061804034215-0604844924,omid:br/061804034215,omid:br/0604844924
oci:061804034215-061801456095,omid:br/061804034215,omid:br/061801456095
oci:061804034215-061801456137,omid:br/061804034215,omid:br/061801456137
oci:061804033965-061402636921,omid:br/061804033965,omid:br/061402636921
oci:061804033965-0604844918,omid:br/061804033965,omid:br/0604844918
oci:061804033965-06501258576,omid:br/061804033965,omid:br/06501258576
oci:061804033965-061703955081,omid:br/061804033965,omid:br/061703955081
oci:061804034056-06130787794,omid:br/061804034056,omid:br/06130787794
oci:061804034056-061803516397,omid:br/061804034056,omid:br/061803516397
oci:061804034056-0616082181,omid:br/061804034056,omid:br/0616082181
oci:061804034056-063080283,omid:br/061804034056,omid:br/063080283
oci:061804034056-06903100668,omid:br/061804034056,omid:br/06903100668
oci:061804034056-0622076878,omid:br/061804034056,omid:br/0622076878
oci:061804034056-0626096834,omid:br/061804034056,omid:br/0626096834
oci:061804034056-061401385797,omid:br/061804034056,omid:br/061401385797
oci:061804034056-061903509177,omid:br/061804034056,omid:br/061903509177
oci:061804034056-06190358296,omid:br/061804034056,omid:br/06190358296
oci:061804034056-061804034167,omid:br/061804034056,omid:br/061804034167
oci:061804034056-061703955314,omid:br/061804034056,omid:br/061703955314
oci:061804033946-06220746643,omid:br/061804033946,omid:br/06220746643
oci:061804033946-062101225243,omid:br/061804033946,omid:br/062101225243
oci:061804033946-061403779921,omid:br/061804033946,omid:br/061403779921
oci:061804033946-061902882820,omid:br/061804033946,omid:br/061902882820
oci:061804034038-06530283793,omid:br/061804034038,omid:br/06530283793
oci:061804034197-061902882727,omid:br/061804034197,omid:br/061902882727
oci:061804034197-0604844925,omid:br/061804034197,omid:br/0604844925
oci:061804034197-06803907698,omid:br/061804034197,omid:br/06803907698
oci:061804034197-061901354016,omid:br/061804034197,omid:br/061901354016
oci:061804034197-061904041107,omid:br/061804034197,omid:br/061904041107
oci:061804034197-061804034920,omid:br/061804034197,omid:br/061804034920
oci:061804034197-061703954750,omid:br/061804034197,omid:br/061703954750
oci:061804034113-0660363282,omid:br/061804034113,omid:br/0660363282
oci:061804034113-06804532080,omid:br/061804034113,omid:br/06804532080
oci:061804034113-06170173689,omid:br/061804034113,omid:br/06170173689
oci:061804034113-062063345,omid:br/061804034113,omid:br/062063345
oci:061804034113-06120730481,omid:br/061804034113,omid:br/06120730481
oci:061804034190-06903776989,omid:br/061804034190,omid:br/06903776989
oci:061804034190-061103769483,omid:br/061804034190,omid:br/061103769483
oci:061804034190-061703954642,omid:br/061804034190,omid:br/061703954642
oci:061804034206-06250811333,omid:br/061804034206,omid:br/06250811333
oci:061804034206-06120199002,omid:br/061804034206,omid:br/06120199002
oci:061804034206-06110477002,omid:br/061804034206,omid:br/06110477002
oci:061804034206-061904041194,omid:br/061804034206,omid:br/061904041194
oci:061804034206-061904041243,omid:br/061804034206,omid:br/061904041243
oci:061804034206-061703954636,omid:br/061804034206,omid:br/061703954636
oci:061804034127-0604845056,omid:br/061804034127,omid:br/0604845056
oci:061804034127-0604845057,omid:br/061804034127,omid:br/0604845057
oci:061804034127-0604837925,omid:br/061804034127,omid:br/0604837925
oci:061804034127-06230371061,omid:br/061804034127,omid:br/06230371061
oci:061804034127-0604838348,omid:br/061804034127,omid:br/0604838348
oci:061804034127-061901460917,omid:br/061804034127,omid:br/061901460917
oci:061804034127-06230370981,omid:br/061804034127,omid:br/06230370981
oci:061804034127-0604845058,omid:br/061804034127,omid:br/0604845058
oci:061804034107-0604845068,omid:br/061804034107,omid:br/0604845068
oci:061804034107-0604844933,omid:br/061804034107,omid:br/0604844933
oci:061804034107-061801455286,omid:br/061804034107,omid:br/061801455286
oci:061804034107-0604844950,omid:br/061804034107,omid:br/0604844950
oci:061804034107-061801456233,omid:br/061804034107,omid:br/061801456233
oci:061804034107-061801456274,omid:br/061804034107,omid:br/061801456274
oci:061804034107-0604845175,omid:br/061804034107,omid:br/0604845175
oci:061804034107-0604845176,omid:br/061804034107,omid:br/0604845176
oci:061804034107-061801456070,omid:br/061804034107,omid:br/061801456070
oci:061804034107-0604844935,omid:br/061804034107,omid:br/0604844935
oci:061804034107-062103651473,omid:br/061804034107,omid:br/062103651473
oci:061804034107-06104335955,omid:br/061804034107,omid:br/06104335955
oci:061804034107-062601406833,omid:br/061804034107,omid:br/062601406833
oci:061804034107-062601407144,omid:br/061804034107,omid:br/062601407144
oci:061804034107-062501379265,omid:br/061804034107,omid:br/062501379265
oci:061804034165-061801456037,omid:br/061804034165,omid:br/061801456037
oci:061804034100-0604098207,omid:br/061804034100,omid:br/0604098207
oci:061804034100-061801455760,omid:br/061804034100,omid:br/061801455760
oci:061804034100-0690493952,omid:br/061804034100,omid:br/0690493952
oci:061804034100-061804034158,omid:br/061804034100,omid:br/061804034158
oci:061804034100-061703954833,omid:br/061804034100,omid:br/061703954833
oci:061804034100-061703955373,omid:br/061804034100,omid:br/061703955373
oci:061804034100-062202052593,omid:br/061804034100,omid:br/062202052593
oci:061804034042-0680294216,omid:br/061804034042,omid:br/0680294216
oci:061804034042-0604070782,omid:br/061804034042,omid:br/0604070782
oci:061804034042-061804034616,omid:br/061804034042,omid:br/061804034616
oci:061804034122-0650941253,omid:br/061804034122,omid:br/0650941253
oci:061804034122-0650940699,omid:br/061804034122,omid:br/0650940699
oci:061804034122-0650941353,omid:br/061804034122,omid:br/0650941353
oci:061804034122-0650941484,omid:br/061804034122,omid:br/0650941484
oci:061804034043-061703954813,omid:br/061804034043,omid:br/061703954813
oci:061804034043-061703955364,omid:br/061804034043,omid:br/061703955364
oci:061804034043-061703955377,omid:br/061804034043,omid:br/061703955377
oci:061703955319-062204054881,omid:br/061703955319,omid:br/062204054881
oci:061703955319-0620359507,omid:br/061703955319,omid:br/0620359507
oci:061703955319-061702055006,omid:br/061703955319,omid:br/061702055006
oci:061703955319-061904041158,omid:br/061703955319,omid:br/061904041158
oci:061703955319-061703954725,omid:br/061703955319,omid:br/061703954725
oci:061703955319-061804034224,omid:br/061703955319,omid:br/061804034224
oci:061703955319-061804034214,omid:br/061703955319,omid:br/061804034214
oci:061804034022-06904136939,omid:br/061804034022,omid:br/06904136939
oci:061804034022-06804532918,omid:br/061804034022,omid:br/06804532918
oci:061804034022-06804532893,omid:br/061804034022,omid:br/06804532893
oci:061804034022-06804532915,omid:br/061804034022,omid:br/06804532915
oci:061804034022-06904136936,omid:br/061804034022,omid:br/06904136936
oci:061804034022-06804532907,omid:br/061804034022,omid:br/06804532907
oci:061804034022-06904136883,omid:br/061804034022,omid:br/06904136883
oci:061804034022-061702859367,omid:br/061804034022,omid:br/061702859367
oci:061804034022-061803867877,omid:br/061804034022,omid:br/061803867877
oci:061804034022-06204172186,omid:br/061804034022,omid:br/06204172186
oci:061804034022-061801644809,omid:br/061804034022,omid:br/061801644809
oci:061804034022-062102747631,omid:br/061804034022,omid:br/062102747631
oci:061804034022-06130993764,omid:br/061804034022,omid:br/06130993764
oci:061804034022-06120988948,omid:br/061804034022,omid:br/06120988948
oci:061804034022-06403498003,omid:br/061804034022,omid:br/06403498003
oci:061804034022-0604845140,omid:br/061804034022,omid:br/0604845140
oci:061804034189-062201778640,omid:br/061804034189,omid:br/062201778640
oci:061804034189-061101799034,omid:br/061804034189,omid:br/061101799034
oci:061804034189-061903628301,omid:br/061804034189,omid:br/061903628301
oci:061804034189-062203740047,omid:br/061804034189,omid:br/062203740047
oci:061804034231-06210354146,omid:br/061804034231,omid:br/06210354146
oci:061804034231-06804113280,omid:br/061804034231,omid:br/06804113280
oci:061804034231-06604094385,omid:br/061804034231,omid:br/06604094385
oci:061804034231-061103069593,omid:br/061804034231,omid:br/061103069593
oci:061804034231-06704109426,omid:br/061804034231,omid:br/06704109426
oci:061804034231-06704108843,omid:br/061804034231,omid:br/06704108843
oci:061804034231-0631070266,omid:br/061804034231,omid:br/0631070266
oci:061804033951-06320216898,omid:br/061804033951,omid:br/06320216898
oci:061804033951-061702131085,omid:br/061804033951,omid:br/061702131085
oci:061804033951-061103762231,omid:br/061804033951,omid:br/061103762231
oci:061804033951-061703954686,omid:br/061804033951,omid:br/061703954686
oci:061703955329-0690740582,omid:br/061703955329,omid:br/0690740582
oci:061703955329-0690740575,omid:br/061703955329,omid:br/0690740575
oci:061703955329-062103487892,omid:br/061703955329,omid:br/062103487892
oci:061703955329-062103487926,omid:br/061703955329,omid:br/062103487926
oci:061703955329-0604291610,omid:br/061703955329,omid:br/0604291610
oci:061703955329-061804034213,omid:br/061703955329,omid:br/061804034213
oci:061703955310-06503504381,omid:br/061703955310,omid:br/06503504381
oci:061703955310-0604050743,omid:br/061703955310,omid:br/0604050743
oci:061703955310-06604530794,omid:br/061703955310,omid:br/06604530794
oci:061703955310-0604050734,omid:br/061703955310,omid:br/0604050734
oci:061703955310-0604050698,omid:br/061703955310,omid:br/0604050698
oci:061703955310-06604530856,omid:br/061703955310,omid:br/06604530856
oci:061804033991-061602861165,omid:br/061804033991,omid:br/061602861165
oci:061804033991-0604845141,omid:br/061804033991,omid:br/0604845141
oci:061804033991-06260421644,omid:br/061804033991,omid:br/06260421644
oci:061804033991-06110477304,omid:br/061804033991,omid:br/06110477304
oci:061804033991-0690480675,omid:br/061804033991,omid:br/0690480675
oci:061804033991-06260421969,omid:br/061804033991,omid:br/06260421969
oci:061804033991-06250405181,omid:br/061804033991,omid:br/06250405181
oci:061804033991-06260421733,omid:br/061804033991,omid:br/06260421733
oci:061804033991-06260421714,omid:br/061804033991,omid:br/06260421714
oci:061804033991-06260422238,omid:br/061804033991,omid:br/06260422238
oci:061804033991-0604838533,omid:br/061804033991,omid:br/0604838533
oci:061804033991-061602861401,omid:br/061804033991,omid:br/061602861401
oci:061804033991-061602861257,omid:br/061804033991,omid:br/061602861257
oci:061804033991-061602861643,omid:br/061804033991,omid:br/061602861643
oci:061804033991-061602861386,omid:br/061804033991,omid:br/061602861386
oci:061804033991-061602861524,omid:br/061804033991,omid:br/061602861524
oci:061804033991-0604844937,omid:br/061804033991,omid:br/0604844937
oci:061804033991-0604845142,omid:br/061804033991,omid:br/0604845142
oci:061804033991-0604845143,omid:br/061804033991,omid:br/0604845143
oci:061804033991-061602861561,omid:br/061804033991,omid:br/061602861561
oci:061804033991-0604844982,omid:br/061804033991,omid:br/0604844982
oci:061804033991-061602861557,omid:br/061804033991,omid:br/061602861557
oci:061804034213-06110899750,omid:br/061804034213,omid:br/06110899750
oci:061804034213-062502223311,omid:br/061804034213,omid:br/062502223311
oci:061804034213-06201128039,omid:br/061804034213,omid:br/06201128039
oci:061804033953-06140671637,omid:br/061804033953,omid:br/06140671637
oci:061804033953-06170447691,omid:br/061804033953,omid:br/06170447691
oci:061804033953-06150678726,omid:br/061804033953,omid:br/06150678726
oci:061804033953-0690723012,omid:br/061804033953,omid:br/0690723012
oci:061804033953-0630356493,omid:br/061804033953,omid:br/0630356493
oci:061804033953-06160990224,omid:br/061804033953,omid:br/06160990224
oci:061804033953-061103725051,omid:br/061804033953,omid:br/061103725051
oci:061804033953-0680718522,omid:br/061804033953,omid:br/0680718522
oci:061804033953-061803516348,omid:br/061804033953,omid:br/061803516348
oci:061804034225-0690740097,omid:br/061804034225,omid:br/0690740097
oci:061804034225-061103088423,omid:br/061804034225,omid:br/061103088423
oci:061804034225-061103088472,omid:br/061804034225,omid:br/061103088472
oci:061804034225-06250405177,omid:br/061804034225,omid:br/06250405177
oci:061804034225-0680733663,omid:br/061804034225,omid:br/0680733663
oci:061703954797-06260602396,omid:br/061703954797,omid:br/06260602396
oci:061703954797-06301084375,omid:br/061703954797,omid:br/06301084375
oci:061703954797-06201083189,omid:br/061703954797,omid:br/06201083189
oci:061703954797-06501714769,omid:br/061703954797,omid:br/06501714769
oci:061703954797-062303049995,omid:br/061703954797,omid:br/062303049995
oci:061703954797-06240341586,omid:br/061703954797,omid:br/06240341586
oci:061703954797-06260953073,omid:br/061703954797,omid:br/06260953073
oci:061703954797-061203483400,omid:br/061703954797,omid:br/061203483400
oci:061703954797-062302102325,omid:br/061703954797,omid:br/062302102325
oci:061703954797-061803499738,omid:br/061703954797,omid:br/061803499738
oci:061703954797-06404168970,omid:br/061703954797,omid:br/06404168970
oci:061703954797-062402215970,omid:br/061703954797,omid:br/062402215970
oci:061703954797-0640354096,omid:br/061703954797,omid:br/0640354096
oci:061703954797-06403476514,omid:br/061703954797,omid:br/06403476514
oci:061703954797-06260953052,omid:br/061703954797,omid:br/06260953052
oci:061803587386-061801455436,omid:br/061803587386,omid:br/061801455436
oci:061803587386-061701629325,omid:br/061803587386,omid:br/061701629325
oci:061803587386-061702859818,omid:br/061803587386,omid:br/061702859818
oci:061803587386-0660935551,omid:br/061803587386,omid:br/0660935551
oci:061803587386-0640937423,omid:br/061803587386,omid:br/0640937423
oci:061803587386-061801455672,omid:br/061803587386,omid:br/061801455672
oci:061804034137-061702055384,omid:br/061804034137,omid:br/061702055384
oci:061804034137-062101582707,omid:br/061804034137,omid:br/062101582707
oci:061804034137-062201581795,omid:br/061804034137,omid:br/062201581795
oci:061804034137-061302042155,omid:br/061804034137,omid:br/061302042155
oci:061804034137-062101582482,omid:br/061804034137,omid:br/062101582482
oci:061804034137-062101582682,omid:br/061804034137,omid:br/062101582682
oci:061804034137-061703954596,omid:br/061804034137,omid:br/061703954596
oci:061804034137-061703954725,omid:br/061804034137,omid:br/061703954725
oci:061703955385-06403498476,omid:br/061703955385,omid:br/06403498476
oci:061703955385-06503503746,omid:br/061703955385,omid:br/06503503746
oci:061703955385-06260882358,omid:br/061703955385,omid:br/06260882358
oci:061703955385-06801062905,omid:br/061703955385,omid:br/06801062905
oci:061703955385-061703954854,omid:br/061703955385,omid:br/061703954854
oci:061703955385-061703954725,omid:br/061703955385,omid:br/061703954725
oci:061804034031-0604845144,omid:br/061804034031,omid:br/0604845144
oci:061804034031-06290297599,omid:br/061804034031,omid:br/06290297599
oci:061804034031-06290297344,omid:br/061804034031,omid:br/06290297344
oci:061804034031-0604845145,omid:br/061804034031,omid:br/0604845145
oci:061804034031-06280307419,omid:br/061804034031,omid:br/06280307419
oci:061804034031-06280307502,omid:br/061804034031,omid:br/06280307502
oci:061804034031-0604844925,omid:br/061804034031,omid:br/0604844925
oci:061804034031-0610414284,omid:br/061804034031,omid:br/0610414284
oci:061804034031-06504049451,omid:br/061804034031,omid:br/06504049451
oci:061804034031-0650353290,omid:br/061804034031,omid:br/0650353290
oci:061804034031-061804034639,omid:br/061804034031,omid:br/061804034639
oci:061804034031-061703954724,omid:br/061804034031,omid:br/061703954724
oci:061804034031-0604845075,omid:br/061804034031,omid:br/0604845075
oci:061804034031-061904041341,omid:br/061804034031,omid:br/061904041341
oci:061804034031-061904041056,omid:br/061804034031,omid:br/061904041056
oci:061804034031-061703954771,omid:br/061804034031,omid:br/061703954771
oci:061804034031-061703955019,omid:br/061804034031,omid:br/061703955019
oci:061804034168-0640172422,omid:br/061804034168,omid:br/0640172422
oci:061804034168-0660920860,omid:br/061804034168,omid:br/0660920860
oci:061804034168-06140727610,omid:br/061804034168,omid:br/06140727610
oci:061804034168-0604844919,omid:br/061804034168,omid:br/0604844919
oci:061804034168-06250404994,omid:br/061804034168,omid:br/06250404994
oci:061804034168-06250404966,omid:br/061804034168,omid:br/06250404966
oci:061804034168-0690740135,omid:br/061804034168,omid:br/0690740135
oci:061804034168-0690740247,omid:br/061804034168,omid:br/0690740247
oci:061804034168-0680733961,omid:br/061804034168,omid:br/0680733961
oci:061804034168-06140552519,omid:br/061804034168,omid:br/06140552519
oci:061804034168-061804034213,omid:br/061804034168,omid:br/061804034213
oci:061804034075-0604845059,omid:br/061804034075,omid:br/0604845059
oci:061804034075-061902882727,omid:br/061804034075,omid:br/061902882727
oci:061804034075-06230234010,omid:br/061804034075,omid:br/06230234010
oci:061804034075-06803895404,omid:br/061804034075,omid:br/06803895404
oci:061804034075-06501714769,omid:br/061804034075,omid:br/06501714769
oci:061804034075-061703954797,omid:br/061804034075,omid:br/061703954797
oci:061703955345-061204056064,omid:br/061703955345,omid:br/061204056064
oci:061703955345-0660935843,omid:br/061703955345,omid:br/0660935843
oci:061703955345-0660935583,omid:br/061703955345,omid:br/0660935583
oci:061804034204-061902882385,omid:br/061804034204,omid:br/061902882385
oci:061804034204-0630801951,omid:br/061804034204,omid:br/0630801951
oci:061804034204-061902882979,omid:br/061804034204,omid:br/061902882979
oci:061804034204-0604844920,omid:br/061804034204,omid:br/0604844920
oci:061804034204-061802872556,omid:br/061804034204,omid:br/061802872556
oci:061703954809-06404543604,omid:br/061703954809,omid:br/06404543604
oci:061703954809-06704508852,omid:br/061703954809,omid:br/06704508852
oci:061703954809-061701629649,omid:br/061703954809,omid:br/061701629649
oci:061804034083-062403880832,omid:br/061804034083,omid:br/062403880832
oci:061804034083-061103512092,omid:br/061804034083,omid:br/061103512092
oci:061804034083-061403484238,omid:br/061804034083,omid:br/061403484238
oci:061804034083-06240477573,omid:br/061804034083,omid:br/06240477573
oci:061804034083-061203712522,omid:br/061804034083,omid:br/061203712522
oci:061804034083-06140348153,omid:br/061804034083,omid:br/06140348153
oci:061804034083-061401408424,omid:br/061804034083,omid:br/061401408424
oci:061804034083-061103696140,omid:br/061804034083,omid:br/061103696140
oci:061804034083-061201321399,omid:br/061804034083,omid:br/061201321399
oci:061804034083-061201321429,omid:br/061804034083,omid:br/061201321429
oci:061804034083-061201247032,omid:br/061804034083,omid:br/061201247032
oci:061804034083-061203713068,omid:br/061804034083,omid:br/061203713068
oci:061804034110-06304008049,omid:br/061804034110,omid:br/06304008049
oci:061804034110-06160354463,omid:br/061804034110,omid:br/06160354463
oci:061804034110-061203712982,omid:br/061804034110,omid:br/061203712982
oci:061804034110-061101176531,omid:br/061804034110,omid:br/061101176531
oci:061804034110-06220467183,omid:br/061804034110,omid:br/06220467183
oci:061804034110-06270268889,omid:br/061804034110,omid:br/06270268889
oci:061804034110-06260371566,omid:br/061804034110,omid:br/06260371566
oci:061804034110-0610414574,omid:br/061804034110,omid:br/0610414574
oci:061804034110-061101183011,omid:br/061804034110,omid:br/061101183011
oci:061804034110-061602861525,omid:br/061804034110,omid:br/061602861525
oci:061804034141-062303863998,omid:br/061804034141,omid:br/062303863998
oci:061804034141-06901892611,omid:br/061804034141,omid:br/06901892611
oci:061804034141-062103683368,omid:br/061804034141,omid:br/062103683368
oci:061804034141-061701265715,omid:br/061804034141,omid:br/061701265715
oci:061804034141-061701265680,omid:br/061804034141,omid:br/061701265680
oci:061804034141-061901371175,omid:br/061804034141,omid:br/061901371175
oci:061804034141-06901343350,omid:br/061804034141,omid:br/06901343350
oci:061804034141-06703154286,omid:br/061804034141,omid:br/06703154286
oci:061804034074-062503506097,omid:br/061804034074,omid:br/062503506097
oci:061804034074-06220466825,omid:br/061804034074,omid:br/06220466825
oci:061804034074-06210473230,omid:br/061804034074,omid:br/06210473230
oci:061804034074-06260421958,omid:br/061804034074,omid:br/06260421958
oci:061804034074-06260421988,omid:br/061804034074,omid:br/06260421988
oci:061804034074-06260422576,omid:br/061804034074,omid:br/06260422576
oci:061804034074-061701629332,omid:br/061804034074,omid:br/061701629332
oci:061804034074-0620405805,omid:br/061804034074,omid:br/0620405805
oci:061804034074-062501223289,omid:br/061804034074,omid:br/062501223289
oci:061804034074-061503742180,omid:br/061804034074,omid:br/061503742180
oci:061804034074-0616076048,omid:br/061804034074,omid:br/0616076048
oci:061804034074-06220466824,omid:br/061804034074,omid:br/06220466824
oci:061804034074-061703955353,omid:br/061804034074,omid:br/061703955353
oci:061703955366-0660935843,omid:br/061703955366,omid:br/0660935843
oci:061703955366-0660935583,omid:br/061703955366,omid:br/0660935583
oci:061703954841-061703955403,omid:br/061703954841,omid:br/061703955403
oci:061703954841-06604530695,omid:br/061703954841,omid:br/06604530695
oci:061703954841-06504543016,omid:br/061703954841,omid:br/06504543016
oci:061703954841-06402877668,omid:br/061703954841,omid:br/06402877668
oci:061703954841-061302041863,omid:br/061703954841,omid:br/061302041863
oci:061703954841-06260953144,omid:br/061703954841,omid:br/06260953144
oci:061703954841-06260953363,omid:br/061703954841,omid:br/06260953363
oci:061703954841-061703955429,omid:br/061703954841,omid:br/061703955429
oci:061804034108-0690740107,omid:br/061804034108,omid:br/0690740107
oci:061804034066-06440290657,omid:br/061804034066,omid:br/06440290657
oci:061804034066-061901460923,omid:br/061804034066,omid:br/061901460923
oci:061804034066-06340276991,omid:br/061804034066,omid:br/06340276991
oci:061804034066-062201605511,omid:br/061804034066,omid:br/062201605511
oci:061804034066-06501565346,omid:br/061804034066,omid:br/06501565346
oci:061804034066-062402128268,omid:br/061804034066,omid:br/062402128268
oci:061804034066-062101605427,omid:br/061804034066,omid:br/062101605427
oci:061804034066-0640938310,omid:br/061804034066,omid:br/0640938310
oci:061804034030-061302700694,omid:br/061804034030,omid:br/061302700694
oci:061804034030-061403704966,omid:br/061804034030,omid:br/061403704966
oci:061804034030-0650940488,omid:br/061804034030,omid:br/0650940488
oci:061804034030-0650941439,omid:br/061804034030,omid:br/0650941439
oci:061804034030-0660935474,omid:br/061804034030,omid:br/0660935474
oci:061703954808-061701265823,omid:br/061703954808,omid:br/061701265823
oci:061703954808-061103805590,omid:br/061703954808,omid:br/061103805590
oci:061703954808-062072165,omid:br/061703954808,omid:br/062072165
oci:061703954808-0604845104,omid:br/061703954808,omid:br/0604845104
oci:061804034207-06602499670,omid:br/061804034207,omid:br/06602499670
oci:061804034207-0660901575,omid:br/061804034207,omid:br/0660901575
oci:061804034207-0660170351,omid:br/061804034207,omid:br/0660170351
oci:061804034207-06502134064,omid:br/061804034207,omid:br/06502134064
oci:061804034045-0604845055,omid:br/061804034045,omid:br/0604845055
oci:061804034045-06510303063,omid:br/061804034045,omid:br/06510303063
oci:061804034045-061902882708,omid:br/061804034045,omid:br/061902882708
oci:061804034045-06404310484,omid:br/061804034045,omid:br/06404310484
oci:061804034045-062304037245,omid:br/061804034045,omid:br/062304037245
oci:061804034045-061701629464,omid:br/061804034045,omid:br/061701629464
oci:061804034045-06702409994,omid:br/061804034045,omid:br/06702409994
oci:061804034045-06303526728,omid:br/061804034045,omid:br/06303526728
oci:061804034045-061103116190,omid:br/061804034045,omid:br/061103116190
oci:061703955323-06260421988,omid:br/061703955323,omid:br/06260421988
oci:061703955323-06260421923,omid:br/061703955323,omid:br/06260421923
oci:061703955323-06260421958,omid:br/061703955323,omid:br/06260421958
oci:061703955323-0690480639,omid:br/061703955323,omid:br/0690480639
oci:061703955323-06260421969,omid:br/061703955323,omid:br/06260421969
oci:061703955323-06250405181,omid:br/061703955323,omid:br/06250405181
oci:061703955323-062101581989,omid:br/061703955323,omid:br/062101581989
oci:061703955323-0650940978,omid:br/061703955323,omid:br/0650940978
oci:061703955323-0640937930,omid:br/061703955323,omid:br/0640937930
oci:061703955323-0660936187,omid:br/061703955323,omid:br/0660936187
oci:061703955323-0604845163,omid:br/061703955323,omid:br/0604845163
oci:061703955323-0604845164,omid:br/061703955323,omid:br/0604845164
oci:061703955323-061602861250,omid:br/061703955323,omid:br/061602861250
oci:061804034117-06501498866,omid:br/061804034117,omid:br/06501498866
oci:061804034117-06401495665,omid:br/061804034117,omid:br/06401495665
oci:061804034117-0610882251,omid:br/061804034117,omid:br/0610882251
oci:061804034117-061802872643,omid:br/061804034117,omid:br/061802872643
oci:061804034117-061802872576,omid:br/061804034117,omid:br/061802872576
oci:061804034117-061902882798,omid:br/061804034117,omid:br/061902882798
oci:061703955377-0660936326,omid:br/061703955377,omid:br/0660936326
oci:061703955377-0660935952,omid:br/061703955377,omid:br/0660935952
oci:061703955377-06210337591,omid:br/061703955377,omid:br/06210337591
oci:061703955377-0650941439,omid:br/061703955377,omid:br/0650941439
oci:061703954833-0604844939,omid:br/061703954833,omid:br/0604844939
oci:061703954833-061602882245,omid:br/061703954833,omid:br/061602882245
oci:061703954833-061801455760,omid:br/061703954833,omid:br/061801455760
oci:061703954833-06202305513,omid:br/061703954833,omid:br/06202305513
oci:061703954833-061601579532,omid:br/061703954833,omid:br/061601579532
oci:061703954833-061103805164,omid:br/061703954833,omid:br/061103805164
oci:061703954833-06202305388,omid:br/061703954833,omid:br/06202305388
oci:061703954833-06202305120,omid:br/061703954833,omid:br/06202305120
oci:061703954833-0604844938,omid:br/061703954833,omid:br/0604844938
oci:061703954833-061804034158,omid:br/061703954833,omid:br/061804034158
oci:061804034072-06230371014,omid:br/061804034072,omid:br/06230371014
oci:061804034072-06230371158,omid:br/061804034072,omid:br/06230371158
oci:061804034210-061804034674,omid:br/061804034210,omid:br/061804034674
oci:061804034210-0604844926,omid:br/061804034210,omid:br/0604844926
oci:061804034210-061801456190,omid:br/061804034210,omid:br/061801456190
oci:061804034210-06504636868,omid:br/061804034210,omid:br/06504636868
oci:061804034210-061901461002,omid:br/061804034210,omid:br/061901461002
oci:061804034210-0640937933,omid:br/061804034210,omid:br/0640937933
oci:061804034210-06303498323,omid:br/061804034210,omid:br/06303498323
oci:061804034210-0604844927,omid:br/061804034210,omid:br/0604844927
oci:061804034210-0604844928,omid:br/061804034210,omid:br/0604844928
oci:061804034210-061801455445,omid:br/061804034210,omid:br/061801455445
oci:061804034210-061703954953,omid:br/061804034210,omid:br/061703954953
oci:061804034046-06230625272,omid:br/061804034046,omid:br/06230625272
oci:061804034046-06240608917,omid:br/061804034046,omid:br/06240608917
oci:061804034046-06240609420,omid:br/061804034046,omid:br/06240609420
oci:061804034046-06190624554,omid:br/061804034046,omid:br/06190624554
oci:061804034046-061603675392,omid:br/061804034046,omid:br/061603675392
oci:061804034046-06170620008,omid:br/061804034046,omid:br/06170620008
oci:061804034046-061503630736,omid:br/061804034046,omid:br/061503630736
oci:061804034046-06402140244,omid:br/061804034046,omid:br/06402140244
oci:061804034046-0680625868,omid:br/061804034046,omid:br/0680625868
oci:061804034046-061301784371,omid:br/061804034046,omid:br/061301784371
oci:061804034046-062101290019,omid:br/061804034046,omid:br/062101290019
oci:061804034046-06502134064,omid:br/061804034046,omid:br/06502134064
oci:061804034046-06502134482,omid:br/061804034046,omid:br/06502134482
oci:061804034002-061801455705,omid:br/061804034002,omid:br/061801455705
oci:061804034002-0604844945,omid:br/061804034002,omid:br/0604844945
oci:061804034002-06190917110,omid:br/061804034002,omid:br/06190917110
oci:061804034002-06204597588,omid:br/061804034002,omid:br/06204597588
oci:061804034002-06204597589,omid:br/061804034002,omid:br/06204597589
oci:061804034002-061901461010,omid:br/061804034002,omid:br/061901461010
oci:061804034167-0640353240,omid:br/061804034167,omid:br/0640353240
oci:061804034167-0604844921,omid:br/061804034167,omid:br/0604844921
oci:061804034167-061502405841,omid:br/061804034167,omid:br/061502405841
oci:061804034167-06703477193,omid:br/061804034167,omid:br/06703477193
oci:061804034167-062403880832,omid:br/061804034167,omid:br/062403880832
oci:061804034167-061103512092,omid:br/061804034167,omid:br/061103512092
oci:061804034167-061401385797,omid:br/061804034167,omid:br/061401385797
oci:061804034167-061602861221,omid:br/061804034167,omid:br/061602861221
oci:061703955333-06260110283,omid:br/061703955333,omid:br/06260110283
oci:061703955333-061903669691,omid:br/061703955333,omid:br/061903669691
oci:061804033966-0604845011,omid:br/061804033966,omid:br/0604845011
oci:061804033966-061901460980,omid:br/061804033966,omid:br/061901460980
oci:061804033966-061801455942,omid:br/061804033966,omid:br/061801455942
oci:061804033966-061801455646,omid:br/061804033966,omid:br/061801455646
oci:061804033966-0604845001,omid:br/061804033966,omid:br/0604845001
oci:061804034052-061104172739,omid:br/061804034052,omid:br/061104172739
oci:061804034052-061303572701,omid:br/061804034052,omid:br/061303572701
oci:061804034052-06603521070,omid:br/061804034052,omid:br/06603521070
oci:061804034052-06703507333,omid:br/061804034052,omid:br/06703507333
oci:061804034052-06140836477,omid:br/061804034052,omid:br/06140836477
oci:061804034052-061503741709,omid:br/061804034052,omid:br/061503741709
oci:061804034052-0680252211,omid:br/061804034052,omid:br/0680252211
oci:061804034052-06102627521,omid:br/061804034052,omid:br/06102627521
oci:061804034052-06401667864,omid:br/061804034052,omid:br/06401667864
oci:061804034052-0610213437,omid:br/061804034052,omid:br/0610213437
oci:061703954882-062201778640,omid:br/061703954882,omid:br/062201778640
oci:061703954882-061101799034,omid:br/061703954882,omid:br/061101799034
oci:061703954882-061903628301,omid:br/061703954882,omid:br/061903628301
oci:061703954882-061103646316,omid:br/061703954882,omid:br/061103646316
oci:061703954882-061804034189,omid:br/061703954882,omid:br/061804034189
oci:061703954882-061804034773,omid:br/061703954882,omid:br/061804034773
oci:061804034232-0604844929,omid:br/061804034232,omid:br/0604844929
oci:061804034232-061801456174,omid:br/061804034232,omid:br/061801456174
oci:061804034232-0604844930,omid:br/061804034232,omid:br/0604844930
oci:061804034232-06430303221,omid:br/061804034232,omid:br/06430303221
oci:061804034232-061801455332,omid:br/061804034232,omid:br/061801455332
oci:061804034232-0604844931,omid:br/061804034232,omid:br/0604844931
oci:061804034232-061302042087,omid:br/061804034232,omid:br/061302042087
oci:061804034232-062404155167,omid:br/061804034232,omid:br/062404155167
oci:061804034232-062302133425,omid:br/061804034232,omid:br/062302133425
oci:061804034232-06210596408,omid:br/061804034232,omid:br/06210596408
oci:061804034232-061703955459,omid:br/061804034232,omid:br/061703955459
oci:061804034232-0604844932,omid:br/061804034232,omid:br/0604844932
oci:061804034232-062201081994,omid:br/061804034232,omid:br/062201081994
oci:061804034088-061203645956,omid:br/061804034088,omid:br/061203645956
oci:061804034088-061103646835,omid:br/061804034088,omid:br/061103646835
oci:061804034088-06404047117,omid:br/061804034088,omid:br/06404047117
oci:061804034088-061602061731,omid:br/061804034088,omid:br/061602061731
oci:061804034088-061502051359,omid:br/061804034088,omid:br/061502051359
oci:061804034088-061703954881,omid:br/061804034088,omid:br/061703954881
oci:061703954862-06180198208,omid:br/061703954862,omid:br/06180198208
oci:061703954862-06502485878,omid:br/061703954862,omid:br/06502485878
oci:061703954862-06301331643,omid:br/061703954862,omid:br/06301331643
oci:061703954862-061901370664,omid:br/061703954862,omid:br/061901370664
oci:061703954862-06601336981,omid:br/061703954862,omid:br/06601336981
oci:061703954862-06220738288,omid:br/061703954862,omid:br/06220738288
oci:061703954862-06701107087,omid:br/061703954862,omid:br/06701107087
oci:061703954862-0680558117,omid:br/061703954862,omid:br/0680558117
oci:061703954862-061203771008,omid:br/061703954862,omid:br/061203771008
oci:061703954862-06902461411,omid:br/061703954862,omid:br/06902461411
oci:061703954862-062101736624,omid:br/061703954862,omid:br/062101736624
oci:061703954862-061401871817,omid:br/061703954862,omid:br/061401871817
oci:061703954862-061502237213,omid:br/061703954862,omid:br/061502237213
oci:061703955356-0604845166,omid:br/061703955356,omid:br/0604845166
oci:061703955356-06410234549,omid:br/061703955356,omid:br/06410234549
oci:061703955356-061602861425,omid:br/061703955356,omid:br/061602861425
oci:061703955356-0690480339,omid:br/061703955356,omid:br/0690480339
oci:061703955356-06230969244,omid:br/061703955356,omid:br/06230969244
oci:061703955356-06260422231,omid:br/061703955356,omid:br/06260422231
oci:061703955356-06230969748,omid:br/061703955356,omid:br/06230969748
oci:061703955356-062103691252,omid:br/061703955356,omid:br/062103691252
oci:061703955356-0604845167,omid:br/061703955356,omid:br/0604845167
oci:061703955356-0604845168,omid:br/061703955356,omid:br/0604845168
oci:061703955356-0604845169,omid:br/061703955356,omid:br/0604845169
oci:061703955356-0604845170,omid:br/061703955356,omid:br/0604845170
oci:061703955356-061602861157,omid:br/061703955356,omid:br/061602861157
oci:061804034114-0650941373,omid:br/061804034114,omid:br/0650941373
oci:061804034114-0660936077,omid:br/061804034114,omid:br/0660936077
oci:061804034114-0660935542,omid:br/061804034114,omid:br/0660935542
oci:061804034114-061103633033,omid:br/061804034114,omid:br/061103633033
oci:061804034143-061101379415,omid:br/061804034143,omid:br/061101379415
oci:061804034143-06101597128,omid:br/061804034143,omid:br/06101597128
oci:061804034143-06701568589,omid:br/061804034143,omid:br/06701568589
oci:061804034143-06470285278,omid:br/061804034143,omid:br/06470285278
oci:061804034143-06410234079,omid:br/061804034143,omid:br/06410234079
oci:061804034143-062602777304,omid:br/061804034143,omid:br/062602777304
oci:061804034143-062101605427,omid:br/061804034143,omid:br/062101605427
oci:061804034143-06203169763,omid:br/061804034143,omid:br/06203169763
oci:061804034143-061101094588,omid:br/061804034143,omid:br/061101094588
oci:061804034143-061201081598,omid:br/061804034143,omid:br/061201081598
oci:061703955343-061602861623,omid:br/061703955343,omid:br/061602861623
oci:061703955343-061602861373,omid:br/061703955343,omid:br/061602861373
oci:061703955343-062201581419,omid:br/061703955343,omid:br/062201581419
oci:061703955343-06260421917,omid:br/061703955343,omid:br/06260421917
oci:061703955343-06260422262,omid:br/061703955343,omid:br/06260422262
oci:061703955343-061602861224,omid:br/061703955343,omid:br/061602861224
oci:061703955343-061602861258,omid:br/061703955343,omid:br/061602861258
oci:061703955343-061602861166,omid:br/061703955343,omid:br/061602861166
oci:061703955343-061602861482,omid:br/061703955343,omid:br/061602861482
oci:061703955343-061602861233,omid:br/061703955343,omid:br/061602861233
oci:061703955343-061602861400,omid:br/061703955343,omid:br/061602861400
oci:061703955343-0604845173,omid:br/061703955343,omid:br/0604845173
oci:061703955343-0604845174,omid:br/061703955343,omid:br/0604845174
oci:061703955386-06240410400,omid:br/061703955386,omid:br/06240410400
oci:061703955386-06504542540,omid:br/061703955386,omid:br/06504542540
oci:061703955386-06804532740,omid:br/061703955386,omid:br/06804532740
oci:061804034227-061801455286,omid:br/061804034227,omid:br/061801455286
oci:061804034227-0604844933,omid:br/061804034227,omid:br/0604844933
oci:061804034227-061801455756,omid:br/061804034227,omid:br/061801455756
oci:061804034227-0604844934,omid:br/061804034227,omid:br/0604844934
oci:061804034227-0604844935,omid:br/061804034227,omid:br/0604844935
oci:061703955382-0604844996,omid:br/061703955382,omid:br/0604844996
oci:061703955382-062201582423,omid:br/061703955382,omid:br/062201582423
oci:061703955382-0650158180,omid:br/061703955382,omid:br/0650158180
oci:061703955382-06130613895,omid:br/061703955382,omid:br/06130613895
oci:061703955382-061703782497,omid:br/061703955382,omid:br/061703782497
oci:061703955382-06503024839,omid:br/061703955382,omid:br/06503024839
oci:061703955382-06503024705,omid:br/061703955382,omid:br/06503024705
oci:061703955382-06301205572,omid:br/061703955382,omid:br/06301205572
oci:061703955382-062304178737,omid:br/061703955382,omid:br/062304178737
oci:061703955382-061702859572,omid:br/061703955382,omid:br/061702859572
oci:061804033993-06260432210,omid:br/061804033993,omid:br/06260432210
oci:061804033993-06503024777,omid:br/061804033993,omid:br/06503024777
oci:061804033993-061901648112,omid:br/061804033993,omid:br/061901648112
oci:061804033993-062501033952,omid:br/061804033993,omid:br/062501033952
oci:061804033993-0604845146,omid:br/061804033993,omid:br/0604845146
oci:061804034160-06270315606,omid:br/061804034160,omid:br/06270315606
oci:061804034160-065070689,omid:br/061804034160,omid:br/065070689
oci:061804034160-0620405784,omid:br/061804034160,omid:br/0620405784
oci:061804034155-061802872623,omid:br/061804034155,omid:br/061802872623
oci:061804034155-062403880832,omid:br/061804034155,omid:br/062403880832
oci:061804034155-061701265653,omid:br/061804034155,omid:br/061701265653
oci:061804034155-06250481561,omid:br/061804034155,omid:br/06250481561
oci:061804034155-061203713134,omid:br/061804034155,omid:br/061203713134
oci:061804034155-061103512092,omid:br/061804034155,omid:br/061103512092
oci:061804034155-062403112570,omid:br/061804034155,omid:br/062403112570
oci:061703955316-06220467227,omid:br/061703955316,omid:br/06220467227
oci:061703955316-06220466737,omid:br/061703955316,omid:br/06220466737
oci:061703955316-06801416065,omid:br/061703955316,omid:br/06801416065
oci:061703955316-0620405836,omid:br/061703955316,omid:br/0620405836
oci:061703955316-061103088546,omid:br/061703955316,omid:br/061103088546
oci:061703955316-0610415074,omid:br/061703955316,omid:br/0610415074
oci:061703955316-06103308162,omid:br/061703955316,omid:br/06103308162
oci:061804034009-06250788412,omid:br/061804034009,omid:br/06250788412
oci:061804034009-06603907775,omid:br/061804034009,omid:br/06603907775
oci:061804034009-061703954630,omid:br/061804034009,omid:br/061703954630
oci:061804033999-06104556918,omid:br/061804033999,omid:br/06104556918
oci:061804033999-061801456190,omid:br/061804033999,omid:br/061801456190
oci:061804033999-061704070300,omid:br/061804033999,omid:br/061704070300
oci:061804033999-06370312145,omid:br/061804033999,omid:br/06370312145
oci:061804033999-061503635734,omid:br/061804033999,omid:br/061503635734
oci:061804033999-061302042087,omid:br/061804033999,omid:br/061302042087
oci:061804033999-061102058164,omid:br/061804033999,omid:br/061102058164
oci:061804033999-06403498582,omid:br/061804033999,omid:br/06403498582
oci:061804033999-061702055151,omid:br/061804033999,omid:br/061702055151
oci:061804033999-061202040994,omid:br/061804033999,omid:br/061202040994
oci:061804033999-0604845147,omid:br/061804033999,omid:br/0604845147
oci:061804033999-0604845148,omid:br/061804033999,omid:br/0604845148
oci:061804033999-0604845149,omid:br/061804033999,omid:br/0604845149
oci:061804033999-0604845150,omid:br/061804033999,omid:br/0604845150
oci:061804033999-0604845151,omid:br/061804033999,omid:br/0604845151
oci:061804034010-061303995798,omid:br/061804034010,omid:br/061303995798
oci:061804034010-06404105159,omid:br/061804034010,omid:br/06404105159
oci:061804034010-061904041206,omid:br/061804034010,omid:br/061904041206
oci:061804033964-06104245993,omid:br/061804033964,omid:br/06104245993
oci:061804033964-061503741664,omid:br/061804033964,omid:br/061503741664
oci:061804033964-0610905816,omid:br/061804033964,omid:br/0610905816
oci:061804033964-062201222610,omid:br/061804033964,omid:br/062201222610
oci:061804033964-061101654451,omid:br/061804033964,omid:br/061101654451
oci:061804033964-061702859667,omid:br/061804033964,omid:br/061702859667
oci:061804034068-061902882727,omid:br/061804034068,omid:br/061902882727
oci:061804034068-06260421865,omid:br/061804034068,omid:br/06260421865
oci:061804034068-06260421610,omid:br/061804034068,omid:br/06260421610
oci:061804034068-0690480606,omid:br/061804034068,omid:br/0690480606
oci:061804034068-06110477467,omid:br/061804034068,omid:br/06110477467
oci:061804034068-062103691438,omid:br/061804034068,omid:br/062103691438
oci:061804034068-061901353595,omid:br/061804034068,omid:br/061901353595
oci:061804034068-061901354080,omid:br/061804034068,omid:br/061901354080
oci:061804034068-061403644167,omid:br/061804034068,omid:br/061403644167
oci:061804034068-06501714769,omid:br/061804034068,omid:br/06501714769
oci:061804034068-0690480715,omid:br/061804034068,omid:br/0690480715
oci:061804034068-06203482877,omid:br/061804034068,omid:br/06203482877
oci:061804034068-06301515512,omid:br/061804034068,omid:br/06301515512
oci:061804034068-06704467783,omid:br/061804034068,omid:br/06704467783
oci:061804034068-061702631235,omid:br/061804034068,omid:br/061702631235
oci:061804034068-061703954797,omid:br/061804034068,omid:br/061703954797
oci:0604310015-06202221173,omid:br/0604310015,omid:br/06202221173
oci:0604310004-06401540456,omid:br/0604310004,omid:br/06401540456
oci:0604310014-0604310018,omid:br/0604310014,omid:br/0604310018
oci:0604310018-06801528999,omid:br/0604310018,omid:br/06801528999
oci:0604310018-061801790613,omid:br/0604310018,omid:br/061801790613
oci:0604310063-0604376001,omid:br/0604310063,omid:br/0604376001
oci:061804034473-06140927969,omid:br/061804034473,omid:br/06140927969
oci:061804034473-06110933732,omid:br/061804034473,omid:br/06110933732
oci:061804034473-0604844955,omid:br/061804034473,omid:br/0604844955
oci:061804034473-06703453605,omid:br/061804034473,omid:br/06703453605
oci:061804034477-0604838536,omid:br/061804034477,omid:br/0604838536
oci:061804034477-06270478845,omid:br/061804034477,omid:br/06270478845
oci:061804034477-0604844962,omid:br/061804034477,omid:br/0604844962
oci:061804034477-061801456159,omid:br/061804034477,omid:br/061801456159
oci:061804034412-061804034213,omid:br/061804034412,omid:br/061804034213
oci:061804034412-061703955329,omid:br/061804034412,omid:br/061703955329
oci:061804034501-06250481412,omid:br/061804034501,omid:br/06250481412
oci:061804034422-061803499738,omid:br/061804034422,omid:br/061803499738
oci:061804034422-061804034888,omid:br/061804034422,omid:br/061804034888
oci:061804034422-061804034075,omid:br/061804034422,omid:br/061804034075
oci:061804034422-061703955145,omid:br/061804034422,omid:br/061703955145
oci:061804034459-064704990,omid:br/061804034459,omid:br/064704990
oci:061804034459-0604844957,omid:br/061804034459,omid:br/0604844957
oci:061804034459-061801456266,omid:br/061804034459,omid:br/061801456266
oci:061804034459-06401067676,omid:br/061804034459,omid:br/06401067676
oci:061804034459-061801455646,omid:br/061804034459,omid:br/061801455646
oci:061804034459-061801455417,omid:br/061804034459,omid:br/061801455417
oci:061804034459-061801455846,omid:br/061804034459,omid:br/061801455846
oci:061804034459-061801455494,omid:br/061804034459,omid:br/061801455494
oci:061804034425-062501352233,omid:br/061804034425,omid:br/062501352233
oci:061804034425-06230533667,omid:br/061804034425,omid:br/06230533667
oci:061804034425-061703955145,omid:br/061804034425,omid:br/061703955145
oci:061804034425-061703954554,omid:br/061804034425,omid:br/061703954554
oci:061804034425-061804034321,omid:br/061804034425,omid:br/061804034321
oci:061804034425-061703954546,omid:br/061804034425,omid:br/061703954546
oci:061804034441-0640353991,omid:br/061804034441,omid:br/0640353991
oci:061804034441-061503704007,omid:br/061804034441,omid:br/061503704007
oci:061804034441-06160351170,omid:br/061804034441,omid:br/06160351170
oci:061804034441-06120667877,omid:br/061804034441,omid:br/06120667877
oci:061804034450-0670174980,omid:br/061804034450,omid:br/0670174980
oci:061804034450-0640353991,omid:br/061804034450,omid:br/0640353991
oci:061804034450-061803119682,omid:br/061804034450,omid:br/061803119682
oci:061804034450-06150349698,omid:br/061804034450,omid:br/06150349698
oci:061804034450-06160351170,omid:br/061804034450,omid:br/06160351170
oci:061804034452-061804034108,omid:br/061804034452,omid:br/061804034108
oci:061804034452-061804034064,omid:br/061804034452,omid:br/061804034064
oci:061804034485-06503557892,omid:br/061804034485,omid:br/06503557892
oci:061804034485-06240738744,omid:br/061804034485,omid:br/06240738744
oci:061804034485-06140671541,omid:br/061804034485,omid:br/06140671541
oci:061804034485-062303056137,omid:br/061804034485,omid:br/062303056137
oci:061804034485-061203779693,omid:br/061804034485,omid:br/061203779693
oci:061804034414-061304026273,omid:br/061804034414,omid:br/061304026273
oci:061804034414-06150404684,omid:br/061804034414,omid:br/06150404684
oci:061804034414-06250989419,omid:br/061804034414,omid:br/06250989419
oci:061804034444-061901460989,omid:br/061804034444,omid:br/061901460989
oci:061804034444-061801455526,omid:br/061804034444,omid:br/061801455526
oci:061804034444-0604844956,omid:br/061804034444,omid:br/0604844956
oci:061804034444-061801455646,omid:br/061804034444,omid:br/061801455646
oci:061804034444-061801455417,omid:br/061804034444,omid:br/061801455417
oci:061804034444-0604844957,omid:br/061804034444,omid:br/0604844957
oci:061804034444-061801455816,omid:br/061804034444,omid:br/061801455816
oci:061804034444-0604844958,omid:br/061804034444,omid:br/0604844958
oci:061804034444-0604844959,omid:br/061804034444,omid:br/0604844959
oci:061804034444-061901461010,omid:br/061804034444,omid:br/061901461010
oci:061804034444-061701629622,omid:br/061804034444,omid:br/061701629622
oci:061804034424-06701842768,omid:br/061804034424,omid:br/06701842768
oci:061804034424-06240344196,omid:br/061804034424,omid:br/06240344196
oci:061804034424-061203779693,omid:br/061804034424,omid:br/061203779693
oci:061804034424-062303056137,omid:br/061804034424,omid:br/062303056137
oci:0604310038-062301542785,omid:br/0604310038,omid:br/062301542785
oci:061804034461-061804034441,omid:br/061804034461,omid:br/061804034441
oci:061804034461-062103048797,omid:br/061804034461,omid:br/062103048797
oci:061804034461-06201136802,omid:br/061804034461,omid:br/06201136802
oci:061804034411-061902882332,omid:br/061804034411,omid:br/061902882332
oci:061804034411-0604844960,omid:br/061804034411,omid:br/0604844960
oci:061804034411-0604844961,omid:br/061804034411,omid:br/0604844961
oci:061804034456-062201259598,omid:br/061804034456,omid:br/062201259598
oci:061804034456-06160583317,omid:br/061804034456,omid:br/06160583317
oci:061804034456-061503636054,omid:br/061804034456,omid:br/061503636054
oci:061804034456-061402636945,omid:br/061804034456,omid:br/061402636945
oci:061804034437-061501490746,omid:br/061804034437,omid:br/061501490746
oci:061804034437-061601495261,omid:br/061804034437,omid:br/061601495261
oci:061804034437-061802846390,omid:br/061804034437,omid:br/061802846390
