id,citing,cited,creation,timespan,journal_sc,author_sc
oci:061403978899-0650570817,omid:br/061403978899,omid:br/0650570817,2016,P0Y,no,no
oci:061403979119-06203468543,omid:br/061403979119,omid:br/06203468543,2020,P6Y,no,no
oci:06330128427-061502392090,omid:br/06330128427,omid:br/061502392090,2020,-P1Y,no,no
oci:061403979140-061502392090,omid:br/061403979140,omid:br/061502392090,2020,-P1Y,no,no
oci:061403978838-061402127430,omid:br/061403978838,omid:br/061402127430,2019,P5Y,no,no
oci:062304180962-06301077595,omid:br/062304180962,omid:br/06301077595,2014-05-31,P1Y,no,no
oci:062304180989-062304181050,omid:br/062304180989,omid:br/062304181050,2014-05-31,P10Y,yes,no
oci:062304180843-06904070229,omid:br/062304180843,omid:br/06904070229,2021-05-31,,no,no
oci:062304181082-06702189003,omid:br/062304181082,omid:br/06702189003,2006,P13Y,no,no
oci:062304180968-061101421518,omid:br/062304180968,omid:br/061101421518,2014-05-31,P9Y,no,no
oci:062304180863-06260757110,omid:br/062304180863,omid:br/06260757110,2021-05-31,P21Y1M30D,no,no
oci:062304180963-061704019545,omid:br/062304180963,omid:br/061704019545,2013-06-30,P1Y4M1D,no,no
oci:062304180963-061704019856,omid:br/062304180963,omid:br/061704019856,2013-06-30,P0Y10M0D,no,no
oci:062304180865-062404080083,omid:br/062304180865,omid:br/062404080083,2009-06-01,P11Y,no,no
oci:062304180867-06120397470,omid:br/062304180867,omid:br/06120397470,2021-05-31,P25Y2M,no,no
oci:062304181113-061501386073,omid:br/062304181113,omid:br/061501386073,2005,P5Y,no,no
oci:062304180841-062304180952,omid:br/062304180841,omid:br/062304180952,2020-05-31,P4Y0M0D,yes,no
oci:062304180841-062304180840,omid:br/062304180841,omid:br/062304180840,2020-05-31,P10Y2M0D,yes,no
oci:062304180841-061101421498,omid:br/062304180841,omid:br/061101421498,2020-05-31,P14Y,no,no
oci:062304180841-061101421743,omid:br/062304180841,omid:br/061101421743,2020-05-31,P16Y,no,no
oci:062304180928-06104602357,omid:br/062304180928,omid:br/06104602357,2013-06-30,P0Y11M20D,no,no
oci:062304181116-061801674599,omid:br/062304181116,omid:br/061801674599,2005,P0Y,no,no
oci:062304181116-06801063244,omid:br/062304181116,omid:br/06801063244,2005,-P2Y,no,no
oci:062304180873-06702609526,omid:br/062304180873,omid:br/06702609526,2010-03-31,P2Y,no,no
oci:062304180873-061604012985,omid:br/062304180873,omid:br/061604012985,2010-03-31,P1Y7M0D,no,no
oci:062304180873-061604012950,omid:br/062304180873,omid:br/061604012950,2010-03-31,P1Y1M3D,no,no
oci:062304180873-061604012504,omid:br/062304180873,omid:br/061604012504,2010-03-31,P3Y1M3D,no,no
oci:062304180873-061704019417,omid:br/062304180873,omid:br/061704019417,2010-03-31,P2Y10M0D,no,no
oci:062304180873-061604012457,omid:br/062304180873,omid:br/061604012457,2010-03-31,P4Y0M0D,no,no
oci:062304180940-0650596774,omid:br/062304180940,omid:br/0650596774,2014-05-31,P3Y,no,no
oci:062304181080-061904038024,omid:br/062304181080,omid:br/061904038024,2006,,no,no
oci:062304180855-061704019292,omid:br/062304180855,omid:br/061704019292,2020-05-31,P0Y9M0D,no,no
oci:062304180918-061101421456,omid:br/062304180918,omid:br/061101421456,2020-05-31,P10Y,no,no
oci:062304180918-0650596696,omid:br/062304180918,omid:br/0650596696,2020-05-31,P3Y1M1D,no,no
oci:062304180918-061404055712,omid:br/062304180918,omid:br/061404055712,2020-05-31,P5Y,no,no
oci:062304180918-0650596762,omid:br/062304180918,omid:br/0650596762,2020-05-31,P8Y,no,no
oci:062304180918-06370342368,omid:br/062304180918,omid:br/06370342368,2020-05-31,P6Y,no,no
oci:062304180916-0650596979,omid:br/062304180916,omid:br/0650596979,2020-05-31,P12Y,no,no
oci:062304181033-062304181121,omid:br/062304181033,omid:br/062304181121,2011-05-20,P5Y,yes,no
oci:062304180890-062304180953,omid:br/062304180890,omid:br/062304180953,2020-05-31,P3Y0M0D,yes,no
oci:062304181071-061604012966,omid:br/062304181071,omid:br/061604012966,2010-03-31,P2Y1M2D,no,no
oci:062304181071-062304181055,omid:br/062304181071,omid:br/062304181055,2010-03-31,P6Y,yes,no
oci:062304180911-062304144062,omid:br/062304180911,omid:br/062304144062,2021-05-31,P6Y2M,no,no
oci:062304180857-06320246364,omid:br/062304180857,omid:br/06320246364,2021-05-31,P38Y,no,no
oci:062304180857-06604628462,omid:br/062304180857,omid:br/06604628462,2021-05-31,P103Y,no,no
oci:062304180857-0604173266,omid:br/062304180857,omid:br/0604173266,2021-05-31,P99Y,no,no
oci:062304180857-06520191068,omid:br/062304180857,omid:br/06520191068,2021-05-31,P94Y,no,no
oci:062304180857-061101421213,omid:br/062304180857,omid:br/061101421213,2021-05-31,P2Y,no,no
oci:062304181114-061904038023,omid:br/062304181114,omid:br/061904038023,2004,,no,no
oci:062304181051-061202217280,omid:br/062304181051,omid:br/061202217280,2004,-P3Y,no,no
oci:062304180883-06530105937,omid:br/062304180883,omid:br/06530105937,2021-05-31,,no,no
oci:062304180883-06904070230,omid:br/062304180883,omid:br/06904070230,2021-05-31,,no,no
oci:062304180883-06201081013,omid:br/062304180883,omid:br/06201081013,2021-05-31,P15Y,no,no
oci:062304180883-06404613824,omid:br/062304180883,omid:br/06404613824,2021-05-31,P6Y,no,no
oci:062304180883-06410275915,omid:br/062304180883,omid:br/06410275915,2021-05-31,P12Y,no,no
oci:062304180883-06490288632,omid:br/062304180883,omid:br/06490288632,2021-05-31,P3Y4M0D,no,no
oci:062304180883-062304144000,omid:br/062304180883,omid:br/062304144000,2021-05-31,P5Y2M,no,no
oci:062304180892-062304180859,omid:br/062304180892,omid:br/062304180859,2021-05-31,P11Y11M30D,yes,no
oci:062304180892-061101421358,omid:br/062304180892,omid:br/061101421358,2021-05-31,P8Y,no,no
oci:062304180892-062304181040,omid:br/062304180892,omid:br/062304181040,2021-05-31,P14Y,yes,no
oci:062304180892-0650596729,omid:br/062304180892,omid:br/0650596729,2021-05-31,P6Y,no,no
oci:062304180892-062403312047,omid:br/062304180892,omid:br/062403312047,2021-05-31,P19Y0M,no,no
oci:062304181050-061904038020,omid:br/062304181050,omid:br/061904038020,2004,,no,no
oci:062304181050-061904038021,omid:br/062304181050,omid:br/061904038021,2004,,no,no
oci:062304181068-061904038022,omid:br/062304181068,omid:br/061904038022,2004,,no,no
oci:062304180815-06601084490,omid:br/062304180815,omid:br/06601084490,2008,P6Y,no,no
oci:062304181062-061701679161,omid:br/062304181062,omid:br/061701679161,2007,P5Y,no,no
oci:062304181075-061904038023,omid:br/062304181075,omid:br/061904038023,2005,,no,no
oci:062304181060-061101421707,omid:br/062304181060,omid:br/061101421707,2012-05-30,P8Y,no,no
oci:062304180818-06160438628,omid:br/062304180818,omid:br/06160438628,2008,-P1Y,no,no
oci:062304180818-061301200478,omid:br/062304180818,omid:br/061301200478,2008,P12Y,no,no
oci:062304181037-06150800458,omid:br/062304181037,omid:br/06150800458,2005,-P4Y,no,no
oci:062304181045-062303567824,omid:br/062304181045,omid:br/062303567824,2007,,no,no
oci:062304181045-062502798046,omid:br/062304181045,omid:br/062502798046,2007,P7Y,no,no
oci:062304181046-06201826806,omid:br/062304181046,omid:br/06201826806,2005,P25Y,no,no
oci:06510288684-06460287084,omid:br/06510288684,omid:br/06460287084,2008,P3Y,no,no
oci:06510288684-06460287508,omid:br/06510288684,omid:br/06460287508,2008,P1Y,no,no
oci:06510288684-06140685512,omid:br/06510288684,omid:br/06140685512,2008,P40Y,no,no
oci:06510288686-06190943030,omid:br/06510288686,omid:br/06190943030,2007,P14Y,no,no
oci:06510288686-06110128578,omid:br/06510288686,omid:br/06110128578,2007,P13Y,no,no
oci:06510288686-06460287243,omid:br/06510288686,omid:br/06460287243,2007,P3Y,no,no
oci:06510288686-06460287143,omid:br/06510288686,omid:br/06460287143,2007,P2Y,no,no
oci:06510288712-06210672044,omid:br/06510288712,omid:br/06210672044,2009,P35Y,no,no
oci:06510288712-06701098756,omid:br/06510288712,omid:br/06701098756,2009,P32Y,no,no
oci:06510288712-0680237041,omid:br/06510288712,omid:br/0680237041,2009,P29Y,no,no
oci:06330208101-06110673334,omid:br/06330208101,omid:br/06110673334,2009,P2Y,no,no
oci:06330208101-06110673255,omid:br/06330208101,omid:br/06110673255,2009,P3Y,no,no
oci:06330208101-06320270835,omid:br/06330208101,omid:br/06320270835,2009,P8Y,no,no
oci:06340202631-0610234442,omid:br/06340202631,omid:br/0610234442,2006,P20Y,no,no
oci:06340202631-06150997005,omid:br/06340202631,omid:br/06150997005,2006,P14Y,no,no
oci:06340202631-06802481369,omid:br/06340202631,omid:br/06802481369,2006,P8Y,no,no
oci:06340202631-06140858253,omid:br/06340202631,omid:br/06140858253,2006,P7Y,no,no
oci:06340202631-06150864006,omid:br/06340202631,omid:br/06150864006,2006,P8Y,no,no
oci:06340202631-062302452690,omid:br/06340202631,omid:br/062302452690,2006,P1Y,no,no
oci:06340202631-06802481056,omid:br/06340202631,omid:br/06802481056,2006,P6Y,no,no
oci:06340202631-061202095893,omid:br/06340202631,omid:br/061202095893,2006,P1Y,no,no
oci:06340202631-0650229593,omid:br/06340202631,omid:br/0650229593,2006,P1Y,no,no
oci:06330208042-06110673114,omid:br/06330208042,omid:br/06110673114,2010,P7Y,no,no
oci:06330208042-06110673055,omid:br/06330208042,omid:br/06110673055,2010,P5Y,no,no
oci:06330208042-06701056745,omid:br/06330208042,omid:br/06701056745,2010,P5Y,no,no
oci:06330208042-06701056834,omid:br/06330208042,omid:br/06701056834,2010,P7Y,no,no
oci:06340202653-06340202682,omid:br/06340202653,omid:br/06340202682,2006,P0Y,yes,no
oci:06340202653-062103598454,omid:br/06340202653,omid:br/062103598454,2006,P3Y,no,no
oci:06340202653-06604007961,omid:br/06340202653,omid:br/06604007961,2006,P1Y,yes,no
oci:06340202653-061903618529,omid:br/06340202653,omid:br/061903618529,2006,P8Y,no,no
oci:06330208059-062202441346,omid:br/06330208059,omid:br/062202441346,2011,P13Y,no,no
oci:06330208059-061501824240,omid:br/06330208059,omid:br/061501824240,2011,P32Y,no,no
oci:06330208059-0660230088,omid:br/06330208059,omid:br/0660230088,2011,P26Y,no,no
oci:06330208059-06230779668,omid:br/06330208059,omid:br/06230779668,2011,P19Y,no,no
oci:06330208059-06230780439,omid:br/06330208059,omid:br/06230780439,2011,P20Y,no,no
oci:06330208059-06180779031,omid:br/06330208059,omid:br/06180779031,2011,P18Y,no,no
oci:06330208059-06110446164,omid:br/06330208059,omid:br/06110446164,2011,P18Y,no,no
oci:06330208059-06210777401,omid:br/06330208059,omid:br/06210777401,2011,P21Y,no,no
oci:06330208059-06240764454,omid:br/06330208059,omid:br/06240764454,2011,P23Y,no,no
oci:06330208059-06102616731,omid:br/06330208059,omid:br/06102616731,2011,P15Y,no,no
oci:06330208059-06703902306,omid:br/06330208059,omid:br/06703902306,2011,P10Y,no,no
oci:06330208059-0690238007,omid:br/06330208059,omid:br/0690238007,2011,P12Y,no,no
oci:06330208059-062085657,omid:br/06330208059,omid:br/062085657,2011,P7Y,no,no
oci:06330208059-06140835127,omid:br/06330208059,omid:br/06140835127,2011,P6Y,no,no
oci:06330208059-06170843224,omid:br/06330208059,omid:br/06170843224,2011,P5Y,no,no
oci:06330208059-0645036810,omid:br/06330208059,omid:br/0645036810,2011,P4Y,no,no
oci:06330208059-06503482131,omid:br/06330208059,omid:br/06503482131,2011,P9Y,no,no
oci:06330208059-06190842049,omid:br/06330208059,omid:br/06190842049,2011,P1Y,no,no
oci:06330208059-062302218716,omid:br/06330208059,omid:br/062302218716,2011,P18Y,no,no
oci:06330208059-06210606343,omid:br/06330208059,omid:br/06210606343,2011,P5Y,no,no
oci:06330208059-0610233070,omid:br/06330208059,omid:br/0610233070,2011,P17Y,no,no
oci:06330208059-06301497017,omid:br/06330208059,omid:br/06301497017,2011,P15Y,no,no
oci:06340202647-06230617213,omid:br/06340202647,omid:br/06230617213,2006,P8Y,no,no
oci:06340202647-0604839229,omid:br/06340202647,omid:br/0604839229,2006,P7Y,no,no
oci:06340202647-0640900948,omid:br/06340202647,omid:br/0640900948,2006,P37Y,no,no
oci:06340202647-0660994520,omid:br/06340202647,omid:br/0660994520,2006,P12Y,no,no
oci:06340202647-06340202001,omid:br/06340202647,omid:br/06340202001,2006,P6Y,yes,no
oci:06340202647-061401772291,omid:br/06340202647,omid:br/061401772291,2006,P5Y,no,no
oci:06340202647-0620700991,omid:br/06340202647,omid:br/0620700991,2006,P1Y,no,no
oci:06340202647-06170196475,omid:br/06340202647,omid:br/06170196475,2006,P9Y,no,no
oci:06340202647-0660994691,omid:br/06340202647,omid:br/0660994691,2006,P16Y,no,no
oci:06340202693-06603920203,omid:br/06340202693,omid:br/06603920203,2006,P4Y,no,no
oci:06340202693-06110447038,omid:br/06340202693,omid:br/06110447038,2006,P3Y,no,no
oci:06340202693-061501739430,omid:br/06340202693,omid:br/061501739430,2006,P4Y,no,no
oci:06340202693-06190782628,omid:br/06340202693,omid:br/06190782628,2006,P15Y,no,no
oci:06340202693-062603540739,omid:br/06340202693,omid:br/062603540739,2006,P9Y,no,no
oci:06340202693-0650763316,omid:br/06340202693,omid:br/0650763316,2006,P2Y,no,no
oci:06330208096-06340202318,omid:br/06330208096,omid:br/06340202318,2008,P12Y,yes,no
oci:06330208084-061701389287,omid:br/06330208084,omid:br/061701389287,2009,P12Y,no,no
oci:06330208084-0630732820,omid:br/06330208084,omid:br/0630732820,2009,P5Y,no,no
oci:06330208084-0610953775,omid:br/06330208084,omid:br/0610953775,2009,P3Y,no,no
oci:06330208084-061901010980,omid:br/06330208084,omid:br/061901010980,2009,P6Y,no,no
oci:06330208084-061303731623,omid:br/06330208084,omid:br/061303731623,2009,P7Y,no,no
oci:06330208084-06302149681,omid:br/06330208084,omid:br/06302149681,2009,P7Y,no,no
oci:06330208084-0630945343,omid:br/06330208084,omid:br/0630945343,2009,P10Y,no,no
oci:06330208084-06102852859,omid:br/06330208084,omid:br/06102852859,2009,P9Y,no,no
oci:06330208084-061303672726,omid:br/06330208084,omid:br/061303672726,2009,P8Y,no,no
oci:06330208084-06210499967,omid:br/06330208084,omid:br/06210499967,2009,P37Y,no,no
oci:06330208038-0620940447,omid:br/06330208038,omid:br/0620940447,2007,P11Y,no,no
oci:06330208038-0620234518,omid:br/06330208038,omid:br/0620234518,2007,P9Y,no,no
oci:06330208038-06804009518,omid:br/06330208038,omid:br/06804009518,2007,P14Y,no,no
oci:06330208038-062502413280,omid:br/06330208038,omid:br/062502413280,2007,P0Y,no,no
oci:06330208038-06101398566,omid:br/06330208038,omid:br/06101398566,2007,P8Y,no,no
oci:06330208038-06240660259,omid:br/06330208038,omid:br/06240660259,2007,P19Y,no,no
oci:06330208038-061101872625,omid:br/06330208038,omid:br/061101872625,2007,P2Y,no,no
oci:06330208038-061302692751,omid:br/06330208038,omid:br/061302692751,2007,P7Y,no,no
oci:06330208054-06340202627,omid:br/06330208054,omid:br/06340202627,2007,P3Y,yes,no
oci:06330208054-061101958139,omid:br/06330208054,omid:br/061101958139,2007,P21Y,no,no
oci:06330208054-0640900948,omid:br/06330208054,omid:br/0640900948,2007,P38Y,no,no
oci:06330208054-0660994520,omid:br/06330208054,omid:br/0660994520,2007,P13Y,no,no
oci:06330208054-061603738637,omid:br/06330208054,omid:br/061603738637,2007,P4Y,no,no
oci:06330208054-06340202651,omid:br/06330208054,omid:br/06340202651,2007,P3Y,yes,no
oci:06330208054-061401772228,omid:br/06330208054,omid:br/061401772228,2007,P6Y,no,no
oci:06330208054-062403766720,omid:br/06330208054,omid:br/062403766720,2007,P6Y,no,no
oci:06330208054-0628050894,omid:br/06330208054,omid:br/0628050894,2007,P9Y,no,no
oci:06330208054-061503743387,omid:br/06330208054,omid:br/061503743387,2007,P6Y,no,no
oci:06330208040-062502395409,omid:br/06330208040,omid:br/062502395409,2009,P1Y,no,no
oci:06330208040-062502395376,omid:br/06330208040,omid:br/062502395376,2009,P1Y,no,no
oci:06330208040-061203704735,omid:br/06330208040,omid:br/061203704735,2009,P8Y,no,no
oci:06330208040-061203705103,omid:br/06330208040,omid:br/061203705103,2009,P7Y,no,no
oci:06330208040-06102794578,omid:br/06330208040,omid:br/06102794578,2009,P9Y,no,no
oci:06330208040-06402877881,omid:br/06330208040,omid:br/06402877881,2009,P9Y,no,no
oci:06330208040-06701057409,omid:br/06330208040,omid:br/06701057409,2009,P11Y,no,no
oci:06330208040-06110344203,omid:br/06330208040,omid:br/06110344203,2009,P10Y,no,no
oci:06330208040-061203705144,omid:br/06330208040,omid:br/061203705144,2009,P7Y,no,no
oci:06330208040-062501048879,omid:br/06330208040,omid:br/062501048879,2009,P3Y,no,no
oci:06330208040-061301785643,omid:br/06330208040,omid:br/061301785643,2009,P1Y,no,no
oci:06330208031-06801800198,omid:br/06330208031,omid:br/06801800198,2007,P5Y,no,no
oci:06330208031-062601300383,omid:br/06330208031,omid:br/062601300383,2007,P1Y,no,no
oci:06330208031-062501002993,omid:br/06330208031,omid:br/062501002993,2007,P9Y,no,no
oci:06330208031-06804236170,omid:br/06330208031,omid:br/06804236170,2007,P14Y,no,no
oci:06330208031-0610596909,omid:br/06330208031,omid:br/0610596909,2007,P7Y,no,no
oci:06330208064-06110447038,omid:br/06330208064,omid:br/06110447038,2007,P4Y,no,no
oci:06330208064-06340202693,omid:br/06330208064,omid:br/06340202693,2007,P1Y,yes,no
oci:06330208064-06190782628,omid:br/06330208064,omid:br/06190782628,2007,P16Y,no,no
oci:06330208093-06330208017,omid:br/06330208093,omid:br/06330208017,2007,P0Y,yes,no
oci:06330208060-062501370807,omid:br/06330208060,omid:br/062501370807,2007,P12Y,no,no
oci:06330208060-06203227814,omid:br/06330208060,omid:br/06203227814,2007,P17Y,no,no
oci:06330208060-06303228347,omid:br/06330208060,omid:br/06303228347,2007,P16Y,no,no
oci:06330208060-06303228659,omid:br/06330208060,omid:br/06303228659,2007,P17Y,no,no
oci:06330208060-06180341586,omid:br/06330208060,omid:br/06180341586,2007,P16Y,no,no
oci:06330208060-06340202642,omid:br/06330208060,omid:br/06340202642,2007,P2Y,yes,no
oci:06340202700-062101574118,omid:br/06340202700,omid:br/062101574118,2005,P19Y,no,no
oci:06340202700-0650444342,omid:br/06340202700,omid:br/0650444342,2005,P6Y,no,no
oci:06340202700-06203458666,omid:br/06340202700,omid:br/06203458666,2005,P3Y,no,no
oci:06340202700-06203458977,omid:br/06340202700,omid:br/06203458977,2005,P3Y,no,no
oci:06340202700-061703132291,omid:br/06340202700,omid:br/061703132291,2005,P6Y,no,no
oci:06340202700-0630357431,omid:br/06340202700,omid:br/0630357431,2005,P18Y,no,no
oci:06340202700-06203459014,omid:br/06340202700,omid:br/06203459014,2005,P3Y,no,no
oci:06340202700-062403031885,omid:br/06340202700,omid:br/062403031885,2005,P12Y,no,no
oci:06340202700-06802357534,omid:br/06340202700,omid:br/06802357534,2005,P4Y,no,no
oci:06340202700-061501982530,omid:br/06340202700,omid:br/061501982530,2005,P14Y,no,no
oci:06104439731-061301785244,omid:br/06104439731,omid:br/061301785244,2006,P6Y,no,no
oci:06104439731-06150814951,omid:br/06104439731,omid:br/06150814951,2006,P7Y,no,no
oci:06104439731-0660994691,omid:br/06104439731,omid:br/0660994691,2006,P16Y,no,no
oci:06104439731-0660994327,omid:br/06104439731,omid:br/0660994327,2006,P15Y,no,no
oci:06104439731-0670229461,omid:br/06104439731,omid:br/0670229461,2006,P25Y,no,no
oci:06104439731-0660994520,omid:br/06104439731,omid:br/0660994520,2006,P12Y,no,no
oci:06104439731-061603738637,omid:br/06104439731,omid:br/061603738637,2006,P3Y,no,no
oci:06104439731-06340202001,omid:br/06104439731,omid:br/06340202001,2006,P6Y,yes,no
oci:06104439731-062403766720,omid:br/06104439731,omid:br/062403766720,2006,P5Y,no,no
oci:06104439731-061401772291,omid:br/06104439731,omid:br/061401772291,2006,P5Y,no,no
oci:06104439731-0620700991,omid:br/06104439731,omid:br/0620700991,2006,P1Y,no,no
oci:06104439731-06340202647,omid:br/06104439731,omid:br/06340202647,2006,P0Y,yes,no
oci:06104439731-06170196475,omid:br/06104439731,omid:br/06170196475,2006,P9Y,no,no
oci:06104439731-06230617213,omid:br/06104439731,omid:br/06230617213,2006,P8Y,no,no
oci:06340202605-062301717027,omid:br/06340202605,omid:br/062301717027,2006,P0Y,no,no
oci:06340202605-06220920447,omid:br/06340202605,omid:br/06220920447,2006,P4Y,no,no
oci:06340202606-06330208251,omid:br/06340202606,omid:br/06330208251,2004,P2Y,yes,no
oci:06340202695-06340202606,omid:br/06340202695,omid:br/06340202606,2004,P0Y,yes,no
oci:06340202659-06601025835,omid:br/06340202659,omid:br/06601025835,2004,P3Y,no,no
oci:06340202659-06230490098,omid:br/06340202659,omid:br/06230490098,2004,P33Y,no,no
oci:06340202659-061702460566,omid:br/06340202659,omid:br/061702460566,2004,P7Y,no,no
oci:06340202672-06330208178,omid:br/06340202672,omid:br/06330208178,2004,P1Y,yes,no
oci:06340202672-06340201993,omid:br/06340202672,omid:br/06340201993,2004,P4Y,yes,no
oci:06340202646-06150863973,omid:br/06340202646,omid:br/06150863973,2004,P7Y,no,no
oci:06340202637-061701100573,omid:br/06340202637,omid:br/061701100573,2004,P1Y,no,no
oci:06340202637-0604839224,omid:br/06340202637,omid:br/0604839224,2004,P4Y,no,no
oci:06340202637-0680694937,omid:br/06340202637,omid:br/0680694937,2004,P15Y,no,no
oci:06340202630-061401445059,omid:br/06340202630,omid:br/061401445059,2004,P7Y,no,no
oci:06340202688-06340202001,omid:br/06340202688,omid:br/06340202001,2004,P4Y,yes,no
oci:06340202688-06340202627,omid:br/06340202688,omid:br/06340202627,2004,P0Y,yes,no
oci:06340202613-0604839225,omid:br/06340202613,omid:br/0604839225,2004,P11Y,no,no
oci:06340202613-0604839226,omid:br/06340202613,omid:br/0604839226,2004,P8Y,no,no
oci:06340202625-0604839227,omid:br/06340202625,omid:br/0604839227,2004,P9Y,no,no
oci:06340202625-0604839228,omid:br/06340202625,omid:br/0604839228,2004,P11Y,no,no
oci:06340202625-061103544843,omid:br/06340202625,omid:br/061103544843,2004,P2Y,no,no
oci:06340202625-06340202637,omid:br/06340202625,omid:br/06340202637,2004,P0Y,yes,no
oci:06340202667-0604167007,omid:br/06340202667,omid:br/0604167007,2004,P24Y,yes,no
oci:06340202667-062201821554,omid:br/06340202667,omid:br/062201821554,2004,P3Y,no,no
oci:06340202667-061901833608,omid:br/06340202667,omid:br/061901833608,2004,P1Y,no,no
oci:06340202667-06902689944,omid:br/06340202667,omid:br/06902689944,2004,P28Y,no,no
oci:06340202667-062401819235,omid:br/06340202667,omid:br/062401819235,2004,P1Y,no,no
oci:06340202674-06201578558,omid:br/06340202674,omid:br/06201578558,2004,P18Y,no,no
oci:06340202674-064803373,omid:br/06340202674,omid:br/064803373,2004,P20Y,no,no
oci:06340202674-06301579023,omid:br/06340202674,omid:br/06301579023,2004,P13Y,no,no
oci:06340202674-06104186534,omid:br/06340202674,omid:br/06104186534,2004,P11Y,no,no
oci:06340202674-0610855011,omid:br/06340202674,omid:br/0610855011,2004,P35Y,no,no
oci:06340202674-0632027157,omid:br/06340202674,omid:br/0632027157,2004,P23Y,no,no
oci:06340202674-0640846896,omid:br/06340202674,omid:br/0640846896,2004,P23Y,no,no
oci:06340202674-06401588735,omid:br/06340202674,omid:br/06401588735,2004,P13Y,no,no
oci:06340202674-061201122240,omid:br/06340202674,omid:br/061201122240,2004,P11Y,no,no
oci:06340202674-06230174795,omid:br/06340202674,omid:br/06230174795,2004,P10Y,no,no
oci:06340202674-06220166488,omid:br/06340202674,omid:br/06220166488,2004,P9Y,no,no
oci:06340202674-062102394239,omid:br/06340202674,omid:br/062102394239,2004,P2Y,no,no
oci:06340202674-06220165860,omid:br/06340202674,omid:br/06220165860,2004,P18Y,no,no
oci:06340202674-06180169462,omid:br/06340202674,omid:br/06180169462,2004,P15Y,no,no
oci:06340202674-06190172004,omid:br/06340202674,omid:br/06190172004,2004,P9Y,no,no
oci:06340202674-06240168076,omid:br/06340202674,omid:br/06240168076,2004,P8Y,no,no
oci:06340202674-062503642645,omid:br/06340202674,omid:br/062503642645,2004,P10Y,no,no
oci:06340202674-06504309025,omid:br/06340202674,omid:br/06504309025,2004,P12Y,no,no
oci:06340202674-064503326,omid:br/06340202674,omid:br/064503326,2004,P10Y,no,no
oci:06340202674-061201122615,omid:br/06340202674,omid:br/061201122615,2004,P4Y,no,no
oci:06340202651-061101958259,omid:br/06340202651,omid:br/061101958259,2004,P10Y,no,no
oci:06340202651-06340202001,omid:br/06340202651,omid:br/06340202001,2004,P4Y,yes,no
oci:06340202651-06340202034,omid:br/06340202651,omid:br/06340202034,2004,P4Y,yes,no
oci:06340202651-06330208298,omid:br/06340202651,omid:br/06330208298,2004,P3Y,yes,no
oci:06340202651-061603738637,omid:br/06340202651,omid:br/061603738637,2004,P1Y,no,no
oci:06340202651-061403736071,omid:br/06340202651,omid:br/061403736071,2004,P24Y,no,no
oci:06340202643-062502595575,omid:br/06340202643,omid:br/062502595575,2004,P5Y,no,no
oci:06340202643-061101958078,omid:br/06340202643,omid:br/061101958078,2004,P14Y,no,no
oci:06340202616-06330208247,omid:br/06340202616,omid:br/06330208247,2004,P1Y,yes,no
oci:06340202616-0650677833,omid:br/06340202616,omid:br/0650677833,2004,P6Y,no,no
oci:06340202616-062102768314,omid:br/06340202616,omid:br/062102768314,2004,P2Y,no,no
oci:06340202616-062102767715,omid:br/06340202616,omid:br/062102767715,2004,P7Y,no,no
oci:06340202616-0660677856,omid:br/06340202616,omid:br/0660677856,2004,P8Y,no,no
oci:06340202616-06110673377,omid:br/06340202616,omid:br/06110673377,2004,P4Y,no,no
oci:06340202616-0660677660,omid:br/06340202616,omid:br/0660677660,2004,P9Y,no,no
oci:06340202616-06110673114,omid:br/06340202616,omid:br/06110673114,2004,P1Y,no,no
oci:06340202616-06110673189,omid:br/06340202616,omid:br/06110673189,2004,P1Y,no,no
oci:06340202627-06340202001,omid:br/06340202627,omid:br/06340202001,2004,P4Y,yes,no
oci:06340202627-0637020168,omid:br/06340202627,omid:br/0637020168,2004,P15Y,no,no
oci:06340202663-0637020168,omid:br/06340202663,omid:br/0637020168,2004,P15Y,no,no
oci:06340202620-06301063864,omid:br/06340202620,omid:br/06301063864,2004,P5Y,no,no
oci:06340202620-06801093955,omid:br/06340202620,omid:br/06801093955,2004,P13Y,no,no
oci:062304115858-062601040283,omid:br/062304115858,omid:br/062601040283,2016,P4Y,no,no
oci:062304115844-0632034243,omid:br/062304115844,omid:br/0632034243,2016,P1Y,no,no
oci:062304115874-061603125741,omid:br/062304115874,omid:br/061603125741,2015,P0Y,no,no
oci:062304115738-06260500131,omid:br/062304115738,omid:br/06260500131,2017,P1Y,no,no
oci:062304115913-06601032012,omid:br/062304115913,omid:br/06601032012,2021-06-30,-P0Y4M,no,no
oci:06460301559-06230500308,omid:br/06460301559,omid:br/06230500308,2012-09-10,P1Y1M9D,no,no
oci:06530312329-06530312697,omid:br/06530312329,omid:br/06530312697,2021-06-05,P9Y1M26D,yes,no
oci:06530312329-061203495509,omid:br/06530312329,omid:br/061203495509,2021-06-05,P19Y4M25D,no,no
oci:06530312329-06240341308,omid:br/06530312329,omid:br/06240341308,2021-06-05,P19Y1M,no,no
oci:06530312329-06402450041,omid:br/06530312329,omid:br/06402450041,2021-06-05,P5Y8M0D,no,no
oci:06530312329-062101902657,omid:br/06530312329,omid:br/062101902657,2021-06-05,P4Y10M29D,no,no
oci:06530312329-06401326354,omid:br/06530312329,omid:br/06401326354,2021-06-05,P7Y11M19D,no,no
oci:06530312329-06103561615,omid:br/06530312329,omid:br/06103561615,2021-06-05,P10Y4M9D,no,no
oci:06530312329-06703531142,omid:br/06530312329,omid:br/06703531142,2021-06-05,P4Y10M25D,no,no
oci:06530312329-061301458163,omid:br/06530312329,omid:br/061301458163,2021-06-05,P3Y10M18D,no,no
oci:06530312329-0670689700,omid:br/06530312329,omid:br/0670689700,2021-06-05,P14Y7M,no,no
oci:06530312329-061202644884,omid:br/06530312329,omid:br/061202644884,2021-06-05,P5Y2M6D,no,no
oci:06530312329-06201319727,omid:br/06530312329,omid:br/06201319727,2021-06-05,P6Y10M25D,no,no
oci:06530312329-06603031777,omid:br/06530312329,omid:br/06603031777,2021-06-05,P5Y2M12D,no,no
oci:06530312329-062603151921,omid:br/06530312329,omid:br/062603151921,2021-06-05,P2Y4M14D,no,no
oci:06530312329-061801761271,omid:br/06530312329,omid:br/061801761271,2021-06-05,P0Y4M4D,no,no
oci:06530312329-061502604725,omid:br/06530312329,omid:br/061502604725,2021-06-05,P0Y4M1D,no,no
oci:0604372404-0604372491,omid:br/0604372404,omid:br/0604372491,2021-10-05,P1Y0M25D,yes,no
oci:0604372404-06302776910,omid:br/0604372404,omid:br/06302776910,2021-10-05,P7Y,no,no
oci:0604372404-06220599904,omid:br/0604372404,omid:br/06220599904,2021-10-05,P3Y6M12D,no,no
oci:0604372404-0650706878,omid:br/0604372404,omid:br/0650706878,2021-10-05,P1Y5M8D,no,no
oci:0604372404-0660705356,omid:br/0604372404,omid:br/0660705356,2021-10-05,P2Y7M22D,no,no
oci:0604372404-06190605707,omid:br/0604372404,omid:br/06190605707,2021-10-05,P2Y1M4D,no,no
oci:0604372404-06260618334,omid:br/0604372404,omid:br/06260618334,2021-10-05,P6Y8M7D,no,no
oci:0604372404-06110156151,omid:br/0604372404,omid:br/06110156151,2021-10-05,P0Y8M,no,no
oci:06490302412-062301735679,omid:br/06490302412,omid:br/062301735679,2021-05-05,P5Y3M28D,no,no
oci:06490302412-061604033458,omid:br/06490302412,omid:br/061604033458,2021-05-05,,no,no
oci:06490302412-0640660686,omid:br/06490302412,omid:br/0640660686,2021-05-05,P1Y10M2D,no,no
oci:06490302412-0680663882,omid:br/06490302412,omid:br/0680663882,2021-05-05,P4Y6M28D,no,no
oci:06490302412-06120344878,omid:br/06490302412,omid:br/06120344878,2021-05-05,P7Y10M,no,no
oci:06490302412-062601329404,omid:br/06490302412,omid:br/062601329404,2021-05-05,P6Y3M14D,no,no
oci:06490302412-061101976477,omid:br/06490302412,omid:br/061101976477,2021-05-05,P4Y0M,no,no
oci:06490302412-061402594572,omid:br/06490302412,omid:br/061402594572,2021-05-05,P3Y5M,no,no
oci:06490302412-061102627652,omid:br/06490302412,omid:br/061102627652,2021-05-05,P1Y10M11D,no,no
oci:06490302412-062201303192,omid:br/06490302412,omid:br/062201303192,2021-05-05,P5Y0M6D,no,no
oci:06480303067-06210658049,omid:br/06480303067,omid:br/06210658049,2010-05-10,P2Y2M28D,no,no
oci:0604372477-06160695075,omid:br/0604372477,omid:br/06160695075,2020-07-10,P56Y7M,no,no
oci:0604372477-06250184193,omid:br/0604372477,omid:br/06250184193,2020-07-10,P25Y1M,no,no
oci:0604372477-062602257599,omid:br/0604372477,omid:br/062602257599,2020-07-10,P23Y,no,no
oci:06460301556-061801842929,omid:br/06460301556,omid:br/061801842929,2012-05-10,P0Y2M14D,no,no
oci:06510312442-06702608450,omid:br/06510312442,omid:br/06702608450,2020-02-10,P3Y,no,no
oci:06510312442-06301077944,omid:br/06510312442,omid:br/06301077944,2020-02-10,P2Y,no,no
oci:06510312442-06301078171,omid:br/06510312442,omid:br/06301078171,2020-02-10,P6Y,no,no
oci:06510312442-0653033397,omid:br/06510312442,omid:br/0653033397,2020-02-10,P0Y11M,no,no
oci:06510312442-062601708302,omid:br/06510312442,omid:br/062601708302,2020-02-10,P0Y7M,no,no
oci:0604372441-0610354818,omid:br/0604372441,omid:br/0610354818,2020-09-10,P18Y10M,no,no
oci:0604372441-0690360297,omid:br/0604372441,omid:br/0690360297,2020-09-10,P72Y4M9D,no,no
oci:0604372441-06150104106,omid:br/0604372441,omid:br/06150104106,2020-09-10,P10Y3M1D,no,no
oci:0604372441-06230500063,omid:br/0604372441,omid:br/06230500063,2020-09-10,P5Y0M8D,no,no
oci:0604372441-06601484741,omid:br/0604372441,omid:br/06601484741,2020-09-10,P2Y0M20D,no,no
oci:0604372441-0620211122,omid:br/0604372441,omid:br/0620211122,2020-09-10,P34Y11M26D,no,no
oci:0604372441-062301505889,omid:br/0604372441,omid:br/062301505889,2020-09-10,P12Y,no,no
oci:0604372441-0680662575,omid:br/0604372441,omid:br/0680662575,2020-09-10,P9Y8M0D,no,no
oci:0604372441-06240204577,omid:br/0604372441,omid:br/06240204577,2020-09-10,P23Y,no,no
oci:0604372441-062601554956,omid:br/0604372441,omid:br/062601554956,2020-09-10,P15Y7M21D,no,no
oci:0604372441-061902734397,omid:br/0604372441,omid:br/061902734397,2020-09-10,P14Y1M,no,no
oci:0604372441-06130460229,omid:br/0604372441,omid:br/06130460229,2020-09-10,P6Y10M,no,no
oci:0604372441-06220341271,omid:br/0604372441,omid:br/06220341271,2020-09-10,P19Y9M,no,no
oci:0604372441-061401383605,omid:br/0604372441,omid:br/061401383605,2020-09-10,P7Y11M,no,no
oci:0604372441-06230499715,omid:br/0604372441,omid:br/06230499715,2020-09-10,P2Y5M1D,no,no
oci:0604372441-06120790764,omid:br/0604372441,omid:br/06120790764,2020-09-10,P3Y10M,no,no
oci:06490302437-0660631374,omid:br/06490302437,omid:br/0660631374,2021-04-05,P9Y11M3D,no,no
oci:06490302437-0630350529,omid:br/06490302437,omid:br/0630350529,2021-04-05,P5Y5M8D,no,no
oci:06490302437-061202644828,omid:br/06490302437,omid:br/061202644828,2021-04-05,P4Y9M19D,no,no
oci:06490302437-06404583645,omid:br/06490302437,omid:br/06404583645,2021-04-05,P3Y11M26D,yes,no
oci:06490302437-06160299591,omid:br/06490302437,omid:br/06160299591,2021-04-05,P3Y6M11D,no,no
oci:06490302437-06170954541,omid:br/06490302437,omid:br/06170954541,2021-04-05,P9Y7M23D,no,no
oci:06490302437-06103737496,omid:br/06490302437,omid:br/06103737496,2021-04-05,P2Y8M6D,no,no
oci:06490302437-06130344302,omid:br/06490302437,omid:br/06130344302,2021-04-05,P0Y11M9D,no,no
oci:06490302437-06140799450,omid:br/06490302437,omid:br/06140799450,2021-04-05,P140Y8M,no,no
oci:06490302437-062101301314,omid:br/06490302437,omid:br/062101301314,2021-04-05,P0Y2M11D,no,no
oci:06490302437-061302058522,omid:br/06490302437,omid:br/061302058522,2021-04-05,P7Y5M21D,no,no
oci:06490302437-06250349580,omid:br/06490302437,omid:br/06250349580,2021-04-05,P11Y3M27D,no,no
oci:06490302437-061402066549,omid:br/06490302437,omid:br/061402066549,2021-04-05,P0Y4M12D,no,no
oci:06490302437-061301309899,omid:br/06490302437,omid:br/061301309899,2021-04-05,P3Y2M12D,no,no
oci:06490302437-062502605627,omid:br/06490302437,omid:br/062502605627,2021-04-05,P2Y6M15D,no,no
oci:06490302437-06130344362,omid:br/06490302437,omid:br/06130344362,2021-04-05,P0Y11M16D,no,no
oci:06490302437-06190350823,omid:br/06490302437,omid:br/06190350823,2021-04-05,P2Y3M,no,no
oci:06490302437-06190351775,omid:br/06490302437,omid:br/06190351775,2021-04-05,P9Y8M,no,no
oci:06490302437-06102457101,omid:br/06490302437,omid:br/06102457101,2021-04-05,P10Y2M16D,no,no
oci:06304560767-0604831556,omid:br/06304560767,omid:br/0604831556,2022-07-01,P2Y,no,no
oci:06304560767-06290247631,omid:br/06304560767,omid:br/06290247631,2022-07-01,P49Y,no,no
oci:06304560767-06104576018,omid:br/06304560767,omid:br/06104576018,2022-07-01,P6Y11M21D,yes,no
oci:06304560767-06130638558,omid:br/06304560767,omid:br/06130638558,2022-07-01,P42Y,no,no
oci:06304560767-062602753250,omid:br/06304560767,omid:br/062602753250,2022-07-01,P32Y5M,no,no
oci:06530312382-061501726191,omid:br/06530312382,omid:br/061501726191,2022,P2Y,no,no
oci:06530312382-06110361828,omid:br/06530312382,omid:br/06110361828,2022,P19Y,no,no
oci:06530312382-06801850406,omid:br/06530312382,omid:br/06801850406,2022,P10Y,no,no
oci:06530312382-06801849943,omid:br/06530312382,omid:br/06801849943,2022,P9Y,no,no
oci:06530312382-06301849021,omid:br/06530312382,omid:br/06301849021,2022,P2Y,no,no
oci:06530312382-06401864900,omid:br/06530312382,omid:br/06401864900,2022,P3Y,no,no
oci:06490302455-06470272002,omid:br/06490302455,omid:br/06470272002,2021-04-05,P9Y6M0D,no,no
oci:06490302455-0610354383,omid:br/06490302455,omid:br/0610354383,2021-04-05,P22Y0M,no,no
oci:06490302455-061102072557,omid:br/06490302455,omid:br/061102072557,2021-04-05,P12Y7M15D,no,no
oci:06490302455-062401283672,omid:br/06490302455,omid:br/062401283672,2021-04-05,P0Y8M13D,no,no
oci:06490302455-062302058376,omid:br/06490302455,omid:br/062302058376,2021-04-05,P15Y4M20D,no,no
oci:06490302455-061202644739,omid:br/06490302455,omid:br/061202644739,2021-04-05,P4Y5M18D,no,no
oci:06490302455-062202608366,omid:br/06490302455,omid:br/062202608366,2021-04-05,P1Y1M16D,no,no
oci:06490302455-06201818315,omid:br/06490302455,omid:br/06201818315,2021-04-05,P2Y11M11D,no,no
oci:06490302455-06602444159,omid:br/06490302455,omid:br/06602444159,2021-04-05,P11Y6M28D,no,no
oci:06490302455-06201789140,omid:br/06490302455,omid:br/06201789140,2021-04-05,P4Y9M12D,no,no
oci:06490302455-061202644697,omid:br/06490302455,omid:br/061202644697,2021-04-05,P4Y3M24D,no,no
oci:06490302455-06140344085,omid:br/06490302455,omid:br/06140344085,2021-04-05,P1Y5M13D,no,no
oci:06490302455-061202644530,omid:br/06490302455,omid:br/061202644530,2021-04-05,P3Y10M10D,no,no
oci:06490302455-0650350484,omid:br/06490302455,omid:br/0650350484,2021-04-05,P6Y1M1D,no,no
oci:06490302455-062301172352,omid:br/06490302455,omid:br/062301172352,2021-04-05,P3Y5M27D,no,no
oci:06490302455-061302085115,omid:br/06490302455,omid:br/061302085115,2021-04-05,P1Y10M8D,no,no
oci:06490302455-06501317365,omid:br/06490302455,omid:br/06501317365,2021-04-05,P4Y8M25D,no,no
oci:06490302455-061802029571,omid:br/06490302455,omid:br/061802029571,2021-04-05,P1Y2M5D,no,no
oci:06490302455-06190484842,omid:br/06490302455,omid:br/06190484842,2021-04-05,P1Y7M27D,no,no
oci:06490302455-06190485340,omid:br/06490302455,omid:br/06190485340,2021-04-05,P1Y10M12D,no,no
oci:06490302455-062501304183,omid:br/06490302455,omid:br/062501304183,2021-04-05,P5Y11M7D,no,no
oci:06490302455-062501304181,omid:br/06490302455,omid:br/062501304181,2021-04-05,P5Y11M7D,no,no
oci:06490302455-061902029432,omid:br/06490302455,omid:br/061902029432,2021-04-05,P4Y8M22D,no,no
oci:06490302455-0610355632,omid:br/06490302455,omid:br/0610355632,2021-04-05,P4Y8M16D,no,no
oci:06490302455-06240626215,omid:br/06490302455,omid:br/06240626215,2021-04-05,P0Y7M15D,no,no
oci:06490302455-061401296044,omid:br/06490302455,omid:br/061401296044,2021-04-05,P3Y4M,no,no
oci:06490302455-0670356720,omid:br/06490302455,omid:br/0670356720,2021-04-05,P16Y7M,no,no
oci:06490302455-06120347005,omid:br/06490302455,omid:br/06120347005,2021-04-05,P14Y2M,no,no
oci:06490302455-0650484776,omid:br/06490302455,omid:br/0650484776,2021-04-05,P7Y3M16D,no,no
oci:06490302455-06240625931,omid:br/06490302455,omid:br/06240625931,2021-04-05,P0Y5M27D,no,no
oci:06490302455-0690360881,omid:br/06490302455,omid:br/0690360881,2021-04-05,P13Y7M,no,no
oci:06490302455-061902029738,omid:br/06490302455,omid:br/061902029738,2021-04-05,P6Y5M19D,no,no
oci:06490302455-062301172133,omid:br/06490302455,omid:br/062301172133,2021-04-05,P1Y0M2D,no,no
oci:06490302455-062301304985,omid:br/06490302455,omid:br/062301304985,2021-04-05,P0Y6M8D,no,no
oci:06490302455-061902029399,omid:br/06490302455,omid:br/061902029399,2021-04-05,P4Y6M30D,no,no
oci:06490302455-062101302374,omid:br/06490302455,omid:br/062101302374,2021-04-05,P4Y8M11D,no,no
oci:06490302455-062301172263,omid:br/06490302455,omid:br/062301172263,2021-04-05,P2Y1M21D,no,no
oci:06490302455-062301172135,omid:br/06490302455,omid:br/062301172135,2021-04-05,P1Y0M9D,no,no
oci:06490302455-06403725415,omid:br/06490302455,omid:br/06403725415,2021-04-05,P12Y6M0D,no,no
oci:06490302455-06101414856,omid:br/06490302455,omid:br/06101414856,2021-04-05,P10Y11M21D,no,no
oci:06490302455-062602087217,omid:br/06490302455,omid:br/062602087217,2021-04-05,P9Y10M4D,no,no
oci:06490302455-061102073315,omid:br/06490302455,omid:br/061102073315,2021-04-05,P1Y9M21D,no,no
oci:06490302455-062301172375,omid:br/06490302455,omid:br/062301172375,2021-04-05,P3Y11M17D,no,no
oci:0604032794-06160603919,omid:br/0604032794,omid:br/06160603919,2019-05-10,P8Y10M19D,no,no
oci:06530312401-06240341789,omid:br/06530312401,omid:br/06240341789,2021-09-05,P19Y10M,no,no
oci:06530312401-06140341311,omid:br/06530312401,omid:br/06140341311,2021-09-05,P18Y0M,no,no
oci:06530312401-061102685051,omid:br/06530312401,omid:br/061102685051,2021-09-05,P2Y7M13D,no,no
oci:06530312401-061701289288,omid:br/06530312401,omid:br/061701289288,2021-09-05,P22Y3M,no,no
oci:06530312401-06260584182,omid:br/06530312401,omid:br/06260584182,2021-09-05,P0Y9M6D,no,no
oci:06530312401-06110628985,omid:br/06530312401,omid:br/06110628985,2021-09-05,P15Y1M8D,no,no
oci:06530312401-06601320669,omid:br/06530312401,omid:br/06601320669,2021-09-05,P2Y5M30D,no,no
oci:06530312401-061902616936,omid:br/06530312401,omid:br/061902616936,2021-09-05,P0Y4M30D,no,no
oci:06530312401-0680677279,omid:br/06530312401,omid:br/0680677279,2021-09-05,P6Y1M,no,no
oci:0604440567-06170295101,omid:br/0604440567,omid:br/06170295101,2015-11-10,P0Y5M23D,no,no
oci:06530312364-061401727916,omid:br/06530312364,omid:br/061401727916,2022-03-01,P20Y8M8D,no,no
oci:06530312364-0628010419,omid:br/06530312364,omid:br/0628010419,2022-03-01,P1Y10M,no,no
oci:06530312362-061502619812,omid:br/06530312362,omid:br/061502619812,2021-07-05,P3Y7M,no,no
oci:06530312362-061602453154,omid:br/06530312362,omid:br/061602453154,2021-07-05,P8Y,no,no
oci:06530312362-061602624384,omid:br/06530312362,omid:br/061602624384,2021-07-05,P2Y3M24D,no,no
oci:06530312362-061601466595,omid:br/06530312362,omid:br/061601466595,2021-07-05,P10Y10M2D,no,no
oci:06530312362-061602093854,omid:br/06530312362,omid:br/061602093854,2021-07-05,P6Y,no,no
oci:06530312362-062502577250,omid:br/06530312362,omid:br/062502577250,2021-07-05,P1Y4M,no,no
oci:06530312362-06230529483,omid:br/06530312362,omid:br/06230529483,2021-07-05,P7Y0M12D,no,no
oci:06530312362-06220599477,omid:br/06530312362,omid:br/06220599477,2021-07-05,P3Y0M0D,no,no
oci:06530312362-061301458135,omid:br/06530312362,omid:br/061301458135,2021-07-05,P3Y10M11D,no,no
oci:06530312362-06150604194,omid:br/06530312362,omid:br/06150604194,2021-07-05,P10Y7M13D,no,no
oci:06530312362-062102872135,omid:br/06530312362,omid:br/062102872135,2021-07-05,P3Y5M19D,no,no
oci:06304560812-061304040939,omid:br/06304560812,omid:br/061304040939,2022-05-01,P50Y6M,no,no
oci:06304560812-06140146701,omid:br/06304560812,omid:br/06140146701,2022-05-01,P10Y10M,no,no
oci:06304560812-06230606035,omid:br/06304560812,omid:br/06230606035,2022-05-01,P4Y4M20D,no,no
oci:06304560752-061501280953,omid:br/06304560752,omid:br/061501280953,2022-06-01,P15Y2M,no,no
oci:06304560752-06230606180,omid:br/06304560752,omid:br/06230606180,2022-06-01,P4Y7M2D,no,no
oci:06304560752-061801337910,omid:br/06304560752,omid:br/061801337910,2022-06-01,P7Y4M,no,no
oci:06304560752-06260618286,omid:br/06304560752,omid:br/06260618286,2022-06-01,P7Y3M15D,no,no
oci:06304560752-06160814112,omid:br/06304560752,omid:br/06160814112,2022-06-01,P6Y4M6D,no,no
oci:06304560752-06101573574,omid:br/06304560752,omid:br/06101573574,2022-06-01,P8Y4M,no,no
oci:06304560752-061201337905,omid:br/06304560752,omid:br/061201337905,2022-06-01,P0Y6M,no,no
oci:06904016274-061503135951,omid:br/06904016274,omid:br/061503135951,2020-12-10,P15Y,no,no
oci:06904016274-061201457422,omid:br/06904016274,omid:br/061201457422,2020-12-10,P2Y9M8D,no,no
oci:06510312511-061803829526,omid:br/06510312511,omid:br/061803829526,2020-02-10,P38Y,no,no
oci:06510312511-06490303013,omid:br/06510312511,omid:br/06490303013,2020-02-10,P35Y,yes,no
oci:06510312511-06470294504,omid:br/06510312511,omid:br/06470294504,2020-02-10,P35Y,yes,no
oci:06510312511-061302861717,omid:br/06510312511,omid:br/061302861717,2020-02-10,P6Y,no,no
oci:06510312511-06601715190,omid:br/06510312511,omid:br/06601715190,2020-02-10,P22Y,no,no
oci:06510312511-06702757644,omid:br/06510312511,omid:br/06702757644,2020-02-10,P16Y,no,no
oci:06510312511-0670603243,omid:br/06510312511,omid:br/0670603243,2020-02-10,P8Y,no,no
oci:06510312511-06210347671,omid:br/06510312511,omid:br/06210347671,2020-02-10,P1Y5M,no,no
oci:06490302651-061302011633,omid:br/06490302651,omid:br/061302011633,2013-01-10,P0Y4M12D,no,no
oci:0604032821-06110604718,omid:br/0604032821,omid:br/06110604718,2019-06-10,P5Y11M9D,no,no
oci:0604032821-0610610916,omid:br/0604032821,omid:br/0610610916,2019-06-10,P4Y11M28D,no,no
oci:0604032750-06220600058,omid:br/0604032750,omid:br/06220600058,2019-02-10,P0Y11M14D,no,no
oci:06530312399-061804067129,omid:br/06530312399,omid:br/061804067129,2021-08-05,P1Y3M4D,no,no
oci:06530312399-061804067124,omid:br/06530312399,omid:br/061804067124,2021-08-05,P1Y3M4D,no,no
oci:06530312399-061804067170,omid:br/06530312399,omid:br/061804067170,2021-08-05,P1Y3M4D,no,no
oci:06530312399-061804067183,omid:br/06530312399,omid:br/061804067183,2021-08-05,P1Y3M4D,no,no
oci:06530312399-061804067111,omid:br/06530312399,omid:br/061804067111,2021-08-05,P1Y3M4D,no,no
oci:06510312509-061403790550,omid:br/06510312509,omid:br/061403790550,2020-03-10,P17Y5M,no,no
oci:06510312509-061903084724,omid:br/06510312509,omid:br/061903084724,2020-03-10,P17Y5M13D,no,no
oci:06510312509-061803073154,omid:br/06510312509,omid:br/061803073154,2020-03-10,P16Y8M12D,no,no
oci:06510312509-0630487046,omid:br/06510312509,omid:br/0630487046,2020-03-10,P30Y4M7D,no,no
oci:06510312509-06103950199,omid:br/06510312509,omid:br/06103950199,2020-03-10,P24Y4M9D,no,no
oci:06510312509-061701439951,omid:br/06510312509,omid:br/061701439951,2020-03-10,P13Y6M,no,no
oci:06510312509-06130320733,omid:br/06510312509,omid:br/06130320733,2020-03-10,P9Y8M15D,no,no
oci:06510312509-061303109643,omid:br/06510312509,omid:br/061303109643,2020-03-10,P8Y0M19D,no,no
oci:06510312509-061301798749,omid:br/06510312509,omid:br/061301798749,2020-03-10,P13Y5M20D,no,no
oci:06510312509-06801813250,omid:br/06510312509,omid:br/06801813250,2020-03-10,P7Y9M28D,no,no
oci:06510312509-06103950113,omid:br/06510312509,omid:br/06103950113,2020-03-10,P25Y8M9D,no,no
oci:06510312509-062102581515,omid:br/06510312509,omid:br/062102581515,2020-03-10,P20Y8M,no,no
oci:06510312509-06103950386,omid:br/06510312509,omid:br/06103950386,2020-03-10,P20Y11M9D,no,no
oci:06510312509-061903084734,omid:br/06510312509,omid:br/061903084734,2020-03-10,P17Y5M13D,no,no
oci:06510312509-06103019248,omid:br/06510312509,omid:br/06103019248,2020-03-10,P3Y5M,no,no
oci:06510312509-06501824816,omid:br/06510312509,omid:br/06501824816,2020-03-10,P4Y11M10D,no,no
oci:06510312509-06340229713,omid:br/06510312509,omid:br/06340229713,2020-03-10,P7Y,no,no
oci:06510312509-061202584514,omid:br/06510312509,omid:br/061202584514,2020-03-10,P15Y1M,no,no
oci:06510312509-061102600439,omid:br/06510312509,omid:br/061102600439,2020-03-10,P14Y7M,no,no
oci:06510312509-06280256936,omid:br/06510312509,omid:br/06280256936,2020-03-10,P59Y0M,no,no
oci:06510312509-062102582445,omid:br/06510312509,omid:br/062102582445,2020-03-10,P26Y2M,no,no
oci:06510312509-062202579054,omid:br/06510312509,omid:br/062202579054,2020-03-10,P30Y5M,no,no
oci:06510312509-061101814772,omid:br/06510312509,omid:br/061101814772,2020-03-10,P11Y3M0D,no,no
oci:06510312509-061501463028,omid:br/06510312509,omid:br/061501463028,2020-03-10,P11Y11M,no,no
oci:06510312450-0670700439,omid:br/06510312450,omid:br/0670700439,2020-10-10,P3Y0M18D,no,no
oci:06510312450-061201677174,omid:br/06510312450,omid:br/061201677174,2020-10-10,P9Y0M,no,no
oci:06510312450-06210558136,omid:br/06510312450,omid:br/06210558136,2020-10-10,P1Y3M28D,no,no
oci:06304560809-0690611961,omid:br/06304560809,omid:br/0690611961,2022-07-01,P40Y3M26D,no,no
oci:06304560772-061301458859,omid:br/06304560772,omid:br/061301458859,2022-07-01,P6Y9M3D,no,no
oci:06304560772-061702070903,omid:br/06304560772,omid:br/061702070903,2022-07-01,P14Y5M16D,no,no
oci:06304560772-06140344916,omid:br/06304560772,omid:br/06140344916,2022-07-01,P9Y7M,no,no
oci:06304560772-06201318722,omid:br/06304560772,omid:br/06201318722,2022-07-01,P2Y7M,no,no
oci:06510312485-061302581323,omid:br/06510312485,omid:br/061302581323,2020-03-10,P16Y1M,no,no
oci:06510312485-061702592456,omid:br/06510312485,omid:br/061702592456,2020-03-10,P17Y0M,no,no
oci:06510312485-06501573156,omid:br/06510312485,omid:br/06501573156,2020-03-10,P7Y10M,no,no
oci:06510312485-06501573186,omid:br/06510312485,omid:br/06501573186,2020-03-10,P7Y10M,no,no
oci:06510312485-06303003735,omid:br/06510312485,omid:br/06303003735,2020-03-10,P7Y7M,no,no
oci:06510312485-06702984411,omid:br/06510312485,omid:br/06702984411,2020-03-10,P11Y11M,no,no
oci:06510312485-06203602381,omid:br/06510312485,omid:br/06203602381,2020-03-10,P51Y,no,no
oci:06510312485-062502156914,omid:br/06510312485,omid:br/062502156914,2020-03-10,P19Y0M,no,no
oci:06510312485-06203004551,omid:br/06510312485,omid:br/06203004551,2020-03-10,P5Y11M,no,no
oci:06490302441-0642043939,omid:br/06490302441,omid:br/0642043939,2021-02-05,P348Y11M17D,no,no
oci:06490302441-061603509824,omid:br/06490302441,omid:br/061603509824,2021-02-05,P22Y2M9D,no,no
oci:06490302441-06150968753,omid:br/06490302441,omid:br/06150968753,2021-02-05,P0Y4M15D,no,no
oci:06490302441-0670601727,omid:br/06490302441,omid:br/0670601727,2021-02-05,P2Y5M21D,no,no
oci:06490302441-06103050411,omid:br/06490302441,omid:br/06103050411,2021-02-05,P6Y11M8D,no,no
oci:06490302441-061501635101,omid:br/06490302441,omid:br/061501635101,2021-02-05,P3Y5M11D,no,no
oci:06510312500-0604372461,omid:br/06510312500,omid:br/0604372461,2020-11-10,P0Y7M0D,yes,no
oci:06204568477-06402781401,omid:br/06204568477,omid:br/06402781401,2022-08-01,P3Y2M0D,no,no
oci:06204568477-06310232682,omid:br/06204568477,omid:br/06310232682,2022-08-01,P5Y3M17D,no,no
oci:06204568477-061302861720,omid:br/06204568477,omid:br/061302861720,2022-08-01,P8Y,no,no
oci:06204568477-06140440781,omid:br/06204568477,omid:br/06140440781,2022-08-01,P2Y0M10D,no,no
oci:06204568477-0640878681,omid:br/06204568477,omid:br/0640878681,2022-08-01,P70Y11M0D,no,no
oci:06304560744-061602169858,omid:br/06304560744,omid:br/061602169858,2022-09-01,P10Y,no,no
oci:06304560744-06190605682,omid:br/06304560744,omid:br/06190605682,2022-09-01,P2Y11M16D,no,no
oci:0604372494-06510312502,omid:br/0604372494,omid:br/06510312502,2020-06-10,P0Y9M0D,yes,no
oci:0604372494-06520295851,omid:br/0604372494,omid:br/06520295851,2020-06-10,P19Y,yes,no
oci:0604372494-06530312765,omid:br/0604372494,omid:br/06530312765,2020-06-10,P18Y,yes,no
oci:0604372494-06190698063,omid:br/0604372494,omid:br/06190698063,2020-06-10,P2Y,no,no
oci:0604372494-06490302184,omid:br/0604372494,omid:br/06490302184,2020-06-10,P26Y,yes,no
oci:0604372494-06104576213,omid:br/0604372494,omid:br/06104576213,2020-06-10,P18Y,yes,no
oci:0604372494-06104575985,omid:br/0604372494,omid:br/06104575985,2020-06-10,P4Y9M0D,yes,no
oci:0604372494-06101230144,omid:br/0604372494,omid:br/06101230144,2020-06-10,P23Y2M,no,no
oci:0604372494-061901259634,omid:br/0604372494,omid:br/061901259634,2020-06-10,P19Y4M,no,no
oci:0604372494-061801208196,omid:br/0604372494,omid:br/061801208196,2020-06-10,P1Y7M,no,no
oci:0604372494-06180354249,omid:br/0604372494,omid:br/06180354249,2020-06-10,P15Y7M,no,no
oci:0604372494-061501462237,omid:br/0604372494,omid:br/061501462237,2020-06-10,P8Y9M22D,no,no
oci:0604372494-0670485772,omid:br/0604372494,omid:br/0670485772,2020-06-10,P13Y10M27D,no,no
oci:0604372494-0660659425,omid:br/0604372494,omid:br/0660659425,2020-06-10,P7Y0M28D,no,no
oci:0604372494-061202644644,omid:br/0604372494,omid:br/061202644644,2020-06-10,P3Y4M4D,no,no
oci:0604372494-0604032740,omid:br/0604372494,omid:br/0604032740,2020-06-10,P1Y1M0D,yes,no
oci:0604372494-0604032826,omid:br/0604372494,omid:br/0604032826,2020-06-10,P0Y11M0D,yes,no
oci:0604372494-061703599534,omid:br/0604372494,omid:br/061703599534,2020-06-10,P0Y9M0D,yes,no
oci:0604372494-06510312456,omid:br/0604372494,omid:br/06510312456,2020-06-10,P0Y5M0D,yes,no
oci:0604372494-06201220107,omid:br/0604372494,omid:br/06201220107,2020-06-10,P21Y1M,no,no
oci:06530312381-0630351797,omid:br/06530312381,omid:br/0630351797,2021-07-05,P13Y1M,no,no
oci:06530312381-06210484182,omid:br/06530312381,omid:br/06210484182,2021-07-05,P2Y8M16D,no,no
oci:06530312381-06220847679,omid:br/06530312381,omid:br/06220847679,2021-07-05,P5Y9M12D,no,no
oci:06530312381-062301172162,omid:br/06530312381,omid:br/062301172162,2021-07-05,P1Y5M25D,no,no
oci:06530312381-06190351047,omid:br/06530312381,omid:br/06190351047,2021-07-05,P2Y7M,no,no
oci:06530312381-06240626129,omid:br/06530312381,omid:br/06240626129,2021-07-05,P0Y10M1D,no,no
oci:06530312381-062301172257,omid:br/06530312381,omid:br/062301172257,2021-07-05,P2Y4M0D,no,no
oci:06530312381-06190355824,omid:br/06530312381,omid:br/06190355824,2021-07-05,P15Y10M,no,no
oci:06530312381-06801317763,omid:br/06530312381,omid:br/06801317763,2021-07-05,P9Y10M,no,no
oci:06530312381-061503135707,omid:br/06530312381,omid:br/061503135707,2021-07-05,P7Y2M4D,no,no
oci:06530312381-06130344833,omid:br/06530312381,omid:br/06130344833,2021-07-05,P1Y4M23D,no,no
oci:06530312381-0640353162,omid:br/06530312381,omid:br/0640353162,2021-07-05,P19Y8M,no,no
oci:06530312381-062501304376,omid:br/06530312381,omid:br/062501304376,2021-07-05,P6Y2M20D,no,no
oci:06530312381-06701310040,omid:br/06530312381,omid:br/06701310040,2021-07-05,P2Y5M7D,no,no
oci:06304560816-0660326826,omid:br/06304560816,omid:br/0660326826,2022-05-01,P15Y2M,no,no
oci:06304560816-061501635488,omid:br/06304560816,omid:br/061501635488,2022-05-01,P5Y10M8D,no,no
oci:06304560816-061101818413,omid:br/06304560816,omid:br/061101818413,2022-05-01,P13Y6M1D,no,no
oci:06304560816-06703050547,omid:br/06304560816,omid:br/06703050547,2022-05-01,P46Y2M7D,no,no
oci:06304560816-06130482796,omid:br/06304560816,omid:br/06130482796,2022-05-01,P18Y3M1D,no,no
oci:06304560816-06120344846,omid:br/06304560816,omid:br/06120344846,2022-05-01,P8Y9M1D,no,no
oci:06304560816-06240626076,omid:br/06304560816,omid:br/06240626076,2022-05-01,P1Y7M20D,no,no
oci:06304560816-06240625350,omid:br/06304560816,omid:br/06240625350,2022-05-01,P1Y3M16D,no,no
oci:06304560816-061701312186,omid:br/06304560816,omid:br/061701312186,2022-05-01,P5Y1M11D,no,no
oci:06304560816-06230657853,omid:br/06304560816,omid:br/06230657853,2022-05-01,P2Y7M11D,no,no
oci:06304560816-06230642370,omid:br/06304560816,omid:br/06230642370,2022-05-01,P0Y11M10D,no,no
oci:06304560816-06190658213,omid:br/06304560816,omid:br/06190658213,2022-05-01,P0Y8M29D,no,no
oci:06304560800-061702071064,omid:br/06304560800,omid:br/061702071064,2022-07-01,P14Y8M16D,no,no
oci:06304560800-0610491283,omid:br/06304560800,omid:br/0610491283,2022-07-01,P6Y3M27D,no,no
oci:06304560800-062101789205,omid:br/06304560800,omid:br/062101789205,2022-07-01,P3Y7M,no,no
oci:06304560800-06201319373,omid:br/06304560800,omid:br/06201319373,2022-07-01,P2Y7M23D,no,no
oci:06304560800-06170480715,omid:br/06304560800,omid:br/06170480715,2022-07-01,P2Y0M19D,no,no
oci:06304560800-0630645487,omid:br/06304560800,omid:br/0630645487,2022-07-01,P6Y8M29D,no,no
oci:06304560800-06202540599,omid:br/06304560800,omid:br/06202540599,2022-07-01,P26Y11M,no,no
oci:06304560800-06302438059,omid:br/06304560800,omid:br/06302438059,2022-07-01,P11Y9M11D,no,no
oci:06304560800-06401475869,omid:br/06304560800,omid:br/06401475869,2022-07-01,P0Y10M,no,no
oci:06304560800-06230355282,omid:br/06304560800,omid:br/06230355282,2022-07-01,P4Y10M,no,no
oci:06304560800-06302273597,omid:br/06304560800,omid:br/06302273597,2022-07-01,P2Y3M22D,no,no
oci:06304560800-06180627391,omid:br/06304560800,omid:br/06180627391,2022-07-01,P12Y11M16D,no,no
oci:06304560800-061901248328,omid:br/06304560800,omid:br/061901248328,2022-07-01,P3Y11M,no,no
oci:06304560800-06120648281,omid:br/06304560800,omid:br/06120648281,2022-07-01,P8Y8M20D,no,no
oci:06304560800-061902618073,omid:br/06304560800,omid:br/061902618073,2022-07-01,P2Y3M13D,no,no
oci:06304560800-06230642575,omid:br/06304560800,omid:br/06230642575,2022-07-01,P1Y2M22D,no,no
oci:06530312389-06240590241,omid:br/06530312389,omid:br/06240590241,2021-06-05,P4Y6M25D,no,no
oci:06530312389-06210602747,omid:br/06530312389,omid:br/06210602747,2021-06-05,P2Y7M17D,no,no
oci:06530312389-062201294317,omid:br/06530312389,omid:br/062201294317,2021-06-05,P15Y,no,no
oci:06530312389-06301293506,omid:br/06530312389,omid:br/06301293506,2021-06-05,P0Y5M,no,no
oci:06530312389-061301458683,omid:br/06530312389,omid:br/061301458683,2021-06-05,P5Y2M28D,no,no
oci:06530312389-061201457358,omid:br/06530312389,omid:br/061201457358,2021-06-05,P3Y1M3D,no,no
oci:06530312389-061102663261,omid:br/06530312389,omid:br/061102663261,2021-06-05,P3Y7M2D,no,no
oci:06530312389-06402452995,omid:br/06530312389,omid:br/06402452995,2021-06-05,P3Y6M29D,no,no
oci:06530312389-06260584411,omid:br/06530312389,omid:br/06260584411,2021-06-05,P0Y7M1D,no,no
oci:06530312389-061301458245,omid:br/06530312389,omid:br/061301458245,2021-06-05,P4Y1M9D,no,no
oci:06290398647-06304561356,omid:br/06290398647,omid:br/06304561356,,,no,no
oci:06290398647-06403935092,omid:br/06290398647,omid:br/06403935092,,,no,no
oci:06290398647-06210602272,omid:br/06290398647,omid:br/06210602272,,,no,no
oci:06290398647-06602174104,omid:br/06290398647,omid:br/06602174104,,,no,no
oci:06290398647-0646061920,omid:br/06290398647,omid:br/0646061920,,,no,no
oci:06290398647-06490302422,omid:br/06290398647,omid:br/06490302422,,,no,no
oci:06290398647-06110605267,omid:br/06290398647,omid:br/06110605267,,,no,no
oci:06290398647-06101068320,omid:br/06290398647,omid:br/06101068320,,,no,no
oci:06290398647-06180602120,omid:br/06290398647,omid:br/06180602120,,,no,no
oci:06530312353-061701752585,omid:br/06530312353,omid:br/061701752585,2022,P12Y,no,no
oci:06530312353-06303031564,omid:br/06530312353,omid:br/06303031564,2022,P3Y,no,no
oci:06530312353-061402052413,omid:br/06530312353,omid:br/061402052413,2022,P1Y,no,no
oci:0604372488-06110190005,omid:br/0604372488,omid:br/06110190005,2020-06-10,P5Y,no,no
oci:0604372488-06201319619,omid:br/0604372488,omid:br/06201319619,2020-06-10,P5Y10M17D,no,no
oci:0604372488-06260816083,omid:br/0604372488,omid:br/06260816083,2020-06-10,P0Y4M,no,no
oci:06604570680-06140350136,omid:br/06604570680,omid:br/06140350136,2019-11-10,P45Y2M,no,no
oci:06304560756-06350248121,omid:br/06304560756,omid:br/06350248121,2022-08-01,P9Y,no,no
oci:06304560756-06120354986,omid:br/06304560756,omid:br/06120354986,2022-08-01,P15Y6M2D,no,no
oci:06304560756-061901164902,omid:br/06304560756,omid:br/061901164902,2022-08-01,P2Y10M17D,no,no
oci:06304560756-06410310613,omid:br/06304560756,omid:br/06410310613,2022-08-01,P1Y8M22D,no,no
oci:06510312489-0640571771,omid:br/06510312489,omid:br/0640571771,2020-01-10,P0Y4M22D,no,no
oci:06510312489-06140708838,omid:br/06510312489,omid:br/06140708838,2020-01-10,P5Y,no,no
oci:06510312489-0640716899,omid:br/06510312489,omid:br/0640716899,2020-01-10,P0Y,no,no
oci:0604032761-06250597972,omid:br/0604032761,omid:br/06250597972,2019-07-10,P3Y10M8D,no,no
oci:06530312352-06110874336,omid:br/06530312352,omid:br/06110874336,2022-03-01,P44Y7M,no,no
oci:06530312352-0610486755,omid:br/06530312352,omid:br/0610486755,2022-03-01,P7Y9M15D,no,no
oci:06530312352-061602881896,omid:br/06530312352,omid:br/061602881896,2022-03-01,P15Y,no,no
oci:06530312352-06140596792,omid:br/06530312352,omid:br/06140596792,2022-03-01,P10Y6M7D,no,no
oci:06530312352-06160227896,omid:br/06530312352,omid:br/06160227896,2022-03-01,P6Y8M,no,no
oci:06530312352-06250597647,omid:br/06530312352,omid:br/06250597647,2022-03-01,P6Y1M21D,no,no
oci:06530312352-06701567812,omid:br/06530312352,omid:br/06701567812,2022-03-01,P1Y2M19D,no,no
oci:06530312352-062403506646,omid:br/06530312352,omid:br/062403506646,2022-03-01,P20Y6M,no,no
oci:06530312352-06901259074,omid:br/06530312352,omid:br/06901259074,2022-03-01,P14Y11M,no,no
oci:06530312352-06901259112,omid:br/06530312352,omid:br/06901259112,2022-03-01,P14Y11M,no,no
oci:06530312352-0640239175,omid:br/06530312352,omid:br/0640239175,2022-03-01,P2Y3M,no,no
oci:06304560805-06460301464,omid:br/06304560805,omid:br/06460301464,2022-05-01,P9Y7M21D,yes,no
oci:06304560805-0604032779,omid:br/06304560805,omid:br/0604032779,2022-05-01,P3Y0M21D,yes,no
oci:06304560805-06530312391,omid:br/06304560805,omid:br/06530312391,2022-05-01,P0Y9M26D,yes,no
oci:06304560805-06530312615,omid:br/06304560805,omid:br/06530312615,2022-05-01,P10Y3M21D,yes,no
oci:06304560805-0604032749,omid:br/06304560805,omid:br/0604032749,2022-05-01,P3Y1M21D,yes,no
oci:06304560805-06460301548,omid:br/06304560805,omid:br/06460301548,2022-05-01,P8Y5M21D,yes,no
oci:06304560805-062302612286,omid:br/06304560805,omid:br/062302612286,2022-05-01,P2Y2M25D,no,no
oci:06304560805-06704539894,omid:br/06304560805,omid:br/06704539894,2022-05-01,P34Y,yes,no
oci:06304560805-06460301508,omid:br/06304560805,omid:br/06460301508,2022-05-01,P8Y5M21D,yes,no
oci:06304560805-06510312378,omid:br/06304560805,omid:br/06510312378,2022-05-01,P4Y4M21D,yes,no
oci:06304560805-062502016106,omid:br/06304560805,omid:br/062502016106,2022-05-01,P6Y4M16D,no,no
oci:06304560805-06303032996,omid:br/06304560805,omid:br/06303032996,2022-05-01,P4Y10M10D,no,no
oci:06304560805-06250961737,omid:br/06304560805,omid:br/06250961737,2022-05-01,P6Y,no,no
oci:06304560805-06170200567,omid:br/06304560805,omid:br/06170200567,2022-05-01,P5Y3M,no,no
oci:06304560805-06180488792,omid:br/06304560805,omid:br/06180488792,2022-05-01,P57Y9M1D,no,no
oci:06530312325-06150526599,omid:br/06530312325,omid:br/06150526599,2022-03-01,P40Y8M,no,no
oci:06530312325-06120594585,omid:br/06530312325,omid:br/06120594585,2022-03-01,P9Y0M0D,no,no
oci:06530312325-06220599707,omid:br/06530312325,omid:br/06220599707,2022-03-01,P3Y9M8D,no,no
oci:06530312325-061902058636,omid:br/06530312325,omid:br/061902058636,2022-03-01,P15Y7M22D,no,no
oci:06530312325-06180627717,omid:br/06530312325,omid:br/06180627717,2022-03-01,P12Y8M7D,no,no
oci:06530312325-061101251280,omid:br/06530312325,omid:br/061101251280,2022-03-01,P15Y9M,no,no
oci:06530312325-06510312731,omid:br/06530312325,omid:br/06510312731,2022-03-01,P14Y5M19D,yes,no
oci:06530312325-0680154600,omid:br/06530312325,omid:br/0680154600,2022-03-01,P24Y0M,no,no
oci:06530312325-06203744185,omid:br/06530312325,omid:br/06203744185,2022-03-01,P2Y9M19D,no,no
oci:06530312325-06801123212,omid:br/06530312325,omid:br/06801123212,2022-03-01,P17Y1M,no,no
oci:06530312325-061101251250,omid:br/06530312325,omid:br/061101251250,2022-03-01,P15Y9M,no,no
oci:06530312325-0610634425,omid:br/06530312325,omid:br/0610634425,2022-03-01,P13Y11M1D,no,no
oci:06530312325-06190606385,omid:br/06530312325,omid:br/06190606385,2022-03-01,P13Y5M17D,no,no
oci:06530312325-06530312964,omid:br/06530312325,omid:br/06530312964,2022-03-01,P22Y,yes,no
oci:06490302445-06203079802,omid:br/06490302445,omid:br/06203079802,2021-11-01,P3Y11M2D,no,no
oci:06490302445-06303019653,omid:br/06490302445,omid:br/06303019653,2021-11-01,P4Y2M11D,no,no
oci:06490302445-06220342654,omid:br/06490302445,omid:br/06220342654,2021-11-01,P3Y8M13D,no,no
oci:06490302445-06120344878,omid:br/06490302445,omid:br/06120344878,2021-11-01,P8Y4M,no,no
oci:06490302445-062102006030,omid:br/06490302445,omid:br/062102006030,2021-11-01,P9Y8M,no,no
oci:06490302445-061901314320,omid:br/06490302445,omid:br/061901314320,2021-11-01,P5Y0M27D,no,no
oci:06490302445-061902011007,omid:br/06490302445,omid:br/061902011007,2021-11-01,P6Y6M,no,no
oci:06490302445-06250649367,omid:br/06490302445,omid:br/06250649367,2021-11-01,P3Y6M27D,no,no
oci:06490302445-06250649494,omid:br/06490302445,omid:br/06250649494,2021-11-01,P3Y8M0D,no,no
oci:06490302445-061201309333,omid:br/06490302445,omid:br/061201309333,2021-11-01,P3Y5M28D,no,no
oci:06490302445-061602026981,omid:br/06490302445,omid:br/061602026981,2021-11-01,P2Y2M,no,no
oci:06490302445-06250649154,omid:br/06490302445,omid:br/06250649154,2021-11-01,P3Y5M1D,no,no
oci:06490302445-06303019738,omid:br/06490302445,omid:br/06303019738,2021-11-01,P4Y3M6D,no,no
oci:06490302445-062302841538,omid:br/06490302445,omid:br/062302841538,2021-11-01,P4Y10M4D,no,no
oci:06490302445-061501101232,omid:br/06490302445,omid:br/061501101232,2021-11-01,P4Y7M5D,no,no
oci:06490302445-0620655672,omid:br/06490302445,omid:br/0620655672,2021-11-01,P5Y6M14D,no,no
oci:06490302445-0650659429,omid:br/06490302445,omid:br/0650659429,2021-11-01,P7Y11M26D,no,no
oci:06490302445-06401326118,omid:br/06490302445,omid:br/06401326118,2021-11-01,P8Y2M26D,no,no
oci:06490302445-061502018687,omid:br/06490302445,omid:br/061502018687,2021-11-01,P1Y10M,no,no
oci:06304560761-06102838152,omid:br/06304560761,omid:br/06102838152,2022-09-01,P6Y5M,no,no
oci:06304560761-061501297661,omid:br/06304560761,omid:br/061501297661,2022-09-01,P4Y7M7D,no,no
oci:06304560761-06702420993,omid:br/06304560761,omid:br/06702420993,2022-09-01,P11Y3M0D,no,no
oci:06530312388-061902010438,omid:br/06530312388,omid:br/061902010438,2021-06-05,P4Y7M,no,no
oci:06530312388-061501102384,omid:br/06530312388,omid:br/061501102384,2021-06-05,P4Y,no,no
oci:06530312388-0670568986,omid:br/06530312388,omid:br/0670568986,2021-06-05,P3Y4M19D,no,no
oci:06530312388-06402227614,omid:br/06530312388,omid:br/06402227614,2021-06-05,P1Y0M,no,no
oci:06530312338-06101330595,omid:br/06530312338,omid:br/06101330595,2022-02-01,P1Y10M29D,no,no
oci:06530312338-061801308000,omid:br/06530312338,omid:br/061801308000,2022-02-01,P0Y9M9D,no,no
oci:06530312338-061302861918,omid:br/06530312338,omid:br/061302861918,2022-02-01,P10Y,no,no
oci:06530312338-0604317141,omid:br/06530312338,omid:br/0604317141,2022-02-01,P1Y11M22D,no,no
oci:06530312338-06170349540,omid:br/06530312338,omid:br/06170349540,2022-02-01,P16Y11M,no,no
oci:06530312338-062502604802,omid:br/06530312338,omid:br/062502604802,2022-02-01,P2Y2M,no,no
oci:06510312481-06601031133,omid:br/06510312481,omid:br/06601031133,2020-11-10,P11Y5M,no,no
oci:06510312481-061401232008,omid:br/06510312481,omid:br/061401232008,2020-11-10,P16Y8M,no,no
oci:06510312481-062102872379,omid:br/06510312481,omid:br/062102872379,2020-11-10,P4Y3M29D,no,no
oci:06510312481-061702162116,omid:br/06510312481,omid:br/061702162116,2020-11-10,P1Y10M,no,no
oci:06510312481-06230606458,omid:br/06510312481,omid:br/06230606458,2020-11-10,P3Y4M4D,no,no
oci:06510312481-06220477500,omid:br/06510312481,omid:br/06220477500,2020-11-10,P2Y2M10D,no,no
oci:06604570695-061401446122,omid:br/06604570695,omid:br/061401446122,2019,P5Y,no,no
oci:0604372500-06404475204,omid:br/0604372500,omid:br/06404475204,2020-07-10,,no,no
oci:0604372500-0640328207,omid:br/0604372500,omid:br/0640328207,2020-07-10,P1Y3M,no,no
oci:0604372500-061702623280,omid:br/0604372500,omid:br/061702623280,2020-07-10,P4Y11M12D,no,no
oci:0604372500-061603797985,omid:br/0604372500,omid:br/061603797985,2020-07-10,P20Y7M,no,no
oci:0604372500-0620349689,omid:br/0604372500,omid:br/0620349689,2020-07-10,P21Y6M,no,no
oci:0604372500-061303734618,omid:br/0604372500,omid:br/061303734618,2020-07-10,P20Y7M,no,no
oci:0604372500-061903088260,omid:br/0604372500,omid:br/061903088260,2020-07-10,P21Y,no,no
oci:06604570709-061401760432,omid:br/06604570709,omid:br/061401760432,2019-12-10,P3Y11M16D,no,no
oci:06604570636-06603109267,omid:br/06604570636,omid:br/06603109267,2019-10-10,P10Y4M,no,no
oci:06604570636-06210348131,omid:br/06604570636,omid:br/06210348131,2019-10-10,P1Y3M,no,no
oci:061703599534-061301458371,omid:br/061703599534,omid:br/061301458371,2019-09-10,P2Y8M21D,no,no
oci:06304560798-06210354240,omid:br/06304560798,omid:br/06210354240,2022-06-01,P36Y7M,no,no
oci:06304560798-0670357338,omid:br/06304560798,omid:br/0670357338,2022-06-01,P30Y7M,no,no
oci:06304560798-06180355837,omid:br/06304560798,omid:br/06180355837,2022-06-01,P28Y11M15D,no,no
oci:06304560798-06240477302,omid:br/06304560798,omid:br/06240477302,2022-06-01,P26Y9M14D,no,no
oci:06304560798-06120344893,omid:br/06304560798,omid:br/06120344893,2022-06-01,P8Y11M,no,no
oci:06304560798-062201238346,omid:br/06304560798,omid:br/062201238346,2022-06-01,P29Y10M,no,no
oci:06304560798-061103512130,omid:br/06304560798,omid:br/061103512130,2022-06-01,P24Y7M8D,no,no
oci:06304560798-06150488882,omid:br/06304560798,omid:br/06150488882,2022-06-01,P19Y1M14D,no,no
oci:06304560798-06301540710,omid:br/06304560798,omid:br/06301540710,2022-06-01,P18Y5M,no,no
oci:06304560798-0630719777,omid:br/06304560798,omid:br/0630719777,2022-06-01,P2Y,no,no
oci:06304560798-06210652083,omid:br/06304560798,omid:br/06210652083,2022-06-01,P1Y1M11D,no,no
oci:06304560798-06210652342,omid:br/06304560798,omid:br/06210652342,2022-06-01,P1Y3M0D,no,no
oci:06304560798-06220651785,omid:br/06304560798,omid:br/06220651785,2022-06-01,P2Y1M23D,no,no
oci:06304560798-0620658351,omid:br/06304560798,omid:br/0620658351,2022-06-01,P1Y3M6D,no,no
oci:06304560798-062502044957,omid:br/06304560798,omid:br/062502044957,2022-06-01,P0Y9M26D,no,no
oci:06304560798-061201784520,omid:br/06304560798,omid:br/061201784520,2022-06-01,P1Y4M10D,no,no
oci:06530312368-06110488986,omid:br/06530312368,omid:br/06110488986,2022-03-01,P10Y6M3D,no,no
oci:06530312368-0680489266,omid:br/06530312368,omid:br/0680489266,2022-03-01,P9Y3M27D,no,no
oci:06530312368-062301640307,omid:br/06530312368,omid:br/062301640307,2022-03-01,P0Y9M26D,no,no
oci:06530312368-06110490841,omid:br/06530312368,omid:br/06110490841,2022-03-01,P48Y3M27D,no,no
oci:06530312368-06120482347,omid:br/06530312368,omid:br/06120482347,2022-03-01,P17Y5M12D,no,no
oci:06530312368-06170895149,omid:br/06530312368,omid:br/06170895149,2022-03-01,P19Y2M,no,no
oci:06530312368-062204118474,omid:br/06530312368,omid:br/062204118474,2022-03-01,P16Y,no,no
oci:06530312368-06110489337,omid:br/06530312368,omid:br/06110489337,2022-03-01,P10Y8M5D,no,no
oci:06530312368-06220349780,omid:br/06530312368,omid:br/06220349780,2022-03-01,P18Y9M,no,no
oci:0604032803-0630610820,omid:br/0604032803,omid:br/0630610820,2019-07-10,P31Y10M20D,no,no
oci:06604570725-06240590619,omid:br/06604570725,omid:br/06240590619,2019-01-10,P2Y6M11D,no,no
oci:06470294308-06802396014,omid:br/06470294308,omid:br/06802396014,2016-02-10,P0Y6M27D,no,no
oci:06510312424-06402428024,omid:br/06510312424,omid:br/06402428024,2020-10-10,P14Y10M28D,no,no
oci:06510312424-06190605472,omid:br/06510312424,omid:br/06190605472,2020-10-10,P0Y10M25D,no,no
oci:06510312424-061301648903,omid:br/06510312424,omid:br/061301648903,2020-10-10,P3Y5M19D,no,no
oci:06510312424-062601064254,omid:br/06510312424,omid:br/062601064254,2020-10-10,P28Y3M,no,no
oci:0604372473-06480303001,omid:br/0604372473,omid:br/06480303001,2021-10-05,P11Y5M25D,yes,no
oci:0604372473-06404558944,omid:br/0604372473,omid:br/06404558944,2021-10-05,P9Y1M0D,no,no
oci:0604372473-0650857748,omid:br/0604372473,omid:br/0650857748,2021-10-05,P5Y6M,no,no
oci:0604372473-06140793569,omid:br/0604372473,omid:br/06140793569,2021-10-05,P14Y8M,no,no
oci:0604372473-06160967984,omid:br/0604372473,omid:br/06160967984,2021-10-05,P9Y7M,no,no
oci:0604372473-06101514793,omid:br/0604372473,omid:br/06101514793,2021-10-05,P2Y10M0D,no,no
oci:0604372473-0670834215,omid:br/0604372473,omid:br/0670834215,2021-10-05,P4Y6M15D,no,no
oci:0604372473-06220599370,omid:br/0604372473,omid:br/06220599370,2021-10-05,P3Y2M15D,no,no
oci:0604372473-061501462577,omid:br/0604372473,omid:br/061501462577,2021-10-05,P10Y10M23D,no,no
oci:0604372473-061701058010,omid:br/0604372473,omid:br/061701058010,2021-10-05,P3Y,no,no
oci:0604372473-06230606297,omid:br/0604372473,omid:br/06230606297,2021-10-05,P4Y0M29D,no,no
oci:0604372473-061401446522,omid:br/0604372473,omid:br/061401446522,2021-10-05,P8Y4M4D,no,no
oci:0604372473-061701375819,omid:br/0604372473,omid:br/061701375819,2021-10-05,P27Y10M,no,no
oci:0604372473-0642064421,omid:br/0604372473,omid:br/0642064421,2021-10-05,P4Y1M4D,no,no
oci:0604372473-06220520417,omid:br/0604372473,omid:br/06220520417,2021-10-05,P16Y4M5D,no,no
oci:0604372473-061201457473,omid:br/0604372473,omid:br/061201457473,2021-10-05,P3Y8M16D,no,no
oci:0604372473-06260617659,omid:br/0604372473,omid:br/06260617659,2021-10-05,P6Y2M28D,no,no
oci:0604372473-06210582670,omid:br/0604372473,omid:br/06210582670,2021-10-05,P9Y10M26D,no,no
oci:06490302456-06302612953,omid:br/06490302456,omid:br/06302612953,2021-06-05,P29Y,no,no
oci:06490302456-06230452995,omid:br/06490302456,omid:br/06230452995,2021-06-05,P2Y0M21D,no,no
oci:06490302456-0660449028,omid:br/06490302456,omid:br/0660449028,2021-06-05,P4Y3M8D,no,no
oci:06490302456-062601327990,omid:br/06490302456,omid:br/062601327990,2021-06-05,P1Y1M7D,no,no
oci:06490302456-06140846605,omid:br/06490302456,omid:br/06140846605,2021-06-05,P2Y8M24D,no,no
oci:06604570637-061401445797,omid:br/06604570637,omid:br/061401445797,2019-02-10,P4Y0M5D,no,no
oci:06604570637-06250597725,omid:br/06604570637,omid:br/06250597725,2019-02-10,P3Y1M27D,no,no
oci:06604570637-06230606233,omid:br/06604570637,omid:br/06230606233,2019-02-10,P1Y4M12D,no,no
oci:06530312384-06240590072,omid:br/06530312384,omid:br/06240590072,2021-07-05,P4Y4M28D,no,no
oci:06510312467-06120795355,omid:br/06510312467,omid:br/06120795355,2020-12-10,P3Y5M4D,no,no
oci:06510312467-06510312339,omid:br/06510312467,omid:br/06510312339,2020-12-10,P4Y3M0D,yes,no
oci:06510312467-06250475449,omid:br/06510312467,omid:br/06250475449,2020-12-10,P3Y9M23D,no,no
oci:06510312467-062501105404,omid:br/06510312467,omid:br/062501105404,2020-12-10,P3Y11M5D,no,no
oci:06510312467-06103048352,omid:br/06510312467,omid:br/06103048352,2020-12-10,P3Y4M20D,no,no
oci:06510312467-061802609094,omid:br/06510312467,omid:br/061802609094,2020-12-10,P4Y1M2D,no,no
oci:06510312467-06503036358,omid:br/06510312467,omid:br/06503036358,2020-12-10,P1Y2M20D,no,no
oci:06510312467-061301262921,omid:br/06510312467,omid:br/061301262921,2020-12-10,P5Y2M3D,no,no
oci:06480302688-061602067579,omid:br/06480302688,omid:br/061602067579,2017-09-10,P1Y8M18D,no,no
oci:06304560898-062602869206,omid:br/06304560898,omid:br/062602869206,2014-02-10,P0Y1M1D,no,no
oci:06604570713-062602801359,omid:br/06604570713,omid:br/062602801359,2019-10-10,P3Y,no,no
oci:06604570713-0680573543,omid:br/06604570713,omid:br/0680573543,2019-10-10,P2Y7M19D,no,no
oci:06604570713-0620355670,omid:br/06604570713,omid:br/0620355670,2019-10-10,P39Y11M,no,no
oci:06604570713-061202668148,omid:br/06604570713,omid:br/061202668148,2019-10-10,P3Y8M,no,no
oci:06604570713-061401445937,omid:br/06604570713,omid:br/061401445937,2019-10-10,P4Y11M25D,no,no
oci:06604570713-062501744572,omid:br/06604570713,omid:br/062501744572,2019-10-10,P13Y2M26D,no,no
oci:06604570713-062502763104,omid:br/06604570713,omid:br/062502763104,2019-10-10,P1Y,no,no
oci:06510312508-06604570662,omid:br/06510312508,omid:br/06604570662,2020-12-10,P1Y1M0D,yes,no
oci:06530312339-06301489062,omid:br/06530312339,omid:br/06301489062,2021-08-05,P8Y,no,no
oci:06530312339-061803104450,omid:br/06530312339,omid:br/061803104450,2021-08-05,P0Y5M,no,no
oci:06530312339-06260473982,omid:br/06530312339,omid:br/06260473982,2021-08-05,P4Y2M17D,no,no
oci:06530312339-062201081522,omid:br/06530312339,omid:br/062201081522,2021-08-05,P5Y,no,no
oci:06530312339-06101364610,omid:br/06530312339,omid:br/06101364610,2021-08-05,P39Y5M,no,no
oci:06304560776-06103048637,omid:br/06304560776,omid:br/06103048637,2022-04-01,P4Y8M14D,no,no
oci:06304560776-061603297643,omid:br/06304560776,omid:br/061603297643,2022-04-01,P44Y2M0D,no,no
oci:06304560776-06120879872,omid:br/06304560776,omid:br/06120879872,2022-04-01,P16Y3M,no,no
oci:06304560776-0604831555,omid:br/06304560776,omid:br/0604831555,2022-04-01,P8Y,no,no
oci:0604372459-06240341741,omid:br/0604372459,omid:br/06240341741,2020-09-10,P18Y5M,no,no
oci:0604372459-061602394415,omid:br/0604372459,omid:br/061602394415,2020-09-10,P10Y4M,no,no
oci:0604372459-06220622847,omid:br/0604372459,omid:br/06220622847,2020-09-10,P11Y7M8D,no,no
oci:0604372459-061802609478,omid:br/0604372459,omid:br/061802609478,2020-09-10,P3Y10M6D,no,no
oci:0604372459-061102663412,omid:br/0604372459,omid:br/061102663412,2020-09-10,P3Y2M13D,no,no
oci:0604372459-06801788735,omid:br/0604372459,omid:br/06801788735,2020-09-10,P2Y8M15D,no,no
oci:0604372459-0620640357,omid:br/0604372459,omid:br/0620640357,2020-09-10,P3Y1M6D,no,no
oci:06510312465-061301309517,omid:br/06510312465,omid:br/061301309517,2020-10-10,P2Y7M18D,no,no
oci:06510312465-06180627720,omid:br/06510312465,omid:br/06180627720,2020-10-10,P11Y3M18D,no,no
oci:06510312465-061601467005,omid:br/06510312465,omid:br/061601467005,2020-10-10,P11Y4M5D,no,no
oci:06510312465-06240342119,omid:br/06510312465,omid:br/06240342119,2020-10-10,P20Y6M,no,no
oci:06510312465-06901663629,omid:br/06510312465,omid:br/06901663629,2020-10-10,P0Y6M2D,no,no
oci:06510312465-06170814986,omid:br/06510312465,omid:br/06170814986,2020-10-10,P6Y5M4D,no,no
oci:06510312441-0640354490,omid:br/06510312441,omid:br/0640354490,2020-01-10,P4Y4M24D,no,no
oci:06510312441-06150648152,omid:br/06510312441,omid:br/06150648152,2020-01-10,P33Y,no,no
oci:06510312441-0690664080,omid:br/06510312441,omid:br/0690664080,2020-01-10,P9Y3M18D,no,no
oci:06510312441-06110363314,omid:br/06510312441,omid:br/06110363314,2020-01-10,P17Y3M,no,no
oci:0604372448-0630214331,omid:br/0604372448,omid:br/0630214331,2020-08-10,P0Y4M17D,no,no
oci:0604372408-06180603125,omid:br/0604372408,omid:br/06180603125,2020-05-10,P11Y0M20D,no,no
oci:06304560797-06440220509,omid:br/06304560797,omid:br/06440220509,2022-05-01,P2Y,no,no
oci:0604032825-06260618065,omid:br/0604032825,omid:br/06260618065,2019-07-10,P4Y3M8D,no,no
oci:06490302460-06230355260,omid:br/06490302460,omid:br/06230355260,2021-05-05,P3Y7M,no,no
oci:06490302460-06510312482,omid:br/06490302460,omid:br/06510312482,2021-05-05,P1Y3M25D,yes,no
oci:06490302460-06201318480,omid:br/06490302460,omid:br/06201318480,2021-05-05,P1Y3M25D,no,no
oci:06490302460-06140344916,omid:br/06490302460,omid:br/06140344916,2021-05-05,P8Y5M,no,no
oci:06490302519-06130395035,omid:br/06490302519,omid:br/06130395035,2011-05-10,P0Y9M7D,no,no
oci:06490302373-0620351850,omid:br/06490302373,omid:br/0620351850,2021-02-05,P12Y4M,no,no
oci:06490302373-06240343925,omid:br/06490302373,omid:br/06240343925,2021-02-05,P10Y11M,no,no
oci:06490302373-06210602511,omid:br/06490302373,omid:br/06210602511,2021-02-05,P2Y0M1D,no,no
oci:06490302373-061302057062,omid:br/06490302373,omid:br/061302057062,2021-02-05,P12Y10M24D,no,no
oci:06490302373-061102072282,omid:br/06490302373,omid:br/061102072282,2021-02-05,P12Y4M24D,no,no
oci:06490302373-061501461781,omid:br/06490302373,omid:br/061501461781,2021-02-05,P8Y5M15D,no,no
oci:06490302373-06130344302,omid:br/06490302373,omid:br/06130344302,2021-02-05,P0Y9M9D,no,no
oci:06490302373-06901804543,omid:br/06490302373,omid:br/06901804543,2021-02-05,P3Y2M29D,no,no
oci:06490302373-0660631121,omid:br/06490302373,omid:br/0660631121,2021-02-05,P9Y8M16D,no,no
oci:06490302373-061401446676,omid:br/06490302373,omid:br/061401446676,2021-02-05,P7Y11M4D,no,no
oci:06490302373-061501461794,omid:br/06490302373,omid:br/061501461794,2021-02-05,P8Y5M19D,no,no
oci:0604372414-061802838214,omid:br/0604372414,omid:br/061802838214,2020-05-10,P0Y6M26D,no,no
oci:0604372414-06403040664,omid:br/0604372414,omid:br/06403040664,2020-05-10,P7Y5M,no,no
oci:0604372414-06110605180,omid:br/0604372414,omid:br/06110605180,2020-05-10,P7Y0M9D,no,no
oci:0604372414-06230530106,omid:br/0604372414,omid:br/06230530106,2020-05-10,P10Y8M3D,no,no
oci:0604372414-0680529532,omid:br/0604372414,omid:br/0680529532,2020-05-10,P7Y10M15D,no,no
oci:0604372414-061201456828,omid:br/0604372414,omid:br/061201456828,2020-05-10,P0Y11M10D,no,no
oci:0604372414-06160525187,omid:br/0604372414,omid:br/06160525187,2020-05-10,P9Y6M15D,no,no
oci:0604372414-061501312864,omid:br/0604372414,omid:br/061501312864,2020-05-10,P2Y6M23D,no,no
oci:06604570653-061401118290,omid:br/06604570653,omid:br/061401118290,2019-11-10,P22Y11M,no,no
oci:06604570653-06210602846,omid:br/06604570653,omid:br/06210602846,2019-11-10,P11Y5M18D,no,no
oci:06604570653-06180602619,omid:br/06604570653,omid:br/06180602619,2019-11-10,P10Y3M20D,no,no
oci:06604570653-06140596929,omid:br/06604570653,omid:br/06140596929,2019-11-10,P8Y3M21D,no,no
oci:06604570653-06240590721,omid:br/06604570653,omid:br/06240590721,2019-11-10,P3Y4M25D,no,no
oci:06604570653-06160905550,omid:br/06604570653,omid:br/06160905550,2019-11-10,P3Y,no,no
oci:0604032828-06102472357,omid:br/0604032828,omid:br/06102472357,2019-03-10,P0Y5M0D,no,no
oci:0604032828-06140487722,omid:br/0604032828,omid:br/06140487722,2019-03-10,P1Y,no,no
oci:06530312315-0660351264,omid:br/06530312315,omid:br/0660351264,2021-07-05,P20Y10M,no,no
oci:06510312474-0620639978,omid:br/06510312474,omid:br/0620639978,2020-10-10,P2Y8M8D,no,no
oci:06510312474-06303031564,omid:br/06510312474,omid:br/06303031564,2020-10-10,P0Y11M6D,no,no
oci:06510312474-0680360296,omid:br/06510312474,omid:br/0680360296,2020-10-10,P66Y9M,no,no
oci:06510312474-06160299932,omid:br/06510312474,omid:br/06160299932,2020-10-10,P4Y5M1D,no,no
oci:06490302432-06150488700,omid:br/06490302432,omid:br/06150488700,2021-02-05,P17Y8M13D,no,no
oci:06490302432-0649029090,omid:br/06490302432,omid:br/0649029090,2021-02-05,P15Y1M,no,no
oci:06490302432-062301429551,omid:br/06490302432,omid:br/062301429551,2021-02-05,P11Y7M,no,no
oci:06490302432-061502448357,omid:br/06490302432,omid:br/061502448357,2021-02-05,P7Y,no,no
oci:06490302432-0640585331,omid:br/06490302432,omid:br/0640585331,2021-02-05,P6Y1M20D,no,no
oci:06490302432-061502447535,omid:br/06490302432,omid:br/061502447535,2021-02-05,P4Y,no,no
oci:06510312482-061302861677,omid:br/06510312482,omid:br/061302861677,2020-01-10,P6Y,no,no
oci:06510312482-061401446583,omid:br/06510312482,omid:br/061401446583,2020-01-10,P6Y8M9D,no,no
oci:06510312482-0660606633,omid:br/06510312482,omid:br/0660606633,2020-01-10,P6Y0M10D,no,no
oci:06510312482-0680573427,omid:br/06510312482,omid:br/0680573427,2020-01-10,P2Y8M16D,no,no
oci:06490302374-06160227931,omid:br/06490302374,omid:br/06160227931,2021-04-05,P6Y1M,no,no
oci:06490302374-0604032788,omid:br/06490302374,omid:br/0604032788,2021-04-05,P2Y0M26D,yes,no
oci:06490302374-061502448017,omid:br/06490302374,omid:br/061502448017,2021-04-05,P6Y,no,no
oci:06490302374-06480302643,omid:br/06490302374,omid:br/06480302643,2021-04-05,P2Y3M26D,yes,no
oci:06490302374-06240471617,omid:br/06490302374,omid:br/06240471617,2021-04-05,P4Y0M2D,no,no
oci:06490302374-061501462547,omid:br/06490302374,omid:br/061501462547,2021-04-05,P10Y3M26D,no,no
oci:06490302374-06503296756,omid:br/06490302374,omid:br/06503296756,2021-04-05,P11Y7M,no,no
oci:06490302374-061703591329,omid:br/06490302374,omid:br/061703591329,2021-04-05,P24Y,yes,no
oci:06490302374-06802136941,omid:br/06490302374,omid:br/06802136941,2021-04-05,P1Y4M1D,no,no
oci:06490302374-06120595146,omid:br/06490302374,omid:br/06120595146,2021-04-05,P8Y7M16D,no,no
oci:06490302374-06210601912,omid:br/06490302374,omid:br/06210601912,2021-04-05,P1Y10M6D,no,no
oci:06490302374-06150224006,omid:br/06490302374,omid:br/06150224006,2021-04-05,P2Y1M,no,no
oci:06304560817-06701567743,omid:br/06304560817,omid:br/06701567743,2022-09-01,P0Y9M22D,no,no
oci:06304560817-06701567718,omid:br/06304560817,omid:br/06701567718,2022-09-01,P0Y5M22D,no,no
oci:06304560817-06701567933,omid:br/06304560817,omid:br/06701567933,2022-09-01,P3Y2M22D,no,no
oci:06304560803-06110691232,omid:br/06304560803,omid:br/06110691232,2022-04-01,P51Y6M,no,no
oci:06304560803-061701957947,omid:br/06304560803,omid:br/061701957947,2022-04-01,P37Y2M29D,no,no
oci:06304560803-06901451203,omid:br/06304560803,omid:br/06901451203,2022-04-01,P37Y,no,no
oci:06304560803-06250903387,omid:br/06304560803,omid:br/06250903387,2022-04-01,P26Y,no,no
oci:06304560803-06201440061,omid:br/06304560803,omid:br/06201440061,2022-04-01,P4Y,no,no
oci:06510312461-061201522450,omid:br/06510312461,omid:br/061201522450,2020-01-10,P0Y2M30D,no,no
oci:06510312461-06510312335,omid:br/06510312461,omid:br/06510312335,2020-01-10,P2Y1M0D,yes,no
oci:0604032788-06230606657,omid:br/0604032788,omid:br/06230606657,2019-03-10,P1Y9M13D,no,no
oci:0604032788-06230606784,omid:br/0604032788,omid:br/06230606784,2019-03-10,P1Y10M10D,no,no
oci:06490302407-0620639855,omid:br/06490302407,omid:br/0620639855,2021-12-01,P3Y8M29D,no,no
oci:06490302407-0630350529,omid:br/06490302407,omid:br/0630350529,2021-12-01,P6Y1M3D,no,no
oci:06490302407-06101330844,omid:br/06490302407,omid:br/06101330844,2021-12-01,P1Y9M17D,no,no
oci:06490302407-06130344362,omid:br/06490302407,omid:br/06130344362,2021-12-01,P1Y7M11D,no,no
oci:06490302407-06401326516,omid:br/06490302407,omid:br/06401326516,2021-12-01,P8Y6M17D,no,no
oci:06490302407-061201784492,omid:br/06490302407,omid:br/061201784492,2021-12-01,P0Y7M16D,no,no
oci:06530312391-06702424983,omid:br/06530312391,omid:br/06702424983,2021-07-05,P12Y2M11D,no,no
oci:06530312391-062102603851,omid:br/06530312391,omid:br/062102603851,2021-07-05,P6Y4M19D,no,no
oci:06530312391-061301458811,omid:br/06530312391,omid:br/061301458811,2021-07-05,P5Y7M17D,no,no
oci:06530312391-0612093892,omid:br/06530312391,omid:br/0612093892,2021-07-05,P1Y7M27D,no,no
oci:06530312391-06260652118,omid:br/06530312391,omid:br/06260652118,2021-07-05,P1Y4M21D,no,no
oci:06530312391-06102288593,omid:br/06530312391,omid:br/06102288593,2021-07-05,P0Y6M28D,no,no
oci:06530312391-061301653561,omid:br/06530312391,omid:br/061301653561,2021-07-05,P0Y5M27D,no,no
oci:06530312391-061701852533,omid:br/06530312391,omid:br/061701852533,2021-07-05,P6Y7M8D,no,no
oci:06530312391-061702061348,omid:br/06530312391,omid:br/061702061348,2021-07-05,P6Y8M18D,no,no
oci:06530312391-061301653867,omid:br/06530312391,omid:br/061301653867,2021-07-05,P1Y10M16D,no,no
oci:0604849999-062101302236,omid:br/0604849999,omid:br/062101302236,2022,P6Y,no,no
oci:0604849999-06210348057,omid:br/0604849999,omid:br/06210348057,2022,P4Y,no,no
oci:0604849999-06120344893,omid:br/0604849999,omid:br/06120344893,2022,P9Y,no,no
oci:0604849999-06220342515,omid:br/0604849999,omid:br/06220342515,2022,P4Y,no,no
oci:0604849999-06180484386,omid:br/0604849999,omid:br/06180484386,2022,P2Y,no,no
oci:0604849999-06260669035,omid:br/0604849999,omid:br/06260669035,2022,P5Y,no,no
oci:0604849999-06150483957,omid:br/0604849999,omid:br/06150483957,2022,P1Y,no,no
oci:0604849999-062101301486,omid:br/0604849999,omid:br/062101301486,2022,P1Y,no,no
oci:0604849999-06150483892,omid:br/0604849999,omid:br/06150483892,2022,P1Y,no,no
oci:0604849999-06190658522,omid:br/0604849999,omid:br/06190658522,2022,P1Y,no,no
oci:0604849999-06160482475,omid:br/0604849999,omid:br/06160482475,2022,P0Y,no,no
oci:06530312314-06402453895,omid:br/06530312314,omid:br/06402453895,2022-02-01,P11Y10M0D,no,no
oci:06530312314-061602075964,omid:br/06530312314,omid:br/061602075964,2022-02-01,P14Y9M30D,no,no
oci:06530312314-06140618968,omid:br/06530312314,omid:br/06140618968,2022-02-01,P7Y6M22D,no,no
oci:06530312314-0620357060,omid:br/06530312314,omid:br/0620357060,2022-02-01,P33Y5M,no,no
oci:06530312314-062301774856,omid:br/06530312314,omid:br/062301774856,2022-02-01,P1Y9M26D,no,no
oci:06530312314-06601806114,omid:br/06530312314,omid:br/06601806114,2022-02-01,P0Y2M3D,no,no
oci:0604372454-0630350878,omid:br/0604372454,omid:br/0630350878,2020-04-10,P11Y6M,no,no
oci:0604372454-0630350903,omid:br/0604372454,omid:br/0630350903,2020-04-10,P11Y6M,no,no
oci:0604372454-06402454115,omid:br/0604372454,omid:br/06402454115,2020-04-10,P10Y1M24D,no,no
oci:0604372454-06130345253,omid:br/0604372454,omid:br/06130345253,2020-04-10,P7Y0M,no,no
oci:0604372454-06502572971,omid:br/0604372454,omid:br/06502572971,2020-04-10,P7Y11M26D,no,no
oci:0604372454-0620640633,omid:br/0604372454,omid:br/0620640633,2020-04-10,P3Y0M3D,no,no
oci:0604372454-06501334625,omid:br/0604372454,omid:br/06501334625,2020-04-10,P8Y3M,no,no
oci:0604372454-061201457429,omid:br/0604372454,omid:br/061201457429,2020-04-10,P2Y1M21D,no,no
oci:0604372454-06260641415,omid:br/0604372454,omid:br/06260641415,2020-04-10,P7Y11M7D,no,no
oci:0604372454-061301458291,omid:br/0604372454,omid:br/061301458291,2020-04-10,P3Y0M25D,no,no
oci:0604372454-06190526734,omid:br/0604372454,omid:br/06190526734,2020-04-10,P14Y3M15D,no,no
oci:0604372454-06201818048,omid:br/0604372454,omid:br/06201818048,2020-04-10,P1Y7M19D,no,no
oci:0604372454-061401446231,omid:br/0604372454,omid:br/061401446231,2020-04-10,P6Y0M1D,no,no
oci:0604372454-06240516171,omid:br/0604372454,omid:br/06240516171,2020-04-10,P6Y1M0D,no,no
oci:0604372454-06240516081,omid:br/0604372454,omid:br/06240516081,2020-04-10,P6Y0M24D,no,no
oci:0604372454-06240641059,omid:br/0604372454,omid:br/06240641059,2020-04-10,P0Y10M12D,no,no
oci:0604372454-06504581945,omid:br/0604372454,omid:br/06504581945,2020-04-10,P1Y11M0D,yes,no
oci:0604372454-06130517209,omid:br/0604372454,omid:br/06130517209,2020-04-10,P3Y5M10D,no,no
oci:0604372454-06190485400,omid:br/0604372454,omid:br/06190485400,2020-04-10,P0Y10M3D,no,no
oci:0604372454-0610661182,omid:br/0604372454,omid:br/0610661182,2020-04-10,P3Y2M18D,no,no
oci:0604372454-06120344846,omid:br/0604372454,omid:br/06120344846,2020-04-10,P6Y8M10D,no,no
oci:0604372454-06601320451,omid:br/0604372454,omid:br/06601320451,2020-04-10,P1Y0M19D,no,no
oci:0604372454-06102456826,omid:br/0604372454,omid:br/06102456826,2020-04-10,P9Y1M17D,no,no
oci:0604372454-06110528142,omid:br/0604372454,omid:br/06110528142,2020-04-10,P2Y8M17D,no,no
oci:0604372454-06101332461,omid:br/0604372454,omid:br/06101332461,2020-04-10,P5Y7M19D,no,no
oci:0604372454-0680837544,omid:br/0604372454,omid:br/0680837544,2020-04-10,P2Y3M,no,no
oci:0604372454-06230657853,omid:br/0604372454,omid:br/06230657853,2020-04-10,P0Y6M21D,no,no
oci:0604372454-062402604687,omid:br/0604372454,omid:br/062402604687,2020-04-10,P1Y6M7D,no,no
oci:0604372454-06180484414,omid:br/0604372454,omid:br/06180484414,2020-04-10,P0Y3M28D,no,no
oci:0604372454-06180484412,omid:br/0604372454,omid:br/06180484412,2020-04-10,P0Y3M28D,no,no
oci:0604372454-06180484415,omid:br/0604372454,omid:br/06180484415,2020-04-10,P0Y3M28D,no,no
oci:0604372465-06604570680,omid:br/0604372465,omid:br/06604570680,2020-05-10,P0Y6M0D,yes,no
oci:0604372465-0640363974,omid:br/0604372465,omid:br/0640363974,2020-05-10,P0Y2M12D,no,no
oci:0604372465-0650359599,omid:br/0604372465,omid:br/0650359599,2020-05-10,P2Y6M1D,no,no
oci:0604372465-06470294062,omid:br/0604372465,omid:br/06470294062,2020-05-10,P4Y11M0D,yes,no
oci:0604372465-0640364141,omid:br/0604372465,omid:br/0640364141,2020-05-10,P1Y0M11D,no,no
oci:0604372465-0620398204,omid:br/0604372465,omid:br/0620398204,2020-05-10,P9Y6M,no,no
oci:0604372465-062503317052,omid:br/0604372465,omid:br/062503317052,2020-05-10,P8Y3M,no,no
oci:0604372465-06403039403,omid:br/0604372465,omid:br/06403039403,2020-05-10,P2Y11M22D,no,no
oci:0604372465-0670398266,omid:br/0604372465,omid:br/0670398266,2020-05-10,P13Y3M,no,no
oci:06304560769-06120345052,omid:br/06304560769,omid:br/06120345052,2022-04-01,P8Y9M,no,no
oci:06304560769-06110356449,omid:br/06304560769,omid:br/06110356449,2022-04-01,P8Y6M21D,no,no
oci:06304560769-0660352320,omid:br/06304560769,omid:br/0660352320,2022-04-01,P7Y3M,no,no
oci:06304560769-06160347298,omid:br/06304560769,omid:br/06160347298,2022-04-01,P3Y1M,no,no
oci:06304560769-06150440562,omid:br/06304560769,omid:br/06150440562,2022-04-01,P95Y11M,no,no
oci:06304560769-06220599360,omid:br/06304560769,omid:br/06220599360,2022-04-01,P3Y8M12D,no,no
oci:06304560769-061902620394,omid:br/06304560769,omid:br/061902620394,2022-04-01,P4Y6M10D,no,no
oci:06304560769-06220342432,omid:br/06304560769,omid:br/06220342432,2022-04-01,P4Y1M,no,no
oci:06204568481-06250632353,omid:br/06204568481,omid:br/06250632353,2022-06-01,P1Y10M15D,no,no
oci:06204568481-061301775819,omid:br/06204568481,omid:br/061301775819,2022-06-01,P0Y5M30D,no,no
oci:06204568481-061301458538,omid:br/06204568481,omid:br/061301458538,2022-06-01,P5Y11M4D,no,no
oci:06204568481-061301458547,omid:br/06204568481,omid:br/061301458547,2022-06-01,P5Y11M12D,no,no
oci:06204568481-06403927964,omid:br/06204568481,omid:br/06403927964,2022-06-01,P24Y9M17D,no,no
oci:06204568481-06360273220,omid:br/06204568481,omid:br/06360273220,2022-06-01,P11Y6M27D,no,no
oci:06204568481-06160353146,omid:br/06204568481,omid:br/06160353146,2022-06-01,P16Y1M,no,no
oci:06204568481-061703512585,omid:br/06204568481,omid:br/061703512585,2022-06-01,P23Y0M18D,no,no
oci:06204568481-06190352676,omid:br/06204568481,omid:br/06190352676,2022-06-01,P11Y2M,no,no
oci:06204568481-0660359668,omid:br/06204568481,omid:br/0660359668,2022-06-01,P32Y1M,no,no
oci:06204568481-061201773980,omid:br/06204568481,omid:br/061201773980,2022-06-01,P0Y2M25D,no,no
oci:06204568481-06160300053,omid:br/06204568481,omid:br/06160300053,2022-06-01,P6Y5M18D,no,no
oci:06204568481-06470294242,omid:br/06204568481,omid:br/06470294242,2022-06-01,P6Y0M22D,yes,no
oci:06604570683-061902053080,omid:br/06604570683,omid:br/061902053080,2019-12-10,P65Y11M,no,no
oci:06604570683-06801251519,omid:br/06604570683,omid:br/06801251519,2019-12-10,P12Y4M,no,no
oci:06604570683-06220599836,omid:br/06604570683,omid:br/06220599836,2019-12-10,P1Y7M24D,no,no
oci:06490302377-06203035841,omid:br/06490302377,omid:br/06203035841,2021-12-01,P5Y5M24D,no,no
oci:06490302377-06230405196,omid:br/06490302377,omid:br/06230405196,2021-12-01,P8Y2M,no,no
oci:06490302377-06150484522,omid:br/06490302377,omid:br/06150484522,2021-12-01,P12Y0M4D,no,no
oci:06490302377-0650357667,omid:br/06490302377,omid:br/0650357667,2021-12-01,P29Y1M,no,no
oci:06490302377-06303032143,omid:br/06490302377,omid:br/06303032143,2021-12-01,P3Y4M28D,no,no
oci:06490302377-06503035217,omid:br/06490302377,omid:br/06503035217,2021-12-01,P1Y1M3D,no,no
oci:06530312336-06150489378,omid:br/06530312336,omid:br/06150489378,2021-09-05,P18Y7M12D,no,no
oci:06530312336-06202439675,omid:br/06530312336,omid:br/06202439675,2021-09-05,P10Y9M21D,no,no
oci:06530312336-06220477699,omid:br/06530312336,omid:br/06220477699,2021-09-05,P3Y1M16D,no,no
oci:06530312336-0620350215,omid:br/06530312336,omid:br/0620350215,2021-09-05,P5Y5M6D,no,no
oci:06530312336-06260366194,omid:br/06530312336,omid:br/06260366194,2021-09-05,P4Y11M,no,no
oci:06530312336-06150346599,omid:br/06530312336,omid:br/06150346599,2021-09-05,P2Y3M,no,no
oci:06530312336-062602088444,omid:br/06530312336,omid:br/062602088444,2021-09-05,P16Y7M17D,no,no
oci:06530312336-061903509033,omid:br/06530312336,omid:br/061903509033,2021-09-05,P23Y2M24D,no,no
oci:06530312336-061103512554,omid:br/06530312336,omid:br/061103512554,2021-09-05,P19Y5M21D,no,no
oci:06530312336-06160349162,omid:br/06530312336,omid:br/06160349162,2021-09-05,P9Y6M,no,no
oci:06530312336-0620349714,omid:br/06530312336,omid:br/0620349714,2021-09-05,P23Y0M,no,no
oci:06530312336-06140344916,omid:br/06530312336,omid:br/06140344916,2021-09-05,P8Y9M,no,no
oci:06530312336-062401284253,omid:br/06530312336,omid:br/062401284253,2021-09-05,P5Y10M30D,no,no
oci:06530312336-06120345418,omid:br/06530312336,omid:br/06120345418,2021-09-05,P8Y3M,no,no
oci:06530312336-06160347244,omid:br/06530312336,omid:br/06160347244,2021-09-05,P2Y5M,no,no
oci:06530312336-06260365868,omid:br/06530312336,omid:br/06260365868,2021-09-05,P4Y10M,no,no
oci:06530312336-061201771936,omid:br/06530312336,omid:br/061201771936,2021-09-05,P0Y7M28D,no,no
oci:06530312327-0604372487,omid:br/06530312327,omid:br/0604372487,2022-03-01,P1Y8M19D,yes,no
oci:06530312327-06504581942,omid:br/06530312327,omid:br/06504581942,2022-03-01,P3Y10M19D,yes,no
oci:06530312327-061301275598,omid:br/06530312327,omid:br/061301275598,2022-03-01,P8Y3M,no,no
oci:06530312327-062502606588,omid:br/06530312327,omid:br/062502606588,2022-03-01,P4Y6M14D,no,no
oci:06530312327-06180601777,omid:br/06530312327,omid:br/06180601777,2022-03-01,P1Y0M5D,no,no
oci:06304560759-061301458237,omid:br/06304560759,omid:br/061301458237,2022-09-01,P5Y3M17D,no,no
oci:06304560759-06703530691,omid:br/06304560759,omid:br/06703530691,2022-09-01,P6Y0M6D,no,no
oci:06304560759-061403111674,omid:br/06304560759,omid:br/061403111674,2022-09-01,P0Y6M25D,no,no
oci:06510312434-0604032740,omid:br/06510312434,omid:br/0604032740,2020-02-10,P0Y9M0D,yes,no
oci:06510312434-0604032826,omid:br/06510312434,omid:br/0604032826,2020-02-10,P0Y7M0D,yes,no
oci:06510312434-06304560901,omid:br/06510312434,omid:br/06304560901,2020-02-10,P5Y11M0D,yes,no
oci:06510312434-0604032789,omid:br/06510312434,omid:br/0604032789,2020-02-10,P0Y8M0D,yes,no
oci:06510312434-06240342679,omid:br/06510312434,omid:br/06240342679,2020-02-10,P2Y7M,no,no
oci:06510312434-061301458297,omid:br/06510312434,omid:br/061301458297,2020-02-10,P2Y11M1D,no,no
oci:06510312434-061301458371,omid:br/06510312434,omid:br/061301458371,2020-02-10,P3Y1M21D,no,no
oci:06510312434-061101149377,omid:br/06510312434,omid:br/061101149377,2020-02-10,P2Y,no,no
oci:06510312434-06210602724,omid:br/06510312434,omid:br/06210602724,2020-02-10,P1Y3M11D,no,no
oci:06510312434-06380275939,omid:br/06510312434,omid:br/06380275939,2020-02-10,P0Y9M5D,no,no
oci:06490302428-06402580260,omid:br/06490302428,omid:br/06402580260,2021-11-01,P7Y2M29D,no,no
oci:06490302428-0610123477,omid:br/06490302428,omid:br/0610123477,2021-11-01,P5Y6M28D,no,no
oci:06490302428-0660103064,omid:br/06490302428,omid:br/0660103064,2021-11-01,P0Y5M8D,no,no
oci:06490302428-06301315302,omid:br/06490302428,omid:br/06301315302,2021-11-01,P7Y11M,no,no
oci:06490302428-061102073629,omid:br/06490302428,omid:br/061102073629,2021-11-01,P3Y4M17D,no,no
oci:06530312360-061902090793,omid:br/06530312360,omid:br/061902090793,2022-02-01,P1Y1M,no,no
oci:06530312360-06190605801,omid:br/06530312360,omid:br/06190605801,2022-02-01,P2Y5M25D,no,no
oci:06530312360-061602189081,omid:br/06530312360,omid:br/061602189081,2022-02-01,P1Y9M8D,no,no
oci:06530312360-0649035492,omid:br/06530312360,omid:br/0649035492,2022-02-01,P1Y3M0D,no,no
oci:06504581986-06501820707,omid:br/06504581986,omid:br/06501820707,2018-05-10,P2Y,no,no
oci:0604372422-06110320502,omid:br/0604372422,omid:br/06110320502,2020-07-10,P5Y10M,no,no
oci:0604372464-06130596349,omid:br/0604372464,omid:br/06130596349,2020-05-10,P15Y2M2D,no,no
oci:0604372464-062301207828,omid:br/0604372464,omid:br/062301207828,2020-05-10,P9Y10M,no,no
oci:0604372464-0670520904,omid:br/0604372464,omid:br/0670520904,2020-05-10,P1Y6M18D,no,no
oci:0604372464-06210602733,omid:br/0604372464,omid:br/06210602733,2020-05-10,P1Y6M14D,no,no
oci:0604372464-061301458299,omid:br/0604372464,omid:br/061301458299,2020-05-10,P3Y2M9D,no,no
oci:0604372464-06210602384,omid:br/0604372464,omid:br/06210602384,2020-05-10,P1Y2M6D,no,no
oci:0604372464-06801558465,omid:br/0604372464,omid:br/06801558465,2020-05-10,P9Y2M,no,no
oci:0604372464-06210602386,omid:br/0604372464,omid:br/06210602386,2020-05-10,P1Y2M9D,no,no
oci:0604372464-06220599897,omid:br/0604372464,omid:br/06220599897,2020-05-10,P2Y1M17D,no,no
oci:06510312470-0640353166,omid:br/06510312470,omid:br/0640353166,2020-11-10,P18Y5M,no,no
oci:06510312470-0640354015,omid:br/06510312470,omid:br/0640354015,2020-11-10,P21Y0M,no,no
oci:06510312470-06140405595,omid:br/06510312470,omid:br/06140405595,2020-11-10,P38Y5M,no,no
oci:06510312470-06240477320,omid:br/06510312470,omid:br/06240477320,2020-11-10,P24Y2M18D,no,no
oci:06510312470-06403725464,omid:br/06510312470,omid:br/06403725464,2020-11-10,P12Y3M14D,no,no
oci:06510312470-06230356312,omid:br/06510312470,omid:br/06230356312,2020-11-10,P10Y5M,no,no
oci:06510312470-06801317929,omid:br/06510312470,omid:br/06801317929,2020-11-10,P9Y4M5D,no,no
oci:06510312470-0680355455,omid:br/06510312470,omid:br/0680355455,2020-11-10,P6Y4M1D,no,no
oci:06510312470-06160353487,omid:br/06510312470,omid:br/06160353487,2020-11-10,P15Y4M,no,no
oci:06490302656-06160283150,omid:br/06490302656,omid:br/06160283150,2013-03-10,P2Y6M,no,no
oci:06510312420-062102200615,omid:br/06510312420,omid:br/062102200615,2020-01-10,P5Y,no,no
oci:06510312491-061503060574,omid:br/06510312491,omid:br/061503060574,2020-11-10,P45Y6M,no,no
oci:06510312491-06150213698,omid:br/06510312491,omid:br/06150213698,2020-11-10,P14Y4M,no,no
oci:06510312491-06160604406,omid:br/06510312491,omid:br/06160604406,2020-11-10,P10Y6M21D,no,no
oci:06510312491-06520296113,omid:br/06510312491,omid:br/06520296113,2020-11-10,P33Y,yes,no
oci:06510312491-06403536750,omid:br/06510312491,omid:br/06403536750,2020-11-10,P10Y1M,no,no
oci:06510312491-06150604177,omid:br/06510312491,omid:br/06150604177,2020-11-10,P9Y11M19D,no,no
oci:06510312491-06110654864,omid:br/06510312491,omid:br/06110654864,2020-11-10,P11Y1M19D,no,no
oci:06510312491-06160658962,omid:br/06510312491,omid:br/06160658962,2020-11-10,P11Y0M28D,no,no
oci:06510312491-06250620451,omid:br/06510312491,omid:br/06250620451,2020-11-10,P8Y3M9D,no,no
oci:06510312491-061501462111,omid:br/06510312491,omid:br/061501462111,2020-11-10,P8Y10M29D,no,no
oci:06510312491-0650659900,omid:br/06510312491,omid:br/0650659900,2020-11-10,P7Y4M15D,no,no
oci:06510312491-06260618211,omid:br/06510312491,omid:br/06260618211,2020-11-10,P5Y8M6D,no,no
oci:06510312491-0630857164,omid:br/06510312491,omid:br/0630857164,2020-11-10,P3Y7M,no,no
oci:06510312491-0670657728,omid:br/06510312491,omid:br/0670657728,2020-11-10,P3Y11M1D,no,no
oci:06510312491-06210602193,omid:br/06510312491,omid:br/06210602193,2020-11-10,P1Y6M9D,no,no
oci:06510312491-0690663888,omid:br/06510312491,omid:br/0690663888,2020-11-10,P9Y11M18D,no,no
oci:06510312491-0690366283,omid:br/06510312491,omid:br/0690366283,2020-11-10,P17Y10M,no,no
oci:06510312491-06110355777,omid:br/06510312491,omid:br/06110355777,2020-11-10,P6Y11M28D,no,no
oci:06510312491-062101775289,omid:br/06510312491,omid:br/062101775289,2020-11-10,P4Y9M29D,no,no
oci:06510312491-0660661731,omid:br/06510312491,omid:br/0660661731,2020-11-10,P2Y6M29D,no,no
oci:06510312491-06202431017,omid:br/06510312491,omid:br/06202431017,2020-11-10,P1Y1M,no,no
oci:06510312491-061501525848,omid:br/06510312491,omid:br/061501525848,2020-11-10,P7Y8M3D,no,no
oci:06510312491-06902898910,omid:br/06510312491,omid:br/06902898910,2020-11-10,P2Y5M21D,no,no
oci:06510312491-061401893475,omid:br/06510312491,omid:br/061401893475,2020-11-10,P7Y2M14D,no,no
oci:06510312491-0640910095,omid:br/06510312491,omid:br/0640910095,2020-11-10,P2Y7M11D,no,no
oci:0604372434-06150968895,omid:br/0604372434,omid:br/06150968895,2020-04-10,P0Y9M21D,no,no
oci:0604372434-061902154716,omid:br/0604372434,omid:br/061902154716,2020-04-10,P6Y6M,no,no
oci:0604372434-0640854845,omid:br/0604372434,omid:br/0640854845,2020-04-10,P3Y2M,no,no
oci:0604372434-06230606999,omid:br/0604372434,omid:br/06230606999,2020-04-10,P12Y10M4D,no,no
oci:0604372434-062102872567,omid:br/0604372434,omid:br/062102872567,2020-04-10,P5Y0M11D,no,no
oci:06304560804-06110357948,omid:br/06304560804,omid:br/06110357948,2022-07-01,P15Y2M,no,no
oci:06304560804-061202645186,omid:br/06304560804,omid:br/061202645186,2022-07-01,P7Y9M21D,no,no
oci:06304560804-061301458836,omid:br/06304560804,omid:br/061301458836,2022-07-01,P6Y8M9D,no,no
oci:06304560804-06803060543,omid:br/06304560804,omid:br/06803060543,2022-07-01,P2Y2M25D,no,no
oci:06304560804-061101317069,omid:br/06304560804,omid:br/061101317069,2022-07-01,P3Y10M24D,no,no
oci:06304560804-0620349667,omid:br/06304560804,omid:br/0620349667,2022-07-01,P21Y7M,no,no
oci:06304560804-06250347953,omid:br/06304560804,omid:br/06250347953,2022-07-01,P20Y3M,no,no
oci:06304560804-062201303108,omid:br/06304560804,omid:br/062201303108,2022-07-01,P6Y1M22D,no,no
oci:06304560823-06902831361,omid:br/06304560823,omid:br/06902831361,2022-06-01,P1Y4M22D,no,no
oci:06304560823-0680573597,omid:br/06304560823,omid:br/0680573597,2022-06-01,P5Y4M13D,no,no
oci:06304560823-0630572559,omid:br/06304560823,omid:br/0630572559,2022-06-01,P2Y5M19D,no,no
oci:06304560823-06702607704,omid:br/06304560823,omid:br/06702607704,2022-06-01,P1Y11M0D,no,no
oci:06304560823-064407421,omid:br/06304560823,omid:br/064407421,2022-06-01,P2Y0M20D,no,no
oci:06510312432-0640353338,omid:br/06510312432,omid:br/0640353338,2020-02-10,P20Y7M,no,no
oci:06510312432-0640354490,omid:br/06510312432,omid:br/0640354490,2020-02-10,P4Y5M24D,no,no
oci:06510312432-0680493361,omid:br/06510312432,omid:br/0680493361,2020-02-10,P13Y11M7D,no,no
oci:06510312432-061202055468,omid:br/06510312432,omid:br/061202055468,2020-02-10,P2Y7M26D,no,no
oci:06510312432-06502542610,omid:br/06510312432,omid:br/06502542610,2020-02-10,P0Y10M,no,no
oci:06510312473-06190226316,omid:br/06510312473,omid:br/06190226316,2020-10-10,P1Y0M,no,no
oci:06510312473-06190352552,omid:br/06510312473,omid:br/06190352552,2020-10-10,P9Y5M,no,no
oci:06510312473-061501672993,omid:br/06510312473,omid:br/061501672993,2020-10-10,P3Y11M27D,no,no
oci:06510312473-06170911667,omid:br/06510312473,omid:br/06170911667,2020-10-10,P4Y1M,no,no
oci:06510312473-06250481209,omid:br/06510312473,omid:br/06250481209,2020-10-10,P3Y11M6D,no,no
oci:06510312473-0610645682,omid:br/06510312473,omid:br/0610645682,2020-10-10,P1Y5M7D,no,no
oci:06510312473-0690574420,omid:br/06510312473,omid:br/0690574420,2020-10-10,P1Y3M0D,no,no
oci:06510312473-0610645810,omid:br/06510312473,omid:br/0610645810,2020-10-10,P1Y6M5D,no,no
oci:06510312473-06220844352,omid:br/06510312473,omid:br/06220844352,2020-10-10,P12Y0M23D,no,no
oci:06510312473-06220844236,omid:br/06510312473,omid:br/06220844236,2020-10-10,P9Y11M27D,no,no
oci:06510312473-06210844799,omid:br/06510312473,omid:br/06210844799,2020-10-10,P6Y10M20D,no,no
oci:06510312473-061802607261,omid:br/06510312473,omid:br/061802607261,2020-10-10,P1Y7M26D,no,no
oci:06510312473-06202769786,omid:br/06510312473,omid:br/06202769786,2020-10-10,P13Y1M,no,no
oci:06510312473-06803218451,omid:br/06510312473,omid:br/06803218451,2020-10-10,P11Y8M,no,no
oci:06510312473-062602863163,omid:br/06510312473,omid:br/062602863163,2020-10-10,P7Y6M,no,no
oci:06510312473-06901654313,omid:br/06510312473,omid:br/06901654313,2020-10-10,P1Y10M,no,no
oci:06510312473-06180602353,omid:br/06510312473,omid:br/06180602353,2020-10-10,P0Y4M28D,no,no
oci:06510312473-0610532512,omid:br/06510312473,omid:br/0610532512,2020-10-10,P6Y11M26D,no,no
oci:06510312473-06901768477,omid:br/06510312473,omid:br/06901768477,2020-10-10,P7Y6M2D,no,no
oci:06510312473-0690666553,omid:br/06510312473,omid:br/0690666553,2020-10-10,P5Y4M20D,no,no
oci:06510312473-06901158085,omid:br/06510312473,omid:br/06901158085,2020-10-10,P0Y,no,no
oci:06510312473-06902670377,omid:br/06510312473,omid:br/06902670377,2020-10-10,P1Y5M18D,no,no
oci:06204568489-06210187730,omid:br/06204568489,omid:br/06210187730,2022-04-01,P3Y5M,no,no
oci:06204568487-06170350005,omid:br/06204568487,omid:br/06170350005,2022-04-01,P17Y3M,no,no
oci:06480303008-06130395041,omid:br/06480303008,omid:br/06130395041,2010-11-10,P0Y3M14D,no,no
oci:06604570662-0650659954,omid:br/06604570662,omid:br/0650659954,2019-11-10,P6Y5M13D,no,no
oci:06604570633-0640658259,omid:br/06604570633,omid:br/0640658259,2019-10-10,P5Y3M8D,no,no
oci:06604570633-0620656137,omid:br/06604570633,omid:br/0620656137,2019-10-10,P3Y9M19D,no,no
oci:06604570633-06250353819,omid:br/06604570633,omid:br/06250353819,2019-10-10,P47Y3M,no,no
oci:06604570633-0604141480,omid:br/06604570633,omid:br/0604141480,2019-10-10,P28Y,yes,no
oci:06604570633-06510312265,omid:br/06604570633,omid:br/06510312265,2019-10-10,P21Y,yes,no
oci:06604570633-06480302630,omid:br/06604570633,omid:br/06480302630,2019-10-10,P2Y2M0D,yes,no
oci:06604570633-061301773590,omid:br/06604570633,omid:br/061301773590,2019-10-10,P1Y1M0D,no,no
oci:06604570633-0620655640,omid:br/06604570633,omid:br/0620655640,2019-10-10,P3Y5M6D,no,no
oci:06604570633-0610661926,omid:br/06604570633,omid:br/0610661926,2019-10-10,P3Y4M1D,no,no
oci:06604570633-06260669358,omid:br/06604570633,omid:br/06260669358,2019-10-10,P2Y6M23D,no,no
oci:0604372420-061201456967,omid:br/0604372420,omid:br/061201456967,2020-09-10,P1Y5M14D,no,no
oci:0604372420-06220599765,omid:br/0604372420,omid:br/06220599765,2020-09-10,P2Y4M2D,no,no
oci:0604372420-06210602001,omid:br/0604372420,omid:br/06210602001,2020-09-10,P1Y3M18D,no,no
oci:0604372420-062602188710,omid:br/0604372420,omid:br/062602188710,2020-09-10,P19Y6M,no,no
oci:0604372420-061401445982,omid:br/0604372420,omid:br/061401445982,2020-09-10,P6Y0M12D,no,no
oci:0604372420-06210602249,omid:br/0604372420,omid:br/06210602249,2020-09-10,P1Y4M25D,no,no
oci:0604372420-061401445876,omid:br/0604372420,omid:br/061401445876,2020-09-10,P5Y9M9D,no,no
oci:0604372420-061201457433,omid:br/0604372420,omid:br/061201457433,2020-09-10,P2Y6M19D,no,no
oci:0604372420-061401446197,omid:br/0604372420,omid:br/061401446197,2020-09-10,P6Y7M10D,no,no
oci:0604372420-0610486272,omid:br/0604372420,omid:br/0610486272,2020-09-10,P5Y8M29D,no,no
oci:0604372420-061201457180,omid:br/0604372420,omid:br/061201457180,2020-09-10,P1Y11M1D,no,no
oci:0604372420-061602881854,omid:br/0604372420,omid:br/061602881854,2020-09-10,P20Y,no,no
oci:06530312343-06901327950,omid:br/06530312343,omid:br/06901327950,2021-07-05,P2Y10M11D,no,no
oci:06530312343-06302273547,omid:br/06530312343,omid:br/06302273547,2021-07-05,P1Y3M19D,no,no
oci:06530312343-06250348381,omid:br/06530312343,omid:br/06250348381,2021-07-05,P4Y2M9D,no,no
oci:0604032741-061301458330,omid:br/0604032741,omid:br/061301458330,2019-05-10,P2Y3M13D,no,no
oci:0604372433-0680489382,omid:br/0604372433,omid:br/0680489382,2021-11-01,P8Y11M30D,no,no
oci:0604372433-0610359888,omid:br/0604372433,omid:br/0610359888,2021-11-01,P63Y0M,no,no
oci:0604372433-062201311840,omid:br/0604372433,omid:br/062201311840,2021-11-01,P42Y11M0D,no,no
oci:0604372433-061502057757,omid:br/0604372433,omid:br/061502057757,2021-11-01,P4Y1M18D,no,no
oci:0604372433-06210484224,omid:br/0604372433,omid:br/06210484224,2021-11-01,P3Y0M6D,no,no
oci:0604372433-0650484947,omid:br/0604372433,omid:br/0650484947,2021-11-01,P8Y0M14D,no,no
oci:0604372433-061101512788,omid:br/0604372433,omid:br/061101512788,2021-11-01,P7Y11M5D,no,no
oci:0604372433-06802387735,omid:br/0604372433,omid:br/06802387735,2021-11-01,P6Y4M27D,no,no
oci:0604372433-06103035237,omid:br/0604372433,omid:br/06103035237,2021-11-01,P3Y1M26D,no,no
oci:0604372433-062103322487,omid:br/0604372433,omid:br/062103322487,2021-11-01,P56Y11M,no,no
oci:0604372433-06803028795,omid:br/0604372433,omid:br/06803028795,2021-11-01,P4Y7M12D,no,no
oci:0604372433-061701311407,omid:br/0604372433,omid:br/061701311407,2021-11-01,P4Y5M0D,no,no
oci:0604372433-06240477179,omid:br/0604372433,omid:br/06240477179,2021-11-01,P26Y7M22D,no,no
oci:0604372433-061402821084,omid:br/0604372433,omid:br/061402821084,2021-11-01,P0Y3M6D,no,no
oci:0604372433-061901312726,omid:br/0604372433,omid:br/061901312726,2021-11-01,P0Y7M13D,no,no
oci:0604372433-061502018231,omid:br/0604372433,omid:br/061502018231,2021-11-01,P1Y3M,no,no
oci:0604372433-06210602440,omid:br/0604372433,omid:br/06210602440,2021-11-01,P2Y8M10D,no,no
oci:0604372433-06170480860,omid:br/0604372433,omid:br/06170480860,2021-11-01,P1Y4M13D,no,no
oci:06490302409-061202158139,omid:br/06490302409,omid:br/061202158139,2021-12-01,P1Y2M,no,no
oci:0604372417-061502388375,omid:br/0604372417,omid:br/061502388375,2020-09-10,P5Y5M,no,no
oci:0604372417-06110585050,omid:br/0604372417,omid:br/06110585050,2020-09-10,P6Y10M16D,no,no
oci:0604372417-061801389715,omid:br/0604372417,omid:br/061801389715,2020-09-10,P4Y8M,no,no
oci:0604372417-061302647660,omid:br/0604372417,omid:br/061302647660,2020-09-10,P12Y7M,no,no
oci:0604372417-06140571070,omid:br/0604372417,omid:br/06140571070,2020-09-10,P3Y3M,no,no
oci:0604372417-06220621685,omid:br/0604372417,omid:br/06220621685,2020-09-10,P7Y6M22D,no,no
oci:0604372417-062102613541,omid:br/0604372417,omid:br/062102613541,2020-09-10,P5Y5M11D,no,no
oci:0604372417-061802049139,omid:br/0604372417,omid:br/061802049139,2020-09-10,P7Y11M9D,no,no
oci:0604372417-06180485033,omid:br/0604372417,omid:br/06180485033,2020-09-10,P12Y1M23D,no,no
oci:0604372417-061701852602,omid:br/0604372417,omid:br/061701852602,2020-09-10,P6Y0M3D,no,no
oci:06604570640-061501462233,omid:br/06604570640,omid:br/061501462233,2019-10-10,P8Y1M18D,no,no
oci:06604570640-061401446686,omid:br/06604570640,omid:br/061401446686,2019-10-10,P6Y7M9D,no,no
oci:06604570640-061401446375,omid:br/06604570640,omid:br/061401446375,2019-10-10,P6Y1M9D,no,no
oci:06604570640-061501461685,omid:br/06604570640,omid:br/061501461685,2019-10-10,P6Y10M26D,no,no
oci:06604570640-061501461830,omid:br/06604570640,omid:br/061501461830,2019-10-10,P7Y2M29D,no,no
oci:06604570640-061301458310,omid:br/06604570640,omid:br/061301458310,2019-10-10,P2Y7M26D,no,no
oci:06510312438-06210602074,omid:br/06510312438,omid:br/06210602074,2020-02-10,P0Y8M24D,no,no
oci:06204364403-06510312667,omid:br/06204364403,omid:br/06510312667,2021-02-05,P11Y4M26D,yes,no
oci:06204364403-06480303343,omid:br/06204364403,omid:br/06480303343,2021-02-05,P12Y0M26D,yes,no
oci:06204364403-0604372464,omid:br/06204364403,omid:br/0604372464,2021-02-05,P0Y8M26D,yes,no
oci:06204364403-06470294066,omid:br/06204364403,omid:br/06470294066,2021-02-05,P6Y0M26D,yes,no
oci:06204364403-06490302593,omid:br/06204364403,omid:br/06490302593,2021-02-05,P7Y9M26D,yes,no
oci:06204364403-06510312413,omid:br/06204364403,omid:br/06510312413,2021-02-05,P4Y4M26D,yes,no
oci:06204364403-06480302643,omid:br/06204364403,omid:br/06480302643,2021-02-05,P2Y1M26D,yes,no
oci:06204364403-06510312378,omid:br/06204364403,omid:br/06510312378,2021-02-05,P3Y1M26D,yes,no
oci:06204364403-06604570631,omid:br/06204364403,omid:br/06604570631,2021-02-05,P2Y4M26D,yes,no
oci:06204364403-06510312485,omid:br/06204364403,omid:br/06510312485,2021-02-05,P0Y10M26D,yes,no
oci:06204364403-06230606654,omid:br/06204364403,omid:br/06230606654,2021-02-05,P3Y8M11D,no,no
oci:06204364403-0604199475,omid:br/06204364403,omid:br/0604199475,2021-02-05,P42Y,yes,no
oci:06204364403-06230630395,omid:br/06204364403,omid:br/06230630395,2021-02-05,P8Y3M27D,no,no
oci:06204364403-061301458166,omid:br/06204364403,omid:br/061301458166,2021-02-05,P3Y6M23D,no,no
oci:06204364403-0660854528,omid:br/06204364403,omid:br/0660854528,2021-02-05,P6Y5M,no,no
oci:06204364403-061401446336,omid:br/06204364403,omid:br/061401446336,2021-02-05,P7Y2M4D,no,no
oci:06204364403-061201456935,omid:br/06204364403,omid:br/061201456935,2021-02-05,P1Y9M27D,no,no
oci:06204364403-062601038423,omid:br/06204364403,omid:br/062601038423,2021-02-05,P0Y10M,no,no
oci:06490302421-06180354249,omid:br/06490302421,omid:br/06180354249,2021-01-10,P16Y2M,no,no
oci:06490302421-061604033460,omid:br/06490302421,omid:br/061604033460,2021-01-10,P17Y4M,no,no
oci:06490302421-06190606451,omid:br/06490302421,omid:br/06190606451,2021-01-10,P12Y4M19D,no,no
oci:06490302421-06230606003,omid:br/06490302421,omid:br/06230606003,2021-01-10,P3Y0M21D,no,no
oci:06490302421-061901247621,omid:br/06490302421,omid:br/061901247621,2021-01-10,P1Y4M,no,no
oci:06490302421-06130517491,omid:br/06490302421,omid:br/06130517491,2021-01-10,P9Y4M12D,no,no
oci:06490302421-061602453399,omid:br/06490302421,omid:br/061602453399,2021-01-10,P8Y2M4D,no,no
oci:06490302421-0645056768,omid:br/06490302421,omid:br/0645056768,2021-01-10,P7Y2M13D,no,no
oci:06510312448-061401087350,omid:br/06510312448,omid:br/061401087350,2020-12-10,P20Y0M5D,no,no
oci:06510312448-0612093898,omid:br/06510312448,omid:br/0612093898,2020-12-10,P1Y1M26D,no,no
oci:06510312448-062401284085,omid:br/06510312448,omid:br/062401284085,2020-12-10,P5Y1M17D,no,no
oci:06510312448-06402452987,omid:br/06510312448,omid:br/06402452987,2020-12-10,P3Y1M2D,no,no
oci:06510312448-06240641269,omid:br/06510312448,omid:br/06240641269,2020-12-10,P1Y8M14D,no,no
oci:06510312448-0630534540,omid:br/06510312448,omid:br/0630534540,2020-12-10,P1Y7M17D,no,no
oci:0604372423-061501754310,omid:br/0604372423,omid:br/061501754310,2020-06-10,P0Y11M16D,no,no
oci:0604372423-06410235746,omid:br/0604372423,omid:br/06410235746,2020-06-10,P5Y,no,no
oci:0604372423-06260618322,omid:br/0604372423,omid:br/06260618322,2020-06-10,P5Y4M7D,no,no
oci:0604372423-06410235756,omid:br/0604372423,omid:br/06410235756,2020-06-10,P2Y,no,no
oci:06510312495-0630810635,omid:br/06510312495,omid:br/0630810635,2020-03-10,P0Y8M17D,no,no
oci:06510312495-06603542081,omid:br/06510312495,omid:br/06603542081,2020-03-10,P1Y6M19D,no,no
oci:06510312495-062402012051,omid:br/06510312495,omid:br/062402012051,2020-03-10,P2Y8M,no,no
oci:0604372461-06201350676,omid:br/0604372461,omid:br/06201350676,2020-04-10,P58Y3M,no,no
oci:0604372424-06103018786,omid:br/0604372424,omid:br/06103018786,2021-10-05,P4Y10M,no,no
oci:0604372424-061201457292,omid:br/0604372424,omid:br/061201457292,2021-10-05,P3Y3M22D,no,no
oci:0604372424-061301458464,omid:br/0604372424,omid:br/061301458464,2021-10-05,P5Y0M12D,no,no
oci:0604372424-061101465641,omid:br/0604372424,omid:br/061101465641,2021-10-05,P0Y1M25D,no,no
oci:06530312309-06701241901,omid:br/06530312309,omid:br/06701241901,2022-03-01,P13Y8M,no,no
oci:06530312309-06230884903,omid:br/06530312309,omid:br/06230884903,2022-03-01,P7Y10M,no,no
oci:06530312309-06401047386,omid:br/06530312309,omid:br/06401047386,2022-03-01,P16Y2M,no,no
oci:06530312309-06101262404,omid:br/06530312309,omid:br/06101262404,2022-03-01,P9Y11M,no,no
oci:06530312309-06240589891,omid:br/06530312309,omid:br/06240589891,2022-03-01,P4Y11M13D,no,no
oci:06530312309-06401258953,omid:br/06530312309,omid:br/06401258953,2022-03-01,P12Y0M,no,no
oci:06530312309-06101262007,omid:br/06530312309,omid:br/06101262007,2022-03-01,P10Y0M,no,no
oci:06530312309-06101262273,omid:br/06530312309,omid:br/06101262273,2022-03-01,P10Y0M,no,no
oci:06530312309-062401215839,omid:br/06530312309,omid:br/062401215839,2022-03-01,P7Y10M,no,no
oci:06530312309-061401445954,omid:br/06530312309,omid:br/061401445954,2022-03-01,P7Y5M1D,no,no
oci:06530312375-062602640214,omid:br/06530312375,omid:br/062602640214,2022,P8Y,no,no
oci:06530312375-061803127296,omid:br/06530312375,omid:br/061803127296,2022,P1Y,no,no
oci:06530312375-06803539368,omid:br/06530312375,omid:br/06803539368,2022,P6Y,no,no
oci:06530312375-061902619566,omid:br/06530312375,omid:br/061902619566,2022,P3Y,no,no
oci:0604372453-06302776565,omid:br/0604372453,omid:br/06302776565,2020-08-10,P0Y5M9D,no,no
oci:0604831559-06120345644,omid:br/0604831559,omid:br/06120345644,2022,P9Y,no,no
oci:0604831559-06120345630,omid:br/0604831559,omid:br/06120345630,2022,P9Y,no,no
oci:0604831559-0660484355,omid:br/0604831559,omid:br/0660484355,2022,P9Y,no,no
oci:0604831559-06220342515,omid:br/0604831559,omid:br/06220342515,2022,P4Y,no,no
oci:0604831559-06220342545,omid:br/0604831559,omid:br/06220342545,2022,P4Y,no,no
oci:0604831559-06180484386,omid:br/0604831559,omid:br/06180484386,2022,P2Y,no,no
oci:0604831559-06302438009,omid:br/0604831559,omid:br/06302438009,2022,P12Y,no,no
oci:0604831559-06160299586,omid:br/0604831559,omid:br/06160299586,2022,P5Y,no,no
oci:0604831559-06180348954,omid:br/0604831559,omid:br/06180348954,2022,P3Y,no,no
oci:0604831559-06180348958,omid:br/0604831559,omid:br/06180348958,2022,P3Y,no,no
oci:0604831559-06180348957,omid:br/0604831559,omid:br/06180348957,2022,P3Y,no,no
oci:0604831559-06180348850,omid:br/0604831559,omid:br/06180348850,2022,P3Y,no,no
oci:0604831559-06130344401,omid:br/0604831559,omid:br/06130344401,2022,P2Y,no,no
oci:0604831559-06201320244,omid:br/0604831559,omid:br/06201320244,2022,P8Y,no,no
oci:0604831559-06150625360,omid:br/0604831559,omid:br/06150625360,2022,P8Y,no,no
oci:0604831559-061101317560,omid:br/0604831559,omid:br/061101317560,2022,P4Y,no,no
oci:0604831559-06130344583,omid:br/0604831559,omid:br/06130344583,2022,P2Y,no,no
oci:0604831559-06130344600,omid:br/0604831559,omid:br/06130344600,2022,P2Y,no,no
oci:0604831559-06110355525,omid:br/0604831559,omid:br/06110355525,2022,P2Y,no,no
oci:0604831559-0690357794,omid:br/0604831559,omid:br/0690357794,2022,P1Y,no,no
oci:0604831559-061303436164,omid:br/0604831559,omid:br/061303436164,2022,P0Y,no,no
oci:06304560739-06380236625,omid:br/06304560739,omid:br/06380236625,2022-08-01,P3Y5M7D,no,no
oci:0604372452-06103092343,omid:br/0604372452,omid:br/06103092343,2020-06-10,P9Y8M27D,no,no
oci:0604372452-06240292065,omid:br/0604372452,omid:br/06240292065,2020-06-10,P13Y3M,no,no
oci:0604372452-06230304224,omid:br/0604372452,omid:br/06230304224,2020-06-10,P10Y1M,no,no
oci:0604032817-06170601491,omid:br/0604032817,omid:br/06170601491,2019-05-10,P9Y9M5D,no,no
oci:0604032817-06120595028,omid:br/0604032817,omid:br/06120595028,2019-05-10,P6Y7M20D,no,no
oci:0604032817-06170601242,omid:br/0604032817,omid:br/06170601242,2019-05-10,P9Y7M16D,no,no
oci:06604570696-06170350521,omid:br/06604570696,omid:br/06170350521,2019-10-10,P27Y3M,no,no
oci:06604570696-06801229816,omid:br/06604570696,omid:br/06801229816,2019-10-10,P5Y5M10D,no,no
oci:06604570696-06601371060,omid:br/06604570696,omid:br/06601371060,2019-10-10,P35Y6M,no,no
oci:06604570696-061101368565,omid:br/06604570696,omid:br/061101368565,2019-10-10,P31Y7M9D,no,no
oci:06604570696-06110361742,omid:br/06604570696,omid:br/06110361742,2019-10-10,P15Y11M,no,no
oci:06604570696-06403490350,omid:br/06604570696,omid:br/06403490350,2019-10-10,P11Y7M,no,no
oci:0604372482-06150484867,omid:br/0604372482,omid:br/06150484867,2020-04-10,P10Y6M8D,no,no
oci:0604372482-061502606980,omid:br/0604372482,omid:br/061502606980,2020-04-10,P13Y3M23D,no,no
oci:0604372482-0650842025,omid:br/0604372482,omid:br/0650842025,2020-04-10,P2Y1M29D,no,no
oci:0604372482-0650841907,omid:br/0604372482,omid:br/0650841907,2020-04-10,P1Y7M14D,no,no
oci:0604372482-0680886335,omid:br/0604372482,omid:br/0680886335,2020-04-10,P5Y7M20D,no,no
oci:0604372482-0620484307,omid:br/0604372482,omid:br/0620484307,2020-04-10,P4Y6M23D,no,no
oci:0604372482-06160466684,omid:br/0604372482,omid:br/06160466684,2020-04-10,P9Y1M,no,no
oci:0604372482-06130460216,omid:br/0604372482,omid:br/06130460216,2020-04-10,P6Y5M,no,no
oci:0604372482-06601320066,omid:br/0604372482,omid:br/06601320066,2020-04-10,P0Y11M29D,no,no
oci:0604372482-06190467928,omid:br/0604372482,omid:br/06190467928,2020-04-10,P11Y4M,no,no
oci:0604372482-062501523005,omid:br/0604372482,omid:br/062501523005,2020-04-10,P4Y1M24D,no,no
oci:0604372482-062601972952,omid:br/0604372482,omid:br/062601972952,2020-04-10,P7Y,no,no
oci:0604372482-06230671711,omid:br/0604372482,omid:br/06230671711,2020-04-10,P4Y3M,no,no
oci:0604372482-062103069395,omid:br/0604372482,omid:br/062103069395,2020-04-10,P5Y,no,no
oci:0604372482-061801308598,omid:br/0604372482,omid:br/061801308598,2020-04-10,P3Y1M18D,no,no
oci:06510312445-062502763597,omid:br/06510312445,omid:br/062502763597,2020-11-10,P3Y,no,no
oci:06510312445-062302774224,omid:br/06510312445,omid:br/062302774224,2020-11-10,P0Y,no,no
oci:06510312445-062601239084,omid:br/06510312445,omid:br/062601239084,2020-11-10,P21Y6M,no,no
oci:0604850010-06304560740,omid:br/0604850010,omid:br/06304560740,2024,P2Y,no,no
oci:0604850010-0604850006,omid:br/0604850010,omid:br/0604850006,2024,P1Y,no,no
oci:06510312427-0604831541,omid:br/06510312427,omid:br/0604831541,2020-12-10,P5Y,no,no
oci:06304560753-06801174961,omid:br/06304560753,omid:br/06801174961,2022-07-01,P17Y1M,no,no
oci:06304560753-061402066442,omid:br/06304560753,omid:br/061402066442,2022-07-01,P0Y9M11D,no,no
oci:06304560753-061301458933,omid:br/06304560753,omid:br/061301458933,2022-07-01,P6Y11M17D,no,no
oci:06304560753-061301458754,omid:br/06304560753,omid:br/061301458754,2022-07-01,P6Y5M10D,no,no
oci:06304560753-06703014143,omid:br/06304560753,omid:br/06703014143,2022-07-01,P6Y4M2D,no,no
oci:06304560753-06220342542,omid:br/06304560753,omid:br/06220342542,2022-07-01,P4Y4M,no,no
oci:06304560753-06230642846,omid:br/06304560753,omid:br/06230642846,2022-07-01,P1Y4M12D,no,no
oci:06304560753-06220634569,omid:br/06304560753,omid:br/06220634569,2022-07-01,P0Y6M7D,no,no
oci:06304560753-06480302645,omid:br/06304560753,omid:br/06480302645,2022-07-01,P4Y11M21D,yes,no
oci:06304560753-062402576450,omid:br/06304560753,omid:br/062402576450,2022-07-01,P0Y9M,no,no
oci:06304560753-062601829606,omid:br/06304560753,omid:br/062601829606,2022-07-01,P0Y5M20D,no,no
oci:06304560753-06601302852,omid:br/06304560753,omid:br/06601302852,2022-07-01,P8Y2M23D,no,no
oci:06304560753-061601466656,omid:br/06304560753,omid:br/061601466656,2022-07-01,P12Y0M13D,no,no
oci:06304560753-0651036606,omid:br/06304560753,omid:br/0651036606,2022-07-01,P4Y10M,no,no
oci:06304560753-06103018790,omid:br/06304560753,omid:br/06103018790,2022-07-01,P5Y7M,no,no
oci:06304560753-06602535616,omid:br/06304560753,omid:br/06602535616,2022-07-01,P2Y0M1D,no,no
oci:06530312304-0630477696,omid:br/06530312304,omid:br/0630477696,2022,P10Y,no,no
oci:06530312304-061501102628,omid:br/06530312304,omid:br/061501102628,2022,P7Y,no,no
oci:06530312304-0620512093,omid:br/06530312304,omid:br/0620512093,2022,P6Y,no,no
oci:06530312304-06301752625,omid:br/06530312304,omid:br/06301752625,2022,P5Y,no,no
oci:06404583602-061301262805,omid:br/06404583602,omid:br/061301262805,2017-03-10,P0Y6M3D,no,no
oci:0604372491-06170905962,omid:br/0604372491,omid:br/06170905962,2020-09-10,P7Y,no,no
oci:0604372491-06402781836,omid:br/0604372491,omid:br/06402781836,2020-09-10,P5Y,no,no
oci:0604372491-0660609033,omid:br/0604372491,omid:br/0660609033,2020-09-10,P22Y1M26D,no,no
oci:0604372491-0604831542,omid:br/0604372491,omid:br/0604831542,2020-09-10,P34Y,no,no
oci:0604372491-06802624986,omid:br/0604372491,omid:br/06802624986,2020-09-10,P17Y,no,no
oci:0604372491-06170518274,omid:br/0604372491,omid:br/06170518274,2020-09-10,P24Y4M26D,no,no
oci:0604372491-062301790038,omid:br/0604372491,omid:br/062301790038,2020-09-10,P1Y10M,no,no
oci:0604372491-06250597930,omid:br/0604372491,omid:br/06250597930,2020-09-10,P4Y11M25D,no,no
oci:0604372491-06220599911,omid:br/0604372491,omid:br/06220599911,2020-09-10,P2Y5M19D,no,no
oci:0604372491-061201733089,omid:br/0604372491,omid:br/061201733089,2020-09-10,P4Y,no,no
oci:0604372491-06902751299,omid:br/0604372491,omid:br/06902751299,2020-09-10,P14Y7M,no,no
oci:0604372491-061502447838,omid:br/0604372491,omid:br/061502447838,2020-09-10,P4Y,no,no
oci:0604372491-0670592942,omid:br/0604372491,omid:br/0670592942,2020-09-10,P4Y,no,no
oci:0604372491-061104462065,omid:br/0604372491,omid:br/061104462065,2020-09-10,P3Y,no,no
oci:0604372491-06190605399,omid:br/0604372491,omid:br/06190605399,2020-09-10,P0Y7M14D,no,no
oci:0604372491-0647056724,omid:br/0604372491,omid:br/0647056724,2020-09-10,P7Y5M20D,no,no
oci:06490302394-061902619566,omid:br/06490302394,omid:br/061902619566,2021-05-05,P2Y3M11D,no,no
oci:06490302394-0620400635,omid:br/06490302394,omid:br/0620400635,2021-05-05,P5Y2M1D,no,no
oci:06490302394-0660351567,omid:br/06490302394,omid:br/0660351567,2021-05-05,P21Y4M,no,no
oci:06490302394-0670568654,omid:br/06490302394,omid:br/0670568654,2021-05-05,P3Y1M8D,no,no
oci:06490302394-061901385708,omid:br/06490302394,omid:br/061901385708,2021-05-05,P0Y11M,no,no
oci:06490302394-061701852969,omid:br/06490302394,omid:br/061701852969,2021-05-05,P7Y9M7D,no,no
oci:06490302394-06120344878,omid:br/06490302394,omid:br/06120344878,2021-05-05,P7Y10M,no,no
oci:06490302394-061502847567,omid:br/06490302394,omid:br/061502847567,2021-05-05,P0Y3M6D,no,no
oci:0604850004-06403725722,omid:br/0604850004,omid:br/06403725722,2023,P16Y,no,no
oci:0604850004-06902085792,omid:br/0604850004,omid:br/06902085792,2023,P15Y,no,no
oci:0604850004-062103830699,omid:br/0604850004,omid:br/062103830699,2023,P9Y,no,no
oci:0604850004-06170346266,omid:br/0604850004,omid:br/06170346266,2023,P17Y,no,no
oci:0604850004-06501334282,omid:br/0604850004,omid:br/06501334282,2023,P11Y,no,no
oci:0604850004-06803904065,omid:br/0604850004,omid:br/06803904065,2023,P39Y,no,no
oci:0604850004-061802058099,omid:br/0604850004,omid:br/061802058099,2023,P17Y,no,no
oci:0604850004-062402050919,omid:br/0604850004,omid:br/062402050919,2023,P11Y,no,no
oci:0604850004-06401325872,omid:br/0604850004,omid:br/06401325872,2023,P10Y,no,no
oci:0604850004-06230356120,omid:br/0604850004,omid:br/06230356120,2023,P13Y,no,no
oci:0604850004-061902058488,omid:br/0604850004,omid:br/061902058488,2023,P17Y,no,no
oci:0604850004-06110628878,omid:br/0604850004,omid:br/06110628878,2023,P17Y,no,no
oci:0604850004-06702425347,omid:br/0604850004,omid:br/06702425347,2023,P20Y,no,no
oci:0604850004-0610356715,omid:br/0604850004,omid:br/0610356715,2023,P14Y,no,no
oci:0604850004-061401446275,omid:br/0604850004,omid:br/061401446275,2023,P10Y,no,no
oci:0604850004-062201303681,omid:br/0604850004,omid:br/062201303681,2023,P7Y,no,no
oci:0604850004-06240613380,omid:br/0604850004,omid:br/06240613380,2023,P11Y,no,no
oci:0604850004-06220479060,omid:br/0604850004,omid:br/06220479060,2023,P17Y,no,no
oci:0604850004-0640487189,omid:br/0604850004,omid:br/0640487189,2023,P9Y,no,no
oci:0604850004-0651037237,omid:br/0604850004,omid:br/0651037237,2023,P9Y,no,no
oci:0604850004-06190351120,omid:br/0604850004,omid:br/06190351120,2023,P5Y,no,no
oci:0604850004-06480302625,omid:br/0604850004,omid:br/06480302625,2023,P6Y,no,no
oci:06530312347-06140585095,omid:br/06530312347,omid:br/06140585095,2021-07-05,P2Y0M14D,no,no
oci:06530312347-06190639997,omid:br/06530312347,omid:br/06190639997,2021-07-05,P1Y10M5D,no,no
oci:06530312347-062502606364,omid:br/06530312347,omid:br/062502606364,2021-07-05,P2Y9M28D,no,no
oci:06530312347-06301333631,omid:br/06530312347,omid:br/06301333631,2021-07-05,P4Y1M16D,no,no
oci:06530312347-061402066621,omid:br/06530312347,omid:br/061402066621,2021-07-05,P1Y3M9D,no,no
oci:0604372483-06240590764,omid:br/0604372483,omid:br/06240590764,2020-05-10,P3Y11M3D,no,no
oci:0604372483-06210602128,omid:br/0604372483,omid:br/06210602128,2020-05-10,P0Y11M9D,no,no
oci:0604372483-061701676783,omid:br/0604372483,omid:br/061701676783,2020-05-10,P6Y1M,no,no
oci:0604372483-0610610478,omid:br/0604372483,omid:br/0610610478,2020-05-10,P5Y6M10D,no,no
oci:0604372483-062501652817,omid:br/0604372483,omid:br/062501652817,2020-05-10,P47Y5M25D,no,no
oci:0604372483-06130419203,omid:br/0604372483,omid:br/06130419203,2020-05-10,P12Y1M,no,no
oci:0604372483-062401636330,omid:br/0604372483,omid:br/062401636330,2020-05-10,P22Y4M,no,no
oci:0604372483-061101775709,omid:br/0604372483,omid:br/061101775709,2020-05-10,P47Y1M,no,no
oci:0604372483-061101459876,omid:br/0604372483,omid:br/061101459876,2020-05-10,P15Y2M,no,no
oci:0604372483-062201804980,omid:br/0604372483,omid:br/062201804980,2020-05-10,P16Y4M,no,no
oci:0604372483-062101646322,omid:br/0604372483,omid:br/062101646322,2020-05-10,P5Y10M3D,no,no
oci:0604372483-06201293965,omid:br/0604372483,omid:br/06201293965,2020-05-10,P3Y6M22D,no,no
oci:0604372483-06210601910,omid:br/0604372483,omid:br/06210601910,2020-05-10,P0Y11M10D,no,no
oci:0604372483-06210412759,omid:br/0604372483,omid:br/06210412759,2020-05-10,P3Y1M19D,no,no
oci:06903595206-062502608035,omid:br/06903595206,omid:br/062502608035,2021-03-05,P4Y7M11D,no,no
oci:06903595206-0640855531,omid:br/06903595206,omid:br/0640855531,2021-03-05,P4Y6M,no,no
oci:06903595206-062402606020,omid:br/06903595206,omid:br/062402606020,2021-03-05,P3Y6M22D,no,no
oci:06903595206-0650478793,omid:br/06903595206,omid:br/0650478793,2021-03-05,P10Y8M16D,no,no
oci:06903595206-061401446576,omid:br/06903595206,omid:br/061401446576,2021-03-05,P7Y9M4D,no,no
oci:06903595206-06140870392,omid:br/06903595206,omid:br/06140870392,2021-03-05,P11Y11M,no,no
oci:06903595206-06240471463,omid:br/06903595206,omid:br/06240471463,2021-03-05,P3Y8M18D,no,no
oci:06903595206-06303031009,omid:br/06903595206,omid:br/06303031009,2021-03-05,P1Y3M22D,no,no
oci:06490302450-0690529834,omid:br/06490302450,omid:br/0690529834,2021-05-05,P3Y3M0D,no,no
oci:06490302450-06250597524,omid:br/06490302450,omid:br/06250597524,2021-05-05,P5Y2M23D,no,no
oci:06490302450-06160813489,omid:br/06490302450,omid:br/06160813489,2021-05-05,P3Y0M17D,no,no
oci:06490302450-0649035959,omid:br/06490302450,omid:br/0649035959,2021-05-05,P2Y3M,no,no
oci:06490302450-06202827915,omid:br/06490302450,omid:br/06202827915,2021-05-05,P6Y3M15D,no,no
oci:06490302450-0610634011,omid:br/06490302450,omid:br/0610634011,2021-05-05,P9Y2M8D,no,no
oci:06490302450-06301219795,omid:br/06490302450,omid:br/06301219795,2021-05-05,P31Y7M,no,no
oci:06490302450-06240590232,omid:br/06490302450,omid:br/06240590232,2021-05-05,P4Y5M20D,no,no
oci:06490302450-062502577021,omid:br/06490302450,omid:br/062502577021,2021-05-05,P0Y8M,no,no
oci:06490302450-061401446002,omid:br/06490302450,omid:br/061401446002,2021-05-05,P6Y8M15D,no,no
oci:06490302450-061301458175,omid:br/06490302450,omid:br/061301458175,2021-05-05,P3Y10M7D,no,no
oci:06490302450-061401445860,omid:br/06490302450,omid:br/061401445860,2021-05-05,P6Y4M24D,no,no
oci:06490302450-06404583586,omid:br/06490302450,omid:br/06404583586,2021-05-05,P4Y2M25D,yes,no
oci:06490302450-0649035989,omid:br/06490302450,omid:br/0649035989,2021-05-05,P2Y3M,no,no
oci:06490302450-0649035713,omid:br/06490302450,omid:br/0649035713,2021-05-05,P1Y5M4D,no,no
oci:06490302450-061201456864,omid:br/06490302450,omid:br/061201456864,2021-05-05,P1Y11M12D,no,no
oci:06304560763-061304040938,omid:br/06304560763,omid:br/061304040938,2022-09-01,,no,no
oci:06304560763-06120667151,omid:br/06304560763,omid:br/06120667151,2022-09-01,P16Y1M,no,no
oci:06304560763-06510312467,omid:br/06304560763,omid:br/06510312467,2022-09-01,P1Y8M22D,yes,no
oci:06304560763-0680872147,omid:br/06304560763,omid:br/0680872147,2022-09-01,P12Y5M27D,no,no
oci:06304560763-06260494460,omid:br/06304560763,omid:br/06260494460,2022-09-01,P6Y5M11D,no,no
oci:06304560763-06302417255,omid:br/06304560763,omid:br/06302417255,2022-09-01,P6Y0M,no,no
oci:06304560763-06201293644,omid:br/06304560763,omid:br/06201293644,2022-09-01,P2Y1M9D,no,no
oci:06304560763-06803024242,omid:br/06304560763,omid:br/06803024242,2022-09-01,P0Y11M16D,no,no
oci:06304560763-0630478040,omid:br/06304560763,omid:br/0630478040,2022-09-01,P10Y2M19D,no,no
oci:06304560763-061202613292,omid:br/06304560763,omid:br/061202613292,2022-09-01,P5Y7M,no,no
oci:06304560763-061301458422,omid:br/06304560763,omid:br/061301458422,2022-09-01,P5Y10M0D,no,no
oci:06304560763-0680749191,omid:br/06304560763,omid:br/0680749191,2022-09-01,P1Y7M,no,no
oci:06304560763-061401925471,omid:br/06304560763,omid:br/061401925471,2022-09-01,P4Y10M,no,no
oci:06490302378-06140871370,omid:br/06490302378,omid:br/06140871370,2021-04-05,P45Y3M,no,no
oci:06490302378-061202865833,omid:br/06490302378,omid:br/061202865833,2021-04-05,P16Y10M,no,no
oci:06490302378-06603288194,omid:br/06490302378,omid:br/06603288194,2021-04-05,P13Y0M,no,no
oci:06490302378-06103301049,omid:br/06490302378,omid:br/06103301049,2021-04-05,P6Y6M,no,no
oci:06490302378-06403293186,omid:br/06490302378,omid:br/06403293186,2021-04-05,P10Y10M,no,no
oci:06490302378-061701997741,omid:br/06490302378,omid:br/061701997741,2021-04-05,P0Y4M18D,no,no
oci:06490302378-062602894546,omid:br/06490302378,omid:br/062602894546,2021-04-05,P5Y1M,no,no
oci:06530312361-0650349900,omid:br/06530312361,omid:br/0650349900,2021-08-05,P6Y3M,no,no
oci:06530312361-061501313140,omid:br/06530312361,omid:br/061501313140,2021-08-05,P3Y10M7D,no,no
oci:06530312361-062202611768,omid:br/06530312361,omid:br/062202611768,2021-08-05,P4Y10M29D,no,no
oci:06530312361-062203125292,omid:br/06530312361,omid:br/062203125292,2021-08-05,P8Y10M16D,no,no
oci:06530312361-061601524844,omid:br/06530312361,omid:br/061601524844,2021-08-05,P4Y2M3D,no,no
oci:06530312361-06240342679,omid:br/06530312361,omid:br/06240342679,2021-08-05,P4Y1M,no,no
oci:06530312361-061902622540,omid:br/06530312361,omid:br/061902622540,2021-08-05,P6Y2M9D,no,no
oci:06530312361-0604032740,omid:br/06530312361,omid:br/0604032740,2021-08-05,P2Y2M26D,yes,no
oci:06530312361-0604032826,omid:br/06530312361,omid:br/0604032826,2021-08-05,P2Y0M26D,yes,no
oci:06530312361-0604032785,omid:br/06530312361,omid:br/0604032785,2021-08-05,P1Y11M26D,yes,no
oci:06530312361-061703599534,omid:br/06530312361,omid:br/061703599534,2021-08-05,P1Y10M26D,yes,no
oci:06530312361-06510312456,omid:br/06530312361,omid:br/06510312456,2021-08-05,P1Y6M26D,yes,no
oci:06530312361-06510312434,omid:br/06530312361,omid:br/06510312434,2021-08-05,P1Y5M26D,yes,no
oci:06530312361-06380275939,omid:br/06530312361,omid:br/06380275939,2021-08-05,P2Y3M0D,no,no
oci:06530312361-06202188389,omid:br/06530312361,omid:br/06202188389,2021-08-05,P0Y6M17D,no,no
oci:06530312361-06130482228,omid:br/06530312361,omid:br/06130482228,2021-08-05,P17Y4M3D,no,no
oci:06530312361-061101317460,omid:br/06530312361,omid:br/061101317460,2021-08-05,P3Y0M24D,no,no
oci:06530312361-06701567938,omid:br/06530312361,omid:br/06701567938,2021-08-05,P2Y1M26D,no,no
oci:0604850005-06490302455,omid:br/0604850005,omid:br/06490302455,2022,P1Y,no,no
oci:0604850005-0690358147,omid:br/0604850005,omid:br/0690358147,2022,P1Y,no,no
oci:0604850005-06504581475,omid:br/0604850005,omid:br/06504581475,2022,P32Y,no,no
oci:0604850005-06170600037,omid:br/0604850005,omid:br/06170600037,2022,P0Y,no,no
oci:0604850005-06301123247,omid:br/0604850005,omid:br/06301123247,2022,P50Y,no,no
oci:0604372493-062201238331,omid:br/0604372493,omid:br/062201238331,2021-10-05,P43Y2M,no,no
oci:0604372493-0670522587,omid:br/0604372493,omid:br/0670522587,2021-10-05,P14Y0M11D,no,no
oci:0604372493-06160149712,omid:br/0604372493,omid:br/06160149712,2021-10-05,P13Y0M,no,no
oci:0604372493-06250481935,omid:br/0604372493,omid:br/06250481935,2021-10-05,P25Y9M27D,no,no
oci:0604372493-06140146612,omid:br/0604372493,omid:br/06140146612,2021-10-05,P9Y6M,no,no
oci:0604372493-061601467080,omid:br/0604372493,omid:br/061601467080,2021-10-05,P12Y6M29D,no,no
oci:0604372493-0650896704,omid:br/0604372493,omid:br/0650896704,2021-10-05,P1Y10M,no,no
oci:0604372493-0610901980,omid:br/0604372493,omid:br/0610901980,2021-10-05,P0Y9M,no,no
oci:06490302375-0628010833,omid:br/06490302375,omid:br/0628010833,2021-01-10,P5Y7M,no,no
oci:06490302375-061301458796,omid:br/06490302375,omid:br/061301458796,2021-01-10,P5Y1M2D,no,no
oci:06490302375-0631059597,omid:br/06490302375,omid:br/0631059597,2021-01-10,P15Y7M26D,no,no
oci:06490302375-0610611334,omid:br/06490302375,omid:br/0610611334,2021-01-10,P6Y9M7D,no,no
oci:06490302375-06130594798,omid:br/06490302375,omid:br/06130594798,2021-01-10,P8Y6M21D,no,no
oci:06490302375-0610532617,omid:br/06490302375,omid:br/0610532617,2021-01-10,P7Y3M3D,no,no
oci:06490302375-061501462176,omid:br/06490302375,omid:br/061501462176,2021-01-10,P9Y2M20D,no,no
oci:06490302375-061501462557,omid:br/06490302375,omid:br/061501462557,2021-01-10,P10Y1M7D,no,no
oci:06490302375-0620479075,omid:br/06490302375,omid:br/0620479075,2021-01-10,P7Y2M10D,no,no
oci:06204568478-06510312481,omid:br/06204568478,omid:br/06510312481,2022-06-01,P1Y6M22D,yes,no
oci:06204568478-06490302438,omid:br/06204568478,omid:br/06490302438,2022-06-01,P1Y4M22D,yes,no
oci:06204568478-06480302687,omid:br/06204568478,omid:br/06480302687,2022-06-01,P4Y9M22D,yes,no
oci:06204568478-06480302638,omid:br/06204568478,omid:br/06480302638,2022-06-01,P4Y8M22D,yes,no
oci:06204568478-06530313014,omid:br/06204568478,omid:br/06530313014,2022-06-01,P36Y,yes,no
oci:06204568478-06490302815,omid:br/06204568478,omid:br/06490302815,2022-06-01,P34Y,yes,no
oci:06204568478-0620626947,omid:br/06204568478,omid:br/0620626947,2022-06-01,P10Y4M12D,no,no
oci:06204568478-06160604432,omid:br/06204568478,omid:br/06160604432,2022-06-01,P12Y1M12D,no,no
oci:06204568478-06260617644,omid:br/06204568478,omid:br/06260617644,2022-06-01,P6Y10M23D,no,no
oci:06204568478-06250597248,omid:br/06204568478,omid:br/06250597248,2022-06-01,P6Y2M3D,no,no
oci:06204568478-06120594929,omid:br/06204568478,omid:br/06120594929,2022-06-01,P9Y7M10D,no,no
oci:06204568478-061501248385,omid:br/06204568478,omid:br/061501248385,2022-06-01,P19Y1M,no,no
oci:06204568478-06170599978,omid:br/06204568478,omid:br/06170599978,2022-06-01,P0Y2M2D,no,no
oci:06204568478-061601467378,omid:br/06204568478,omid:br/061601467378,2022-06-01,P14Y1M28D,no,no
oci:06204568478-06150603856,omid:br/06204568478,omid:br/06150603856,2022-06-01,P11Y5M12D,no,no
oci:06204568478-06150603452,omid:br/06204568478,omid:br/06150603452,2022-06-01,P11Y1M12D,no,no
oci:06204568478-0660606385,omid:br/06204568478,omid:br/0660606385,2022-06-01,P8Y,no,no
oci:06204568478-06220599336,omid:br/06204568478,omid:br/06220599336,2022-06-01,P3Y10M8D,no,no
oci:06204568478-061702061671,omid:br/06204568478,omid:br/061702061671,2022-06-01,P8Y6M5D,no,no
oci:06204568478-061602066992,omid:br/06204568478,omid:br/061602066992,2022-06-01,P5Y4M19D,no,no
oci:06204568478-061602067476,omid:br/06204568478,omid:br/061602067476,2022-06-01,P6Y2M25D,no,no
oci:06204568478-06150603385,omid:br/06204568478,omid:br/06150603385,2022-06-01,P11Y0M12D,no,no
oci:06204568478-061702061050,omid:br/06204568478,omid:br/061702061050,2022-06-01,P6Y10M18D,no,no
oci:06204568478-06120594917,omid:br/06204568478,omid:br/06120594917,2022-06-01,P9Y7M10D,no,no
oci:06204568478-061401445731,omid:br/06204568478,omid:br/061401445731,2022-06-01,P7Y2M0D,no,no
oci:06204568478-061301458566,omid:br/06204568478,omid:br/061301458566,2022-06-01,P5Y11M24D,no,no
oci:06204568478-06202827814,omid:br/06204568478,omid:br/06202827814,2022-06-01,P7Y1M25D,no,no
oci:06204568478-06220599333,omid:br/06204568478,omid:br/06220599333,2022-06-01,P3Y10M8D,no,no
oci:06204568478-0610611280,omid:br/06204568478,omid:br/0610611280,2022-06-01,P8Y1M22D,no,no
oci:06510312456-0604032740,omid:br/06510312456,omid:br/0604032740,2020-01-10,P0Y8M0D,yes,no
oci:06510312456-0604032826,omid:br/06510312456,omid:br/0604032826,2020-01-10,P0Y6M0D,yes,no
oci:06510312456-0670691239,omid:br/06510312456,omid:br/0670691239,2020-01-10,P9Y1M,no,no
oci:06510312456-0640355537,omid:br/06510312456,omid:br/0640355537,2020-01-10,P11Y8M9D,no,no
oci:06510312456-06110604376,omid:br/06510312456,omid:br/06110604376,2020-01-10,P6Y2M9D,no,no
oci:06530312306-0650484059,omid:br/06530312306,omid:br/0650484059,2022-02-01,P7Y8M16D,no,no
oci:06530312306-0640487136,omid:br/06530312306,omid:br/0640487136,2022-02-01,P7Y7M5D,no,no
oci:06530312306-061801308673,omid:br/06530312306,omid:br/061801308673,2022-02-01,P4Y11M16D,no,no
oci:06530312306-061601315777,omid:br/06530312306,omid:br/061601315777,2022-02-01,P4Y5M15D,no,no
oci:06530312306-062502016162,omid:br/06530312306,omid:br/062502016162,2022-02-01,P6Y3M25D,no,no
oci:06530312306-06801318047,omid:br/06530312306,omid:br/06801318047,2022-02-01,P10Y10M3D,no,no
oci:0604032830-06110605299,omid:br/0604032830,omid:br/06110605299,2019-06-10,P6Y2M9D,no,no
oci:0604032830-06220600016,omid:br/0604032830,omid:br/06220600016,2019-06-10,P1Y3M4D,no,no
oci:0604032830-06220600022,omid:br/0604032830,omid:br/06220600022,2019-06-10,P1Y3M4D,no,no
oci:0604032830-06160604366,omid:br/0604032830,omid:br/06160604366,2019-06-10,P9Y1M21D,no,no
oci:0604032830-06220600009,omid:br/0604032830,omid:br/06220600009,2019-06-10,P1Y3M3D,no,no
oci:0604032830-06220600041,omid:br/0604032830,omid:br/06220600041,2019-06-10,P1Y3M8D,no,no
oci:0604032830-06220599978,omid:br/0604032830,omid:br/06220599978,2019-06-10,P1Y2M29D,no,no
oci:0604032830-061301458170,omid:br/0604032830,omid:br/061301458170,2019-06-10,P1Y10M29D,no,no
oci:06510312466-0660487677,omid:br/06510312466,omid:br/0660487677,2020-03-10,P31Y2M16D,no,no
oci:06510312466-06150676542,omid:br/06510312466,omid:br/06150676542,2020-03-10,P79Y9M,no,no
oci:06510312466-0630269828,omid:br/06510312466,omid:br/0630269828,2020-03-10,P4Y7M23D,no,no
oci:06510312466-061802429926,omid:br/06510312466,omid:br/061802429926,2020-03-10,P0Y4M,no,no
oci:06510312451-061702068432,omid:br/06510312451,omid:br/061702068432,2020-11-10,P7Y3M3D,no,no
oci:06510312451-06701020279,omid:br/06510312451,omid:br/06701020279,2020-11-10,P16Y7M22D,no,no
oci:06510312451-06220624067,omid:br/06510312451,omid:br/06220624067,2020-11-10,P15Y10M7D,no,no
oci:06510312451-06230482883,omid:br/06510312451,omid:br/06230482883,2020-11-10,P2Y9M12D,no,no
oci:06510312451-061201456812,omid:br/06510312451,omid:br/061201456812,2020-11-10,P1Y4M2D,no,no
oci:06510312451-0670601021,omid:br/06510312451,omid:br/0670601021,2020-11-10,P1Y2M26D,no,no
oci:06510312451-062101302364,omid:br/06510312451,omid:br/062101302364,2020-11-10,P4Y3M14D,no,no
oci:06510312451-061102621266,omid:br/06510312451,omid:br/061102621266,2020-11-10,P1Y0M0D,no,no
oci:06304560758-06701256363,omid:br/06304560758,omid:br/06701256363,2022-08-01,P5Y,no,no
oci:06530312379-0670357338,omid:br/06530312379,omid:br/0670357338,2021-09-05,P29Y10M,no,no
oci:06530312379-06180355837,omid:br/06530312379,omid:br/06180355837,2021-09-05,P28Y2M19D,no,no
oci:06530312379-06180656689,omid:br/06530312379,omid:br/06180656689,2021-09-05,P13Y4M13D,no,no
oci:06530312379-06101405477,omid:br/06530312379,omid:br/06101405477,2021-09-05,P8Y9M,no,no
oci:06530312379-06201392590,omid:br/06530312379,omid:br/06201392590,2021-09-05,P9Y5M,no,no
oci:06530312379-061302647981,omid:br/06530312379,omid:br/061302647981,2021-09-05,P14Y3M,no,no
oci:06530312379-061401513284,omid:br/06530312379,omid:br/061401513284,2021-09-05,P9Y10M9D,no,no
oci:06304560760-061902053029,omid:br/06304560760,omid:br/061902053029,2022-05-01,P68Y4M,no,no
oci:06304560760-061401446584,omid:br/06304560760,omid:br/061401446584,2022-05-01,P8Y11M0D,no,no
oci:06304560760-0642064770,omid:br/06304560760,omid:br/0642064770,2022-05-01,P5Y6M7D,no,no
oci:06304560760-062601038001,omid:br/06304560760,omid:br/062601038001,2022-05-01,P1Y2M,no,no
oci:06304560760-062102081993,omid:br/06304560760,omid:br/062102081993,2022-05-01,P2Y10M0D,no,no
oci:06304560760-06180582094,omid:br/06304560760,omid:br/06180582094,2022-05-01,P9Y9M1D,no,no
oci:06304560760-062301237508,omid:br/06304560760,omid:br/062301237508,2022-05-01,P6Y9M,no,no
oci:06304560760-06101223250,omid:br/06304560760,omid:br/06101223250,2022-05-01,P23Y0M,no,no
oci:06304560760-06802625111,omid:br/06304560760,omid:br/06802625111,2022-05-01,P26Y,no,no
oci:06304560760-06902271889,omid:br/06304560760,omid:br/06902271889,2022-05-01,P26Y,no,no
oci:06304560760-06902271586,omid:br/06304560760,omid:br/06902271586,2022-05-01,P26Y,no,no
oci:06304560760-06802624800,omid:br/06304560760,omid:br/06802624800,2022-05-01,P26Y,no,no
oci:06304560760-06530312360,omid:br/06304560760,omid:br/06530312360,2022-05-01,P0Y3M0D,yes,no
oci:06530312324-06220599636,omid:br/06530312324,omid:br/06220599636,2022,P4Y,no,no
oci:06204568486-06220349990,omid:br/06204568486,omid:br/06220349990,2022-06-01,P32Y2M,no,no
oci:06204568486-06110362698,omid:br/06204568486,omid:br/06110362698,2022-06-01,P30Y10M,no,no
oci:06204568486-06220482103,omid:br/06204568486,omid:br/06220482103,2022-06-01,P28Y7M24D,no,no
oci:06204568486-0670357079,omid:br/06204568486,omid:br/0670357079,2022-06-01,P32Y2M,no,no
oci:06204568486-06903526148,omid:br/06204568486,omid:br/06903526148,2022-06-01,P25Y7M21D,no,no
oci:06204568486-062602088444,omid:br/06204568486,omid:br/062602088444,2022-06-01,P17Y4M13D,no,no
oci:06204568486-061903509033,omid:br/06204568486,omid:br/061903509033,2022-06-01,P23Y11M20D,no,no
oci:06204568486-06120345418,omid:br/06204568486,omid:br/06120345418,2022-06-01,P9Y0M,no,no
oci:06204568486-06260366194,omid:br/06204568486,omid:br/06260366194,2022-06-01,P5Y8M,no,no
oci:06204568486-06260365868,omid:br/06204568486,omid:br/06260365868,2022-06-01,P5Y7M,no,no
oci:06204568486-06530312336,omid:br/06204568486,omid:br/06530312336,2022-06-01,P0Y8M27D,yes,no
oci:06204568486-06230355876,omid:br/06204568486,omid:br/06230355876,2022-06-01,P11Y11M,no,no
oci:06204568486-06250633201,omid:br/06204568486,omid:br/06250633201,2022-06-01,P2Y3M4D,no,no
oci:06204568486-061101818716,omid:br/06204568486,omid:br/061101818716,2022-06-01,P14Y0M20D,no,no
oci:06204568486-0650659672,omid:br/06204568486,omid:br/0650659672,2022-06-01,P8Y8M26D,no,no
oci:06204568486-0610491364,omid:br/06204568486,omid:br/0610491364,2022-06-01,P6Y3M6D,no,no
oci:06204568486-0620639809,omid:br/06204568486,omid:br/0620639809,2022-06-01,P4Y1M26D,no,no
oci:06204568486-061103512554,omid:br/06204568486,omid:br/061103512554,2022-06-01,P20Y2M17D,no,no
oci:06204568486-0670654923,omid:br/06204568486,omid:br/0670654923,2022-06-01,P9Y11M25D,no,no
oci:0604372413-061104183288,omid:br/0604372413,omid:br/061104183288,2020-08-10,P16Y,no,no
oci:0604032763-061301458777,omid:br/0604032763,omid:br/061301458777,2019-05-10,P3Y4M5D,no,no
oci:0604032763-06250597500,omid:br/0604032763,omid:br/06250597500,2019-05-10,P3Y2M21D,no,no
oci:06304560814-06103302044,omid:br/06304560814,omid:br/06103302044,2022-05-01,P30Y3M,no,no
oci:06304560814-061202865794,omid:br/06304560814,omid:br/061202865794,2022-05-01,P17Y11M,no,no
oci:06304560814-062501744572,omid:br/06304560814,omid:br/062501744572,2022-05-01,P15Y9M17D,no,no
oci:06304560814-062201737305,omid:br/06304560814,omid:br/062201737305,2022-05-01,P14Y1M6D,no,no
oci:0604372419-06140596899,omid:br/0604372419,omid:br/06140596899,2020-09-10,P9Y1M21D,no,no
oci:0604372419-06103050902,omid:br/0604372419,omid:br/06103050902,2020-09-10,P6Y7M25D,no,no
oci:0604372419-06230657847,omid:br/0604372419,omid:br/06230657847,2020-09-10,P0Y11M16D,no,no
oci:0604372419-061301116513,omid:br/0604372419,omid:br/061301116513,2020-09-10,P18Y5M,no,no
oci:0604372419-06120594745,omid:br/0604372419,omid:br/06120594745,2020-09-10,P7Y9M20D,no,no
oci:0604372419-062602662018,omid:br/0604372419,omid:br/062602662018,2020-09-10,P4Y2M4D,no,no
oci:0604372419-062502606509,omid:br/0604372419,omid:br/062502606509,2020-09-10,P2Y0M5D,no,no
oci:06604570701-06601251741,omid:br/06604570701,omid:br/06601251741,2019-10-10,P10Y5M,no,no
oci:06604570701-0670568423,omid:br/06604570701,omid:br/0670568423,2019-10-10,P1Y4M15D,no,no
oci:061504138077-061302057014,omid:br/061504138077,omid:br/061302057014,,,no,no
oci:061504138077-06602174110,omid:br/061504138077,omid:br/06602174110,,,no,no
oci:061504138077-06503558739,omid:br/061504138077,omid:br/06503558739,,,no,no
oci:061504138077-06403725771,omid:br/061504138077,omid:br/06403725771,,,no,no
oci:061504138077-06102838193,omid:br/061504138077,omid:br/06102838193,,,no,no
oci:061504138077-06801469263,omid:br/061504138077,omid:br/06801469263,,,no,no
oci:061504138077-06210485100,omid:br/061504138077,omid:br/06210485100,,,no,no
oci:061504138077-0603919365,omid:br/061504138077,omid:br/0603919365,,,no,no
oci:061504138077-061401294804,omid:br/061504138077,omid:br/061401294804,,,no,no
oci:061504138077-0630645348,omid:br/061504138077,omid:br/0630645348,,,no,no
oci:061504138077-062602080680,omid:br/061504138077,omid:br/062602080680,,,no,no
oci:061504138077-062301679215,omid:br/061504138077,omid:br/062301679215,,,no,no
oci:061504138077-06503558798,omid:br/061504138077,omid:br/06503558798,,,no,no
oci:061504138077-06150210376,omid:br/061504138077,omid:br/06150210376,,,no,no
oci:061504138077-06501334371,omid:br/061504138077,omid:br/06501334371,,,no,no
oci:061504138077-062602641084,omid:br/061504138077,omid:br/062602641084,,,no,no
oci:061504138077-062301132302,omid:br/061504138077,omid:br/062301132302,,,no,no
oci:061504138077-06102777591,omid:br/061504138077,omid:br/06102777591,,,no,no
oci:061504138077-062303128717,omid:br/061504138077,omid:br/062303128717,,,no,no
oci:061504138077-062502606359,omid:br/061504138077,omid:br/062502606359,,,no,no
oci:06510312447-0630350830,omid:br/06510312447,omid:br/0630350830,2020-03-10,P4Y5M10D,no,no
oci:06510312447-06140344274,omid:br/06510312447,omid:br/06140344274,2020-03-10,P0Y5M14D,no,no
oci:06510312447-0650349929,omid:br/06510312447,omid:br/0650349929,2020-03-10,P4Y11M,no,no
oci:06510312447-06260668452,omid:br/06510312447,omid:br/06260668452,2020-03-10,P2Y3M18D,no,no
oci:06510312447-062601329536,omid:br/06510312447,omid:br/062601329536,2020-03-10,P5Y1M25D,no,no
oci:06510312447-06703000232,omid:br/06510312447,omid:br/06703000232,2020-03-10,P5Y7M11D,no,no
oci:06510312447-06301315201,omid:br/06510312447,omid:br/06301315201,2020-03-10,P6Y1M22D,no,no
oci:06510312447-06260618124,omid:br/06510312447,omid:br/06260618124,2020-03-10,P4Y11M19D,no,no
oci:06510312447-06150715762,omid:br/06510312447,omid:br/06150715762,2020-03-10,P5Y,no,no
oci:06510312447-061202683060,omid:br/06510312447,omid:br/061202683060,2020-03-10,P3Y10M11D,no,no
oci:06510312447-061302630705,omid:br/06510312447,omid:br/061302630705,2020-03-10,P1Y11M11D,no,no
oci:06510312447-061302630702,omid:br/06510312447,omid:br/061302630702,2020-03-10,P1Y11M0D,no,no
oci:06510312447-061402596487,omid:br/06510312447,omid:br/061402596487,2020-03-10,P4Y4M10D,no,no
oci:06510312447-062602710154,omid:br/06510312447,omid:br/062602710154,2020-03-10,P1Y7M4D,no,no
oci:06510312447-06230482901,omid:br/06510312447,omid:br/06230482901,2020-03-10,P2Y1M15D,no,no
oci:06510312447-0670521040,omid:br/06510312447,omid:br/0670521040,2020-03-10,P1Y5M15D,no,no
oci:06510312447-061302630362,omid:br/06510312447,omid:br/061302630362,2020-03-10,P0Y5M9D,no,no
oci:06510312447-06120596927,omid:br/06510312447,omid:br/06120596927,2020-03-10,P21Y11M10D,no,no
oci:06510312447-061401262762,omid:br/06510312447,omid:br/061401262762,2020-03-10,P10Y3M,no,no
oci:06510312447-06502572483,omid:br/06510312447,omid:br/06502572483,2020-03-10,P6Y0M8D,no,no
oci:06510312447-061401459329,omid:br/06510312447,omid:br/061401459329,2020-03-10,P7Y8M20D,no,no
oci:06510312447-06210881025,omid:br/06510312447,omid:br/06210881025,2020-03-10,P23Y8M,no,no
oci:06510312447-06220516142,omid:br/06510312447,omid:br/06220516142,2020-03-10,P22Y9M1D,no,no
oci:06510312447-06170893245,omid:br/06510312447,omid:br/06170893245,2020-03-10,P22Y11M,no,no
oci:06510312447-06140804965,omid:br/06510312447,omid:br/06140804965,2020-03-10,P30Y3M9D,no,no
oci:06510312447-06120865424,omid:br/06510312447,omid:br/06120865424,2020-03-10,P38Y11M,no,no
oci:06510312447-061402851960,omid:br/06510312447,omid:br/061402851960,2020-03-10,P12Y,no,no
oci:06510312447-06180485043,omid:br/06510312447,omid:br/06180485043,2020-03-10,P11Y7M21D,no,no
oci:06510312447-06403725639,omid:br/06510312447,omid:br/06403725639,2020-03-10,P12Y3M14D,no,no
oci:06510312447-06150297812,omid:br/06510312447,omid:br/06150297812,2020-03-10,P0Y9M18D,no,no
oci:06510312447-06403025163,omid:br/06510312447,omid:br/06403025163,2020-03-10,P3Y6M3D,no,no
oci:06510312447-06402579932,omid:br/06510312447,omid:br/06402579932,2020-03-10,P4Y6M15D,no,no
oci:06510312447-061301472896,omid:br/06510312447,omid:br/061301472896,2020-03-10,P6Y10M1D,no,no
oci:06510312447-062601329185,omid:br/06510312447,omid:br/062601329185,2020-03-10,P5Y0M20D,no,no
oci:06510312447-06901831827,omid:br/06510312447,omid:br/06901831827,2020-03-10,P10Y5M10D,no,no
oci:06510312447-06260367307,omid:br/06510312447,omid:br/06260367307,2020-03-10,P10Y9M,no,no
oci:06510312447-061501477934,omid:br/06510312447,omid:br/061501477934,2020-03-10,P9Y6M10D,no,no
oci:06510312447-061301458423,omid:br/06510312447,omid:br/061301458423,2020-03-10,P3Y4M10D,no,no
oci:06510312447-061201456910,omid:br/06510312447,omid:br/061201456910,2020-03-10,P0Y10M15D,no,no
oci:06510312447-0690725270,omid:br/06510312447,omid:br/0690725270,2020-03-10,P3Y,no,no
oci:06510312447-061101482161,omid:br/06510312447,omid:br/061101482161,2020-03-10,P5Y3M9D,no,no
oci:06510312447-061201309638,omid:br/06510312447,omid:br/061201309638,2020-03-10,P1Y10M27D,no,no
oci:06510312447-06250649502,omid:br/06510312447,omid:br/06250649502,2020-03-10,P2Y0M13D,no,no
oci:06510312447-06210417712,omid:br/06510312447,omid:br/06210417712,2020-03-10,P0Y3M,no,no
oci:06530312373-06402227689,omid:br/06530312373,omid:br/06402227689,2021-07-05,P1Y9M,no,no
oci:06530312373-06110627340,omid:br/06530312373,omid:br/06110627340,2021-07-05,P10Y9M7D,no,no
oci:06530312373-06301088245,omid:br/06530312373,omid:br/06301088245,2021-07-05,P2Y4M,no,no
oci:0604032806-061301458123,omid:br/0604032806,omid:br/061301458123,2019-06-10,P1Y9M9D,no,no
oci:0604032806-06220600138,omid:br/0604032806,omid:br/06220600138,2019-06-10,P1Y3M26D,no,no
oci:06490302436-06140345557,omid:br/06490302436,omid:br/06140345557,2021-04-05,P8Y6M,no,no
oci:06490302436-062201769378,omid:br/06490302436,omid:br/062201769378,2021-04-05,P0Y10M10D,no,no
oci:06490302436-06501483151,omid:br/06490302436,omid:br/06501483151,2021-04-05,P19Y6M4D,no,no
oci:06490302436-062401726174,omid:br/06490302436,omid:br/062401726174,2021-04-05,P12Y9M,no,no
oci:06490302436-061302056832,omid:br/06490302436,omid:br/061302056832,2021-04-05,P13Y0M2D,no,no
oci:06490302436-06160626755,omid:br/06490302436,omid:br/06160626755,2021-04-05,P11Y3M25D,no,no
oci:06490302436-061202055369,omid:br/06490302436,omid:br/061202055369,2021-04-05,P12Y11M21D,no,no
oci:06490302436-0670532298,omid:br/06490302436,omid:br/0670532298,2021-04-05,P6Y6M17D,no,no
oci:06490302436-06301315013,omid:br/06490302436,omid:br/06301315013,2021-04-05,P7Y1M26D,no,no
oci:06490302436-061201309495,omid:br/06490302436,omid:br/061201309495,2021-04-05,P2Y11M11D,no,no
oci:06530312383-06202538405,omid:br/06530312383,omid:br/06202538405,2021-06-05,P3Y9M,no,no
oci:06530312383-062601038329,omid:br/06530312383,omid:br/062601038329,2021-06-05,P1Y0M,no,no
oci:06530312383-06160523910,omid:br/06530312383,omid:br/06160523910,2021-06-05,P5Y5M29D,no,no
oci:06530312383-06401032462,omid:br/06530312383,omid:br/06401032462,2021-06-05,P7Y5M,no,no
oci:06530312383-06902637199,omid:br/06530312383,omid:br/06902637199,2021-06-05,P1Y11M0D,no,no
oci:06530312383-061502018527,omid:br/06530312383,omid:br/061502018527,2021-06-05,P1Y2M,no,no
oci:0604372501-06303033259,omid:br/0604372501,omid:br/06303033259,2020-06-10,P2Y11M22D,no,no
oci:06530312346-06801424310,omid:br/06530312346,omid:br/06801424310,2021-09-05,P1Y11M18D,no,no
oci:06530312346-06120252638,omid:br/06530312346,omid:br/06120252638,2021-09-05,P13Y,no,no
oci:06530312346-0604831548,omid:br/06530312346,omid:br/0604831548,2021-09-05,P14Y,no,no
oci:06530312346-061702621716,omid:br/06530312346,omid:br/061702621716,2021-09-05,P4Y9M15D,no,no
oci:06530312346-062091850,omid:br/06530312346,omid:br/062091850,2021-09-05,P17Y0M,no,no
oci:06530312346-062102613107,omid:br/06530312346,omid:br/062102613107,2021-09-05,P6Y3M25D,no,no
oci:06304560746-06140344085,omid:br/06304560746,omid:br/06140344085,2022-07-01,P2Y8M8D,no,no
oci:06304560746-061902057909,omid:br/06304560746,omid:br/061902057909,2022-07-01,P15Y9M17D,no,no
oci:06304560746-06110356062,omid:br/06304560746,omid:br/06110356062,2022-07-01,P8Y9M,no,no
oci:06304560746-06401325360,omid:br/06304560746,omid:br/06401325360,2022-07-01,P2Y11M2D,no,no
oci:06304560746-06201319153,omid:br/06304560746,omid:br/06201319153,2022-07-01,P2Y7M9D,no,no
oci:06304560746-0690365913,omid:br/06304560746,omid:br/0690365913,2022-07-01,P19Y4M,no,no
oci:06304560746-06301314099,omid:br/06304560746,omid:br/06301314099,2022-07-01,P2Y8M23D,no,no
oci:06304560746-06180349782,omid:br/06304560746,omid:br/06180349782,2022-07-01,P10Y10M,no,no
oci:06304560746-0670349755,omid:br/06304560746,omid:br/0670349755,2022-07-01,P0Y5M12D,no,no
oci:06304560746-0610646571,omid:br/06304560746,omid:br/0610646571,2022-07-01,P3Y11M25D,no,no
oci:06304560768-06160484045,omid:br/06304560768,omid:br/06160484045,2022-06-01,P1Y7M2D,no,no
oci:06304560768-062302841534,omid:br/06304560768,omid:br/062302841534,2022-06-01,P5Y5M3D,no,no
oci:06304560768-06701310532,omid:br/06304560768,omid:br/06701310532,2022-06-01,P3Y6M,no,no
oci:06304560768-061702118168,omid:br/06304560768,omid:br/061702118168,2022-06-01,P8Y1M11D,no,no
oci:06304560768-061401086588,omid:br/06304560768,omid:br/061401086588,2022-06-01,P4Y5M28D,no,no
oci:06530312310-06501273977,omid:br/06530312310,omid:br/06501273977,2021-08-05,P10Y5M,no,no
oci:06530312310-0604032802,omid:br/06530312310,omid:br/0604032802,2021-08-05,P2Y1M26D,yes,no
oci:06530312310-06701526618,omid:br/06530312310,omid:br/06701526618,2021-08-05,P12Y6M24D,no,no
oci:06530312310-062301172027,omid:br/06530312310,omid:br/062301172027,2021-08-05,P0Y5M19D,no,no
oci:06530312310-061401808871,omid:br/06530312310,omid:br/061401808871,2021-08-05,P7Y6M29D,no,no
oci:06304560806-061204040837,omid:br/06304560806,omid:br/061204040837,2022-08-01,P3Y4M1D,no,no
oci:06490302444-0604831543,omid:br/06490302444,omid:br/0604831543,2021-12-01,P18Y,no,no
oci:06490302444-06250596713,omid:br/06490302444,omid:br/06250596713,2021-12-01,P43Y,no,no
oci:06490302444-061302803233,omid:br/06490302444,omid:br/061302803233,2021-12-01,P41Y,no,no
oci:06490302444-0604831544,omid:br/06490302444,omid:br/0604831544,2021-12-01,P39Y,no,no
oci:06490302444-0660606101,omid:br/06490302444,omid:br/0660606101,2021-12-01,P39Y,no,no
oci:06490302444-0690610518,omid:br/06490302444,omid:br/0690610518,2021-12-01,P31Y,no,no
oci:06490302444-0604831545,omid:br/06490302444,omid:br/0604831545,2021-12-01,P30Y,no,no
oci:06490302444-061503329969,omid:br/06490302444,omid:br/061503329969,2021-12-01,P23Y,no,no
oci:06490302444-06902271816,omid:br/06490302444,omid:br/06902271816,2021-12-01,P25Y,no,no
oci:06490302444-06260617054,omid:br/06490302444,omid:br/06260617054,2021-12-01,P26Y,no,no
oci:06490302444-06802131667,omid:br/06490302444,omid:br/06802131667,2021-12-01,P9Y,no,no
oci:06490302444-06804565005,omid:br/06490302444,omid:br/06804565005,2021-12-01,P46Y,yes,no
oci:06490302444-0604831546,omid:br/06490302444,omid:br/0604831546,2021-12-01,P31Y,no,no
oci:0604850000-06120344893,omid:br/0604850000,omid:br/06120344893,2023,P10Y,no,no
oci:0604850000-06220342515,omid:br/0604850000,omid:br/06220342515,2023,P5Y,no,no
oci:0604850000-06180348954,omid:br/0604850000,omid:br/06180348954,2023,P4Y,no,no
oci:0604850000-0620640151,omid:br/0604850000,omid:br/0620640151,2023,P6Y,no,no
oci:0604850000-06404583569,omid:br/0604850000,omid:br/06404583569,2023,P6Y,no,no
oci:0604850000-06201319579,omid:br/0604850000,omid:br/06201319579,2023,P9Y,no,no
oci:0604850000-0604831559,omid:br/0604850000,omid:br/0604831559,2023,P1Y,no,no
oci:0604850000-0630644921,omid:br/0604850000,omid:br/0630644921,2023,P6Y,no,no
oci:0604850000-06210624616,omid:br/0604850000,omid:br/06210624616,2023,P10Y,no,no
oci:0604850000-0640658712,omid:br/0604850000,omid:br/0640658712,2023,P9Y,no,no
oci:0604850000-061302630674,omid:br/0604850000,omid:br/061302630674,2023,P5Y,no,no
oci:0604850000-06203871633,omid:br/0604850000,omid:br/06203871633,2023,P1Y,no,no
oci:0604850000-06401491982,omid:br/0604850000,omid:br/06401491982,2023,P4Y,no,no
oci:0604850000-0651075430,omid:br/0604850000,omid:br/0651075430,2023,P0Y,no,no
oci:0604850000-062102596961,omid:br/0604850000,omid:br/062102596961,2023,P1Y,no,no
oci:06530312392-061402760006,omid:br/06530312392,omid:br/061402760006,2021-08-05,P1Y8M15D,no,no
oci:06530312392-0640758604,omid:br/06530312392,omid:br/0640758604,2021-08-05,P6Y,no,no
oci:06304560789-06201252344,omid:br/06304560789,omid:br/06201252344,2022-07-01,P39Y11M,no,no
oci:06304560789-062102650634,omid:br/06304560789,omid:br/062102650634,2022-07-01,P39Y1M,no,no
oci:06304560789-06140344916,omid:br/06304560789,omid:br/06140344916,2022-07-01,P9Y7M,no,no
oci:06304560789-062601328259,omid:br/06304560789,omid:br/062601328259,2022-07-01,P2Y2M17D,no,no
oci:06304560789-061601854511,omid:br/06304560789,omid:br/061601854511,2022-07-01,P1Y10M28D,no,no
oci:06304560789-06230642902,omid:br/06304560789,omid:br/06230642902,2022-07-01,P1Y4M19D,no,no
oci:06304560789-0660352914,omid:br/06304560789,omid:br/0660352914,2022-07-01,P7Y8M2D,no,no
oci:06304560789-06190351239,omid:br/06304560789,omid:br/06190351239,2022-07-01,P3Y8M,no,no
oci:06304560789-06203020358,omid:br/06304560789,omid:br/06203020358,2022-07-01,P3Y11M26D,no,no
oci:06304560789-06201318722,omid:br/06304560789,omid:br/06201318722,2022-07-01,P2Y7M,no,no
oci:06304560789-06230355260,omid:br/06304560789,omid:br/06230355260,2022-07-01,P4Y9M,no,no
oci:06304560789-0680360296,omid:br/06304560789,omid:br/0680360296,2022-07-01,P68Y6M,no,no
oci:06304334599-0604032750,omid:br/06304334599,omid:br/0604032750,2020-06-10,P1Y4M0D,yes,no
oci:06304334599-06204568079,omid:br/06304334599,omid:br/06204568079,2020-06-10,P39Y,yes,no
oci:06304334599-06220472476,omid:br/06304334599,omid:br/06220472476,2020-06-10,P1Y4M30D,no,no
oci:06304334599-062402605767,omid:br/06304334599,omid:br/062402605767,2020-06-10,P2Y9M24D,no,no
oci:06304334599-06203004755,omid:br/06304334599,omid:br/06203004755,2020-06-10,P6Y4M,no,no
oci:06304334599-06220599476,omid:br/06304334599,omid:br/06220599476,2020-06-10,P1Y11M5D,no,no
oci:06304334599-061702162127,omid:br/06304334599,omid:br/061702162127,2020-06-10,P1Y5M,no,no
oci:06304334599-062302583017,omid:br/06304334599,omid:br/062302583017,2020-06-10,P47Y6M,no,no
oci:06304334599-062402576815,omid:br/06304334599,omid:br/062402576815,2020-06-10,P31Y3M,no,no
oci:06304334599-061201456979,omid:br/06304334599,omid:br/061201456979,2020-06-10,P1Y2M6D,no,no
oci:0604372487-06301044254,omid:br/0604372487,omid:br/06301044254,2020-06-10,P1Y10M8D,no,no
oci:0604372487-062103554756,omid:br/0604372487,omid:br/062103554756,2020-06-10,P0Y7M0D,yes,no
oci:0604372487-06460301480,omid:br/0604372487,omid:br/06460301480,2020-06-10,P6Y7M0D,yes,no
oci:0604372487-06510312442,omid:br/0604372487,omid:br/06510312442,2020-06-10,P0Y4M0D,yes,no
oci:0604372487-06301044217,omid:br/0604372487,omid:br/06301044217,2020-06-10,P1Y3M23D,no,no
oci:0604372487-061101947433,omid:br/0604372487,omid:br/061101947433,2020-06-10,P3Y,no,no
oci:0604372487-062401131642,omid:br/0604372487,omid:br/062401131642,2020-06-10,P0Y9M22D,no,no
oci:0604372487-06103049253,omid:br/0604372487,omid:br/06103049253,2020-06-10,P2Y10M29D,no,no
oci:0604372487-0610589320,omid:br/0604372487,omid:br/0610589320,2020-06-10,P1Y11M,no,no
oci:0604372487-06180189657,omid:br/0604372487,omid:br/06180189657,2020-06-10,P1Y3M21D,no,no
oci:0604372487-06402781722,omid:br/0604372487,omid:br/06402781722,2020-06-10,P4Y,no,no
oci:0604372487-06170953762,omid:br/0604372487,omid:br/06170953762,2020-06-10,P4Y1M,no,no
oci:0604372487-06802625075,omid:br/0604372487,omid:br/06802625075,2020-06-10,P16Y,no,no
oci:0604372487-06402445330,omid:br/0604372487,omid:br/06402445330,2020-06-10,P2Y8M12D,no,no
oci:0604372487-061102073384,omid:br/0604372487,omid:br/061102073384,2020-06-10,P1Y1M26D,no,no
oci:0604372487-0604032779,omid:br/0604372487,omid:br/0604032779,2020-06-10,P1Y2M0D,yes,no
oci:0604372487-061201308878,omid:br/0604372487,omid:br/061201308878,2020-06-10,P1Y11M21D,no,no
oci:0604372487-06701309704,omid:br/0604372487,omid:br/06701309704,2020-06-10,P1Y3M23D,no,no
oci:0604372487-06701310396,omid:br/0604372487,omid:br/06701310396,2020-06-10,P1Y5M2D,no,no
oci:0604372487-062102603851,omid:br/0604372487,omid:br/062102603851,2020-06-10,P5Y3M25D,no,no
oci:0604372487-06301044231,omid:br/0604372487,omid:br/06301044231,2020-06-10,P1Y6M27D,no,no
oci:0604372487-06503035862,omid:br/0604372487,omid:br/06503035862,2020-06-10,P0Y8M6D,no,no
oci:0604372487-0620351850,omid:br/0604372487,omid:br/0620351850,2020-06-10,P11Y8M,no,no
oci:0604372487-06103737496,omid:br/0604372487,omid:br/06103737496,2020-06-10,P1Y10M11D,no,no
oci:0604372487-061101317223,omid:br/0604372487,omid:br/061101317223,2020-06-10,P1Y10M16D,no,no
oci:0604372487-06140585060,omid:br/0604372487,omid:br/06140585060,2020-06-10,P0Y7M11D,no,no
oci:0604372487-06302776596,omid:br/0604372487,omid:br/06302776596,2020-06-10,P0Y9M9D,no,no
oci:0604372487-0653032982,omid:br/0604372487,omid:br/0653032982,2020-06-10,P1Y0M,no,no
oci:0604372487-061401262890,omid:br/0604372487,omid:br/061401262890,2020-06-10,P10Y11M,no,no
oci:0604372487-06150954684,omid:br/0604372487,omid:br/06150954684,2020-06-10,P2Y4M,no,no
oci:06490302403-061401446125,omid:br/06490302403,omid:br/061401446125,2021-11-01,P7Y5M30D,no,no
oci:06490302403-0640808478,omid:br/06490302403,omid:br/0640808478,2021-11-01,P2Y0M13D,no,no
oci:06490302403-061401446296,omid:br/06490302403,omid:br/061401446296,2021-11-01,P7Y10M14D,no,no
oci:06490302403-062201544521,omid:br/06490302403,omid:br/062201544521,2021-11-01,P5Y6M,no,no
oci:06490302403-061301458441,omid:br/06490302403,omid:br/061301458441,2021-11-01,P5Y0M15D,no,no
oci:0604372469-061902619371,omid:br/0604372469,omid:br/061902619371,2020-05-10,P1Y3M16D,no,no
oci:0604372469-062301172360,omid:br/0604372469,omid:br/062301172360,2020-05-10,P2Y8M4D,no,no
oci:0604372469-06190524841,omid:br/0604372469,omid:br/06190524841,2020-05-10,P5Y2M17D,no,no
oci:0604372469-06504581942,omid:br/0604372469,omid:br/06504581942,2020-05-10,P2Y1M0D,yes,no
oci:0604372469-0680361761,omid:br/0604372469,omid:br/0680361761,2020-05-10,P15Y10M,no,no
oci:06530312312-06180485368,omid:br/06530312312,omid:br/06180485368,2021-09-05,P13Y3M13D,no,no
oci:06530312312-06402199867,omid:br/06530312312,omid:br/06402199867,2021-09-05,P0Y9M2D,no,no
oci:06530312312-06501021916,omid:br/06530312312,omid:br/06501021916,2021-09-05,P1Y11M,no,no
oci:06530312312-061401087281,omid:br/06530312312,omid:br/061401087281,2021-09-05,P21Y4M0D,no,no
oci:06530312312-06140440048,omid:br/06530312312,omid:br/06140440048,2021-09-05,P1Y0M10D,no,no
oci:06530312312-06502193049,omid:br/06530312312,omid:br/06502193049,2021-09-05,P1Y6M21D,no,no
oci:0604372474-06240343047,omid:br/0604372474,omid:br/06240343047,2021-10-05,P4Y3M27D,no,no
oci:0604372474-061201309645,omid:br/0604372474,omid:br/061201309645,2021-10-05,P3Y5M23D,no,no
oci:0604372474-06230658315,omid:br/0604372474,omid:br/06230658315,2021-10-05,P2Y4M5D,no,no
oci:0604372474-06220342515,omid:br/0604372474,omid:br/06220342515,2021-10-05,P3Y7M0D,no,no
oci:0604372474-06490302600,omid:br/0604372474,omid:br/06490302600,2021-10-05,P7Y9M25D,yes,no
oci:0604372474-06201392862,omid:br/0604372474,omid:br/06201392862,2021-10-05,P9Y9M,no,no
oci:0604372474-06201392564,omid:br/0604372474,omid:br/06201392564,2021-10-05,P9Y5M,no,no
oci:0604372474-061201503111,omid:br/0604372474,omid:br/061201503111,2021-10-05,P9Y9M0D,no,no
oci:0604372474-06170718146,omid:br/0604372474,omid:br/06170718146,2021-10-05,P7Y,no,no
oci:0604372474-06220651621,omid:br/0604372474,omid:br/06220651621,2021-10-05,P1Y4M21D,no,no
oci:0604372474-06303019575,omid:br/0604372474,omid:br/06303019575,2021-10-05,P4Y0M17D,no,no
oci:0604372474-06490302442,omid:br/0604372474,omid:br/06490302442,2021-10-05,P0Y5M0D,yes,no
oci:0604372474-0630645580,omid:br/0604372474,omid:br/0630645580,2021-10-05,P6Y3M2D,no,no
oci:0604372474-06250649144,omid:br/0604372474,omid:br/06250649144,2021-10-05,P3Y4M1D,no,no
oci:0604372474-0640658117,omid:br/0604372474,omid:br/0640658117,2021-10-05,P7Y1M23D,no,no
oci:0604372474-06120345630,omid:br/0604372474,omid:br/06120345630,2021-10-05,P8Y5M,no,no
oci:0604372405-0670437137,omid:br/0604372405,omid:br/0670437137,2020-07-10,P3Y6M24D,no,no
oci:0604372405-0640354996,omid:br/0604372405,omid:br/0640354996,2020-07-10,P5Y1M,no,no
oci:0604372405-06801750519,omid:br/0604372405,omid:br/06801750519,2020-07-10,P16Y1M14D,no,no
oci:0604372405-06902867328,omid:br/0604372405,omid:br/06902867328,2020-07-10,P10Y1M15D,no,no
oci:0604372405-062601772580,omid:br/0604372405,omid:br/062601772580,2020-07-10,P14Y7M23D,no,no
oci:0604372405-0620350395,omid:br/0604372405,omid:br/0620350395,2020-07-10,P4Y4M1D,no,no
oci:0604372405-06101598579,omid:br/0604372405,omid:br/06101598579,2020-07-10,P7Y10M,no,no
oci:0604372405-0620561743,omid:br/0604372405,omid:br/0620561743,2020-07-10,P11Y2M,no,no
oci:0604372405-062603317091,omid:br/0604372405,omid:br/062603317091,2020-07-10,P9Y10M13D,no,no
oci:0604372405-0640565688,omid:br/0604372405,omid:br/0640565688,2020-07-10,P13Y10M,no,no
oci:0604372405-0620561080,omid:br/0604372405,omid:br/0620561080,2020-07-10,P10Y4M,no,no
oci:0604372405-0639063646,omid:br/0604372405,omid:br/0639063646,2020-07-10,P9Y2M15D,no,no
oci:0604372405-062502605882,omid:br/0604372405,omid:br/062502605882,2020-07-10,P1Y9M23D,no,no
oci:0604372490-0680768093,omid:br/0604372490,omid:br/0680768093,2020-04-10,P7Y11M21D,no,no
oci:0604372490-06130100053,omid:br/0604372490,omid:br/06130100053,2020-04-10,P0Y3M29D,no,no
oci:0604372490-06501333246,omid:br/0604372490,omid:br/06501333246,2020-04-10,P0Y10M5D,no,no
oci:0604372490-06250347529,omid:br/0604372490,omid:br/06250347529,2020-04-10,P20Y7M,no,no
oci:0604372490-0646013592,omid:br/0604372490,omid:br/0646013592,2020-04-10,P17Y,no,no
oci:0604372490-062401903457,omid:br/0604372490,omid:br/062401903457,2020-04-10,P9Y,no,no
oci:0604372490-06502449152,omid:br/0604372490,omid:br/06502449152,2020-04-10,P10Y3M13D,no,no
oci:0604372490-061501312911,omid:br/0604372490,omid:br/061501312911,2020-04-10,P2Y5M25D,no,no
oci:0604372490-061802610510,omid:br/0604372490,omid:br/061802610510,2020-04-10,P4Y9M1D,no,no
oci:0604372490-06201320323,omid:br/0604372490,omid:br/06201320323,2020-04-10,P5Y11M4D,no,no
oci:06604570673-06190486164,omid:br/06604570673,omid:br/06190486164,2019-11-10,P11Y11M18D,no,no
oci:06510312460-06120594479,omid:br/06510312460,omid:br/06120594479,2019-09-10,P6Y6M9D,no,no
oci:06510312460-06180603066,omid:br/06510312460,omid:br/06180603066,2019-09-10,P10Y4M21D,no,no
oci:06510312460-06250597243,omid:br/06510312460,omid:br/06250597243,2019-09-10,P3Y5M12D,no,no
oci:06510312460-061401446130,omid:br/06510312460,omid:br/061401446130,2019-09-10,P5Y4M16D,no,no
oci:06510312460-061401445893,omid:br/06510312460,omid:br/061401445893,2019-09-10,P4Y9M22D,no,no
oci:06510312460-06220600057,omid:br/06510312460,omid:br/06220600057,2019-09-10,P1Y6M13D,no,no
oci:06510312460-061201456894,omid:br/06510312460,omid:br/061201456894,2019-09-10,P0Y4M9D,no,no
oci:06510312460-06160604428,omid:br/06510312460,omid:br/06160604428,2019-09-10,P9Y4M21D,no,no
oci:06510312460-06260618106,omid:br/06510312460,omid:br/06260618106,2019-09-10,P4Y5M18D,no,no
oci:06510312460-06240590190,omid:br/06510312460,omid:br/06240590190,2019-09-10,P2Y9M8D,no,no
oci:06510312460-06250597251,omid:br/06510312460,omid:br/06250597251,2019-09-10,P3Y5M12D,no,no
oci:06510312460-06210602676,omid:br/06510312460,omid:br/06210602676,2019-09-10,P0Y9M27D,no,no
oci:06510312460-06260618236,omid:br/06510312460,omid:br/06260618236,2019-09-10,P4Y6M15D,no,no
oci:06510312460-06260617587,omid:br/06510312460,omid:br/06260617587,2019-09-10,P4Y1M20D,no,no
oci:06510312460-06240590206,omid:br/06510312460,omid:br/06240590206,2019-09-10,P2Y9M11D,no,no
oci:06510312460-06240589901,omid:br/06510312460,omid:br/06240589901,2019-09-10,P2Y5M27D,no,no
oci:06530312341-062202788706,omid:br/06530312341,omid:br/062202788706,2021-08-05,P8Y2M,no,no
oci:06490302423-061302803233,omid:br/06490302423,omid:br/061302803233,2021-03-05,P41Y,no,no
oci:06490302423-0690610518,omid:br/06490302423,omid:br/0690610518,2021-03-05,P31Y,no,no
oci:06490302401-061103142270,omid:br/06490302401,omid:br/061103142270,2021-03-05,P13Y,no,no
oci:06490302401-061802609815,omid:br/06490302401,omid:br/061802609815,2021-03-05,P4Y4M9D,no,no
oci:06490302401-06601302798,omid:br/06490302401,omid:br/06601302798,2021-03-05,P6Y6M21D,no,no
oci:06490302401-06103561107,omid:br/06490302401,omid:br/06103561107,2021-03-05,P2Y9M5D,no,no
oci:06490302401-06140846045,omid:br/06490302401,omid:br/06140846045,2021-03-05,P0Y3M10D,no,no
oci:06490302401-062301679203,omid:br/06490302401,omid:br/062301679203,2021-03-05,P3Y4M,no,no
oci:06490302401-06601175500,omid:br/06490302401,omid:br/06601175500,2021-03-05,P13Y9M,no,no
oci:06490302401-06201175315,omid:br/06490302401,omid:br/06201175315,2021-03-05,P7Y9M,no,no
oci:06490302401-06601302457,omid:br/06490302401,omid:br/06601302457,2021-03-05,P5Y4M5D,no,no
oci:06490302401-062303128867,omid:br/06490302401,omid:br/062303128867,2021-03-05,P1Y3M15D,no,no
oci:06490302401-062103118858,omid:br/06490302401,omid:br/062103118858,2021-03-05,P0Y10M25D,no,no
oci:06490302401-062103118569,omid:br/06490302401,omid:br/062103118569,2021-03-05,P0Y9M22D,no,no
oci:06504581982-062302617019,omid:br/06504581982,omid:br/062302617019,2018-04-10,P3Y4M1D,no,no
oci:06530312396-06150488829,omid:br/06530312396,omid:br/06150488829,2022-02-01,P18Y8M30D,no,no
oci:06530312396-061301308988,omid:br/06530312396,omid:br/061301308988,2022-02-01,P3Y10M3D,no,no
oci:06530312396-0680662606,omid:br/06530312396,omid:br/0680662606,2022-02-01,P11Y0M28D,no,no
oci:06530312396-06104575988,omid:br/06530312396,omid:br/06104575988,2022-02-01,P5Y2M22D,yes,no
oci:06490302392-06401326190,omid:br/06490302392,omid:br/06401326190,2021-01-10,P7Y5M18D,no,no
oci:06490302392-06140708519,omid:br/06490302392,omid:br/06140708519,2021-01-10,P5Y,no,no
oci:06490302392-062302614807,omid:br/06490302392,omid:br/062302614807,2021-01-10,P3Y4M17D,no,no
oci:06490302392-06180713331,omid:br/06490302392,omid:br/06180713331,2021-01-10,P7Y,no,no
oci:06490302392-061902023224,omid:br/06490302392,omid:br/061902023224,2021-01-10,P3Y1M,no,no
oci:06490302392-06220600004,omid:br/06490302392,omid:br/06220600004,2021-01-10,P2Y10M2D,no,no
oci:06490302392-062601177333,omid:br/06490302392,omid:br/062601177333,2021-01-10,P20Y,no,no
oci:06490302392-061601249306,omid:br/06490302392,omid:br/061601249306,2021-01-10,P25Y7M,no,no
oci:06490302392-06170660554,omid:br/06490302392,omid:br/06170660554,2021-01-10,P11Y11M15D,no,no
oci:0604372439-06104575939,omid:br/0604372439,omid:br/06104575939,2020-07-10,P4Y10M0D,yes,no
oci:06604570692-0660606506,omid:br/06604570692,omid:br/0660606506,2019-01-10,P4Y11M12D,no,no
oci:0604372416-06170350005,omid:br/0604372416,omid:br/06170350005,2020-07-10,P15Y6M,no,no
oci:06510312494-06170346223,omid:br/06510312494,omid:br/06170346223,2020-03-10,P13Y8M,no,no
oci:06510312494-0660659597,omid:br/06510312494,omid:br/0660659597,2020-03-10,P6Y11M13D,no,no
oci:06510312494-061202042560,omid:br/06510312494,omid:br/061202042560,2020-03-10,P6Y11M19D,no,no
oci:06510312494-06403024544,omid:br/06510312494,omid:br/06403024544,2020-03-10,P3Y1M0D,no,no
oci:06510312494-06402579777,omid:br/06510312494,omid:br/06402579777,2020-03-10,P4Y0M,no,no
oci:06510312494-06120344893,omid:br/06510312494,omid:br/06120344893,2020-03-10,P6Y8M,no,no
oci:06510312494-06120618640,omid:br/06510312494,omid:br/06120618640,2020-03-10,P13Y7M27D,no,no
oci:06510312494-06203279515,omid:br/06510312494,omid:br/06203279515,2020-03-10,P3Y,no,no
oci:06510312494-06301044317,omid:br/06510312494,omid:br/06301044317,2020-03-10,P2Y4M23D,no,no
oci:06510312494-061802838198,omid:br/06510312494,omid:br/061802838198,2020-03-10,P0Y4M18D,no,no
oci:06510312494-0630140408,omid:br/06510312494,omid:br/0630140408,2020-03-10,P10Y5M,no,no
oci:06510312494-061601956275,omid:br/06510312494,omid:br/061601956275,2020-03-10,P3Y1M14D,no,no
oci:06510312494-0670626811,omid:br/06510312494,omid:br/0670626811,2020-03-10,P9Y0M3D,no,no
oci:06510312494-06301313818,omid:br/06510312494,omid:br/06301313818,2020-03-10,P0Y4M14D,no,no
oci:06510312494-0640571792,omid:br/06510312494,omid:br/0640571792,2020-03-10,P0Y6M24D,no,no
oci:06510312494-06801787699,omid:br/06510312494,omid:br/06801787699,2020-03-10,P1Y9M,no,no
oci:06510312494-06210511167,omid:br/06510312494,omid:br/06210511167,2020-03-10,P2Y,no,no
oci:06304560775-06130478244,omid:br/06304560775,omid:br/06130478244,2022-06-01,P11Y8M8D,no,no
oci:06304560775-061402060803,omid:br/06304560775,omid:br/061402060803,2022-06-01,P0Y9M15D,no,no
oci:06510312471-06303033259,omid:br/06510312471,omid:br/06303033259,2020-02-10,P2Y7M22D,no,no
oci:06510312471-06240677148,omid:br/06510312471,omid:br/06240677148,2020-02-10,P12Y,no,no
oci:06490302448-06803014831,omid:br/06490302448,omid:br/06803014831,2021-01-10,P6Y11M7D,no,no
oci:06490302448-062601404008,omid:br/06490302448,omid:br/062601404008,2021-01-10,P6Y3M,no,no
oci:06490302448-06103046913,omid:br/06490302448,omid:br/06103046913,2021-01-10,P1Y1M13D,no,no
oci:06490302448-06803028649,omid:br/06490302448,omid:br/06803028649,2021-01-10,P3Y9M20D,no,no
oci:06490302422-06702984456,omid:br/06490302422,omid:br/06702984456,2021-12-01,P13Y8M,no,no
oci:06490302422-061601466737,omid:br/06490302422,omid:br/061601466737,2021-12-01,P11Y8M5D,no,no
oci:06490302422-06170814960,omid:br/06490302422,omid:br/06170814960,2021-12-01,P7Y6M0D,no,no
oci:06490302422-0610610589,omid:br/06490302422,omid:br/0610610589,2021-12-01,P7Y2M14D,no,no
oci:06490302422-06230606668,omid:br/06490302422,omid:br/06230606668,2021-12-01,P4Y6M5D,no,no
oci:06490302422-061101466226,omid:br/06490302422,omid:br/061101466226,2021-12-01,P1Y9M3D,no,no
oci:06490302422-061201456597,omid:br/06490302422,omid:br/061201456597,2021-12-01,P2Y0M23D,no,no
oci:06490302422-06603002721,omid:br/06490302422,omid:br/06603002721,2021-12-01,P19Y8M,no,no
oci:06490302422-0646062379,omid:br/06490302422,omid:br/0646062379,2021-12-01,P13Y7M,no,no
oci:06490302422-0644064943,omid:br/06490302422,omid:br/0644064943,2021-12-01,P10Y5M15D,no,no
oci:06490302422-061602453192,omid:br/06490302422,omid:br/061602453192,2021-12-01,P8Y,no,no
oci:06490302422-06250597440,omid:br/06490302422,omid:br/06250597440,2021-12-01,P5Y9M0D,no,no
oci:06490302422-061201456860,omid:br/06490302422,omid:br/061201456860,2021-12-01,P2Y6M8D,no,no
oci:06490302422-061201457415,omid:br/06490302422,omid:br/061201457415,2021-12-01,P3Y8M23D,no,no
oci:06490302422-06230606739,omid:br/06490302422,omid:br/06230606739,2021-12-01,P4Y6M20D,no,no
oci:06490302422-061201456965,omid:br/06490302422,omid:br/061201456965,2021-12-01,P2Y7M26D,no,no
oci:06490302422-06230606397,omid:br/06490302422,omid:br/06230606397,2021-12-01,P4Y4M10D,no,no
oci:06490302417-061101368624,omid:br/06490302417,omid:br/061101368624,2021-02-05,P45Y1M,no,no
oci:06490302417-0630645235,omid:br/06490302417,omid:br/0630645235,2021-02-05,P4Y8M30D,no,no
oci:06490302417-06801788749,omid:br/06490302417,omid:br/06801788749,2021-02-05,P3Y1M10D,no,no
oci:06490302417-061601315777,omid:br/06490302417,omid:br/061601315777,2021-02-05,P3Y5M19D,no,no
oci:06490302417-06140585303,omid:br/06490302417,omid:br/06140585303,2021-02-05,P4Y5M10D,no,no
oci:06490302417-0640629171,omid:br/06490302417,omid:br/0640629171,2021-02-05,P9Y4M13D,no,no
oci:0604372437-0640482138,omid:br/0604372437,omid:br/0640482138,2020-05-10,P9Y4M4D,no,no
oci:0604372437-06250599173,omid:br/0604372437,omid:br/06250599173,2020-05-10,P15Y10M1D,no,no
oci:0604372437-061902620321,omid:br/0604372437,omid:br/061902620321,2020-05-10,P2Y7M8D,no,no
oci:0604372437-062103125843,omid:br/0604372437,omid:br/062103125843,2020-05-10,P10Y8M,no,no
oci:0604372437-06210413086,omid:br/0604372437,omid:br/06210413086,2020-05-10,P3Y3M21D,no,no
oci:0604372437-061401446477,omid:br/0604372437,omid:br/061401446477,2020-05-10,P6Y10M9D,no,no
oci:0604372437-06240590073,omid:br/0604372437,omid:br/06240590073,2020-05-10,P3Y3M10D,no,no
oci:0604372437-0610485949,omid:br/0604372437,omid:br/0610485949,2020-05-10,P4Y11M11D,no,no
oci:06510312440-06480303008,omid:br/06510312440,omid:br/06480303008,2020-12-10,P10Y1M0D,yes,no
oci:06510312440-06102185799,omid:br/06510312440,omid:br/06102185799,2020-12-10,P22Y3M,no,no
oci:06510312440-06901699337,omid:br/06510312440,omid:br/06901699337,2020-12-10,P26Y,no,no
oci:06510312440-062601772106,omid:br/06510312440,omid:br/062601772106,2020-12-10,P14Y9M1D,no,no
oci:06510312440-061101858039,omid:br/06510312440,omid:br/061101858039,2020-12-10,P2Y1M25D,no,no
oci:06490302419-062301317387,omid:br/06490302419,omid:br/062301317387,2021-05-05,P25Y4M,no,no
oci:06490302419-06301128109,omid:br/06490302419,omid:br/06301128109,2021-05-05,P51Y3M,no,no
oci:06490302447-061704049495,omid:br/06490302447,omid:br/061704049495,2021-05-05,P2Y6M0D,no,no
oci:06490302447-06510312353,omid:br/06490302447,omid:br/06510312353,2021-05-05,P4Y9M25D,yes,no
oci:06490302447-062104175938,omid:br/06490302447,omid:br/062104175938,2021-05-05,P2Y4M0D,no,no
oci:06490302447-061402852350,omid:br/06490302447,omid:br/061402852350,2021-05-05,P14Y,no,no
oci:06490302447-062104175969,omid:br/06490302447,omid:br/062104175969,2021-05-05,P1Y10M0D,no,no
oci:06490302447-06210601946,omid:br/06490302447,omid:br/06210601946,2021-05-05,P1Y11M11D,no,no
oci:06490302447-06104575986,omid:br/06490302447,omid:br/06104575986,2021-05-05,P4Y6M25D,yes,no
oci:06490302447-062104175953,omid:br/06490302447,omid:br/062104175953,2021-05-05,P2Y9M0D,no,no
oci:0604372484-061302861600,omid:br/0604372484,omid:br/061302861600,2020-04-10,P5Y,no,no
oci:0604372484-0640354490,omid:br/0604372484,omid:br/0640354490,2020-04-10,P4Y7M24D,no,no
oci:0604372484-061201456797,omid:br/0604372484,omid:br/061201456797,2020-04-10,P0Y9M13D,no,no
oci:0604372484-06130351451,omid:br/0604372484,omid:br/06130351451,2020-04-10,P26Y3M,no,no
oci:0604372484-06260668484,omid:br/0604372484,omid:br/06260668484,2020-04-10,P2Y5M0D,no,no
oci:06604570720-061401446344,omid:br/06604570720,omid:br/061401446344,2019-12-10,P6Y1M9D,no,no
oci:06604570720-06220599510,omid:br/06604570720,omid:br/06220599510,2019-12-10,P1Y5M15D,no,no
oci:06604570720-0620852546,omid:br/06604570720,omid:br/0620852546,2019-12-10,P1Y8M,no,no
oci:06604570720-06140344306,omid:br/06604570720,omid:br/06140344306,2019-12-10,P0Y2M22D,no,no
oci:06510312503-06401326744,omid:br/06510312503,omid:br/06401326744,2020-11-10,P7Y7M14D,no,no
oci:06510312503-061402592981,omid:br/06510312503,omid:br/061402592981,2020-11-10,P1Y6M26D,no,no
oci:06510312503-061501780537,omid:br/06510312503,omid:br/061501780537,2020-11-10,P5Y4M19D,no,no
oci:06510312503-06401478592,omid:br/06510312503,omid:br/06401478592,2020-11-10,P2Y6M24D,no,no
oci:06510312503-061601665368,omid:br/06510312503,omid:br/061601665368,2020-11-10,P0Y1M24D,no,no
oci:06510312503-06104576000,omid:br/06510312503,omid:br/06104576000,2020-11-10,P4Y1M0D,yes,no
oci:06510312503-062401284294,omid:br/06510312503,omid:br/062401284294,2020-11-10,P5Y1M9D,no,no
oci:06510312503-0650706690,omid:br/06510312503,omid:br/0650706690,2020-11-10,P0Y4M12D,no,no
oci:06510312503-06603545550,omid:br/06510312503,omid:br/06603545550,2020-11-10,P4Y0M14D,no,no
oci:06510312503-0660705083,omid:br/06510312503,omid:br/0660705083,2020-11-10,P1Y4M24D,no,no
oci:06510312503-061301772960,omid:br/06510312503,omid:br/061301772960,2020-11-10,P0Y9M6D,no,no
oci:06510312503-061201457465,omid:br/06510312503,omid:br/061201457465,2020-11-10,P2Y9M19D,no,no
oci:06510312503-062403119803,omid:br/06510312503,omid:br/062403119803,2020-11-10,P1Y4M29D,no,no
oci:0604032800-061401445974,omid:br/0604032800,omid:br/061401445974,2019-02-10,P4Y5M9D,no,no
oci:06490302402-06703272214,omid:br/06490302402,omid:br/06703272214,2021-03-05,P32Y,no,no
oci:06490302402-0650349172,omid:br/06490302402,omid:br/0650349172,2021-03-05,P18Y10M,no,no
oci:06490302402-06403039414,omid:br/06490302402,omid:br/06403039414,2021-03-05,P3Y9M16D,no,no
oci:06490302402-061401446274,omid:br/06490302402,omid:br/061401446274,2021-03-05,P7Y2M5D,no,no
oci:06490302402-061301773251,omid:br/06490302402,omid:br/061301773251,2021-03-05,P1Y9M20D,no,no
oci:06490302402-061301773026,omid:br/06490302402,omid:br/061301773026,2021-03-05,P1Y3M11D,no,no
oci:06490302402-0670834366,omid:br/06490302402,omid:br/0670834366,2021-03-05,P4Y9M10D,no,no
oci:06490302418-061502166256,omid:br/06490302418,omid:br/061502166256,2021-03-05,P23Y7M,no,no
oci:06490302418-0640808710,omid:br/06490302418,omid:br/0640808710,2021-03-05,P2Y8M17D,no,no
oci:06490302418-06301483354,omid:br/06490302418,omid:br/06301483354,2021-03-05,P0Y0M16D,no,no
oci:06490302418-06170480473,omid:br/06490302418,omid:br/06170480473,2021-03-05,P0Y7M5D,no,no
oci:0604372472-0610354818,omid:br/0604372472,omid:br/0610354818,2020-04-10,P18Y5M,no,no
oci:0604372472-061601102909,omid:br/0604372472,omid:br/061601102909,2020-04-10,P6Y,no,no
oci:0604372472-06302328299,omid:br/0604372472,omid:br/06302328299,2020-04-10,P30Y0M9D,no,no
oci:0604372472-0610443708,omid:br/0604372472,omid:br/0610443708,2020-04-10,P6Y,no,no
oci:0604372472-06210105380,omid:br/0604372472,omid:br/06210105380,2020-04-10,P12Y5M26D,no,no
oci:0604372472-061702731913,omid:br/0604372472,omid:br/061702731913,2020-04-10,P8Y11M,no,no
oci:0604372472-06150464414,omid:br/0604372472,omid:br/06150464414,2020-04-10,P8Y1M,no,no
oci:0604372472-06602332237,omid:br/0604372472,omid:br/06602332237,2020-04-10,P15Y,no,no
oci:0604372472-0690372345,omid:br/0604372472,omid:br/0690372345,2020-04-10,P4Y3M10D,no,no
oci:0604372472-0650466972,omid:br/0604372472,omid:br/0650466972,2020-04-10,P3Y1M,no,no
oci:0604372472-0650841838,omid:br/0604372472,omid:br/0650841838,2020-04-10,P1Y2M27D,no,no
oci:0604372472-06403024246,omid:br/0604372472,omid:br/06403024246,2020-04-10,P2Y11M23D,no,no
oci:0604372472-06160466795,omid:br/0604372472,omid:br/06160466795,2020-04-10,P9Y2M,no,no
oci:0604372472-06160299762,omid:br/0604372472,omid:br/06160299762,2020-04-10,P3Y3M22D,no,no
oci:0604372472-0649043279,omid:br/0604372472,omid:br/0649043279,2020-04-10,P1Y11M9D,no,no
oci:06304560796-06190628499,omid:br/06304560796,omid:br/06190628499,2022-05-01,P8Y11M3D,no,no
oci:06304560796-062601328237,omid:br/06304560796,omid:br/062601328237,2022-05-01,P2Y0M16D,no,no
oci:06304560796-06103048262,omid:br/06304560796,omid:br/06103048262,2022-05-01,P3Y9M7D,no,no
oci:06350155879-06220599983,omid:br/06350155879,omid:br/06220599983,2021-06-05,P3Y2M24D,no,no
oci:06350155879-06250597220,omid:br/06350155879,omid:br/06250597220,2021-06-05,P5Y2M1D,no,no
oci:06350155879-06210602688,omid:br/06350155879,omid:br/06210602688,2021-06-05,P2Y6M28D,no,no
oci:06350155879-061301458433,omid:br/06350155879,omid:br/061301458433,2021-06-05,P4Y7M15D,no,no
oci:06350155879-06401032615,omid:br/06350155879,omid:br/06401032615,2021-06-05,P7Y5M,no,no
oci:06350155879-06210602681,omid:br/06350155879,omid:br/06210602681,2021-06-05,P2Y6M24D,no,no
oci:06350155879-061201456697,omid:br/06350155879,omid:br/061201456697,2021-06-05,P1Y8M13D,no,no
oci:06350155879-06802537659,omid:br/06350155879,omid:br/06802537659,2021-06-05,P5Y10M,no,no
oci:06350155879-061201456889,omid:br/06350155879,omid:br/061201456889,2021-06-05,P2Y0M22D,no,no
oci:06350155879-06220599343,omid:br/06350155879,omid:br/06220599343,2021-06-05,P2Y10M17D,no,no
oci:06350155879-06180601872,omid:br/06350155879,omid:br/06180601872,2021-06-05,P0Y4M2D,no,no
oci:06350155879-06260617592,omid:br/06350155879,omid:br/06260617592,2021-06-05,P5Y10M19D,no,no
oci:06350155879-06240590043,omid:br/06350155879,omid:br/06240590043,2021-06-05,P4Y3M21D,no,no
oci:06350155879-06210602409,omid:br/06350155879,omid:br/06210602409,2021-06-05,P2Y3M11D,no,no
oci:06350155879-06120594904,omid:br/06350155879,omid:br/06120594904,2021-06-05,P8Y7M14D,no,no
oci:06510312435-0610566438,omid:br/06510312435,omid:br/0610566438,2020-10-10,P23Y1M9D,no,no
oci:06510312435-06210601876,omid:br/06510312435,omid:br/06210601876,2020-10-10,P1Y4M9D,no,no
oci:06510312435-0650707294,omid:br/06510312435,omid:br/0650707294,2020-10-10,P0Y9M10D,no,no
oci:06510312435-061401472889,omid:br/06510312435,omid:br/061401472889,2020-10-10,P5Y7M,no,no
oci:06510312435-0650706765,omid:br/06510312435,omid:br/0650706765,2020-10-10,P0Y4M6D,no,no
oci:06510312435-06202406656,omid:br/06510312435,omid:br/06202406656,2020-10-10,P2Y9M4D,no,no
oci:06510312435-06230563159,omid:br/06510312435,omid:br/06230563159,2020-10-10,P7Y0M28D,no,no
oci:06510312435-0604372487,omid:br/06510312435,omid:br/0604372487,2020-10-10,P0Y4M0D,yes,no
oci:06510312435-0610589318,omid:br/06510312435,omid:br/0610589318,2020-10-10,P2Y3M,no,no
oci:06510312435-0610589208,omid:br/06510312435,omid:br/0610589208,2020-10-10,P2Y3M,no,no
oci:06510312435-06180189657,omid:br/06510312435,omid:br/06180189657,2020-10-10,P1Y7M20D,no,no
oci:06510312435-061202665383,omid:br/06510312435,omid:br/061202665383,2020-10-10,P1Y6M15D,no,no
oci:06510312435-06201293785,omid:br/06510312435,omid:br/06201293785,2020-10-10,P2Y2M20D,no,no
oci:06510312435-0630149895,omid:br/06510312435,omid:br/0630149895,2020-10-10,P8Y,no,no
oci:06304560786-06490302430,omid:br/06304560786,omid:br/06490302430,2022-05-01,P0Y11M26D,yes,no
oci:06304560786-0670601759,omid:br/06304560786,omid:br/0670601759,2022-05-01,P3Y9M14D,no,no
oci:06304560786-06170600027,omid:br/06304560786,omid:br/06170600027,2022-05-01,P0Y1M1D,no,no
oci:06304560786-06490302409,omid:br/06304560786,omid:br/06490302409,2022-05-01,P0Y5M0D,yes,no
oci:06304560786-06120387286,omid:br/06304560786,omid:br/06120387286,2022-05-01,P10Y3M8D,no,no
oci:06304560786-061501941704,omid:br/06304560786,omid:br/061501941704,2022-05-01,P0Y4M29D,no,no
oci:06490302433-06202163601,omid:br/06490302433,omid:br/06202163601,2021-03-05,P5Y1M,no,no
oci:06490302433-06170346861,omid:br/06490302433,omid:br/06170346861,2021-03-05,P60Y7M,no,no
oci:06490302433-06120346762,omid:br/06490302433,omid:br/06120346762,2021-03-05,P14Y0M5D,no,no
oci:06490302433-06104575991,omid:br/06490302433,omid:br/06104575991,2021-03-05,P4Y4M23D,yes,no
oci:06490302433-0660486711,omid:br/06490302433,omid:br/0660486711,2021-03-05,P33Y0M21D,no,no
oci:06490302433-06220847324,omid:br/06490302433,omid:br/06220847324,2021-03-05,P3Y10M20D,no,no
oci:06490302433-062603153637,omid:br/06490302433,omid:br/062603153637,2021-03-05,P9Y10M5D,no,no
oci:06490302433-06702517196,omid:br/06490302433,omid:br/06702517196,2021-03-05,P3Y8M20D,no,no
oci:06490302433-06702517112,omid:br/06490302433,omid:br/06702517112,2021-03-05,P3Y6M19D,no,no
oci:06490302433-06803540279,omid:br/06490302433,omid:br/06803540279,2021-03-05,P12Y3M15D,no,no
oci:06490302433-062303129328,omid:br/06490302433,omid:br/062303129328,2021-03-05,P1Y5M1D,no,no
oci:06490302433-06203551170,omid:br/06490302433,omid:br/06203551170,2021-03-05,P2Y11M7D,no,no
oci:06490302433-06902178604,omid:br/06490302433,omid:br/06902178604,2021-03-05,P9Y9M15D,no,no
oci:06490302433-062203125536,omid:br/06490302433,omid:br/062203125536,2021-03-05,P8Y6M17D,no,no
oci:06490302433-06501333138,omid:br/06490302433,omid:br/06501333138,2021-03-05,P1Y8M20D,no,no
oci:06490302433-06503559796,omid:br/06490302433,omid:br/06503559796,2021-03-05,P11Y3M22D,no,no
oci:06490302433-06480302543,omid:br/06490302433,omid:br/06480302543,2021-03-05,P21Y,yes,no
oci:06490302433-06902178520,omid:br/06490302433,omid:br/06902178520,2021-03-05,P9Y4M5D,no,no
oci:06490302433-06603544834,omid:br/06490302433,omid:br/06603544834,2021-03-05,P4Y1M5D,no,no
oci:06490302433-06702516865,omid:br/06490302433,omid:br/06702516865,2021-03-05,P2Y10M14D,no,no
oci:06490302433-062203124268,omid:br/06490302433,omid:br/062203124268,2021-03-05,P1Y0M14D,no,no
oci:06304560884-0620696795,omid:br/06304560884,omid:br/0620696795,2014-01-10,P1Y10M14D,no,no
oci:06530312307-0610354383,omid:br/06530312307,omid:br/0610354383,2021-06-05,P22Y2M,no,no
oci:06530312307-061601300933,omid:br/06530312307,omid:br/061601300933,2021-06-05,P4Y8M1D,no,no
oci:06530312307-06104576008,omid:br/06530312307,omid:br/06104576008,2021-06-05,P4Y6M26D,yes,no
oci:06530312307-062401284916,omid:br/06530312307,omid:br/062401284916,2021-06-05,P5Y10M13D,no,no
oci:06530312307-0604372454,omid:br/06530312307,omid:br/0604372454,2021-06-05,P1Y1M26D,yes,no
oci:06530312307-06180484435,omid:br/06530312307,omid:br/06180484435,2021-06-05,P1Y5M30D,no,no
oci:06530312307-06230482220,omid:br/06530312307,omid:br/06230482220,2021-06-05,P2Y10M17D,no,no
oci:06530312307-062201079820,omid:br/06530312307,omid:br/062201079820,2021-06-05,P2Y9M1D,no,no
oci:06490302388-0690493599,omid:br/06490302388,omid:br/0690493599,2021-01-10,P29Y5M22D,no,no
oci:06490302388-062203074528,omid:br/06490302388,omid:br/062203074528,2021-01-10,P5Y,no,no
oci:06490302388-0604831547,omid:br/06490302388,omid:br/0604831547,2021-01-10,P2Y,no,no
oci:0604372431-06401448315,omid:br/0604372431,omid:br/06401448315,2020-08-10,P4Y,no,no
oci:0604032790-06110605316,omid:br/0604032790,omid:br/06110605316,2019-04-10,P5Y11M9D,no,no
oci:0604032790-061601466783,omid:br/0604032790,omid:br/061601466783,2019-04-10,P9Y2M12D,no,no
oci:06530312355-06410310580,omid:br/06530312355,omid:br/06410310580,2021-08-05,P0Y11M26D,no,no
oci:06530312355-061504055261,omid:br/06530312355,omid:br/061504055261,2021-08-05,P2Y,no,no
oci:06304560754-061503504761,omid:br/06304560754,omid:br/061503504761,2022-09-01,P22Y5M29D,no,no
oci:06304560754-061802058557,omid:br/06304560754,omid:br/061802058557,2022-09-01,P15Y11M7D,no,no
oci:06304560754-0690515746,omid:br/06304560754,omid:br/0690515746,2022-09-01,P12Y9M,no,no
oci:06304560754-06801511703,omid:br/06304560754,omid:br/06801511703,2022-09-01,P6Y0M15D,no,no
oci:06304560754-062601327963,omid:br/06304560754,omid:br/062601327963,2022-09-01,P2Y3M28D,no,no
oci:06490302438-06804564831,omid:br/06490302438,omid:br/06804564831,2021-01-10,P41Y,yes,no
oci:06490302438-06301044715,omid:br/06490302438,omid:br/06301044715,2021-01-10,P7Y10M,no,no
oci:06490302438-06402278267,omid:br/06490302438,omid:br/06402278267,2021-01-10,P0Y4M26D,no,no
oci:06490302438-06502597037,omid:br/06490302438,omid:br/06502597037,2021-01-10,P4Y1M3D,no,no
oci:06490302438-06801401332,omid:br/06490302438,omid:br/06801401332,2021-01-10,P20Y8M,no,no
oci:06490302438-0648056134,omid:br/06490302438,omid:br/0648056134,2021-01-10,P47Y2M,no,no
oci:06490302438-061601401731,omid:br/06490302438,omid:br/061601401731,2021-01-10,P13Y7M26D,no,no
oci:06490302438-061601401683,omid:br/06490302438,omid:br/061601401683,2021-01-10,P13Y7M,no,no
oci:06490302438-061401383949,omid:br/06490302438,omid:br/061401383949,2021-01-10,P9Y11M7D,no,no
oci:06490302438-061501399002,omid:br/06490302438,omid:br/061501399002,2021-01-10,P11Y6M16D,no,no
oci:06490302438-06901327294,omid:br/06490302438,omid:br/06901327294,2021-01-10,P2Y3M8D,no,no
oci:06490302438-061301394964,omid:br/06490302438,omid:br/061301394964,2021-01-10,P4Y8M,no,no
oci:06490302438-0610472321,omid:br/06490302438,omid:br/0610472321,2021-01-10,P0Y5M,no,no
oci:06490302438-062201303589,omid:br/06490302438,omid:br/062201303589,2021-01-10,P4Y9M24D,no,no
oci:06490302438-061601316275,omid:br/06490302438,omid:br/061601316275,2021-01-10,P3Y6M20D,no,no
oci:06490302438-0670363498,omid:br/06490302438,omid:br/0670363498,2021-01-10,P2Y11M4D,no,no
oci:06490302438-061501102528,omid:br/06490302438,omid:br/061501102528,2021-01-10,P5Y,no,no
oci:06490302438-061402706223,omid:br/06490302438,omid:br/061402706223,2021-01-10,P0Y4M,no,no
oci:06304560821-061501461864,omid:br/06304560821,omid:br/061501461864,2022-07-01,P10Y0M11D,no,no
oci:06304560821-06102839764,omid:br/06304560821,omid:br/06102839764,2022-07-01,P4Y5M7D,no,no
oci:06304560821-061401445878,omid:br/06304560821,omid:br/061401445878,2022-07-01,P7Y7M4D,no,no
oci:06304560821-061301458261,omid:br/06304560821,omid:br/061301458261,2022-07-01,P5Y2M13D,no,no
oci:06304560821-061301458333,omid:br/06304560821,omid:br/061301458333,2022-07-01,P5Y5M5D,no,no
oci:06304560821-06120595361,omid:br/06304560821,omid:br/06120595361,2022-07-01,P10Y0M3D,no,no
oci:06304560821-062302226389,omid:br/06304560821,omid:br/062302226389,2022-07-01,P3Y,no,no
oci:06304560821-06250597216,omid:br/06304560821,omid:br/06250597216,2022-07-01,P6Y2M26D,no,no
oci:06510312506-061101512602,omid:br/06510312506,omid:br/061101512602,2020-12-10,P6Y8M29D,no,no
oci:06510312506-0670834215,omid:br/06510312506,omid:br/0670834215,2020-12-10,P3Y8M20D,no,no
oci:06510312506-062601108402,omid:br/06510312506,omid:br/062601108402,2020-12-10,P8Y9M2D,no,no
oci:06510312506-06260617854,omid:br/06510312506,omid:br/06260617854,2020-12-10,P5Y6M0D,no,no
oci:06510312506-061202152526,omid:br/06510312506,omid:br/061202152526,2020-12-10,P6Y,no,no
oci:06510312506-062102872779,omid:br/06510312506,omid:br/062102872779,2020-12-10,P7Y0M8D,no,no
oci:06510312506-06110605075,omid:br/06510312506,omid:br/06110605075,2020-12-10,P7Y7M9D,no,no
oci:06510312506-062202002002,omid:br/06510312506,omid:br/062202002002,2020-12-10,P10Y7M,no,no
oci:06510312506-061201457459,omid:br/06510312506,omid:br/061201457459,2020-12-10,P2Y10M10D,no,no
oci:06490302397-061202631464,omid:br/06490302397,omid:br/061202631464,2021-03-05,P5Y,no,no
oci:0604032779-061401446689,omid:br/0604032779,omid:br/061401446689,2019-04-10,P6Y0M9D,no,no
oci:06304560783-061701310530,omid:br/06304560783,omid:br/061701310530,2022-08-01,P1Y1M15D,no,no
oci:06304560783-0680661747,omid:br/06304560783,omid:br/0680661747,2022-08-01,P10Y10M6D,no,no
oci:06304560783-0680662044,omid:br/06304560783,omid:br/0680662044,2022-08-01,P11Y1M15D,no,no
oci:06304560783-0670657319,omid:br/06304560783,omid:br/0670657319,2022-08-01,P5Y4M15D,no,no
oci:06304560783-061402594425,omid:br/06304560783,omid:br/061402594425,2022-08-01,P4Y8M,no,no
oci:06304560783-062302613133,omid:br/06304560783,omid:br/062302613133,2022-08-01,P3Y8M30D,no,no
oci:06304560783-06101236524,omid:br/06304560783,omid:br/06101236524,2022-08-01,P1Y6M6D,no,no
oci:06304560783-06403041138,omid:br/06304560783,omid:br/06403041138,2022-08-01,P10Y0M22D,no,no
oci:06304560783-06402580229,omid:br/06304560783,omid:br/06402580229,2022-08-01,P7Y10M18D,no,no
oci:06304560783-06403038041,omid:br/06304560783,omid:br/06403038041,2022-08-01,P4Y1M28D,no,no
oci:06304560783-06703009135,omid:br/06304560783,omid:br/06703009135,2022-08-01,P0Y10M3D,no,no
oci:06304560819-06110192038,omid:br/06304560819,omid:br/06110192038,2022-09-01,P12Y,no,no
oci:06530312378-0636021662,omid:br/06530312378,omid:br/0636021662,2022,P1Y,no,no
oci:06530312378-062102872379,omid:br/06530312378,omid:br/062102872379,2022,P6Y,no,no
oci:06530312378-061301241447,omid:br/06530312378,omid:br/061301241447,2022,P17Y,no,no
oci:06530312378-061301241639,omid:br/06530312378,omid:br/061301241639,2022,P17Y,no,no
oci:06530312378-062601038588,omid:br/06530312378,omid:br/062601038588,2022,P3Y,no,no
oci:06490302424-06502572483,omid:br/06490302424,omid:br/06502572483,2021-11-01,P7Y7M30D,no,no
oci:06490302424-062302057210,omid:br/06490302424,omid:br/062302057210,2021-11-01,P9Y5M25D,no,no
oci:06490302424-06501334470,omid:br/06490302424,omid:br/06501334470,2021-11-01,P9Y10M,no,no
oci:06490302424-0670350281,omid:br/06490302424,omid:br/0670350281,2021-11-01,P7Y1M18D,no,no
oci:06490302424-0630350283,omid:br/06490302424,omid:br/0630350283,2021-11-01,P6Y0M,no,no
oci:06490302424-0620834830,omid:br/06490302424,omid:br/0620834830,2021-11-01,P2Y7M21D,no,no
oci:06490302424-06140585045,omid:br/06490302424,omid:br/06140585045,2021-11-01,P1Y11M,no,no
oci:06490302424-061201309645,omid:br/06490302424,omid:br/061201309645,2021-11-01,P3Y6M20D,no,no
oci:06490302424-0612093882,omid:br/06490302424,omid:br/0612093882,2021-11-01,P1Y7M9D,no,no
oci:06490302424-0630644882,omid:br/06490302424,omid:br/0630644882,2021-11-01,P4Y8M29D,no,no
oci:06530312374-06801229503,omid:br/06530312374,omid:br/06801229503,2022-02-01,P3Y9M5D,no,no
oci:06530312374-06110345653,omid:br/06530312374,omid:br/06110345653,2022-02-01,P5Y5M,no,no
oci:06530312374-06401325228,omid:br/06530312374,omid:br/06401325228,2022-02-01,P2Y5M26D,no,no
oci:06530312374-061701420108,omid:br/06530312374,omid:br/061701420108,2022-02-01,P0Y6M1D,no,no
oci:06530312374-06401232374,omid:br/06530312374,omid:br/06401232374,2022-02-01,P2Y3M,no,no
oci:06510312463-061201456969,omid:br/06510312463,omid:br/061201456969,2020-10-10,P1Y6M0D,no,no
oci:06510312463-062601329404,omid:br/06510312463,omid:br/062601329404,2020-10-10,P5Y8M19D,no,no
oci:06510312463-06260652240,omid:br/06510312463,omid:br/06260652240,2020-10-10,P0Y8M16D,no,no
oci:06304560777-06140344085,omid:br/06304560777,omid:br/06140344085,2022-08-01,P2Y9M9D,no,no
