id,citing,cited
oci:06904136149-0680692040,omid:br/06904136149,omid:br/0680692040
oci:06904136149-061104138043,omid:br/06904136149,omid:br/061104138043
oci:06904136149-06904136322,omid:br/06904136149,omid:br/06904136322
oci:06904136355-061301588427,omid:br/06904136355,omid:br/061301588427
oci:06904136355-06260421667,omid:br/06904136355,omid:br/06260421667
oci:06904136355-0680734200,omid:br/06904136355,omid:br/0680734200
oci:06904136355-06101215762,omid:br/06904136355,omid:br/06101215762
oci:06904136355-06260421595,omid:br/06904136355,omid:br/06260421595
oci:06904136355-061104138043,omid:br/06904136355,omid:br/061104138043
oci:06904136355-061602861156,omid:br/06904136355,omid:br/061602861156
oci:0604409911-06404543856,omid:br/0604409911,omid:br/06404543856
oci:0604409911-061104137887,omid:br/0604409911,omid:br/061104137887
oci:0604409911-0680691952,omid:br/0604409911,omid:br/0680691952
oci:0604409911-06904135996,omid:br/0604409911,omid:br/06904135996
oci:06904136059-06210472874,omid:br/06904136059,omid:br/06210472874
oci:06904136059-06220466670,omid:br/06904136059,omid:br/06220466670
oci:06904136059-0650167868,omid:br/06904136059,omid:br/0650167868
oci:06904136059-061503079287,omid:br/06904136059,omid:br/061503079287
oci:06904136059-061103088717,omid:br/06904136059,omid:br/061103088717
oci:06904136059-061103088638,omid:br/06904136059,omid:br/061103088638
oci:06904136059-06904136005,omid:br/06904136059,omid:br/06904136005
oci:06904136059-061802146598,omid:br/06904136059,omid:br/061802146598
oci:06904136059-0620405828,omid:br/06904136059,omid:br/0620405828
oci:06904136059-062601502571,omid:br/06904136059,omid:br/062601502571
oci:06904136059-06904136145,omid:br/06904136059,omid:br/06904136145
oci:06904136059-062601503151,omid:br/06904136059,omid:br/062601503151
oci:06904136100-061203016597,omid:br/06904136100,omid:br/061203016597
oci:06904136100-0630357819,omid:br/06904136100,omid:br/0630357819
oci:06904136100-06604132108,omid:br/06904136100,omid:br/06604132108
oci:06904136100-062202215199,omid:br/06904136100,omid:br/062202215199
oci:06904136100-0604845797,omid:br/06904136100,omid:br/0604845797
oci:06904136100-0610414720,omid:br/06904136100,omid:br/0610414720
oci:06904136100-061901354076,omid:br/06904136100,omid:br/061901354076
oci:06904136100-06250601313,omid:br/06904136100,omid:br/06250601313
oci:06904136100-06110477573,omid:br/06904136100,omid:br/06110477573
oci:06904136100-061901353851,omid:br/06904136100,omid:br/061901353851
oci:06904136100-06504006839,omid:br/06904136100,omid:br/06504006839
oci:06904136100-061801393323,omid:br/06904136100,omid:br/061801393323
oci:06904136100-061101176043,omid:br/06904136100,omid:br/061101176043
oci:06904136100-06260953292,omid:br/06904136100,omid:br/06260953292
oci:0604409903-06904136036,omid:br/0604409903,omid:br/06904136036
oci:0604409903-06403498476,omid:br/0604409903,omid:br/06403498476
oci:0604409903-06603494051,omid:br/0604409903,omid:br/06603494051
oci:0604409903-0670728750,omid:br/0604409903,omid:br/0670728750
oci:06904136117-0604845798,omid:br/06904136117,omid:br/0604845798
oci:06904136117-061801455939,omid:br/06904136117,omid:br/061801455939
oci:06904136065-061302041942,omid:br/06904136065,omid:br/061302041942
oci:06904136065-061104190020,omid:br/06904136065,omid:br/061104190020
oci:06904136065-0604245457,omid:br/06904136065,omid:br/0604245457
oci:06904136337-0630920078,omid:br/06904136337,omid:br/0630920078
oci:06904136337-06230908213,omid:br/06904136337,omid:br/06230908213
oci:06904136337-061104137440,omid:br/06904136337,omid:br/061104137440
oci:06904136337-061104138067,omid:br/06904136337,omid:br/061104138067
oci:06904136337-06904136294,omid:br/06904136337,omid:br/06904136294
oci:06904136337-061104137545,omid:br/06904136337,omid:br/061104137545
oci:061104138065-061502051025,omid:br/061104138065,omid:br/061502051025
oci:061104138065-06102162716,omid:br/061104138065,omid:br/06102162716
oci:061104138074-061402027753,omid:br/061104138074,omid:br/061402027753
oci:061104138074-06260422498,omid:br/061104138074,omid:br/06260422498
oci:06904136057-06904136493,omid:br/06904136057,omid:br/06904136493
oci:06904136357-061602861423,omid:br/06904136357,omid:br/061602861423
oci:06904136357-061602861682,omid:br/06904136357,omid:br/061602861682
oci:06904136357-0604845817,omid:br/06904136357,omid:br/0604845817
oci:06904136357-061602861622,omid:br/06904136357,omid:br/061602861622
oci:06904136357-061602861311,omid:br/06904136357,omid:br/061602861311
oci:06904136357-061602861249,omid:br/06904136357,omid:br/061602861249
oci:06904136357-0604845818,omid:br/06904136357,omid:br/0604845818
oci:06904136357-061602861603,omid:br/06904136357,omid:br/061602861603
oci:06904136357-0604845819,omid:br/06904136357,omid:br/0604845819
oci:06904136357-0604845820,omid:br/06904136357,omid:br/0604845820
oci:0604409869-06904136070,omid:br/0604409869,omid:br/06904136070
oci:0604409869-06904135996,omid:br/0604409869,omid:br/06904135996
oci:06904136077-06904136526,omid:br/06904136077,omid:br/06904136526
oci:06904136077-061104138017,omid:br/06904136077,omid:br/061104138017
oci:06904136077-061104138071,omid:br/06904136077,omid:br/061104138071
oci:06904136077-0680691977,omid:br/06904136077,omid:br/0680691977
oci:06904136077-0680692010,omid:br/06904136077,omid:br/0680692010
oci:06904136174-06260124740,omid:br/06904136174,omid:br/06260124740
oci:06904136174-061803296334,omid:br/06904136174,omid:br/061803296334
oci:06904136174-06104169154,omid:br/06904136174,omid:br/06104169154
oci:06904136174-061501705497,omid:br/06904136174,omid:br/061501705497
oci:06904136174-06230455376,omid:br/06904136174,omid:br/06230455376
oci:06904136174-0680734330,omid:br/06904136174,omid:br/0680734330
oci:0604409912-061402027564,omid:br/0604409912,omid:br/061402027564
oci:0604409912-0690740097,omid:br/0604409912,omid:br/0690740097
oci:0604409912-0610414760,omid:br/0604409912,omid:br/0610414760
oci:0604409912-06250404975,omid:br/0604409912,omid:br/06250404975
oci:06904136055-06403498365,omid:br/06904136055,omid:br/06403498365
oci:06904136055-061104137487,omid:br/06904136055,omid:br/061104137487
oci:061104138024-0610276088,omid:br/061104138024,omid:br/0610276088
oci:061104138024-061801031571,omid:br/061104138024,omid:br/061801031571
oci:061104138024-061602861156,omid:br/061104138024,omid:br/061602861156
oci:061104138024-061602861238,omid:br/061104138024,omid:br/061602861238
oci:06904136283-0680734032,omid:br/06904136283,omid:br/0680734032
oci:06904136283-0680734031,omid:br/06904136283,omid:br/0680734031
oci:06904136283-0680734385,omid:br/06904136283,omid:br/0680734385
oci:06904136138-0680733961,omid:br/06904136138,omid:br/0680733961
oci:06904136138-0680734508,omid:br/06904136138,omid:br/0680734508
oci:06904136138-0680734499,omid:br/06904136138,omid:br/0680734499
oci:06904136138-0690740135,omid:br/06904136138,omid:br/0690740135
oci:06904136138-0690740247,omid:br/06904136138,omid:br/0690740247
oci:06904136138-0680734024,omid:br/06904136138,omid:br/0680734024
oci:06904136138-0690740039,omid:br/06904136138,omid:br/0690740039
oci:06904136138-06250404994,omid:br/06904136138,omid:br/06250404994
oci:06904136138-06250404966,omid:br/06904136138,omid:br/06250404966
oci:06904136138-0680733721,omid:br/06904136138,omid:br/0680733721
oci:06904136138-0670728810,omid:br/06904136138,omid:br/0670728810
oci:06904136138-0680733763,omid:br/06904136138,omid:br/0680733763
oci:06904136138-0690480217,omid:br/06904136138,omid:br/0690480217
oci:06904136138-06250405188,omid:br/06904136138,omid:br/06250405188
oci:06904136138-0610414256,omid:br/06904136138,omid:br/0610414256
oci:06904136138-0660920717,omid:br/06904136138,omid:br/0660920717
oci:06904136138-06904136280,omid:br/06904136138,omid:br/06904136280
oci:06904136138-06904136314,omid:br/06904136138,omid:br/06904136314
oci:06904136138-0604845799,omid:br/06904136138,omid:br/0604845799
oci:06904136138-061602861526,omid:br/06904136138,omid:br/061602861526
oci:061104137691-068019919,omid:br/061104137691,omid:br/068019919
oci:06904136015-061601629768,omid:br/06904136015,omid:br/061601629768
oci:06904136097-061103736812,omid:br/06904136097,omid:br/061103736812
oci:06904136097-061602061518,omid:br/06904136097,omid:br/061602061518
oci:06904136097-061302041832,omid:br/06904136097,omid:br/061302041832
oci:06904136097-061302042492,omid:br/06904136097,omid:br/061302042492
oci:06904136097-061602061498,omid:br/06904136097,omid:br/061602061498
oci:06904136097-061302042234,omid:br/06904136097,omid:br/061302042234
oci:06904136097-061104137521,omid:br/06904136097,omid:br/061104137521
oci:06904136097-0680691898,omid:br/06904136097,omid:br/0680691898
oci:06904136095-061104137487,omid:br/06904136095,omid:br/061104137487
oci:06904136041-06904136070,omid:br/06904136041,omid:br/06904136070
oci:06904136041-06904135996,omid:br/06904136041,omid:br/06904135996
oci:06904136306-06904136719,omid:br/06904136306,omid:br/06904136719
oci:06904136178-06904136286,omid:br/06904136178,omid:br/06904136286
oci:06904136613-0610148154,omid:br/06904136613,omid:br/0610148154
oci:06904136086-061104137920,omid:br/06904136086,omid:br/061104137920
oci:06904136086-061104137908,omid:br/06904136086,omid:br/061104137908
oci:06904136086-061204003844,omid:br/06904136086,omid:br/061204003844
oci:06904136086-0680691907,omid:br/06904136086,omid:br/0680691907
oci:06904136086-061104138128,omid:br/06904136086,omid:br/061104138128
oci:06904136086-06904136178,omid:br/06904136086,omid:br/06904136178
oci:061104138055-06130220848,omid:br/061104138055,omid:br/06130220848
oci:061104138055-06503503689,omid:br/061104138055,omid:br/06503503689
oci:061104138055-061802041462,omid:br/061104138055,omid:br/061802041462
oci:061104138055-06503503783,omid:br/061104138055,omid:br/06503503783
oci:061104138055-061103789175,omid:br/061104138055,omid:br/061103789175
oci:061104138055-061801840963,omid:br/061104138055,omid:br/061801840963
oci:061104138055-06440216363,omid:br/061104138055,omid:br/06440216363
oci:061104138055-06130220949,omid:br/061104138055,omid:br/06130220949
oci:061104138055-06403498210,omid:br/061104138055,omid:br/06403498210
oci:061104138055-06304097984,omid:br/061104138055,omid:br/06304097984
oci:061104138055-0640501966,omid:br/061104138055,omid:br/0640501966
oci:061104138055-061303729277,omid:br/061104138055,omid:br/061303729277
oci:061104138062-0680733588,omid:br/061104138062,omid:br/0680733588
oci:06904136349-061402027851,omid:br/06904136349,omid:br/061402027851
oci:06904136349-0670728522,omid:br/06904136349,omid:br/0670728522
oci:06904136349-061104137532,omid:br/06904136349,omid:br/061104137532
oci:06904136019-061103734074,omid:br/06904136019,omid:br/061103734074
oci:06904136019-06701539421,omid:br/06904136019,omid:br/06701539421
oci:06904136019-061601629557,omid:br/06904136019,omid:br/061601629557
oci:06904136019-0690480672,omid:br/06904136019,omid:br/0690480672
oci:06904136019-06110446871,omid:br/06904136019,omid:br/06110446871
oci:06904136019-061501877920,omid:br/06904136019,omid:br/061501877920
oci:06904136019-06160726751,omid:br/06904136019,omid:br/06160726751
oci:06904136019-06904136156,omid:br/06904136019,omid:br/06904136156
oci:06904136171-06102162361,omid:br/06904136171,omid:br/06102162361
oci:06904136171-06904136321,omid:br/06904136171,omid:br/06904136321
oci:06904136171-061104138065,omid:br/06904136171,omid:br/061104138065
oci:06904136137-06303498395,omid:br/06904136137,omid:br/06303498395
oci:061104138031-06190841785,omid:br/061104138031,omid:br/06190841785
oci:061104138031-06260422246,omid:br/061104138031,omid:br/06260422246
oci:061104138031-06260422374,omid:br/061104138031,omid:br/06260422374
oci:061104138031-06260422235,omid:br/061104138031,omid:br/06260422235
oci:061303561100-0690740525,omid:br/061303561100,omid:br/0690740525
oci:061303561100-061703955310,omid:br/061303561100,omid:br/061703955310
oci:061104138033-0604845823,omid:br/061104138033,omid:br/0604845823
oci:061104138033-061903845392,omid:br/061104138033,omid:br/061903845392
oci:061104138033-06102789506,omid:br/061104138033,omid:br/06102789506
oci:06904136102-061701504173,omid:br/06904136102,omid:br/061701504173
oci:06904136102-06120336336,omid:br/06904136102,omid:br/06120336336
oci:06904136268-0670728349,omid:br/06904136268,omid:br/0670728349
oci:06904136087-061701629090,omid:br/06904136087,omid:br/061701629090
oci:06904136087-06704562714,omid:br/06904136087,omid:br/06704562714
oci:06904136087-061703970593,omid:br/06904136087,omid:br/061703970593
oci:06904136087-061104137988,omid:br/06904136087,omid:br/061104137988
oci:06904136087-06904136504,omid:br/06904136087,omid:br/06904136504
oci:06904136087-06904136147,omid:br/06904136087,omid:br/06904136147
oci:06904136087-06801062840,omid:br/06904136087,omid:br/06801062840
oci:061104138080-0604845811,omid:br/061104138080,omid:br/0604845811
oci:061104138080-06903117692,omid:br/061104138080,omid:br/06903117692
oci:061104138080-0680733961,omid:br/061104138080,omid:br/0680733961
oci:061104138080-0670728790,omid:br/061104138080,omid:br/0670728790
oci:061104138080-061802718101,omid:br/061104138080,omid:br/061802718101
oci:061104138080-0680734334,omid:br/061104138080,omid:br/0680734334
oci:061104138080-0670728513,omid:br/061104138080,omid:br/0670728513
oci:061104138080-062302848654,omid:br/061104138080,omid:br/062302848654
oci:06904136146-06904136361,omid:br/06904136146,omid:br/06904136361
oci:06904136146-061104138078,omid:br/06904136146,omid:br/061104138078
oci:06904136146-061104138152,omid:br/06904136146,omid:br/061104138152
oci:06904136146-06904136339,omid:br/06904136146,omid:br/06904136339
oci:06904136146-06904136280,omid:br/06904136146,omid:br/06904136280
oci:06904136146-062601502666,omid:br/06904136146,omid:br/062601502666
oci:06904136359-061302042104,omid:br/06904136359,omid:br/061302042104
oci:06904136359-062201581505,omid:br/06904136359,omid:br/062201581505
oci:06904136359-062072156,omid:br/06904136359,omid:br/062072156
oci:06904136359-061602061765,omid:br/06904136359,omid:br/061602061765
oci:06904136359-061502051081,omid:br/06904136359,omid:br/061502051081
oci:06904136359-061502685606,omid:br/06904136359,omid:br/061502685606
oci:06904136359-061302042387,omid:br/06904136359,omid:br/061302042387
oci:06904136359-06403498120,omid:br/06904136359,omid:br/06403498120
oci:06904136359-061302042350,omid:br/06904136359,omid:br/061302042350
oci:06904136359-061302042586,omid:br/06904136359,omid:br/061302042586
oci:06904136359-061602062063,omid:br/06904136359,omid:br/061602062063
oci:06904136359-061602062017,omid:br/06904136359,omid:br/061602062017
oci:06904136359-06303498275,omid:br/06904136359,omid:br/06303498275
oci:06904136359-061302041968,omid:br/06904136359,omid:br/061302041968
oci:06904136359-061402027579,omid:br/06904136359,omid:br/061402027579
oci:06904136359-06110477710,omid:br/06904136359,omid:br/06110477710
oci:06904136359-061302042086,omid:br/06904136359,omid:br/061302042086
oci:06904136359-061502051093,omid:br/06904136359,omid:br/061502051093
oci:06904136359-061702055026,omid:br/06904136359,omid:br/061702055026
oci:06904136048-061701629480,omid:br/06904136048,omid:br/061701629480
oci:06904136048-06380204965,omid:br/06904136048,omid:br/06380204965
oci:06904136048-06504542486,omid:br/06904136048,omid:br/06504542486
oci:06904136048-0604050715,omid:br/06904136048,omid:br/0604050715
oci:06904136048-0680691907,omid:br/06904136048,omid:br/0680691907
oci:06904136048-0680692001,omid:br/06904136048,omid:br/0680692001
oci:06904136048-0680691952,omid:br/06904136048,omid:br/0680691952
oci:06904136048-061104137887,omid:br/06904136048,omid:br/061104137887
oci:06904136048-0680691873,omid:br/06904136048,omid:br/0680691873
oci:06904136048-06904136417,omid:br/06904136048,omid:br/06904136417
oci:06904136048-06904136289,omid:br/06904136048,omid:br/06904136289
oci:06904136048-06404543856,omid:br/06904136048,omid:br/06404543856
oci:06904136048-061403563970,omid:br/06904136048,omid:br/061403563970
oci:06904136048-06904136286,omid:br/06904136048,omid:br/06904136286
oci:06904136048-0680691904,omid:br/06904136048,omid:br/0680691904
oci:06904136048-06904136496,omid:br/06904136048,omid:br/06904136496
oci:06904136048-06904136915,omid:br/06904136048,omid:br/06904136915
oci:06904136338-061303993635,omid:br/06904136338,omid:br/061303993635
oci:06904136338-0670985832,omid:br/06904136338,omid:br/0670985832
oci:06904136338-0680992303,omid:br/06904136338,omid:br/0680992303
oci:06904136338-0660994972,omid:br/06904136338,omid:br/0660994972
oci:06904136338-06330278012,omid:br/06904136338,omid:br/06330278012
oci:06904136338-0604328703,omid:br/06904136338,omid:br/0604328703
oci:06904136133-0690740221,omid:br/06904136133,omid:br/0690740221
oci:06904136068-06150843216,omid:br/06904136068,omid:br/06150843216
oci:06904136068-0690449802,omid:br/06904136068,omid:br/0690449802
oci:06904136068-0620405908,omid:br/06904136068,omid:br/0620405908
oci:06904136068-061901121206,omid:br/06904136068,omid:br/061901121206
oci:06904136068-06510296396,omid:br/06904136068,omid:br/06510296396
oci:06904136068-061502002536,omid:br/06904136068,omid:br/061502002536
oci:06904136068-0630169342,omid:br/06904136068,omid:br/0630169342
oci:06904136058-0604074198,omid:br/06904136058,omid:br/0604074198
oci:061104138025-0680734072,omid:br/061104138025,omid:br/0680734072
oci:061104138029-062072031,omid:br/061104138029,omid:br/062072031
oci:061104138029-062201581459,omid:br/061104138029,omid:br/062201581459
oci:061104138029-061703954725,omid:br/061104138029,omid:br/061703954725
oci:061104138041-0680734360,omid:br/061104138041,omid:br/0680734360
oci:061104138041-0670728415,omid:br/061104138041,omid:br/0670728415
oci:061104138041-0680734045,omid:br/061104138041,omid:br/0680734045
oci:061104138041-0670728340,omid:br/061104138041,omid:br/0670728340
oci:061104138041-0680733980,omid:br/061104138041,omid:br/0680733980
oci:061104138041-0670728668,omid:br/061104138041,omid:br/0670728668
oci:061104138041-0653072232,omid:br/061104138041,omid:br/0653072232
oci:061104138041-0680692024,omid:br/061104138041,omid:br/0680692024
oci:061104138041-061804034395,omid:br/061104138041,omid:br/061804034395
oci:06904136296-06260425051,omid:br/06904136296,omid:br/06260425051
oci:06904136296-06390326534,omid:br/06904136296,omid:br/06390326534
oci:06904136296-061301415235,omid:br/06904136296,omid:br/061301415235
oci:06904136061-06503503695,omid:br/06904136061,omid:br/06503503695
oci:06904136061-0604245455,omid:br/06904136061,omid:br/0604245455
oci:06904136061-06303498739,omid:br/06904136061,omid:br/06303498739
oci:06904136061-06150894674,omid:br/06904136061,omid:br/06150894674
oci:06904136061-061104138049,omid:br/06904136061,omid:br/061104138049
oci:06904136153-06190917056,omid:br/06904136153,omid:br/06190917056
oci:06904136153-0660920753,omid:br/06904136153,omid:br/0660920753
oci:06904136153-06220913166,omid:br/06904136153,omid:br/06220913166
oci:06904136153-06230908622,omid:br/06904136153,omid:br/06230908622
oci:06904136153-061703674143,omid:br/06904136153,omid:br/061703674143
oci:06904136153-0610928537,omid:br/06904136153,omid:br/0610928537
oci:06904136153-061801455333,omid:br/06904136153,omid:br/061801455333
oci:06904136170-06130220841,omid:br/06904136170,omid:br/06130220841
oci:06904136029-0680734438,omid:br/06904136029,omid:br/0680734438
oci:06904136029-06303498813,omid:br/06904136029,omid:br/06303498813
oci:061403560804-0690480756,omid:br/061403560804,omid:br/0690480756
oci:061403560804-061502051772,omid:br/061403560804,omid:br/061502051772
oci:061403560804-0610414262,omid:br/061403560804,omid:br/0610414262
oci:061403560804-061402027753,omid:br/061403560804,omid:br/061402027753
oci:061403560804-06110477659,omid:br/061403560804,omid:br/06110477659
oci:061403560804-062201581611,omid:br/061403560804,omid:br/062201581611
oci:061403560804-06260421677,omid:br/061403560804,omid:br/06260421677
oci:061104138054-061302042567,omid:br/061104138054,omid:br/061302042567
oci:061104138054-06110347647,omid:br/061104138054,omid:br/06110347647
oci:06904136278-062201581419,omid:br/06904136278,omid:br/062201581419
oci:06904136175-061302042285,omid:br/06904136175,omid:br/061302042285
oci:06904136175-0690480280,omid:br/06904136175,omid:br/0690480280
oci:06904136027-061302042177,omid:br/06904136027,omid:br/061302042177
oci:06904136027-0690480672,omid:br/06904136027,omid:br/0690480672
oci:06904136027-061602062336,omid:br/06904136027,omid:br/061602062336
oci:06904136027-061402027982,omid:br/06904136027,omid:br/061402027982
oci:06904136027-061501232701,omid:br/06904136027,omid:br/061501232701
oci:061104138027-0610414448,omid:br/061104138027,omid:br/0610414448
oci:061104138027-0610414538,omid:br/061104138027,omid:br/0610414538
oci:06904136115-06101122295,omid:br/06904136115,omid:br/06101122295
oci:06904136115-063072698,omid:br/06904136115,omid:br/063072698
oci:06904136115-062501619053,omid:br/06904136115,omid:br/062501619053
oci:06904136115-061702055743,omid:br/06904136115,omid:br/061702055743
oci:06904136115-063072918,omid:br/06904136115,omid:br/063072918
oci:06904136115-061104138170,omid:br/06904136115,omid:br/061104138170
oci:06604396482-0620405437,omid:br/06604396482,omid:br/0620405437
oci:06604396482-06101215762,omid:br/06604396482,omid:br/06101215762
oci:06604396482-0680733559,omid:br/06604396482,omid:br/0680733559
oci:06604396482-062201581383,omid:br/06604396482,omid:br/062201581383
oci:06604396482-0620406104,omid:br/06604396482,omid:br/0620406104
oci:06604396482-0680734434,omid:br/06604396482,omid:br/0680734434
oci:06604396482-06260421940,omid:br/06604396482,omid:br/06260421940
oci:06604396482-0670728387,omid:br/06604396482,omid:br/0670728387
oci:06604396482-0690740139,omid:br/06604396482,omid:br/0690740139
oci:06604396482-0610414313,omid:br/06604396482,omid:br/0610414313
oci:06604396482-0620406110,omid:br/06604396482,omid:br/0620406110
oci:06604396482-0690740506,omid:br/06604396482,omid:br/0690740506
oci:06904136330-06101122295,omid:br/06904136330,omid:br/06101122295
oci:06904136313-06203437103,omid:br/06904136313,omid:br/06203437103
oci:06904136313-061104137545,omid:br/06904136313,omid:br/061104137545
oci:06904136313-06904136337,omid:br/06904136313,omid:br/06904136337
oci:06904136031-062201581419,omid:br/06904136031,omid:br/062201581419
oci:06904136031-06220467147,omid:br/06904136031,omid:br/06220467147
oci:06904136110-061403594365,omid:br/06904136110,omid:br/061403594365
oci:06904136110-061104138015,omid:br/06904136110,omid:br/061104138015
oci:061104137998-0604845824,omid:br/061104137998,omid:br/0604845824
oci:061104137998-061402857011,omid:br/061104137998,omid:br/061402857011
oci:0604409849-061602861407,omid:br/0604409849,omid:br/061602861407
oci:0604409849-0680691975,omid:br/0604409849,omid:br/0680691975
oci:0604409849-0680691962,omid:br/0604409849,omid:br/0680691962
oci:0604409849-06104013802,omid:br/0604409849,omid:br/06104013802
oci:0604409849-06904136057,omid:br/0604409849,omid:br/06904136057
oci:0604409849-0604409846,omid:br/0604409849,omid:br/0604409846
oci:0604409849-061901460937,omid:br/0604409849,omid:br/061901460937
oci:0604409849-0610415004,omid:br/0604409849,omid:br/0610415004
oci:06904136010-0620405867,omid:br/06904136010,omid:br/0620405867
oci:06904136010-0604845838,omid:br/06904136010,omid:br/0604845838
oci:06904136010-061104138597,omid:br/06904136010,omid:br/061104138597
oci:06904136010-06904136025,omid:br/06904136010,omid:br/06904136025
oci:06904136010-061602861155,omid:br/06904136010,omid:br/061602861155
oci:06904136010-0653072232,omid:br/06904136010,omid:br/0653072232
oci:06904136010-0604845840,omid:br/06904136010,omid:br/0604845840
oci:06904136010-06904136198,omid:br/06904136010,omid:br/06904136198
oci:06904136317-061901353998,omid:br/06904136317,omid:br/061901353998
oci:06904136317-0690480965,omid:br/06904136317,omid:br/0690480965
oci:06904136317-0690480555,omid:br/06904136317,omid:br/0690480555
oci:06904136317-06110477146,omid:br/06904136317,omid:br/06110477146
oci:06904136317-0680206317,omid:br/06904136317,omid:br/0680206317
oci:06904136072-06504020261,omid:br/06904136072,omid:br/06504020261
oci:06904136072-061203084566,omid:br/06904136072,omid:br/061203084566
oci:06904136072-06160269488,omid:br/06904136072,omid:br/06160269488
oci:06904136072-0620168440,omid:br/06904136072,omid:br/0620168440
oci:06904136072-061703954987,omid:br/06904136072,omid:br/061703954987
oci:06904136145-06110477476,omid:br/06904136145,omid:br/06110477476
oci:06904136145-0690480623,omid:br/06904136145,omid:br/0690480623
oci:06904136145-0610414788,omid:br/06904136145,omid:br/0610414788
oci:06904136145-0610414873,omid:br/06904136145,omid:br/0610414873
oci:06904136145-06704562729,omid:br/06904136145,omid:br/06704562729
oci:06904136145-061802146598,omid:br/06904136145,omid:br/061802146598
oci:06904136145-06904136339,omid:br/06904136145,omid:br/06904136339
oci:06904136145-061104138149,omid:br/06904136145,omid:br/061104138149
oci:06904136145-061104138153,omid:br/06904136145,omid:br/061104138153
oci:061104138002-06260421683,omid:br/061104138002,omid:br/06260421683
oci:061104138002-06110477854,omid:br/061104138002,omid:br/06110477854
oci:061104138002-061602861624,omid:br/061104138002,omid:br/061602861624
oci:061104138002-061602861181,omid:br/061104138002,omid:br/061602861181
oci:061104138002-06904136760,omid:br/061104138002,omid:br/06904136760
oci:061104138002-061602861429,omid:br/061104138002,omid:br/061602861429
oci:061104138002-061602861213,omid:br/061104138002,omid:br/061602861213
oci:0604409861-062301420972,omid:br/0604409861,omid:br/062301420972
oci:0604409861-06904136480,omid:br/0604409861,omid:br/06904136480
oci:0604409861-06904136079,omid:br/0604409861,omid:br/06904136079
oci:0604409861-062202414886,omid:br/0604409861,omid:br/062202414886
oci:0604409861-06150727559,omid:br/0604409861,omid:br/06150727559
oci:0604409861-061503079298,omid:br/0604409861,omid:br/061503079298
oci:0604409861-061302042177,omid:br/0604409861,omid:br/061302042177
oci:0604409861-061602062238,omid:br/0604409861,omid:br/061602062238
oci:0604409861-062301444909,omid:br/0604409861,omid:br/062301444909
oci:06904136099-06204150698,omid:br/06904136099,omid:br/06204150698
oci:06904136099-06104169348,omid:br/06904136099,omid:br/06104169348
oci:06904136014-0690740066,omid:br/06904136014,omid:br/0690740066
oci:06904136014-0690740199,omid:br/06904136014,omid:br/0690740199
oci:06904136014-06904136494,omid:br/06904136014,omid:br/06904136494
oci:06904136014-06904136452,omid:br/06904136014,omid:br/06904136452
oci:06904136299-06903117692,omid:br/06904136299,omid:br/06903117692
oci:06904136299-06504134327,omid:br/06904136299,omid:br/06504134327
oci:06904136299-061903875855,omid:br/06904136299,omid:br/061903875855
oci:06904136299-061702232215,omid:br/06904136299,omid:br/061702232215
oci:06904136299-06150564798,omid:br/06904136299,omid:br/06150564798
oci:06904136299-0610414621,omid:br/06904136299,omid:br/0610414621
oci:06904136299-0610414788,omid:br/06904136299,omid:br/0610414788
oci:06904136299-0690740097,omid:br/06904136299,omid:br/0690740097
oci:06904136299-0690740258,omid:br/06904136299,omid:br/0690740258
oci:06904136299-06904136303,omid:br/06904136299,omid:br/06904136303
oci:06904136299-061104138080,omid:br/06904136299,omid:br/061104138080
oci:06904136299-06904136275,omid:br/06904136299,omid:br/06904136275
oci:06904136299-062302848654,omid:br/06904136299,omid:br/062302848654
oci:06904136299-0604845803,omid:br/06904136299,omid:br/0604845803
oci:06904136299-061702232418,omid:br/06904136299,omid:br/061702232418
oci:06904136037-0630169564,omid:br/06904136037,omid:br/0630169564
oci:06904136037-06220696458,omid:br/06904136037,omid:br/06220696458
oci:06904136037-062401364832,omid:br/06904136037,omid:br/062401364832
oci:06904136037-06904136915,omid:br/06904136037,omid:br/06904136915
oci:0604409918-06701426713,omid:br/0604409918,omid:br/06701426713
oci:0604409918-06904136087,omid:br/0604409918,omid:br/06904136087
oci:0604409918-06102787667,omid:br/0604409918,omid:br/06102787667
oci:0604409918-06904136518,omid:br/0604409918,omid:br/06904136518
oci:0604409918-06904136332,omid:br/0604409918,omid:br/06904136332
oci:0604409918-06704562714,omid:br/0604409918,omid:br/06704562714
oci:0604409918-061701629090,omid:br/0604409918,omid:br/061701629090
oci:0604409918-0670229878,omid:br/0604409918,omid:br/0670229878
oci:061104138020-061302042097,omid:br/061104138020,omid:br/061302042097
oci:061104138020-06101122295,omid:br/061104138020,omid:br/06101122295
oci:061104138020-061502051081,omid:br/061104138020,omid:br/061502051081
oci:061104138020-061602061765,omid:br/061104138020,omid:br/061602061765
oci:06904136074-0680734438,omid:br/06904136074,omid:br/0680734438
oci:06904136074-061402028209,omid:br/06904136074,omid:br/061402028209
oci:06904136074-061703955310,omid:br/06904136074,omid:br/061703955310
oci:06904136074-061804034108,omid:br/06904136074,omid:br/061804034108
oci:06904136074-061804034064,omid:br/06904136074,omid:br/061804034064
oci:06904136074-061804034609,omid:br/06904136074,omid:br/061804034609
oci:06904136164-061602861173,omid:br/06904136164,omid:br/061602861173
oci:06904136164-061602861222,omid:br/06904136164,omid:br/061602861222
oci:06904136164-0680691935,omid:br/06904136164,omid:br/0680691935
oci:06904136164-061602861585,omid:br/06904136164,omid:br/061602861585
oci:061104138043-062101168504,omid:br/061104138043,omid:br/062101168504
oci:061104138043-06404078731,omid:br/061104138043,omid:br/06404078731
oci:0604409865-061402857075,omid:br/0604409865,omid:br/061402857075
oci:06904136282-06140790033,omid:br/06904136282,omid:br/06140790033
oci:06904136282-06150798721,omid:br/06904136282,omid:br/06150798721
oci:06904136282-0690480686,omid:br/06904136282,omid:br/0690480686
oci:06904136282-06190471067,omid:br/06904136282,omid:br/06190471067
oci:06904136282-0660358696,omid:br/06904136282,omid:br/0660358696
oci:06904136282-061702030092,omid:br/06904136282,omid:br/061702030092
oci:06904136282-061702029872,omid:br/06904136282,omid:br/061702029872
oci:06904136282-061702030027,omid:br/06904136282,omid:br/061702030027
oci:06904136282-063072208,omid:br/06904136282,omid:br/063072208
oci:06904136282-06150897524,omid:br/06904136282,omid:br/06150897524
oci:06904136282-06803464832,omid:br/06904136282,omid:br/06803464832
oci:06904136282-062503041784,omid:br/06904136282,omid:br/062503041784
oci:06904136282-061403039837,omid:br/06904136282,omid:br/061403039837
oci:06904136282-062403052437,omid:br/06904136282,omid:br/062403052437
oci:06904136282-06404139893,omid:br/06904136282,omid:br/06404139893
oci:06904136282-061501484850,omid:br/06904136282,omid:br/061501484850
oci:06904136282-063072655,omid:br/06904136282,omid:br/063072655
oci:061104138067-0630920078,omid:br/061104138067,omid:br/0630920078
oci:061104138067-06230908213,omid:br/061104138067,omid:br/06230908213
oci:061104138067-061104137545,omid:br/061104138067,omid:br/061104137545
oci:061104138067-061104137440,omid:br/061104138067,omid:br/061104137440
oci:06904136126-063305163,omid:br/06904136126,omid:br/063305163
oci:06904136126-06604011838,omid:br/06904136126,omid:br/06604011838
oci:06904136126-06703490520,omid:br/06904136126,omid:br/06703490520
oci:06904136126-06130555624,omid:br/06904136126,omid:br/06130555624
oci:06904136126-06501807938,omid:br/06904136126,omid:br/06501807938
oci:06904136126-062101839238,omid:br/06904136126,omid:br/062101839238
oci:06904136327-061703673590,omid:br/06904136327,omid:br/061703673590
oci:06904136327-0690740060,omid:br/06904136327,omid:br/0690740060
oci:06904136327-0680734197,omid:br/06904136327,omid:br/0680734197
oci:06904136327-062203662799,omid:br/06904136327,omid:br/062203662799
oci:06904136327-061703673822,omid:br/06904136327,omid:br/061703673822
oci:06904136327-061703673823,omid:br/06904136327,omid:br/061703673823
oci:0604409898-06130221083,omid:br/0604409898,omid:br/06130221083
oci:0604409898-06904136322,omid:br/0604409898,omid:br/06904136322
oci:0604409898-06904136104,omid:br/0604409898,omid:br/06904136104
oci:0604409898-06902458320,omid:br/0604409898,omid:br/06902458320
oci:0604409898-061602233499,omid:br/0604409898,omid:br/061602233499
oci:0604409898-062604101954,omid:br/0604409898,omid:br/062604101954
oci:0604409898-062101274429,omid:br/0604409898,omid:br/062101274429
oci:0604409898-06401365067,omid:br/0604409898,omid:br/06401365067
oci:0604409898-06150727441,omid:br/0604409898,omid:br/06150727441
oci:0604409898-0627025441,omid:br/0604409898,omid:br/0627025441
oci:0604409898-06130221202,omid:br/0604409898,omid:br/06130221202
oci:0604409898-062202675691,omid:br/0604409898,omid:br/062202675691
oci:06904136090-062203563494,omid:br/06904136090,omid:br/062203563494
oci:06904136090-06701017775,omid:br/06904136090,omid:br/06701017775
oci:06904136090-0604577775,omid:br/06904136090,omid:br/0604577775
oci:06904136090-06380204965,omid:br/06904136090,omid:br/06380204965
oci:06904136186-0660920753,omid:br/06904136186,omid:br/0660920753
oci:06904136186-06130221045,omid:br/06904136186,omid:br/06130221045
oci:06904136186-0660920967,omid:br/06904136186,omid:br/0660920967
oci:061104138017-0660920943,omid:br/061104138017,omid:br/0660920943
oci:061104138017-061104137487,omid:br/061104138017,omid:br/061104137487
oci:06904136339-0620687772,omid:br/06904136339,omid:br/0620687772
oci:06904136339-06130724988,omid:br/06904136339,omid:br/06130724988
oci:06904136339-0690480479,omid:br/06904136339,omid:br/0690480479
oci:06904136339-06110477225,omid:br/06904136339,omid:br/06110477225
oci:06904136339-0680734381,omid:br/06904136339,omid:br/0680734381
oci:06904136339-062201581369,omid:br/06904136339,omid:br/062201581369
oci:06904136339-0680733751,omid:br/06904136339,omid:br/0680733751
oci:06904136339-0604845804,omid:br/06904136339,omid:br/0604845804
oci:06904136339-0604845805,omid:br/06904136339,omid:br/0604845805
oci:0604409854-062501208630,omid:br/0604409854,omid:br/062501208630
oci:0604409854-06250262829,omid:br/0604409854,omid:br/06250262829
oci:06904136658-06110624383,omid:br/06904136658,omid:br/06110624383
oci:06904136060-0620405594,omid:br/06904136060,omid:br/0620405594
oci:06904136060-0610414448,omid:br/06904136060,omid:br/0610414448
oci:06904136060-06260421940,omid:br/06904136060,omid:br/06260421940
oci:06904136060-0620405631,omid:br/06904136060,omid:br/0620405631
oci:06904136060-0680733937,omid:br/06904136060,omid:br/0680733937
oci:06904136060-06403497891,omid:br/06904136060,omid:br/06403497891
oci:06904136060-061702859105,omid:br/06904136060,omid:br/061702859105
oci:06904136060-061702859115,omid:br/06904136060,omid:br/061702859115
oci:06904136060-06260422213,omid:br/06904136060,omid:br/06260422213
oci:06904136060-06260421609,omid:br/06904136060,omid:br/06260421609
oci:06904136280-06403498499,omid:br/06904136280,omid:br/06403498499
oci:06904136280-0680733926,omid:br/06904136280,omid:br/0680733926
oci:06904136280-0670728505,omid:br/06904136280,omid:br/0670728505
oci:06904136280-0680733721,omid:br/06904136280,omid:br/0680733721
oci:06904136280-062101581909,omid:br/06904136280,omid:br/062101581909
oci:06904136280-0660920717,omid:br/06904136280,omid:br/0660920717
oci:06904136280-06904136339,omid:br/06904136280,omid:br/06904136339
oci:061104138060-061503765342,omid:br/061104138060,omid:br/061503765342
oci:061104138060-06601800817,omid:br/061104138060,omid:br/06601800817
oci:061104138060-06404101065,omid:br/061104138060,omid:br/06404101065
oci:061104138060-061601376389,omid:br/061104138060,omid:br/061601376389
oci:061104138060-061703954731,omid:br/061104138060,omid:br/061703954731
oci:06904136128-06190841785,omid:br/06904136128,omid:br/06190841785
oci:06904136128-061104138031,omid:br/06904136128,omid:br/061104138031
oci:06904136128-061104138078,omid:br/06904136128,omid:br/061104138078
oci:06904136053-061801455977,omid:br/06904136053,omid:br/061801455977
oci:06904136053-0680691962,omid:br/06904136053,omid:br/0680691962
oci:06904136053-06904136149,omid:br/06904136053,omid:br/06904136149
oci:06904136053-06904136314,omid:br/06904136053,omid:br/06904136314
oci:06904136053-061602861407,omid:br/06904136053,omid:br/061602861407
oci:06904136053-061901460979,omid:br/06904136053,omid:br/061901460979
oci:0604409860-061104138158,omid:br/0604409860,omid:br/061104138158
oci:06904136020-061104190015,omid:br/06904136020,omid:br/061104190015
oci:06904136020-06504091996,omid:br/06904136020,omid:br/06504091996
oci:06904136020-0604245451,omid:br/06904136020,omid:br/0604245451
oci:06904136020-06403498233,omid:br/06904136020,omid:br/06403498233
oci:06904136020-06904137197,omid:br/06904136020,omid:br/06904137197
oci:06904136020-06504542307,omid:br/06904136020,omid:br/06504542307
oci:06904136346-06260421781,omid:br/06904136346,omid:br/06260421781
oci:06904136346-06260422526,omid:br/06904136346,omid:br/06260422526
oci:06904136346-0610414216,omid:br/06904136346,omid:br/0610414216
oci:06904136346-0610414899,omid:br/06904136346,omid:br/0610414899
oci:06904136346-0610414572,omid:br/06904136346,omid:br/0610414572
oci:06904136346-062201581059,omid:br/06904136346,omid:br/062201581059
oci:06904136346-0610414262,omid:br/06904136346,omid:br/0610414262
oci:06904136346-0610414675,omid:br/06904136346,omid:br/0610414675
oci:061104138046-061703955223,omid:br/061104138046,omid:br/061703955223
oci:061104138046-061602062285,omid:br/061104138046,omid:br/061602062285
oci:061104138046-06220248366,omid:br/061104138046,omid:br/06220248366
oci:061104138046-061502051377,omid:br/061104138046,omid:br/061502051377
oci:061104138046-06802634376,omid:br/061104138046,omid:br/06802634376
oci:061104138046-06130611719,omid:br/061104138046,omid:br/06130611719
oci:061104138046-062101582621,omid:br/061104138046,omid:br/062101582621
oci:061104138046-061702055228,omid:br/061104138046,omid:br/061702055228
oci:061104138046-06403498338,omid:br/061104138046,omid:br/06403498338
oci:061104138046-061904041337,omid:br/061104138046,omid:br/061904041337
oci:061104138046-061703955255,omid:br/061104138046,omid:br/061703955255
oci:061104138046-061703954731,omid:br/061104138046,omid:br/061703954731
oci:061104138046-061703954987,omid:br/061104138046,omid:br/061703954987
oci:061104138046-0627039411,omid:br/061104138046,omid:br/0627039411
oci:06904136121-0680733965,omid:br/06904136121,omid:br/0680733965
oci:06904136121-061103524051,omid:br/06904136121,omid:br/061103524051
oci:06904136121-0670728534,omid:br/06904136121,omid:br/0670728534
oci:06904136121-0670728660,omid:br/06904136121,omid:br/0670728660
oci:06904136121-061104138128,omid:br/06904136121,omid:br/061104138128
oci:06904136121-0680691935,omid:br/06904136121,omid:br/0680691935
oci:06904136121-061602861511,omid:br/06904136121,omid:br/061602861511
oci:06904136121-061602861222,omid:br/06904136121,omid:br/061602861222
oci:0604409910-0680691935,omid:br/0604409910,omid:br/0680691935
oci:0604409910-061602861150,omid:br/0604409910,omid:br/061602861150
oci:06904135995-06904136071,omid:br/06904135995,omid:br/06904136071
oci:061104138076-06190841785,omid:br/061104138076,omid:br/06190841785
oci:061104138076-06440216364,omid:br/061104138076,omid:br/06440216364
oci:061104138076-06250405223,omid:br/061104138076,omid:br/06250405223
oci:061104138076-061602861156,omid:br/061104138076,omid:br/061602861156
oci:061104138076-061602861585,omid:br/061104138076,omid:br/061602861585
oci:061104138076-061104138031,omid:br/061104138076,omid:br/061104138031
oci:06904136120-06904136168,omid:br/06904136120,omid:br/06904136168
oci:06904136082-061401312163,omid:br/06904136082,omid:br/061401312163
oci:06904136082-0620405594,omid:br/06904136082,omid:br/0620405594
oci:06904136082-0680691963,omid:br/06904136082,omid:br/0680691963
oci:06904136082-061104137976,omid:br/06904136082,omid:br/061104137976
oci:06904136082-06904136332,omid:br/06904136082,omid:br/06904136332
oci:0604409917-0604845827,omid:br/0604409917,omid:br/0604845827
oci:0604409917-062202385939,omid:br/0604409917,omid:br/062202385939
oci:0604409917-061104138172,omid:br/0604409917,omid:br/061104138172
oci:0604409917-06904136083,omid:br/0604409917,omid:br/06904136083
oci:0604409917-06504542894,omid:br/0604409917,omid:br/06504542894
oci:0604409917-06504542885,omid:br/0604409917,omid:br/06504542885
oci:06904136293-06904136340,omid:br/06904136293,omid:br/06904136340
oci:06904136293-06904136771,omid:br/06904136293,omid:br/06904136771
oci:06904136293-061104137898,omid:br/06904136293,omid:br/061104137898
oci:06904136051-0660586863,omid:br/06904136051,omid:br/0660586863
oci:06904136173-06403498365,omid:br/06904136173,omid:br/06403498365
oci:06904136173-0670728273,omid:br/06904136173,omid:br/0670728273
oci:06904136173-061104138071,omid:br/06904136173,omid:br/061104138071
oci:06904136182-061104138076,omid:br/06904136182,omid:br/061104138076
oci:061104138053-062101582380,omid:br/061104138053,omid:br/062101582380
oci:061104138053-061104137571,omid:br/061104138053,omid:br/061104137571
oci:0604409897-06310298645,omid:br/0604409897,omid:br/06310298645
oci:0604409897-06110490931,omid:br/0604409897,omid:br/06110490931
oci:0604409897-061601032890,omid:br/0604409897,omid:br/061601032890
oci:0604409897-061802578964,omid:br/0604409897,omid:br/061802578964
oci:0604409897-06350173032,omid:br/0604409897,omid:br/06350173032
oci:06904136166-0680733694,omid:br/06904136166,omid:br/0680733694
oci:06904136166-061302042155,omid:br/06904136166,omid:br/061302042155
oci:06904136166-061104138160,omid:br/06904136166,omid:br/061104138160
oci:06904136166-061204003851,omid:br/06904136166,omid:br/061204003851
oci:06904136166-06904136312,omid:br/06904136166,omid:br/06904136312
oci:06904136166-06904136284,omid:br/06904136166,omid:br/06904136284
oci:06904136166-061104137872,omid:br/06904136166,omid:br/061104137872
oci:06904136166-06904136277,omid:br/06904136166,omid:br/06904136277
oci:06904136001-062201202009,omid:br/06904136001,omid:br/062201202009
oci:06904136001-06250967701,omid:br/06904136001,omid:br/06250967701
oci:06904136001-0690480157,omid:br/06904136001,omid:br/0690480157
oci:06904136001-061701704507,omid:br/06904136001,omid:br/061701704507
oci:06904136001-06140491987,omid:br/06904136001,omid:br/06140491987
oci:06904136001-061602788194,omid:br/06904136001,omid:br/061602788194
oci:06904136001-0640101288,omid:br/06904136001,omid:br/0640101288
oci:06904136001-062201202326,omid:br/06904136001,omid:br/062201202326
oci:06904136104-0670728699,omid:br/06904136104,omid:br/0670728699
oci:06904136104-061501705288,omid:br/06904136104,omid:br/061501705288
oci:06904136104-06904136314,omid:br/06904136104,omid:br/06904136314
oci:061104138035-061303635290,omid:br/061104138035,omid:br/061303635290
oci:061104138035-061602062424,omid:br/061104138035,omid:br/061602062424
oci:06904136325-06280255284,omid:br/06904136325,omid:br/06280255284
oci:06904136325-061303979606,omid:br/06904136325,omid:br/061303979606
oci:06904136325-061301588427,omid:br/06904136325,omid:br/061301588427
oci:06904136325-062201581776,omid:br/06904136325,omid:br/062201581776
oci:0604409931-0604324845,omid:br/0604409931,omid:br/0604324845
oci:06904136292-061602061518,omid:br/06904136292,omid:br/061602061518
oci:06904136292-061302041832,omid:br/06904136292,omid:br/061302041832
oci:06904136292-061502051660,omid:br/06904136292,omid:br/061502051660
oci:06904136292-061602061498,omid:br/06904136292,omid:br/061602061498
oci:06904136292-06110998805,omid:br/06904136292,omid:br/06110998805
oci:06904136292-06904136735,omid:br/06904136292,omid:br/06904136735
oci:06904136292-0680691898,omid:br/06904136292,omid:br/0680691898
oci:06904136292-061104137521,omid:br/06904136292,omid:br/061104137521
oci:061104138015-06904136777,omid:br/061104138015,omid:br/06904136777
oci:06904136036-0604245454,omid:br/06904136036,omid:br/0604245454
oci:06904136036-0690740101,omid:br/06904136036,omid:br/0690740101
oci:06904136036-0610414883,omid:br/06904136036,omid:br/0610414883
oci:06904136036-0620405860,omid:br/06904136036,omid:br/0620405860
oci:06904136036-06303498780,omid:br/06904136036,omid:br/06303498780
oci:06904136036-0670728450,omid:br/06904136036,omid:br/0670728450
oci:0604409871-061804034877,omid:br/0604409871,omid:br/061804034877
oci:0604409871-06904136074,omid:br/0604409871,omid:br/06904136074
oci:06904136092-061104138076,omid:br/06904136092,omid:br/061104138076
oci:06904136092-061104138078,omid:br/06904136092,omid:br/061104138078
oci:06904136092-061104138031,omid:br/06904136092,omid:br/061104138031
oci:06904136094-06350292474,omid:br/06904136094,omid:br/06350292474
oci:06904136094-0629053477,omid:br/06904136094,omid:br/0629053477
oci:06904136094-06303228461,omid:br/06904136094,omid:br/06303228461
oci:06904136094-06303228293,omid:br/06904136094,omid:br/06303228293
oci:06904136094-0604845801,omid:br/06904136094,omid:br/0604845801
oci:06904136094-06901498434,omid:br/06904136094,omid:br/06901498434
oci:06904136094-06904136110,omid:br/06904136094,omid:br/06904136110
oci:06904136094-06303228086,omid:br/06904136094,omid:br/06303228086
oci:06904136094-0604845802,omid:br/06904136094,omid:br/0604845802
oci:061104138039-0604160988,omid:br/061104138039,omid:br/0604160988
oci:061104138039-06804110989,omid:br/061104138039,omid:br/06804110989
oci:061104138039-061601546829,omid:br/061104138039,omid:br/061601546829
oci:061104138039-061701422379,omid:br/061104138039,omid:br/061701422379
oci:061104138039-06140349788,omid:br/061104138039,omid:br/06140349788
oci:061104138039-06480300038,omid:br/061104138039,omid:br/06480300038
oci:061104138039-061101958182,omid:br/061104138039,omid:br/061101958182
oci:06904136305-06904136340,omid:br/06904136305,omid:br/06904136340
oci:06904136141-0680734329,omid:br/06904136141,omid:br/0680734329
oci:06904136141-06260421667,omid:br/06904136141,omid:br/06260421667
oci:06904136141-06403498705,omid:br/06904136141,omid:br/06403498705
oci:06904136028-06904136005,omid:br/06904136028,omid:br/06904136005
oci:06904136028-06110478032,omid:br/06904136028,omid:br/06110478032
oci:06904136028-06220466670,omid:br/06904136028,omid:br/06220466670
oci:06904136028-06220466972,omid:br/06904136028,omid:br/06220466972
oci:06904136028-061103088415,omid:br/06904136028,omid:br/061103088415
oci:06904136028-06220696320,omid:br/06904136028,omid:br/06220696320
oci:06904136028-06210472874,omid:br/06904136028,omid:br/06210472874
oci:06904136028-06210472756,omid:br/06904136028,omid:br/06210472756
oci:06904136028-0610415126,omid:br/06904136028,omid:br/0610415126
oci:06904136028-0650167868,omid:br/06904136028,omid:br/0650167868
oci:06904136028-0620405828,omid:br/06904136028,omid:br/0620405828
oci:06904136028-062601502571,omid:br/06904136028,omid:br/062601502571
oci:06904136028-062601503151,omid:br/06904136028,omid:br/062601503151
oci:06904136028-06904136145,omid:br/06904136028,omid:br/06904136145
oci:06904136028-06904136059,omid:br/06904136028,omid:br/06904136059
oci:0604409923-062103764949,omid:br/0604409923,omid:br/062103764949
oci:0604409923-061103595561,omid:br/0604409923,omid:br/061103595561
oci:0604409923-0610414302,omid:br/0604409923,omid:br/0610414302
oci:0604409923-06110477720,omid:br/0604409923,omid:br/06110477720
oci:0604409923-06190856816,omid:br/0604409923,omid:br/06190856816
oci:0604409923-06410234362,omid:br/0604409923,omid:br/06410234362
oci:0604409923-061501703423,omid:br/0604409923,omid:br/061501703423
oci:0604409923-06801213585,omid:br/0604409923,omid:br/06801213585
oci:0604409923-061602861146,omid:br/0604409923,omid:br/061602861146
oci:0604409923-062302418122,omid:br/0604409923,omid:br/062302418122
oci:0604409919-06290222085,omid:br/0604409919,omid:br/06290222085
oci:06904136107-06410234054,omid:br/06904136107,omid:br/06410234054
oci:06904136107-0680734370,omid:br/06904136107,omid:br/0680734370
oci:06904136107-062101582577,omid:br/06904136107,omid:br/062101582577
oci:06904136107-062201581337,omid:br/06904136107,omid:br/062201581337
oci:06904136107-06904136350,omid:br/06904136107,omid:br/06904136350
oci:06904136140-0660920740,omid:br/06904136140,omid:br/0660920740
oci:06904136140-0670728124,omid:br/06904136140,omid:br/0670728124
oci:06904136140-06904136295,omid:br/06904136140,omid:br/06904136295
oci:06904136274-06101215762,omid:br/06904136274,omid:br/06101215762
oci:06904136274-0690740097,omid:br/06904136274,omid:br/0690740097
oci:06904136274-06160531728,omid:br/06904136274,omid:br/06160531728
oci:06904136274-06904136275,omid:br/06904136274,omid:br/06904136275
oci:0604409885-0620262830,omid:br/0604409885,omid:br/0620262830
oci:0604409885-06501370869,omid:br/0604409885,omid:br/06501370869
oci:0604409885-061601629768,omid:br/0604409885,omid:br/061601629768
oci:0604409885-061601629557,omid:br/0604409885,omid:br/061601629557
oci:0604409885-06804532101,omid:br/0604409885,omid:br/06804532101
oci:0604409885-06904136915,omid:br/0604409885,omid:br/06904136915
oci:0604409885-06604530727,omid:br/0604409885,omid:br/06604530727
oci:0604409885-06110347647,omid:br/0604409885,omid:br/06110347647
oci:0604409885-06260953154,omid:br/0604409885,omid:br/06260953154
oci:0604409885-06260953320,omid:br/0604409885,omid:br/06260953320
oci:0604409885-06102853456,omid:br/0604409885,omid:br/06102853456
oci:061104138032-06403498738,omid:br/061104138032,omid:br/06403498738
oci:061104138032-0650940683,omid:br/061104138032,omid:br/0650940683
oci:061104138032-06260421753,omid:br/061104138032,omid:br/06260421753
oci:061104138032-06260422125,omid:br/061104138032,omid:br/06260422125
oci:061104138032-0650941374,omid:br/061104138032,omid:br/0650941374
oci:061104138032-06903870694,omid:br/061104138032,omid:br/06903870694
oci:061104138032-0660936246,omid:br/061104138032,omid:br/0660936246
oci:061104138032-062201581419,omid:br/061104138032,omid:br/062201581419
oci:06904136089-0620405594,omid:br/06904136089,omid:br/0620405594
oci:06904136089-061702859115,omid:br/06904136089,omid:br/061702859115
oci:06904136089-0620406281,omid:br/06904136089,omid:br/0620406281
oci:06904136089-06250405084,omid:br/06904136089,omid:br/06250405084
oci:06904136089-06904136043,omid:br/06904136089,omid:br/06904136043
oci:06904136089-061901121243,omid:br/06904136089,omid:br/061901121243
oci:06904136089-06250404863,omid:br/06904136089,omid:br/06250404863
oci:06904136089-06250405001,omid:br/06904136089,omid:br/06250405001
oci:06904136089-061702859121,omid:br/06904136089,omid:br/061702859121
oci:06904136089-06210472848,omid:br/06904136089,omid:br/06210472848
oci:06904136089-06210472678,omid:br/06904136089,omid:br/06210472678
oci:06904136089-061204003839,omid:br/06904136089,omid:br/061204003839
oci:06904136089-0680691963,omid:br/06904136089,omid:br/0680691963
oci:06904136089-061602861526,omid:br/06904136089,omid:br/061602861526
oci:0604409922-0620731252,omid:br/0604409922,omid:br/0620731252
oci:06904136341-061103632992,omid:br/06904136341,omid:br/061103632992
oci:06904136130-06204229617,omid:br/06904136130,omid:br/06204229617
oci:06904136130-06204229382,omid:br/06904136130,omid:br/06204229382
oci:06904136130-061801076563,omid:br/06904136130,omid:br/061801076563
oci:06904136130-0630487877,omid:br/06904136130,omid:br/0630487877
oci:06904136130-06190489215,omid:br/06904136130,omid:br/06190489215
oci:06904136130-06204085276,omid:br/06904136130,omid:br/06204085276
oci:06904136130-06204229460,omid:br/06904136130,omid:br/06204229460
oci:06904136130-06104246061,omid:br/06904136130,omid:br/06104246061
oci:06904136130-061602061500,omid:br/06904136130,omid:br/061602061500
oci:06904136130-061702055029,omid:br/06904136130,omid:br/061702055029
oci:06904136130-062201581548,omid:br/06904136130,omid:br/062201581548
oci:06904136130-06250482194,omid:br/06904136130,omid:br/06250482194
oci:06904136130-0604845806,omid:br/06904136130,omid:br/0604845806
oci:0604409886-0620405594,omid:br/0604409886,omid:br/0620405594
oci:0604409886-061204003839,omid:br/0604409886,omid:br/061204003839
oci:0604409859-061103734074,omid:br/0604409859,omid:br/061103734074
oci:0604409859-06130221063,omid:br/0604409859,omid:br/06130221063
oci:0604409859-0630264280,omid:br/0604409859,omid:br/0630264280
oci:0604409938-06904136337,omid:br/0604409938,omid:br/06904136337
oci:0604409938-06904136527,omid:br/0604409938,omid:br/06904136527
oci:0604409937-062401189902,omid:br/0604409937,omid:br/062401189902
oci:0604409937-0604291668,omid:br/0604409937,omid:br/0604291668
oci:0604409937-06904136071,omid:br/0604409937,omid:br/06904136071
oci:0604409937-06310298803,omid:br/0604409937,omid:br/06310298803
oci:0604409937-06904136481,omid:br/0604409937,omid:br/06904136481
oci:0604409937-06904136062,omid:br/0604409937,omid:br/06904136062
oci:061104138078-06190841785,omid:br/061104138078,omid:br/06190841785
oci:061104138078-0660920717,omid:br/061104138078,omid:br/0660920717
oci:061104138078-061602861612,omid:br/061104138078,omid:br/061602861612
oci:061104138078-061104138031,omid:br/061104138078,omid:br/061104138031
oci:06904136275-06180391295,omid:br/06904136275,omid:br/06180391295
oci:06904136275-06180391260,omid:br/06904136275,omid:br/06180391260
oci:06904136275-06903117692,omid:br/06904136275,omid:br/06903117692
oci:06904136275-06504134327,omid:br/06904136275,omid:br/06504134327
oci:06904136275-0660138816,omid:br/06904136275,omid:br/0660138816
oci:06904136275-0620972723,omid:br/06904136275,omid:br/0620972723
oci:06904136275-061701225489,omid:br/06904136275,omid:br/061701225489
oci:06904136275-0650618215,omid:br/06904136275,omid:br/0650618215
oci:06904136275-0604845808,omid:br/06904136275,omid:br/0604845808
oci:06904136275-061104138080,omid:br/06904136275,omid:br/061104138080
oci:06904136275-062302848654,omid:br/06904136275,omid:br/062302848654
oci:061403563970-0680733993,omid:br/061403563970,omid:br/0680733993
oci:061403563970-0670728273,omid:br/061403563970,omid:br/0670728273
oci:061403563970-0660920980,omid:br/061403563970,omid:br/0660920980
oci:061403563970-062101581916,omid:br/061403563970,omid:br/062101581916
oci:06904136163-0690740159,omid:br/06904136163,omid:br/0690740159
oci:06904136163-0660920717,omid:br/06904136163,omid:br/0660920717
oci:06904136163-062201581776,omid:br/06904136163,omid:br/062201581776
oci:06904136163-0690740097,omid:br/06904136163,omid:br/0690740097
oci:06904136163-0610414313,omid:br/06904136163,omid:br/0610414313
oci:06904136163-06904136286,omid:br/06904136163,omid:br/06904136286
oci:06904136162-06140350558,omid:br/06904136162,omid:br/06140350558
oci:061104138013-061302042101,omid:br/061104138013,omid:br/061302042101
oci:06904136329-062072156,omid:br/06904136329,omid:br/062072156
oci:06904136329-0690480506,omid:br/06904136329,omid:br/0690480506
oci:06803998300-061701629090,omid:br/06803998300,omid:br/061701629090
oci:06803998300-061701629585,omid:br/06803998300,omid:br/061701629585
oci:06803998300-0690740097,omid:br/06803998300,omid:br/0690740097
oci:06803998300-0604845828,omid:br/06803998300,omid:br/0604845828
oci:06803998300-061104137988,omid:br/06803998300,omid:br/061104137988
oci:06803998300-061104138157,omid:br/06803998300,omid:br/061104138157
oci:06904136148-061204003841,omid:br/06904136148,omid:br/061204003841
oci:06904136148-06204280095,omid:br/06904136148,omid:br/06204280095
oci:0604409880-06704494468,omid:br/0604409880,omid:br/06704494468
oci:0604409901-0620406092,omid:br/0604409901,omid:br/0620406092
oci:0604409901-0690480672,omid:br/0604409901,omid:br/0690480672
oci:0604409901-06230477369,omid:br/0604409901,omid:br/06230477369
oci:0604409901-06460246044,omid:br/0604409901,omid:br/06460246044
oci:0604409901-0604845841,omid:br/0604409901,omid:br/0604845841
oci:0604409901-0620405712,omid:br/0604409901,omid:br/0620405712
oci:0604409901-06603225408,omid:br/0604409901,omid:br/06603225408
oci:0604409901-0604845842,omid:br/0604409901,omid:br/0604845842
oci:0604409901-061802872823,omid:br/0604409901,omid:br/061802872823
oci:0604409901-0604845843,omid:br/0604409901,omid:br/0604845843
oci:06904136334-061403739266,omid:br/06904136334,omid:br/061403739266
oci:06904136334-06390326540,omid:br/06904136334,omid:br/06390326540
oci:06904136334-06390326541,omid:br/06904136334,omid:br/06390326541
oci:06904136334-062101582705,omid:br/06904136334,omid:br/062101582705
oci:06904136334-06390326542,omid:br/06904136334,omid:br/06390326542
oci:06904136139-0670728451,omid:br/06904136139,omid:br/0670728451
oci:06904136139-06180698956,omid:br/06904136139,omid:br/06180698956
oci:06904136139-0680734385,omid:br/06904136139,omid:br/0680734385
oci:06904136157-0630169705,omid:br/06904136157,omid:br/0630169705
oci:06904136157-06904136149,omid:br/06904136157,omid:br/06904136149
oci:0604409902-06904136057,omid:br/0604409902,omid:br/06904136057
oci:0604409902-06904136186,omid:br/0604409902,omid:br/06904136186
oci:0604409902-0680692037,omid:br/0604409902,omid:br/0680692037
oci:0604409941-062203563494,omid:br/0604409941,omid:br/062203563494
oci:0604409941-06904136003,omid:br/0604409941,omid:br/06904136003
oci:06904136098-0680734032,omid:br/06904136098,omid:br/0680734032
oci:06904136098-0660920752,omid:br/06904136098,omid:br/0660920752
oci:06904136098-0680734203,omid:br/06904136098,omid:br/0680734203
oci:06904136098-0680734031,omid:br/06904136098,omid:br/0680734031
oci:06904136098-0680734385,omid:br/06904136098,omid:br/0680734385
oci:06904136098-061204003843,omid:br/06904136098,omid:br/061204003843
oci:06904136324-0650940683,omid:br/06904136324,omid:br/0650940683
oci:06904136324-0640938357,omid:br/06904136324,omid:br/0640938357
oci:06904136324-0660936246,omid:br/06904136324,omid:br/0660936246
oci:06904136324-0680733554,omid:br/06904136324,omid:br/0680733554
oci:06904136324-061602061839,omid:br/06904136324,omid:br/061602061839
oci:06904136324-06260421965,omid:br/06904136324,omid:br/06260421965
oci:06904136324-06260421621,omid:br/06904136324,omid:br/06260421621
oci:06904136324-06260421753,omid:br/06904136324,omid:br/06260421753
oci:06904136324-062102746990,omid:br/06904136324,omid:br/062102746990
oci:06904136324-06260422125,omid:br/06904136324,omid:br/06260422125
oci:06904136324-06403498738,omid:br/06904136324,omid:br/06403498738
oci:06904136324-0680691939,omid:br/06904136324,omid:br/0680691939
oci:06904136324-0680691971,omid:br/06904136324,omid:br/0680691971
oci:06904136324-0680691863,omid:br/06904136324,omid:br/0680691863
oci:06904136324-061104137487,omid:br/06904136324,omid:br/061104137487
oci:06904136342-0680733701,omid:br/06904136342,omid:br/0680733701
oci:06904136342-061703955232,omid:br/06904136342,omid:br/061703955232
oci:06904136294-0604845800,omid:br/06904136294,omid:br/0604845800
oci:06904136294-061202872267,omid:br/06904136294,omid:br/061202872267
oci:06904136294-0630920078,omid:br/06904136294,omid:br/0630920078
oci:06904136294-061104137545,omid:br/06904136294,omid:br/061104137545
oci:06904136294-061104137440,omid:br/06904136294,omid:br/061104137440
oci:06904136294-061104138067,omid:br/06904136294,omid:br/061104138067
oci:0604409896-0630264280,omid:br/0604409896,omid:br/0630264280
oci:0604409896-06440304569,omid:br/0604409896,omid:br/06440304569
oci:0604409896-061303979816,omid:br/0604409896,omid:br/061303979816
oci:06904136676-06703156767,omid:br/06904136676,omid:br/06703156767
oci:06904136676-06401536783,omid:br/06904136676,omid:br/06401536783
oci:0604409926-06503235150,omid:br/0604409926,omid:br/06503235150
oci:0604409926-061801455686,omid:br/0604409926,omid:br/061801455686
oci:0604409926-06904136290,omid:br/0604409926,omid:br/06904136290
oci:0604409894-06504542456,omid:br/0604409894,omid:br/06504542456
oci:062403568139-061803588452,omid:br/062403568139,omid:br/061803588452
oci:062403568139-061703954745,omid:br/062403568139,omid:br/061703954745
oci:062403568139-061801455552,omid:br/062403568139,omid:br/061801455552
oci:06904136323-0650925055,omid:br/06904136323,omid:br/0650925055
oci:06904136323-061104137896,omid:br/06904136323,omid:br/061104137896
oci:06904136646-0610148154,omid:br/06904136646,omid:br/0610148154
oci:06904136646-0610148056,omid:br/06904136646,omid:br/0610148056
oci:0604409870-061503079298,omid:br/0604409870,omid:br/061503079298
oci:06904136122-0680733965,omid:br/06904136122,omid:br/0680733965
oci:06904136122-0670728534,omid:br/06904136122,omid:br/0670728534
oci:06904136122-061103524051,omid:br/06904136122,omid:br/061103524051
oci:06904136122-06904136121,omid:br/06904136122,omid:br/06904136121
oci:0604409887-062601503151,omid:br/0604409887,omid:br/062601503151
oci:0604409887-06102787667,omid:br/0604409887,omid:br/06102787667
oci:0604409887-06290222198,omid:br/0604409887,omid:br/06290222198
oci:0604409868-06603224698,omid:br/0604409868,omid:br/06603224698
oci:0604409868-06503235674,omid:br/0604409868,omid:br/06503235674
oci:0604409868-06603224507,omid:br/0604409868,omid:br/06603224507
oci:0604409868-061201858103,omid:br/0604409868,omid:br/061201858103
oci:061104137695-06601022568,omid:br/061104137695,omid:br/06601022568
oci:06904136345-061502051640,omid:br/06904136345,omid:br/061502051640
oci:06904136345-061703954725,omid:br/06904136345,omid:br/061703954725
oci:06904136345-061904041373,omid:br/06904136345,omid:br/061904041373
oci:06904136345-061904041337,omid:br/06904136345,omid:br/061904041337
oci:06904136284-061502051255,omid:br/06904136284,omid:br/061502051255
oci:06904136284-0680733694,omid:br/06904136284,omid:br/0680733694
oci:06904136284-061104137478,omid:br/06904136284,omid:br/061104137478
oci:06904136284-06904136312,omid:br/06904136284,omid:br/06904136312
oci:0604409933-061103088553,omid:br/0604409933,omid:br/061103088553
oci:0604409933-061103088419,omid:br/0604409933,omid:br/061103088419
oci:0604409933-061103088546,omid:br/0604409933,omid:br/061103088546
oci:0604409933-0650167868,omid:br/0604409933,omid:br/0650167868
oci:0604409933-061602861740,omid:br/0604409933,omid:br/061602861740
oci:0604409933-0604845844,omid:br/0604409933,omid:br/0604845844
oci:06904136331-06804090806,omid:br/06904136331,omid:br/06804090806
oci:06904136331-062201581419,omid:br/06904136331,omid:br/062201581419
oci:06904136132-061502051255,omid:br/06904136132,omid:br/061502051255
oci:06904136132-0680733694,omid:br/06904136132,omid:br/0680733694
oci:06904136132-06904136312,omid:br/06904136132,omid:br/06904136312
oci:06904136132-061204003851,omid:br/06904136132,omid:br/061204003851
oci:06904136156-061601629525,omid:br/06904136156,omid:br/061601629525
oci:0604409927-061302035008,omid:br/0604409927,omid:br/061302035008
oci:0604409879-061103734074,omid:br/0604409879,omid:br/061103734074
oci:0604409879-06904136015,omid:br/0604409879,omid:br/06904136015
oci:0604409879-0604409874,omid:br/0604409879,omid:br/0604409874
oci:0604409879-06904136019,omid:br/0604409879,omid:br/06904136019
oci:0604409879-06302477719,omid:br/0604409879,omid:br/06302477719
oci:0604409907-061103734074,omid:br/0604409907,omid:br/061103734074
oci:0604409907-06130221083,omid:br/0604409907,omid:br/06130221083
oci:0604409907-06904136314,omid:br/0604409907,omid:br/06904136314
oci:0604409864-061303561100,omid:br/0604409864,omid:br/061303561100
oci:0604409864-06904135997,omid:br/0604409864,omid:br/06904135997
oci:0604409864-06704508823,omid:br/0604409864,omid:br/06704508823
oci:06904136111-06260422235,omid:br/06904136111,omid:br/06260422235
oci:06904136111-061103523998,omid:br/06904136111,omid:br/061103523998
oci:06904136111-0610414165,omid:br/06904136111,omid:br/0610414165
oci:06904136111-0620405828,omid:br/06904136111,omid:br/0620405828
oci:06904136111-0690480874,omid:br/06904136111,omid:br/0690480874
oci:06904136111-062201581419,omid:br/06904136111,omid:br/062201581419
oci:06904136111-06250405084,omid:br/06904136111,omid:br/06250405084
oci:06904136111-0604845792,omid:br/06904136111,omid:br/0604845792
oci:06904136111-0604845793,omid:br/06904136111,omid:br/0604845793
oci:06904136111-0604845794,omid:br/06904136111,omid:br/0604845794
oci:06904136111-061104137491,omid:br/06904136111,omid:br/061104137491
oci:06904136129-06503503884,omid:br/06904136129,omid:br/06503503884
oci:06904136295-0650925797,omid:br/06904136295,omid:br/0650925797
oci:06904136295-0660921006,omid:br/06904136295,omid:br/0660921006
oci:06904136335-061302041899,omid:br/06904136335,omid:br/061302041899
oci:06904136335-061302042185,omid:br/06904136335,omid:br/061302042185
oci:06904136335-061302042729,omid:br/06904136335,omid:br/061302042729
oci:06904136335-06110998805,omid:br/06904136335,omid:br/06110998805
oci:06904136335-062103123885,omid:br/06904136335,omid:br/062103123885
oci:0604409850-06904136475,omid:br/0604409850,omid:br/06904136475
oci:0604409850-06904135999,omid:br/0604409850,omid:br/06904135999
oci:0604409853-061104137487,omid:br/0604409853,omid:br/061104137487
oci:0604409853-06904136248,omid:br/0604409853,omid:br/06904136248
oci:06904136113-0660920713,omid:br/06904136113,omid:br/0660920713
oci:06904136113-0680733813,omid:br/06904136113,omid:br/0680733813
oci:06904136113-0660921025,omid:br/06904136113,omid:br/0660921025
oci:06904136113-0660920864,omid:br/06904136113,omid:br/0660920864
oci:06904136113-0660920686,omid:br/06904136113,omid:br/0660920686
oci:06904136113-0670728277,omid:br/06904136113,omid:br/0670728277
oci:06904136113-0680734344,omid:br/06904136113,omid:br/0680734344
oci:06904136113-0670728275,omid:br/06904136113,omid:br/0670728275
oci:06904136113-0670728124,omid:br/06904136113,omid:br/0670728124
oci:06904136113-0660920697,omid:br/06904136113,omid:br/0660920697
oci:06904136113-06401148582,omid:br/06904136113,omid:br/06401148582
oci:06904136113-0660920668,omid:br/06904136113,omid:br/0660920668
oci:06904136113-0660921016,omid:br/06904136113,omid:br/0660921016
oci:06904136113-0690739997,omid:br/06904136113,omid:br/0690739997
oci:06904136113-0660920943,omid:br/06904136113,omid:br/0660920943
oci:06904136113-0680733864,omid:br/06904136113,omid:br/0680733864
oci:06904136113-061104138071,omid:br/06904136113,omid:br/061104138071
oci:06904136113-061104138017,omid:br/06904136113,omid:br/061104138017
oci:06904136113-0680691964,omid:br/06904136113,omid:br/0680691964
oci:06904136113-061104137860,omid:br/06904136113,omid:br/061104137860
oci:06904136113-0680691895,omid:br/06904136113,omid:br/0680691895
oci:06904136113-0680691918,omid:br/06904136113,omid:br/0680691918
oci:0604409900-061104138151,omid:br/0604409900,omid:br/061104138151
oci:0604409929-061103734074,omid:br/0604409929,omid:br/061103734074
oci:0604409929-0680691950,omid:br/0604409929,omid:br/0680691950
oci:0604409929-061602861728,omid:br/0604409929,omid:br/061602861728
oci:0604409929-06130221127,omid:br/0604409929,omid:br/06130221127
oci:0604409929-061402028319,omid:br/0604409929,omid:br/061402028319
oci:06904136276-062201581424,omid:br/06904136276,omid:br/062201581424
oci:06904136276-062101582677,omid:br/06904136276,omid:br/062101582677
oci:06904136276-0670728591,omid:br/06904136276,omid:br/0670728591
oci:0604409878-0690740181,omid:br/0604409878,omid:br/0690740181
oci:0604409878-0620405594,omid:br/0604409878,omid:br/0620405594
oci:0604409878-0660920717,omid:br/0604409878,omid:br/0660920717
oci:0604409878-061801455686,omid:br/0604409878,omid:br/061801455686
oci:0604409876-0650297745,omid:br/0604409876,omid:br/0650297745
oci:0604409876-06904136010,omid:br/0604409876,omid:br/06904136010
oci:0604409876-0620405867,omid:br/0604409876,omid:br/0620405867
oci:0604409876-06260422552,omid:br/0604409876,omid:br/06260422552
oci:0604409876-061503079323,omid:br/0604409876,omid:br/061503079323
oci:0604409876-062501476663,omid:br/0604409876,omid:br/062501476663
oci:06904136358-061104137896,omid:br/06904136358,omid:br/061104137896
oci:06904136352-0680691866,omid:br/06904136352,omid:br/0680691866
oci:06904136352-061104137447,omid:br/06904136352,omid:br/061104137447
oci:061403569216-061804046402,omid:br/061403569216,omid:br/061804046402
oci:061403569216-062204054931,omid:br/061403569216,omid:br/062204054931
oci:061403569216-06904136322,omid:br/061403569216,omid:br/06904136322
oci:061403569216-06904136355,omid:br/061403569216,omid:br/06904136355
oci:061403569216-061204003839,omid:br/061403569216,omid:br/061204003839
oci:061403569216-06904136340,omid:br/061403569216,omid:br/06904136340
oci:061403569216-06904136301,omid:br/061403569216,omid:br/06904136301
oci:06904136316-06104190163,omid:br/06904136316,omid:br/06104190163
oci:0604409943-06102787631,omid:br/0604409943,omid:br/06102787631
oci:0604409943-0604409881,omid:br/0604409943,omid:br/0604409881
oci:0604409943-0604409940,omid:br/0604409943,omid:br/0604409940
oci:0604409943-0670728126,omid:br/0604409943,omid:br/0670728126
oci:0604409943-0690740503,omid:br/0604409943,omid:br/0690740503
oci:0604409943-06403498277,omid:br/0604409943,omid:br/06403498277
oci:0604409943-061901353972,omid:br/0604409943,omid:br/061901353972
oci:0604409943-061901353845,omid:br/0604409943,omid:br/061901353845
oci:0604409943-0680734008,omid:br/0604409943,omid:br/0680734008
oci:0604409943-0604845837,omid:br/0604409943,omid:br/0604845837
oci:0604409943-06403498553,omid:br/0604409943,omid:br/06403498553
oci:0604409943-0690740587,omid:br/0604409943,omid:br/0690740587
oci:06904136343-0604845810,omid:br/06904136343,omid:br/0604845810
oci:06904136143-062201581372,omid:br/06904136143,omid:br/062201581372
oci:06904136143-0680733797,omid:br/06904136143,omid:br/0680733797
oci:06904136143-06250405144,omid:br/06904136143,omid:br/06250405144
oci:06904136143-061502051772,omid:br/06904136143,omid:br/061502051772
oci:06904136143-0690480756,omid:br/06904136143,omid:br/0690480756
oci:06904136143-061402027753,omid:br/06904136143,omid:br/061402027753
oci:06904136143-0604024313,omid:br/06904136143,omid:br/0604024313
oci:06904136143-0603986146,omid:br/06904136143,omid:br/0603986146
oci:06904136143-0604845795,omid:br/06904136143,omid:br/0604845795
oci:06904136143-061602861191,omid:br/06904136143,omid:br/061602861191
oci:0604409904-0604273742,omid:br/0604409904,omid:br/0604273742
oci:0604409904-06220746641,omid:br/0604409904,omid:br/06220746641
oci:0604409904-06204574537,omid:br/0604409904,omid:br/06204574537
oci:06904136270-061901353690,omid:br/06904136270,omid:br/061901353690
oci:06904136270-061702055129,omid:br/06904136270,omid:br/061702055129
oci:06904136270-0690480506,omid:br/06904136270,omid:br/0690480506
oci:06904136270-06504542830,omid:br/06904136270,omid:br/06504542830
oci:0604409846-06501370815,omid:br/0604409846,omid:br/06501370815
oci:0604409846-06904136104,omid:br/0604409846,omid:br/06904136104
oci:0604409846-06904136057,omid:br/0604409846,omid:br/06904136057
oci:0604409872-06260421913,omid:br/0604409872,omid:br/06260421913
oci:0604409872-061201640268,omid:br/0604409872,omid:br/061201640268
oci:0604409872-06110446710,omid:br/0604409872,omid:br/06110446710
oci:0604409872-0620405551,omid:br/0604409872,omid:br/0620405551
oci:0604409872-06110446871,omid:br/0604409872,omid:br/06110446871
oci:0604409872-062501241483,omid:br/0604409872,omid:br/062501241483
oci:06904136154-0680734424,omid:br/06904136154,omid:br/0680734424
oci:06904136154-0690740251,omid:br/06904136154,omid:br/0690740251
oci:06904136154-0690740089,omid:br/06904136154,omid:br/0690740089
oci:06904136290-0680734361,omid:br/06904136290,omid:br/0680734361
oci:06904136290-06403497941,omid:br/06904136290,omid:br/06403497941
oci:06904136332-0610414436,omid:br/06904136332,omid:br/0610414436
oci:06904136332-0670728756,omid:br/06904136332,omid:br/0670728756
oci:06904136332-0670728660,omid:br/06904136332,omid:br/0670728660
oci:06904136332-0680734434,omid:br/06904136332,omid:br/0680734434
oci:0604409858-06101681306,omid:br/0604409858,omid:br/06101681306
oci:0604409858-06703205987,omid:br/0604409858,omid:br/06703205987
oci:06904136124-0680733961,omid:br/06904136124,omid:br/0680733961
oci:06904136124-0680734508,omid:br/06904136124,omid:br/0680734508
oci:06904136124-0680734499,omid:br/06904136124,omid:br/0680734499
oci:06904136124-0690740135,omid:br/06904136124,omid:br/0690740135
oci:06904136124-0690740247,omid:br/06904136124,omid:br/0690740247
oci:06904136124-0680734024,omid:br/06904136124,omid:br/0680734024
oci:06904136124-0690740039,omid:br/06904136124,omid:br/0690740039
oci:06904136124-06250404994,omid:br/06904136124,omid:br/06250404994
oci:06904136124-06250404966,omid:br/06904136124,omid:br/06250404966
oci:0604409899-06803998300,omid:br/0604409899,omid:br/06803998300
oci:0604409899-061602861156,omid:br/0604409899,omid:br/061602861156
oci:0604409899-0610414765,omid:br/0604409899,omid:br/0610414765
oci:0604409899-06110477796,omid:br/0604409899,omid:br/06110477796
oci:0604409899-06101388287,omid:br/0604409899,omid:br/06101388287
oci:06904136169-0620263536,omid:br/06904136169,omid:br/0620263536
oci:06904136169-0670986044,omid:br/06904136169,omid:br/0670986044
oci:06904136169-0670985881,omid:br/06904136169,omid:br/0670985881
oci:06904136169-06150868682,omid:br/06904136169,omid:br/06150868682
oci:06904136169-062071650,omid:br/06904136169,omid:br/062071650
oci:06904136169-061303993635,omid:br/06904136169,omid:br/061303993635
oci:06904136169-0660994972,omid:br/06904136169,omid:br/0660994972
oci:06904136169-061204003824,omid:br/06904136169,omid:br/061204003824
oci:06904136169-06904136338,omid:br/06904136169,omid:br/06904136338
oci:06904136169-061802188115,omid:br/06904136169,omid:br/061802188115
oci:06904136142-06380200865,omid:br/06904136142,omid:br/06380200865
oci:06904136142-06420207624,omid:br/06904136142,omid:br/06420207624
oci:06904136142-06110978748,omid:br/06904136142,omid:br/06110978748
oci:06904136142-06420208276,omid:br/06904136142,omid:br/06420208276
oci:06904136142-06220466669,omid:br/06904136142,omid:br/06220466669
oci:06904136142-06390204310,omid:br/06904136142,omid:br/06390204310
oci:06904136142-06504542834,omid:br/06904136142,omid:br/06504542834
oci:06904136142-063072504,omid:br/06904136142,omid:br/063072504
oci:06904136142-06904136141,omid:br/06904136142,omid:br/06904136141
oci:06904136142-061602861735,omid:br/06904136142,omid:br/061602861735
oci:06904136361-06504134327,omid:br/06904136361,omid:br/06504134327
oci:06904136361-061104138043,omid:br/06904136361,omid:br/061104138043
oci:06904136361-0604845811,omid:br/06904136361,omid:br/0604845811
oci:0604409867-061104138167,omid:br/0604409867,omid:br/061104138167
oci:0604409921-06904136184,omid:br/0604409921,omid:br/06904136184
oci:0604409921-06904136104,omid:br/0604409921,omid:br/06904136104
oci:0604409921-06904136457,omid:br/0604409921,omid:br/06904136457
oci:0604409921-0680734200,omid:br/0604409921,omid:br/0680734200
oci:0604409921-0690740181,omid:br/0604409921,omid:br/0690740181
oci:0604409921-0690740159,omid:br/0604409921,omid:br/0690740159
oci:0604409921-0670728122,omid:br/0604409921,omid:br/0670728122
oci:0604409921-0660920961,omid:br/0604409921,omid:br/0660920961
oci:061903947617-06601022118,omid:br/061903947617,omid:br/06601022118
oci:061903947617-061501495577,omid:br/061903947617,omid:br/061501495577
oci:06904136300-06210878454,omid:br/06904136300,omid:br/06210878454
oci:0604409881-06604530307,omid:br/0604409881,omid:br/06604530307
oci:0604409881-061104138542,omid:br/0604409881,omid:br/061104138542
oci:0604409881-06904137856,omid:br/0604409881,omid:br/06904137856
oci:0604409881-061303561100,omid:br/0604409881,omid:br/061303561100
oci:0604409881-06904136496,omid:br/0604409881,omid:br/06904136496
oci:0604409881-06102787626,omid:br/0604409881,omid:br/06102787626
oci:0604409851-061104137466,omid:br/0604409851,omid:br/061104137466
oci:0604409851-06904136013,omid:br/0604409851,omid:br/06904136013
oci:0604409851-06230950773,omid:br/0604409851,omid:br/06230950773
oci:06904136101-062101128013,omid:br/06904136101,omid:br/062101128013
oci:06904136101-061103088546,omid:br/06904136101,omid:br/061103088546
oci:06904136101-061803664045,omid:br/06904136101,omid:br/061803664045
oci:06904136101-0610414671,omid:br/06904136101,omid:br/0610414671
oci:06904136101-0690480644,omid:br/06904136101,omid:br/0690480644
oci:06904136023-0660920843,omid:br/06904136023,omid:br/0660920843
oci:06904136023-06904136286,omid:br/06904136023,omid:br/06904136286
oci:06904136023-06904136178,omid:br/06904136023,omid:br/06904136178
oci:06904136023-06904136113,omid:br/06904136023,omid:br/06904136113
oci:06904136136-06220467594,omid:br/06904136136,omid:br/06220467594
oci:06904136136-061903759697,omid:br/06904136136,omid:br/061903759697
oci:06904136136-06220467200,omid:br/06904136136,omid:br/06220467200
oci:06904136312-061502051255,omid:br/06904136312,omid:br/061502051255
oci:06904136312-061104137478,omid:br/06904136312,omid:br/061104137478
oci:06904136312-061104137566,omid:br/06904136312,omid:br/061104137566
oci:0604409873-06703276745,omid:br/0604409873,omid:br/06703276745
oci:0604409873-06320242345,omid:br/0604409873,omid:br/06320242345
oci:0604409873-0610414323,omid:br/0604409873,omid:br/0610414323
oci:0604409873-061701630173,omid:br/0604409873,omid:br/061701630173
oci:0604409873-061702859023,omid:br/0604409873,omid:br/061702859023
oci:0604409873-061702859061,omid:br/0604409873,omid:br/061702859061
oci:0604409906-0690273552,omid:br/0604409906,omid:br/0690273552
oci:0604409906-06604530459,omid:br/0604409906,omid:br/06604530459
oci:0604409906-06904136496,omid:br/0604409906,omid:br/06904136496
oci:0604409877-06904136198,omid:br/0604409877,omid:br/06904136198
oci:0604409877-061204003857,omid:br/0604409877,omid:br/061204003857
oci:0604409877-0604845838,omid:br/0604409877,omid:br/0604845838
oci:061104138174-061104138059,omid:br/061104138174,omid:br/061104138059
oci:06904136344-061602061585,omid:br/06904136344,omid:br/061602061585
oci:06904136344-063072541,omid:br/06904136344,omid:br/063072541
oci:06904136344-061302042185,omid:br/06904136344,omid:br/061302042185
oci:06904136344-061104138023,omid:br/06904136344,omid:br/061104138023
oci:0604409866-06904136198,omid:br/0604409866,omid:br/06904136198
oci:0604409866-06904136010,omid:br/0604409866,omid:br/06904136010
oci:0604409866-0604845838,omid:br/0604409866,omid:br/0604845838
oci:0604409866-0610414788,omid:br/0604409866,omid:br/0610414788
oci:0604409914-0604409886,omid:br/0604409914,omid:br/0604409886
oci:06904136062-0604291668,omid:br/06904136062,omid:br/0604291668
oci:06904136062-0604291602,omid:br/06904136062,omid:br/0604291602
oci:06904136062-06380204549,omid:br/06904136062,omid:br/06380204549
oci:06904136062-06904136524,omid:br/06904136062,omid:br/06904136524
oci:06904136062-06904136481,omid:br/06904136062,omid:br/06904136481
oci:06904136062-06904136071,omid:br/06904136062,omid:br/06904136071
oci:06904136308-062503870316,omid:br/06904136308,omid:br/062503870316
oci:06904136308-06230908311,omid:br/06904136308,omid:br/06230908311
oci:06904136308-06230908965,omid:br/06904136308,omid:br/06230908965
oci:06904136308-061803663921,omid:br/06904136308,omid:br/061803663921
oci:06904136308-062104126252,omid:br/06904136308,omid:br/062104126252
oci:06904136326-06150564737,omid:br/06904136326,omid:br/06150564737
oci:06904136088-0604845821,omid:br/06904136088,omid:br/0604845821
oci:06904136088-061701629265,omid:br/06904136088,omid:br/061701629265
oci:06904136088-061204003839,omid:br/06904136088,omid:br/061204003839
oci:06904136088-06904136459,omid:br/06904136088,omid:br/06904136459
oci:061104137843-06102787737,omid:br/061104137843,omid:br/06102787737
oci:061104137843-06504007560,omid:br/061104137843,omid:br/06504007560
oci:061104137843-0604409918,omid:br/061104137843,omid:br/0604409918
oci:061104137843-061602861494,omid:br/061104137843,omid:br/061602861494
oci:061104137843-0620405594,omid:br/061104137843,omid:br/0620405594
oci:061104137843-0620406281,omid:br/061104137843,omid:br/0620406281
oci:061104137843-06250404863,omid:br/061104137843,omid:br/06250404863
oci:061104137843-062101274422,omid:br/061104137843,omid:br/062101274422
oci:061104137843-0690740546,omid:br/061104137843,omid:br/0690740546
oci:061104138143-061502051025,omid:br/061104138143,omid:br/061502051025
oci:061104138143-061302042749,omid:br/061104138143,omid:br/061302042749
oci:061104138143-061104138065,omid:br/061104138143,omid:br/061104138065
oci:061204003842-06190841785,omid:br/061204003842,omid:br/06190841785
oci:061204003842-061104138031,omid:br/061204003842,omid:br/061104138031
oci:061204003842-061104138078,omid:br/061204003842,omid:br/061104138078
oci:061204003842-06803286610,omid:br/061204003842,omid:br/06803286610
oci:061204003842-061104138076,omid:br/061204003842,omid:br/061104138076
oci:0604409874-06904136015,omid:br/0604409874,omid:br/06904136015
oci:06904136080-06380204965,omid:br/06904136080,omid:br/06380204965
oci:06904136080-06504542479,omid:br/06904136080,omid:br/06504542479
oci:06904136080-061104138158,omid:br/06904136080,omid:br/061104138158
oci:06904136080-06904136305,omid:br/06904136080,omid:br/06904136305
oci:06904136080-06904136286,omid:br/06904136080,omid:br/06904136286
oci:06904136080-061104137467,omid:br/06904136080,omid:br/061104137467
oci:061104138137-0640922390,omid:br/061104138137,omid:br/0640922390
oci:061104138137-0610263830,omid:br/061104138137,omid:br/0610263830
oci:061104138137-0680734393,omid:br/061104138137,omid:br/0680734393
oci:061104138137-06160265904,omid:br/061104138137,omid:br/06160265904
oci:06904136297-06103723974,omid:br/06904136297,omid:br/06103723974
oci:06904136297-0603986118,omid:br/06904136297,omid:br/0603986118
oci:06904136297-0603986130,omid:br/06904136297,omid:br/0603986130
oci:06904136297-061104137567,omid:br/06904136297,omid:br/061104137567
oci:06904136297-06904136747,omid:br/06904136297,omid:br/06904136747
oci:06904136277-0660920943,omid:br/06904136277,omid:br/0660920943
oci:06904136277-062201581137,omid:br/06904136277,omid:br/062201581137
oci:06904136277-062501535631,omid:br/06904136277,omid:br/062501535631
oci:06904136277-061104137872,omid:br/06904136277,omid:br/061104137872
oci:061104137859-06603494044,omid:br/061104137859,omid:br/06603494044
oci:061104138150-06403498467,omid:br/061104138150,omid:br/06403498467
oci:061104138150-062201581545,omid:br/061104138150,omid:br/062201581545
oci:061104138150-0680734031,omid:br/061104138150,omid:br/0680734031
oci:061104138150-0680734438,omid:br/061104138150,omid:br/0680734438
oci:0604409905-06904136580,omid:br/0604409905,omid:br/06904136580
oci:0604409905-061104137920,omid:br/0604409905,omid:br/061104137920
oci:0604409905-061104137908,omid:br/0604409905,omid:br/061104137908
oci:0604409905-0680692013,omid:br/0604409905,omid:br/0680692013
oci:0604409905-061104137930,omid:br/0604409905,omid:br/061104137930
oci:0604409905-06904136004,omid:br/0604409905,omid:br/06904136004
oci:0604409905-0680691821,omid:br/0604409905,omid:br/0680691821
oci:0604409905-06904136064,omid:br/0604409905,omid:br/06904136064
oci:06904136502-06120650407,omid:br/06904136502,omid:br/06120650407
oci:06904136502-062503729408,omid:br/06904136502,omid:br/062503729408
oci:06904136502-0610928537,omid:br/06904136502,omid:br/0610928537
oci:06904136502-062101582352,omid:br/06904136502,omid:br/062101582352
oci:06904136502-06130220870,omid:br/06904136502,omid:br/06130220870
oci:06904136502-06130221202,omid:br/06904136502,omid:br/06130221202
oci:06904136502-062202675691,omid:br/06904136502,omid:br/062202675691
oci:06904136502-06210266340,omid:br/06904136502,omid:br/06210266340
oci:06904136502-06904136322,omid:br/06904136502,omid:br/06904136322
oci:06904136502-06904136104,omid:br/06904136502,omid:br/06904136104
oci:06904136076-062103729353,omid:br/06904136076,omid:br/062103729353
oci:06904136076-0630169373,omid:br/06904136076,omid:br/0630169373
oci:06904136076-0640172242,omid:br/06904136076,omid:br/0640172242
oci:06904136076-0630169018,omid:br/06904136076,omid:br/0630169018
oci:06904136076-0670728376,omid:br/06904136076,omid:br/0670728376
oci:06904136076-0630169005,omid:br/06904136076,omid:br/0630169005
oci:06904136076-0680733773,omid:br/06904136076,omid:br/0680733773
oci:06904136076-0604245460,omid:br/06904136076,omid:br/0604245460
oci:06904136076-061901308478,omid:br/06904136076,omid:br/061901308478
oci:06904136076-0630168963,omid:br/06904136076,omid:br/0630168963
oci:06904136076-06904136452,omid:br/06904136076,omid:br/06904136452
oci:061104138128-06904136719,omid:br/061104138128,omid:br/06904136719
oci:061104138128-0680692003,omid:br/061104138128,omid:br/0680692003
oci:061104138128-06904136708,omid:br/061104138128,omid:br/06904136708
oci:061104138128-06204280095,omid:br/061104138128,omid:br/06204280095
oci:061104138128-06904136771,omid:br/061104138128,omid:br/06904136771
oci:061104138128-06904136307,omid:br/061104138128,omid:br/06904136307
oci:061104138128-06904136286,omid:br/061104138128,omid:br/06904136286
oci:061104138128-06904136287,omid:br/061104138128,omid:br/06904136287
oci:061204003853-0680600332,omid:br/061204003853,omid:br/0680600332
oci:061204003853-06110733989,omid:br/061204003853,omid:br/06110733989
oci:061204003853-06103449555,omid:br/061204003853,omid:br/06103449555
oci:06904136350-0680733797,omid:br/06904136350,omid:br/0680733797
oci:06904136350-06260422088,omid:br/06904136350,omid:br/06260422088
oci:06904136350-0680691848,omid:br/06904136350,omid:br/0680691848
oci:06904136350-061104138071,omid:br/06904136350,omid:br/061104138071
oci:06904136350-061104138017,omid:br/06904136350,omid:br/061104138017
oci:06904136354-0604845812,omid:br/06904136354,omid:br/0604845812
oci:06904136354-0604845813,omid:br/06904136354,omid:br/0604845813
oci:06904136354-0604845814,omid:br/06904136354,omid:br/0604845814
oci:06904136354-0604845815,omid:br/06904136354,omid:br/0604845815
oci:061104137826-061602861670,omid:br/061104137826,omid:br/061602861670
oci:061104137826-061602861610,omid:br/061104137826,omid:br/061602861610
oci:061104137826-061602861162,omid:br/061104137826,omid:br/061602861162
oci:061104137826-0604845820,omid:br/061104137826,omid:br/0604845820
oci:061104137826-0604845836,omid:br/061104137826,omid:br/0604845836
oci:061104137826-06503235268,omid:br/061104137826,omid:br/06503235268
oci:061104137826-06450107836,omid:br/061104137826,omid:br/06450107836
oci:061104137779-0690740107,omid:br/061104137779,omid:br/0690740107
oci:06904136309-063072820,omid:br/06904136309,omid:br/063072820
oci:06904136309-063072648,omid:br/06904136309,omid:br/063072648
oci:06904136309-061302042729,omid:br/06904136309,omid:br/061302042729
oci:06904136309-06503503884,omid:br/06904136309,omid:br/06503503884
oci:061104137798-061103734074,omid:br/061104137798,omid:br/061103734074
oci:061104137798-0604409899,omid:br/061104137798,omid:br/0604409899
oci:061104137798-061802428179,omid:br/061104137798,omid:br/061802428179
oci:061104137798-061703954495,omid:br/061104137798,omid:br/061703954495
oci:06904136483-062102846462,omid:br/06904136483,omid:br/062102846462
oci:06904136483-0604845826,omid:br/06904136483,omid:br/0604845826
oci:06904136483-062302848712,omid:br/06904136483,omid:br/062302848712
oci:0604409934-06803998300,omid:br/0604409934,omid:br/06803998300
oci:0604409934-0604845828,omid:br/0604409934,omid:br/0604845828
oci:06904136009-0690480672,omid:br/06904136009,omid:br/0690480672
oci:06904136009-06503503689,omid:br/06904136009,omid:br/06503503689
oci:06904136009-061402027685,omid:br/06904136009,omid:br/061402027685
oci:06904136009-061702055154,omid:br/06904136009,omid:br/061702055154
oci:06904136009-062101582438,omid:br/06904136009,omid:br/062101582438
oci:06904136009-061104138159,omid:br/06904136009,omid:br/061104138159
oci:06904136009-06904136141,omid:br/06904136009,omid:br/06904136141
oci:06904136009-06904136142,omid:br/06904136009,omid:br/06904136142
oci:061104138167-06190353843,omid:br/061104138167,omid:br/06190353843
oci:061104138167-061502051837,omid:br/061104138167,omid:br/061502051837
oci:061104138167-0690740107,omid:br/061104138167,omid:br/0690740107
oci:061104138167-0680734484,omid:br/061104138167,omid:br/0680734484
oci:06904136269-061104137519,omid:br/06904136269,omid:br/061104137519
oci:061204003836-062304080899,omid:br/061204003836,omid:br/062304080899
oci:061204003836-061104137557,omid:br/061204003836,omid:br/061104137557
oci:061204003836-061104137569,omid:br/061204003836,omid:br/061104137569
oci:061204003836-0680691933,omid:br/061204003836,omid:br/0680691933
oci:06904136447-06704508818,omid:br/06904136447,omid:br/06704508818
oci:06904136447-061104138173,omid:br/06904136447,omid:br/061104138173
oci:06904136447-061104138157,omid:br/06904136447,omid:br/061104138157
oci:06904136362-06604530658,omid:br/06904136362,omid:br/06604530658
oci:061104137821-06130221083,omid:br/061104137821,omid:br/06130221083
oci:061104137821-06130220791,omid:br/061104137821,omid:br/06130220791
oci:061104137821-06904136134,omid:br/061104137821,omid:br/06904136134
oci:061104137821-06250339641,omid:br/061104137821,omid:br/06250339641
oci:061104137821-06110478032,omid:br/061104137821,omid:br/06110478032
oci:061104137821-0680733721,omid:br/061104137821,omid:br/0680733721
oci:061104137776-06303498698,omid:br/061104137776,omid:br/06303498698
oci:061104137776-0680600400,omid:br/061104137776,omid:br/0680600400
oci:06904136006-061104137447,omid:br/06904136006,omid:br/061104137447
oci:06904136006-061104138004,omid:br/06904136006,omid:br/061104138004
oci:06904136006-061104137896,omid:br/06904136006,omid:br/061104137896
oci:06904136006-06904136464,omid:br/06904136006,omid:br/06904136464
oci:06904136006-061104138163,omid:br/06904136006,omid:br/061104138163
oci:06904136006-0680691834,omid:br/06904136006,omid:br/0680691834
oci:0604409875-0604845829,omid:br/0604409875,omid:br/0604845829
oci:0604409875-061202872438,omid:br/0604409875,omid:br/061202872438
oci:0604409875-061303979843,omid:br/0604409875,omid:br/061303979843
oci:061204003841-06204280095,omid:br/061204003841,omid:br/06204280095
oci:061204003841-061104137561,omid:br/061204003841,omid:br/061104137561
oci:061203579432-06340295146,omid:br/061203579432,omid:br/06340295146
oci:061203579432-06270235582,omid:br/061203579432,omid:br/06270235582
oci:061203579432-06803286162,omid:br/061203579432,omid:br/06803286162
oci:061203579432-06803286347,omid:br/061203579432,omid:br/06803286347
oci:061104138163-0670728411,omid:br/061104138163,omid:br/0670728411
oci:061104138163-0690740002,omid:br/061104138163,omid:br/0690740002
oci:061104138163-0660920860,omid:br/061104138163,omid:br/0660920860
oci:061104138163-0680733784,omid:br/061104138163,omid:br/0680733784
oci:061104138163-0670728777,omid:br/061104138163,omid:br/0670728777
oci:061104138163-0660920756,omid:br/061104138163,omid:br/0660920756
oci:061104138163-061104137447,omid:br/061104138163,omid:br/061104137447
oci:061104138163-061204003836,omid:br/061104138163,omid:br/061204003836
oci:061104138163-061104137487,omid:br/061104138163,omid:br/061104137487
oci:06904136351-0680734110,omid:br/06904136351,omid:br/0680734110
oci:06904136351-0680734204,omid:br/06904136351,omid:br/0680734204
oci:06904136351-0680733763,omid:br/06904136351,omid:br/0680733763
oci:06904136351-0680734424,omid:br/06904136351,omid:br/0680734424
oci:06904136351-0680734174,omid:br/06904136351,omid:br/0680734174
oci:06904136351-0680733721,omid:br/06904136351,omid:br/0680733721
oci:061204003846-0680734163,omid:br/061204003846,omid:br/0680734163
oci:061204003846-0680734460,omid:br/061204003846,omid:br/0680734460
oci:061204003846-0670728697,omid:br/061204003846,omid:br/0670728697
oci:06904136489-06904136305,omid:br/06904136489,omid:br/06904136305
oci:06904136489-061104138156,omid:br/06904136489,omid:br/061104138156
oci:06904136267-0690740137,omid:br/06904136267,omid:br/0690740137
oci:06904136267-0660920716,omid:br/06904136267,omid:br/0660920716
oci:06904136267-06301016958,omid:br/06904136267,omid:br/06301016958
oci:06904136267-06801020192,omid:br/06904136267,omid:br/06801020192
oci:06904136267-06801020208,omid:br/06904136267,omid:br/06801020208
oci:06904136034-06904136504,omid:br/06904136034,omid:br/06904136504
oci:06904136034-061702232445,omid:br/06904136034,omid:br/061702232445
oci:06904136034-06801062861,omid:br/06904136034,omid:br/06801062861
oci:061104137806-061702859103,omid:br/061104137806,omid:br/061702859103
oci:061104137806-0690480672,omid:br/061104137806,omid:br/0690480672
oci:0604409909-06904205769,omid:br/0604409909,omid:br/06904205769
oci:0604409909-06904136879,omid:br/0604409909,omid:br/06904136879
oci:0604409909-0604577838,omid:br/0604409909,omid:br/0604577838
oci:0604409909-06504542934,omid:br/0604409909,omid:br/06504542934
oci:0604409909-06604530440,omid:br/0604409909,omid:br/06604530440
oci:0604409909-061901460937,omid:br/0604409909,omid:br/061901460937
oci:0604409909-06504542402,omid:br/0604409909,omid:br/06504542402
oci:06904136478-0620406061,omid:br/06904136478,omid:br/0620406061
oci:06904136285-06504091996,omid:br/06904136285,omid:br/06504091996
oci:06904136461-06904136304,omid:br/06904136461,omid:br/06904136304
oci:06904136461-061204003839,omid:br/06904136461,omid:br/061204003839
oci:061204003821-0670728364,omid:br/061204003821,omid:br/0670728364
oci:061204003821-061903669440,omid:br/061204003821,omid:br/061903669440
oci:061204003821-061104138152,omid:br/061204003821,omid:br/061104138152
oci:061104137796-062301087073,omid:br/061104137796,omid:br/062301087073
oci:061104137796-06150800083,omid:br/061104137796,omid:br/06150800083
oci:061104137796-06130215129,omid:br/061104137796,omid:br/06130215129
oci:061104137796-0604577823,omid:br/061104137796,omid:br/0604577823
oci:0604409845-061901132346,omid:br/0604409845,omid:br/061901132346
oci:0604409845-06130919032,omid:br/0604409845,omid:br/06130919032
oci:0604409845-06240260220,omid:br/0604409845,omid:br/06240260220
oci:0604409845-0690740582,omid:br/0604409845,omid:br/0690740582
oci:061104137854-06904136346,omid:br/061104137854,omid:br/06904136346
oci:06904136079-061803736003,omid:br/06904136079,omid:br/061803736003
oci:06904136079-061302042177,omid:br/06904136079,omid:br/061302042177
oci:06904136079-061602062336,omid:br/06904136079,omid:br/061602062336
oci:06904136079-061402027982,omid:br/06904136079,omid:br/061402027982
oci:06904136079-062501703141,omid:br/06904136079,omid:br/062501703141
oci:06904136079-06301064112,omid:br/06904136079,omid:br/06301064112
oci:06904136287-0680733651,omid:br/06904136287,omid:br/0680733651
oci:06904136287-06260422402,omid:br/06904136287,omid:br/06260422402
oci:06904136287-0680691924,omid:br/06904136287,omid:br/0680691924
oci:06904136287-061104138071,omid:br/06904136287,omid:br/061104138071
oci:06904136287-061104138017,omid:br/06904136287,omid:br/061104138017
oci:061204003813-06430294941,omid:br/061204003813,omid:br/06430294941
oci:06904136476-06250530774,omid:br/06904136476,omid:br/06250530774
oci:06904136476-062102416473,omid:br/06904136476,omid:br/062102416473
oci:06904136476-062302417622,omid:br/06904136476,omid:br/062302417622
oci:06904136476-061902425183,omid:br/06904136476,omid:br/061902425183
oci:06904136476-062302417982,omid:br/06904136476,omid:br/062302417982
oci:06904136272-061602861429,omid:br/06904136272,omid:br/061602861429
oci:06904136272-061602861521,omid:br/06904136272,omid:br/061602861521
oci:06904136272-061602861195,omid:br/06904136272,omid:br/061602861195
oci:06904136272-061602861603,omid:br/06904136272,omid:br/061602861603
oci:06904136272-061602861423,omid:br/06904136272,omid:br/061602861423
oci:061204003858-062303670781,omid:br/061204003858,omid:br/062303670781
oci:061204003858-061104138159,omid:br/061204003858,omid:br/061104138159
oci:06904136083-0680734204,omid:br/06904136083,omid:br/0680734204
oci:06904136083-062201581419,omid:br/06904136083,omid:br/062201581419
oci:06904136083-06904136374,omid:br/06904136083,omid:br/06904136374
oci:06904136083-061104137870,omid:br/06904136083,omid:br/061104137870
oci:06904136083-06904136233,omid:br/06904136083,omid:br/06904136233
oci:0604409895-06904136580,omid:br/0604409895,omid:br/06904136580
oci:0604409895-061104137920,omid:br/0604409895,omid:br/061104137920
oci:0604409895-061104137908,omid:br/0604409895,omid:br/061104137908
oci:0604409895-0680692013,omid:br/0604409895,omid:br/0680692013
oci:0604409895-061104137930,omid:br/0604409895,omid:br/061104137930
oci:0604409895-06904136004,omid:br/0604409895,omid:br/06904136004
oci:0604409895-0604409905,omid:br/0604409895,omid:br/0604409905
oci:0604409895-0680691821,omid:br/0604409895,omid:br/0680691821
oci:061104137839-0604409911,omid:br/061104137839,omid:br/0604409911
oci:061104137839-06604530458,omid:br/061104137839,omid:br/06604530458
oci:061104137839-06704508772,omid:br/061104137839,omid:br/06704508772
oci:061204003819-06104168635,omid:br/061204003819,omid:br/06104168635
oci:061204003819-061204003823,omid:br/061204003819,omid:br/061204003823
oci:06904136266-062101582582,omid:br/06904136266,omid:br/062101582582
oci:06904136266-062101582705,omid:br/06904136266,omid:br/062101582705
oci:06904136266-06904136334,omid:br/06904136266,omid:br/06904136334
oci:06904136266-061902882997,omid:br/06904136266,omid:br/061902882997
oci:06904136449-061303705225,omid:br/06904136449,omid:br/061303705225
oci:06904136449-061803319788,omid:br/06904136449,omid:br/061803319788
oci:06904136449-06260673457,omid:br/06904136449,omid:br/06260673457
oci:06904136449-061103736811,omid:br/06904136449,omid:br/061103736811
oci:06904136449-061303704847,omid:br/06904136449,omid:br/061303704847
oci:06904136449-061803053538,omid:br/06904136449,omid:br/061803053538
oci:06904136449-0610906042,omid:br/06904136449,omid:br/0610906042
oci:06904136449-06401668597,omid:br/06904136449,omid:br/06401668597
oci:06904136449-0690536339,omid:br/06904136449,omid:br/0690536339
oci:06904136449-0604845806,omid:br/06904136449,omid:br/0604845806
oci:061104137805-06240796712,omid:br/061104137805,omid:br/06240796712
oci:06904135997-0604245444,omid:br/06904135997,omid:br/0604245444
oci:06904135997-0640822110,omid:br/06904135997,omid:br/0640822110
oci:06904135997-06104415082,omid:br/06904135997,omid:br/06104415082
oci:06904135997-06904136452,omid:br/06904135997,omid:br/06904136452
oci:06904135997-06904136266,omid:br/06904135997,omid:br/06904136266
oci:0604409891-06904136031,omid:br/0604409891,omid:br/06904136031
oci:0604409891-0610264320,omid:br/0604409891,omid:br/0610264320
oci:0604409891-061704055983,omid:br/0604409891,omid:br/061704055983
oci:06904136525-0660920943,omid:br/06904136525,omid:br/0660920943
oci:06904136525-06403498365,omid:br/06904136525,omid:br/06403498365
oci:06904136525-06904136163,omid:br/06904136525,omid:br/06904136163
oci:06904136525-061104138071,omid:br/06904136525,omid:br/061104138071
oci:06904136525-061104138017,omid:br/06904136525,omid:br/061104138017
oci:06904136303-06903117692,omid:br/06904136303,omid:br/06903117692
oci:06904136303-06180391297,omid:br/06904136303,omid:br/06180391297
oci:06904136303-0680600400,omid:br/06904136303,omid:br/0680600400
oci:06904136303-0660138816,omid:br/06904136303,omid:br/0660138816
oci:06904136303-061802718101,omid:br/06904136303,omid:br/061802718101
oci:06904136303-0620687687,omid:br/06904136303,omid:br/0620687687
oci:06904136303-0650618215,omid:br/06904136303,omid:br/0650618215
oci:06904136303-0680600394,omid:br/06904136303,omid:br/0680600394
oci:06904136303-061104138080,omid:br/06904136303,omid:br/061104138080
oci:06904136303-06904136275,omid:br/06904136303,omid:br/06904136275
oci:061104138153-062303726034,omid:br/061104138153,omid:br/062303726034
oci:061104138153-0610414788,omid:br/061104138153,omid:br/0610414788
oci:061104138153-061104138149,omid:br/061104138153,omid:br/061104138149
oci:0604409882-0690740507,omid:br/0604409882,omid:br/0690740507
oci:0604409882-0630169283,omid:br/0604409882,omid:br/0630169283
oci:0604409882-0610928537,omid:br/0604409882,omid:br/0610928537
oci:0604409882-0630169634,omid:br/0604409882,omid:br/0630169634
oci:0604409882-0630169574,omid:br/0604409882,omid:br/0630169574
oci:0604409882-06702410168,omid:br/0604409882,omid:br/06702410168
oci:0604409882-061903669783,omid:br/0604409882,omid:br/061903669783
oci:0604409882-06403498762,omid:br/0604409882,omid:br/06403498762
oci:0604409882-061502051029,omid:br/0604409882,omid:br/061502051029
oci:0604409882-06210908082,omid:br/0604409882,omid:br/06210908082
oci:0604409882-0610928940,omid:br/0604409882,omid:br/0610928940
oci:0604409882-06130221138,omid:br/0604409882,omid:br/06130221138
oci:0604409882-0690740563,omid:br/0604409882,omid:br/0690740563
oci:0604409882-0660920868,omid:br/0604409882,omid:br/0660920868
oci:0604409882-06401281070,omid:br/0604409882,omid:br/06401281070
oci:06904136075-061702859127,omid:br/06904136075,omid:br/061702859127
oci:06904136075-061502051582,omid:br/06904136075,omid:br/061502051582
oci:06904136075-06904136227,omid:br/06904136075,omid:br/06904136227
oci:06904136075-061602861173,omid:br/06904136075,omid:br/061602861173
oci:06904136075-061602861222,omid:br/06904136075,omid:br/061602861222
oci:06904136075-0604845822,omid:br/06904136075,omid:br/0604845822
oci:06904136315-061803663665,omid:br/06904136315,omid:br/061803663665
oci:06904136526-06403498365,omid:br/06904136526,omid:br/06403498365
oci:06904136526-0604845830,omid:br/06904136526,omid:br/0604845830
oci:06904136526-061104138017,omid:br/06904136526,omid:br/061104138017
oci:06904136526-061104138071,omid:br/06904136526,omid:br/061104138071
oci:06904136526-061403563970,omid:br/06904136526,omid:br/061403563970
oci:06904136526-06904136339,omid:br/06904136526,omid:br/06904136339
oci:06904136046-061702859501,omid:br/06904136046,omid:br/061702859501
oci:06904136046-061102448590,omid:br/06904136046,omid:br/061102448590
oci:0604409862-06120139372,omid:br/0604409862,omid:br/06120139372
oci:0604409862-061602589314,omid:br/0604409862,omid:br/061602589314
oci:0604409862-0690480672,omid:br/0604409862,omid:br/0690480672
oci:0604409862-0690480280,omid:br/0604409862,omid:br/0690480280
oci:0604409862-061203483075,omid:br/0604409862,omid:br/061203483075
oci:0604409862-062203053028,omid:br/0604409862,omid:br/062203053028
oci:0604409862-06402259496,omid:br/0604409862,omid:br/06402259496
oci:0604409862-06180890883,omid:br/0604409862,omid:br/06180890883
oci:0604409862-06170729703,omid:br/0604409862,omid:br/06170729703
oci:0604409862-061901354067,omid:br/0604409862,omid:br/061901354067
oci:0604409862-0620405761,omid:br/0604409862,omid:br/0620405761
oci:0604409862-0690480279,omid:br/0604409862,omid:br/0690480279
oci:0604409862-06501778785,omid:br/0604409862,omid:br/06501778785
oci:0604409862-062501863039,omid:br/0604409862,omid:br/062501863039
oci:061204003837-0680734200,omid:br/061204003837,omid:br/0680734200
oci:061204003837-06101215762,omid:br/061204003837,omid:br/06101215762
oci:061204003837-06904136355,omid:br/061204003837,omid:br/06904136355
oci:061204003837-06904136322,omid:br/061204003837,omid:br/06904136322
oci:061204003837-06904136280,omid:br/061204003837,omid:br/06904136280
oci:061104137773-06904136077,omid:br/061104137773,omid:br/06904136077
oci:061104137773-062501476663,omid:br/061104137773,omid:br/062501476663
oci:06904136022-061104138001,omid:br/06904136022,omid:br/061104138001
oci:061104137787-06704494468,omid:br/061104137787,omid:br/06704494468
oci:061104137787-0604409880,omid:br/061104137787,omid:br/0604409880
oci:061104137787-06310284120,omid:br/061104137787,omid:br/06310284120
oci:061104137787-06604530963,omid:br/061104137787,omid:br/06604530963
oci:061104137787-06604530953,omid:br/061104137787,omid:br/06604530953
oci:06904136457-061801994639,omid:br/06904136457,omid:br/061801994639
oci:06904136457-06260421955,omid:br/06904136457,omid:br/06260421955
oci:06904136457-06260421843,omid:br/06904136457,omid:br/06260421843
oci:06904136457-06260421595,omid:br/06904136457,omid:br/06260421595
oci:06904136457-06904136104,omid:br/06904136457,omid:br/06904136104
oci:06904136457-06904136491,omid:br/06904136457,omid:br/06904136491
oci:0604409863-061702859904,omid:br/0604409863,omid:br/061702859904
oci:0604409863-0690740066,omid:br/0604409863,omid:br/0690740066
oci:0604409863-0690740199,omid:br/0604409863,omid:br/0690740199
oci:0604409863-06110882321,omid:br/0604409863,omid:br/06110882321
oci:061104137789-06401067692,omid:br/061104137789,omid:br/06401067692
oci:061104137789-0604409898,omid:br/061104137789,omid:br/0604409898
oci:061104137789-062101274429,omid:br/061104137789,omid:br/062101274429
oci:061104137789-061801455362,omid:br/061104137789,omid:br/061801455362
oci:061104137789-061902883776,omid:br/061104137789,omid:br/061902883776
oci:06904136475-06240521576,omid:br/06904136475,omid:br/06240521576
oci:06904136475-06240346991,omid:br/06904136475,omid:br/06240346991
oci:06904136475-0611095036,omid:br/06904136475,omid:br/0611095036
oci:06904136475-061502051480,omid:br/06904136475,omid:br/061502051480
oci:06904136475-061602062175,omid:br/06904136475,omid:br/061602062175
oci:06904136439-061303717455,omid:br/06904136439,omid:br/061303717455
oci:06904136439-0670448825,omid:br/06904136439,omid:br/0670448825
oci:061104137827-06180969650,omid:br/061104137827,omid:br/06180969650
oci:061104137827-061602861407,omid:br/061104137827,omid:br/061602861407
oci:061104137827-0620405525,omid:br/061104137827,omid:br/0620405525
oci:061204003845-0610414765,omid:br/061204003845,omid:br/0610414765
oci:061204003845-062201581419,omid:br/061204003845,omid:br/062201581419
oci:061204003845-06804090806,omid:br/061204003845,omid:br/06804090806
oci:061104137765-061602062091,omid:br/061104137765,omid:br/061602062091
oci:061104137765-061502051226,omid:br/061104137765,omid:br/061502051226
oci:061104137765-061302042093,omid:br/061104137765,omid:br/061302042093
oci:061104137765-062302102509,omid:br/061104137765,omid:br/062302102509
oci:06904136458-062201581419,omid:br/06904136458,omid:br/062201581419
oci:06904136458-06260422490,omid:br/06904136458,omid:br/06260422490
oci:06904136458-0670728836,omid:br/06904136458,omid:br/0670728836
oci:06904136458-0610415004,omid:br/06904136458,omid:br/0610415004
oci:06904136458-06104013802,omid:br/06904136458,omid:br/06104013802
oci:061104137774-06602309652,omid:br/061104137774,omid:br/06602309652
oci:061104137774-06240660780,omid:br/061104137774,omid:br/06240660780
oci:061104137774-061703954578,omid:br/061104137774,omid:br/061703954578
oci:061104137774-061703777780,omid:br/061104137774,omid:br/061703777780
oci:061104137774-062404048808,omid:br/061104137774,omid:br/062404048808
oci:061204003855-062304080902,omid:br/061204003855,omid:br/062304080902
oci:061204003855-0680600652,omid:br/061204003855,omid:br/0680600652
oci:061204003855-062304080903,omid:br/061204003855,omid:br/062304080903
oci:061204003855-062304080904,omid:br/061204003855,omid:br/062304080904
oci:061204003855-0690740095,omid:br/061204003855,omid:br/0690740095
oci:061204003855-061104138078,omid:br/061204003855,omid:br/061104138078
oci:061204003855-061104138031,omid:br/061204003855,omid:br/061104138031
oci:061204003855-061104138076,omid:br/061204003855,omid:br/061104138076
oci:061104137813-061202216561,omid:br/061104137813,omid:br/061202216561
oci:06904136503-06250405092,omid:br/06904136503,omid:br/06250405092
oci:06904136503-0680733775,omid:br/06904136503,omid:br/0680733775
oci:06904136503-0620406224,omid:br/06904136503,omid:br/0620406224
oci:06904136503-0690740181,omid:br/06904136503,omid:br/0690740181
oci:06904136503-0640922419,omid:br/06904136503,omid:br/0640922419
oci:06904136503-0670728814,omid:br/06904136503,omid:br/0670728814
oci:06904136503-0680734406,omid:br/06904136503,omid:br/0680734406
oci:06904136503-0680734227,omid:br/06904136503,omid:br/0680734227
oci:06904136503-0660920717,omid:br/06904136503,omid:br/0660920717
oci:06904136503-06403498050,omid:br/06904136503,omid:br/06403498050
oci:06904136503-06801062927,omid:br/06904136503,omid:br/06801062927
oci:06904136503-06904136491,omid:br/06904136503,omid:br/06904136491
oci:061104137831-061104138158,omid:br/061104137831,omid:br/061104138158
oci:061104137831-06904136080,omid:br/061104137831,omid:br/06904136080
oci:061104137831-0604577775,omid:br/061104137831,omid:br/0604577775
oci:061104137803-06130221082,omid:br/061104137803,omid:br/06130221082
oci:061104137803-062601502964,omid:br/061104137803,omid:br/062601502964
oci:061104137803-0630206685,omid:br/061104137803,omid:br/0630206685
oci:061104137803-06130221213,omid:br/061104137803,omid:br/06130221213
oci:061104137803-062503673623,omid:br/061104137803,omid:br/062503673623
oci:061104137803-061701629302,omid:br/061104137803,omid:br/061701629302
oci:061104137803-061501625158,omid:br/061104137803,omid:br/061501625158
oci:061104137803-0670728473,omid:br/061104137803,omid:br/0670728473
oci:062503579582-06180391252,omid:br/062503579582,omid:br/06180391252
oci:062503579582-0670244127,omid:br/062503579582,omid:br/0670244127
oci:062503579582-061802184354,omid:br/062503579582,omid:br/061802184354
oci:061104138148-06310223745,omid:br/061104138148,omid:br/06310223745
oci:061104138148-06801141372,omid:br/061104138148,omid:br/06801141372
oci:061104138148-062304080884,omid:br/061104138148,omid:br/062304080884
oci:061104138148-06904136337,omid:br/061104138148,omid:br/06904136337
oci:061104138148-061104138067,omid:br/061104138148,omid:br/061104138067
oci:061104138148-06904136294,omid:br/061104138148,omid:br/06904136294
oci:061104137804-061401806341,omid:br/061104137804,omid:br/061401806341
oci:061104137804-06301064157,omid:br/061104137804,omid:br/06301064157
oci:061104137804-06101562616,omid:br/061104137804,omid:br/06101562616
oci:061104137804-06603919916,omid:br/061104137804,omid:br/06603919916
oci:061103587418-0604409849,omid:br/061103587418,omid:br/0604409849
oci:061103587418-061104138080,omid:br/061103587418,omid:br/061104138080
oci:061103587418-06904136524,omid:br/061103587418,omid:br/06904136524
oci:061103587418-06104013802,omid:br/061103587418,omid:br/06104013802
oci:061103587418-06804532691,omid:br/061103587418,omid:br/06804532691
oci:061104137797-062101274422,omid:br/061104137797,omid:br/062101274422
oci:061104137797-062501476663,omid:br/061104137797,omid:br/062501476663
oci:061104137811-06904136088,omid:br/061104137811,omid:br/06904136088
oci:061104137811-0604409897,omid:br/061104137811,omid:br/0604409897
oci:061104137811-06403069819,omid:br/061104137811,omid:br/06403069819
oci:061104137811-061704056111,omid:br/061104137811,omid:br/061704056111
oci:06904136516-0630169349,omid:br/06904136516,omid:br/0630169349
oci:06904136516-0680733773,omid:br/06904136516,omid:br/0680733773
oci:06904136516-0640172242,omid:br/06904136516,omid:br/0640172242
oci:061104137770-0680691935,omid:br/061104137770,omid:br/0680691935
oci:061104137770-0604409910,omid:br/061104137770,omid:br/0604409910
oci:061104137770-061702223417,omid:br/061104137770,omid:br/061702223417
oci:061104137786-0604409885,omid:br/061104137786,omid:br/0604409885
oci:061204003833-06260422390,omid:br/061204003833,omid:br/06260422390
oci:061204003833-0680734017,omid:br/061204003833,omid:br/0680734017
oci:06904136025-061901460906,omid:br/06904136025,omid:br/061901460906
oci:06904136025-062602833991,omid:br/06904136025,omid:br/062602833991
oci:06904136025-06401067642,omid:br/06904136025,omid:br/06401067642
oci:06904136025-06401067680,omid:br/06904136025,omid:br/06401067680
oci:061104137816-0604409942,omid:br/061104137816,omid:br/0604409942
oci:061104137816-06260422526,omid:br/061104137816,omid:br/06260422526
oci:06904136504-06904136163,omid:br/06904136504,omid:br/06904136163
oci:06904136504-06904136355,omid:br/06904136504,omid:br/06904136355
oci:06904136504-06904136491,omid:br/06904136504,omid:br/06904136491
oci:061104137802-061204003814,omid:br/061104137802,omid:br/061204003814
oci:061104137802-06904136088,omid:br/061104137802,omid:br/06904136088
oci:061104137783-06401364576,omid:br/061104137783,omid:br/06401364576
oci:061104137783-06120221469,omid:br/061104137783,omid:br/06120221469
oci:061104137783-0650461854,omid:br/061104137783,omid:br/0650461854
oci:061104137783-06150313903,omid:br/061104137783,omid:br/06150313903
oci:061104137783-0620405437,omid:br/061104137783,omid:br/0620405437
oci:061204003831-061202041190,omid:br/061204003831,omid:br/061202041190
oci:061204003831-06904136277,omid:br/061204003831,omid:br/06904136277
oci:061104137840-06130221104,omid:br/061104137840,omid:br/06130221104
oci:061104137840-06370331172,omid:br/061104137840,omid:br/06370331172
oci:061104137840-062601566882,omid:br/061104137840,omid:br/062601566882
oci:061104137840-061201049561,omid:br/061104137840,omid:br/061201049561
oci:061104137840-061201049455,omid:br/061104137840,omid:br/061201049455
oci:061104137840-061704056125,omid:br/061104137840,omid:br/061704056125
oci:061104137840-061901460937,omid:br/061104137840,omid:br/061901460937
oci:061104137840-0690273608,omid:br/061104137840,omid:br/0690273608
oci:061104137840-0680734206,omid:br/061104137840,omid:br/0680734206
oci:06904136176-0690480756,omid:br/06904136176,omid:br/0690480756
oci:06904136176-061402027753,omid:br/06904136176,omid:br/061402027753
oci:06904136451-06801062780,omid:br/06904136451,omid:br/06801062780
oci:06904136451-06801062927,omid:br/06904136451,omid:br/06801062927
oci:061104137775-061104137920,omid:br/061104137775,omid:br/061104137920
oci:061104137775-061104137908,omid:br/061104137775,omid:br/061104137908
oci:061104137775-061104137930,omid:br/061104137775,omid:br/061104137930
oci:061104137775-06904136004,omid:br/061104137775,omid:br/06904136004
oci:061104137775-0604409905,omid:br/061104137775,omid:br/0604409905
oci:061104137775-0604409895,omid:br/061104137775,omid:br/0604409895
oci:061104137775-0604409860,omid:br/061104137775,omid:br/0604409860
oci:061104137847-0604409854,omid:br/061104137847,omid:br/0604409854
oci:061104137847-0604578258,omid:br/061104137847,omid:br/0604578258
oci:061104137847-0604409877,omid:br/061104137847,omid:br/0604409877
oci:061104137847-061503592660,omid:br/061104137847,omid:br/061503592660
oci:061104137847-06290228199,omid:br/061104137847,omid:br/06290228199
oci:061104137847-06290228263,omid:br/061104137847,omid:br/06290228263
oci:061104137847-061602861811,omid:br/061104137847,omid:br/061602861811
oci:06904135998-06803286067,omid:br/06904135998,omid:br/06803286067
oci:06904135998-06803285919,omid:br/06904135998,omid:br/06803285919
oci:06904135998-061801456124,omid:br/06904135998,omid:br/061801456124
oci:06904135998-06401067642,omid:br/06904135998,omid:br/06401067642
oci:06904136519-06260280741,omid:br/06904136519,omid:br/06260280741
oci:06904136519-06140397479,omid:br/06904136519,omid:br/06140397479
oci:06904136519-06904136168,omid:br/06904136519,omid:br/06904136168
oci:061104138162-062101581810,omid:br/061104138162,omid:br/062101581810
oci:061104138162-0680734424,omid:br/061104138162,omid:br/0680734424
oci:061104138162-0680733763,omid:br/061104138162,omid:br/0680733763
oci:061104138162-0670728810,omid:br/061104138162,omid:br/0670728810
oci:061104138162-0690740181,omid:br/061104138162,omid:br/0690740181
oci:061104138162-0680734200,omid:br/061104138162,omid:br/0680734200
oci:061104138162-0660920717,omid:br/061104138162,omid:br/0660920717
oci:061104138162-061801994639,omid:br/061104138162,omid:br/061801994639
oci:061104138162-0680734276,omid:br/061104138162,omid:br/0680734276
oci:061104138162-0670728821,omid:br/061104138162,omid:br/0670728821
oci:061104138162-0680733744,omid:br/061104138162,omid:br/0680733744
oci:061104138162-0680733721,omid:br/061104138162,omid:br/0680733721
oci:061104138162-0680733775,omid:br/061104138162,omid:br/0680733775
oci:061104138162-06403497891,omid:br/061104138162,omid:br/06403497891
oci:061104137810-0604845832,omid:br/061104137810,omid:br/0604845832
oci:061104137810-06380205088,omid:br/061104137810,omid:br/06380205088
oci:061104137810-061602861126,omid:br/061104137810,omid:br/061602861126
oci:061104137810-06330351837,omid:br/061104137810,omid:br/06330351837
oci:061104137795-062201581545,omid:br/061104137795,omid:br/062201581545
oci:061104137788-06803998300,omid:br/061104137788,omid:br/06803998300
oci:061104137788-0604409854,omid:br/061104137788,omid:br/0604409854
oci:061104137788-06904136437,omid:br/061104137788,omid:br/06904136437
oci:061104138166-06260421609,omid:br/061104138166,omid:br/06260421609
oci:061104138166-06260422213,omid:br/061104138166,omid:br/06260422213
oci:061104138166-0610414448,omid:br/061104138166,omid:br/0610414448
oci:061104138166-0680733751,omid:br/061104138166,omid:br/0680733751
oci:06904136501-0604074157,omid:br/06904136501,omid:br/0604074157
oci:06904136501-06504542397,omid:br/06904136501,omid:br/06504542397
oci:06904136501-06504542653,omid:br/06904136501,omid:br/06504542653
oci:06904136501-06704508843,omid:br/06904136501,omid:br/06704508843
oci:06904136501-06904136520,omid:br/06904136501,omid:br/06904136520
oci:06904136501-06904136773,omid:br/06904136501,omid:br/06904136773
oci:06904136465-061103088606,omid:br/06904136465,omid:br/061103088606
oci:06904136465-06220467256,omid:br/06904136465,omid:br/06220467256
oci:06904136465-061803664165,omid:br/06904136465,omid:br/061803664165
oci:06904136465-0620406058,omid:br/06904136465,omid:br/0620406058
oci:06904136465-0680411600,omid:br/06904136465,omid:br/0680411600
oci:06904136465-0610414302,omid:br/06904136465,omid:br/0610414302
oci:06904136465-061203746280,omid:br/06904136465,omid:br/061203746280
oci:06904136465-06904136094,omid:br/06904136465,omid:br/06904136094
oci:061804013466-06904136337,omid:br/061804013466,omid:br/06904136337
oci:061804013466-06904136527,omid:br/061804013466,omid:br/06904136527
oci:061204003839-0610414448,omid:br/061204003839,omid:br/0610414448
oci:061204003839-061602861526,omid:br/061204003839,omid:br/061602861526
oci:061204003823-0680734379,omid:br/061204003823,omid:br/0680734379
oci:061104137856-0670439773,omid:br/061104137856,omid:br/0670439773
oci:061104137856-061602062093,omid:br/061104137856,omid:br/061602062093
oci:061104137856-06230234323,omid:br/061104137856,omid:br/06230234323
oci:06904136469-06220466735,omid:br/06904136469,omid:br/06220466735
oci:061104137844-061602861610,omid:br/061104137844,omid:br/061602861610
oci:061104137844-06904136524,omid:br/061104137844,omid:br/06904136524
oci:061104137832-06904136408,omid:br/061104137832,omid:br/06904136408
oci:061104137832-061104137521,omid:br/061104137832,omid:br/061104137521
oci:061104137832-061104137885,omid:br/061104137832,omid:br/061104137885
oci:061104137832-06404316538,omid:br/061104137832,omid:br/06404316538
oci:061104137832-0680691867,omid:br/061104137832,omid:br/0680691867
oci:061104137832-061104137477,omid:br/061104137832,omid:br/061104137477
oci:061104137817-06380204991,omid:br/061104137817,omid:br/06380204991
oci:061104138175-06702382269,omid:br/061104138175,omid:br/06702382269
oci:061104138175-062304080889,omid:br/061104138175,omid:br/062304080889
oci:061104138175-06260421886,omid:br/061104138175,omid:br/06260421886
oci:061104138175-062102037951,omid:br/061104138175,omid:br/062102037951
oci:061104138175-06120781146,omid:br/061104138175,omid:br/06120781146
oci:061104138175-06703458849,omid:br/061104138175,omid:br/06703458849
oci:061104138175-06230360601,omid:br/061104138175,omid:br/06230360601
oci:061104138175-061801393373,omid:br/061104138175,omid:br/061801393373
oci:061104138130-06403498118,omid:br/061104138130,omid:br/06403498118
oci:061104138130-063073152,omid:br/061104138130,omid:br/063073152
oci:061104138130-06401007067,omid:br/061104138130,omid:br/06401007067
oci:061104138130-061402027441,omid:br/061104138130,omid:br/061402027441
oci:061104138130-062072156,omid:br/061104138130,omid:br/062072156
oci:061104138130-061502051519,omid:br/061104138130,omid:br/061502051519
oci:061104138130-063072878,omid:br/061104138130,omid:br/063072878
oci:061204003848-06260422146,omid:br/061204003848,omid:br/06260422146
oci:061204003848-061901353535,omid:br/061204003848,omid:br/061901353535
oci:061104138158-06904136340,omid:br/061104138158,omid:br/06904136340
oci:06904136521-061302042285,omid:br/06904136521,omid:br/061302042285
oci:06904136521-0690480280,omid:br/06904136521,omid:br/0690480280
oci:06904136521-061602861233,omid:br/06904136521,omid:br/061602861233
oci:061204003854-0680734360,omid:br/061204003854,omid:br/0680734360
oci:061204003854-0680691950,omid:br/061204003854,omid:br/0680691950
oci:061104137772-062201202326,omid:br/061104137772,omid:br/062201202326
oci:061104137772-061104137783,omid:br/061104137772,omid:br/061104137783
oci:061104137772-06904136474,omid:br/061104137772,omid:br/06904136474
oci:061104137772-06360325659,omid:br/061104137772,omid:br/06360325659
oci:061104137772-06904136436,omid:br/061104137772,omid:br/06904136436
oci:061104137772-061702859087,omid:br/061104137772,omid:br/061702859087
oci:061104137772-06360325620,omid:br/061104137772,omid:br/06360325620
oci:061104137772-062304009749,omid:br/061104137772,omid:br/062304009749
oci:061104137772-06360325816,omid:br/061104137772,omid:br/06360325816
oci:061104137772-06102787591,omid:br/061104137772,omid:br/06102787591
oci:061104137772-061702859054,omid:br/061104137772,omid:br/061702859054
oci:061104137772-0620405769,omid:br/061104137772,omid:br/0620405769
oci:061104137772-0610415010,omid:br/061104137772,omid:br/0610415010
oci:061104137766-06904136013,omid:br/061104137766,omid:br/06904136013
oci:061104137766-0604409934,omid:br/061104137766,omid:br/0604409934
oci:061104137766-06504007560,omid:br/061104137766,omid:br/06504007560
oci:061104137766-06904136303,omid:br/061104137766,omid:br/06904136303
oci:061104137766-06904136438,omid:br/061104137766,omid:br/06904136438
oci:06904136474-061101131827,omid:br/06904136474,omid:br/061101131827
oci:06904136474-06220466972,omid:br/06904136474,omid:br/06220466972
oci:06904136474-0610415025,omid:br/06904136474,omid:br/0610415025
oci:06904136474-0610414230,omid:br/06904136474,omid:br/0610414230
oci:06904136474-06220466832,omid:br/06904136474,omid:br/06220466832
oci:06904136474-06220467392,omid:br/06904136474,omid:br/06220467392
oci:061104138160-0680733694,omid:br/061104138160,omid:br/0680733694
oci:061104138160-061502051255,omid:br/061104138160,omid:br/061502051255
oci:061104138160-06404316538,omid:br/061104138160,omid:br/06404316538
oci:061104138160-0680691867,omid:br/061104138160,omid:br/0680691867
oci:061104138160-061104137872,omid:br/061104138160,omid:br/061104137872
oci:061104138160-06904136277,omid:br/061104138160,omid:br/06904136277
oci:061104138160-06904136312,omid:br/061104138160,omid:br/06904136312
oci:061104138160-06904136284,omid:br/061104138160,omid:br/06904136284
oci:061104138160-061104137478,omid:br/061104138160,omid:br/061104137478
oci:061104137814-06460225353,omid:br/061104137814,omid:br/06460225353
oci:061104138141-06130555665,omid:br/061104138141,omid:br/06130555665
oci:06904136049-0620405782,omid:br/06904136049,omid:br/0620405782
oci:06904136049-0670728387,omid:br/06904136049,omid:br/0670728387
oci:06904136049-0680734434,omid:br/06904136049,omid:br/0680734434
oci:06904136049-06260422552,omid:br/06904136049,omid:br/06260422552
oci:06904136049-0620406104,omid:br/06904136049,omid:br/0620406104
oci:061104137818-061401806341,omid:br/061104137818,omid:br/061401806341
oci:061104137818-062301087336,omid:br/061104137818,omid:br/062301087336
oci:061104137818-06502856970,omid:br/061104137818,omid:br/06502856970
oci:061104137818-061104137804,omid:br/061104137818,omid:br/061104137804
oci:061104137818-06260953320,omid:br/061104137818,omid:br/06260953320
oci:061104137818-06301064157,omid:br/061104137818,omid:br/06301064157
oci:061204003820-0670728354,omid:br/061204003820,omid:br/0670728354
oci:061204003820-062101582438,omid:br/061204003820,omid:br/062101582438
oci:061104137767-061104137584,omid:br/061104137767,omid:br/061104137584
oci:061104137767-061104137860,omid:br/061104137767,omid:br/061104137860
oci:061104137767-061104137996,omid:br/061104137767,omid:br/061104137996
oci:061104137767-06904136568,omid:br/061104137767,omid:br/06904136568
oci:061104137767-0680691895,omid:br/061104137767,omid:br/0680691895
oci:061104137767-0650689742,omid:br/061104137767,omid:br/0650689742
oci:061204003818-06804090464,omid:br/061204003818,omid:br/06804090464
oci:061104138127-06190353843,omid:br/061104138127,omid:br/06190353843
oci:061104138127-061202040721,omid:br/061104138127,omid:br/061202040721
oci:061104138127-06503503884,omid:br/061104138127,omid:br/06503503884
oci:061104138127-06804090464,omid:br/061104138127,omid:br/06804090464
oci:061104138127-061204003827,omid:br/061104138127,omid:br/061204003827
oci:061204003852-06303498699,omid:br/061204003852,omid:br/06303498699
oci:061204003852-0680734494,omid:br/061204003852,omid:br/0680734494
oci:061204003852-061901353810,omid:br/061204003852,omid:br/061901353810
oci:061204003852-06403498264,omid:br/061204003852,omid:br/06403498264
oci:061104137838-061104137767,omid:br/061104137838,omid:br/061104137767
oci:061104137838-0680691945,omid:br/061104137838,omid:br/0680691945
oci:061104137838-061104137860,omid:br/061104137838,omid:br/061104137860
oci:061104137838-061104137996,omid:br/061104137838,omid:br/061104137996
oci:061104137838-06904136004,omid:br/061104137838,omid:br/06904136004
oci:061104137781-061104137843,omid:br/061104137781,omid:br/061104137843
oci:061104137781-061903302251,omid:br/061104137781,omid:br/061903302251
oci:061104137781-061104137811,omid:br/061104137781,omid:br/061104137811
oci:061104137781-0604845828,omid:br/061104137781,omid:br/0604845828
oci:061104137781-06310298645,omid:br/061104137781,omid:br/06310298645
oci:06904135999-0604577792,omid:br/06904135999,omid:br/0604577792
oci:06904135999-06403498020,omid:br/06904135999,omid:br/06403498020
oci:06904135999-0604245445,omid:br/06904135999,omid:br/0604245445
oci:06904135999-061103632992,omid:br/06904135999,omid:br/061103632992
oci:06904135999-0604245446,omid:br/06904135999,omid:br/0604245446
oci:06904135999-061602061529,omid:br/06904135999,omid:br/061602061529
oci:06904135999-061302042486,omid:br/06904135999,omid:br/061302042486
oci:06904135999-0604245447,omid:br/06904135999,omid:br/0604245447
oci:06904135999-06904136018,omid:br/06904135999,omid:br/06904136018
oci:06904136488-06904136289,omid:br/06904136488,omid:br/06904136289
oci:06904136529-06403498121,omid:br/06904136529,omid:br/06403498121
oci:06904136529-06403498365,omid:br/06904136529,omid:br/06403498365
oci:06904136529-06403498333,omid:br/06904136529,omid:br/06403498333
oci:06904136529-061801586637,omid:br/06904136529,omid:br/061801586637
oci:06904136529-061104138017,omid:br/06904136529,omid:br/061104138017
oci:061104138147-06210537354,omid:br/061104138147,omid:br/06210537354
oci:061104138176-061203069489,omid:br/061104138176,omid:br/061203069489
oci:061104138131-061302042485,omid:br/061104138131,omid:br/061302042485
oci:061104138131-06102162509,omid:br/061104138131,omid:br/06102162509
oci:061104138131-061602061765,omid:br/061104138131,omid:br/061602061765
oci:061104138131-063073152,omid:br/061104138131,omid:br/063073152
oci:061104138131-061202040721,omid:br/061104138131,omid:br/061202040721
oci:061104138131-06190353843,omid:br/061104138131,omid:br/06190353843
oci:061104138131-061502051519,omid:br/061104138131,omid:br/061502051519
oci:061104138131-06802147782,omid:br/061104138131,omid:br/06802147782
oci:061104138131-061204003827,omid:br/061104138131,omid:br/061204003827
oci:061104138131-06904136281,omid:br/061104138131,omid:br/06904136281
oci:06904136498-06260421913,omid:br/06904136498,omid:br/06260421913
oci:06904136498-06260421609,omid:br/06904136498,omid:br/06260421609
oci:06904136498-0610414448,omid:br/06904136498,omid:br/0610414448
oci:06904136498-0610414889,omid:br/06904136498,omid:br/0610414889
oci:06904136498-06260422097,omid:br/06904136498,omid:br/06260422097
oci:06904136498-06260421730,omid:br/06904136498,omid:br/06260421730
oci:06904136498-06260421945,omid:br/06904136498,omid:br/06260421945
oci:06904136498-061701629585,omid:br/06904136498,omid:br/061701629585
oci:06904136498-061204003839,omid:br/06904136498,omid:br/061204003839
oci:06904136498-061104138162,omid:br/06904136498,omid:br/061104138162
oci:061104138159-06204477166,omid:br/061104138159,omid:br/06204477166
oci:061104138159-062403690070,omid:br/061104138159,omid:br/062403690070
oci:061104138159-0690480672,omid:br/061104138159,omid:br/0690480672
oci:061104138159-061103632938,omid:br/061104138159,omid:br/061103632938
oci:061104138159-061702055154,omid:br/061104138159,omid:br/061702055154
oci:061104138159-061402028017,omid:br/061104138159,omid:br/061402028017
oci:061104138159-061302042177,omid:br/061104138159,omid:br/061302042177
oci:061104138159-061602861734,omid:br/061104138159,omid:br/061602861734
oci:061104137782-06904136489,omid:br/061104137782,omid:br/06904136489
oci:061104137782-06904136080,omid:br/061104137782,omid:br/06904136080
oci:061104137782-06904136496,omid:br/061104137782,omid:br/06904136496
oci:061104137782-06150843216,omid:br/061104137782,omid:br/06150843216
oci:061104137782-061901353845,omid:br/061104137782,omid:br/061901353845
oci:061104137782-0604050698,omid:br/061104137782,omid:br/0604050698
oci:061204003825-06260422119,omid:br/061204003825,omid:br/06260422119
oci:061204003825-0690480373,omid:br/061204003825,omid:br/0690480373
oci:061204003825-06703458943,omid:br/061204003825,omid:br/06703458943
oci:061204003825-06102162455,omid:br/061204003825,omid:br/06102162455
oci:061204003825-061302042307,omid:br/061204003825,omid:br/061302042307
oci:061104138132-06403498120,omid:br/061104138132,omid:br/06403498120
oci:061104138132-06401007067,omid:br/061104138132,omid:br/06401007067
oci:061104138132-061502051045,omid:br/061104138132,omid:br/061502051045
oci:061104138132-06303498568,omid:br/061104138132,omid:br/06303498568
oci:061204003857-0690480157,omid:br/061204003857,omid:br/0690480157
oci:061204003857-0680478919,omid:br/061204003857,omid:br/0680478919
oci:061204003857-0670728686,omid:br/061204003857,omid:br/0670728686
oci:061204003857-06110477279,omid:br/061204003857,omid:br/06110477279
oci:061204003857-06904136350,omid:br/061204003857,omid:br/06904136350
oci:061204003857-06904136726,omid:br/061204003857,omid:br/06904136726
oci:061204003857-061903845392,omid:br/061204003857,omid:br/061903845392
oci:061204003857-06904136760,omid:br/061204003857,omid:br/06904136760
oci:061204003815-0690740205,omid:br/061204003815,omid:br/0690740205
oci:061204003815-06904136743,omid:br/061204003815,omid:br/06904136743
oci:061204003815-06904136719,omid:br/061204003815,omid:br/06904136719
oci:061204003850-06260422146,omid:br/061204003850,omid:br/06260422146
oci:061204003850-061901353535,omid:br/061204003850,omid:br/061901353535
oci:061204003850-061204003848,omid:br/061204003850,omid:br/061204003848
oci:06804426579-0670728273,omid:br/06804426579,omid:br/0670728273
oci:06804426579-0680733864,omid:br/06804426579,omid:br/0680733864
oci:06804426579-0680691964,omid:br/06804426579,omid:br/0680691964
oci:06804426579-06904136113,omid:br/06804426579,omid:br/06904136113
oci:06804426579-0680691918,omid:br/06804426579,omid:br/0680691918
oci:06804426579-0680691895,omid:br/06804426579,omid:br/0680691895
oci:061104138140-061901354078,omid:br/061104138140,omid:br/061901354078
oci:061104138140-061901353794,omid:br/061104138140,omid:br/061901353794
oci:061104138140-06110477693,omid:br/061104138140,omid:br/06110477693
oci:061104138140-061702054980,omid:br/061104138140,omid:br/061702054980
oci:061104138140-0690480874,omid:br/061104138140,omid:br/0690480874
oci:061104138140-061502051568,omid:br/061104138140,omid:br/061502051568
oci:061104138140-061901353998,omid:br/061104138140,omid:br/061901353998
oci:061104138140-0690480965,omid:br/061104138140,omid:br/0690480965
oci:06904136445-06130220980,omid:br/06904136445,omid:br/06130220980
oci:06904136445-0640922416,omid:br/06904136445,omid:br/0640922416
oci:06904136445-061202041190,omid:br/06904136445,omid:br/061202041190
oci:06904136445-06130221212,omid:br/06904136445,omid:br/06130221212
oci:06904136445-061302042729,omid:br/06904136445,omid:br/061302042729
oci:06904136445-061302041888,omid:br/06904136445,omid:br/061302041888
oci:06904136445-062201581496,omid:br/06904136445,omid:br/062201581496
oci:06904136445-06904136319,omid:br/06904136445,omid:br/06904136319
oci:06904136445-061204003831,omid:br/06904136445,omid:br/061204003831
oci:06904136445-061104137911,omid:br/06904136445,omid:br/061104137911
oci:06904136445-061104137891,omid:br/06904136445,omid:br/061104137891
oci:06904136435-061402027699,omid:br/06904136435,omid:br/061402027699
oci:06904136435-061602204499,omid:br/06904136435,omid:br/061602204499
oci:06904136435-061601755688,omid:br/06904136435,omid:br/061601755688
oci:06904136435-061102448649,omid:br/06904136435,omid:br/061102448649
oci:06904136435-061102448689,omid:br/06904136435,omid:br/061102448689
oci:061104137836-06180595310,omid:br/061104137836,omid:br/06180595310
oci:061104137836-061303726770,omid:br/061104137836,omid:br/061303726770
oci:061104137836-061103746825,omid:br/061104137836,omid:br/061103746825
oci:061104137836-062101274294,omid:br/061104137836,omid:br/062101274294
oci:061104137836-062604101782,omid:br/061104137836,omid:br/062604101782
oci:061104137836-062604101849,omid:br/061104137836,omid:br/062604101849
oci:061104137836-061202872386,omid:br/061104137836,omid:br/061202872386
oci:061104137836-062101274429,omid:br/061104137836,omid:br/062101274429
oci:06904136054-061103734074,omid:br/06904136054,omid:br/061103734074
oci:06904136054-061303979967,omid:br/06904136054,omid:br/061303979967
oci:06904136054-06220466668,omid:br/06904136054,omid:br/06220466668
oci:06904136054-0630264280,omid:br/06904136054,omid:br/0630264280
oci:06904136054-0604845839,omid:br/06904136054,omid:br/0604845839
oci:061104137852-0604845833,omid:br/061104137852,omid:br/0604845833
oci:061104137852-06102787633,omid:br/061104137852,omid:br/06102787633
oci:061104137852-062101274422,omid:br/061104137852,omid:br/062101274422
oci:061104137852-062501476663,omid:br/061104137852,omid:br/062501476663
oci:06904136180-061204003841,omid:br/06904136180,omid:br/061204003841
oci:06904136530-062103276415,omid:br/06904136530,omid:br/062103276415
oci:06904136530-061203684760,omid:br/06904136530,omid:br/061203684760
oci:06904136530-06520261675,omid:br/06904136530,omid:br/06520261675
oci:06904136530-0610414469,omid:br/06904136530,omid:br/0610414469
oci:06904136530-06110347647,omid:br/06904136530,omid:br/06110347647
oci:06904136530-06220334255,omid:br/06904136530,omid:br/06220334255
oci:06904136530-062202414800,omid:br/06904136530,omid:br/062202414800
oci:06904136468-0690740159,omid:br/06904136468,omid:br/0690740159
oci:06904136468-0660920961,omid:br/06904136468,omid:br/0660920961
oci:06904136468-0680733983,omid:br/06904136468,omid:br/0680733983
oci:06904136468-0660920722,omid:br/06904136468,omid:br/0660920722
oci:06904136468-06904136104,omid:br/06904136468,omid:br/06904136104
oci:061204003835-06150350678,omid:br/061204003835,omid:br/06150350678
oci:061204003835-0628069476,omid:br/061204003835,omid:br/0628069476
oci:061204003835-062302218919,omid:br/061204003835,omid:br/062302218919
oci:061204003835-061103070011,omid:br/061204003835,omid:br/061103070011
oci:061204003835-06704108610,omid:br/061204003835,omid:br/06704108610
oci:061204003835-06204058948,omid:br/061204003835,omid:br/06204058948
oci:061204003835-0620486328,omid:br/061204003835,omid:br/0620486328
oci:061204003835-0604845825,omid:br/061204003835,omid:br/0604845825
oci:06904136096-0670728264,omid:br/06904136096,omid:br/0670728264
oci:06904136096-06260421700,omid:br/06904136096,omid:br/06260421700
oci:06904136096-0610414845,omid:br/06904136096,omid:br/0610414845
oci:06904136096-06230477403,omid:br/06904136096,omid:br/06230477403
oci:06904136096-06220466870,omid:br/06904136096,omid:br/06220466870
oci:06904136096-06220466972,omid:br/06904136096,omid:br/06220466972
oci:06904136096-061502051648,omid:br/06904136096,omid:br/061502051648
oci:06904136096-06260422498,omid:br/06904136096,omid:br/06260422498
oci:06904136096-0610414720,omid:br/06904136096,omid:br/0610414720
oci:06904136096-0610414264,omid:br/06904136096,omid:br/0610414264
oci:06904136096-0620405725,omid:br/06904136096,omid:br/0620405725
oci:061104137850-061702859054,omid:br/061104137850,omid:br/061702859054
oci:061204003832-061104138158,omid:br/061204003832,omid:br/061104138158
oci:06904136518-0670728467,omid:br/06904136518,omid:br/0670728467
oci:06904136518-0690740633,omid:br/06904136518,omid:br/0690740633
oci:06904136518-0690740196,omid:br/06904136518,omid:br/0690740196
oci:06904136518-0670728134,omid:br/06904136518,omid:br/0670728134
oci:06904136518-06904136186,omid:br/06904136518,omid:br/06904136186
oci:06904136518-061104138078,omid:br/06904136518,omid:br/061104138078
oci:061104138152-06180699074,omid:br/061104138152,omid:br/06180699074
oci:061104138152-0690740113,omid:br/061104138152,omid:br/0690740113
oci:061104138152-06403498333,omid:br/061104138152,omid:br/06403498333
oci:061104138152-0680734200,omid:br/061104138152,omid:br/0680734200
oci:061104138152-0690740181,omid:br/061104138152,omid:br/0690740181
oci:061104138152-0660921064,omid:br/061104138152,omid:br/0660921064
oci:061104138152-06120724295,omid:br/061104138152,omid:br/06120724295
oci:061104138152-06904136304,omid:br/061104138152,omid:br/06904136304
oci:061104138169-0610263989,omid:br/061104138169,omid:br/0610263989
oci:061104138169-0680734110,omid:br/061104138169,omid:br/0680734110
oci:061104138169-0680734204,omid:br/061104138169,omid:br/0680734204
oci:061104138169-0610264226,omid:br/061104138169,omid:br/0610264226
oci:06904136522-062403690070,omid:br/06904136522,omid:br/062403690070
oci:06904136522-0690480672,omid:br/06904136522,omid:br/0690480672
oci:06904136522-061602861734,omid:br/06904136522,omid:br/061602861734
oci:06904136522-061602861258,omid:br/06904136522,omid:br/061602861258
oci:06904136160-06201509759,omid:br/06904136160,omid:br/06201509759
oci:06904136160-0660921006,omid:br/06904136160,omid:br/0660921006
oci:06904136160-061601549027,omid:br/06904136160,omid:br/061601549027
oci:06904136160-061101127040,omid:br/06904136160,omid:br/061101127040
oci:06904136160-06501135857,omid:br/06904136160,omid:br/06501135857
oci:06904136160-0627051480,omid:br/06904136160,omid:br/0627051480
oci:06904136450-0660920969,omid:br/06904136450,omid:br/0660920969
oci:06904136450-06904136165,omid:br/06904136450,omid:br/06904136165
oci:061104137793-06210969496,omid:br/061104137793,omid:br/06210969496
oci:061104137793-061104137773,omid:br/061104137793,omid:br/061104137773
oci:061104137793-0604409876,omid:br/061104137793,omid:br/0604409876
oci:061104137793-061702859023,omid:br/061104137793,omid:br/061702859023
oci:06904136044-06904136529,omid:br/06904136044,omid:br/06904136529
oci:06904136044-061104138071,omid:br/06904136044,omid:br/061104138071
oci:06904136044-061104138017,omid:br/06904136044,omid:br/061104138017
oci:06904136044-0680692010,omid:br/06904136044,omid:br/0680692010
oci:06904136044-0680691977,omid:br/06904136044,omid:br/0680691977
oci:06904136044-06904136526,omid:br/06904136044,omid:br/06904136526
oci:06904136044-0680691957,omid:br/06904136044,omid:br/0680691957
oci:061204003828-061302041939,omid:br/061204003828,omid:br/061302041939
oci:061204003828-061402027686,omid:br/061204003828,omid:br/061402027686
oci:061204003828-062201581413,omid:br/061204003828,omid:br/062201581413
oci:061204003828-062201581172,omid:br/061204003828,omid:br/062201581172
oci:061204003828-061901353810,omid:br/061204003828,omid:br/061901353810
oci:06804426578-06904136077,omid:br/06804426578,omid:br/06904136077
oci:06804426578-061104137773,omid:br/06804426578,omid:br/061104137773
oci:06804426578-062101274422,omid:br/06804426578,omid:br/062101274422
oci:06904136030-062302244691,omid:br/06904136030,omid:br/062302244691
oci:06904136030-061801455458,omid:br/06904136030,omid:br/061801455458
oci:06904136030-061104190017,omid:br/06904136030,omid:br/061104190017
oci:06904136030-0604245453,omid:br/06904136030,omid:br/0604245453
oci:06904136030-06120436992,omid:br/06904136030,omid:br/06120436992
oci:06904136030-061903302366,omid:br/06904136030,omid:br/061903302366
oci:06904136030-0650159262,omid:br/06904136030,omid:br/0650159262
oci:06904136177-0690740120,omid:br/06904136177,omid:br/0690740120
oci:061104138134-0631027279,omid:br/061104138134,omid:br/0631027279
oci:061104138134-061903867374,omid:br/061104138134,omid:br/061903867374
oci:061104138134-061801077160,omid:br/061104138134,omid:br/061801077160
oci:061104138134-061103088606,omid:br/061104138134,omid:br/061103088606
oci:061104138134-0610415074,omid:br/061104138134,omid:br/0610415074
oci:061104138134-0690480817,omid:br/061104138134,omid:br/0690480817
oci:061104138134-06260422242,omid:br/061104138134,omid:br/06260422242
oci:061104138134-062403689831,omid:br/061104138134,omid:br/062403689831
oci:061104138134-06801220352,omid:br/061104138134,omid:br/06801220352
oci:061104138134-0610414829,omid:br/061104138134,omid:br/0610414829
oci:061104138134-06110477541,omid:br/061104138134,omid:br/06110477541
oci:061104138134-062302675408,omid:br/061104138134,omid:br/062302675408
oci:061104138134-0680478776,omid:br/061104138134,omid:br/0680478776
oci:061104138134-0680478821,omid:br/061104138134,omid:br/0680478821
oci:061104138134-0680733832,omid:br/061104138134,omid:br/0680733832
oci:061104138134-0610414692,omid:br/061104138134,omid:br/0610414692
oci:061104138134-061902195949,omid:br/061104138134,omid:br/061902195949
oci:061104138134-061402027514,omid:br/061104138134,omid:br/061402027514
oci:061104138134-0610493698,omid:br/061104138134,omid:br/0610493698
oci:061104138134-061103632920,omid:br/061104138134,omid:br/061103632920
oci:061104138134-061302042445,omid:br/061104138134,omid:br/061302042445
oci:061104138134-06403498516,omid:br/061104138134,omid:br/06403498516
oci:061104138134-061602061586,omid:br/061104138134,omid:br/061602061586
oci:061104138134-062503673253,omid:br/061104138134,omid:br/062503673253
oci:061104138134-06240465028,omid:br/061104138134,omid:br/06240465028
oci:061104138134-06502520216,omid:br/061104138134,omid:br/06502520216
oci:061104138134-061402028193,omid:br/061104138134,omid:br/061402028193
oci:061104138134-06801220262,omid:br/061104138134,omid:br/06801220262
oci:061104138134-062502759530,omid:br/061104138134,omid:br/062502759530
oci:061104138134-061402028298,omid:br/061104138134,omid:br/061402028298
oci:061104138134-061302042537,omid:br/061104138134,omid:br/061302042537
oci:061104138134-061402027599,omid:br/061104138134,omid:br/061402027599
oci:061104138134-061702055322,omid:br/061104138134,omid:br/061702055322
oci:061104138134-061702055226,omid:br/061104138134,omid:br/061702055226
oci:061104138134-0620356546,omid:br/061104138134,omid:br/0620356546
oci:061104138129-06310223778,omid:br/061104138129,omid:br/06310223778
oci:061104138129-06460300818,omid:br/061104138129,omid:br/06460300818
oci:061104138129-06460300905,omid:br/061104138129,omid:br/06460300905
oci:061104138129-06904136337,omid:br/061104138129,omid:br/06904136337
oci:061204003827-06190353843,omid:br/061204003827,omid:br/06190353843
oci:061104138171-06904136322,omid:br/061104138171,omid:br/06904136322
oci:061104138171-06904136355,omid:br/061104138171,omid:br/06904136355
oci:061104138171-061204003837,omid:br/061104138171,omid:br/061204003837
oci:06904136444-061204003827,omid:br/06904136444,omid:br/061204003827
oci:06904136444-06904136165,omid:br/06904136444,omid:br/06904136165
oci:06904136444-06904136281,omid:br/06904136444,omid:br/06904136281
oci:06904136496-061702055033,omid:br/06904136496,omid:br/061702055033
oci:06904136496-061702055049,omid:br/06904136496,omid:br/061702055049
oci:06904136496-0680733999,omid:br/06904136496,omid:br/0680733999
oci:06904136496-061402027686,omid:br/06904136496,omid:br/061402027686
oci:06904136496-0604050698,omid:br/06904136496,omid:br/0604050698
oci:06904136496-061202041195,omid:br/06904136496,omid:br/061202041195
oci:06904136496-06403498132,omid:br/06904136496,omid:br/06403498132
oci:06904136496-06503504312,omid:br/06904136496,omid:br/06503504312
oci:06904136496-06150843216,omid:br/06904136496,omid:br/06150843216
oci:06904136496-06303498652,omid:br/06904136496,omid:br/06303498652
oci:06904136496-061901353845,omid:br/06904136496,omid:br/061901353845
oci:06904136496-06904136771,omid:br/06904136496,omid:br/06904136771
oci:06904136496-06904136747,omid:br/06904136496,omid:br/06904136747
oci:061104138133-061803663665,omid:br/061104138133,omid:br/061803663665
oci:061104138133-061104138065,omid:br/061104138133,omid:br/061104138065
oci:061104138133-06904136321,omid:br/061104138133,omid:br/06904136321
oci:06904136152-0640938357,omid:br/06904136152,omid:br/0640938357
oci:06904136152-0640937850,omid:br/06904136152,omid:br/0640937850
oci:06904136152-0660936246,omid:br/06904136152,omid:br/0660936246
oci:06904136152-0650940683,omid:br/06904136152,omid:br/0650940683
oci:06904136152-0650941374,omid:br/06904136152,omid:br/0650941374
oci:06904136152-06420346431,omid:br/06904136152,omid:br/06420346431
oci:06904136152-0680733583,omid:br/06904136152,omid:br/0680733583
oci:06904136152-06260421753,omid:br/06904136152,omid:br/06260421753
oci:06904136152-06403498738,omid:br/06904136152,omid:br/06403498738
oci:06904136152-0610346469,omid:br/06904136152,omid:br/0610346469
oci:06904136004-0604291592,omid:br/06904136004,omid:br/0604291592
oci:06904136004-06380204968,omid:br/06904136004,omid:br/06380204968
oci:06904136004-061104137920,omid:br/06904136004,omid:br/061104137920
oci:06904136004-0680691821,omid:br/06904136004,omid:br/0680691821
oci:06904136004-0680692013,omid:br/06904136004,omid:br/0680692013
oci:061204003830-06904136301,omid:br/061204003830,omid:br/06904136301
oci:061204003830-061104138158,omid:br/061204003830,omid:br/061104138158
oci:061204003830-06904136336,omid:br/061204003830,omid:br/06904136336
oci:061204003830-06904136291,omid:br/061204003830,omid:br/06904136291
oci:06904136506-06250530774,omid:br/06904136506,omid:br/06250530774
oci:06904136506-062302417622,omid:br/06904136506,omid:br/062302417622
oci:06904136506-062102416473,omid:br/06904136506,omid:br/062102416473
oci:06904136506-061902425183,omid:br/06904136506,omid:br/061902425183
oci:06904136506-061601853766,omid:br/06904136506,omid:br/061601853766
oci:06904136506-062302417982,omid:br/06904136506,omid:br/062302417982
oci:061104138154-06904136332,omid:br/061104138154,omid:br/06904136332
oci:06904136492-06190353843,omid:br/06904136492,omid:br/06190353843
oci:06904136492-06303498539,omid:br/06904136492,omid:br/06303498539
oci:06904136492-06904137532,omid:br/06904136492,omid:br/06904137532
oci:06904136112-0629053477,omid:br/06904136112,omid:br/0629053477
oci:06904136112-06904136094,omid:br/06904136112,omid:br/06904136094
oci:061204003817-06804090700,omid:br/061204003817,omid:br/06804090700
oci:061204003817-0610906042,omid:br/061204003817,omid:br/0610906042
oci:061204003817-0610905767,omid:br/061204003817,omid:br/0610905767
oci:061204003817-0670354327,omid:br/061204003817,omid:br/0670354327
oci:061204003817-061602055975,omid:br/061204003817,omid:br/061602055975
oci:061204003817-06803112039,omid:br/061204003817,omid:br/06803112039
oci:061204003817-06410234233,omid:br/061204003817,omid:br/06410234233
oci:061204003817-061702232007,omid:br/061204003817,omid:br/061702232007
oci:06904136024-0610414448,omid:br/06904136024,omid:br/0610414448
oci:06904136024-06904136437,omid:br/06904136024,omid:br/06904136437
oci:06904136024-061104138162,omid:br/06904136024,omid:br/061104138162
oci:06904136440-06250530774,omid:br/06904136440,omid:br/06250530774
oci:06904136440-061201125389,omid:br/06904136440,omid:br/061201125389
oci:06904136440-061402857307,omid:br/06904136440,omid:br/061402857307
oci:06904136440-062102416473,omid:br/06904136440,omid:br/062102416473
oci:06904136440-062302417622,omid:br/06904136440,omid:br/062302417622
oci:06904136440-061902425183,omid:br/06904136440,omid:br/061902425183
oci:06904136440-062302417982,omid:br/06904136440,omid:br/062302417982
oci:061104138161-0680691924,omid:br/061104138161,omid:br/0680691924
oci:06904136442-061104137545,omid:br/06904136442,omid:br/061104137545
oci:06904136442-06904136337,omid:br/06904136442,omid:br/06904136337
oci:06904136442-06904136313,omid:br/06904136442,omid:br/06904136313
oci:06904136442-06904136527,omid:br/06904136442,omid:br/06904136527
oci:061204003843-0670728451,omid:br/061204003843,omid:br/0670728451
oci:061204003843-0660920853,omid:br/061204003843,omid:br/0660920853
oci:061204003843-0680734055,omid:br/061204003843,omid:br/0680734055
oci:061204003843-06904136283,omid:br/061204003843,omid:br/06904136283
oci:06904136103-06703989785,omid:br/06904136103,omid:br/06703989785
oci:06904136103-062303103803,omid:br/06904136103,omid:br/062303103803
oci:06904136103-0610414987,omid:br/06904136103,omid:br/0610414987
oci:06904136103-0615074425,omid:br/06904136103,omid:br/0615074425
oci:06904136103-0610414293,omid:br/06904136103,omid:br/0610414293
oci:06904136103-06260422270,omid:br/06904136103,omid:br/06260422270
oci:06904136103-0615074521,omid:br/06904136103,omid:br/0615074521
oci:06904136103-06220466669,omid:br/06904136103,omid:br/06220466669
oci:06904136103-06901149016,omid:br/06904136103,omid:br/06901149016
oci:06904136103-06420346426,omid:br/06904136103,omid:br/06420346426
oci:06904136103-0680478937,omid:br/06904136103,omid:br/0680478937
oci:06904136103-0604845796,omid:br/06904136103,omid:br/0604845796
oci:06904136018-0604245446,omid:br/06904136018,omid:br/0604245446
oci:06904136018-061103632992,omid:br/06904136018,omid:br/061103632992
oci:06904136018-0604245448,omid:br/06904136018,omid:br/0604245448
oci:06904136018-0604245449,omid:br/06904136018,omid:br/0604245449
oci:06904136018-061702055359,omid:br/06904136018,omid:br/061702055359
oci:06904136018-061602062364,omid:br/06904136018,omid:br/061602062364
oci:06904136271-061104176686,omid:br/06904136271,omid:br/061104176686
oci:06904136271-0610414788,omid:br/06904136271,omid:br/0610414788
oci:06904136271-061701620730,omid:br/06904136271,omid:br/061701620730
oci:06904136271-0630825838,omid:br/06904136271,omid:br/0630825838
oci:06904136271-06260422235,omid:br/06904136271,omid:br/06260422235
oci:06904136271-06110477193,omid:br/06904136271,omid:br/06110477193
oci:06904136271-06260422374,omid:br/06904136271,omid:br/06260422374
oci:06904136271-06260422246,omid:br/06904136271,omid:br/06260422246
oci:06904136271-0604845807,omid:br/06904136271,omid:br/0604845807
oci:06904136271-061104138078,omid:br/06904136271,omid:br/061104138078
oci:06904136271-0604845799,omid:br/06904136271,omid:br/0604845799
oci:06904136271-061602861518,omid:br/06904136271,omid:br/061602861518
oci:06904136271-061602861348,omid:br/06904136271,omid:br/061602861348
oci:06904136486-062302417622,omid:br/06904136486,omid:br/062302417622
oci:061204003824-0660994200,omid:br/061204003824,omid:br/0660994200
oci:061204003824-0670985832,omid:br/061204003824,omid:br/0670985832
oci:061204003824-0680992303,omid:br/061204003824,omid:br/0680992303
oci:061204003824-06330278012,omid:br/061204003824,omid:br/06330278012
oci:061204003824-06904136338,omid:br/061204003824,omid:br/06904136338
oci:06904136071-0604245459,omid:br/06904136071,omid:br/0604245459
oci:06904136071-0620405951,omid:br/06904136071,omid:br/0620405951
oci:06904136071-0690740095,omid:br/06904136071,omid:br/0690740095
oci:06904136071-0690740510,omid:br/06904136071,omid:br/0690740510
oci:06904136071-0604291668,omid:br/06904136071,omid:br/0604291668
oci:06904136071-06904136481,omid:br/06904136071,omid:br/06904136481
oci:06904136500-06904136289,omid:br/06904136500,omid:br/06904136289
oci:06904136500-06904136178,omid:br/06904136500,omid:br/06904136178
oci:06904136311-06140350558,omid:br/06904136311,omid:br/06140350558
oci:06904136311-062201581795,omid:br/06904136311,omid:br/062201581795
oci:06904136311-061302042155,omid:br/06904136311,omid:br/061302042155
oci:06904136311-061701539266,omid:br/06904136311,omid:br/061701539266
oci:06904136311-062101582584,omid:br/06904136311,omid:br/062101582584
oci:06904136311-06102162415,omid:br/06904136311,omid:br/06102162415
oci:06904136311-061703955225,omid:br/06904136311,omid:br/061703955225
oci:06904136106-0630319938,omid:br/06904136106,omid:br/0630319938
oci:06904136106-0660267833,omid:br/06904136106,omid:br/0660267833
oci:06904136106-06904136140,omid:br/06904136106,omid:br/06904136140
oci:06904136073-0660920930,omid:br/06904136073,omid:br/0660920930
oci:06904136073-061104138056,omid:br/06904136073,omid:br/061104138056
oci:06904136073-06904136314,omid:br/06904136073,omid:br/06904136314
oci:06904136073-061104138152,omid:br/06904136073,omid:br/061104138152
oci:06904136455-06190841785,omid:br/06904136455,omid:br/06190841785
oci:06904136455-06904136186,omid:br/06904136455,omid:br/06904136186
oci:061204003851-061104138160,omid:br/061204003851,omid:br/061104138160
oci:061204003851-06904136312,omid:br/061204003851,omid:br/06904136312
oci:061204003851-06904136284,omid:br/061204003851,omid:br/06904136284
oci:061204003851-061104137478,omid:br/061204003851,omid:br/061104137478
oci:06904136067-0680734438,omid:br/06904136067,omid:br/0680734438
oci:06904136067-0604245458,omid:br/06904136067,omid:br/0604245458
oci:06904136067-0690740260,omid:br/06904136067,omid:br/0690740260
oci:06904136493-061602861612,omid:br/06904136493,omid:br/061602861612
oci:06904136119-06904136168,omid:br/06904136119,omid:br/06904136168
oci:06904136443-06503503740,omid:br/06904136443,omid:br/06503503740
oci:06904136443-0680734403,omid:br/06904136443,omid:br/0680734403
oci:06904136443-0680734024,omid:br/06904136443,omid:br/0680734024
oci:061104138145-0660920870,omid:br/061104138145,omid:br/0660920870
oci:061104138145-0670728273,omid:br/061104138145,omid:br/0670728273
oci:061104138145-06904136305,omid:br/061104138145,omid:br/06904136305
oci:06904136437-0610414448,omid:br/06904136437,omid:br/0610414448
oci:06904136437-061602861268,omid:br/06904136437,omid:br/061602861268
oci:06904136437-0604845831,omid:br/06904136437,omid:br/0604845831
oci:06904136437-061204003839,omid:br/06904136437,omid:br/061204003839
oci:06904136437-061602861743,omid:br/06904136437,omid:br/061602861743
oci:06904136437-061602861624,omid:br/06904136437,omid:br/061602861624
oci:061403568262-06110733989,omid:br/061403568262,omid:br/06110733989
oci:061403568262-06703210643,omid:br/061403568262,omid:br/06703210643
oci:06904136105-06904136168,omid:br/06904136105,omid:br/06904136168
oci:06904136105-06904136354,omid:br/06904136105,omid:br/06904136354
oci:061104138170-06101122295,omid:br/061104138170,omid:br/06101122295
oci:061104138170-061302041888,omid:br/061104138170,omid:br/061302041888
oci:061104138170-06503503847,omid:br/061104138170,omid:br/06503503847
oci:06904136320-061202041190,omid:br/06904136320,omid:br/061202041190
oci:06904136320-0680734282,omid:br/06904136320,omid:br/0680734282
oci:06904136320-06904136744,omid:br/06904136320,omid:br/06904136744
oci:06904136026-0611095154,omid:br/06904136026,omid:br/0611095154
oci:06904136026-06602795874,omid:br/06904136026,omid:br/06602795874
oci:06904136026-0690536339,omid:br/06904136026,omid:br/0690536339
oci:06904136026-061103736454,omid:br/06904136026,omid:br/061103736454
oci:06904136026-0611095657,omid:br/06904136026,omid:br/0611095657
oci:061104137857-06904136342,omid:br/061104137857,omid:br/06904136342
oci:061104137857-06904136496,omid:br/061104137857,omid:br/06904136496
oci:061104137857-061104138003,omid:br/061104137857,omid:br/061104138003
oci:061104137857-06604530458,omid:br/061104137857,omid:br/06604530458
oci:061104137857-06704508756,omid:br/061104137857,omid:br/06704508756
oci:06904136514-06190353843,omid:br/06904136514,omid:br/06190353843
oci:06904136514-06303498539,omid:br/06904136514,omid:br/06303498539
oci:06904136514-06704508839,omid:br/06904136514,omid:br/06704508839
oci:06904136514-061302042196,omid:br/06904136514,omid:br/061302042196
oci:06904136514-061602061888,omid:br/06904136514,omid:br/061602061888
oci:06904136514-06904137532,omid:br/06904136514,omid:br/06904137532
oci:06904136514-06904136444,omid:br/06904136514,omid:br/06904136444
oci:061204003844-061204003815,omid:br/061204003844,omid:br/061204003815
oci:061204003844-06904136286,omid:br/061204003844,omid:br/06904136286
oci:06904136319-061402027687,omid:br/06904136319,omid:br/061402027687
oci:06904136319-06130220980,omid:br/06904136319,omid:br/06130220980
oci:06904136319-06904136304,omid:br/06904136319,omid:br/06904136304
oci:06904136319-06904136363,omid:br/06904136319,omid:br/06904136363
oci:06904136507-06904136167,omid:br/06904136507,omid:br/06904136167
oci:06904136507-061602861615,omid:br/06904136507,omid:br/061602861615
oci:06904136135-06203437103,omid:br/06904136135,omid:br/06203437103
oci:06904136135-061104138129,omid:br/06904136135,omid:br/061104138129
oci:06904136135-06904136294,omid:br/06904136135,omid:br/06904136294
oci:06904136135-06904136337,omid:br/06904136135,omid:br/06904136337
oci:06904136135-061104138148,omid:br/06904136135,omid:br/061104138148
oci:06904136078-0604245461,omid:br/06904136078,omid:br/0604245461
oci:06904136078-06301016958,omid:br/06904136078,omid:br/06301016958
oci:06904136078-06801020192,omid:br/06904136078,omid:br/06801020192
oci:06904136078-06801020208,omid:br/06904136078,omid:br/06801020208
oci:06904136078-06904136267,omid:br/06904136078,omid:br/06904136267
oci:06904136078-061104137979,omid:br/06904136078,omid:br/061104137979
oci:06904136078-0680692019,omid:br/06904136078,omid:br/0680692019
oci:06904136491-061503643868,omid:br/06904136491,omid:br/061503643868
oci:06904136491-061103088495,omid:br/06904136491,omid:br/061103088495
oci:06904136491-0670728264,omid:br/06904136491,omid:br/0670728264
oci:06904136491-06250405092,omid:br/06904136491,omid:br/06250405092
oci:06904136491-0610414621,omid:br/06904136491,omid:br/0610414621
oci:06904136491-0680733775,omid:br/06904136491,omid:br/0680733775
oci:06904136491-0620406224,omid:br/06904136491,omid:br/0620406224
oci:06904136491-0680733751,omid:br/06904136491,omid:br/0680733751
oci:06904136491-06801062927,omid:br/06904136491,omid:br/06801062927
oci:06904136491-061104138157,omid:br/06904136491,omid:br/061104138157
oci:061204003816-061104137998,omid:br/061204003816,omid:br/061104137998
oci:061104137777-061704056086,omid:br/061104137777,omid:br/061704056086
oci:061104137777-062101274422,omid:br/061104137777,omid:br/062101274422
oci:061104137777-061704056145,omid:br/061104137777,omid:br/061704056145
oci:061204003829-061402027753,omid:br/061204003829,omid:br/061402027753
oci:061204003829-06260422486,omid:br/061204003829,omid:br/06260422486
oci:061204003829-06250404968,omid:br/061204003829,omid:br/06250404968
oci:061204003829-0610414262,omid:br/061204003829,omid:br/0610414262
oci:06504007560-061801456100,omid:br/06504007560,omid:br/061801456100
oci:06504007560-0690740471,omid:br/06504007560,omid:br/0690740471
oci:06504007560-06101496799,omid:br/06504007560,omid:br/06101496799
oci:06504007560-062201296621,omid:br/06504007560,omid:br/062201296621
oci:06504007560-06904136518,omid:br/06504007560,omid:br/06904136518
oci:06504007560-06904136186,omid:br/06504007560,omid:br/06904136186
oci:061104137794-06804426579,omid:br/061104137794,omid:br/06804426579
oci:061104137794-06290222198,omid:br/061104137794,omid:br/06290222198
oci:061104137794-06102787615,omid:br/061104137794,omid:br/06102787615
oci:06904136183-0670728699,omid:br/06904136183,omid:br/0670728699
oci:06904136183-0680733926,omid:br/06904136183,omid:br/0680733926
oci:06904136183-06904136104,omid:br/06904136183,omid:br/06904136104
oci:06904136183-061204003821,omid:br/06904136183,omid:br/061204003821
oci:06904136183-06904136314,omid:br/06904136183,omid:br/06904136314
oci:06904136183-06904136280,omid:br/06904136183,omid:br/06904136280
oci:06904136183-061104138076,omid:br/06904136183,omid:br/061104138076
oci:06904136183-06904136186,omid:br/06904136183,omid:br/06904136186
oci:06904136183-06904136146,omid:br/06904136183,omid:br/06904136146
oci:061104137848-0604845834,omid:br/061104137848,omid:br/0604845834
oci:061104137848-062101153162,omid:br/061104137848,omid:br/062101153162
oci:061104137848-061104138121,omid:br/061104137848,omid:br/061104138121
oci:061104137848-06360325890,omid:br/061104137848,omid:br/06360325890
oci:061104137848-0604050701,omid:br/061104137848,omid:br/0604050701
oci:061104137848-06604530839,omid:br/061104137848,omid:br/06604530839
oci:06904136448-06403498476,omid:br/06904136448,omid:br/06403498476
oci:06904136448-06503503746,omid:br/06904136448,omid:br/06503503746
oci:06904136448-061502051640,omid:br/06904136448,omid:br/061502051640
oci:06904136448-061703954725,omid:br/06904136448,omid:br/061703954725
oci:06904136463-06904136455,omid:br/06904136463,omid:br/06904136455
oci:061204003849-06804478337,omid:br/061204003849,omid:br/06804478337
oci:061204003849-062101582652,omid:br/061204003849,omid:br/062101582652
oci:061204003849-061602062133,omid:br/061204003849,omid:br/061602062133
oci:06703985315-061204003839,omid:br/06703985315,omid:br/061204003839
oci:06904136347-062101582785,omid:br/06904136347,omid:br/062101582785
oci:06904136347-062201581776,omid:br/06904136347,omid:br/062201581776
oci:06904136007-0670728273,omid:br/06904136007,omid:br/0670728273
oci:06904136007-06210473355,omid:br/06904136007,omid:br/06210473355
oci:06904136441-06904136125,omid:br/06904136441,omid:br/06904136125
oci:06904136123-0660920717,omid:br/06904136123,omid:br/0660920717
oci:06904136123-0690740181,omid:br/06904136123,omid:br/0690740181
oci:06904136123-0690740159,omid:br/06904136123,omid:br/0690740159
oci:06904136123-0660920716,omid:br/06904136123,omid:br/0660920716
oci:06904136123-06250405092,omid:br/06904136123,omid:br/06250405092
oci:06904136123-0640922419,omid:br/06904136123,omid:br/0640922419
oci:06904136123-0670728814,omid:br/06904136123,omid:br/0670728814
oci:06904136123-0680734406,omid:br/06904136123,omid:br/0680734406
oci:06904136123-0680734227,omid:br/06904136123,omid:br/0680734227
oci:06904136123-061903708861,omid:br/06904136123,omid:br/061903708861
oci:06904136123-06904136157,omid:br/06904136123,omid:br/06904136157
oci:06904136286-0680734062,omid:br/06904136286,omid:br/0680734062
oci:06904136286-0670728468,omid:br/06904136286,omid:br/0670728468
oci:06904136184-0680734200,omid:br/06904136184,omid:br/0680734200
oci:06904136184-0690740181,omid:br/06904136184,omid:br/0690740181
oci:06904136184-0690740159,omid:br/06904136184,omid:br/0690740159
oci:06904136184-0670728122,omid:br/06904136184,omid:br/0670728122
oci:06904136184-0690740216,omid:br/06904136184,omid:br/0690740216
oci:06904136184-0660920717,omid:br/06904136184,omid:br/0660920717
oci:06904136184-061104138162,omid:br/06904136184,omid:br/061104138162
oci:06904136184-06904136104,omid:br/06904136184,omid:br/06904136104
oci:06904136446-06502249617,omid:br/06904136446,omid:br/06502249617
oci:06904136446-06502250194,omid:br/06904136446,omid:br/06502250194
oci:06904136446-061903615440,omid:br/06904136446,omid:br/061903615440
oci:06904136446-06801427552,omid:br/06904136446,omid:br/06801427552
oci:06904136446-06510222855,omid:br/06904136446,omid:br/06510222855
oci:06904136446-06603494163,omid:br/06904136446,omid:br/06603494163
oci:06904136446-062201581353,omid:br/06904136446,omid:br/062201581353
oci:06904136464-06904136163,omid:br/06904136464,omid:br/06904136163
oci:06904136464-061104138163,omid:br/06904136464,omid:br/061104138163
oci:06904136464-06904136305,omid:br/06904136464,omid:br/06904136305
oci:061204003834-061402027687,omid:br/061204003834,omid:br/061402027687
oci:061204003834-0660920756,omid:br/061204003834,omid:br/0660920756
oci:061204003834-062804832,omid:br/061204003834,omid:br/062804832
oci:061204003834-061204003856,omid:br/061204003834,omid:br/061204003856
oci:06904136147-0680733961,omid:br/06904136147,omid:br/0680733961
oci:06904136147-0680734508,omid:br/06904136147,omid:br/0680734508
oci:06904136147-0680734499,omid:br/06904136147,omid:br/0680734499
oci:06904136147-0690740135,omid:br/06904136147,omid:br/0690740135
oci:06904136147-0690740247,omid:br/06904136147,omid:br/0690740247
oci:06904136147-0680734024,omid:br/06904136147,omid:br/0680734024
oci:06904136147-0690740039,omid:br/06904136147,omid:br/0690740039
oci:06904136147-06250404994,omid:br/06904136147,omid:br/06250404994
oci:06904136147-06250404966,omid:br/06904136147,omid:br/06250404966
oci:06904136147-062601502666,omid:br/06904136147,omid:br/062601502666
oci:06904136147-06904136157,omid:br/06904136147,omid:br/06904136157
oci:06904136147-06904136124,omid:br/06904136147,omid:br/06904136124
oci:06904136147-06904136123,omid:br/06904136147,omid:br/06904136123
oci:06904136147-06904136275,omid:br/06904136147,omid:br/06904136275
oci:06904136147-062302848654,omid:br/06904136147,omid:br/062302848654
oci:061204003838-061903669360,omid:br/061204003838,omid:br/061903669360
oci:061204003838-0620918213,omid:br/061204003838,omid:br/0620918213
oci:061204003838-06904136348,omid:br/061204003838,omid:br/06904136348
oci:061204003838-061104138043,omid:br/061204003838,omid:br/061104138043
oci:061204003838-06604340204,omid:br/061204003838,omid:br/06604340204
oci:061204003838-061801455333,omid:br/061204003838,omid:br/061801455333
oci:061903598248-06803998300,omid:br/061903598248,omid:br/06803998300
oci:061903598248-0604409918,omid:br/061903598248,omid:br/0604409918
oci:061903598248-06904136303,omid:br/061903598248,omid:br/06904136303
oci:061903598248-061602861798,omid:br/061903598248,omid:br/061602861798
oci:061903598248-061701629504,omid:br/061903598248,omid:br/061701629504
oci:061903598248-061701629090,omid:br/061903598248,omid:br/061701629090
oci:061903598248-062501476548,omid:br/061903598248,omid:br/062501476548
oci:061903598248-062101274396,omid:br/061903598248,omid:br/062101274396
oci:06904136310-062302244691,omid:br/06904136310,omid:br/062302244691
oci:06904136310-0670728572,omid:br/06904136310,omid:br/0670728572
oci:06904136310-062201581369,omid:br/06904136310,omid:br/062201581369
oci:06904136497-061501351452,omid:br/06904136497,omid:br/061501351452
oci:06904136497-061504287792,omid:br/06904136497,omid:br/061504287792
oci:06904136497-0690480262,omid:br/06904136497,omid:br/0690480262
oci:06904136497-0610414262,omid:br/06904136497,omid:br/0610414262
oci:06904136480-061302042177,omid:br/06904136480,omid:br/061302042177
oci:06904136480-0620406066,omid:br/06904136480,omid:br/0620406066
oci:06904136480-061501613312,omid:br/06904136480,omid:br/061501613312
oci:06904136480-06510222861,omid:br/06904136480,omid:br/06510222861
oci:06904136512-06190353843,omid:br/06904136512,omid:br/06190353843
oci:06904136512-06303498539,omid:br/06904136512,omid:br/06303498539
oci:06904136512-06904136492,omid:br/06904136512,omid:br/06904136492
oci:06904136512-06904136514,omid:br/06904136512,omid:br/06904136514
oci:061104137834-06210838774,omid:br/061104137834,omid:br/06210838774
oci:061104137834-061802393126,omid:br/061104137834,omid:br/061802393126
oci:061104137834-0610363307,omid:br/061104137834,omid:br/0610363307
oci:061104137834-061203062801,omid:br/061104137834,omid:br/061203062801
oci:061104137834-06703206072,omid:br/061104137834,omid:br/06703206072
oci:061104137834-061704056033,omid:br/061104137834,omid:br/061704056033
oci:061104137834-06403069869,omid:br/061104137834,omid:br/06403069869
oci:06904136185-061103088546,omid:br/06904136185,omid:br/061103088546
oci:06904136185-06204116090,omid:br/06904136185,omid:br/06204116090
oci:06904136185-06402434061,omid:br/06904136185,omid:br/06402434061
oci:06904136185-0620251296,omid:br/06904136185,omid:br/0620251296
oci:06904136185-062101342994,omid:br/06904136185,omid:br/062101342994
oci:06904136185-06301348473,omid:br/06904136185,omid:br/06301348473
oci:06904136185-062079332,omid:br/06904136185,omid:br/062079332
oci:06904136185-0640353332,omid:br/06904136185,omid:br/0640353332
oci:06904136185-061103512672,omid:br/06904136185,omid:br/061103512672
oci:06904136185-061103641412,omid:br/06904136185,omid:br/061103641412
oci:06904136185-061103637581,omid:br/06904136185,omid:br/061103637581
oci:06904136185-06150244912,omid:br/06904136185,omid:br/06150244912
oci:06904136185-06402434352,omid:br/06904136185,omid:br/06402434352
oci:06904136185-06170336129,omid:br/06904136185,omid:br/06170336129
oci:06904136081-061702859118,omid:br/06904136081,omid:br/061702859118
oci:06904136081-0620405712,omid:br/06904136081,omid:br/0620405712
oci:06904136165-06130220976,omid:br/06904136165,omid:br/06130220976
oci:06904136165-0640172198,omid:br/06904136165,omid:br/0640172198
oci:06904136165-062201581764,omid:br/06904136165,omid:br/062201581764
oci:06904136114-061602062284,omid:br/06904136114,omid:br/061602062284
oci:06904136114-0620356546,omid:br/06904136114,omid:br/0620356546
oci:06904136114-061901353567,omid:br/06904136114,omid:br/061901353567
oci:06904136114-061901593580,omid:br/06904136114,omid:br/061901593580
oci:06904136114-061703735407,omid:br/06904136114,omid:br/061703735407
oci:06904136114-06150992965,omid:br/06904136114,omid:br/06150992965
oci:06904136114-0680734154,omid:br/06904136114,omid:br/0680734154
oci:06904136114-06904136137,omid:br/06904136114,omid:br/06904136137
oci:06904136017-0670728733,omid:br/06904136017,omid:br/0670728733
oci:06904136017-061402027686,omid:br/06904136017,omid:br/061402027686
oci:06904136281-061602061765,omid:br/06904136281,omid:br/061602061765
oci:06904136281-061502051081,omid:br/06904136281,omid:br/061502051081
oci:06904136281-06303498275,omid:br/06904136281,omid:br/06303498275
oci:06904136281-061302042718,omid:br/06904136281,omid:br/061302042718
oci:06904136281-061901353918,omid:br/06904136281,omid:br/061901353918
oci:06904136281-061502051519,omid:br/06904136281,omid:br/061502051519
oci:06904136281-061702055026,omid:br/06904136281,omid:br/061702055026
oci:06904136467-06260422235,omid:br/06904136467,omid:br/06260422235
oci:06904136467-0610414568,omid:br/06904136467,omid:br/0610414568
oci:06904136467-06260421983,omid:br/06904136467,omid:br/06260421983
oci:06904136467-0620406064,omid:br/06904136467,omid:br/0620406064
oci:06904136467-06410258455,omid:br/06904136467,omid:br/06410258455
oci:06904136467-0610414645,omid:br/06904136467,omid:br/0610414645
oci:06904136467-06250243074,omid:br/06904136467,omid:br/06250243074
oci:06904136467-061703775313,omid:br/06904136467,omid:br/061703775313
oci:06904136467-061602861248,omid:br/06904136467,omid:br/061602861248
oci:06904136467-061602861708,omid:br/06904136467,omid:br/061602861708
oci:06904136013-0670728273,omid:br/06904136013,omid:br/0670728273
oci:06904136013-06210473355,omid:br/06904136013,omid:br/06210473355
oci:06904136013-06904136455,omid:br/06904136013,omid:br/06904136455
oci:06904136484-0604074189,omid:br/06904136484,omid:br/0604074189
oci:06904136484-0604320118,omid:br/06904136484,omid:br/0604320118
oci:06904136484-06520225832,omid:br/06904136484,omid:br/06520225832
oci:06904136484-06104013802,omid:br/06904136484,omid:br/06104013802
oci:06904136158-0610363190,omid:br/06904136158,omid:br/0610363190
oci:06904136158-061503635998,omid:br/06904136158,omid:br/061503635998
oci:06904136158-0670952200,omid:br/06904136158,omid:br/0670952200
oci:06904136158-064704511,omid:br/06904136158,omid:br/064704511
oci:06904136158-06303494323,omid:br/06904136158,omid:br/06303494323
oci:06904136158-062202671593,omid:br/06904136158,omid:br/062202671593
oci:06904136158-06504079202,omid:br/06904136158,omid:br/06504079202
oci:06904136158-06170231089,omid:br/06904136158,omid:br/06170231089
oci:06904136158-061701899052,omid:br/06904136158,omid:br/061701899052
oci:06904136158-0630487386,omid:br/06904136158,omid:br/0630487386
oci:06904136158-062401596298,omid:br/06904136158,omid:br/062401596298
oci:06904136158-06404104732,omid:br/06904136158,omid:br/06404104732
oci:06904136158-06170844486,omid:br/06904136158,omid:br/06170844486
oci:06904136158-06903129126,omid:br/06904136158,omid:br/06903129126
oci:06904136158-06120831065,omid:br/06904136158,omid:br/06120831065
oci:06904136158-0620105822,omid:br/06904136158,omid:br/0620105822
oci:06904136158-0630861148,omid:br/06904136158,omid:br/0630861148
oci:06904136158-06140478678,omid:br/06904136158,omid:br/06140478678
oci:06904136158-06120351036,omid:br/06904136158,omid:br/06120351036
oci:06904136158-062603077269,omid:br/06904136158,omid:br/062603077269
oci:06904136158-062503009396,omid:br/06904136158,omid:br/062503009396
oci:06904136158-06180919394,omid:br/06904136158,omid:br/06180919394
oci:06904136158-06420346434,omid:br/06904136158,omid:br/06420346434
oci:06904136158-06404069681,omid:br/06904136158,omid:br/06404069681
oci:06904136158-06420346435,omid:br/06904136158,omid:br/06420346435
oci:06904136158-0690896389,omid:br/06904136158,omid:br/0690896389
oci:06904136158-0610823817,omid:br/06904136158,omid:br/0610823817
oci:06904136158-06150106164,omid:br/06904136158,omid:br/06150106164
oci:06904136158-06260608051,omid:br/06904136158,omid:br/06260608051
oci:06904136158-062401792079,omid:br/06904136158,omid:br/062401792079
oci:06904136158-06150992998,omid:br/06904136158,omid:br/06150992998
oci:06904136158-06260684448,omid:br/06904136158,omid:br/06260684448
oci:06904136158-061901020809,omid:br/06904136158,omid:br/061901020809
oci:06904136158-062502667597,omid:br/06904136158,omid:br/062502667597
oci:06904136158-0620787747,omid:br/06904136158,omid:br/0620787747
oci:06904136158-061204003820,omid:br/06904136158,omid:br/061204003820
oci:061104137841-061104137770,omid:br/061104137841,omid:br/061104137770
oci:061104137841-061103911328,omid:br/061104137841,omid:br/061103911328
oci:06904136181-06904136305,omid:br/06904136181,omid:br/06904136305
oci:06904136181-06904136286,omid:br/06904136181,omid:br/06904136286
oci:06904136181-061104138158,omid:br/06904136181,omid:br/061104138158
oci:06904136181-06904136340,omid:br/06904136181,omid:br/06904136340
oci:06904136069-062403690070,omid:br/06904136069,omid:br/062403690070
oci:06904136069-06803286053,omid:br/06904136069,omid:br/06803286053
oci:06904136515-06904136332,omid:br/06904136515,omid:br/06904136332
oci:06904136515-06104013802,omid:br/06904136515,omid:br/06104013802
oci:06904136515-06904136184,omid:br/06904136515,omid:br/06904136184
oci:06904136515-06904136437,omid:br/06904136515,omid:br/06904136437
oci:061104137778-061104138126,omid:br/061104137778,omid:br/061104138126
oci:061104137778-06604531064,omid:br/061104137778,omid:br/06604531064
oci:06904136490-061204003813,omid:br/06904136490,omid:br/061204003813
oci:06904136321-061502051025,omid:br/06904136321,omid:br/061502051025
oci:06904136321-061104138065,omid:br/06904136321,omid:br/061104138065
oci:06904136161-063602908,omid:br/06904136161,omid:br/063602908
oci:06904136161-0690480672,omid:br/06904136161,omid:br/0690480672
oci:06904136161-061302042177,omid:br/06904136161,omid:br/061302042177
oci:06904136161-061602062336,omid:br/06904136161,omid:br/061602062336
oci:06904136161-0690480684,omid:br/06904136161,omid:br/0690480684
oci:06904136161-0615072758,omid:br/06904136161,omid:br/0615072758
oci:06904136161-061402027982,omid:br/06904136161,omid:br/061402027982
oci:06904136161-061302041863,omid:br/06904136161,omid:br/061302041863
oci:06904136161-06403498113,omid:br/06904136161,omid:br/06403498113
oci:06904136161-0680691883,omid:br/06904136161,omid:br/0680691883
oci:06904136487-0648027329,omid:br/06904136487,omid:br/0648027329
oci:06904136487-061601629768,omid:br/06904136487,omid:br/061601629768
oci:06904136487-06101562616,omid:br/06904136487,omid:br/06101562616
oci:06904136487-061701629533,omid:br/06904136487,omid:br/061701629533
oci:06904136487-06904136141,omid:br/06904136487,omid:br/06904136141
oci:06904136508-064402688,omid:br/06904136508,omid:br/064402688
oci:06904136508-06403498333,omid:br/06904136508,omid:br/06403498333
oci:06904136508-06701018198,omid:br/06904136508,omid:br/06701018198
oci:06904136508-0680692024,omid:br/06904136508,omid:br/0680692024
oci:061104137835-06140810980,omid:br/061104137835,omid:br/06140810980
oci:061104137835-06190738355,omid:br/061104137835,omid:br/06190738355
oci:061104137835-0620582661,omid:br/061104137835,omid:br/0620582661
oci:06904136314-061501705288,omid:br/06904136314,omid:br/061501705288
oci:06904136314-06403498499,omid:br/06904136314,omid:br/06403498499
oci:06904136314-0680733926,omid:br/06904136314,omid:br/0680733926
oci:06904136314-0680734194,omid:br/06904136314,omid:br/0680734194
oci:06904136314-06904136280,omid:br/06904136314,omid:br/06904136280
oci:06904136438-06104013802,omid:br/06904136438,omid:br/06104013802
oci:06904136438-061204003821,omid:br/06904136438,omid:br/061204003821
oci:061204003814-06370261788,omid:br/061204003814,omid:br/06370261788
oci:061204003814-06370261777,omid:br/061204003814,omid:br/06370261777
oci:061204003814-06370261841,omid:br/061204003814,omid:br/06370261841
oci:06904136116-0670728273,omid:br/06904136116,omid:br/0670728273
oci:06904136116-0670728201,omid:br/06904136116,omid:br/0670728201
oci:06904136116-06904136303,omid:br/06904136116,omid:br/06904136303
oci:06904136116-061104138145,omid:br/06904136116,omid:br/061104138145
oci:06904136116-061403563970,omid:br/06904136116,omid:br/061403563970
oci:06904136116-06904136352,omid:br/06904136116,omid:br/06904136352
oci:06904136116-06904136173,omid:br/06904136116,omid:br/06904136173
oci:06904136460-0680734200,omid:br/06904136460,omid:br/0680734200
oci:06904136460-0690740181,omid:br/06904136460,omid:br/0690740181
oci:06904136460-0690740159,omid:br/06904136460,omid:br/0690740159
oci:06904136460-0670728122,omid:br/06904136460,omid:br/0670728122
oci:06904136460-06220467375,omid:br/06904136460,omid:br/06220467375
oci:06904136460-06904136184,omid:br/06904136460,omid:br/06904136184
oci:06904136460-06904136104,omid:br/06904136460,omid:br/06904136104
oci:06904136460-061104138162,omid:br/06904136460,omid:br/061104138162
oci:06904136482-0690740546,omid:br/06904136482,omid:br/0690740546
oci:06904136482-06904136493,omid:br/06904136482,omid:br/06904136493
oci:061104138142-0610506914,omid:br/061104138142,omid:br/0610506914
oci:06904136485-061503643868,omid:br/06904136485,omid:br/061503643868
oci:06904136485-061103088495,omid:br/06904136485,omid:br/061103088495
oci:06904136485-0670728264,omid:br/06904136485,omid:br/0670728264
oci:06904136485-06510222863,omid:br/06904136485,omid:br/06510222863
oci:06904136485-06904136491,omid:br/06904136485,omid:br/06904136491
oci:06604002033-0680733740,omid:br/06604002033,omid:br/0680733740
oci:06604002033-06260421913,omid:br/06604002033,omid:br/06260421913
oci:06604002033-0610414448,omid:br/06604002033,omid:br/0610414448
oci:06604002033-0680734084,omid:br/06604002033,omid:br/0680734084
oci:06604002033-0680733715,omid:br/06604002033,omid:br/0680733715
oci:06604002033-0670728710,omid:br/06604002033,omid:br/0670728710
oci:06604002033-061502051037,omid:br/06604002033,omid:br/061502051037
oci:06604002033-06904136290,omid:br/06604002033,omid:br/06904136290
oci:06604002033-0680691924,omid:br/06604002033,omid:br/0680691924
oci:061104137800-0670353306,omid:br/061104137800,omid:br/0670353306
oci:061104137800-06501370891,omid:br/061104137800,omid:br/06501370891
oci:061104137800-0604845835,omid:br/061104137800,omid:br/0604845835
oci:061104137800-061802872743,omid:br/061104137800,omid:br/061802872743
oci:06904136494-0640822110,omid:br/06904136494,omid:br/0640822110
oci:06904136494-0630169167,omid:br/06904136494,omid:br/0630169167
oci:06904136494-0630169349,omid:br/06904136494,omid:br/0630169349
oci:06904136494-0680733773,omid:br/06904136494,omid:br/0680733773
oci:06904136494-06904136773,omid:br/06904136494,omid:br/06904136773
oci:06904136494-061801456266,omid:br/06904136494,omid:br/061801456266
oci:06904136466-0680411598,omid:br/06904136466,omid:br/0680411598
oci:06904136466-0620406061,omid:br/06904136466,omid:br/0620406061
oci:06904136466-061602861653,omid:br/06904136466,omid:br/061602861653
oci:06904136466-06804288288,omid:br/06904136466,omid:br/06804288288
oci:06904136466-0680692041,omid:br/06904136466,omid:br/0680692041
oci:06904136466-061104137531,omid:br/06904136466,omid:br/061104137531
oci:06904136466-0680691848,omid:br/06904136466,omid:br/0680691848
oci:06904136499-061303599053,omid:br/06904136499,omid:br/061303599053
oci:06904136499-061601546829,omid:br/06904136499,omid:br/061601546829
oci:06904136499-0640532693,omid:br/06904136499,omid:br/0640532693
oci:06904136499-061104138039,omid:br/06904136499,omid:br/061104138039
oci:06904136499-061104138168,omid:br/06904136499,omid:br/061104138168
oci:061204003812-0690740137,omid:br/061204003812,omid:br/0690740137
oci:061204003812-0680733571,omid:br/061204003812,omid:br/0680733571
oci:061204003812-0610414704,omid:br/061204003812,omid:br/0610414704
oci:061204003812-06904136267,omid:br/061204003812,omid:br/06904136267
oci:061204003812-061602861156,omid:br/061204003812,omid:br/061602861156
oci:06904136456-0670728393,omid:br/06904136456,omid:br/0670728393
oci:061104137855-0604280310,omid:br/061104137855,omid:br/0604280310
oci:061104137855-0604280277,omid:br/061104137855,omid:br/0604280277
oci:061104137855-06904136053,omid:br/061104137855,omid:br/06904136053
oci:061104137855-0604409898,omid:br/061104137855,omid:br/0604409898
oci:061104137855-0604409855,omid:br/061104137855,omid:br/0604409855
oci:06904136524-062201581419,omid:br/06904136524,omid:br/062201581419
oci:06904136524-0670728836,omid:br/06904136524,omid:br/0670728836
oci:06904136524-0610415004,omid:br/06904136524,omid:br/0610415004
oci:06904136524-06904136346,omid:br/06904136524,omid:br/06904136346
oci:06904136452-0670728376,omid:br/06904136452,omid:br/0670728376
oci:06904136452-0630169373,omid:br/06904136452,omid:br/0630169373
oci:06904136452-0640172242,omid:br/06904136452,omid:br/0640172242
oci:06904136452-062101582026,omid:br/06904136452,omid:br/062101582026
oci:06904136452-0630169543,omid:br/06904136452,omid:br/0630169543
oci:06904136452-06904136266,omid:br/06904136452,omid:br/06904136266
oci:061104138164-0680734031,omid:br/061104138164,omid:br/0680734031
oci:061104138164-0680734382,omid:br/061104138164,omid:br/0680734382
oci:061104138164-0660920853,omid:br/061104138164,omid:br/0660920853
oci:061104138164-0660920860,omid:br/061104138164,omid:br/0660920860
oci:061104138164-06120724126,omid:br/061104138164,omid:br/06120724126
oci:061104138164-062201581545,omid:br/061104138164,omid:br/062201581545
oci:061104138164-0680733989,omid:br/061104138164,omid:br/0680733989
oci:061104138164-06904136283,omid:br/061104138164,omid:br/06904136283
oci:06904136436-06260947814,omid:br/06904136436,omid:br/06260947814
oci:06904136436-061103088495,omid:br/06904136436,omid:br/061103088495
oci:06904136436-061901121247,omid:br/06904136436,omid:br/061901121247
oci:06904136436-061103619129,omid:br/06904136436,omid:br/061103619129
oci:06904136436-062501618947,omid:br/06904136436,omid:br/062501618947
oci:06904136436-0690273616,omid:br/06904136436,omid:br/0690273616
oci:06904136436-0610415025,omid:br/06904136436,omid:br/0610415025
oci:06904136436-0610414230,omid:br/06904136436,omid:br/0610414230
oci:06904136436-06220466832,omid:br/06904136436,omid:br/06220466832
oci:06904136436-06230477384,omid:br/06904136436,omid:br/06230477384
oci:06904136436-062302042210,omid:br/06904136436,omid:br/062302042210
oci:06904136527-061104137545,omid:br/06904136527,omid:br/061104137545
oci:06904136527-06904136337,omid:br/06904136527,omid:br/06904136337
oci:06904136527-06904136313,omid:br/06904136527,omid:br/06904136313
oci:06904136510-0690740546,omid:br/06904136510,omid:br/0690740546
oci:06904136510-061801586548,omid:br/06904136510,omid:br/061801586548
oci:06904136510-0604291654,omid:br/06904136510,omid:br/0604291654
oci:06904136510-0690740584,omid:br/06904136510,omid:br/0690740584
oci:061104137807-061801455829,omid:br/061104137807,omid:br/061801455829
oci:061104137807-061104137824,omid:br/061104137807,omid:br/061104137824
oci:06904136000-061801455451,omid:br/06904136000,omid:br/061801455451
oci:06904136000-06904136156,omid:br/06904136000,omid:br/06904136156
oci:06904136000-0680691849,omid:br/06904136000,omid:br/0680691849
oci:06904136000-0680691937,omid:br/06904136000,omid:br/0680691937
oci:06904136528-0660920756,omid:br/06904136528,omid:br/0660920756
oci:06904136528-061901353658,omid:br/06904136528,omid:br/061901353658
oci:06904136520-06904136348,omid:br/06904136520,omid:br/06904136348
oci:06904136520-061204003838,omid:br/06904136520,omid:br/061204003838
oci:06904136520-061801456170,omid:br/06904136520,omid:br/061801456170
oci:06904136520-061104138043,omid:br/06904136520,omid:br/061104138043
oci:061104138138-0680734090,omid:br/061104138138,omid:br/0680734090
oci:061104138138-0604845808,omid:br/061104138138,omid:br/0604845808
oci:061104138138-061104137998,omid:br/061104138138,omid:br/061104137998
oci:06904136470-0604291603,omid:br/06904136470,omid:br/0604291603
oci:06904136470-061403091411,omid:br/06904136470,omid:br/061403091411
oci:06904136470-061801220714,omid:br/06904136470,omid:br/061801220714
oci:06904136470-06604141967,omid:br/06904136470,omid:br/06604141967
oci:06904136470-06904136104,omid:br/06904136470,omid:br/06904136104
oci:061104137825-0604409913,omid:br/061104137825,omid:br/0604409913
oci:06904136471-0604845809,omid:br/06904136471,omid:br/0604845809
oci:06904136471-0650925760,omid:br/06904136471,omid:br/0650925760
oci:06904136471-06704562823,omid:br/06904136471,omid:br/06704562823
oci:06904136471-0604291602,omid:br/06904136471,omid:br/0604291602
oci:06904136471-06380204549,omid:br/06904136471,omid:br/06380204549
oci:06904136471-06904136296,omid:br/06904136471,omid:br/06904136296
oci:06904136471-061104137567,omid:br/06904136471,omid:br/061104137567
oci:061104138168-0610776825,omid:br/061104138168,omid:br/0610776825
oci:061104138168-061101366504,omid:br/061104138168,omid:br/061101366504
oci:061104138168-061104138039,omid:br/061104138168,omid:br/061104138039
oci:06904136509-062403690070,omid:br/06904136509,omid:br/062403690070
oci:06904136509-0690480672,omid:br/06904136509,omid:br/0690480672
oci:06904136509-061602861258,omid:br/06904136509,omid:br/061602861258
oci:06904136509-061602861734,omid:br/06904136509,omid:br/061602861734
oci:06904136509-061602861233,omid:br/06904136509,omid:br/061602861233
oci:061104138139-06260421700,omid:br/061104138139,omid:br/06260421700
oci:061104138139-0610414262,omid:br/061104138139,omid:br/0610414262
oci:061104138139-06260422486,omid:br/061104138139,omid:br/06260422486
oci:061204003840-06904136329,omid:br/061204003840,omid:br/06904136329
oci:061204003840-06904136281,omid:br/061204003840,omid:br/06904136281
oci:06904136523-061601089574,omid:br/06904136523,omid:br/061601089574
oci:06904136523-06250404992,omid:br/06904136523,omid:br/06250404992
oci:06904136523-06230477403,omid:br/06904136523,omid:br/06230477403
oci:06904136523-06230477366,omid:br/06904136523,omid:br/06230477366
oci:06904136523-06110477464,omid:br/06904136523,omid:br/06110477464
oci:06904136523-061901354073,omid:br/06904136523,omid:br/061901354073
oci:06904136523-061104138039,omid:br/06904136523,omid:br/061104138039
oci:06904136523-061104138168,omid:br/06904136523,omid:br/061104138168
oci:06904136523-06904136499,omid:br/06904136523,omid:br/06904136499
oci:06904136523-061204003825,omid:br/06904136523,omid:br/061204003825
oci:06904136523-061602861335,omid:br/06904136523,omid:br/061602861335
oci:06904136517-0690480672,omid:br/06904136517,omid:br/0690480672
oci:06904136517-062403690070,omid:br/06904136517,omid:br/062403690070
oci:06904136517-061602861258,omid:br/06904136517,omid:br/061602861258
oci:06904136517-061602861734,omid:br/06904136517,omid:br/061602861734
oci:06904136505-06504542397,omid:br/06904136505,omid:br/06504542397
oci:06904136505-06804532866,omid:br/06904136505,omid:br/06804532866
oci:06904136505-06604530858,omid:br/06904136505,omid:br/06604530858
oci:06904136505-06504542649,omid:br/06904136505,omid:br/06504542649
oci:06904136505-06504542379,omid:br/06904136505,omid:br/06504542379
oci:06304000011-06180391295,omid:br/06304000011,omid:br/06180391295
oci:06304000011-06903117692,omid:br/06304000011,omid:br/06903117692
oci:06304000011-06180391260,omid:br/06304000011,omid:br/06180391260
oci:06304000011-06180391297,omid:br/06304000011,omid:br/06180391297
oci:06304000011-06403516380,omid:br/06304000011,omid:br/06403516380
oci:06304000011-06150564798,omid:br/06304000011,omid:br/06150564798
oci:06304000011-0650618215,omid:br/06304000011,omid:br/0650618215
oci:06304000011-0680734499,omid:br/06304000011,omid:br/0680734499
oci:06304000011-0680733961,omid:br/06304000011,omid:br/0680733961
oci:06304000011-0690740039,omid:br/06304000011,omid:br/0690740039
oci:06304000011-0690740135,omid:br/06304000011,omid:br/0690740135
oci:06304000011-0680734508,omid:br/06304000011,omid:br/0680734508
oci:06304000011-0690740095,omid:br/06304000011,omid:br/0690740095
oci:06304000011-0610414919,omid:br/06304000011,omid:br/0610414919
oci:06304000011-0690740192,omid:br/06304000011,omid:br/0690740192
oci:06304000011-061602186455,omid:br/06304000011,omid:br/061602186455
oci:06304000011-06901449895,omid:br/06304000011,omid:br/06901449895
oci:06304000011-061802718137,omid:br/06304000011,omid:br/061802718137
oci:06304000011-0680734229,omid:br/06304000011,omid:br/0680734229
oci:06304000011-0680734174,omid:br/06304000011,omid:br/0680734174
oci:06304000011-0610414788,omid:br/06304000011,omid:br/0610414788
oci:06304000011-061104138080,omid:br/06304000011,omid:br/061104138080
oci:06304000011-06904136275,omid:br/06304000011,omid:br/06904136275
oci:06304000011-06904136303,omid:br/06304000011,omid:br/06904136303
oci:06304000011-06904136339,omid:br/06304000011,omid:br/06904136339
oci:06304000011-06904136354,omid:br/06304000011,omid:br/06904136354
oci:061104138144-06260421677,omid:br/061104138144,omid:br/06260421677
oci:061104138144-0610414262,omid:br/061104138144,omid:br/0610414262
oci:061104138144-06260422486,omid:br/061104138144,omid:br/06260422486
oci:061204003847-06190323848,omid:br/061204003847,omid:br/06190323848
oci:061204003847-0670728777,omid:br/061204003847,omid:br/0670728777
oci:061204003847-0680734235,omid:br/061204003847,omid:br/0680734235
oci:061104138149-061103088541,omid:br/061104138149,omid:br/061103088541
oci:061104138149-0604845816,omid:br/061104138149,omid:br/0604845816
oci:061104138136-0690740137,omid:br/061104138136,omid:br/0690740137
oci:061104138136-0680733571,omid:br/061104138136,omid:br/0680733571
oci:061104138136-061204003812,omid:br/061104138136,omid:br/061204003812
oci:061104138136-06904136267,omid:br/061104138136,omid:br/06904136267
oci:061204003856-0650925794,omid:br/061204003856,omid:br/0650925794
oci:0680691819-0680691987,omid:br/0680691819,omid:br/0680691987
