id,citing,cited,creation,timespan,journal_sc,author_sc
oci:06390259287-06802574598,omid:br/06390259287,omid:br/06802574598,2006,P5Y,no,no
oci:06390259287-0680738666,omid:br/06390259287,omid:br/0680738666,2006,P2Y,no,no
oci:06390259287-0630461691,omid:br/06390259287,omid:br/0630461691,2006,P17Y,no,no
oci:06390259287-0640269346,omid:br/06390259287,omid:br/0640269346,2006,P5Y,no,no
oci:06390259287-0630461688,omid:br/06390259287,omid:br/0630461688,2006,P17Y,no,no
oci:06390259287-0670270425,omid:br/06390259287,omid:br/0670270425,2006,P5Y,no,no
oci:06390259287-062503899227,omid:br/06390259287,omid:br/062503899227,2006,,no,no
oci:06390259287-062504086265,omid:br/06390259287,omid:br/062504086265,2006,P8Y,yes,no
oci:06420250949-061304016722,omid:br/06420250949,omid:br/061304016722,2000,P2Y,no,no
oci:06420250949-06190871482,omid:br/06420250949,omid:br/06190871482,2000,P23Y,no,no
oci:06450251303-06201572605,omid:br/06450251303,omid:br/06201572605,2007,P13Y,no,no
oci:06450251303-06210146527,omid:br/06450251303,omid:br/06210146527,2007,P3Y,no,no
oci:06450251303-0620262337,omid:br/06450251303,omid:br/0620262337,2007,P2Y,no,no
oci:06450251303-062102037539,omid:br/06450251303,omid:br/062102037539,2007,P16Y,no,no
oci:06450251303-062601566882,omid:br/06450251303,omid:br/062601566882,2007,P4Y,no,no
oci:06450251303-06480249690,omid:br/06450251303,omid:br/06480249690,2007,P1Y,yes,no
oci:06440247305-06130907404,omid:br/06440247305,omid:br/06130907404,2000,P3Y,no,no
oci:06440247305-0641038775,omid:br/06440247305,omid:br/0641038775,2000,P10Y,no,no
oci:06440247305-06130907205,omid:br/06440247305,omid:br/06130907205,2000,P3Y,no,no
oci:06440247305-061202874026,omid:br/06440247305,omid:br/061202874026,2000,P4Y,no,no
oci:06490249208-06320242366,omid:br/06490249208,omid:br/06320242366,1999,P3Y,yes,no
oci:06340256758-06490249049,omid:br/06340256758,omid:br/06490249049,2009,P7Y,yes,no
oci:06340256758-061904059008,omid:br/06340256758,omid:br/061904059008,2009,P6Y,no,no
oci:06370260595-06520249810,omid:br/06370260595,omid:br/06520249810,2002,P5Y,yes,no
oci:06470247805-06303494352,omid:br/06470247805,omid:br/06303494352,2002,P7Y,no,no
oci:06470247805-06230354709,omid:br/06470247805,omid:br/06230354709,2002,P2Y,no,no
oci:06470247805-062403735909,omid:br/06470247805,omid:br/062403735909,2002,P5Y,no,no
oci:06470247805-061601579325,omid:br/06470247805,omid:br/061601579325,2002,P6Y,no,no
oci:06470247805-06103933089,omid:br/06470247805,omid:br/06103933089,2002,P3Y,no,no
oci:06470247805-06250481902,omid:br/06470247805,omid:br/06250481902,2002,P6Y,no,no
oci:06470247805-061803053583,omid:br/06470247805,omid:br/061803053583,2002,P8Y,no,no
oci:06470247805-06504076480,omid:br/06470247805,omid:br/06504076480,2002,P6Y,no,no
oci:06470247805-061603509750,omid:br/06470247805,omid:br/061603509750,2002,P2Y,no,no
oci:06470247805-061203495726,omid:br/06470247805,omid:br/061203495726,2002,P1Y,no,no
oci:06450250554-061804138430,omid:br/06450250554,omid:br/061804138430,2001,P2Y,no,no
oci:06450250554-06401507882,omid:br/06450250554,omid:br/06401507882,2001,P6Y,no,no
oci:06450250554-06501512393,omid:br/06450250554,omid:br/06501512393,2001,P4Y,no,no
oci:06450250554-06520249808,omid:br/06450250554,omid:br/06520249808,2001,P4Y,yes,no
oci:06510262050-06301131991,omid:br/06510262050,omid:br/06301131991,2001,P23Y,no,no
oci:06510262050-06370260666,omid:br/06510262050,omid:br/06370260666,2001,P7Y,yes,no
oci:06320242227-06420207812,omid:br/06320242227,omid:br/06420207812,1997,P10Y,no,no
oci:06320242227-06330256535,omid:br/06320242227,omid:br/06330256535,1997,P1Y,yes,no
oci:06520249810-0648040411,omid:br/06520249810,omid:br/0648040411,1997,P3Y,no,no
oci:06520249810-0651039416,omid:br/06520249810,omid:br/0651039416,1997,P1Y,no,no
oci:06450250594-06380218053,omid:br/06450250594,omid:br/06380218053,1999,P2Y,no,no
oci:06390259459-062103728390,omid:br/06390259459,omid:br/062103728390,2010,P15Y,no,no
oci:06430250000-06140726912,omid:br/06430250000,omid:br/06140726912,1996,P12Y,no,no
oci:06450250524-062403054387,omid:br/06450250524,omid:br/062403054387,2001,P19Y,no,no
oci:06450250524-0627034884,omid:br/06450250524,omid:br/0627034884,2001,P10Y,no,no
oci:06450250524-06430250336,omid:br/06450250524,omid:br/06430250336,2001,P7Y,yes,no
oci:06450250524-06280265214,omid:br/06450250524,omid:br/06280265214,2001,P15Y,yes,no
oci:06450250524-06420251730,omid:br/06450250524,omid:br/06420251730,2001,P4Y,yes,no
oci:06510261949-061502254840,omid:br/06510261949,omid:br/061502254840,1995,P9Y,no,no
oci:06510261949-06230960411,omid:br/06510261949,omid:br/06230960411,1995,P10Y,no,no
oci:06310247364-06480295793,omid:br/06310247364,omid:br/06480295793,2013,P9Y,no,no
oci:06360246287-06260280506,omid:br/06360246287,omid:br/06260280506,2005,P11Y,no,no
oci:06360246287-06190267376,omid:br/06360246287,omid:br/06190267376,2005,P22Y,no,no
oci:06340256224-06430250094,omid:br/06340256224,omid:br/06430250094,1995,P10Y,yes,no
oci:06410254431-06330257025,omid:br/06410254431,omid:br/06330257025,2010,P2Y,yes,no
oci:06410254431-06320242464,omid:br/06410254431,omid:br/06320242464,2010,P3Y,yes,no
oci:06490249264-061103322124,omid:br/06490249264,omid:br/061103322124,1999,P10Y,no,no
oci:06490249264-0604831512,omid:br/06490249264,omid:br/0604831512,1999,P2Y,no,no
oci:06420251668-061303477814,omid:br/06420251668,omid:br/061303477814,1997,P2Y,no,no
oci:06420251668-0640530173,omid:br/06420251668,omid:br/0640530173,1997,P9Y,no,no
oci:06420251668-0604170125,omid:br/06420251668,omid:br/0604170125,1997,P17Y,yes,no
oci:06420251668-06430250371,omid:br/06420251668,omid:br/06430250371,1997,P3Y,yes,no
oci:06420251668-06380250219,omid:br/06420251668,omid:br/06380250219,1997,P3Y,yes,no
oci:06410254400-062404145770,omid:br/06410254400,omid:br/062404145770,2010,P2Y,no,no
oci:06530257561-06120347354,omid:br/06530257561,omid:br/06120347354,2011,P5Y,no,no
oci:06530257561-062103511202,omid:br/06530257561,omid:br/062103511202,2011,P9Y,no,no
oci:06530257561-0670617730,omid:br/06530257561,omid:br/0670617730,2011,P5Y,no,no
oci:06530257561-06130482222,omid:br/06530257561,omid:br/06130482222,2011,P7Y,no,no
oci:0604083686-06440247102,omid:br/0604083686,omid:br/06440247102,1998,P1Y,yes,no
oci:0604222987-061602104003,omid:br/0604222987,omid:br/061602104003,2013,P1Y,no,no
oci:0604222987-061702096491,omid:br/0604222987,omid:br/061702096491,2013,P5Y,no,no
oci:0604222987-061702096327,omid:br/0604222987,omid:br/061702096327,2013,P2Y,no,no
oci:0604222987-06350251294,omid:br/0604222987,omid:br/06350251294,2013,P2Y,yes,no
oci:0604222987-06280265717,omid:br/0604222987,omid:br/06280265717,2013,P7Y,yes,no
oci:0604222987-06301799334,omid:br/0604222987,omid:br/06301799334,2013,P12Y,no,no
oci:06330256561-061602147147,omid:br/06330256561,omid:br/061602147147,1996,P11Y,no,no
oci:06330256561-06403158710,omid:br/06330256561,omid:br/06403158710,1996,P22Y,no,no
oci:06330256561-06902066964,omid:br/06330256561,omid:br/06902066964,1996,P14Y,no,no
oci:06330256561-061702053202,omid:br/06330256561,omid:br/061702053202,1996,P12Y,no,no
oci:06330256561-06420251000,omid:br/06330256561,omid:br/06420251000,1996,P5Y,yes,no
oci:06330256589-061801575653,omid:br/06330256589,omid:br/061801575653,2006,P9Y,no,no
oci:06330256589-06110924359,omid:br/06330256589,omid:br/06110924359,2006,P4Y,no,no
oci:06330256589-061801575485,omid:br/06330256589,omid:br/061801575485,2006,P5Y,no,no
oci:06330256589-0670923479,omid:br/06330256589,omid:br/0670923479,2006,P8Y,no,no
oci:06330256589-0680930697,omid:br/06330256589,omid:br/0680930697,2006,P2Y,no,no
oci:06330256589-061603299777,omid:br/06330256589,omid:br/061603299777,2006,P2Y,no,no
oci:06330256589-0610692194,omid:br/06330256589,omid:br/0610692194,2006,P23Y,no,no
oci:06330256589-061103297747,omid:br/06330256589,omid:br/061103297747,2006,P10Y,no,no
oci:06330256589-06280265528,omid:br/06330256589,omid:br/06280265528,2006,P4Y,yes,no
oci:06360246029-06350251502,omid:br/06360246029,omid:br/06350251502,2003,P4Y,yes,no
oci:06390259409-06420207812,omid:br/06390259409,omid:br/06420207812,2010,P23Y,no,no
oci:06390259409-061201049410,omid:br/06390259409,omid:br/061201049410,2010,P10Y,no,no
oci:06390259409-06502612647,omid:br/06390259409,omid:br/06502612647,2010,P1Y,no,no
oci:06390259409-06390258999,omid:br/06390259409,omid:br/06390258999,2010,P6Y,yes,no
oci:0604638744-06330201894,omid:br/0604638744,omid:br/06330201894,2002,P11Y,no,no
oci:0604638744-0603943503,omid:br/0604638744,omid:br/0603943503,2002,P10Y,no,no
oci:0604638744-0670819515,omid:br/0604638744,omid:br/0670819515,2002,P28Y,no,no
oci:0604638744-06430249957,omid:br/0604638744,omid:br/06430249957,2002,P21Y,yes,no
oci:0604638744-06410254178,omid:br/0604638744,omid:br/06410254178,2002,P4Y,yes,no
oci:06410254222-0604619408,omid:br/06410254222,omid:br/0604619408,1998,P1Y,no,no
oci:06410254222-06804496832,omid:br/06410254222,omid:br/06804496832,1998,P2Y,no,no
oci:06410254222-06430250127,omid:br/06410254222,omid:br/06430250127,1998,P13Y,yes,no
oci:06410254222-06490249113,omid:br/06410254222,omid:br/06490249113,1998,P15Y,yes,no
oci:06470247836-061703675179,omid:br/06470247836,omid:br/061703675179,2002,P8Y,no,no
oci:06470247836-06101623895,omid:br/06470247836,omid:br/06101623895,2002,P18Y,no,no
oci:06470247836-061703675181,omid:br/06470247836,omid:br/061703675181,2002,P8Y,no,no
oci:06280265528-061703674705,omid:br/06280265528,omid:br/061703674705,2002,P35Y,no,no
oci:06280265528-0610692194,omid:br/06280265528,omid:br/0610692194,2002,P19Y,no,no
oci:06280265528-06101496562,omid:br/06280265528,omid:br/06101496562,2002,P29Y,no,no
oci:06280265528-061703674797,omid:br/06280265528,omid:br/061703674797,2002,P19Y,no,no
oci:06390259440-061301574661,omid:br/06390259440,omid:br/061301574661,2010,P4Y,no,no
oci:06390259440-06270227687,omid:br/06390259440,omid:br/06270227687,2010,P7Y,no,no
oci:06390259440-062603132718,omid:br/06390259440,omid:br/062603132718,2010,P6Y,no,no
oci:06390259440-061703298179,omid:br/06390259440,omid:br/061703298179,2010,P11Y,no,no
oci:06390259440-062104032460,omid:br/06390259440,omid:br/062104032460,2010,P1Y,no,no
oci:06390259440-06320242415,omid:br/06390259440,omid:br/06320242415,2010,P14Y,yes,no
oci:06320242136-061804122826,omid:br/06320242136,omid:br/061804122826,1997,P12Y,no,no
oci:06320242136-061804122862,omid:br/06320242136,omid:br/061804122862,1997,P12Y,no,no
oci:06320242136-06440247547,omid:br/06320242136,omid:br/06440247547,1997,P11Y,yes,no
oci:06320242136-06440247597,omid:br/06320242136,omid:br/06440247597,1997,P11Y,yes,no
oci:06320242136-06440247614,omid:br/06320242136,omid:br/06440247614,1997,P11Y,yes,no
oci:06330256682-062503951893,omid:br/06330256682,omid:br/062503951893,2009,P6Y,no,no
oci:06330256682-06490248873,omid:br/06330256682,omid:br/06490248873,2009,P3Y,yes,no
oci:06430250049-06201609129,omid:br/06430250049,omid:br/06201609129,1996,P16Y,no,no
oci:06430250049-062403054387,omid:br/06430250049,omid:br/062403054387,1996,P14Y,no,no
oci:06350252142-06360245792,omid:br/06350252142,omid:br/06360245792,1997,P15Y,yes,no
oci:06350252142-06370260366,omid:br/06350252142,omid:br/06370260366,1997,P6Y,yes,no
oci:06510262129-06430250291,omid:br/06510262129,omid:br/06430250291,2001,P7Y,yes,no
oci:06510262129-06440247120,omid:br/06510262129,omid:br/06440247120,2001,P5Y,yes,no
oci:06420250929-06120965656,omid:br/06420250929,omid:br/06120965656,2000,P7Y,no,no
oci:06420250929-06120966317,omid:br/06420250929,omid:br/06120966317,2000,P12Y,no,no
oci:06420250929-06260995057,omid:br/06420250929,omid:br/06260995057,2000,P8Y,no,no
oci:06420250929-06250968163,omid:br/06420250929,omid:br/06250968163,2000,P10Y,no,no
oci:06420250929-06240946945,omid:br/06420250929,omid:br/06240946945,2000,P9Y,no,no
oci:06420250929-06250958712,omid:br/06420250929,omid:br/06250958712,2000,P14Y,no,no
oci:06420250929-06220973762,omid:br/06420250929,omid:br/06220973762,2000,P14Y,no,no
oci:06420250929-06110840059,omid:br/06420250929,omid:br/06110840059,2000,P12Y,no,no
oci:06420250929-061602186006,omid:br/06420250929,omid:br/061602186006,2000,P9Y,no,no
oci:06104522078-06350251805,omid:br/06104522078,omid:br/06350251805,2008,P4Y,yes,no
oci:06104522078-062503951893,omid:br/06104522078,omid:br/062503951893,2008,P5Y,no,no
oci:06104522078-061304016842,omid:br/06104522078,omid:br/061304016842,2008,P3Y,no,no
oci:06104522078-06420251730,omid:br/06104522078,omid:br/06420251730,2008,P11Y,yes,no
oci:06104522078-06520250173,omid:br/06104522078,omid:br/06520250173,2008,P3Y,yes,no
oci:06104522078-06330256786,omid:br/06104522078,omid:br/06330256786,2008,P3Y,yes,no
oci:06410254237-0640822386,omid:br/06410254237,omid:br/0640822386,1998,P2Y,no,no
oci:06410254237-06420251589,omid:br/06410254237,omid:br/06420251589,1998,P11Y,yes,no
oci:06420251187-062602649320,omid:br/06420251187,omid:br/062602649320,2012,P3Y,no,no
oci:06360246158-061204043035,omid:br/06360246158,omid:br/061204043035,2008,P3Y,no,no
oci:06360246158-06430250044,omid:br/06360246158,omid:br/06430250044,2008,P12Y,yes,no
oci:06360246158-06530258240,omid:br/06360246158,omid:br/06530258240,2008,P20Y,yes,no
oci:06510262000-06320216284,omid:br/06510262000,omid:br/06320216284,1995,P8Y,no,no
oci:06330256382-06202503123,omid:br/06330256382,omid:br/06202503123,2010,P9Y,no,no
oci:06330256382-061501674512,omid:br/06330256382,omid:br/061501674512,2010,P7Y,no,no
oci:06330256382-061501674409,omid:br/06330256382,omid:br/061501674409,2010,P5Y,no,no
oci:06330256382-061502129547,omid:br/06330256382,omid:br/061502129547,2010,P3Y,no,no
oci:06330256382-061801558516,omid:br/06330256382,omid:br/061801558516,2010,P4Y,no,no
oci:06330256382-06903631773,omid:br/06330256382,omid:br/06903631773,2010,P9Y,no,no
oci:06330256382-06210946443,omid:br/06330256382,omid:br/06210946443,2010,P16Y,no,no
oci:06330256382-0670953868,omid:br/06330256382,omid:br/0670953868,2010,P10Y,no,no
oci:06330256382-061501674211,omid:br/06330256382,omid:br/061501674211,2010,P4Y,no,no
oci:06330256382-062301866043,omid:br/06330256382,omid:br/062301866043,2010,P45Y,no,no
oci:06330256382-0670953757,omid:br/06330256382,omid:br/0670953757,2010,P10Y,no,no
oci:06330256382-06210946314,omid:br/06330256382,omid:br/06210946314,2010,P16Y,no,no
oci:06330256382-06210946402,omid:br/06330256382,omid:br/06210946402,2010,P16Y,no,no
oci:06330256382-061802428609,omid:br/06330256382,omid:br/061802428609,2010,P1Y,no,no
oci:06330257114-06390258835,omid:br/06330257114,omid:br/06390258835,2012,P7Y,yes,no
oci:06280265661-06350251517,omid:br/06280265661,omid:br/06350251517,2006,P7Y,yes,no
oci:06280265661-06410254230,omid:br/06280265661,omid:br/06410254230,2006,P8Y,yes,no
oci:062604105981-06310247699,omid:br/062604105981,omid:br/06310247699,2013,P2Y,yes,no
oci:06330256640-06520250097,omid:br/06330256640,omid:br/06520250097,2006,P1Y,yes,no
oci:06330256640-06520250166,omid:br/06330256640,omid:br/06520250166,2006,P1Y,yes,no
oci:06330256640-06270265369,omid:br/06330256640,omid:br/06270265369,2006,P16Y,yes,no
oci:06330256640-06420251652,omid:br/06330256640,omid:br/06420251652,2006,P9Y,yes,no
oci:06330256640-06370260556,omid:br/06330256640,omid:br/06370260556,2006,P4Y,yes,no
oci:06330256640-06490249213,omid:br/06330256640,omid:br/06490249213,2006,P7Y,yes,no
oci:06330256640-06420250909,omid:br/06330256640,omid:br/06420250909,2006,P6Y,yes,no
oci:06280265615-06101520976,omid:br/06280265615,omid:br/06101520976,2002,P3Y,no,no
oci:06280265615-061703726159,omid:br/06280265615,omid:br/061703726159,2002,P3Y,no,no
oci:06280265615-062401337559,omid:br/06280265615,omid:br/062401337559,2002,P5Y,no,no
oci:06280265615-061602228827,omid:br/06280265615,omid:br/061602228827,2002,P5Y,no,no
oci:06280265615-061402389206,omid:br/06280265615,omid:br/061402389206,2002,P2Y,no,no
oci:06280265615-06470248220,omid:br/06280265615,omid:br/06470248220,2002,P2Y,yes,no
oci:06280265615-06280265496,omid:br/06280265615,omid:br/06280265496,2002,P3Y,yes,no
oci:06460247097-062403647996,omid:br/06460247097,omid:br/062403647996,2004,P16Y,no,no
oci:06460247097-061401562595,omid:br/06460247097,omid:br/061401562595,2004,P14Y,no,no
oci:06460247097-06404070011,omid:br/06460247097,omid:br/06404070011,2004,P9Y,no,no
oci:06460247097-061303559974,omid:br/06460247097,omid:br/061303559974,2004,,no,no
oci:06460247097-061301573591,omid:br/06460247097,omid:br/061301573591,2004,P13Y,no,no
oci:06460247097-061401562914,omid:br/06460247097,omid:br/061401562914,2004,P16Y,no,no
oci:06460247097-06110952584,omid:br/06460247097,omid:br/06110952584,2004,P6Y,no,no
oci:06460247097-062403647809,omid:br/06460247097,omid:br/062403647809,2004,P16Y,no,no
oci:06460247097-061301573639,omid:br/06460247097,omid:br/061301573639,2004,P14Y,no,no
oci:06460247097-061103596338,omid:br/06460247097,omid:br/061103596338,2004,,no,no
oci:06460247097-06110952797,omid:br/06460247097,omid:br/06110952797,2004,P5Y,no,no
oci:06460247097-061401563443,omid:br/06460247097,omid:br/061401563443,2004,P7Y,no,no
oci:06460247097-06703972570,omid:br/06460247097,omid:br/06703972570,2004,,no,no
oci:06460247097-061901581963,omid:br/06460247097,omid:br/061901581963,2004,P2Y,no,no
oci:06460247097-0690937957,omid:br/06460247097,omid:br/0690937957,2004,P4Y,no,no
oci:06460247097-0690937695,omid:br/06460247097,omid:br/0690937695,2004,P4Y,no,no
oci:06460247097-06250262829,omid:br/06460247097,omid:br/06250262829,2004,P15Y,no,no
oci:06460247097-061901582033,omid:br/06460247097,omid:br/061901582033,2004,P4Y,no,no
oci:06460247097-061701581900,omid:br/06460247097,omid:br/061701581900,2004,P2Y,no,no
oci:06460247097-061103790115,omid:br/06460247097,omid:br/061103790115,2004,P11Y,no,no
oci:06460247097-062403773883,omid:br/06460247097,omid:br/062403773883,2004,P7Y,no,no
oci:06460247097-06203099135,omid:br/06460247097,omid:br/06203099135,2004,P5Y,no,no
oci:06460247097-061103647146,omid:br/06460247097,omid:br/061103647146,2004,P4Y,no,no
oci:06460247097-061603744897,omid:br/06460247097,omid:br/061603744897,2004,P2Y,no,no
oci:06460247097-061301784160,omid:br/06460247097,omid:br/061301784160,2004,P12Y,no,no
oci:06460247097-061501251260,omid:br/06460247097,omid:br/061501251260,2004,P4Y,no,no
oci:06460247097-061501580467,omid:br/06460247097,omid:br/061501580467,2004,P4Y,no,no
oci:06460247097-061601579320,omid:br/06460247097,omid:br/061601579320,2004,P7Y,no,no
oci:06460247097-061501251265,omid:br/06460247097,omid:br/061501251265,2004,P4Y,no,no
oci:06460247097-062601248203,omid:br/06460247097,omid:br/062601248203,2004,P6Y,no,no
oci:06460247097-061203720703,omid:br/06460247097,omid:br/061203720703,2004,P5Y,no,no
oci:06460247097-06901261397,omid:br/06460247097,omid:br/06901261397,2004,P17Y,no,no
oci:06460247097-06101811539,omid:br/06460247097,omid:br/06101811539,2004,P4Y,no,no
oci:06460247097-061801661393,omid:br/06460247097,omid:br/061801661393,2004,P4Y,no,no
oci:06460247097-06501808074,omid:br/06460247097,omid:br/06501808074,2004,P7Y,no,no
oci:06460247097-062603647472,omid:br/06460247097,omid:br/062603647472,2004,P5Y,no,no
oci:06460247097-061203777866,omid:br/06460247097,omid:br/061203777866,2004,P3Y,no,no
oci:06460247097-061803665132,omid:br/06460247097,omid:br/061803665132,2004,P2Y,no,no
oci:06460247097-06701788943,omid:br/06460247097,omid:br/06701788943,2004,P18Y,no,no
oci:06460247097-06260637080,omid:br/06460247097,omid:br/06260637080,2004,P24Y,no,no
oci:06460247097-061301245564,omid:br/06460247097,omid:br/061301245564,2004,P11Y,no,no
oci:06460247097-062103610097,omid:br/06460247097,omid:br/062103610097,2004,P21Y,no,no
oci:06460247097-06104059843,omid:br/06460247097,omid:br/06104059843,2004,P10Y,no,no
oci:06460247097-06704468890,omid:br/06460247097,omid:br/06704468890,2004,,no,no
oci:06460247097-06103114999,omid:br/06460247097,omid:br/06103114999,2004,P6Y,no,no
oci:06460247097-062603647502,omid:br/06460247097,omid:br/062603647502,2004,P5Y,no,no
oci:06460247097-061203778994,omid:br/06460247097,omid:br/061203778994,2004,P6Y,no,no
oci:06460247097-061102032071,omid:br/06460247097,omid:br/061102032071,2004,P2Y,no,no
oci:06460247097-06140111329,omid:br/06460247097,omid:br/06140111329,2004,P4Y,no,no
oci:06460247097-0630960260,omid:br/06460247097,omid:br/0630960260,2004,P2Y,no,no
oci:06460247097-061203630959,omid:br/06460247097,omid:br/061203630959,2004,P3Y,no,no
oci:06460247097-061401563391,omid:br/06460247097,omid:br/061401563391,2004,P7Y,no,no
oci:06460247097-061501580137,omid:br/06460247097,omid:br/061501580137,2004,P4Y,no,no
oci:06460247097-061801575842,omid:br/06460247097,omid:br/061801575842,2004,P2Y,no,no
oci:06460247097-0670472399,omid:br/06460247097,omid:br/0670472399,2004,P2Y,no,no
oci:06460247097-061401563310,omid:br/06460247097,omid:br/061401563310,2004,P7Y,no,no
oci:06460247097-0650827095,omid:br/06460247097,omid:br/0650827095,2004,P8Y,no,no
oci:06460247097-061803735850,omid:br/06460247097,omid:br/061803735850,2004,P12Y,no,no
oci:06460247097-06403905419,omid:br/06460247097,omid:br/06403905419,2004,P4Y,no,no
oci:06460247097-061801576571,omid:br/06460247097,omid:br/061801576571,2004,P2Y,no,no
oci:06460247097-061501580133,omid:br/06460247097,omid:br/061501580133,2004,P6Y,no,no
oci:06420250891-06190267376,omid:br/06420250891,omid:br/06190267376,2000,P17Y,no,no
oci:06350252123-061603671451,omid:br/06350252123,omid:br/061603671451,1997,P23Y,no,no
oci:06350252123-06202269500,omid:br/06350252123,omid:br/06202269500,1997,P9Y,no,no
oci:06350252123-06210862162,omid:br/06350252123,omid:br/06210862162,1997,P21Y,no,no
oci:06350252123-06240956541,omid:br/06350252123,omid:br/06240956541,1997,P12Y,no,no
oci:06350252123-061703675179,omid:br/06350252123,omid:br/061703675179,1997,P3Y,no,no
oci:06350252123-061703675181,omid:br/06350252123,omid:br/061703675181,1997,P3Y,no,no
oci:06350252123-06402283543,omid:br/06350252123,omid:br/06402283543,1997,P9Y,no,no
oci:06340256910-061901209404,omid:br/06340256910,omid:br/061901209404,2010,P4Y,no,no
oci:06340256910-06201215460,omid:br/06340256910,omid:br/06201215460,2010,P9Y,no,no
oci:06340256910-06702557649,omid:br/06340256910,omid:br/06702557649,2010,P8Y,no,no
oci:06340256910-0660948464,omid:br/06340256910,omid:br/0660948464,2010,P24Y,no,no
oci:06340256910-06140579992,omid:br/06340256910,omid:br/06140579992,2010,P22Y,no,no
oci:06510261762-061904126732,omid:br/06510261762,omid:br/061904126732,1996,P2Y,no,no
oci:06510261762-06370260669,omid:br/06510261762,omid:br/06370260669,1996,P2Y,yes,no
oci:06510261762-061702232108,omid:br/06510261762,omid:br/061702232108,1996,P11Y,no,no
oci:06510261762-06370260453,omid:br/06510261762,omid:br/06370260453,1996,P7Y,yes,no
oci:06510261762-061702232148,omid:br/06510261762,omid:br/061702232148,1996,P6Y,no,no
oci:06510261762-061702232157,omid:br/06510261762,omid:br/061702232157,1996,P10Y,no,no
oci:06520249809-06190866765,omid:br/06520249809,omid:br/06190866765,1997,P3Y,no,no
oci:06520249809-06302268408,omid:br/06520249809,omid:br/06302268408,1997,P5Y,no,no
oci:06420251420-06430250021,omid:br/06420251420,omid:br/06430250021,2003,P7Y,yes,no
oci:06420251420-06290253675,omid:br/06420251420,omid:br/06290253675,2003,P2Y,yes,no
oci:06420251420-0604498305,omid:br/06420251420,omid:br/0604498305,2003,P11Y,yes,no
oci:06430250038-0604493847,omid:br/06430250038,omid:br/0604493847,1996,P1Y,no,no
oci:06430250038-0630487208,omid:br/06430250038,omid:br/0630487208,1996,P3Y,no,no
oci:06430250038-06250483892,omid:br/06430250038,omid:br/06250483892,1996,P3Y,no,no
oci:06430250038-06240478816,omid:br/06430250038,omid:br/06240478816,1996,P3Y,no,no
oci:06430250038-06380250153,omid:br/06430250038,omid:br/06380250153,1996,P2Y,yes,no
oci:06420251229-06390259391,omid:br/06420251229,omid:br/06390259391,2012,P2Y,yes,no
oci:06420251229-06110213994,omid:br/06420251229,omid:br/06110213994,2012,P28Y,no,no
oci:06420251157-061801279806,omid:br/06420251157,omid:br/061801279806,2012,P5Y,no,no
oci:06420251157-06502143996,omid:br/06420251157,omid:br/06502143996,2012,P4Y,no,no
oci:06420251157-061401358480,omid:br/06420251157,omid:br/061401358480,2012,P52Y,no,no
oci:06280265676-0604831511,omid:br/06280265676,omid:br/0604831511,2006,P32Y,no,no
oci:06280265676-06360246397,omid:br/06280265676,omid:br/06360246397,2006,P21Y,yes,no
oci:06280265676-06360246334,omid:br/06280265676,omid:br/06360246334,2006,P21Y,yes,no
oci:06280265676-06410254612,omid:br/06280265676,omid:br/06410254612,2006,P16Y,yes,no
oci:06280265676-06370261098,omid:br/06280265676,omid:br/06370261098,2006,P14Y,yes,no
oci:06280265676-062504086402,omid:br/06280265676,omid:br/062504086402,2006,P13Y,yes,no
oci:06280265676-06490248963,omid:br/06280265676,omid:br/06490248963,2006,P21Y,yes,no
oci:06280265676-06510262452,omid:br/06280265676,omid:br/06510262452,2006,P3Y,yes,no
oci:06360246430-06380218053,omid:br/06360246430,omid:br/06380218053,2003,P6Y,no,no
oci:06490248778-06250419537,omid:br/06490248778,omid:br/06250419537,2002,P1Y,no,no
oci:06490248778-061104155751,omid:br/06490248778,omid:br/061104155751,2002,P4Y,no,no
oci:06490248778-06430250379,omid:br/06490248778,omid:br/06430250379,2002,P8Y,yes,no
oci:06360246259-061301295480,omid:br/06360246259,omid:br/061301295480,2005,P2Y,no,no
oci:06360246259-062503041648,omid:br/06360246259,omid:br/062503041648,2005,P9Y,no,no
oci:06360246259-061203755747,omid:br/06360246259,omid:br/061203755747,2005,P9Y,no,no
oci:06360246259-06250481617,omid:br/06360246259,omid:br/06250481617,2005,P10Y,no,no
oci:06360246259-061203016621,omid:br/06360246259,omid:br/061203016621,2005,P9Y,no,no
oci:06360246259-061103790602,omid:br/06360246259,omid:br/061103790602,2005,P8Y,no,no
oci:06360246259-061103790652,omid:br/06360246259,omid:br/061103790652,2005,P8Y,no,no
oci:06360246259-061203779283,omid:br/06360246259,omid:br/061203779283,2005,P6Y,no,no
oci:06360246259-06104191209,omid:br/06360246259,omid:br/06104191209,2005,P5Y,no,no
oci:06360246259-06104057821,omid:br/06360246259,omid:br/06104057821,2005,P2Y,no,no
oci:06360246259-06140829894,omid:br/06360246259,omid:br/06140829894,2005,P2Y,no,no
oci:06360246259-062201362547,omid:br/06360246259,omid:br/062201362547,2005,P11Y,no,no
oci:06360246259-061703752512,omid:br/06360246259,omid:br/061703752512,2005,P2Y,no,no
oci:06360246259-06104057932,omid:br/06360246259,omid:br/06104057932,2005,P1Y,no,no
oci:06360246259-06401811263,omid:br/06360246259,omid:br/06401811263,2005,P7Y,no,no
oci:06330256490-061703675118,omid:br/06330256490,omid:br/061703675118,1996,P2Y,no,no
oci:06330256490-061703675147,omid:br/06330256490,omid:br/061703675147,1996,P2Y,no,no
oci:06330256490-061703675145,omid:br/06330256490,omid:br/061703675145,1996,P2Y,no,no
oci:06330256490-06201609180,omid:br/06330256490,omid:br/06201609180,1996,P2Y,no,no
oci:06330256490-0610527186,omid:br/06330256490,omid:br/0610527186,1996,P2Y,no,no
oci:06330256490-061403591782,omid:br/06330256490,omid:br/061403591782,1996,P27Y,no,no
oci:06330256490-0634037232,omid:br/06330256490,omid:br/0634037232,1996,P20Y,no,no
oci:06330256490-0634037476,omid:br/06330256490,omid:br/0634037476,1996,P16Y,no,no
oci:06330256490-061703674788,omid:br/06330256490,omid:br/061703674788,1996,P13Y,no,no
oci:06330256490-06290354760,omid:br/06330256490,omid:br/06290354760,1996,P27Y,no,no
oci:06330256490-06130907301,omid:br/06330256490,omid:br/06130907301,1996,P5Y,no,no
oci:06530258386-061301574663,omid:br/06530258386,omid:br/061301574663,2008,P2Y,no,no
oci:06530258386-061901581957,omid:br/06530258386,omid:br/061901581957,2008,P7Y,no,no
oci:06530258386-061401563569,omid:br/06530258386,omid:br/061401563569,2008,P10Y,no,no
oci:06530258386-061601584152,omid:br/06530258386,omid:br/061601584152,2008,P7Y,no,no
oci:06530258386-06504079201,omid:br/06530258386,omid:br/06504079201,2008,P15Y,no,no
oci:06530258386-061301574668,omid:br/06530258386,omid:br/061301574668,2008,P2Y,no,no
oci:06530258386-06220950438,omid:br/06530258386,omid:br/06220950438,2008,P3Y,no,no
oci:06530258386-061801575170,omid:br/06530258386,omid:br/061801575170,2008,P7Y,no,no
oci:06530258386-061801575272,omid:br/06530258386,omid:br/061801575272,2008,P3Y,no,no
oci:06530258386-06901598897,omid:br/06530258386,omid:br/06901598897,2008,P1Y,no,no
oci:06460246348-061203720651,omid:br/06460246348,omid:br/061203720651,2007,P8Y,no,no
oci:06460246348-062601503200,omid:br/06460246348,omid:br/062601503200,2007,P4Y,no,no
oci:06430250021-061104176642,omid:br/06430250021,omid:br/061104176642,1996,P2Y,no,no
oci:06430250021-061104177381,omid:br/06430250021,omid:br/061104177381,1996,P1Y,no,no
oci:06430250021-061702260658,omid:br/06430250021,omid:br/061702260658,1996,P10Y,no,no
oci:06430250021-06280265294,omid:br/06430250021,omid:br/06280265294,1996,P13Y,yes,no
oci:06430250021-06280265270,omid:br/06430250021,omid:br/06280265270,1996,P13Y,yes,no
oci:06430250021-062504086391,omid:br/06430250021,omid:br/062504086391,1996,P3Y,yes,no
oci:06330257078-06110952584,omid:br/06330257078,omid:br/06110952584,2008,P10Y,no,no
oci:06330257078-061301574670,omid:br/06330257078,omid:br/061301574670,2008,P2Y,no,no
oci:06330257078-061601585011,omid:br/06330257078,omid:br/061601585011,2008,P3Y,no,no
oci:06330257078-06903679756,omid:br/06330257078,omid:br/06903679756,2008,P5Y,no,no
oci:06330257133-06190841883,omid:br/06330257133,omid:br/06190841883,2012,P4Y,no,no
oci:06390259473-061904059079,omid:br/06390259473,omid:br/061904059079,2010,P7Y,no,no
oci:06340256946-06160353153,omid:br/06340256946,omid:br/06160353153,2010,P4Y,no,no
oci:06340256946-06220478703,omid:br/06340256946,omid:br/06220478703,2010,P3Y,no,no
oci:06340256946-061103137749,omid:br/06340256946,omid:br/061103137749,2010,P6Y,no,no
oci:06340256946-061503062325,omid:br/06340256946,omid:br/061503062325,2010,P5Y,no,no
oci:06340256946-06370227998,omid:br/06340256946,omid:br/06370227998,2010,P1Y,no,no
oci:06340256946-06804388687,omid:br/06340256946,omid:br/06804388687,2010,P4Y,yes,no
oci:062504086294-06350251785,omid:br/062504086294,omid:br/06350251785,2009,P5Y,yes,no
oci:062504086294-06370260599,omid:br/062504086294,omid:br/06370260599,2009,P7Y,yes,no
oci:062504086294-06460247062,omid:br/062504086294,omid:br/06460247062,2009,P5Y,yes,no
oci:062504086294-06104521402,omid:br/062504086294,omid:br/06104521402,2009,P1Y,yes,no
oci:062504086294-06290254138,omid:br/062504086294,omid:br/06290254138,2009,P2Y,yes,no
oci:06320242426-06230270064,omid:br/06320242426,omid:br/06230270064,1996,P4Y,no,no
oci:06320242426-0660208700,omid:br/06320242426,omid:br/0660208700,1996,P18Y,no,no
oci:06320242426-06403526336,omid:br/06320242426,omid:br/06403526336,1996,P2Y,no,no
oci:06320242426-061302196676,omid:br/06320242426,omid:br/061302196676,1996,P7Y,no,no
oci:06320242426-062502670790,omid:br/06320242426,omid:br/062502670790,1996,P9Y,no,no
oci:06320242426-06230815194,omid:br/06320242426,omid:br/06230815194,1996,P19Y,no,no
oci:06320242426-0625066695,omid:br/06320242426,omid:br/0625066695,1996,P10Y,no,no
oci:06320242426-06804543288,omid:br/06320242426,omid:br/06804543288,1996,P4Y,no,no
oci:06320242426-06804542929,omid:br/06320242426,omid:br/06804542929,1996,P3Y,no,no
oci:06320242179-061703302424,omid:br/06320242179,omid:br/061703302424,1997,P13Y,no,no
oci:06320242179-061703302235,omid:br/06320242179,omid:br/061703302235,1997,P13Y,no,no
oci:06320242179-061703302327,omid:br/06320242179,omid:br/061703302327,1997,P3Y,no,no
oci:06320242179-061703302195,omid:br/06320242179,omid:br/061703302195,1997,P3Y,no,no
oci:06320242179-061703302423,omid:br/06320242179,omid:br/061703302423,1997,P3Y,no,no
oci:06320242179-06250958776,omid:br/06320242179,omid:br/06250958776,1997,P6Y,no,no
oci:06320242179-0630461914,omid:br/06320242179,omid:br/0630461914,1997,P16Y,no,no
oci:06320242179-06240528200,omid:br/06320242179,omid:br/06240528200,1997,P5Y,no,no
oci:06320242179-061703595621,omid:br/06320242179,omid:br/061703595621,1997,,no,no
oci:06320242179-062103562759,omid:br/06320242179,omid:br/062103562759,1997,P3Y,no,no
oci:06320242179-06220522153,omid:br/06320242179,omid:br/06220522153,1997,P7Y,no,no
oci:06320242179-061704098499,omid:br/06320242179,omid:br/061704098499,1997,P9Y,no,no
oci:06320242179-061703302134,omid:br/06320242179,omid:br/061703302134,1997,P3Y,no,no
oci:06320242179-062603739551,omid:br/06320242179,omid:br/062603739551,1997,P3Y,no,no
oci:06320242179-061603671046,omid:br/06320242179,omid:br/061603671046,1997,P8Y,no,no
oci:06320242179-061603670882,omid:br/06320242179,omid:br/061603670882,1997,P5Y,no,no
oci:06320242179-06150870722,omid:br/06320242179,omid:br/06150870722,1997,P4Y,no,no
oci:06320242179-06250732328,omid:br/06320242179,omid:br/06250732328,1997,P8Y,no,no
oci:06320242179-06250958086,omid:br/06320242179,omid:br/06250958086,1997,P6Y,no,no
oci:06280265107-0620589705,omid:br/06280265107,omid:br/0620589705,2003,P15Y,no,no
oci:06280265107-062403054374,omid:br/06280265107,omid:br/062403054374,2003,P11Y,no,no
oci:06280265107-06170524171,omid:br/06280265107,omid:br/06170524171,2003,P4Y,no,no
oci:06390259035-06240415352,omid:br/06390259035,omid:br/06240415352,2004,P4Y,no,no
oci:06390259035-0650924364,omid:br/06390259035,omid:br/0650924364,2004,P4Y,no,no
oci:06390259035-06410254254,omid:br/06390259035,omid:br/06410254254,2004,P6Y,yes,no
oci:06390259035-06390259068,omid:br/06390259035,omid:br/06390259068,2004,P0Y,yes,no
oci:06310247761-06170873986,omid:br/06310247761,omid:br/06170873986,2000,P13Y,no,no
oci:06310247761-061603671368,omid:br/06310247761,omid:br/061603671368,2000,P15Y,no,no
oci:06330257118-06390259414,omid:br/06330257118,omid:br/06390259414,2012,P2Y,yes,no
oci:06410254407-061201157746,omid:br/06410254407,omid:br/061201157746,2010,P12Y,no,no
oci:06410254407-061201157152,omid:br/06410254407,omid:br/061201157152,2010,P10Y,no,no
oci:06340256945-06270219327,omid:br/06340256945,omid:br/06270219327,2010,P3Y,no,no
oci:06340256945-06802593326,omid:br/06340256945,omid:br/06802593326,2010,P3Y,no,no
oci:06340256945-06350251948,omid:br/06340256945,omid:br/06350251948,2010,P3Y,yes,no
oci:06510262550-06390259044,omid:br/06510262550,omid:br/06390259044,2011,P7Y,yes,no
oci:06510262550-06380250085,omid:br/06510262550,omid:br/06380250085,2011,P18Y,yes,no
oci:06510262550-06330256680,omid:br/06510262550,omid:br/06330256680,2011,P2Y,yes,no
oci:06410253810-063404456,omid:br/06410253810,omid:br/063404456,2013,P22Y,no,no
oci:06410253810-06101222129,omid:br/06410253810,omid:br/06101222129,2013,P9Y,no,no
oci:06410253810-06301202207,omid:br/06410253810,omid:br/06301202207,2013,P17Y,no,no
oci:06410253810-061602888593,omid:br/06410253810,omid:br/061602888593,2013,P3Y,no,no
oci:06410253810-0604831518,omid:br/06410253810,omid:br/0604831518,2013,P1Y,no,no
oci:06360245904-06301583758,omid:br/06360245904,omid:br/06301583758,1995,P15Y,no,no
oci:06360245904-06904174275,omid:br/06360245904,omid:br/06904174275,1995,P21Y,no,no
oci:06360245904-061203586026,omid:br/06360245904,omid:br/061203586026,1995,P19Y,no,no
oci:06360245904-06530258318,omid:br/06360245904,omid:br/06530258318,1995,P2Y,yes,no
oci:06360245904-06380250123,omid:br/06360245904,omid:br/06380250123,1995,P2Y,yes,no
oci:06360245904-06380250107,omid:br/06360245904,omid:br/06380250107,1995,P2Y,yes,no
oci:06310247702-06340256896,omid:br/06310247702,omid:br/06340256896,2011,P1Y,yes,no
oci:06310247702-06120801206,omid:br/06310247702,omid:br/06120801206,2011,P2Y,no,no
oci:06310247702-06260855969,omid:br/06310247702,omid:br/06260855969,2011,P0Y,no,no
oci:06340256211-062101120911,omid:br/06340256211,omid:br/062101120911,1995,P12Y,no,no
oci:06340256211-0620618042,omid:br/06340256211,omid:br/0620618042,1995,P48Y,no,no
oci:06470247860-0604831510,omid:br/06470247860,omid:br/0604831510,2002,P53Y,no,no
oci:06470247860-06504133074,omid:br/06470247860,omid:br/06504133074,2002,P2Y,no,no
oci:06470247860-06250262976,omid:br/06470247860,omid:br/06250262976,2002,P5Y,no,no
oci:06470247860-06160320507,omid:br/06470247860,omid:br/06160320507,2002,P15Y,no,no
oci:06470247860-06140822426,omid:br/06470247860,omid:br/06140822426,2002,P6Y,no,no
oci:06470247860-062101605758,omid:br/06470247860,omid:br/062101605758,2002,P22Y,no,no
oci:06104521313-06170963755,omid:br/06104521313,omid:br/06170963755,2000,P8Y,no,no
oci:06104521313-06160965945,omid:br/06104521313,omid:br/06160965945,2000,P10Y,no,no
oci:06104521313-062401548662,omid:br/06104521313,omid:br/062401548662,2000,P4Y,no,no
oci:06440247884-06402530785,omid:br/06440247884,omid:br/06402530785,2021,P1Y,no,no
oci:0604083699-061601629592,omid:br/0604083699,omid:br/061601629592,1998,P1Y,no,no
oci:0604083699-061603671328,omid:br/0604083699,omid:br/061603671328,1998,P12Y,no,no
oci:0604083699-0604831514,omid:br/0604083699,omid:br/0604831514,1998,P2Y,no,no
oci:0604083699-06310247563,omid:br/0604083699,omid:br/06310247563,1998,P15Y,yes,no
oci:0604083699-06510262008,omid:br/0604083699,omid:br/06510262008,1998,P3Y,yes,no
oci:06410254372-06110952584,omid:br/06410254372,omid:br/06110952584,2010,P12Y,no,no
oci:06410254372-06230489932,omid:br/06410254372,omid:br/06230489932,2010,P24Y,no,no
oci:06410254372-062301369457,omid:br/06410254372,omid:br/062301369457,2010,P17Y,no,no
oci:06410254372-06403905419,omid:br/06410254372,omid:br/06403905419,2010,P10Y,no,no
oci:06410254372-06240660834,omid:br/06410254372,omid:br/06240660834,2010,P4Y,no,no
oci:0604518876-06180795856,omid:br/0604518876,omid:br/06180795856,2009,P6Y,no,no
oci:0604518876-06170803321,omid:br/0604518876,omid:br/06170803321,2009,P4Y,no,no
oci:06380250534-06130479635,omid:br/06380250534,omid:br/06130479635,1999,P9Y,no,no
oci:06380250534-061404077376,omid:br/06380250534,omid:br/061404077376,1999,P4Y,no,no
oci:06380250534-0639038439,omid:br/06380250534,omid:br/0639038439,1999,P5Y,no,no
oci:06380250534-06704114084,omid:br/06380250534,omid:br/06704114084,1999,P10Y,no,no
oci:06380250534-061404077377,omid:br/06380250534,omid:br/061404077377,1999,P8Y,no,no
oci:06380250534-06520249850,omid:br/06380250534,omid:br/06520249850,1999,P2Y,yes,no
oci:06380250534-0604498284,omid:br/06380250534,omid:br/0604498284,1999,P7Y,yes,no
oci:06380250534-06380250062,omid:br/06380250534,omid:br/06380250062,1999,P6Y,yes,no
oci:06330256987-06260280733,omid:br/06330256987,omid:br/06260280733,2008,P7Y,no,no
oci:06330256987-061204042916,omid:br/06330256987,omid:br/061204042916,2008,P4Y,no,no
oci:06330256987-06604572225,omid:br/06330256987,omid:br/06604572225,2008,P6Y,no,no
oci:06330256987-06390259281,omid:br/06330256987,omid:br/06390259281,2008,P3Y,yes,no
oci:06330256987-06603295101,omid:br/06330256987,omid:br/06603295101,2008,P4Y,no,no
oci:06480249628-062503110839,omid:br/06480249628,omid:br/062503110839,2006,P5Y,no,no
oci:06480249628-06190981168,omid:br/06480249628,omid:br/06190981168,2006,P14Y,no,no
oci:06480249628-06130261574,omid:br/06480249628,omid:br/06130261574,2006,P7Y,no,no
oci:06480249628-061203774137,omid:br/06480249628,omid:br/061203774137,2006,P8Y,no,no
oci:06480249628-06330349623,omid:br/06480249628,omid:br/06330349623,2006,P14Y,no,no
oci:06410254230-061804122840,omid:br/06410254230,omid:br/061804122840,1998,P13Y,no,no
oci:06410254230-06140908417,omid:br/06410254230,omid:br/06140908417,1998,P20Y,no,no
oci:06410254230-06130907564,omid:br/06410254230,omid:br/06130907564,1998,P7Y,no,no
oci:06410254230-06130907509,omid:br/06410254230,omid:br/06130907509,1998,P7Y,no,no
oci:06410254230-06101623986,omid:br/06410254230,omid:br/06101623986,1998,P10Y,no,no
oci:06510262581-06180836844,omid:br/06510262581,omid:br/06180836844,2011,P7Y,no,no
oci:06510262581-06180836729,omid:br/06510262581,omid:br/06180836729,2011,P5Y,no,no
oci:062604105916-061401473352,omid:br/062604105916,omid:br/061401473352,2013,P8Y,no,no
oci:062604105916-061601495722,omid:br/062604105916,omid:br/061601495722,2013,P32Y,no,no
oci:062604105916-06260280723,omid:br/062604105916,omid:br/06260280723,2013,P13Y,no,no
oci:062604105916-0634027090,omid:br/062604105916,omid:br/0634027090,2013,P5Y,no,no
oci:062604105916-061401232846,omid:br/062604105916,omid:br/061401232846,2013,P19Y,no,no
oci:062604105916-06530257519,omid:br/062604105916,omid:br/06530257519,2013,P2Y,yes,no
oci:06430250003-06201609561,omid:br/06430250003,omid:br/06201609561,1996,P15Y,no,no
oci:06430250003-06430250303,omid:br/06430250003,omid:br/06430250303,1996,P2Y,yes,no
oci:06430250003-06460246973,omid:br/06430250003,omid:br/06460246973,1996,P5Y,yes,no
oci:06420251207-0604831520,omid:br/06420251207,omid:br/0604831520,2012,P8Y,no,no
oci:06420251207-061902884301,omid:br/06420251207,omid:br/061902884301,2012,P6Y,no,no
oci:06350251865-062203740252,omid:br/06350251865,omid:br/062203740252,2004,P5Y,no,no
oci:06350251865-06304102120,omid:br/06350251865,omid:br/06304102120,2004,P6Y,no,no
oci:06350251865-06803513940,omid:br/06350251865,omid:br/06803513940,2004,P8Y,no,no
oci:06350251865-0670953757,omid:br/06350251865,omid:br/0670953757,2004,P4Y,no,no
oci:06390258800-06190486838,omid:br/06390258800,omid:br/06190486838,2005,P34Y,no,no
oci:06390258800-0630356748,omid:br/06390258800,omid:br/0630356748,2005,P23Y,no,no
oci:06390258800-06420233377,omid:br/06390258800,omid:br/06420233377,2005,P2Y,no,no
oci:06390258800-062503486671,omid:br/06390258800,omid:br/062503486671,2005,P3Y,no,no
oci:06410254233-061404034284,omid:br/06410254233,omid:br/061404034284,1998,P39Y,no,no
oci:06290253930-0660300013,omid:br/06290253930,omid:br/0660300013,2010,P16Y,no,no
oci:06290253930-06130479397,omid:br/06290253930,omid:br/06130479397,2010,P34Y,no,no
oci:06290253930-06190929391,omid:br/06290253930,omid:br/06190929391,2010,P10Y,no,no
oci:06290253930-061401358480,omid:br/06290253930,omid:br/061401358480,2010,P50Y,no,no
oci:06290253930-061403580893,omid:br/06290253930,omid:br/061403580893,2010,P8Y,yes,no
oci:06330256717-06802575226,omid:br/06330256717,omid:br/06802575226,2009,P9Y,no,no
oci:06360246181-0630263257,omid:br/06360246181,omid:br/0630263257,2008,P5Y,no,no
oci:06360246181-06501858676,omid:br/06360246181,omid:br/06501858676,2008,P3Y,no,no
oci:06360246181-06501858672,omid:br/06360246181,omid:br/06501858672,2008,P3Y,no,no
oci:06360246181-06460246357,omid:br/06360246181,omid:br/06460246357,2008,P1Y,yes,no
oci:0604035167-061801279664,omid:br/0604035167,omid:br/061801279664,2009,P12Y,no,no
oci:0604035167-06190841882,omid:br/0604035167,omid:br/06190841882,2009,P7Y,no,no
oci:06350251495-06360246402,omid:br/06350251495,omid:br/06360246402,1999,P14Y,yes,no
oci:06350251495-06470247719,omid:br/06350251495,omid:br/06470247719,1999,P7Y,yes,no
oci:06350251495-06104521259,omid:br/06350251495,omid:br/06104521259,1999,P4Y,yes,no
oci:06330256612-06170181439,omid:br/06330256612,omid:br/06170181439,2006,P2Y,no,no
oci:06330257094-06370260448,omid:br/06330257094,omid:br/06370260448,2012,P23Y,yes,no
oci:06330257094-06290253700,omid:br/06330257094,omid:br/06290253700,2012,P1Y,yes,no
oci:06420251214-0650826008,omid:br/06420251214,omid:br/0650826008,2012,P0Y,no,no
oci:06420251214-06801576320,omid:br/06420251214,omid:br/06801576320,2012,P1Y,no,no
oci:06420251214-061503713793,omid:br/06420251214,omid:br/061503713793,2012,P1Y,no,no
oci:06290253524-06350252142,omid:br/06290253524,omid:br/06350252142,2001,P4Y,yes,no
oci:06310247427-061203720394,omid:br/06310247427,omid:br/061203720394,2013,P14Y,no,no
oci:06310247427-06270254554,omid:br/06310247427,omid:br/06270254554,2013,P12Y,no,no
oci:06310247427-06602309475,omid:br/06310247427,omid:br/06602309475,2013,P6Y,no,no
oci:06310247427-06240660780,omid:br/06310247427,omid:br/06240660780,2013,P6Y,no,no
oci:06310247427-0604498284,omid:br/06310247427,omid:br/0604498284,2013,P21Y,yes,no
oci:06310247427-06280265717,omid:br/06310247427,omid:br/06280265717,2013,P7Y,yes,no
oci:06310247427-06420209212,omid:br/06310247427,omid:br/06420209212,2013,P4Y,no,no
oci:06280134706-06902465127,omid:br/06280134706,omid:br/06902465127,2012,P2Y,no,no
oci:06280134706-06230269797,omid:br/06280134706,omid:br/06230269797,2012,P3Y,no,no
oci:06280134706-062601503105,omid:br/06280134706,omid:br/062601503105,2012,P8Y,no,no
oci:06280134706-06120223201,omid:br/06280134706,omid:br/06120223201,2012,P5Y,no,no
oci:06280134706-062601502783,omid:br/06280134706,omid:br/062601502783,2012,P11Y,no,no
oci:06280134706-0660229558,omid:br/06280134706,omid:br/0660229558,2012,P2Y,no,no
oci:06280134706-0660229544,omid:br/06280134706,omid:br/0660229544,2012,P2Y,no,no
oci:06280134706-06280234975,omid:br/06280134706,omid:br/06280234975,2012,P24Y,no,no
oci:06390259429-061604041438,omid:br/06390259429,omid:br/061604041438,2010,P8Y,no,no
oci:06390259429-0660948039,omid:br/06390259429,omid:br/0660948039,2010,P16Y,no,no
oci:06390259429-06280265677,omid:br/06390259429,omid:br/06280265677,2010,P4Y,yes,no
oci:06510262561-06110952584,omid:br/06510262561,omid:br/06110952584,2011,P13Y,no,no
oci:06510262561-0650827095,omid:br/06510262561,omid:br/0650827095,2011,P15Y,no,no
oci:06510262561-061401563154,omid:br/06510262561,omid:br/061401563154,2011,P5Y,no,no
oci:06510262561-06901599041,omid:br/06510262561,omid:br/06901599041,2011,P4Y,no,no
oci:06510262561-061801575694,omid:br/06510262561,omid:br/061801575694,2011,P9Y,no,no
oci:06510262561-0630960180,omid:br/06510262561,omid:br/0630960180,2011,P8Y,no,no
oci:06510262561-061103297747,omid:br/06510262561,omid:br/061103297747,2011,P15Y,no,no
oci:06510262561-061403269796,omid:br/06510262561,omid:br/061403269796,2011,P18Y,no,no
oci:06510262561-06230945981,omid:br/06510262561,omid:br/06230945981,2011,P8Y,no,no
oci:06360246212-06504575600,omid:br/06360246212,omid:br/06504575600,2007,P7Y,no,no
oci:06360246212-061603671357,omid:br/06360246212,omid:br/061603671357,2007,P22Y,no,no
oci:06360246212-0604029094,omid:br/06360246212,omid:br/0604029094,2007,P33Y,no,no
oci:06360246212-06240847101,omid:br/06360246212,omid:br/06240847101,2007,P2Y,no,no
oci:06420250868-062603155592,omid:br/06420250868,omid:br/062603155592,2000,P6Y,no,no
oci:06420250868-06402283543,omid:br/06420250868,omid:br/06402283543,2000,P12Y,no,no
oci:06420250868-06450250676,omid:br/06420250868,omid:br/06450250676,2000,P1Y,yes,no
oci:06330257125-06120667151,omid:br/06330257125,omid:br/06120667151,2012,P6Y,no,no
oci:06330257125-061301574657,omid:br/06330257125,omid:br/061301574657,2012,P6Y,no,no
oci:062503574140-062203740433,omid:br/062503574140,omid:br/062203740433,2010,P10Y,no,no
oci:062503574140-06504010860,omid:br/062503574140,omid:br/06504010860,2010,,no,no
oci:06510262101-061501674864,omid:br/06510262101,omid:br/061501674864,2001,P4Y,no,no
oci:06510262101-061601680720,omid:br/06510262101,omid:br/061601680720,2001,P2Y,no,no
oci:06510262101-06220951169,omid:br/06510262101,omid:br/06220951169,2001,P3Y,no,no
oci:06510262101-0690273425,omid:br/06510262101,omid:br/0690273425,2001,P9Y,no,no
oci:06510262101-06802418097,omid:br/06510262101,omid:br/06802418097,2001,P7Y,no,no
oci:06510262101-06201412179,omid:br/06510262101,omid:br/06201412179,2001,P6Y,no,no
oci:06510262101-06210945568,omid:br/06510262101,omid:br/06210945568,2001,P13Y,no,no
oci:06510262101-06220951194,omid:br/06510262101,omid:br/06220951194,2001,P3Y,no,no
oci:06440247217-061703112425,omid:br/06440247217,omid:br/061703112425,2016,P5Y,no,no
oci:06470247885-062504086457,omid:br/06470247885,omid:br/062504086457,2001,P8Y,yes,no
oci:06380250478-06410254590,omid:br/06380250478,omid:br/06410254590,1999,P9Y,yes,no
oci:06380250478-06410254629,omid:br/06380250478,omid:br/06410254629,1999,P9Y,yes,no
oci:0604222922-062403722874,omid:br/0604222922,omid:br/062403722874,2013,P34Y,no,no
oci:0604222922-061203720606,omid:br/0604222922,omid:br/061203720606,2013,P14Y,no,no
oci:0604222922-06704114084,omid:br/0604222922,omid:br/06704114084,2013,P24Y,no,no
oci:06360246460-06101143547,omid:br/06360246460,omid:br/06101143547,2003,P28Y,no,no
oci:06360246460-06201578070,omid:br/06360246460,omid:br/06201578070,2003,P6Y,no,no
oci:06360246460-06190486838,omid:br/06360246460,omid:br/06190486838,2003,P32Y,no,no
oci:06360246460-06801343483,omid:br/06360246460,omid:br/06801343483,2003,P31Y,no,no
oci:06360246460-061603670737,omid:br/06360246460,omid:br/061603670737,2003,P27Y,no,no
oci:06360246460-064304190,omid:br/06360246460,omid:br/064304190,2003,P30Y,no,no
oci:06360246460-0620565036,omid:br/06360246460,omid:br/0620565036,2003,P22Y,no,no
oci:06360246460-06190550114,omid:br/06360246460,omid:br/06190550114,2003,P15Y,no,no
oci:06360246460-0628055813,omid:br/06360246460,omid:br/0628055813,2003,P24Y,no,no
oci:06360246460-06170546462,omid:br/06360246460,omid:br/06170546462,2003,P21Y,no,no
oci:06360246460-0630568454,omid:br/06360246460,omid:br/0630568454,2003,P21Y,no,no
oci:06360246460-061603671269,omid:br/06360246460,omid:br/061603671269,2003,P16Y,no,no
oci:06360246460-0630568511,omid:br/06360246460,omid:br/0630568511,2003,P11Y,no,no
oci:06360246460-0620564996,omid:br/06360246460,omid:br/0620564996,2003,P10Y,no,no
oci:06360246460-0620564579,omid:br/06360246460,omid:br/0620564579,2003,P7Y,no,no
oci:06360246460-0620564639,omid:br/06360246460,omid:br/0620564639,2003,P9Y,no,no
oci:06360246460-06104521281,omid:br/06360246460,omid:br/06104521281,2003,P8Y,yes,no
oci:06450251304-0604526109,omid:br/06450251304,omid:br/0604526109,2007,P4Y,no,no
oci:06450251304-0604301405,omid:br/06450251304,omid:br/0604301405,2007,P10Y,no,no
oci:06450251304-0670270469,omid:br/06450251304,omid:br/0670270469,2007,P6Y,no,no
oci:06450251304-061202033904,omid:br/06450251304,omid:br/061202033904,2007,P2Y,no,no
oci:06450251304-06280265717,omid:br/06450251304,omid:br/06280265717,2007,P1Y,yes,no
oci:06450251135-06210472275,omid:br/06450251135,omid:br/06210472275,2007,P22Y,no,no
oci:06450251135-062301569672,omid:br/06450251135,omid:br/062301569672,2007,P11Y,no,no
oci:06450251135-06410254620,omid:br/06450251135,omid:br/06410254620,2007,P17Y,yes,no
oci:06104521203-061501403947,omid:br/06104521203,omid:br/061501403947,1995,P22Y,no,no
oci:06104521203-061902432222,omid:br/06104521203,omid:br/061902432222,1995,P1Y,no,no
oci:06104521203-061802421092,omid:br/06104521203,omid:br/061802421092,1995,P2Y,no,no
oci:06104521203-061902432364,omid:br/06104521203,omid:br/061902432364,1995,P5Y,no,no
oci:06104521203-061802421089,omid:br/06104521203,omid:br/061802421089,1995,P2Y,no,no
oci:06290253648-062201297363,omid:br/06290253648,omid:br/062201297363,2001,P1Y,no,no
oci:06290253648-06320242345,omid:br/06290253648,omid:br/06320242345,2001,P5Y,yes,no
oci:06290253648-06450250642,omid:br/06290253648,omid:br/06450250642,2001,P2Y,yes,no
oci:06290253648-06104521280,omid:br/06290253648,omid:br/06104521280,2001,P6Y,yes,no
oci:06360246260-0650577028,omid:br/06360246260,omid:br/0650577028,2005,P7Y,no,no
oci:06360246260-06110490995,omid:br/06360246260,omid:br/06110490995,2005,P24Y,no,no
oci:06360246260-06201797788,omid:br/06360246260,omid:br/06201797788,2005,P6Y,no,no
oci:06360246260-06190979785,omid:br/06360246260,omid:br/06190979785,2005,P7Y,no,no
oci:06310247658-06330256987,omid:br/06310247658,omid:br/06330256987,2011,P3Y,yes,no
oci:06310247658-06140580152,omid:br/06310247658,omid:br/06140580152,2011,P15Y,no,no
oci:06320242204-0690370769,omid:br/06320242204,omid:br/0690370769,1997,P17Y,no,no
oci:06320242204-06440226792,omid:br/06320242204,omid:br/06440226792,1997,P3Y,no,no
oci:06320242204-06530258271,omid:br/06320242204,omid:br/06530258271,1997,P4Y,yes,no
oci:06104521399-06701201998,omid:br/06104521399,omid:br/06701201998,2008,P3Y,no,no
oci:06104521399-06130276151,omid:br/06104521399,omid:br/06130276151,2008,P2Y,no,no
oci:06104521399-061801466673,omid:br/06104521399,omid:br/061801466673,2008,P2Y,no,no
oci:06104521399-061702720339,omid:br/06104521399,omid:br/061702720339,2008,P3Y,no,no
oci:06104521399-061203091429,omid:br/06104521399,omid:br/061203091429,2008,P7Y,no,no
oci:06104521399-0640110772,omid:br/06104521399,omid:br/0640110772,2008,P2Y,no,no
oci:06104521399-062301842582,omid:br/06104521399,omid:br/062301842582,2008,P2Y,no,no
oci:06104521399-06602240464,omid:br/06104521399,omid:br/06602240464,2008,P2Y,no,no
oci:06104521399-061704043176,omid:br/06104521399,omid:br/061704043176,2008,P2Y,no,no
oci:06104521399-06180195246,omid:br/06104521399,omid:br/06180195246,2008,P2Y,no,no
oci:06104521399-0670114727,omid:br/06104521399,omid:br/0670114727,2008,P5Y,no,no
oci:06104521399-06350251865,omid:br/06104521399,omid:br/06350251865,2008,P4Y,yes,no
oci:06330256764-0604831521,omid:br/06330256764,omid:br/0604831521,2009,P28Y,no,no
oci:06330256764-0604831522,omid:br/06330256764,omid:br/0604831522,2009,P28Y,no,no
oci:06330256764-0604831523,omid:br/06330256764,omid:br/0604831523,2009,P28Y,no,no
oci:06510262071-06160918435,omid:br/06510262071,omid:br/06160918435,2001,P11Y,no,no
oci:06510262071-06102441688,omid:br/06510262071,omid:br/06102441688,2001,P5Y,no,no
oci:06510262071-0670270447,omid:br/06510262071,omid:br/0670270447,2001,P1Y,no,no
oci:0604518894-06480249719,omid:br/0604518894,omid:br/06480249719,2009,P3Y,yes,no
oci:0604518894-06603294753,omid:br/0604518894,omid:br/06603294753,2009,P26Y,no,no
oci:06410254246-061801128827,omid:br/06410254246,omid:br/061801128827,1998,P12Y,no,no
oci:06410254246-06501751454,omid:br/06410254246,omid:br/06501751454,1998,P11Y,no,no
oci:06410254246-06130261686,omid:br/06410254246,omid:br/06130261686,1998,P7Y,no,no
oci:06410254246-061201128903,omid:br/06410254246,omid:br/061201128903,1998,P6Y,no,no
oci:06410254246-062301241569,omid:br/06410254246,omid:br/062301241569,1998,P15Y,no,no
oci:06460246355-06110952899,omid:br/06460246355,omid:br/06110952899,2007,P9Y,no,no
oci:06460246355-061901582033,omid:br/06460246355,omid:br/061901582033,2007,P7Y,no,no
oci:06460246355-06501659096,omid:br/06460246355,omid:br/06501659096,2007,P2Y,no,no
oci:06460246355-062401231253,omid:br/06460246355,omid:br/062401231253,2007,P3Y,no,no
oci:06460246355-062603132148,omid:br/06460246355,omid:br/062603132148,2007,P2Y,no,no
oci:06460246355-0690937640,omid:br/06460246355,omid:br/0690937640,2007,P6Y,no,no
oci:06460246355-061603299777,omid:br/06460246355,omid:br/061603299777,2007,P3Y,no,no
oci:06460246355-061103297747,omid:br/06460246355,omid:br/061103297747,2007,P11Y,no,no
oci:06460246355-062101216711,omid:br/06460246355,omid:br/062101216711,2007,P6Y,no,no
oci:06460246355-061301574657,omid:br/06460246355,omid:br/061301574657,2007,P1Y,no,no
oci:06520250172-062503852558,omid:br/06520250172,omid:br/062503852558,2005,P40Y,no,no
oci:06520250172-06140863852,omid:br/06520250172,omid:br/06140863852,2005,P9Y,no,no
oci:06310247790-0670449118,omid:br/06310247790,omid:br/0670449118,2000,P4Y,no,no
oci:06470248395-061902432349,omid:br/06470248395,omid:br/061902432349,1998,P18Y,no,no
oci:06470248395-061902432393,omid:br/06470248395,omid:br/061902432393,1998,P7Y,no,no
oci:06470248395-061903593183,omid:br/06470248395,omid:br/061903593183,1998,,no,no
oci:06604010605-0610153814,omid:br/06604010605,omid:br/0610153814,2001,P13Y,no,no
oci:06604010605-061701481474,omid:br/06604010605,omid:br/061701481474,2001,P12Y,no,no
oci:06604010605-06140744182,omid:br/06604010605,omid:br/06140744182,2001,P8Y,no,no
oci:06604010605-061501431403,omid:br/06604010605,omid:br/061501431403,2001,P9Y,no,no
oci:06604010605-06302352217,omid:br/06604010605,omid:br/06302352217,2001,P2Y,no,no
oci:06604010605-062201297363,omid:br/06604010605,omid:br/062201297363,2001,P1Y,no,no
oci:06410254176-06240518581,omid:br/06410254176,omid:br/06240518581,1998,P10Y,no,no
oci:06410254176-06160872586,omid:br/06410254176,omid:br/06160872586,1998,P15Y,no,no
oci:06410254176-06210863057,omid:br/06410254176,omid:br/06210863057,1998,P12Y,no,no
oci:06290253697-06110826972,omid:br/06290253697,omid:br/06110826972,2011,P7Y,no,no
oci:062504086202-0640490414,omid:br/062504086202,omid:br/0640490414,1998,P34Y,no,no
oci:062504086202-06370261087,omid:br/062504086202,omid:br/06370261087,1998,P6Y,yes,no
oci:062504086202-062504085581,omid:br/062504086202,omid:br/062504085581,1998,P4Y,yes,no
oci:062504086202-06480249245,omid:br/062504086202,omid:br/06480249245,1998,P3Y,yes,no
oci:06470247794-0651039251,omid:br/06470247794,omid:br/0651039251,2002,P2Y,no,no
oci:06470247794-062501498131,omid:br/06470247794,omid:br/062501498131,2002,P1Y,no,no
oci:06470247794-06204051747,omid:br/06470247794,omid:br/06204051747,2002,P3Y,no,no
oci:06350251294-061702096687,omid:br/06350251294,omid:br/061702096687,2011,P7Y,no,no
oci:06350251294-061702096525,omid:br/06350251294,omid:br/061702096525,2011,P3Y,no,no
oci:06350251294-061702096491,omid:br/06350251294,omid:br/061702096491,2011,P3Y,no,no
oci:06320242745-06360246303,omid:br/06320242745,omid:br/06360246303,2006,P1Y,yes,no
oci:06330256634-06180267547,omid:br/06330256634,omid:br/06180267547,2006,P9Y,no,no
oci:06330256634-061501490962,omid:br/06330256634,omid:br/061501490962,2006,P9Y,no,no
oci:06330256634-0604526091,omid:br/06330256634,omid:br/0604526091,2006,P3Y,no,no
oci:06330256634-0650500575,omid:br/06330256634,omid:br/0650500575,2006,P3Y,no,no
oci:06330256634-06130491448,omid:br/06330256634,omid:br/06130491448,2006,P6Y,no,no
oci:06330256634-061903720903,omid:br/06330256634,omid:br/061903720903,2006,P6Y,no,no
oci:06330256634-061301096789,omid:br/06330256634,omid:br/061301096789,2006,P11Y,no,no
oci:06330256634-06201128027,omid:br/06330256634,omid:br/06201128027,2006,P2Y,no,no
oci:06330256634-06201128240,omid:br/06330256634,omid:br/06201128240,2006,P5Y,no,no
oci:06330256634-06290254232,omid:br/06330256634,omid:br/06290254232,2006,P1Y,yes,no
oci:06360245902-06430250299,omid:br/06360245902,omid:br/06430250299,1995,P1Y,yes,no
oci:06460246573-061301362527,omid:br/06460246573,omid:br/061301362527,2019,P9Y,no,no
oci:06340256220-06403998393,omid:br/06340256220,omid:br/06403998393,1995,,no,no
oci:06340256220-061103763008,omid:br/06340256220,omid:br/061103763008,1995,P2Y,no,no
oci:06340256220-0629049827,omid:br/06340256220,omid:br/0629049827,1995,P1Y,no,no
oci:06340256220-061602036048,omid:br/06340256220,omid:br/061602036048,1995,P4Y,no,no
oci:06340256220-06801302980,omid:br/06340256220,omid:br/06801302980,1995,P3Y,no,no
oci:06340256220-06102318428,omid:br/06340256220,omid:br/06102318428,1995,P0Y,no,no
oci:06340256220-062204107946,omid:br/06340256220,omid:br/062204107946,1995,P1Y,no,no
oci:06340256220-06204043270,omid:br/06340256220,omid:br/06204043270,1995,P2Y,no,no
oci:06340256220-06804151260,omid:br/06340256220,omid:br/06804151260,1995,P4Y,no,no
oci:06340256220-06104180147,omid:br/06340256220,omid:br/06104180147,1995,P2Y,no,no
oci:06340256220-06150487460,omid:br/06340256220,omid:br/06150487460,1995,P6Y,no,no
oci:06470248466-061802042230,omid:br/06470248466,omid:br/061802042230,1998,P11Y,no,no
oci:06470248466-061503710520,omid:br/06470248466,omid:br/061503710520,1998,P11Y,no,no
oci:06470248466-06190871601,omid:br/06470248466,omid:br/06190871601,1998,P20Y,no,no
oci:06470248466-061702201791,omid:br/06470248466,omid:br/061702201791,1998,P6Y,no,no
oci:06530257559-061302704073,omid:br/06530257559,omid:br/061302704073,2011,P9Y,no,no
oci:06530257559-061603510099,omid:br/06530257559,omid:br/061603510099,2011,P10Y,no,no
oci:06530257559-061903509016,omid:br/06530257559,omid:br/061903509016,2011,P10Y,no,no
oci:06530257559-06602599059,omid:br/06530257559,omid:br/06602599059,2011,P7Y,no,no
oci:06530257559-061703061252,omid:br/06530257559,omid:br/061703061252,2011,P24Y,no,no
oci:06530257559-0647022882,omid:br/06530257559,omid:br/0647022882,2011,P20Y,no,no
oci:06530257559-0660487658,omid:br/06530257559,omid:br/0660487658,2011,P23Y,no,no
oci:06530257559-061703512069,omid:br/06530257559,omid:br/061703512069,2011,P14Y,no,no
oci:06530257559-0650487822,omid:br/06530257559,omid:br/0650487822,2011,P33Y,no,no
oci:06530257559-06190488984,omid:br/06530257559,omid:br/06190488984,2011,P30Y,no,no
oci:0631085387-0604526130,omid:br/0631085387,omid:br/0604526130,2007,P4Y,no,no
oci:06320242746-06704114084,omid:br/06320242746,omid:br/06704114084,2006,P17Y,no,no
oci:06320242746-06803899656,omid:br/06320242746,omid:br/06803899656,2006,P5Y,no,no
oci:06320242746-061203720606,omid:br/06320242746,omid:br/061203720606,2006,P7Y,no,no
oci:06320242746-062602209670,omid:br/06320242746,omid:br/062602209670,2006,P14Y,no,no
oci:06460246358-06110492484,omid:br/06460246358,omid:br/06110492484,2007,P2Y,no,no
oci:06460246358-061703752538,omid:br/06460246358,omid:br/061703752538,2007,P4Y,no,no
oci:06460246358-0624089642,omid:br/06460246358,omid:br/0624089642,2007,P6Y,no,no
oci:06460246358-061603744988,omid:br/06460246358,omid:br/061603744988,2007,P5Y,no,no
oci:06360246142-062201881347,omid:br/06360246142,omid:br/062201881347,2007,P4Y,no,no
oci:06360246142-0651038821,omid:br/06360246142,omid:br/0651038821,2007,P7Y,no,no
oci:06360246142-06510261956,omid:br/06360246142,omid:br/06510261956,2007,P12Y,yes,no
oci:06360246142-06460246977,omid:br/06360246142,omid:br/06460246977,2007,P16Y,yes,no
oci:06360246142-06380250478,omid:br/06360246142,omid:br/06380250478,2007,P8Y,yes,no
oci:06360246142-06320242637,omid:br/06360246142,omid:br/06320242637,2007,P3Y,yes,no
oci:06360246142-06380250492,omid:br/06360246142,omid:br/06380250492,2007,P8Y,yes,no
oci:06350251325-0620263234,omid:br/06350251325,omid:br/0620263234,2011,P7Y,no,no
oci:061903586366-061702232436,omid:br/061903586366,omid:br/061702232436,1996,P6Y,no,no
oci:061903586366-061603584382,omid:br/061903586366,omid:br/061603584382,1996,P4Y,yes,no
oci:06360246046-06210969263,omid:br/06360246046,omid:br/06210969263,2003,P1Y,no,no
oci:06104521409-06280265676,omid:br/06104521409,omid:br/06280265676,2008,P2Y,yes,no
oci:06430250087-061902199299,omid:br/06430250087,omid:br/061902199299,1996,P3Y,no,no
oci:06420251209-0641038511,omid:br/06420251209,omid:br/0641038511,2012,P24Y,no,no
oci:06420251209-061102611665,omid:br/06420251209,omid:br/061102611665,2012,P16Y,no,no
oci:06420251209-062203576255,omid:br/06420251209,omid:br/062203576255,2012,P16Y,no,no
oci:06420251209-06503005120,omid:br/06420251209,omid:br/06503005120,2012,P18Y,no,no
oci:06370260599-061303946683,omid:br/06370260599,omid:br/061303946683,2002,P8Y,no,no
oci:06420250925-06140836334,omid:br/06420250925,omid:br/06140836334,2000,P16Y,no,no
oci:06430127134-061303703740,omid:br/06430127134,omid:br/061303703740,2009,P9Y,no,no
oci:06430127134-061904059110,omid:br/06430127134,omid:br/061904059110,2009,P1Y,no,no
oci:06430250034-06370261547,omid:br/06430250034,omid:br/06370261547,1996,P5Y,no,no
oci:06320242739-06230562060,omid:br/06320242739,omid:br/06230562060,2006,P4Y,no,no
oci:06390259392-0604518824,omid:br/06390259392,omid:br/0604518824,2010,P1Y,yes,no
oci:06410254449-06480249681,omid:br/06410254449,omid:br/06480249681,2010,P4Y,yes,no
oci:06410254449-06290253483,omid:br/06410254449,omid:br/06290253483,2010,P9Y,yes,no
oci:06410254449-06510262129,omid:br/06410254449,omid:br/06510262129,2010,P9Y,yes,no
oci:06470247778-0630264203,omid:br/06470247778,omid:br/0630264203,2002,P3Y,no,no
oci:06470247778-06440133009,omid:br/06470247778,omid:br/06440133009,2002,,no,no
oci:06470247778-06803983631,omid:br/06470247778,omid:br/06803983631,2002,,no,no
oci:06510262625-061301574668,omid:br/06510262625,omid:br/061301574668,2011,P5Y,no,no
oci:06510262625-0650827095,omid:br/06510262625,omid:br/0650827095,2011,P15Y,no,no
oci:06510262625-061901582754,omid:br/06510262625,omid:br/061901582754,2011,P7Y,no,no
oci:06510262625-06901599070,omid:br/06510262625,omid:br/06901599070,2011,P4Y,no,no
oci:06460247129-06130260979,omid:br/06460247129,omid:br/06130260979,2004,P6Y,no,no
oci:06460247129-06120724199,omid:br/06460247129,omid:br/06120724199,2004,P11Y,no,no
oci:06460247129-06802574816,omid:br/06460247129,omid:br/06802574816,2004,P3Y,no,no
oci:06460247129-06802575169,omid:br/06460247129,omid:br/06802575169,2004,P2Y,no,no
oci:06460247129-0640819703,omid:br/06460247129,omid:br/0640819703,2004,P16Y,no,no
oci:06290253714-061603299777,omid:br/06290253714,omid:br/061603299777,2011,P7Y,no,no
oci:06290253714-061701670338,omid:br/06290253714,omid:br/061701670338,2011,P7Y,no,no
oci:06350251335-06350251948,omid:br/06350251335,omid:br/06350251948,2011,P4Y,yes,no
oci:06350251335-06340256945,omid:br/06350251335,omid:br/06340256945,2011,P1Y,yes,no
oci:06350251335-06802593326,omid:br/06350251335,omid:br/06802593326,2011,P4Y,no,no
oci:06350251335-06270219327,omid:br/06350251335,omid:br/06270219327,2011,P4Y,no,no
oci:06350251335-06280213771,omid:br/06350251335,omid:br/06280213771,2011,P9Y,no,no
oci:06350251335-06270218952,omid:br/06350251335,omid:br/06270218952,2011,P6Y,no,no
oci:06104521457-06202305354,omid:br/06104521457,omid:br/06202305354,2008,P11Y,no,no
oci:06104521457-06160266170,omid:br/06104521457,omid:br/06160266170,2008,P10Y,no,no
oci:06104521457-06160266184,omid:br/06104521457,omid:br/06160266184,2008,P6Y,no,no
oci:06104521457-06120811324,omid:br/06104521457,omid:br/06120811324,2008,P5Y,no,no
oci:06104521457-0620263170,omid:br/06104521457,omid:br/0620263170,2008,P4Y,no,no
oci:06104521457-0660300529,omid:br/06104521457,omid:br/0660300529,2008,P4Y,no,no
oci:06330256351-0631027519,omid:br/06330256351,omid:br/0631027519,2000,P13Y,no,no
oci:06330256351-06190978633,omid:br/06330256351,omid:br/06190978633,2000,P3Y,no,no
oci:06330256351-06260995057,omid:br/06330256351,omid:br/06260995057,2000,P8Y,no,no
oci:06330256351-0610624382,omid:br/06330256351,omid:br/0610624382,2000,P50Y,no,no
oci:06330256351-06220973633,omid:br/06330256351,omid:br/06220973633,2000,P9Y,no,no
oci:06330256351-062603751308,omid:br/06330256351,omid:br/062603751308,2000,P3Y,no,no
oci:06330256351-061603671412,omid:br/06330256351,omid:br/061603671412,2000,P15Y,no,no
oci:06330256351-0650264454,omid:br/06330256351,omid:br/0650264454,2000,P21Y,no,no
oci:06330256351-06240954708,omid:br/06330256351,omid:br/06240954708,2000,P20Y,no,no
oci:06330256351-06240946945,omid:br/06330256351,omid:br/06240946945,2000,P9Y,no,no
oci:06330256351-06250967466,omid:br/06330256351,omid:br/06250967466,2000,P8Y,no,no
oci:06330256351-06902606932,omid:br/06330256351,omid:br/06902606932,2000,P9Y,no,no
oci:06330256351-061603670985,omid:br/06330256351,omid:br/061603670985,2000,P10Y,no,no
oci:06330256351-06220973945,omid:br/06330256351,omid:br/06220973945,2000,P7Y,no,no
oci:06330256351-06220974302,omid:br/06330256351,omid:br/06220974302,2000,P12Y,no,no
oci:06330256351-061302247426,omid:br/06330256351,omid:br/061302247426,2000,P3Y,no,no
oci:06330256351-061203604352,omid:br/06330256351,omid:br/061203604352,2000,P43Y,no,no
oci:06330256351-061803664760,omid:br/06330256351,omid:br/061803664760,2000,P1Y,no,no
oci:06330256351-06240955147,omid:br/06330256351,omid:br/06240955147,2000,P8Y,no,no
oci:06330256351-06110734136,omid:br/06330256351,omid:br/06110734136,2000,P14Y,no,no
oci:06330256351-06260994863,omid:br/06330256351,omid:br/06260994863,2000,P16Y,no,no
oci:06330256351-06170873361,omid:br/06330256351,omid:br/06170873361,2000,P19Y,no,no
oci:06330256351-061603671104,omid:br/06330256351,omid:br/061603671104,2000,P11Y,no,no
oci:06330256351-06230967586,omid:br/06330256351,omid:br/06230967586,2000,P10Y,no,no
oci:06330256351-06220521799,omid:br/06330256351,omid:br/06220521799,2000,P20Y,no,no
oci:06330256351-06110734038,omid:br/06330256351,omid:br/06110734038,2000,P10Y,no,no
oci:06330256351-06230967159,omid:br/06330256351,omid:br/06230967159,2000,P9Y,no,no
oci:06330256351-06230967695,omid:br/06330256351,omid:br/06230967695,2000,P11Y,no,no
oci:06330256351-06160690098,omid:br/06330256351,omid:br/06160690098,2000,P22Y,no,no
oci:06330256351-06230967124,omid:br/06330256351,omid:br/06230967124,2000,P13Y,no,no
oci:06330256351-06240955037,omid:br/06330256351,omid:br/06240955037,2000,P9Y,no,no
oci:06330256351-06703890895,omid:br/06330256351,omid:br/06703890895,2000,P4Y,no,no
oci:06330256351-061101435204,omid:br/06330256351,omid:br/061101435204,2000,P17Y,no,no
oci:06330256351-06902607025,omid:br/06330256351,omid:br/06902607025,2000,P9Y,no,no
oci:06330256351-06902607124,omid:br/06330256351,omid:br/06902607124,2000,P3Y,no,no
oci:06330256351-06420251264,omid:br/06330256351,omid:br/06420251264,2000,P18Y,yes,no
oci:06470248254-061203669122,omid:br/06470248254,omid:br/061203669122,2000,P11Y,no,no
oci:06470248254-0641038830,omid:br/06470248254,omid:br/0641038830,2000,P13Y,no,no
oci:06450251341-06160918181,omid:br/06450251341,omid:br/06160918181,2007,P17Y,no,no
oci:06450251341-06203457788,omid:br/06450251341,omid:br/06203457788,2007,P14Y,no,no
oci:06450251341-061103100123,omid:br/06450251341,omid:br/061103100123,2007,P2Y,no,no
oci:06350251345-061303782722,omid:br/06350251345,omid:br/061303782722,2011,P9Y,no,no
oci:06350251345-06104521456,omid:br/06350251345,omid:br/06104521456,2011,P3Y,yes,no
oci:06350251345-0660272176,omid:br/06350251345,omid:br/0660272176,2011,P8Y,no,no
oci:06350251345-061403087266,omid:br/06350251345,omid:br/061403087266,2011,P7Y,no,no
oci:06350251345-061303094944,omid:br/06350251345,omid:br/061303094944,2011,P6Y,no,no
oci:06420251730-06260489047,omid:br/06420251730,omid:br/06260489047,1997,P22Y,no,no
oci:06420251730-061703603039,omid:br/06420251730,omid:br/061703603039,1997,P13Y,no,no
oci:06420251730-06104080347,omid:br/06420251730,omid:br/06104080347,1997,P10Y,no,no
oci:06420251730-061601435318,omid:br/06420251730,omid:br/061601435318,1997,P12Y,no,no
oci:06420251730-06701475471,omid:br/06420251730,omid:br/06701475471,1997,P25Y,no,no
oci:06420251730-061603671143,omid:br/06420251730,omid:br/061603671143,1997,P9Y,no,no
oci:06420251730-062503569740,omid:br/06420251730,omid:br/062503569740,1997,P13Y,no,no
oci:06420251730-06503998892,omid:br/06420251730,omid:br/06503998892,1997,P10Y,no,no
oci:06420251730-06601209589,omid:br/06420251730,omid:br/06601209589,1997,P10Y,no,no
oci:06420251730-061703674684,omid:br/06420251730,omid:br/061703674684,1997,P30Y,no,no
oci:06420251730-06510262310,omid:br/06420251730,omid:br/06510262310,1997,P8Y,yes,no
oci:06420251730-06280265214,omid:br/06420251730,omid:br/06280265214,1997,P11Y,yes,no
oci:061503575927-062203740106,omid:br/061503575927,omid:br/062203740106,2007,P8Y,no,no
oci:061503575927-06170803315,omid:br/061503575927,omid:br/06170803315,2007,P2Y,no,no
oci:061503575927-06170803314,omid:br/061503575927,omid:br/06170803314,2007,P2Y,no,no
oci:061503575927-06170803270,omid:br/061503575927,omid:br/06170803270,2007,P2Y,no,no
oci:061503575927-06160802405,omid:br/061503575927,omid:br/06160802405,2007,P1Y,no,no
oci:061503575927-062203739992,omid:br/061503575927,omid:br/062203739992,2007,P9Y,no,no
oci:061503575927-06901256282,omid:br/061503575927,omid:br/06901256282,2007,P5Y,no,no
oci:061503575927-061701242409,omid:br/061503575927,omid:br/061701242409,2007,P6Y,no,no
oci:061503575927-061701242154,omid:br/061503575927,omid:br/061701242154,2007,P1Y,no,no
oci:061503575927-061701242153,omid:br/061503575927,omid:br/061701242153,2007,P1Y,no,no
oci:061503575927-061701242562,omid:br/061503575927,omid:br/061701242562,2007,P6Y,no,no
oci:061503575927-0648037252,omid:br/061503575927,omid:br/0648037252,2007,P12Y,no,no
oci:061503575927-06170803259,omid:br/061503575927,omid:br/06170803259,2007,P2Y,no,no
oci:061503575927-061703726342,omid:br/061503575927,omid:br/061703726342,2007,P3Y,no,no
oci:061503575927-06220793663,omid:br/061503575927,omid:br/06220793663,2007,P5Y,no,no
oci:061503575927-061703726111,omid:br/061503575927,omid:br/061703726111,2007,P10Y,no,no
oci:061503575927-062603084933,omid:br/061503575927,omid:br/062603084933,2007,P7Y,no,no
oci:061503575927-061701242170,omid:br/061503575927,omid:br/061701242170,2007,P2Y,no,no
oci:061503575927-062203740053,omid:br/061503575927,omid:br/062203740053,2007,P8Y,no,no
oci:061503575927-0604439094,omid:br/061503575927,omid:br/0604439094,2007,P5Y,no,no
oci:061503575927-06403300159,omid:br/061503575927,omid:br/06403300159,2007,P26Y,no,no
oci:062504086183-061502254919,omid:br/062504086183,omid:br/061502254919,1998,P19Y,no,no
oci:06290253698-0650297202,omid:br/06290253698,omid:br/0650297202,2011,P12Y,no,no
oci:06290253698-0630263329,omid:br/06290253698,omid:br/0630263329,2011,P8Y,no,no
oci:06290253698-061101578413,omid:br/06290253698,omid:br/061101578413,2011,P4Y,no,no
oci:06290253698-061501491450,omid:br/06290253698,omid:br/061501491450,2011,P7Y,no,no
oci:06290253698-0638026247,omid:br/06290253698,omid:br/0638026247,2011,P3Y,no,no
oci:06290253698-061601495472,omid:br/06290253698,omid:br/061601495472,2011,P14Y,no,no
oci:06290253698-06601215771,omid:br/06290253698,omid:br/06601215771,2011,P12Y,no,no
oci:06290253698-062102038035,omid:br/06290253698,omid:br/062102038035,2011,P14Y,no,no
oci:06290253698-061901250011,omid:br/06290253698,omid:br/061901250011,2011,P6Y,no,no
oci:06290253698-06902733210,omid:br/06290253698,omid:br/06902733210,2011,P6Y,no,no
oci:06290253698-06102441222,omid:br/06290253698,omid:br/06102441222,2011,P11Y,no,no
oci:06510262151-0660358193,omid:br/06510262151,omid:br/0660358193,2001,P21Y,no,no
oci:06510262151-062202404650,omid:br/06510262151,omid:br/062202404650,2001,P6Y,no,no
oci:06510262151-06901498393,omid:br/06510262151,omid:br/06901498393,2001,P4Y,no,no
oci:06510262151-06360245947,omid:br/06510262151,omid:br/06360245947,2001,P3Y,yes,no
oci:06510262151-062603927585,omid:br/06510262151,omid:br/062603927585,2001,,no,no
oci:06490248872-061501491202,omid:br/06490248872,omid:br/061501491202,2006,P3Y,no,no
oci:06490248872-0604526091,omid:br/06490248872,omid:br/0604526091,2006,P3Y,no,no
oci:06490248872-062101274054,omid:br/06490248872,omid:br/062101274054,2006,P6Y,no,no
oci:06490248872-061903720903,omid:br/06490248872,omid:br/061903720903,2006,P6Y,no,no
oci:06310247215-061301574668,omid:br/06310247215,omid:br/061301574668,2009,P3Y,no,no
oci:06310247215-061301574657,omid:br/06310247215,omid:br/061301574657,2009,P3Y,no,no
oci:06310247215-061301574670,omid:br/06310247215,omid:br/061301574670,2009,P3Y,no,no
oci:06310247215-061301573639,omid:br/06310247215,omid:br/061301573639,2009,P19Y,no,no
oci:06310247215-061501580137,omid:br/06310247215,omid:br/061501580137,2009,P9Y,no,no
oci:06310247215-061801576317,omid:br/06310247215,omid:br/061801576317,2009,P6Y,no,no
oci:06310247215-061401563391,omid:br/06310247215,omid:br/061401563391,2009,P12Y,no,no
oci:06310247215-06160802097,omid:br/06310247215,omid:br/06160802097,2009,P2Y,no,no
oci:06310247215-061901582032,omid:br/06310247215,omid:br/061901582032,2009,P7Y,no,no
oci:06310247215-06220950359,omid:br/06310247215,omid:br/06220950359,2009,P3Y,no,no
oci:06310247215-06230945483,omid:br/06310247215,omid:br/06230945483,2009,P5Y,no,no
oci:06350251497-06110952584,omid:br/06350251497,omid:br/06110952584,1999,P1Y,no,no
oci:06350251497-0604493847,omid:br/06350251497,omid:br/0604493847,1999,P4Y,no,no
oci:06350251497-06602403611,omid:br/06350251497,omid:br/06602403611,1999,P9Y,no,no
oci:06350251497-06104180147,omid:br/06350251497,omid:br/06104180147,1999,P6Y,no,no
oci:06350251497-0630487208,omid:br/06350251497,omid:br/0630487208,1999,P6Y,no,no
oci:06350251497-06250483892,omid:br/06350251497,omid:br/06250483892,1999,P6Y,no,no
oci:06350251497-062501784015,omid:br/06350251497,omid:br/062501784015,1999,P2Y,no,no
oci:06350251497-0640488159,omid:br/06350251497,omid:br/0640488159,1999,P5Y,no,no
oci:06350251497-06190843225,omid:br/06350251497,omid:br/06190843225,1999,P10Y,no,no
oci:06350251497-06130811761,omid:br/06350251497,omid:br/06130811761,1999,P4Y,no,no
oci:06350251497-0630484164,omid:br/06350251497,omid:br/0630484164,1999,P5Y,no,no
oci:06350251497-06260500723,omid:br/06350251497,omid:br/06260500723,1999,P4Y,no,no
oci:06350251497-061903508865,omid:br/06350251497,omid:br/061903508865,1999,P2Y,no,no
oci:06290253924-06190800670,omid:br/06290253924,omid:br/06190800670,2010,P17Y,no,no
oci:06290253924-061501674006,omid:br/06290253924,omid:br/061501674006,2010,P3Y,no,no
oci:06290253924-061501674477,omid:br/06290253924,omid:br/061501674477,2010,P5Y,no,no
oci:06290253924-06220951424,omid:br/06290253924,omid:br/06220951424,2010,P9Y,no,no
oci:06290253924-0670953600,omid:br/06290253924,omid:br/0670953600,2010,P11Y,no,no
oci:06290253924-06210946228,omid:br/06290253924,omid:br/06210946228,2010,P17Y,no,no
oci:06290253924-061501674818,omid:br/06290253924,omid:br/061501674818,2010,P7Y,no,no
oci:06290253924-06220951169,omid:br/06290253924,omid:br/06220951169,2010,P12Y,no,no
oci:06410253774-061601495776,omid:br/06410253774,omid:br/061601495776,2013,P22Y,no,no
oci:06410253774-06160981083,omid:br/06410253774,omid:br/06160981083,2013,P4Y,no,no
oci:06410253774-061203720651,omid:br/06410253774,omid:br/061203720651,2013,P14Y,no,no
oci:06410253774-06250967918,omid:br/06410253774,omid:br/06250967918,2013,P10Y,no,no
oci:06410253774-0620263137,omid:br/06410253774,omid:br/0620263137,2013,P9Y,no,no
oci:06410253774-06220973975,omid:br/06410253774,omid:br/06220973975,2013,P12Y,no,no
oci:06410253774-06420251264,omid:br/06410253774,omid:br/06420251264,2013,P31Y,yes,no
oci:06410253774-06290253764,omid:br/06410253774,omid:br/06290253764,2013,P2Y,yes,no
oci:06470248207-06450250621,omid:br/06470248207,omid:br/06450250621,2000,P1Y,yes,no
oci:06430250019-06430250336,omid:br/06430250019,omid:br/06430250336,1996,P2Y,yes,no
oci:06430250019-062504086463,omid:br/06430250019,omid:br/062504086463,1996,P3Y,yes,no
oci:06380250421-06180969623,omid:br/06380250421,omid:br/06180969623,2013,P26Y,no,no
oci:06380250421-06220973947,omid:br/06380250421,omid:br/06220973947,2013,P20Y,no,no
oci:06380250421-062101494717,omid:br/06380250421,omid:br/062101494717,2013,P7Y,no,no
oci:06310247816-06110952584,omid:br/06310247816,omid:br/06110952584,2000,P2Y,no,no
oci:06310247816-061301573639,omid:br/06310247816,omid:br/061301573639,2000,P10Y,no,no
oci:06310247816-061901894034,omid:br/06310247816,omid:br/061901894034,2000,P7Y,no,no
oci:06310247816-061803664609,omid:br/06310247816,omid:br/061803664609,2000,P2Y,no,no
oci:06310247816-061503747087,omid:br/06310247816,omid:br/061503747087,2000,P4Y,no,no
oci:06310247816-062501473555,omid:br/06310247816,omid:br/062501473555,2000,P8Y,no,no
oci:06450250656-06604520152,omid:br/06450250656,omid:br/06604520152,1999,P7Y,no,no
oci:06310247431-06420251229,omid:br/06310247431,omid:br/06420251229,2013,P1Y,yes,no
oci:06310247431-06310213572,omid:br/06310247431,omid:br/06310213572,2013,P10Y,no,no
oci:06410254254-061702260840,omid:br/06410254254,omid:br/061702260840,1998,P10Y,no,no
oci:06320242409-0630869988,omid:br/06320242409,omid:br/0630869988,1996,P3Y,no,no
oci:06320242409-06250803624,omid:br/06320242409,omid:br/06250803624,1996,P8Y,no,no
oci:06320242409-06250803569,omid:br/06320242409,omid:br/06250803569,1996,P9Y,no,no
oci:06320242409-061902409804,omid:br/06320242409,omid:br/061902409804,1996,P3Y,no,no
oci:06320242409-061902409891,omid:br/06320242409,omid:br/061902409891,1996,P3Y,no,no
oci:06320242409-06210203229,omid:br/06320242409,omid:br/06210203229,1996,P4Y,no,no
oci:06320242409-061102667736,omid:br/06320242409,omid:br/061102667736,1996,P9Y,no,no
oci:06320242409-061401927112,omid:br/06320242409,omid:br/061401927112,1996,P11Y,no,no
oci:06320242409-0630111557,omid:br/06320242409,omid:br/0630111557,1996,P2Y,no,no
oci:06470248243-06160265899,omid:br/06470248243,omid:br/06160265899,2000,P6Y,no,no
oci:06470248243-06704114084,omid:br/06470248243,omid:br/06704114084,2000,P11Y,no,no
oci:06470248243-06190267537,omid:br/06470248243,omid:br/06190267537,2000,P2Y,no,no
oci:06470248243-0660359084,omid:br/06470248243,omid:br/0660359084,2000,P12Y,no,no
oci:06470248243-0630264040,omid:br/06470248243,omid:br/0630264040,2000,P2Y,no,no
oci:06504006306-0650827312,omid:br/06504006306,omid:br/0650827312,2008,P12Y,no,no
oci:06450251344-061401563443,omid:br/06450251344,omid:br/061401563443,2007,P10Y,no,no
oci:06450251344-061401562614,omid:br/06450251344,omid:br/061401562614,2007,P19Y,no,no
oci:06450251344-061301573639,omid:br/06450251344,omid:br/061301573639,2007,P17Y,no,no
oci:06450251344-06110952797,omid:br/06450251344,omid:br/06110952797,2007,P8Y,no,no
oci:06450251344-06180795948,omid:br/06450251344,omid:br/06180795948,2007,P4Y,no,no
oci:06450251344-0610930262,omid:br/06450251344,omid:br/0610930262,2007,P2Y,no,no
oci:06450251344-061501580121,omid:br/06450251344,omid:br/061501580121,2007,P9Y,no,no
oci:06450251344-061401563391,omid:br/06450251344,omid:br/061401563391,2007,P10Y,no,no
oci:06450251344-0614068149,omid:br/06450251344,omid:br/0614068149,2007,P4Y,no,no
oci:06450251344-062103729056,omid:br/06450251344,omid:br/062103729056,2007,P11Y,no,no
oci:06450251344-061501580137,omid:br/06450251344,omid:br/061501580137,2007,P7Y,no,no
oci:06450251344-06230945364,omid:br/06450251344,omid:br/06230945364,2007,P3Y,no,no
oci:06450251344-061803060786,omid:br/06450251344,omid:br/061803060786,2007,P8Y,no,no
oci:06450251344-061801575482,omid:br/06450251344,omid:br/061801575482,2007,P10Y,no,no
oci:06450251344-061701670338,omid:br/06450251344,omid:br/061701670338,2007,P3Y,no,no
oci:06450251344-061801575172,omid:br/06450251344,omid:br/061801575172,2007,P2Y,no,no
oci:06450251344-061701670160,omid:br/06450251344,omid:br/061701670160,2007,P2Y,no,no
oci:06104522056-061902432372,omid:br/06104522056,omid:br/061902432372,2008,P11Y,no,no
oci:06104522056-06702291080,omid:br/06104522056,omid:br/06702291080,2008,P4Y,no,no
oci:06104522056-062301480367,omid:br/06104522056,omid:br/062301480367,2008,P1Y,no,no
oci:06104522056-0604288275,omid:br/06104522056,omid:br/0604288275,2008,P1Y,no,no
oci:06320242405-062104060354,omid:br/06320242405,omid:br/062104060354,1996,P12Y,no,no
oci:06320242405-06370260405,omid:br/06320242405,omid:br/06370260405,1996,P5Y,yes,no
oci:06320242405-06470247721,omid:br/06320242405,omid:br/06470247721,1996,P4Y,yes,no
oci:06320242405-06370260358,omid:br/06320242405,omid:br/06370260358,1996,P5Y,yes,no
oci:06320242405-06320242352,omid:br/06320242405,omid:br/06320242352,1996,P0Y,yes,no
oci:06320242405-06380250123,omid:br/06320242405,omid:br/06380250123,1996,P3Y,yes,no
oci:06320242405-06530258105,omid:br/06320242405,omid:br/06530258105,1996,P1Y,yes,no
oci:06470248417-061803736036,omid:br/06470248417,omid:br/061803736036,1998,P8Y,no,no
oci:06470248417-06120656076,omid:br/06470248417,omid:br/06120656076,1998,P8Y,no,no
oci:06470248417-06120656430,omid:br/06470248417,omid:br/06120656430,1998,P7Y,no,no
oci:06470248417-062603789587,omid:br/06470248417,omid:br/062603789587,1998,P3Y,no,no
oci:06470248417-06190267376,omid:br/06470248417,omid:br/06190267376,1998,P15Y,no,no
oci:06470248417-061701007510,omid:br/06470248417,omid:br/061701007510,1998,P14Y,no,no
oci:06470248417-061403763442,omid:br/06470248417,omid:br/061403763442,1998,P11Y,no,no
oci:06470248417-062104109121,omid:br/06470248417,omid:br/062104109121,1998,P3Y,no,no
oci:06470248417-06130656104,omid:br/06470248417,omid:br/06130656104,1998,P6Y,no,no
oci:06470248417-062603789840,omid:br/06470248417,omid:br/062603789840,1998,P1Y,no,no
oci:06470247800-062401337531,omid:br/06470247800,omid:br/062401337531,2002,P5Y,no,no
oci:06470247800-061303322624,omid:br/06470247800,omid:br/061303322624,2002,P4Y,no,no
oci:06430250032-06120724229,omid:br/06430250032,omid:br/06120724229,1996,P5Y,no,no
oci:06430250032-061603671352,omid:br/06430250032,omid:br/061603671352,1996,P11Y,no,no
oci:06430250032-06360245920,omid:br/06430250032,omid:br/06360245920,1996,P1Y,yes,no
oci:06430250032-06104521279,omid:br/06430250032,omid:br/06104521279,1996,P1Y,yes,no
oci:06430250032-06430250336,omid:br/06430250032,omid:br/06430250336,1996,P2Y,yes,no
oci:06490249194-06402207855,omid:br/06490249194,omid:br/06402207855,1999,P2Y,no,no
oci:06430249763-06440226456,omid:br/06430249763,omid:br/06440226456,2012,P6Y,no,no
oci:06430249763-06440226624,omid:br/06430249763,omid:br/06440226624,2012,P3Y,no,no
oci:06430249763-06440226567,omid:br/06430249763,omid:br/06440226567,2012,P3Y,no,no
oci:06430249763-06190955657,omid:br/06430249763,omid:br/06190955657,2012,P40Y,no,no
oci:06320242455-061501674864,omid:br/06320242455,omid:br/061501674864,2007,P10Y,no,no
oci:06320242455-061501674435,omid:br/06320242455,omid:br/061501674435,2007,P2Y,no,no
oci:06320242455-061501674211,omid:br/06320242455,omid:br/061501674211,2007,P1Y,no,no
oci:06320242455-06210945655,omid:br/06320242455,omid:br/06210945655,2007,P19Y,no,no
oci:06320242455-06210945809,omid:br/06320242455,omid:br/06210945809,2007,P18Y,no,no
oci:06320242455-061801670483,omid:br/06320242455,omid:br/061801670483,2007,P11Y,no,no
oci:06460246283-0632048333,omid:br/06460246283,omid:br/0632048333,2007,P2Y,no,no
oci:06470247851-06160266160,omid:br/06470247851,omid:br/06160266160,2002,P3Y,no,no
oci:06340256956-06230651074,omid:br/06340256956,omid:br/06230651074,2004,P18Y,no,no
oci:06320242412-06480249439,omid:br/06320242412,omid:br/06480249439,1996,P4Y,yes,no
oci:06320242412-06370260697,omid:br/06320242412,omid:br/06370260697,1996,P2Y,yes,no
oci:06320242412-06480249483,omid:br/06320242412,omid:br/06480249483,1996,P4Y,yes,no
oci:06320242412-0604450002,omid:br/06320242412,omid:br/0604450002,1996,P2Y,yes,no
oci:06320242412-06470247670,omid:br/06320242412,omid:br/06470247670,1996,P4Y,yes,no
oci:06320242412-06470247754,omid:br/06320242412,omid:br/06470247754,1996,P4Y,yes,no
oci:06320242412-0604450039,omid:br/06320242412,omid:br/0604450039,1996,P2Y,yes,no
oci:06320242412-06104521600,omid:br/06320242412,omid:br/06104521600,1996,P3Y,yes,no
oci:06470247898-06420251589,omid:br/06470247898,omid:br/06420251589,2001,P14Y,yes,no
oci:06470247898-06320242366,omid:br/06470247898,omid:br/06320242366,2001,P5Y,yes,no
oci:06510262134-061803718030,omid:br/06510262134,omid:br/061803718030,2001,P15Y,no,no
oci:06510262134-06180954106,omid:br/06510262134,omid:br/06180954106,2001,P9Y,no,no
oci:06510262134-06210863008,omid:br/06510262134,omid:br/06210863008,2001,P16Y,no,no
oci:06290253629-061401562614,omid:br/06290253629,omid:br/061401562614,2001,P13Y,no,no
oci:06290253629-06901261397,omid:br/06290253629,omid:br/06901261397,2001,P14Y,no,no
oci:06290253629-064602279,omid:br/06290253629,omid:br/064602279,2001,P32Y,no,no
oci:06290253629-061403708074,omid:br/06290253629,omid:br/061403708074,2001,P14Y,no,no
oci:06290253629-06201206707,omid:br/06290253629,omid:br/06201206707,2001,P16Y,no,no
oci:06290253629-061803061024,omid:br/06290253629,omid:br/061803061024,2001,P3Y,no,no
oci:06280265127-06510261699,omid:br/06280265127,omid:br/06510261699,2002,P7Y,yes,no
oci:06280265127-06410254664,omid:br/06280265127,omid:br/06410254664,2002,P12Y,yes,no
oci:06280265127-06380250203,omid:br/06280265127,omid:br/06380250203,2002,P8Y,yes,no
oci:06470248232-06390258925,omid:br/06470248232,omid:br/06390258925,2000,P21Y,yes,no
oci:06470248232-06420251738,omid:br/06470248232,omid:br/06420251738,2000,P3Y,yes,no
oci:06470248232-06104521217,omid:br/06470248232,omid:br/06104521217,2000,P5Y,yes,no
oci:06470248232-06460246801,omid:br/06470248232,omid:br/06460246801,2000,P13Y,yes,no
oci:06310247888-06360246212,omid:br/06310247888,omid:br/06360246212,2012,P5Y,yes,no
oci:06310247888-06340256786,omid:br/06310247888,omid:br/06340256786,2012,P3Y,yes,no
oci:06490249049-061303957978,omid:br/06490249049,omid:br/061303957978,2002,P12Y,no,no
oci:06490249049-063404456,omid:br/06490249049,omid:br/063404456,2002,P11Y,no,no
oci:06490249049-061703675179,omid:br/06490249049,omid:br/061703675179,2002,P8Y,no,no
oci:06490249049-06510261969,omid:br/06490249049,omid:br/06510261969,2002,P7Y,yes,no
oci:06490249049-06380250534,omid:br/06490249049,omid:br/06380250534,2002,P3Y,yes,no
oci:06530258368-061403710513,omid:br/06530258368,omid:br/061403710513,2008,P8Y,no,no
oci:06530258368-061702793546,omid:br/06530258368,omid:br/061702793546,2008,P6Y,no,no
oci:06530258368-062101273675,omid:br/06530258368,omid:br/062101273675,2008,P11Y,no,no
oci:06510262130-06110925029,omid:br/06510262130,omid:br/06110925029,2001,P1Y,no,no
oci:062504086288-061801558714,omid:br/062504086288,omid:br/061801558714,2009,P6Y,no,no
oci:06320242645-061703674757,omid:br/06320242645,omid:br/061703674757,2004,P20Y,no,no
oci:06320242645-061604042030,omid:br/06320242645,omid:br/061604042030,2004,P3Y,no,no
oci:06320242645-0650528241,omid:br/06320242645,omid:br/0650528241,2004,P12Y,no,no
oci:06360245978-0680600805,omid:br/06360245978,omid:br/0680600805,1998,P11Y,no,no
oci:06360245978-0642028058,omid:br/06360245978,omid:br/0642028058,1998,P9Y,no,no
oci:06360245978-061702225825,omid:br/06360245978,omid:br/061702225825,1998,P16Y,no,no
oci:06360245978-061303056451,omid:br/06360245978,omid:br/061303056451,1998,P17Y,no,no
oci:06360245978-061503710159,omid:br/06360245978,omid:br/061503710159,1998,P22Y,no,no
oci:06360245978-06104521278,omid:br/06360245978,omid:br/06104521278,1998,P3Y,yes,no
oci:06470247918-062403762815,omid:br/06470247918,omid:br/062403762815,2001,P10Y,no,no
oci:06520250082-06803976469,omid:br/06520250082,omid:br/06803976469,2005,,no,no
oci:06520250082-06503922612,omid:br/06520250082,omid:br/06503922612,2005,P9Y,no,no
oci:06520250082-06701476048,omid:br/06520250082,omid:br/06701476048,2005,P7Y,no,no
oci:06520250082-06130479302,omid:br/06520250082,omid:br/06130479302,2005,P18Y,no,no
oci:06520250082-06320316141,omid:br/06520250082,omid:br/06320316141,2005,P6Y,no,no
oci:06520250082-06390259347,omid:br/06520250082,omid:br/06390259347,2005,P5Y,yes,no
oci:06520250082-0604228418,omid:br/06520250082,omid:br/0604228418,2005,P4Y,no,no
oci:062303980392-06260920192,omid:br/062303980392,omid:br/06260920192,1999,P3Y,no,no
oci:062303980392-061703591356,omid:br/062303980392,omid:br/061703591356,1999,P10Y,no,no
oci:062303980392-06170963844,omid:br/062303980392,omid:br/06170963844,1999,P4Y,no,no
oci:062303980392-062201599949,omid:br/062303980392,omid:br/062201599949,1999,P8Y,no,no
oci:062303980392-061701620717,omid:br/062303980392,omid:br/061701620717,1999,P7Y,no,no
oci:062303980392-062603613362,omid:br/062303980392,omid:br/062603613362,1999,,no,no
oci:062303980392-06903718635,omid:br/062303980392,omid:br/06903718635,1999,P2Y,no,no
oci:062303980392-06110733951,omid:br/062303980392,omid:br/06110733951,1999,P6Y,no,no
oci:062303980392-06303526979,omid:br/062303980392,omid:br/06303526979,1999,P4Y,no,no
oci:062303980392-062401431808,omid:br/062303980392,omid:br/062401431808,1999,P7Y,no,no
oci:0604222944-062201081692,omid:br/0604222944,omid:br/062201081692,2013,P37Y,no,no
oci:06430250071-061501295140,omid:br/06430250071,omid:br/061501295140,1996,P4Y,no,no
oci:06430250071-06104521267,omid:br/06430250071,omid:br/06104521267,1996,P1Y,yes,no
oci:06330256483-06104112519,omid:br/06330256483,omid:br/06104112519,1996,P7Y,no,no
oci:06330256483-06304306027,omid:br/06330256483,omid:br/06304306027,1996,P45Y,no,no
oci:06330256483-06210944543,omid:br/06330256483,omid:br/06210944543,1996,P22Y,no,no
oci:06390259363-061802873241,omid:br/06390259363,omid:br/061802873241,2000,P1Y,no,no
oci:06390259363-0604831513,omid:br/06390259363,omid:br/0604831513,2000,P1Y,no,no
oci:0604518897-061301574663,omid:br/0604518897,omid:br/061301574663,2009,P3Y,no,no
oci:0604518897-061901582583,omid:br/0604518897,omid:br/061901582583,2009,P5Y,no,no
oci:0604518897-06801583088,omid:br/0604518897,omid:br/06801583088,2009,P1Y,no,no
oci:0604518897-062502688683,omid:br/0604518897,omid:br/062502688683,2009,P9Y,no,no
oci:06320242135-062503634777,omid:br/06320242135,omid:br/062503634777,1997,P10Y,no,no
oci:06320242135-062601599942,omid:br/06320242135,omid:br/062601599942,1997,P18Y,no,no
oci:06320242135-062603506085,omid:br/06320242135,omid:br/062603506085,1997,P15Y,no,no
oci:06320242135-061702200998,omid:br/06320242135,omid:br/061702200998,1997,P12Y,no,no
oci:06320242135-06220864860,omid:br/06320242135,omid:br/06220864860,1997,P16Y,no,no
oci:06320242135-061303274892,omid:br/06320242135,omid:br/061303274892,1997,P12Y,no,no
oci:06330257150-0620263211,omid:br/06330257150,omid:br/0620263211,2012,P8Y,no,no
oci:06330257150-06290254132,omid:br/06330257150,omid:br/06290254132,2012,P5Y,yes,no
oci:06510262113-06301776520,omid:br/06510262113,omid:br/06301776520,2001,P2Y,no,no
oci:06320242352-062304068093,omid:br/06320242352,omid:br/062304068093,1996,P9Y,no,no
oci:06320242352-062304068145,omid:br/06320242352,omid:br/062304068145,1996,P10Y,no,no
oci:06320242352-06310234745,omid:br/06320242352,omid:br/06310234745,1996,P9Y,no,no
oci:06320242352-06370260357,omid:br/06320242352,omid:br/06370260357,1996,P5Y,yes,no
oci:06290253726-06180765956,omid:br/06290253726,omid:br/06180765956,2011,P8Y,no,no
oci:06290253726-06104521279,omid:br/06290253726,omid:br/06104521279,2011,P16Y,yes,no
oci:06290253726-06430250135,omid:br/06290253726,omid:br/06430250135,2011,P26Y,yes,no
oci:06290253726-06220973977,omid:br/06290253726,omid:br/06220973977,2011,P14Y,no,no
oci:06290253726-06390203929,omid:br/06290253726,omid:br/06390203929,2011,P9Y,no,no
oci:06510262521-06230468414,omid:br/06510262521,omid:br/06230468414,2003,P22Y,no,no
oci:06510262521-06160872662,omid:br/06510262521,omid:br/06160872662,2003,P15Y,no,no
oci:06510262521-06802575173,omid:br/06510262521,omid:br/06802575173,2003,P3Y,no,no
oci:06104522001-062201284767,omid:br/06104522001,omid:br/062201284767,2008,P13Y,no,no
oci:06104522001-06120223166,omid:br/06104522001,omid:br/06120223166,2008,P9Y,no,no
oci:06104522001-06104521600,omid:br/06104522001,omid:br/06104521600,2008,P15Y,yes,no
oci:06104522001-06801063269,omid:br/06104522001,omid:br/06801063269,2008,P2Y,no,no
oci:06390259405-061204043317,omid:br/06390259405,omid:br/061204043317,2010,P12Y,no,no
oci:0604518853-061301574668,omid:br/0604518853,omid:br/061301574668,2009,P3Y,no,no
oci:0604518853-061901581957,omid:br/0604518853,omid:br/061901581957,2009,P8Y,no,no
oci:0604518853-0637023969,omid:br/0604518853,omid:br/0637023969,2009,P2Y,no,no
oci:0604518853-061401563622,omid:br/0604518853,omid:br/061401563622,2009,P4Y,no,no
oci:062504086188-0604449995,omid:br/062504086188,omid:br/0604449995,1998,P4Y,yes,no
oci:06420251426-061502254679,omid:br/06420251426,omid:br/061502254679,2003,P14Y,no,no
oci:06310247389-062401456142,omid:br/06310247389,omid:br/062401456142,2013,P8Y,no,no
oci:06310247389-06104521399,omid:br/06310247389,omid:br/06104521399,2013,P5Y,yes,no
oci:06350251945-061501674864,omid:br/06350251945,omid:br/061501674864,2007,P10Y,no,no
oci:06350251945-06190800670,omid:br/06350251945,omid:br/06190800670,2007,P14Y,no,no
oci:06350251945-06702486647,omid:br/06350251945,omid:br/06702486647,2007,P7Y,no,no
oci:06350251945-061703729484,omid:br/06350251945,omid:br/061703729484,2007,P16Y,no,no
oci:06520250100-061702232157,omid:br/06520250100,omid:br/061702232157,2005,P19Y,no,no
oci:06480249636-061801575485,omid:br/06480249636,omid:br/061801575485,2006,P5Y,no,no
oci:06480249636-0650827095,omid:br/06480249636,omid:br/0650827095,2006,P10Y,no,no
oci:06280265708-062103728880,omid:br/06280265708,omid:br/062103728880,2006,P11Y,no,no
oci:06280265708-06120655824,omid:br/06280265708,omid:br/06120655824,2006,P20Y,no,no
oci:06280265708-062601499410,omid:br/06280265708,omid:br/062601499410,2006,P22Y,no,no
oci:06280265708-061603580726,omid:br/06280265708,omid:br/061603580726,2006,P24Y,no,no
oci:06280265708-061803736479,omid:br/06280265708,omid:br/061803736479,2006,P17Y,no,no
oci:06280265708-06102252430,omid:br/06280265708,omid:br/06102252430,2006,P2Y,no,no
oci:06280265708-0621076798,omid:br/06280265708,omid:br/0621076798,2006,P15Y,no,no
oci:06280265708-0690267605,omid:br/06280265708,omid:br/0690267605,2006,P14Y,no,no
oci:06280265708-06150360525,omid:br/06280265708,omid:br/06150360525,2006,P9Y,no,no
oci:06280265708-06250426625,omid:br/06280265708,omid:br/06250426625,2006,P5Y,no,no
oci:06280265708-0680847641,omid:br/06280265708,omid:br/0680847641,2006,P3Y,no,no
oci:06280265708-06110876529,omid:br/06280265708,omid:br/06110876529,2006,P2Y,no,no
oci:06280265708-06104080301,omid:br/06280265708,omid:br/06104080301,2006,P17Y,no,no
oci:06280265708-0641038583,omid:br/06280265708,omid:br/0641038583,2006,P16Y,no,no
oci:06280265708-061803735790,omid:br/06280265708,omid:br/061803735790,2006,P31Y,no,no
oci:06280265708-06170803499,omid:br/06280265708,omid:br/06170803499,2006,P2Y,no,no
oci:06280265708-06504010860,omid:br/06280265708,omid:br/06504010860,2006,,no,no
oci:06280265708-062403054262,omid:br/06280265708,omid:br/062403054262,2006,P16Y,no,no
oci:06280265708-061101754187,omid:br/06280265708,omid:br/061101754187,2006,P17Y,no,no
oci:06280265708-06203989525,omid:br/06280265708,omid:br/06203989525,2006,P17Y,no,no
oci:06470248253-0604516004,omid:br/06470248253,omid:br/0604516004,2000,P32Y,no,no
oci:06330256469-061604042030,omid:br/06330256469,omid:br/061604042030,2010,P9Y,no,no
oci:06330256469-061703674757,omid:br/06330256469,omid:br/061703674757,2010,P26Y,no,no
oci:06330256469-06150966718,omid:br/06330256469,omid:br/06150966718,2010,P22Y,no,no
oci:06330256469-06430250029,omid:br/06330256469,omid:br/06430250029,2010,P14Y,yes,no
oci:06330256469-06430250291,omid:br/06330256469,omid:br/06430250291,2010,P16Y,yes,no
oci:06480249275-0604449970,omid:br/06480249275,omid:br/0604449970,1995,P1Y,yes,no
oci:06450250650-062603667241,omid:br/06450250650,omid:br/062603667241,1999,P13Y,no,no
oci:06450250650-061501578774,omid:br/06450250650,omid:br/061501578774,1999,P13Y,no,no
oci:06450250650-06903311007,omid:br/06450250650,omid:br/06903311007,1999,P4Y,no,no
oci:06340256189-062204107944,omid:br/06340256189,omid:br/062204107944,1995,P11Y,no,no
oci:06340256189-061101497458,omid:br/06340256189,omid:br/061101497458,1995,P11Y,no,no
oci:06340256189-06401419651,omid:br/06340256189,omid:br/06401419651,1995,P20Y,no,no
oci:06340256189-06340256223,omid:br/06340256189,omid:br/06340256223,1995,P0Y,yes,no
oci:06470247808-061803054115,omid:br/06470247808,omid:br/061803054115,2002,P10Y,no,no
oci:06470247808-06240479137,omid:br/06470247808,omid:br/06240479137,2002,P19Y,no,no
oci:06504013723-061801515834,omid:br/06504013723,omid:br/061801515834,2017,P1Y,no,no
oci:06330256427-06220951103,omid:br/06330256427,omid:br/06220951103,2010,P12Y,no,no
oci:06330256427-061501674867,omid:br/06330256427,omid:br/061501674867,2010,P10Y,no,no
oci:061303572807-061601210456,omid:br/061303572807,omid:br/061601210456,2007,P3Y,no,no
oci:061303572807-061901230362,omid:br/061303572807,omid:br/061901230362,2007,P6Y,no,no
oci:061303572807-06260825181,omid:br/061303572807,omid:br/06260825181,2007,P12Y,no,no
oci:061303572807-06110913769,omid:br/061303572807,omid:br/06110913769,2007,P6Y,no,no
oci:061303572807-06702974055,omid:br/061303572807,omid:br/06702974055,2007,P5Y,no,no
oci:06510262564-06104112363,omid:br/06510262564,omid:br/06104112363,2011,P20Y,no,no
oci:06510262564-06420251264,omid:br/06510262564,omid:br/06420251264,2011,P29Y,yes,no
oci:06510262564-0604498284,omid:br/06510262564,omid:br/0604498284,2011,P19Y,yes,no
oci:06510262564-06350252142,omid:br/06510262564,omid:br/06350252142,2011,P14Y,yes,no
oci:06510262564-0604831519,omid:br/06510262564,omid:br/0604831519,2011,P18Y,no,no
oci:06510262564-061703675181,omid:br/06510262564,omid:br/061703675181,2011,P17Y,no,no
oci:06390259347-06503922612,omid:br/06390259347,omid:br/06503922612,2000,P4Y,no,no
oci:06350251323-06520250081,omid:br/06350251323,omid:br/06520250081,2011,P6Y,yes,no
oci:06350251323-0630263257,omid:br/06350251323,omid:br/0630263257,2011,P8Y,no,no
oci:06350251323-0630263278,omid:br/06350251323,omid:br/0630263278,2011,P8Y,no,no
oci:06340256789-06603225724,omid:br/06340256789,omid:br/06603225724,2009,P1Y,no,no
oci:06340256789-0604492433,omid:br/06340256789,omid:br/0604492433,2009,P4Y,no,no
oci:06470248387-0640268933,omid:br/06470248387,omid:br/0640268933,1998,P22Y,no,no
oci:06530258082-06510268125,omid:br/06530258082,omid:br/06510268125,1995,P8Y,no,no
oci:06530258082-06240946889,omid:br/06530258082,omid:br/06240946889,1995,P13Y,no,no
oci:06530258082-06280265133,omid:br/06530258082,omid:br/06280265133,1995,P9Y,yes,no
oci:06530258082-06520255612,omid:br/06530258082,omid:br/06520255612,1995,P12Y,no,no
oci:06340256780-062601896688,omid:br/06340256780,omid:br/062601896688,2009,P4Y,no,no
oci:06340256780-061401473912,omid:br/06340256780,omid:br/061401473912,2009,P17Y,no,no
oci:06340256780-061601495258,omid:br/06340256780,omid:br/061601495258,2009,P6Y,no,no
oci:06340256780-061601495863,omid:br/06340256780,omid:br/061601495863,2009,P2Y,no,no
oci:06340256780-061602882762,omid:br/06340256780,omid:br/061602882762,2009,P2Y,no,no
oci:06340256780-061704043190,omid:br/06340256780,omid:br/061704043190,2009,P4Y,no,no
oci:06340256780-062202052593,omid:br/06340256780,omid:br/062202052593,2009,P14Y,no,no
oci:06460246340-06140316212,omid:br/06460246340,omid:br/06140316212,2007,P1Y,no,no
oci:06460246340-061103137747,omid:br/06460246340,omid:br/061103137747,2007,P3Y,no,no
oci:0604083672-06210528390,omid:br/0604083672,omid:br/06210528390,1998,P5Y,no,no
oci:0604083672-06360310534,omid:br/0604083672,omid:br/06360310534,1998,P7Y,no,no
oci:06380250452-0604077888,omid:br/06380250452,omid:br/0604077888,1999,P9Y,no,no
oci:06380250452-06604571489,omid:br/06380250452,omid:br/06604571489,1999,P4Y,no,no
oci:06380250452-06604571517,omid:br/06380250452,omid:br/06604571517,1999,P4Y,no,no
oci:06380250452-06170964041,omid:br/06380250452,omid:br/06170964041,1999,P17Y,no,no
oci:06380250452-06190872167,omid:br/06380250452,omid:br/06190872167,1999,P15Y,no,no
oci:06380250452-06150966718,omid:br/06380250452,omid:br/06150966718,1999,P11Y,no,no
oci:06380250452-06140864015,omid:br/06380250452,omid:br/06140864015,1999,P8Y,no,no
oci:06380250452-062401009553,omid:br/06380250452,omid:br/062401009553,1999,P6Y,no,no
oci:06380250452-062301569672,omid:br/06380250452,omid:br/062301569672,1999,P3Y,no,no
oci:06380250452-06704540747,omid:br/06380250452,omid:br/06704540747,1999,P1Y,no,no
oci:06380250452-06220865330,omid:br/06380250452,omid:br/06220865330,1999,P9Y,no,no
oci:06380250452-0660948118,omid:br/06380250452,omid:br/0660948118,1999,P5Y,no,no
oci:06380250452-06270265230,omid:br/06380250452,omid:br/06270265230,1999,P23Y,yes,no
oci:06380250452-06490249179,omid:br/06380250452,omid:br/06490249179,1999,P16Y,yes,no
oci:06380250452-06430250379,omid:br/06380250452,omid:br/06430250379,1999,P5Y,yes,no
oci:06380250452-06410254633,omid:br/06380250452,omid:br/06410254633,1999,P9Y,yes,no
oci:061603594101-061702232445,omid:br/061603594101,omid:br/061702232445,1996,P8Y,no,no
oci:061603594101-061702232002,omid:br/061603594101,omid:br/061702232002,1996,P11Y,no,no
oci:06350251520-061601134457,omid:br/06350251520,omid:br/061601134457,1999,P7Y,no,no
oci:06350251520-062501540412,omid:br/06350251520,omid:br/062501540412,1999,P7Y,no,no
oci:06390259453-061301574670,omid:br/06390259453,omid:br/061301574670,2010,P4Y,no,no
oci:06390259453-061301574660,omid:br/06390259453,omid:br/061301574660,2010,P4Y,no,no
oci:06390259453-06901599025,omid:br/06390259453,omid:br/06901599025,2010,P8Y,no,no
oci:06390259453-06110952797,omid:br/06390259453,omid:br/06110952797,2010,P11Y,no,no
oci:06390259453-0649025156,omid:br/06390259453,omid:br/0649025156,2010,P9Y,no,no
oci:06390259453-061701582233,omid:br/06390259453,omid:br/061701582233,2010,P8Y,no,no
oci:06390259453-061301574668,omid:br/06390259453,omid:br/061301574668,2010,P4Y,no,no
oci:06390259453-06120942560,omid:br/06390259453,omid:br/06120942560,2010,P2Y,no,no
oci:06390259453-06903679756,omid:br/06390259453,omid:br/06903679756,2010,P7Y,no,no
oci:06390259453-061301574661,omid:br/06390259453,omid:br/061301574661,2010,P4Y,no,no
oci:06390259453-061901894034,omid:br/06390259453,omid:br/061901894034,2010,P17Y,no,no
oci:06390259453-0680931258,omid:br/06390259453,omid:br/0680931258,2010,P10Y,no,no
oci:06290253501-061503998388,omid:br/06290253501,omid:br/061503998388,2001,P5Y,no,no
oci:06290253501-06370260366,omid:br/06290253501,omid:br/06370260366,2001,P10Y,yes,no
oci:06460246357-06604141757,omid:br/06460246357,omid:br/06604141757,2007,P10Y,no,no
oci:06460246357-06604143055,omid:br/06460246357,omid:br/06604143055,2007,P2Y,no,no
oci:06460246357-061803780184,omid:br/06460246357,omid:br/061803780184,2007,P4Y,no,no
oci:06340257002-06504542834,omid:br/06340257002,omid:br/06504542834,2004,P18Y,no,no
oci:06340257002-061901353624,omid:br/06340257002,omid:br/061901353624,2004,P9Y,no,no
oci:06340257002-06320242629,omid:br/06340257002,omid:br/06320242629,2004,P0Y,yes,no
oci:06340257002-06901498412,omid:br/06340257002,omid:br/06901498412,2004,P5Y,no,no
oci:06510262148-061801220284,omid:br/06510262148,omid:br/061801220284,2001,P16Y,no,no
oci:06390259419-061301574663,omid:br/06390259419,omid:br/061301574663,2010,P4Y,no,no
oci:06390259419-061901582583,omid:br/06390259419,omid:br/061901582583,2010,P6Y,no,no
oci:06390259419-0637023969,omid:br/06390259419,omid:br/0637023969,2010,P3Y,no,no
oci:06390259419-06280224801,omid:br/06390259419,omid:br/06280224801,2010,P4Y,no,no
oci:06390259419-061702884153,omid:br/06390259419,omid:br/061702884153,2010,P0Y,no,no
oci:06390259419-0660929877,omid:br/06390259419,omid:br/0660929877,2010,P5Y,no,no
oci:06390259419-061904045043,omid:br/06390259419,omid:br/061904045043,2010,P3Y,no,no
oci:06390259419-061103100299,omid:br/06390259419,omid:br/061103100299,2010,P6Y,no,no
oci:06390259419-061801576458,omid:br/06390259419,omid:br/061801576458,2010,P8Y,no,no
oci:06390259419-062104032478,omid:br/06390259419,omid:br/062104032478,2010,P1Y,no,no
oci:06390259419-0604518843,omid:br/06390259419,omid:br/0604518843,2010,P1Y,yes,no
oci:06330256535-06420207812,omid:br/06330256535,omid:br/06420207812,1996,P9Y,no,no
oci:06350251948-06270219327,omid:br/06350251948,omid:br/06270219327,2007,P0Y,no,no
oci:06470248394-06104521259,omid:br/06470248394,omid:br/06104521259,1998,P3Y,yes,no
oci:06510261755-06604571506,omid:br/06510261755,omid:br/06604571506,1996,P1Y,no,no
oci:06450250643-06530294347,omid:br/06450250643,omid:br/06530294347,1999,P1Y,no,no
oci:06330257167-06402842765,omid:br/06330257167,omid:br/06402842765,2012,P12Y,no,no
oci:06104522071-0604288275,omid:br/06104522071,omid:br/0604288275,2008,P1Y,no,no
oci:06510262206-061901207633,omid:br/06510262206,omid:br/061901207633,2001,P14Y,no,no
oci:06330256386-0650953573,omid:br/06330256386,omid:br/0650953573,2010,P16Y,no,no
oci:06330256386-06220522539,omid:br/06330256386,omid:br/06220522539,2010,P33Y,no,no
oci:06330256386-061703675179,omid:br/06330256386,omid:br/061703675179,2010,P16Y,no,no
oci:06330256386-06450251304,omid:br/06330256386,omid:br/06450251304,2010,P3Y,yes,no
oci:06330256386-06280265717,omid:br/06330256386,omid:br/06280265717,2010,P4Y,yes,no
oci:06330256386-06502144098,omid:br/06330256386,omid:br/06502144098,2010,P5Y,no,no
oci:06420251097-061604042030,omid:br/06420251097,omid:br/061604042030,2003,P2Y,no,no
oci:06420251097-0651039657,omid:br/06420251097,omid:br/0651039657,2003,P4Y,no,no
oci:06530258133-0604831535,omid:br/06530258133,omid:br/0604831535,1995,P5Y,no,no
oci:06530258133-061803736062,omid:br/06530258133,omid:br/061803736062,1995,P3Y,no,no
oci:06530258133-0604072967,omid:br/06530258133,omid:br/0604072967,1995,P15Y,no,no
oci:06530258133-061301476149,omid:br/06530258133,omid:br/061301476149,1995,P11Y,no,no
oci:06530258133-0604072968,omid:br/06530258133,omid:br/0604072968,1995,P27Y,no,no
oci:06530258133-061602186387,omid:br/06530258133,omid:br/061602186387,1995,P13Y,no,no
oci:06530258133-0604072969,omid:br/06530258133,omid:br/0604072969,1995,P9Y,no,no
oci:06530258133-0604072970,omid:br/06530258133,omid:br/0604072970,1995,P7Y,no,no
oci:06530258133-0604072971,omid:br/06530258133,omid:br/0604072971,1995,P3Y,no,no
oci:06530258133-0604072972,omid:br/06530258133,omid:br/0604072972,1995,P16Y,no,no
oci:06530258133-0604449970,omid:br/06530258133,omid:br/0604449970,1995,P1Y,yes,no
oci:06350251841-062504086240,omid:br/06350251841,omid:br/062504086240,2004,P6Y,yes,no
oci:06340256786-06404572375,omid:br/06340256786,omid:br/06404572375,2009,P9Y,no,no
oci:06340256786-06504575585,omid:br/06340256786,omid:br/06504575585,2009,P9Y,no,no
oci:06340256786-06360246212,omid:br/06340256786,omid:br/06360246212,2009,P2Y,yes,no
oci:06340256786-06190841882,omid:br/06340256786,omid:br/06190841882,2009,P7Y,no,no
oci:06340256786-061801279700,omid:br/06340256786,omid:br/061801279700,2009,P7Y,no,no
oci:06290253974-061201568706,omid:br/06290253974,omid:br/061201568706,2010,P4Y,no,no
oci:06290253974-062202404772,omid:br/06290253974,omid:br/062202404772,2010,P8Y,no,no
oci:06104521765-06390259560,omid:br/06104521765,omid:br/06390259560,2008,P1Y,no,no
oci:06310247921-06302837275,omid:br/06310247921,omid:br/06302837275,2012,P5Y,no,no
oci:06360246451-061304017178,omid:br/06360246451,omid:br/061304017178,2003,P11Y,no,no
oci:06390259291-0604083684,omid:br/06390259291,omid:br/0604083684,2000,P2Y,yes,no
oci:06390259291-06410254174,omid:br/06390259291,omid:br/06410254174,2000,P2Y,yes,no
oci:06390259291-06360245934,omid:br/06390259291,omid:br/06360245934,2000,P2Y,yes,no
oci:06290253879-061804111826,omid:br/06290253879,omid:br/061804111826,2010,P5Y,no,no
oci:06290253879-06320316104,omid:br/06290253879,omid:br/06320316104,2010,P10Y,no,no
oci:06290253879-06320316451,omid:br/06290253879,omid:br/06320316451,2010,P6Y,no,no
oci:06290253879-06320316260,omid:br/06290253879,omid:br/06320316260,2010,P14Y,no,no
oci:06410253822-0620349710,omid:br/06410253822,omid:br/0620349710,2013,P14Y,no,no
oci:06410253822-06120352999,omid:br/06410253822,omid:br/06120352999,2013,P11Y,no,no
oci:06430250025-06530258319,omid:br/06430250025,omid:br/06530258319,1996,P3Y,yes,no
oci:06420251188-06370260330,omid:br/06420251188,omid:br/06370260330,2012,P21Y,yes,no
oci:06420251188-061604041491,omid:br/06420251188,omid:br/061604041491,2012,P10Y,no,no
oci:06410254192-0604831515,omid:br/06410254192,omid:br/0604831515,1998,P6Y,no,no
oci:06410254434-06360246280,omid:br/06410254434,omid:br/06360246280,2010,P5Y,yes,no
oci:06410254434-06460246772,omid:br/06410254434,omid:br/06460246772,2010,P23Y,yes,no
oci:06410254434-062504086211,omid:br/06410254434,omid:br/062504086211,2010,P12Y,yes,no
oci:06450251105-0660272157,omid:br/06450251105,omid:br/0660272157,2007,P4Y,no,no
oci:06450251105-061704043157,omid:br/06450251105,omid:br/061704043157,2007,P2Y,no,no
oci:06450251105-0660272116,omid:br/06450251105,omid:br/0660272116,2007,P4Y,no,no
oci:06450251105-062202031980,omid:br/06450251105,omid:br/062202031980,2007,P2Y,no,no
oci:06430250075-062101493442,omid:br/06430250075,omid:br/062101493442,1996,P7Y,no,no
oci:06430250075-06170316098,omid:br/06430250075,omid:br/06170316098,1996,P7Y,no,no
oci:06430250075-0648040086,omid:br/06430250075,omid:br/0648040086,1996,P4Y,no,no
oci:06430250075-0648039975,omid:br/06430250075,omid:br/0648039975,1996,P4Y,no,no
oci:06430250075-0648039509,omid:br/06430250075,omid:br/0648039509,1996,P5Y,no,no
oci:06430250075-061103664145,omid:br/06430250075,omid:br/061103664145,1996,P12Y,no,no
oci:06430250075-06230960225,omid:br/06430250075,omid:br/06230960225,1996,P12Y,no,no
oci:06430250075-06210203699,omid:br/06430250075,omid:br/06210203699,1996,P5Y,no,no
oci:06430250075-06170873892,omid:br/06430250075,omid:br/06170873892,1996,P12Y,no,no
oci:06430250075-06160918474,omid:br/06430250075,omid:br/06160918474,1996,P11Y,no,no
oci:06430250075-06140864015,omid:br/06430250075,omid:br/06140864015,1996,P5Y,no,no
oci:06430250075-06270265617,omid:br/06430250075,omid:br/06270265617,1996,P13Y,yes,no
oci:06430250075-06410254603,omid:br/06430250075,omid:br/06410254603,1996,P6Y,yes,no
oci:06430250075-06410254668,omid:br/06430250075,omid:br/06410254668,1996,P6Y,yes,no
oci:06430250075-06370260359,omid:br/06430250075,omid:br/06370260359,1996,P5Y,yes,no
oci:06430250075-06410254590,omid:br/06430250075,omid:br/06410254590,1996,P6Y,yes,no
oci:06430250075-06490249179,omid:br/06430250075,omid:br/06490249179,1996,P13Y,yes,no
oci:06430250075-062504086448,omid:br/06430250075,omid:br/062504086448,1996,P3Y,yes,no
oci:06430250075-06430250319,omid:br/06430250075,omid:br/06430250319,1996,P2Y,yes,no
oci:06430250075-06410254599,omid:br/06430250075,omid:br/06410254599,1996,P6Y,yes,no
oci:06430249771-06160726685,omid:br/06430249771,omid:br/06160726685,2012,P6Y,no,no
oci:06430249771-06320217190,omid:br/06430249771,omid:br/06320217190,2012,P25Y,no,no
oci:06430249771-06320217197,omid:br/06430249771,omid:br/06320217197,2012,P25Y,no,no
oci:06430249771-062203740072,omid:br/06430249771,omid:br/062203740072,2012,P13Y,no,no
oci:06430249771-06110882321,omid:br/06430249771,omid:br/06110882321,2012,P11Y,no,no
oci:06430249771-0680734439,omid:br/06430249771,omid:br/0680734439,2012,P19Y,no,no
oci:06430249771-06320217152,omid:br/06430249771,omid:br/06320217152,2012,P6Y,no,no
oci:06430249771-06404104901,omid:br/06430249771,omid:br/06404104901,2012,P18Y,no,no
oci:06530257591-06280287494,omid:br/06530257591,omid:br/06280287494,2011,P50Y,no,no
oci:06530257591-0604831529,omid:br/06530257591,omid:br/0604831529,2011,P26Y,no,no
oci:06530257591-06250978676,omid:br/06530257591,omid:br/06250978676,2011,P52Y,no,no
oci:06530257591-061403559539,omid:br/06530257591,omid:br/061403559539,2011,P0Y,no,no
oci:06350251672-06102578881,omid:br/06350251672,omid:br/06102578881,2004,P6Y,no,no
oci:06350251672-062602209678,omid:br/06350251672,omid:br/062602209678,2004,P10Y,no,no
oci:06350251672-06102578772,omid:br/06350251672,omid:br/06102578772,2004,P7Y,no,no
oci:06350251672-0647038147,omid:br/06350251672,omid:br/0647038147,2004,P12Y,no,no
oci:06350251672-061603671176,omid:br/06350251672,omid:br/061603671176,2004,P16Y,no,no
oci:06350251672-061401010161,omid:br/06350251672,omid:br/061401010161,2004,P12Y,no,no
oci:06350251672-06304498852,omid:br/06350251672,omid:br/06304498852,2004,P9Y,no,no
oci:06350251672-061401009673,omid:br/06350251672,omid:br/061401009673,2004,P11Y,no,no
oci:06350251672-061401009763,omid:br/06350251672,omid:br/061401009763,2004,P9Y,no,no
oci:06350251672-061401009926,omid:br/06350251672,omid:br/061401009926,2004,P20Y,no,no
oci:06350251672-0651039288,omid:br/06350251672,omid:br/0651039288,2004,P5Y,no,no
oci:06350251672-06230994722,omid:br/06350251672,omid:br/06230994722,2004,P17Y,no,no
oci:06350251672-061401009670,omid:br/06350251672,omid:br/061401009670,2004,P9Y,no,no
oci:06350251672-061701007512,omid:br/06350251672,omid:br/061701007512,2004,P20Y,no,no
oci:06350251672-062401337484,omid:br/06350251672,omid:br/062401337484,2004,P5Y,no,no
oci:06510261997-061702260457,omid:br/06510261997,omid:br/061702260457,1995,P5Y,no,no
oci:06460246922-06240866118,omid:br/06460246922,omid:br/06240866118,2010,P6Y,no,no
oci:06460246922-06902194980,omid:br/06460246922,omid:br/06902194980,2010,P8Y,no,no
oci:06460246922-061104109994,omid:br/06460246922,omid:br/061104109994,2010,P15Y,no,no
oci:06460246922-061603671357,omid:br/06460246922,omid:br/061603671357,2010,P25Y,no,no
oci:06460246922-06404572375,omid:br/06460246922,omid:br/06404572375,2010,P10Y,no,no
oci:06460246922-06360246212,omid:br/06460246922,omid:br/06360246212,2010,P3Y,yes,no
oci:06370260560-06470248220,omid:br/06370260560,omid:br/06470248220,2002,P2Y,yes,no
oci:06370260560-06510262152,omid:br/06370260560,omid:br/06510262152,2002,P1Y,yes,no
oci:06370260560-06470248199,omid:br/06370260560,omid:br/06470248199,2002,P2Y,yes,no
oci:06360246216-061403580893,omid:br/06360246216,omid:br/061403580893,2008,P6Y,yes,no
oci:06410254429-06340223588,omid:br/06410254429,omid:br/06340223588,2010,P7Y,no,no
oci:06104521206-062303647425,omid:br/06104521206,omid:br/062303647425,1995,P5Y,no,no
oci:06104521206-061203285660,omid:br/06104521206,omid:br/061203285660,1995,P5Y,no,no
oci:06104521206-06530258256,omid:br/06104521206,omid:br/06530258256,1995,P2Y,yes,no
oci:06480249723-0604259450,omid:br/06480249723,omid:br/0604259450,2006,,no,no
oci:06480249723-06170261139,omid:br/06480249723,omid:br/06170261139,2006,P10Y,no,no
oci:06480249723-06360234678,omid:br/06480249723,omid:br/06360234678,2006,P5Y,no,no
oci:06480249723-061402767360,omid:br/06480249723,omid:br/061402767360,2006,P2Y,no,no
oci:06480249723-061904059507,omid:br/06480249723,omid:br/061904059507,2006,P4Y,no,no
oci:06450250595-062601524923,omid:br/06450250595,omid:br/062601524923,1999,P6Y,no,no
oci:06450250595-061203782950,omid:br/06450250595,omid:br/061203782950,1999,P10Y,no,no
oci:06450250595-06601211743,omid:br/06450250595,omid:br/06601211743,1999,P4Y,no,no
oci:06450250595-06180864611,omid:br/06450250595,omid:br/06180864611,1999,P12Y,no,no
oci:06450250595-061801395536,omid:br/06450250595,omid:br/061801395536,1999,P4Y,no,no
oci:06450250595-06380198127,omid:br/06450250595,omid:br/06380198127,1999,P4Y,no,no
oci:06450250595-06150870467,omid:br/06450250595,omid:br/06150870467,1999,P4Y,no,no
oci:06450250595-061203782946,omid:br/06450250595,omid:br/061203782946,1999,P10Y,no,no
oci:06450250595-06320242366,omid:br/06450250595,omid:br/06320242366,1999,P3Y,yes,no
oci:06450250595-06320242204,omid:br/06450250595,omid:br/06320242204,1999,P2Y,yes,no
oci:062604105942-06220950359,omid:br/062604105942,omid:br/06220950359,2013,P7Y,no,no
oci:062604105942-06230675835,omid:br/062604105942,omid:br/06230675835,2013,P38Y,no,no
oci:062604105942-06350252189,omid:br/062604105942,omid:br/06350252189,2013,P29Y,yes,no
oci:062604105942-06490249107,omid:br/062604105942,omid:br/06490249107,2013,P30Y,yes,no
oci:062604105942-06340256305,omid:br/062604105942,omid:br/06340256305,2013,P29Y,yes,no
oci:062604105942-06460246819,omid:br/062604105942,omid:br/06460246819,2013,P26Y,yes,no
oci:062604105942-06370260479,omid:br/062604105942,omid:br/06370260479,2013,P24Y,yes,no
oci:062604105942-06390259194,omid:br/062604105942,omid:br/06390259194,2013,P8Y,yes,no
oci:062604105942-06460246287,omid:br/062604105942,omid:br/06460246287,2013,P6Y,yes,no
oci:062604105942-062602901822,omid:br/062604105942,omid:br/062602901822,2013,P25Y,no,no
oci:062604105942-061703591369,omid:br/062604105942,omid:br/061703591369,2013,P24Y,no,no
oci:062604105942-061903583223,omid:br/062604105942,omid:br/061903583223,2013,P26Y,no,no
oci:062604105942-06602615086,omid:br/062604105942,omid:br/06602615086,2013,P35Y,no,no
oci:062604105942-06230676537,omid:br/062604105942,omid:br/06230676537,2013,P34Y,no,no
oci:062604105942-06103308074,omid:br/062604105942,omid:br/06103308074,2013,P27Y,no,no
oci:062604105942-06502857685,omid:br/062604105942,omid:br/06502857685,2013,P3Y,no,no
oci:062604105942-06240660095,omid:br/062604105942,omid:br/06240660095,2013,P31Y,no,no
oci:062604105942-062502866555,omid:br/062604105942,omid:br/062502866555,2013,P29Y,no,no
oci:062604105942-06230676328,omid:br/062604105942,omid:br/06230676328,2013,P29Y,no,no
oci:062604105942-06240660455,omid:br/062604105942,omid:br/06240660455,2013,P31Y,no,no
oci:062604105942-06103308385,omid:br/062604105942,omid:br/06103308385,2013,P27Y,no,no
oci:062604105942-06702831707,omid:br/062604105942,omid:br/06702831707,2013,P6Y,no,no
oci:062604105942-062203584978,omid:br/062604105942,omid:br/062203584978,2013,P34Y,no,no
oci:062604105942-06103308448,omid:br/062604105942,omid:br/06103308448,2013,P22Y,no,no
oci:062604105942-061203581162,omid:br/062604105942,omid:br/061203581162,2013,P25Y,no,no
oci:062604105942-061203571848,omid:br/062604105942,omid:br/061203571848,2013,P22Y,no,no
oci:062604105942-062103560591,omid:br/062604105942,omid:br/062103560591,2013,P21Y,no,no
oci:062604105942-06220669273,omid:br/062604105942,omid:br/06220669273,2013,P21Y,no,no
oci:062604105942-06303301271,omid:br/062604105942,omid:br/06303301271,2013,P12Y,no,no
oci:062604105942-06303301420,omid:br/062604105942,omid:br/06303301420,2013,P14Y,no,no
oci:062604105942-061601063746,omid:br/062604105942,omid:br/061601063746,2013,P8Y,no,no
oci:06104521217-06130907635,omid:br/06104521217,omid:br/06130907635,1995,P3Y,no,no
oci:06104521217-06130907348,omid:br/06104521217,omid:br/06130907348,1995,P4Y,no,no
oci:06104521217-0604129412,omid:br/06104521217,omid:br/0604129412,1995,P13Y,yes,no
oci:06520249854-061304017070,omid:br/06520249854,omid:br/061304017070,1997,P7Y,no,no
oci:06520249854-06230960062,omid:br/06520249854,omid:br/06230960062,1997,P9Y,no,no
oci:06520249854-06180954110,omid:br/06520249854,omid:br/06180954110,1997,P6Y,no,no
oci:06520249854-06240947013,omid:br/06520249854,omid:br/06240947013,1997,P10Y,no,no
oci:06520249854-061803718103,omid:br/06520249854,omid:br/061803718103,1997,P12Y,no,no
oci:06520249854-06804550840,omid:br/06520249854,omid:br/06804550840,1997,,no,no
oci:06520249854-06804550841,omid:br/06520249854,omid:br/06804550841,1997,,no,no
oci:06520249854-06150966787,omid:br/06520249854,omid:br/06150966787,1997,P7Y,no,no
oci:0604035181-06190267587,omid:br/0604035181,omid:br/06190267587,2009,P10Y,no,no
oci:0604035181-06104311780,omid:br/0604035181,omid:br/06104311780,2009,P1Y,no,no
oci:0604035181-06230270065,omid:br/0604035181,omid:br/06230270065,2009,P15Y,no,no
oci:06380250479-06801396122,omid:br/06380250479,omid:br/06801396122,1999,P7Y,no,no
oci:06380250479-06320242157,omid:br/06380250479,omid:br/06320242157,1999,P2Y,yes,no
oci:06380250479-06420251668,omid:br/06380250479,omid:br/06420251668,1999,P2Y,yes,no
oci:06330256449-061501674864,omid:br/06330256449,omid:br/061501674864,2010,P13Y,no,no
oci:06330256449-06210945655,omid:br/06330256449,omid:br/06210945655,2010,P22Y,no,no
oci:06330256449-06210945809,omid:br/06330256449,omid:br/06210945809,2010,P21Y,no,no
oci:06330256449-061801670483,omid:br/06330256449,omid:br/061801670483,2010,P14Y,no,no
oci:06330256449-06320242455,omid:br/06330256449,omid:br/06320242455,2010,P3Y,yes,no
oci:06450250682-062103610072,omid:br/06450250682,omid:br/062103610072,1999,P16Y,no,no
oci:06450250682-06204043926,omid:br/06450250682,omid:br/06204043926,1999,P6Y,no,no
oci:06450250682-06520249795,omid:br/06450250682,omid:br/06520249795,1999,P2Y,yes,no
oci:06450250682-06430250325,omid:br/06450250682,omid:br/06430250325,1999,P5Y,yes,no
oci:06410254381-06320316174,omid:br/06410254381,omid:br/06320316174,2010,P11Y,no,no
oci:06410254381-061904059046,omid:br/06410254381,omid:br/061904059046,2010,P7Y,no,no
oci:06420250850-062501584585,omid:br/06420250850,omid:br/062501584585,2000,-P9Y,no,no
oci:06420250850-06802854650,omid:br/06420250850,omid:br/06802854650,2000,P21Y,no,no
oci:06420250850-061804122356,omid:br/06420250850,omid:br/061804122356,2000,P1Y,no,no
oci:06420250850-06104567102,omid:br/06420250850,omid:br/06104567102,2000,P12Y,no,no
oci:06420250850-06410254623,omid:br/06420250850,omid:br/06410254623,2000,P10Y,yes,no
oci:06450250665-06440226495,omid:br/06450250665,omid:br/06440226495,1999,P11Y,no,no
oci:06450250665-061702260859,omid:br/06450250665,omid:br/061702260859,1999,P8Y,no,no
oci:06410254178-06330201894,omid:br/06410254178,omid:br/06330201894,1998,P7Y,no,no
oci:06410254178-06220949560,omid:br/06410254178,omid:br/06220949560,1998,P10Y,no,no
oci:06410254178-061801890338,omid:br/06410254178,omid:br/061801890338,1998,P10Y,no,no
oci:06410254178-06530258318,omid:br/06410254178,omid:br/06530258318,1998,P5Y,yes,no
oci:06310247822-06704114084,omid:br/06310247822,omid:br/06704114084,2000,P11Y,no,no
oci:06310247822-06250470478,omid:br/06310247822,omid:br/06250470478,2000,P6Y,no,no
oci:06310247822-061701480446,omid:br/06310247822,omid:br/061701480446,2000,P6Y,no,no
oci:06310247822-06101495898,omid:br/06310247822,omid:br/06101495898,2000,P29Y,no,no
oci:06310247822-0690525143,omid:br/06310247822,omid:br/0690525143,2000,P16Y,no,no
oci:06310247822-06104521280,omid:br/06310247822,omid:br/06104521280,2000,P5Y,yes,no
oci:06370260618-06102440680,omid:br/06370260618,omid:br/06102440680,2002,P3Y,no,no
oci:06370260618-062202032523,omid:br/06370260618,omid:br/062202032523,2002,P3Y,no,no
oci:06370260618-061503968156,omid:br/06370260618,omid:br/061503968156,2002,P1Y,no,no
oci:06290253532-06190871534,omid:br/06290253532,omid:br/06190871534,2001,P25Y,no,no
oci:06290253532-06210863018,omid:br/06290253532,omid:br/06210863018,2001,P28Y,no,no
oci:06330256680-06401265975,omid:br/06330256680,omid:br/06401265975,2009,P15Y,no,no
oci:06330256680-06401265973,omid:br/06330256680,omid:br/06401265973,2009,P15Y,no,no
oci:06330256680-06401265977,omid:br/06330256680,omid:br/06401265977,2009,P15Y,no,no
oci:06330256680-06401266001,omid:br/06330256680,omid:br/06401266001,2009,P16Y,no,no
oci:06330256680-06401266146,omid:br/06330256680,omid:br/06401266146,2009,P19Y,no,no
oci:06330256680-06390259044,omid:br/06330256680,omid:br/06390259044,2009,P5Y,yes,no
oci:06104521707-06360246219,omid:br/06104521707,omid:br/06360246219,2008,P3Y,yes,no
oci:06310247766-06201142037,omid:br/06310247766,omid:br/06201142037,2000,P13Y,no,no
oci:06310247766-06510262368,omid:br/06310247766,omid:br/06510262368,2000,P8Y,yes,no
oci:06430250012-06230489789,omid:br/06430250012,omid:br/06230489789,1996,P27Y,no,no
oci:06430250012-0604498370,omid:br/06430250012,omid:br/0604498370,1996,P4Y,yes,no
oci:06310247883-061803585693,omid:br/06310247883,omid:br/061803585693,2012,P15Y,no,no
oci:0604083719-06130947980,omid:br/0604083719,omid:br/06130947980,1998,P12Y,no,no
oci:0604083719-061203285660,omid:br/0604083719,omid:br/061203285660,1998,P8Y,no,no
oci:06470248214-06202269500,omid:br/06470248214,omid:br/06202269500,2000,P12Y,no,no
oci:06470248214-06402283543,omid:br/06470248214,omid:br/06402283543,2000,P12Y,no,no
oci:06470248214-061302041608,omid:br/06470248214,omid:br/061302041608,2000,P2Y,no,no
oci:06470248214-0604516001,omid:br/06470248214,omid:br/0604516001,2000,P7Y,no,no
oci:06470248214-0604516002,omid:br/06470248214,omid:br/0604516002,2000,P4Y,no,no
oci:06470248214-0604516003,omid:br/06470248214,omid:br/0604516003,2000,P5Y,no,no
oci:06470248214-06510261638,omid:br/06470248214,omid:br/06510261638,2000,P5Y,yes,no
oci:06470248214-06430250023,omid:br/06470248214,omid:br/06430250023,2000,P4Y,yes,no
oci:06470248214-06320242422,omid:br/06470248214,omid:br/06320242422,2000,P4Y,yes,no
oci:06470248214-06510262000,omid:br/06470248214,omid:br/06510262000,2000,P5Y,yes,no
oci:06470248214-06104521211,omid:br/06470248214,omid:br/06104521211,2000,P5Y,yes,no
oci:06470248214-06350252142,omid:br/06470248214,omid:br/06350252142,2000,P3Y,yes,no
oci:06430250073-061704043639,omid:br/06430250073,omid:br/061704043639,1996,P7Y,no,no
oci:06430250073-06104521265,omid:br/06430250073,omid:br/06104521265,1996,P1Y,yes,no
oci:06430250073-06430250362,omid:br/06430250073,omid:br/06430250362,1996,P2Y,yes,no
oci:06430250073-06480249376,omid:br/06430250073,omid:br/06480249376,1996,P9Y,yes,no
oci:06360246477-061602186458,omid:br/06360246477,omid:br/061602186458,2003,P22Y,no,no
oci:06460246269-061301573639,omid:br/06460246269,omid:br/061301573639,2007,P17Y,no,no
oci:06460246269-06230945483,omid:br/06460246269,omid:br/06230945483,2007,P3Y,no,no
oci:06460246269-061301574657,omid:br/06460246269,omid:br/061301574657,2007,P1Y,no,no
oci:06460246269-061901582032,omid:br/06460246269,omid:br/061901582032,2007,P5Y,no,no
oci:06460246269-061501580137,omid:br/06460246269,omid:br/061501580137,2007,P7Y,no,no
oci:06460246269-061401563391,omid:br/06460246269,omid:br/061401563391,2007,P10Y,no,no
oci:06460246269-061701670338,omid:br/06460246269,omid:br/061701670338,2007,P3Y,no,no
oci:06460246269-061701670160,omid:br/06460246269,omid:br/061701670160,2007,P2Y,no,no
oci:06460246269-06220950359,omid:br/06460246269,omid:br/06220950359,2007,P1Y,no,no
oci:06510262537-061104176615,omid:br/06510262537,omid:br/061104176615,2011,P4Y,no,no
oci:06360246147-06370260522,omid:br/06360246147,omid:br/06370260522,2007,P18Y,yes,no
oci:06530257971-061102031993,omid:br/06530257971,omid:br/061102031993,2003,P0Y,no,no
oci:06420251091-061901133557,omid:br/06420251091,omid:br/061901133557,2003,P7Y,no,no
oci:06420251091-062302041420,omid:br/06420251091,omid:br/062302041420,2003,P14Y,no,no
oci:06420251091-062503615448,omid:br/06420251091,omid:br/062503615448,2003,P5Y,no,no
oci:06510262109-061303693974,omid:br/06510262109,omid:br/061303693974,2001,P3Y,no,no
oci:06510262109-061603509753,omid:br/06510262109,omid:br/061603509753,2001,P3Y,no,no
oci:06510262109-061203779199,omid:br/06510262109,omid:br/061203779199,2001,P2Y,no,no
oci:06510262109-061203495787,omid:br/06510262109,omid:br/061203495787,2001,P3Y,no,no
oci:06510262109-06603907797,omid:br/06510262109,omid:br/06603907797,2001,P4Y,no,no
oci:06510262109-061601254649,omid:br/06510262109,omid:br/061601254649,2001,P1Y,no,no
oci:06510262109-061603510912,omid:br/06510262109,omid:br/061603510912,2001,P1Y,no,no
oci:06510262109-062503615184,omid:br/06510262109,omid:br/062503615184,2001,P4Y,no,no
oci:06530257551-06202400449,omid:br/06530257551,omid:br/06202400449,2011,P4Y,no,no
oci:06530257551-062201516038,omid:br/06530257551,omid:br/062201516038,2011,P2Y,no,no
oci:06530257551-0610270325,omid:br/06530257551,omid:br/0610270325,2011,P6Y,no,no
oci:06530257551-061801924351,omid:br/06530257551,omid:br/061801924351,2011,P5Y,no,no
oci:06530257551-06260637441,omid:br/06530257551,omid:br/06260637441,2011,P46Y,no,no
oci:06530257551-06203480085,omid:br/06530257551,omid:br/06203480085,2011,P28Y,no,no
oci:06530257551-062603077922,omid:br/06530257551,omid:br/062603077922,2011,P10Y,no,no
oci:06530257551-0670622227,omid:br/06530257551,omid:br/0670622227,2011,P10Y,no,no
oci:06530257551-06180353737,omid:br/06530257551,omid:br/06180353737,2011,P6Y,no,no
oci:06530257551-0680758770,omid:br/06530257551,omid:br/0680758770,2011,P7Y,no,no
oci:06530257551-0629049080,omid:br/06530257551,omid:br/0629049080,2011,P16Y,no,no
oci:06530257551-06140480822,omid:br/06530257551,omid:br/06140480822,2011,P8Y,no,no
oci:06530257551-0690686022,omid:br/06530257551,omid:br/0690686022,2011,P2Y,no,no
oci:06530257551-061303693788,omid:br/06530257551,omid:br/061303693788,2011,P14Y,no,no
oci:06530257551-0620349340,omid:br/06530257551,omid:br/0620349340,2011,P14Y,no,no
oci:06530257551-062303055689,omid:br/06530257551,omid:br/062303055689,2011,P8Y,no,no
oci:06530257551-06501056978,omid:br/06530257551,omid:br/06501056978,2011,P20Y,no,no
oci:06420251439-06801484054,omid:br/06420251439,omid:br/06801484054,2003,P18Y,no,no
oci:06420251439-061803020733,omid:br/06420251439,omid:br/061803020733,2003,P13Y,no,no
oci:06420251439-061203728979,omid:br/06420251439,omid:br/061203728979,2003,P4Y,no,no
oci:06320242345-062403054469,omid:br/06320242345,omid:br/062403054469,1996,P4Y,no,no
oci:06320242345-06210528284,omid:br/06320242345,omid:br/06210528284,1996,P8Y,no,no
oci:06320242345-0620688073,omid:br/06320242345,omid:br/0620688073,1996,P3Y,no,no
oci:06420251652-061601309553,omid:br/06420251652,omid:br/061601309553,1997,P10Y,no,no
oci:06420251652-06150956842,omid:br/06420251652,omid:br/06150956842,1997,P8Y,no,no
oci:06420251652-061203285425,omid:br/06420251652,omid:br/061203285425,1997,P8Y,no,no
oci:06420251652-062203565933,omid:br/06420251652,omid:br/062203565933,1997,P14Y,no,no
oci:06420251652-0641038844,omid:br/06420251652,omid:br/0641038844,1997,P7Y,no,no
oci:06420251652-0641038681,omid:br/06420251652,omid:br/0641038681,1997,P7Y,no,no
oci:06420251652-061602186458,omid:br/06420251652,omid:br/061602186458,1997,P16Y,no,no
oci:06420251652-0620687644,omid:br/06420251652,omid:br/0620687644,1997,P16Y,no,no
oci:06420251652-0634037529,omid:br/06420251652,omid:br/0634037529,1997,P15Y,no,no
oci:06420251652-062102167521,omid:br/06420251652,omid:br/062102167521,1997,P15Y,no,no
oci:06420251652-061602186108,omid:br/06420251652,omid:br/061602186108,1997,P14Y,no,no
oci:06420251652-062503559742,omid:br/06420251652,omid:br/062503559742,1997,P14Y,no,no
oci:06420251652-061601205057,omid:br/06420251652,omid:br/061601205057,1997,P18Y,no,no
oci:06420251652-061602186426,omid:br/06420251652,omid:br/061602186426,1997,P16Y,no,no
oci:06420251652-06204005854,omid:br/06420251652,omid:br/06204005854,1997,,no,no
oci:06420251652-062503561467,omid:br/06420251652,omid:br/062503561467,1997,P8Y,no,no
oci:06420251652-0639038165,omid:br/06420251652,omid:br/0639038165,1997,P2Y,no,no
oci:06420251652-06250958292,omid:br/06420251652,omid:br/06250958292,1997,P7Y,no,no
oci:06104521235-06370260654,omid:br/06104521235,omid:br/06370260654,1995,P1Y,yes,no
oci:06420251159-061104177137,omid:br/06420251159,omid:br/061104177137,2012,P2Y,no,no
oci:06530258101-0604072965,omid:br/06530258101,omid:br/0604072965,1995,P5Y,no,no
oci:06530258101-06801220329,omid:br/06530258101,omid:br/06801220329,1995,P5Y,no,no
oci:06490249366-061301429719,omid:br/06490249366,omid:br/061301429719,2004,P29Y,no,no
oci:06490249366-061203572252,omid:br/06490249366,omid:br/061203572252,2004,,no,no
oci:06460247144-061903322504,omid:br/06460247144,omid:br/061903322504,2004,P3Y,no,no
oci:06280265717-0610527186,omid:br/06280265717,omid:br/0610527186,2006,P12Y,no,no
oci:06280265717-06130956303,omid:br/06280265717,omid:br/06130956303,2006,P9Y,no,no
oci:06280265717-0650953573,omid:br/06280265717,omid:br/0650953573,2006,P12Y,no,no
oci:06280265717-0604301405,omid:br/06280265717,omid:br/0604301405,2006,P9Y,no,no
oci:06280265717-06160872388,omid:br/06280265717,omid:br/06160872388,2006,P14Y,no,no
oci:06280265717-06101623699,omid:br/06280265717,omid:br/06101623699,2006,P15Y,no,no
oci:06280265717-06470247836,omid:br/06280265717,omid:br/06470247836,2006,P4Y,yes,no
oci:06440247252-06440337778,omid:br/06440247252,omid:br/06440337778,2000,,no,no
oci:06440247252-061702225997,omid:br/06440247252,omid:br/061702225997,2000,P9Y,no,no
oci:06440247252-061502254717,omid:br/06440247252,omid:br/061502254717,2000,P6Y,no,no
oci:06340256226-06130907257,omid:br/06340256226,omid:br/06130907257,1995,P4Y,no,no
oci:06340256226-06240946945,omid:br/06340256226,omid:br/06240946945,1995,P4Y,no,no
oci:06340256226-06240946815,omid:br/06340256226,omid:br/06240946815,1995,P12Y,no,no
oci:06340256226-0604170126,omid:br/06340256226,omid:br/0604170126,1995,P15Y,yes,no
oci:06430250005-062303647425,omid:br/06430250005,omid:br/062303647425,1996,P6Y,no,no
oci:06430250005-06130479640,omid:br/06430250005,omid:br/06130479640,1996,P22Y,no,no
oci:06380250474-06501213512,omid:br/06380250474,omid:br/06501213512,1999,P5Y,no,no
oci:06380250474-06180161126,omid:br/06380250474,omid:br/06180161126,1999,P2Y,no,no
oci:0604083684-06320316250,omid:br/0604083684,omid:br/06320316250,1998,P2Y,no,no
oci:0604083684-06320316204,omid:br/0604083684,omid:br/06320316204,1998,P2Y,no,no
oci:0604083684-062104052939,omid:br/0604083684,omid:br/062104052939,1998,P0Y,no,no
oci:0604083684-06320316260,omid:br/0604083684,omid:br/06320316260,1998,P2Y,no,no
oci:0604083684-062104052940,omid:br/0604083684,omid:br/062104052940,1998,P0Y,no,no
oci:0604083684-062104052941,omid:br/0604083684,omid:br/062104052941,1998,P0Y,no,no
oci:0604083684-06410254173,omid:br/0604083684,omid:br/06410254173,1998,P0Y,yes,no
oci:06310247758-06601490274,omid:br/06310247758,omid:br/06601490274,2000,P2Y,no,no
oci:06490248707-062404071705,omid:br/06490248707,omid:br/062404071705,2002,P1Y,no,no
oci:06490248707-06140863818,omid:br/06490248707,omid:br/06140863818,2002,P9Y,no,no
oci:06490248707-062404071685,omid:br/06490248707,omid:br/062404071685,2002,P2Y,no,no
oci:06510262614-0660229517,omid:br/06510262614,omid:br/0660229517,2011,P0Y,no,no
oci:06510262614-06240660780,omid:br/06510262614,omid:br/06240660780,2011,P4Y,no,no
oci:06510262614-06480245276,omid:br/06510262614,omid:br/06480245276,2011,P1Y,no,no
oci:06510262614-06370223052,omid:br/06510262614,omid:br/06370223052,2011,P0Y,no,no
oci:06510262614-0653044302,omid:br/06510262614,omid:br/0653044302,2011,P5Y,no,no
oci:06510262614-0653044725,omid:br/06510262614,omid:br/0653044725,2011,P7Y,no,no
oci:06510262614-06370223035,omid:br/06510262614,omid:br/06370223035,2011,P0Y,no,no
oci:06510262614-06370223091,omid:br/06510262614,omid:br/06370223091,2011,P0Y,no,no
oci:06510262614-062104109504,omid:br/06510262614,omid:br/062104109504,2011,P0Y,no,no
oci:06310247397-06110490943,omid:br/06310247397,omid:br/06110490943,2013,P31Y,no,no
oci:06310247397-0630357402,omid:br/06310247397,omid:br/0630357402,2013,P24Y,no,no
oci:06310247397-06240341351,omid:br/06310247397,omid:br/06240341351,2013,P11Y,no,no
oci:06350251517-0604493850,omid:br/06350251517,omid:br/0604493850,1999,P3Y,no,no
oci:06350251517-0604083672,omid:br/06350251517,omid:br/0604083672,1999,P1Y,yes,no
oci:06310247835-06101624019,omid:br/06310247835,omid:br/06101624019,2000,P29Y,no,no
oci:06310247835-06230864747,omid:br/06310247835,omid:br/06230864747,2000,P36Y,no,no
oci:06310247835-06460246387,omid:br/06310247835,omid:br/06460246387,2000,P19Y,yes,no
oci:06480249629-061701897226,omid:br/06480249629,omid:br/061701897226,2006,P4Y,no,no
oci:06310247443-061604042030,omid:br/06310247443,omid:br/061604042030,2013,P12Y,no,no
oci:06104521402-06350251785,omid:br/06104521402,omid:br/06350251785,2008,P4Y,yes,no
oci:06104521402-06290254138,omid:br/06104521402,omid:br/06290254138,2008,P1Y,yes,no
oci:06104521402-06370260599,omid:br/06104521402,omid:br/06370260599,2008,P6Y,yes,no
oci:06104521402-06460247062,omid:br/06104521402,omid:br/06460247062,2008,P4Y,yes,no
oci:06420251356-06310247608,omid:br/06420251356,omid:br/06310247608,2003,P20Y,yes,no
oci:06420251356-0604170097,omid:br/06420251356,omid:br/0604170097,2003,P23Y,yes,no
oci:06420251356-06360246362,omid:br/06420251356,omid:br/06360246362,2003,P18Y,yes,no
oci:06420251356-06510262292,omid:br/06420251356,omid:br/06510262292,2003,P14Y,yes,no
oci:06420251356-06420251297,omid:br/06420251356,omid:br/06420251297,2003,P21Y,yes,no
oci:06350251513-0604493849,omid:br/06350251513,omid:br/0604493849,1999,,no,no
oci:06340256223-06401419651,omid:br/06340256223,omid:br/06401419651,1995,P20Y,no,no
oci:06340256223-062204107944,omid:br/06340256223,omid:br/062204107944,1995,P11Y,no,no
oci:06340256223-061303593452,omid:br/06340256223,omid:br/061303593452,1995,P40Y,no,no
oci:06340256223-06270265579,omid:br/06340256223,omid:br/06270265579,1995,P12Y,yes,no
oci:06330257105-06320242449,omid:br/06330257105,omid:br/06320242449,2012,P5Y,yes,no
oci:06450251161-061503710159,omid:br/06450251161,omid:br/061503710159,2007,P31Y,no,no
oci:06450251161-062101200388,omid:br/06450251161,omid:br/062101200388,2007,P11Y,no,no
oci:06280265073-06230994967,omid:br/06280265073,omid:br/06230994967,2003,P14Y,no,no
oci:06280265073-062401729348,omid:br/06280265073,omid:br/062401729348,2003,P5Y,no,no
oci:06280265073-061601374831,omid:br/06280265073,omid:br/061601374831,2003,P12Y,no,no
oci:06280265073-061601374826,omid:br/06280265073,omid:br/061601374826,2003,P9Y,no,no
oci:06280265073-062401729323,omid:br/06280265073,omid:br/062401729323,2003,P12Y,no,no
oci:06280265073-062401729267,omid:br/06280265073,omid:br/062401729267,2003,P14Y,no,no
oci:06280265073-062401729205,omid:br/06280265073,omid:br/062401729205,2003,P12Y,no,no
oci:06280265073-061601374803,omid:br/06280265073,omid:br/061601374803,2003,P5Y,no,no
oci:06280265073-061601375093,omid:br/06280265073,omid:br/061601375093,2003,P7Y,no,no
oci:06280265073-06230994984,omid:br/06280265073,omid:br/06230994984,2003,P14Y,no,no
oci:06280265073-062401729338,omid:br/06280265073,omid:br/062401729338,2003,P12Y,no,no
oci:06280265073-061601374625,omid:br/06280265073,omid:br/061601374625,2003,P18Y,no,no
oci:06280265073-062401729394,omid:br/06280265073,omid:br/062401729394,2003,P16Y,no,no
oci:06280265073-062401729330,omid:br/06280265073,omid:br/062401729330,2003,P5Y,no,no
oci:06280265073-062401729326,omid:br/06280265073,omid:br/062401729326,2003,P12Y,no,no
oci:06280265073-061601374587,omid:br/06280265073,omid:br/061601374587,2003,P7Y,no,no
oci:06280265073-06120255805,omid:br/06280265073,omid:br/06120255805,2003,P14Y,no,no
oci:06280265073-06330256487,omid:br/06280265073,omid:br/06330256487,2003,P7Y,yes,no
oci:06280265073-06370261052,omid:br/06280265073,omid:br/06370261052,2003,P11Y,yes,no
oci:06290253700-06370260448,omid:br/06290253700,omid:br/06370260448,2011,P22Y,yes,no
oci:06290253700-06420207874,omid:br/06290253700,omid:br/06420207874,2011,P7Y,no,no
oci:06280265126-061204043124,omid:br/06280265126,omid:br/061204043124,2003,P3Y,no,no
oci:06280265126-061604042041,omid:br/06280265126,omid:br/061604042041,2003,P2Y,no,no
oci:06280265126-06140863818,omid:br/06280265126,omid:br/06140863818,2003,P10Y,no,no
oci:06280265126-0670640837,omid:br/06280265126,omid:br/0670640837,2003,P20Y,no,no
oci:06280265126-0680646849,omid:br/06280265126,omid:br/0680646849,2003,P17Y,no,no
oci:06280265126-061503751409,omid:br/06280265126,omid:br/061503751409,2003,P5Y,no,no
oci:06280265126-061303726845,omid:br/06280265126,omid:br/061303726845,2003,P3Y,no,no
oci:06280265126-061601214692,omid:br/06280265126,omid:br/061601214692,2003,P10Y,no,no
oci:06280265126-0604638771,omid:br/06280265126,omid:br/0604638771,2003,P1Y,yes,no
oci:06104521267-06230815194,omid:br/06104521267,omid:br/06230815194,1995,P18Y,no,no
oci:06104521267-06180267500,omid:br/06104521267,omid:br/06180267500,1995,P12Y,no,no
oci:06104521267-06240479137,omid:br/06104521267,omid:br/06240479137,1995,P12Y,no,no
oci:06104521267-06160990174,omid:br/06104521267,omid:br/06160990174,1995,P8Y,no,no
oci:06104521267-06230489978,omid:br/06104521267,omid:br/06230489978,1995,P6Y,no,no
oci:06104521267-06420251297,omid:br/06104521267,omid:br/06420251297,1995,P13Y,yes,no
oci:06104521756-061303782722,omid:br/06104521756,omid:br/061303782722,2008,P6Y,no,no
oci:06104521756-0660272176,omid:br/06104521756,omid:br/0660272176,2008,P5Y,no,no
oci:06104521756-06104521456,omid:br/06104521756,omid:br/06104521456,2008,P0Y,yes,no
oci:06390259070-061302133551,omid:br/06390259070,omid:br/061302133551,2004,P14Y,no,no
oci:06390259070-062301241798,omid:br/06390259070,omid:br/062301241798,2004,P21Y,no,no
oci:06390259070-06220340686,omid:br/06390259070,omid:br/06220340686,2004,P35Y,no,no
oci:06390259070-062302041420,omid:br/06390259070,omid:br/062302041420,2004,P15Y,no,no
oci:06390259486-061303593452,omid:br/06390259486,omid:br/061303593452,2010,P55Y,no,no
oci:06390259486-06150956842,omid:br/06390259486,omid:br/06150956842,2010,P21Y,no,no
oci:06390259486-061904153779,omid:br/06390259486,omid:br/061904153779,2010,P20Y,no,no
oci:06460246324-062603132523,omid:br/06460246324,omid:br/062603132523,2007,P4Y,no,no
oci:06460246324-062501187863,omid:br/06460246324,omid:br/062501187863,2007,P12Y,no,no
oci:06460246324-061103100299,omid:br/06460246324,omid:br/061103100299,2007,P3Y,no,no
oci:06430250008-061702232192,omid:br/06430250008,omid:br/061702232192,1996,P4Y,no,no
oci:06530258362-061601584099,omid:br/06530258362,omid:br/061601584099,2008,P7Y,no,no
oci:06530258362-06120831262,omid:br/06530258362,omid:br/06120831262,2008,P7Y,no,no
oci:06530258362-06110676884,omid:br/06530258362,omid:br/06110676884,2008,P0Y,no,no
oci:06530258362-06220950542,omid:br/06530258362,omid:br/06220950542,2008,P3Y,no,no
oci:06530258362-061601584640,omid:br/06530258362,omid:br/061601584640,2008,P3Y,no,no
oci:06530258362-0680493956,omid:br/06530258362,omid:br/0680493956,2008,P3Y,no,no
oci:06410253849-061301574670,omid:br/06410253849,omid:br/061301574670,2013,P7Y,no,no
oci:06410253849-06530257547,omid:br/06410253849,omid:br/06530257547,2013,P2Y,yes,no
oci:06410253849-06530258338,omid:br/06410253849,omid:br/06530258338,2013,P20Y,yes,no
oci:06410253807-06250967866,omid:br/06410253807,omid:br/06250967866,2013,P19Y,no,no
oci:06410253807-06210969263,omid:br/06410253807,omid:br/06210969263,2013,P11Y,no,no
oci:06420251137-061504028604,omid:br/06420251137,omid:br/061504028604,2003,P36Y,no,no
oci:06510262228-0640822386,omid:br/06510262228,omid:br/0640822386,2001,P5Y,no,no
oci:06510262228-06404491925,omid:br/06510262228,omid:br/06404491925,2001,P5Y,no,no
oci:06510262228-062603609420,omid:br/06510262228,omid:br/062603609420,2001,P17Y,no,no
oci:06510262228-061202411407,omid:br/06510262228,omid:br/061202411407,2001,P1Y,no,no
oci:06510262228-06201128299,omid:br/06510262228,omid:br/06201128299,2001,P8Y,no,no
oci:06510262228-06410254237,omid:br/06510262228,omid:br/06410254237,2001,P3Y,yes,no
oci:06510262228-06420251589,omid:br/06510262228,omid:br/06420251589,2001,P14Y,yes,no
oci:06330256487-06370261052,omid:br/06330256487,omid:br/06370261052,1996,P4Y,yes,no
oci:06390259454-062403647330,omid:br/06390259454,omid:br/062403647330,2010,P22Y,no,no
oci:06390259454-061803061188,omid:br/06390259454,omid:br/061803061188,2010,P12Y,no,no
oci:06360245907-061702053856,omid:br/06360245907,omid:br/061702053856,1995,P2Y,no,no
oci:06390259456-061301574670,omid:br/06390259456,omid:br/061301574670,2010,P4Y,no,no
oci:06450250636-06190872149,omid:br/06450250636,omid:br/06190872149,1999,P9Y,no,no
oci:06450250636-062202032828,omid:br/06450250636,omid:br/062202032828,1999,P18Y,no,no
oci:06450250636-06130956369,omid:br/06450250636,omid:br/06130956369,1999,P2Y,no,no
oci:06450250636-06230468395,omid:br/06450250636,omid:br/06230468395,1999,P13Y,no,no
oci:06450250636-06180864509,omid:br/06450250636,omid:br/06180864509,1999,P13Y,no,no
oci:06450250636-061102667202,omid:br/06450250636,omid:br/061102667202,1999,P6Y,no,no
oci:06420251088-06201578210,omid:br/06420251088,omid:br/06201578210,2003,P10Y,no,no
oci:06420251088-06701569662,omid:br/06420251088,omid:br/06701569662,2003,P13Y,no,no
oci:06420251088-06470194565,omid:br/06420251088,omid:br/06470194565,2003,P9Y,no,no
oci:06420251088-06440226796,omid:br/06420251088,omid:br/06440226796,2003,P3Y,no,no
oci:06420251088-06440226552,omid:br/06420251088,omid:br/06440226552,2003,P18Y,no,no
oci:06420251088-0610270865,omid:br/06420251088,omid:br/0610270865,2003,P14Y,no,no
oci:06350251313-06503305012,omid:br/06350251313,omid:br/06503305012,2011,P8Y,no,no
oci:06350251313-06502143989,omid:br/06350251313,omid:br/06502143989,2011,P3Y,no,no
oci:06350251313-06502144050,omid:br/06350251313,omid:br/06502144050,2011,P5Y,no,no
oci:06450250683-061803665311,omid:br/06450250683,omid:br/061803665311,1999,P42Y,no,no
oci:06450250683-06240964439,omid:br/06450250683,omid:br/06240964439,1999,P28Y,no,no
oci:06450250683-064404084,omid:br/06450250683,omid:br/064404084,1999,P5Y,no,no
oci:06450250683-061702226000,omid:br/06450250683,omid:br/061702226000,1999,P15Y,no,no
oci:06450250683-061703674394,omid:br/06450250683,omid:br/061703674394,1999,P26Y,no,no
oci:06450250683-062303711058,omid:br/06450250683,omid:br/062303711058,1999,P4Y,no,no
oci:06450250683-0630487139,omid:br/06450250683,omid:br/0630487139,1999,P15Y,no,no
oci:06450250683-06230489978,omid:br/06450250683,omid:br/06230489978,1999,P10Y,no,no
oci:06450250683-062501921928,omid:br/06450250683,omid:br/062501921928,1999,P16Y,no,no
oci:06450250683-0604006472,omid:br/06450250683,omid:br/0604006472,1999,P3Y,no,no
oci:06450250683-06380271452,omid:br/06450250683,omid:br/06380271452,1999,P6Y,no,no
oci:06450250683-06370261043,omid:br/06450250683,omid:br/06370261043,1999,P7Y,yes,no
oci:06380250397-06520250166,omid:br/06380250397,omid:br/06520250166,2013,P8Y,yes,no
oci:06104521475-06250470607,omid:br/06104521475,omid:br/06250470607,2008,P14Y,no,no
oci:06450250625-06430250379,omid:br/06450250625,omid:br/06430250379,1999,P5Y,yes,no
oci:06450250625-06440247545,omid:br/06450250625,omid:br/06440247545,1999,P13Y,yes,no
oci:06530258115-061703674986,omid:br/06530258115,omid:br/061703674986,1995,P14Y,no,no
oci:06530258115-0634037232,omid:br/06530258115,omid:br/0634037232,1995,P19Y,no,no
oci:06530258115-061603594238,omid:br/06530258115,omid:br/061603594238,1995,P17Y,no,no
oci:06530258115-062401176169,omid:br/06530258115,omid:br/062401176169,1995,P13Y,no,no
oci:06530258115-06170546530,omid:br/06530258115,omid:br/06170546530,1995,P11Y,no,no
oci:06530258115-061602186058,omid:br/06530258115,omid:br/061602186058,1995,P9Y,no,no
oci:06530258115-06190550063,omid:br/06530258115,omid:br/06190550063,1995,P8Y,no,no
oci:06530258115-061602186439,omid:br/06530258115,omid:br/061602186439,1995,P15Y,no,no
oci:06530258115-062504086372,omid:br/06530258115,omid:br/062504086372,1995,P2Y,yes,no
oci:06310247398-06301585272,omid:br/06310247398,omid:br/06301585272,2013,P3Y,no,no
oci:06310247398-061403711192,omid:br/06310247398,omid:br/061403711192,2013,P3Y,no,no
oci:06310247398-061903508647,omid:br/06310247398,omid:br/061903508647,2013,P15Y,no,no
oci:06520250155-06470248199,omid:br/06520250155,omid:br/06470248199,2005,P5Y,yes,no
oci:06510261780-061801497561,omid:br/06510261780,omid:br/061801497561,1996,P8Y,no,no
oci:06510261780-062503657197,omid:br/06510261780,omid:br/062503657197,1996,P16Y,no,no
oci:06510261780-06801396122,omid:br/06510261780,omid:br/06801396122,1996,P4Y,no,no
oci:06510261780-06480249506,omid:br/06510261780,omid:br/06480249506,1996,P4Y,yes,no
oci:06390259211-061101867233,omid:br/06390259211,omid:br/061101867233,2006,P7Y,no,no
oci:06390259211-0653038446,omid:br/06390259211,omid:br/0653038446,2006,P9Y,no,no
oci:06390259211-061904154256,omid:br/06390259211,omid:br/061904154256,2006,P23Y,no,no
oci:06390259211-061103503246,omid:br/06390259211,omid:br/061103503246,2006,P7Y,no,no
oci:06390259211-061904154257,omid:br/06390259211,omid:br/061904154257,2006,P6Y,no,no
oci:06390259211-06210953343,omid:br/06390259211,omid:br/06210953343,2006,P30Y,no,no
oci:06390259211-06230468455,omid:br/06390259211,omid:br/06230468455,2006,P16Y,no,no
oci:06390259211-061904154258,omid:br/06390259211,omid:br/061904154258,2006,P20Y,no,no
oci:06390259211-061904154259,omid:br/06390259211,omid:br/061904154259,2006,P11Y,no,no
oci:06390259211-061403292143,omid:br/06390259211,omid:br/061403292143,2006,P9Y,no,no
oci:06470247791-06440247120,omid:br/06470247791,omid:br/06440247120,2002,P6Y,yes,no
oci:06530257519-061903582368,omid:br/06530257519,omid:br/061903582368,2011,,no,no
oci:06390259004-06220165929,omid:br/06390259004,omid:br/06220165929,2004,P6Y,no,no
oci:06390259004-062301124342,omid:br/06390259004,omid:br/062301124342,2004,P15Y,no,no
oci:06390259004-06230174762,omid:br/06390259004,omid:br/06230174762,2004,P3Y,no,no
oci:06390259004-06230270063,omid:br/06390259004,omid:br/06230270063,2004,P11Y,no,no
oci:06390259004-0660168437,omid:br/06390259004,omid:br/0660168437,2004,P2Y,no,no
oci:06390259004-062101273756,omid:br/06390259004,omid:br/062101273756,2004,P4Y,no,no
oci:06390259004-062503615269,omid:br/06390259004,omid:br/062503615269,2004,P7Y,no,no
oci:06390259004-06802575100,omid:br/06390259004,omid:br/06802575100,2004,P4Y,no,no
oci:06390259004-06104004995,omid:br/06390259004,omid:br/06104004995,2004,,no,no
oci:06330256415-06410254467,omid:br/06330256415,omid:br/06410254467,2011,P1Y,yes,no
oci:06330256415-06420207936,omid:br/06330256415,omid:br/06420207936,2011,P6Y,no,no
oci:06330256415-06250967692,omid:br/06330256415,omid:br/06250967692,2011,P11Y,no,no
oci:06330256415-06370208828,omid:br/06330256415,omid:br/06370208828,2011,P11Y,no,no
oci:06330256415-06220973977,omid:br/06330256415,omid:br/06220973977,2011,P14Y,no,no
oci:06330256415-06440203272,omid:br/06330256415,omid:br/06440203272,2011,P2Y,no,no
oci:06520250115-06701021728,omid:br/06520250115,omid:br/06701021728,2005,P6Y,no,no
oci:06520250115-061702226000,omid:br/06520250115,omid:br/061702226000,2005,P21Y,no,no
oci:06520250115-0670230121,omid:br/06520250115,omid:br/0670230121,2005,P2Y,no,no
oci:06520250115-062601503228,omid:br/06520250115,omid:br/062601503228,2005,P1Y,no,no
oci:06420251738-061902432222,omid:br/06420251738,omid:br/061902432222,1997,P3Y,no,no
oci:06420251738-061802420896,omid:br/06420251738,omid:br/061802420896,1997,P21Y,no,no
oci:06420251738-0610842115,omid:br/06420251738,omid:br/0610842115,1997,P3Y,no,no
oci:06420251738-06104521203,omid:br/06420251738,omid:br/06104521203,1997,P2Y,yes,no
oci:06420251738-0604170097,omid:br/06420251738,omid:br/0604170097,1997,P17Y,yes,no
oci:06290253922-061901582033,omid:br/06290253922,omid:br/061901582033,2010,P10Y,no,no
oci:06290253922-06110952899,omid:br/06290253922,omid:br/06110952899,2010,P12Y,no,no
oci:06290253922-06501659096,omid:br/06290253922,omid:br/06501659096,2010,P5Y,no,no
oci:06290253922-062401231253,omid:br/06290253922,omid:br/062401231253,2010,P6Y,no,no
oci:06290253922-062603132148,omid:br/06290253922,omid:br/062603132148,2010,P5Y,no,no
oci:06290253922-0690937640,omid:br/06290253922,omid:br/0690937640,2010,P9Y,no,no
oci:06290253922-061603299777,omid:br/06290253922,omid:br/061603299777,2010,P6Y,no,no
oci:06290253922-06120915190,omid:br/06290253922,omid:br/06120915190,2010,P6Y,no,no
oci:06290253922-061103297747,omid:br/06290253922,omid:br/061103297747,2010,P14Y,no,no
oci:06290253922-06460246355,omid:br/06290253922,omid:br/06460246355,2010,P3Y,yes,no
oci:06470247945-06902606202,omid:br/06470247945,omid:br/06902606202,2001,P18Y,no,no
oci:06290253715-06150798515,omid:br/06290253715,omid:br/06150798515,2011,P11Y,no,no
oci:06290253715-06150798173,omid:br/06290253715,omid:br/06150798173,2011,P10Y,no,no
oci:06290253715-062302863776,omid:br/06290253715,omid:br/062302863776,2011,P7Y,no,no
oci:06280265647-061604042050,omid:br/06280265647,omid:br/061604042050,2006,P5Y,no,no
oci:06490248781-061801220076,omid:br/06490248781,omid:br/061801220076,2002,P21Y,no,no
oci:06490248781-06440247073,omid:br/06490248781,omid:br/06440247073,2002,P5Y,yes,no
oci:06490248781-06530258271,omid:br/06490248781,omid:br/06530258271,2002,P9Y,yes,no
oci:06490248781-06290253644,omid:br/06490248781,omid:br/06290253644,2002,P1Y,yes,no
oci:06490248781-06380250183,omid:br/06490248781,omid:br/06380250183,2002,P8Y,yes,no
oci:06490248781-06410254230,omid:br/06490248781,omid:br/06410254230,2002,P4Y,yes,no
oci:06490248781-06430250369,omid:br/06490248781,omid:br/06430250369,2002,P8Y,yes,no
oci:06330256519-06170873892,omid:br/06330256519,omid:br/06170873892,1996,P12Y,no,no
oci:06330256519-06260280944,omid:br/06330256519,omid:br/06260280944,1996,P22Y,no,no
oci:06330256519-06101234952,omid:br/06330256519,omid:br/06101234952,1996,P19Y,no,no
oci:06330256519-06410254603,omid:br/06330256519,omid:br/06410254603,1996,P6Y,yes,no
oci:06330256519-06410254633,omid:br/06330256519,omid:br/06410254633,1996,P6Y,yes,no
oci:06510262135-0620971932,omid:br/06510262135,omid:br/0620971932,2001,P6Y,no,no
oci:06510262135-0640980181,omid:br/06510262135,omid:br/0640980181,2001,P4Y,no,no
oci:06510262135-0641039009,omid:br/06510262135,omid:br/0641039009,2001,P15Y,no,no
oci:06510262135-061902432286,omid:br/06510262135,omid:br/061902432286,2001,P21Y,no,no
oci:06510262135-0610546787,omid:br/06510262135,omid:br/0610546787,2001,P0Y,no,no
oci:06520249848-06120611662,omid:br/06520249848,omid:br/06120611662,1997,P28Y,no,no
oci:06520249848-06250803624,omid:br/06520249848,omid:br/06250803624,1997,P9Y,no,no
oci:06520249848-0660252694,omid:br/06520249848,omid:br/0660252694,1997,P13Y,no,no
oci:06520249848-0652035152,omid:br/06520249848,omid:br/0652035152,1997,P5Y,no,no
oci:062604105960-061403710137,omid:br/062604105960,omid:br/061403710137,2013,P13Y,no,no
oci:06450251168-06270231290,omid:br/06450251168,omid:br/06270231290,2007,P36Y,no,no
oci:06450251168-06204097318,omid:br/06450251168,omid:br/06204097318,2007,P38Y,no,no
oci:06450251168-06510262894,omid:br/06450251168,omid:br/06510262894,2007,P5Y,no,no
oci:06320242370-061401473674,omid:br/06320242370,omid:br/061401473674,1996,P13Y,no,no
oci:06320242370-061501491059,omid:br/06320242370,omid:br/061501491059,1996,P6Y,no,no
oci:06320242370-06230864712,omid:br/06320242370,omid:br/06230864712,1996,P27Y,no,no
oci:06320242370-0680492915,omid:br/06320242370,omid:br/0680492915,1996,P24Y,no,no
oci:06320242370-06220763012,omid:br/06320242370,omid:br/06220763012,1996,P7Y,no,no
oci:06320242370-06210953329,omid:br/06320242370,omid:br/06210953329,1996,P10Y,no,no
oci:06320242370-06210765407,omid:br/06320242370,omid:br/06210765407,1996,P9Y,no,no
oci:06320242370-06450332863,omid:br/06320242370,omid:br/06450332863,1996,,no,no
oci:06320242370-0640530946,omid:br/06320242370,omid:br/0640530946,1996,P10Y,no,no
oci:06320242370-06180322524,omid:br/06320242370,omid:br/06180322524,1996,P8Y,no,no
oci:06320242381-06160279010,omid:br/06320242381,omid:br/06160279010,1996,P14Y,no,no
oci:06320242381-0620355425,omid:br/06320242381,omid:br/0620355425,1996,P19Y,no,no
oci:06320242381-0604399174,omid:br/06320242381,omid:br/0604399174,1996,P7Y,yes,no
oci:06490248766-06504014550,omid:br/06490248766,omid:br/06504014550,2002,,no,no
oci:06290254138-06350251785,omid:br/06290254138,omid:br/06350251785,2007,P3Y,yes,no
oci:06290254138-061204042919,omid:br/06290254138,omid:br/061204042919,2007,P3Y,no,no
oci:06290254138-06390259241,omid:br/06290254138,omid:br/06390259241,2007,P2Y,yes,no
oci:06460246322-061403108819,omid:br/06460246322,omid:br/061403108819,2007,P5Y,no,no
oci:06460246322-062102423241,omid:br/06460246322,omid:br/062102423241,2007,P4Y,no,no
oci:06290253935-06402514180,omid:br/06290253935,omid:br/06402514180,2010,P56Y,no,no
oci:06290253935-061803736214,omid:br/06290253935,omid:br/061803736214,2010,P19Y,no,no
oci:06290253935-06230489700,omid:br/06290253935,omid:br/06230489700,2010,P56Y,no,no
oci:06290253935-06401067650,omid:br/06290253935,omid:br/06401067650,2010,P1Y,no,no
oci:06290253935-06401067612,omid:br/06290253935,omid:br/06401067612,2010,P9Y,no,no
oci:06510262608-06210760535,omid:br/06510262608,omid:br/06210760535,2011,P4Y,no,no
oci:06510262608-062601075518,omid:br/06510262608,omid:br/062601075518,2011,P6Y,no,no
oci:062403581201-0651039540,omid:br/062403581201,omid:br/0651039540,2005,P6Y,no,no
oci:062403581201-061803340261,omid:br/062403581201,omid:br/061803340261,2005,P5Y,no,no
oci:06104521454-06360246092,omid:br/06104521454,omid:br/06360246092,2008,P5Y,yes,no
oci:06104521454-06450250624,omid:br/06104521454,omid:br/06450250624,2008,P9Y,yes,no
oci:06104521454-06104521209,omid:br/06104521454,omid:br/06104521209,2008,P13Y,yes,no
oci:06104521454-06460246835,omid:br/06104521454,omid:br/06460246835,2008,P21Y,yes,no
oci:06104521454-06450251295,omid:br/06104521454,omid:br/06450251295,2008,P1Y,yes,no
oci:06104521454-06450250675,omid:br/06104521454,omid:br/06450250675,2008,P9Y,yes,no
oci:06104521454-06460246286,omid:br/06104521454,omid:br/06460246286,2008,P1Y,yes,no
oci:06104521454-06430250011,omid:br/06104521454,omid:br/06430250011,2008,P12Y,yes,no
oci:06470247922-06130788113,omid:br/06470247922,omid:br/06130788113,2001,P1Y,no,no
oci:061703582130-061801475288,omid:br/061703582130,omid:br/061801475288,2001,P8Y,no,no
oci:061703582130-06601086177,omid:br/061703582130,omid:br/06601086177,2001,P8Y,no,no
oci:061703582130-062403054476,omid:br/061703582130,omid:br/062403054476,2001,P19Y,no,no
oci:06360245953-06190871599,omid:br/06360245953,omid:br/06190871599,1998,P19Y,no,no
oci:06360245953-06190874149,omid:br/06360245953,omid:br/06190874149,1998,P6Y,no,no
oci:06360245953-06320242136,omid:br/06360245953,omid:br/06320242136,1998,P1Y,yes,no
oci:06510262040-062403054387,omid:br/06510262040,omid:br/062403054387,2001,P19Y,no,no
oci:06510262040-06802574884,omid:br/06510262040,omid:br/06802574884,2001,P1Y,no,no
oci:06510262040-06280265214,omid:br/06510262040,omid:br/06280265214,2001,P15Y,yes,no
oci:06510262040-06450250524,omid:br/06510262040,omid:br/06450250524,2001,P0Y,yes,no
oci:06380250391-06310247385,omid:br/06380250391,omid:br/06310247385,2013,P0Y,yes,no
oci:06380250391-06310247360,omid:br/06380250391,omid:br/06310247360,2013,P0Y,yes,no
oci:06390259022-06402490775,omid:br/06390259022,omid:br/06402490775,2004,P7Y,no,no
oci:06104521441-0610270972,omid:br/06104521441,omid:br/0610270972,2008,P6Y,no,no
oci:06104521441-0630263264,omid:br/06104521441,omid:br/0630263264,2008,P5Y,no,no
oci:06104521441-06470248214,omid:br/06104521441,omid:br/06470248214,2008,P8Y,yes,no
oci:06104521441-062302432268,omid:br/06104521441,omid:br/062302432268,2008,P2Y,no,no
oci:06104521441-06290254132,omid:br/06104521441,omid:br/06290254132,2008,P1Y,yes,no
oci:0604518905-061401563931,omid:br/0604518905,omid:br/061401563931,2009,P12Y,no,no
oci:06310247169-06104521475,omid:br/06310247169,omid:br/06104521475,2009,P1Y,yes,no
oci:06320242709-061203604708,omid:br/06320242709,omid:br/061203604708,2004,P45Y,no,no
oci:06320242709-0604449970,omid:br/06320242709,omid:br/0604449970,2004,P10Y,yes,no
oci:06470247873-06360245947,omid:br/06470247873,omid:br/06360245947,2001,P3Y,yes,no
oci:06320242415-06250260449,omid:br/06320242415,omid:br/06250260449,1996,P31Y,no,no
oci:06320242415-061701898557,omid:br/06320242415,omid:br/061701898557,1996,P17Y,no,no
oci:06320242415-061902041913,omid:br/06320242415,omid:br/061902041913,1996,P10Y,no,no
oci:06320242415-06140947272,omid:br/06320242415,omid:br/06140947272,1996,P8Y,no,no
oci:06320242415-061902432384,omid:br/06320242415,omid:br/061902432384,1996,P9Y,no,no
oci:06320242415-061403269773,omid:br/06320242415,omid:br/061403269773,1996,P13Y,no,no
oci:06320242415-06140947611,omid:br/06320242415,omid:br/06140947611,1996,P7Y,no,no
oci:06320242415-06160957120,omid:br/06320242415,omid:br/06160957120,1996,P8Y,no,no
oci:06480249690-06260280538,omid:br/06480249690,omid:br/06260280538,2006,P12Y,no,no
oci:06370260573-06150956969,omid:br/06370260573,omid:br/06150956969,2002,P21Y,no,no
oci:06370260573-0610561038,omid:br/06370260573,omid:br/0610561038,2002,P34Y,no,no
oci:06370260573-06250549703,omid:br/06370260573,omid:br/06250549703,2002,P21Y,no,no
oci:06370260573-06220864860,omid:br/06370260573,omid:br/06220864860,2002,P21Y,no,no
oci:06370260573-061203285660,omid:br/06370260573,omid:br/061203285660,2002,P12Y,no,no
oci:06104521432-061301127122,omid:br/06104521432,omid:br/061301127122,2008,P10Y,no,no
oci:06104521432-06130261470,omid:br/06104521432,omid:br/06130261470,2008,P10Y,no,no
oci:06104521432-06350251805,omid:br/06104521432,omid:br/06350251805,2008,P4Y,yes,no
oci:06340256868-062603598721,omid:br/06340256868,omid:br/062603598721,2010,,no,no
oci:06340256868-062504086291,omid:br/06340256868,omid:br/062504086291,2010,P1Y,yes,no
oci:06340256507-06602623947,omid:br/06340256507,omid:br/06602623947,2018,P3Y,no,no
oci:06340256507-06201518642,omid:br/06340256507,omid:br/06201518642,2018,P3Y,no,no
oci:06320242479-061102791681,omid:br/06320242479,omid:br/061102791681,2007,P5Y,no,no
oci:06320242479-061103100083,omid:br/06320242479,omid:br/061103100083,2007,P2Y,no,no
oci:06320242479-06140422100,omid:br/06320242479,omid:br/06140422100,2007,P4Y,no,no
oci:06320242479-06210202936,omid:br/06320242479,omid:br/06210202936,2007,P3Y,no,no
oci:06320242479-06170593551,omid:br/06320242479,omid:br/06170593551,2007,P2Y,no,no
oci:06320242479-06140341675,omid:br/06320242479,omid:br/06140341675,2007,P7Y,no,no
oci:06430250044-0604637146,omid:br/06430250044,omid:br/0604637146,1996,P6Y,no,no
oci:06430250044-06250495397,omid:br/06430250044,omid:br/06250495397,1996,P5Y,no,no
oci:06430250044-061602185994,omid:br/06430250044,omid:br/061602185994,1996,P3Y,no,no
oci:06430250044-061603670868,omid:br/06430250044,omid:br/061603670868,1996,P4Y,no,no
oci:06430250044-06510262290,omid:br/06430250044,omid:br/06510262290,1996,P7Y,yes,no
oci:06480249245-06230489978,omid:br/06480249245,omid:br/06230489978,1995,P6Y,no,no
oci:06480249245-061703674394,omid:br/06480249245,omid:br/061703674394,1995,P22Y,no,no
oci:06480249245-06404540159,omid:br/06480249245,omid:br/06404540159,1995,P16Y,no,no
oci:06480249245-0604717141,omid:br/06480249245,omid:br/0604717141,1995,P13Y,no,no
oci:06480249245-06430249905,omid:br/06480249245,omid:br/06430249905,1995,P14Y,yes,no
oci:06480249245-06370277727,omid:br/06480249245,omid:br/06370277727,1995,P5Y,no,no
oci:06480249245-06704514370,omid:br/06480249245,omid:br/06704514370,1995,P20Y,no,no
oci:06480249245-06104521983,omid:br/06480249245,omid:br/06104521983,1995,P5Y,yes,no
oci:06470247793-06404133655,omid:br/06470247793,omid:br/06404133655,2002,P10Y,no,no
oci:06470247793-062603739634,omid:br/06470247793,omid:br/062603739634,2002,P8Y,no,no
oci:06470247793-06804121433,omid:br/06470247793,omid:br/06804121433,2002,P4Y,no,no
oci:06470247793-061903867374,omid:br/06470247793,omid:br/061903867374,2002,P8Y,no,no
oci:06470247793-064604799,omid:br/06470247793,omid:br/064604799,2002,P7Y,no,no
oci:06310247159-06180195154,omid:br/06310247159,omid:br/06180195154,2009,P2Y,no,no
oci:06320242366-06430250305,omid:br/06320242366,omid:br/06430250305,1996,P2Y,yes,no
oci:06320242366-06530258115,omid:br/06320242366,omid:br/06530258115,1996,P1Y,yes,no
oci:06470248228-061501295628,omid:br/06470248228,omid:br/061501295628,2000,P3Y,no,no
oci:06470248228-06204177945,omid:br/06470248228,omid:br/06204177945,2000,P3Y,no,no
oci:062604105944-06210969263,omid:br/062604105944,omid:br/06210969263,2013,P11Y,no,no
oci:06470248426-062401190171,omid:br/06470248426,omid:br/062401190171,1998,P9Y,no,no
oci:06470248426-06260985990,omid:br/06470248426,omid:br/06260985990,1998,P6Y,no,no
oci:06460246317-0620918347,omid:br/06460246317,omid:br/0620918347,2007,P3Y,no,no
oci:06460246317-061601211563,omid:br/06460246317,omid:br/061601211563,2007,P4Y,no,no
oci:06460246317-061802844670,omid:br/06460246317,omid:br/061802844670,2007,P11Y,no,no
oci:06460246317-061401389180,omid:br/06460246317,omid:br/061401389180,2007,P16Y,no,no
oci:06460246317-06280265706,omid:br/06460246317,omid:br/06280265706,2007,P1Y,yes,no
oci:06310247733-061403580893,omid:br/06310247733,omid:br/061403580893,2011,P9Y,yes,no
oci:06310247733-0604503573,omid:br/06310247733,omid:br/0604503573,2011,P3Y,no,no
oci:06320242439-0633025257,omid:br/06320242439,omid:br/0633025257,2007,P7Y,no,no
oci:06320242439-06120924708,omid:br/06320242439,omid:br/06120924708,2007,P3Y,no,no
oci:06320242439-06110934130,omid:br/06320242439,omid:br/06110934130,2007,P2Y,no,no
oci:06320242439-062302122257,omid:br/06320242439,omid:br/062302122257,2007,P8Y,no,no
oci:06320242439-0631067637,omid:br/06320242439,omid:br/0631067637,2007,P8Y,no,no
oci:06320242439-0640487800,omid:br/06320242439,omid:br/0640487800,2007,P13Y,no,no
oci:06320242439-0690505883,omid:br/06320242439,omid:br/0690505883,2007,P6Y,no,no
oci:06320242439-06150844036,omid:br/06320242439,omid:br/06150844036,2007,P4Y,no,no
oci:06320242439-061602707293,omid:br/06320242439,omid:br/061602707293,2007,P1Y,no,no
oci:06320242439-06230625258,omid:br/06320242439,omid:br/06230625258,2007,P12Y,no,no
oci:06320242439-061503774432,omid:br/06320242439,omid:br/061503774432,2007,P4Y,no,no
oci:06320242439-061102031517,omid:br/06320242439,omid:br/061102031517,2007,P3Y,no,no
oci:06320242439-061802184379,omid:br/06320242439,omid:br/061802184379,2007,P5Y,no,no
oci:06320242439-0630263447,omid:br/06320242439,omid:br/0630263447,2007,P4Y,no,no
oci:06320242439-062102121066,omid:br/06320242439,omid:br/062102121066,2007,P2Y,no,no
oci:06450251150-061801670632,omid:br/06450251150,omid:br/061801670632,2007,P6Y,no,no
oci:06450251150-061501674578,omid:br/06450251150,omid:br/061501674578,2007,P4Y,no,no
oci:06450251150-06220951409,omid:br/06450251150,omid:br/06220951409,2007,P7Y,no,no
oci:06450251150-06220951433,omid:br/06450251150,omid:br/06220951433,2007,P10Y,no,no
oci:06450251150-061601680600,omid:br/06450251150,omid:br/061601680600,2007,P8Y,no,no
oci:06450251150-061501674096,omid:br/06450251150,omid:br/061501674096,2007,P1Y,no,no
oci:06510262545-061901133557,omid:br/06510262545,omid:br/061901133557,2011,P15Y,no,no
oci:06510262545-06104522056,omid:br/06510262545,omid:br/06104522056,2011,P3Y,yes,no
oci:06510262545-0690493952,omid:br/06510262545,omid:br/0690493952,2011,P30Y,no,no
oci:06510262545-0650522157,omid:br/06510262545,omid:br/0650522157,2011,P12Y,no,no
oci:06510262545-06701095204,omid:br/06510262545,omid:br/06701095204,2011,P9Y,no,no
oci:06510262545-06260613043,omid:br/06510262545,omid:br/06260613043,2011,P10Y,no,no
oci:06510262545-061704043022,omid:br/06510262545,omid:br/061704043022,2011,P2Y,no,no
oci:06470247785-0604301405,omid:br/06470247785,omid:br/0604301405,2002,P5Y,no,no
oci:06470247785-061703675181,omid:br/06470247785,omid:br/061703675181,2002,P8Y,no,no
oci:06470247785-06430250073,omid:br/06470247785,omid:br/06430250073,2002,P6Y,yes,no
oci:06470247785-06430250185,omid:br/06470247785,omid:br/06430250185,2002,P17Y,yes,no
oci:06520249808-06703977795,omid:br/06520249808,omid:br/06703977795,1997,,no,no
oci:06520249808-06190267376,omid:br/06520249808,omid:br/06190267376,1997,P14Y,no,no
oci:06520249808-061502254712,omid:br/06520249808,omid:br/061502254712,1997,P6Y,no,no
oci:06520249808-06210862211,omid:br/06520249808,omid:br/06210862211,1997,P23Y,no,no
oci:06520249808-06704114084,omid:br/06520249808,omid:br/06704114084,1997,P8Y,no,no
oci:06520249808-06220261082,omid:br/06520249808,omid:br/06220261082,1997,P3Y,no,no
oci:06520249808-06210355549,omid:br/06520249808,omid:br/06210355549,1997,P1Y,no,no
oci:06520249808-06430250071,omid:br/06520249808,omid:br/06430250071,1997,P1Y,yes,no
oci:06450250644-06480249483,omid:br/06450250644,omid:br/06480249483,1999,P7Y,yes,no
oci:06450250644-0604450002,omid:br/06450250644,omid:br/0604450002,1999,P5Y,yes,no
oci:06450250644-06470247754,omid:br/06450250644,omid:br/06470247754,1999,P7Y,yes,no
oci:06450250644-06480249439,omid:br/06450250644,omid:br/06480249439,1999,P7Y,yes,no
oci:06450250644-06370260697,omid:br/06450250644,omid:br/06370260697,1999,P5Y,yes,no
oci:06450250644-06470247670,omid:br/06450250644,omid:br/06470247670,1999,P7Y,yes,no
oci:06450250644-0604450039,omid:br/06450250644,omid:br/0604450039,1999,P5Y,yes,no
oci:06450250644-06320242412,omid:br/06450250644,omid:br/06320242412,1999,P3Y,yes,no
oci:06320242798-061304017001,omid:br/06320242798,omid:br/061304017001,2006,P5Y,no,no
oci:062504086315-061801925296,omid:br/062504086315,omid:br/061801925296,2009,P6Y,no,no
oci:062504086315-06802575226,omid:br/062504086315,omid:br/06802575226,2009,P9Y,no,no
oci:062504086315-06120346836,omid:br/062504086315,omid:br/06120346836,2009,P2Y,no,no
oci:062504086315-0690365307,omid:br/062504086315,omid:br/0690365307,2009,P6Y,no,no
oci:062504086315-06210485362,omid:br/062504086315,omid:br/06210485362,2009,P2Y,no,no
oci:062504086315-06320242468,omid:br/062504086315,omid:br/06320242468,2009,P2Y,yes,no
oci:06450250676-062603155592,omid:br/06450250676,omid:br/062603155592,1999,P5Y,no,no
oci:06450250676-06402283543,omid:br/06450250676,omid:br/06402283543,1999,P11Y,no,no
oci:06450250676-06302268850,omid:br/06450250676,omid:br/06302268850,1999,P7Y,no,no
oci:06450250676-06410225775,omid:br/06450250676,omid:br/06410225775,1999,P4Y,no,no
oci:0604222965-061903590508,omid:br/0604222965,omid:br/061903590508,2013,P3Y,no,no
oci:0604222965-06340486135,omid:br/0604222965,omid:br/06340486135,2013,P6Y,no,no
oci:0604222965-0641017836,omid:br/0604222965,omid:br/0641017836,2013,P5Y,no,no
oci:06380250495-062604105818,omid:br/06380250495,omid:br/062604105818,1999,P12Y,yes,no
oci:06380250495-06510262259,omid:br/06380250495,omid:br/06510262259,1999,P10Y,yes,no
oci:06330257091-06301405619,omid:br/06330257091,omid:br/06301405619,2012,P27Y,no,no
oci:06330257091-0660586724,omid:br/06330257091,omid:br/0660586724,2012,P1Y,no,no
oci:06490248756-061703302233,omid:br/06490248756,omid:br/061703302233,2002,P19Y,no,no
oci:06490248756-061104155750,omid:br/06490248756,omid:br/061104155750,2002,P13Y,no,no
oci:06490248756-064304779,omid:br/06490248756,omid:br/064304779,2002,P9Y,no,no
oci:06490248756-06150870559,omid:br/06490248756,omid:br/06150870559,2002,P9Y,no,no
oci:06490248756-062102431070,omid:br/06490248756,omid:br/062102431070,2002,P4Y,no,no
oci:06490248756-061402177774,omid:br/06490248756,omid:br/061402177774,2002,P9Y,no,no
oci:06490248756-062202428550,omid:br/06490248756,omid:br/062202428550,2002,P9Y,no,no
oci:06410254197-0670259569,omid:br/06410254197,omid:br/0670259569,1998,P2Y,no,no
oci:06410254197-0660259978,omid:br/06410254197,omid:br/0660259978,1998,P2Y,no,no
oci:06410254197-0660259990,omid:br/06410254197,omid:br/0660259990,1998,P2Y,no,no
oci:06410254197-061403736727,omid:br/06410254197,omid:br/061403736727,1998,P2Y,no,no
oci:06410254197-062503614837,omid:br/06410254197,omid:br/062503614837,1998,P2Y,no,no
oci:06410254197-0670259477,omid:br/06410254197,omid:br/0670259477,1998,P2Y,no,no
oci:06410254197-062403715571,omid:br/06410254197,omid:br/062403715571,1998,P1Y,no,no
oci:06410254197-061403736749,omid:br/06410254197,omid:br/061403736749,1998,P2Y,no,no
oci:06410254197-0670259486,omid:br/06410254197,omid:br/0670259486,1998,P2Y,no,no
oci:06450250607-061601375078,omid:br/06450250607,omid:br/061601375078,1999,P10Y,no,no
oci:06450250607-062203327310,omid:br/06450250607,omid:br/062203327310,1999,P22Y,no,no
oci:06510261696-061703675167,omid:br/06510261696,omid:br/061703675167,1995,P1Y,no,no
oci:0604222901-0604035206,omid:br/0604222901,omid:br/0604035206,2013,P4Y,yes,no
oci:0604222901-06480249688,omid:br/0604222901,omid:br/06480249688,2013,P7Y,yes,no
oci:06104521279-061602186205,omid:br/06104521279,omid:br/061602186205,1995,P15Y,no,no
oci:06104521279-06220973762,omid:br/06104521279,omid:br/06220973762,1995,P9Y,no,no
oci:06104521279-062603606654,omid:br/06104521279,omid:br/062603606654,1995,P6Y,no,no
oci:06104521279-06190550070,omid:br/06104521279,omid:br/06190550070,1995,P5Y,no,no
oci:06104521279-061602186006,omid:br/06104521279,omid:br/061602186006,1995,P4Y,no,no
oci:06104521279-06110734038,omid:br/06104521279,omid:br/06110734038,1995,P5Y,no,no
oci:06104521279-06260994863,omid:br/06104521279,omid:br/06260994863,1995,P11Y,no,no
oci:06104521279-061603670991,omid:br/06104521279,omid:br/061603670991,1995,P5Y,no,no
oci:06480249719-06250958776,omid:br/06480249719,omid:br/06250958776,2006,P15Y,no,no
oci:06480249719-061102611665,omid:br/06480249719,omid:br/061102611665,2006,P10Y,no,no
oci:06480249719-06803908440,omid:br/06480249719,omid:br/06803908440,2006,P10Y,no,no
oci:06480249719-062403487954,omid:br/06480249719,omid:br/062403487954,2006,P9Y,no,no
oci:06480249719-06390259045,omid:br/06480249719,omid:br/06390259045,2006,P2Y,yes,no
oci:06510262220-06160266160,omid:br/06510262220,omid:br/06160266160,2001,P2Y,no,no
oci:06510262220-061102590550,omid:br/06510262220,omid:br/061102590550,2001,P9Y,no,no
oci:062504086291-0604831531,omid:br/062504086291,omid:br/0604831531,2009,P3Y,no,no
oci:06104521275-06520249636,omid:br/06104521275,omid:br/06520249636,1995,P7Y,yes,no
oci:06104521275-0604831532,omid:br/06104521275,omid:br/0604831532,1995,P5Y,no,no
oci:06104521275-0604831533,omid:br/06104521275,omid:br/0604831533,1995,P6Y,no,no
oci:06280265070-06260280924,omid:br/06280265070,omid:br/06260280924,2002,P23Y,no,no
oci:06280265070-061802873656,omid:br/06280265070,omid:br/061802873656,2002,P6Y,no,no
oci:06280265070-061801656602,omid:br/06280265070,omid:br/061801656602,2002,P3Y,no,no
oci:06280265070-0604831508,omid:br/06280265070,omid:br/0604831508,2002,P6Y,no,no
oci:06280265070-061801656676,omid:br/06280265070,omid:br/061801656676,2002,P3Y,no,no
oci:06104521467-06330316230,omid:br/06104521467,omid:br/06330316230,2008,,no,no
oci:06104521467-062301842571,omid:br/06104521467,omid:br/062301842571,2008,P2Y,no,no
oci:06104521467-062301842584,omid:br/06104521467,omid:br/062301842584,2008,P2Y,no,no
oci:06104521467-06280265676,omid:br/06104521467,omid:br/06280265676,2008,P2Y,yes,no
oci:06104521467-06370260397,omid:br/06104521467,omid:br/06370260397,2008,P17Y,yes,no
oci:06104521467-06430250305,omid:br/06104521467,omid:br/06430250305,2008,P14Y,yes,no
oci:06104521467-06510262452,omid:br/06104521467,omid:br/06510262452,2008,P5Y,yes,no
oci:06104521467-06420251430,omid:br/06104521467,omid:br/06420251430,2008,P5Y,yes,no
oci:06390259466-06150800767,omid:br/06390259466,omid:br/06150800767,2010,P2Y,no,no
oci:06470247914-06450250616,omid:br/06470247914,omid:br/06450250616,2001,P2Y,yes,no
oci:06510261699-0630869857,omid:br/06510261699,omid:br/0630869857,1995,P2Y,no,no
oci:06510261699-06410254664,omid:br/06510261699,omid:br/06410254664,1995,P5Y,yes,no
oci:06310247858-06530257499,omid:br/06310247858,omid:br/06530257499,2012,P1Y,yes,no
oci:06450250598-06701475331,omid:br/06450250598,omid:br/06701475331,1999,P49Y,no,no
oci:06450250598-0604170126,omid:br/06450250598,omid:br/0604170126,1999,P19Y,yes,no
oci:06450250598-06370260366,omid:br/06450250598,omid:br/06370260366,1999,P8Y,yes,no
oci:06350251797-06130260979,omid:br/06350251797,omid:br/06130260979,2004,P6Y,no,no
oci:06350251797-06802574816,omid:br/06350251797,omid:br/06802574816,2004,P3Y,no,no
oci:06350251797-06804589958,omid:br/06350251797,omid:br/06804589958,2004,,no,no
oci:06350251797-0649037474,omid:br/06350251797,omid:br/0649037474,2004,P10Y,no,no
oci:06350251797-06260920379,omid:br/06350251797,omid:br/06260920379,2004,P3Y,no,no
oci:06350251797-06470247800,omid:br/06350251797,omid:br/06470247800,2004,P2Y,yes,no
oci:06290253963-061102886481,omid:br/06290253963,omid:br/061102886481,2010,P11Y,no,no
oci:06290253963-061102886350,omid:br/06290253963,omid:br/061102886350,2010,P5Y,no,no
oci:06310247376-06804560798,omid:br/06310247376,omid:br/06804560798,2013,P7Y,no,no
oci:06320242208-06190869509,omid:br/06320242208,omid:br/06190869509,1997,P21Y,no,no
oci:06320242208-061703675229,omid:br/06320242208,omid:br/061703675229,1997,P4Y,no,no
oci:06330256461-062601147617,omid:br/06330256461,omid:br/062601147617,2011,P3Y,no,no
oci:06330256461-0604518891,omid:br/06330256461,omid:br/0604518891,2011,P2Y,yes,no
oci:06330256461-06201778272,omid:br/06330256461,omid:br/06201778272,2011,P2Y,no,no
oci:06330256461-06201136367,omid:br/06330256461,omid:br/06201136367,2011,P7Y,no,no
oci:06330256461-061201246457,omid:br/06330256461,omid:br/061201246457,2011,P7Y,no,no
oci:06470247944-06520249734,omid:br/06470247944,omid:br/06520249734,2001,P13Y,yes,no
oci:06490248715-061604042041,omid:br/06490248715,omid:br/061604042041,2002,P1Y,no,no
oci:06490248715-06140864245,omid:br/06490248715,omid:br/06140864245,2002,P6Y,no,no
oci:06390259426-06370208828,omid:br/06390259426,omid:br/06370208828,2010,P10Y,no,no
oci:06390259426-06420207936,omid:br/06390259426,omid:br/06420207936,2010,P5Y,no,no
oci:06290253693-06520249787,omid:br/06290253693,omid:br/06520249787,2011,P14Y,yes,no
oci:06290253693-0632048333,omid:br/06290253693,omid:br/0632048333,2011,P6Y,no,no
oci:06430249718-06801063221,omid:br/06430249718,omid:br/06801063221,2012,P4Y,no,no
oci:06530257501-062103484520,omid:br/06530257501,omid:br/062103484520,2011,P56Y,no,no
oci:06470247927-06190267552,omid:br/06470247927,omid:br/06190267552,2001,P2Y,no,no
oci:06470248194-06204098013,omid:br/06470248194,omid:br/06204098013,2000,P6Y,no,no
oci:06470248194-062101481085,omid:br/06470248194,omid:br/062101481085,2000,P5Y,no,no
oci:06470248194-062503110161,omid:br/06470248194,omid:br/062503110161,2000,P2Y,no,no
oci:06470248194-06530258115,omid:br/06470248194,omid:br/06530258115,2000,P5Y,yes,no
oci:06470248194-06510262008,omid:br/06470248194,omid:br/06510262008,2000,P5Y,yes,no
oci:06470248194-06360245904,omid:br/06470248194,omid:br/06360245904,2000,P5Y,yes,no
oci:06470248194-06360245876,omid:br/06470248194,omid:br/06360245876,2000,P5Y,yes,no
oci:06470248194-06360245920,omid:br/06470248194,omid:br/06360245920,2000,P5Y,yes,no
oci:06470248194-06430250325,omid:br/06470248194,omid:br/06430250325,2000,P6Y,yes,no
oci:06470248194-06430250016,omid:br/06470248194,omid:br/06430250016,2000,P4Y,yes,no
oci:06510262010-06160714904,omid:br/06510262010,omid:br/06160714904,1995,P17Y,no,no
oci:06510262010-0630355247,omid:br/06510262010,omid:br/0630355247,1995,P17Y,no,no
oci:06510262010-06230815194,omid:br/06510262010,omid:br/06230815194,1995,P18Y,no,no
oci:06510262010-0634037232,omid:br/06510262010,omid:br/0634037232,1995,P19Y,no,no
oci:06510262622-06410254449,omid:br/06510262622,omid:br/06410254449,2011,P1Y,yes,no
oci:06360246448-061204042602,omid:br/06360246448,omid:br/061204042602,2003,P15Y,no,no
oci:06360246448-061604041538,omid:br/06360246448,omid:br/061604041538,2003,P31Y,no,no
oci:06360246448-06904174586,omid:br/06360246448,omid:br/06904174586,2003,P12Y,no,no
oci:06360246448-06904174613,omid:br/06360246448,omid:br/06904174613,2003,P12Y,no,no
oci:06360246448-061103503600,omid:br/06360246448,omid:br/061103503600,2003,P5Y,no,no
oci:06360246448-061302644915,omid:br/06360246448,omid:br/061302644915,2003,P5Y,no,no
oci:06360246448-06803899448,omid:br/06360246448,omid:br/06803899448,2003,P8Y,no,no
oci:06360246448-062403773658,omid:br/06360246448,omid:br/062403773658,2003,P8Y,no,no
oci:06360246448-06104041125,omid:br/06360246448,omid:br/06104041125,2003,P5Y,no,no
oci:06390259401-061803664788,omid:br/06390259401,omid:br/061803664788,2010,P11Y,no,no
oci:06510261636-0604831536,omid:br/06510261636,omid:br/0604831536,1995,P2Y,no,no
oci:06530257505-06801063224,omid:br/06530257505,omid:br/06801063224,2011,P4Y,no,no
oci:06530257505-06280265528,omid:br/06530257505,omid:br/06280265528,2011,P9Y,yes,no
oci:06530257505-06401098097,omid:br/06530257505,omid:br/06401098097,2011,P2Y,no,no
oci:06530257505-061201049678,omid:br/06530257505,omid:br/061201049678,2011,P7Y,no,no
oci:06530257505-061201049356,omid:br/06530257505,omid:br/061201049356,2011,P3Y,no,no
oci:06530257505-061201049304,omid:br/06530257505,omid:br/061201049304,2011,P3Y,no,no
oci:06390258998-0625067082,omid:br/06390258998,omid:br/0625067082,2004,P25Y,no,no
oci:06390259073-06802574816,omid:br/06390259073,omid:br/06802574816,2004,P3Y,no,no
oci:06390259073-06802575169,omid:br/06390259073,omid:br/06802575169,2004,P2Y,no,no
oci:06390259073-06702557630,omid:br/06390259073,omid:br/06702557630,2004,P3Y,no,no
oci:06390259073-0630136986,omid:br/06390259073,omid:br/0630136986,2004,P9Y,no,no
oci:06390259073-062401337478,omid:br/06390259073,omid:br/062401337478,2004,P6Y,no,no
oci:06390259073-06260920379,omid:br/06390259073,omid:br/06260920379,2004,P3Y,no,no
oci:06390259073-06190267574,omid:br/06390259073,omid:br/06190267574,2004,P3Y,no,no
oci:06390259073-06702557829,omid:br/06390259073,omid:br/06702557829,2004,P3Y,no,no
oci:06390259073-061203725907,omid:br/06390259073,omid:br/061203725907,2004,P8Y,no,no
oci:06390259073-062303320275,omid:br/06390259073,omid:br/062303320275,2004,P20Y,no,no
oci:06390259073-06802632282,omid:br/06390259073,omid:br/06802632282,2004,P8Y,no,no
oci:06390259073-0648036672,omid:br/06390259073,omid:br/0648036672,2004,P8Y,no,no
oci:06390259073-06470247800,omid:br/06390259073,omid:br/06470247800,2004,P2Y,yes,no
oci:0604518891-06801134241,omid:br/0604518891,omid:br/06801134241,2009,P8Y,no,no
oci:0604518891-062104041281,omid:br/0604518891,omid:br/062104041281,2009,P2Y,no,no
oci:0604518891-061201370373,omid:br/0604518891,omid:br/061201370373,2009,P17Y,no,no
oci:0604518891-06301777067,omid:br/0604518891,omid:br/06301777067,2009,P3Y,no,no
oci:0604518891-06301776863,omid:br/0604518891,omid:br/06301776863,2009,P2Y,no,no
oci:06330257172-06460246904,omid:br/06330257172,omid:br/06460246904,2012,P2Y,yes,no
oci:06330257172-06503305190,omid:br/06330257172,omid:br/06503305190,2012,P8Y,no,no
oci:06330257172-061704056130,omid:br/06330257172,omid:br/061704056130,2012,P4Y,no,no
oci:06330257172-061601630020,omid:br/06330257172,omid:br/061601630020,2012,P2Y,no,no
oci:06330257172-06450118023,omid:br/06330257172,omid:br/06450118023,2012,P2Y,no,no
oci:06320242655-061204043124,omid:br/06320242655,omid:br/061204043124,2004,P4Y,no,no
oci:06320242655-061204043093,omid:br/06320242655,omid:br/061204043093,2004,P3Y,no,no
oci:06320242655-0670640837,omid:br/06320242655,omid:br/0670640837,2004,P21Y,no,no
oci:06320242655-0680646849,omid:br/06320242655,omid:br/0680646849,2004,P18Y,no,no
oci:06320242655-0604526047,omid:br/06320242655,omid:br/0604526047,2004,P1Y,no,no
oci:06320242655-06230446862,omid:br/06320242655,omid:br/06230446862,2004,P12Y,no,no
oci:06320242655-0670411768,omid:br/06320242655,omid:br/0670411768,2004,P12Y,no,no
oci:06320242655-06230447123,omid:br/06320242655,omid:br/06230447123,2004,P12Y,no,no
oci:06320242655-06604572182,omid:br/06320242655,omid:br/06604572182,2004,P2Y,no,no
oci:06320242655-061703778071,omid:br/06320242655,omid:br/061703778071,2004,P12Y,no,no
oci:06470247925-06802574884,omid:br/06470247925,omid:br/06802574884,2001,P1Y,no,no
oci:06440247139-06101529435,omid:br/06440247139,omid:br/06101529435,2016,P1Y,no,no
oci:06330256833-06160966153,omid:br/06330256833,omid:br/06160966153,2005,P25Y,no,no
oci:06330256833-06460247107,omid:br/06330256833,omid:br/06460247107,2005,P1Y,yes,no
oci:06330256833-061203084623,omid:br/06330256833,omid:br/061203084623,2005,P3Y,no,no
oci:06330256833-06470247800,omid:br/06330256833,omid:br/06470247800,2005,P3Y,yes,no
oci:06510261810-06210953401,omid:br/06510261810,omid:br/06210953401,1996,P7Y,no,no
oci:06510261810-062301211959,omid:br/06510261810,omid:br/062301211959,1996,P7Y,no,no
oci:06510261810-06240947242,omid:br/06510261810,omid:br/06240947242,1996,P5Y,no,no
oci:06320242770-06120924486,omid:br/06320242770,omid:br/06120924486,2006,P2Y,no,no
oci:06320242770-061501025840,omid:br/06320242770,omid:br/061501025840,2006,P2Y,no,no
oci:06320242770-061803665132,omid:br/06320242770,omid:br/061803665132,2006,P4Y,no,no
oci:06320242770-061701593964,omid:br/06320242770,omid:br/061701593964,2006,P5Y,no,no
oci:06320242770-06704510976,omid:br/06320242770,omid:br/06704510976,2006,,no,no
oci:06290253942-061401473655,omid:br/06290253942,omid:br/061401473655,2010,P22Y,no,no
oci:06290253942-061401473838,omid:br/06290253942,omid:br/061401473838,2010,P11Y,no,no
oci:06290253942-061501491510,omid:br/06290253942,omid:br/061501491510,2010,P3Y,no,no
oci:06290253942-06350223351,omid:br/06290253942,omid:br/06350223351,2010,P7Y,no,no
oci:06290253942-06804121621,omid:br/06290253942,omid:br/06804121621,2010,P12Y,no,no
oci:06290253942-062501476636,omid:br/06290253942,omid:br/062501476636,2010,P1Y,no,no
oci:06290253942-061803053406,omid:br/06290253942,omid:br/061803053406,2010,P21Y,no,no
oci:06290253942-0604831528,omid:br/06290253942,omid:br/0604831528,2010,P4Y,no,no
oci:06290253942-061702434733,omid:br/06290253942,omid:br/061702434733,2010,P37Y,no,no
oci:06290253942-06470296937,omid:br/06290253942,omid:br/06470296937,2010,,no,no
oci:06290253942-06202485738,omid:br/06290253942,omid:br/06202485738,2010,P54Y,no,no
oci:06290253942-06120223425,omid:br/06290253942,omid:br/06120223425,2010,P5Y,no,no
oci:06290253942-06120223407,omid:br/06290253942,omid:br/06120223407,2010,P5Y,no,no
oci:06490249294-061504041663,omid:br/06490249294,omid:br/061504041663,2004,,no,no
oci:06490249294-06130907459,omid:br/06490249294,omid:br/06130907459,2004,P13Y,no,no
oci:0604222939-06390259401,omid:br/0604222939,omid:br/06390259401,2013,P3Y,yes,no
oci:0604222939-0604518824,omid:br/0604222939,omid:br/0604518824,2013,P4Y,yes,no
oci:0604222939-06101681700,omid:br/0604222939,omid:br/06101681700,2013,P24Y,no,no
oci:0604222939-0604705489,omid:br/0604222939,omid:br/0604705489,2013,P2Y,no,no
oci:06320242385-06401593552,omid:br/06320242385,omid:br/06401593552,1996,P12Y,no,no
oci:06320242385-061403270216,omid:br/06320242385,omid:br/061403270216,1996,P9Y,no,no
oci:06320242385-06603520447,omid:br/06320242385,omid:br/06603520447,1996,P10Y,no,no
oci:06320242385-06170260807,omid:br/06320242385,omid:br/06170260807,1996,P8Y,no,no
oci:06320242385-06230960062,omid:br/06320242385,omid:br/06230960062,1996,P8Y,no,no
oci:062504086208-062301296653,omid:br/062504086208,omid:br/062301296653,1998,P27Y,no,no
oci:062504086208-06530257604,omid:br/062504086208,omid:br/06530257604,1998,P9Y,yes,no
oci:062504086208-06430250083,omid:br/062504086208,omid:br/06430250083,1998,P2Y,yes,no
oci:062504086208-06430250021,omid:br/062504086208,omid:br/06430250021,1998,P2Y,yes,no
oci:06470247768-06704499000,omid:br/06470247768,omid:br/06704499000,2002,,no,no
oci:06470247768-062503615007,omid:br/06470247768,omid:br/062503615007,2002,P6Y,no,no
oci:06470247768-061601461742,omid:br/06470247768,omid:br/061601461742,2002,P2Y,no,no
oci:06320242394-0670841308,omid:br/06320242394,omid:br/0670841308,1996,P5Y,no,no
oci:06320242394-061703674684,omid:br/06320242394,omid:br/061703674684,1996,P29Y,no,no
oci:06320242394-06230864678,omid:br/06320242394,omid:br/06230864678,1996,P28Y,no,no
oci:06320242394-06240414640,omid:br/06320242394,omid:br/06240414640,1996,P7Y,no,no
oci:06320242394-06130834344,omid:br/06320242394,omid:br/06130834344,1996,P7Y,no,no
oci:06320242394-06804120442,omid:br/06320242394,omid:br/06804120442,1996,P26Y,no,no
oci:06320242394-06430250371,omid:br/06320242394,omid:br/06430250371,1996,P2Y,yes,no
oci:06320242394-06270265230,omid:br/06320242394,omid:br/06270265230,1996,P20Y,yes,no
oci:06510262139-06704540718,omid:br/06510262139,omid:br/06704540718,2001,P3Y,no,no
oci:06510262139-06160918949,omid:br/06510262139,omid:br/06160918949,2001,P16Y,no,no
oci:06510262139-06410254232,omid:br/06510262139,omid:br/06410254232,2001,P3Y,yes,no
oci:06470247891-061803664788,omid:br/06470247891,omid:br/061803664788,2001,P2Y,no,no
oci:06330257121-06150798515,omid:br/06330257121,omid:br/06150798515,2012,P12Y,no,no
oci:06330257121-06150798173,omid:br/06330257121,omid:br/06150798173,2012,P11Y,no,no
oci:06330257121-06104112496,omid:br/06330257121,omid:br/06104112496,2012,P23Y,no,no
oci:06330257121-06703977795,omid:br/06330257121,omid:br/06703977795,2012,,no,no
oci:06330257142-061604042030,omid:br/06330257142,omid:br/061604042030,2012,P11Y,no,no
oci:06360245984-061804122513,omid:br/06360245984,omid:br/061804122513,1998,P11Y,no,no
oci:06420251235-06501370839,omid:br/06420251235,omid:br/06501370839,2012,P7Y,no,no
oci:06420251235-061801369450,omid:br/06420251235,omid:br/061801369450,2012,P25Y,no,no
oci:06510262431-061202036416,omid:br/06510262431,omid:br/061202036416,2003,P23Y,no,no
oci:06510262431-061601486138,omid:br/06510262431,omid:br/061601486138,2003,P8Y,no,no
oci:06510262431-06160870675,omid:br/06510262431,omid:br/06160870675,2003,P17Y,no,no
oci:06490249383-062503110839,omid:br/06490249383,omid:br/062503110839,2004,P3Y,no,no
oci:06490249383-06220593048,omid:br/06490249383,omid:br/06220593048,2004,P10Y,no,no
oci:06490249383-061301304929,omid:br/06490249383,omid:br/061301304929,2004,P12Y,no,no
oci:06470247899-06360245947,omid:br/06470247899,omid:br/06360245947,2001,P3Y,yes,no
oci:06490249235-061801575482,omid:br/06490249235,omid:br/061801575482,1999,P2Y,no,no
oci:06490249235-061701581536,omid:br/06490249235,omid:br/061701581536,1999,P3Y,no,no
oci:06490249235-06160266160,omid:br/06490249235,omid:br/06160266160,1999,P0Y,no,no
oci:06490249235-062301193747,omid:br/06490249235,omid:br/062301193747,1999,P6Y,no,no
oci:06510262112-06420207700,omid:br/06510262112,omid:br/06420207700,2001,P16Y,no,no
oci:06510262112-06220973945,omid:br/06510262112,omid:br/06220973945,2001,P8Y,no,no
oci:06320242386-06904174147,omid:br/06320242386,omid:br/06904174147,1996,P27Y,no,no
oci:06320242386-062401189832,omid:br/06320242386,omid:br/062401189832,1996,P7Y,no,no
oci:06320242386-062403912048,omid:br/06320242386,omid:br/062403912048,1996,,no,no
oci:06320242386-06180864408,omid:br/06320242386,omid:br/06180864408,1996,P10Y,no,no
oci:06320242386-06170873974,omid:br/06320242386,omid:br/06170873974,1996,P9Y,no,no
oci:06320242386-06250958683,omid:br/06320242386,omid:br/06250958683,1996,P7Y,no,no
oci:06320242386-06150319051,omid:br/06320242386,omid:br/06150319051,1996,P11Y,no,no
oci:06450250631-06420233342,omid:br/06450250631,omid:br/06420233342,1999,P3Y,no,no
oci:06290253750-06501590130,omid:br/06290253750,omid:br/06501590130,2011,P15Y,no,no
oci:06290253750-061401473905,omid:br/06290253750,omid:br/061401473905,2011,P5Y,no,no
oci:06290253750-061601495728,omid:br/06290253750,omid:br/061601495728,2011,P3Y,no,no
oci:06290253750-061401473352,omid:br/06290253750,omid:br/061401473352,2011,P6Y,no,no
oci:06360246023-061801575482,omid:br/06360246023,omid:br/061801575482,2003,P6Y,no,no
oci:06290254092-06360246232,omid:br/06290254092,omid:br/06360246232,2007,P2Y,yes,no
oci:06290254092-06290254229,omid:br/06290254092,omid:br/06290254229,2007,P2Y,yes,no
oci:06290253959-06420233188,omid:br/06290253959,omid:br/06420233188,2010,P4Y,no,no
oci:06290253959-06530283588,omid:br/06290253959,omid:br/06530283588,2010,P4Y,no,no
oci:06290253959-06603295094,omid:br/06290253959,omid:br/06603295094,2010,P13Y,no,no
oci:06290253959-06390259199,omid:br/06290253959,omid:br/06390259199,2010,P4Y,yes,no
oci:06410254217-06380249894,omid:br/06410254217,omid:br/06380249894,1998,P8Y,yes,no
oci:06390259062-06401211495,omid:br/06390259062,omid:br/06401211495,2004,P8Y,no,no
oci:06390259062-061201497358,omid:br/06390259062,omid:br/061201497358,2004,P5Y,no,no
oci:0604083709-06150820692,omid:br/0604083709,omid:br/06150820692,1998,P174Y,no,no
oci:0604083709-06404141762,omid:br/0604083709,omid:br/06404141762,1998,P2Y,no,no
oci:0604083709-061701284522,omid:br/0604083709,omid:br/061701284522,1998,P3Y,no,no
oci:0604083709-06504085633,omid:br/0604083709,omid:br/06504085633,1998,P18Y,no,no
oci:06390259286-06701021728,omid:br/06390259286,omid:br/06701021728,2006,P7Y,no,no
oci:0604518883-061401473446,omid:br/0604518883,omid:br/061401473446,2009,P10Y,no,no
oci:06290254132-06190486838,omid:br/06290254132,omid:br/06190486838,2007,P36Y,no,no
oci:06290254132-06110269592,omid:br/06290254132,omid:br/06110269592,2007,P32Y,no,no
oci:06290254132-0630356748,omid:br/06290254132,omid:br/0630356748,2007,P25Y,no,no
oci:06290254132-062603805100,omid:br/06290254132,omid:br/062603805100,2007,P5Y,no,no
oci:06290254132-06490249971,omid:br/06290254132,omid:br/06490249971,2007,P4Y,no,no
oci:06290254132-06390258800,omid:br/06290254132,omid:br/06390258800,2007,P2Y,yes,no
oci:06104521280-0619078353,omid:br/06104521280,omid:br/0619078353,1995,P8Y,no,no
oci:06104521280-062403722874,omid:br/06104521280,omid:br/062403722874,1995,P16Y,no,no
oci:06104521280-061703674753,omid:br/06104521280,omid:br/061703674753,1995,P11Y,no,no
oci:06104521280-0680269525,omid:br/06104521280,omid:br/0680269525,1995,P16Y,no,no
oci:06104521280-06140727067,omid:br/06104521280,omid:br/06140727067,1995,P10Y,no,no
oci:06104521280-06704114084,omid:br/06104521280,omid:br/06704114084,1995,P6Y,no,no
oci:06330257136-0670485984,omid:br/06330257136,omid:br/0670485984,2012,P6Y,no,no
oci:06330257136-06304568842,omid:br/06330257136,omid:br/06304568842,2012,P1Y,no,no
oci:06450251097-062303038725,omid:br/06450251097,omid:br/062303038725,2007,P5Y,no,no
oci:06450251097-0631027446,omid:br/06450251097,omid:br/0631027446,2007,P22Y,no,no
oci:06450251097-061802873885,omid:br/06450251097,omid:br/061802873885,2007,P4Y,no,no
oci:06450251097-062303038072,omid:br/06450251097,omid:br/062303038072,2007,P4Y,no,no
oci:06450251097-062303038637,omid:br/06450251097,omid:br/062303038637,2007,P5Y,no,no
oci:06450251097-06140341675,omid:br/06450251097,omid:br/06140341675,2007,P7Y,no,no
oci:06450251097-06601023397,omid:br/06450251097,omid:br/06601023397,2007,P8Y,no,no
oci:06450251097-061603671093,omid:br/06450251097,omid:br/061603671093,2007,P18Y,no,no
oci:06450251097-061403763526,omid:br/06450251097,omid:br/061403763526,2007,P4Y,no,no
oci:06450251097-061103099931,omid:br/06450251097,omid:br/061103099931,2007,P1Y,no,no
oci:06450251097-06250968207,omid:br/06450251097,omid:br/06250968207,2007,P3Y,no,no
oci:06530257947-061804122113,omid:br/06530257947,omid:br/061804122113,2003,P19Y,no,no
oci:06530257947-06440247040,omid:br/06530257947,omid:br/06440247040,2003,P7Y,yes,no
oci:06530257947-062504086240,omid:br/06530257947,omid:br/062504086240,2003,P5Y,yes,no
oci:06530257947-062504086199,omid:br/06530257947,omid:br/062504086199,2003,P5Y,yes,no
oci:06530257947-06370260366,omid:br/06530257947,omid:br/06370260366,2003,P12Y,yes,no
oci:06530257947-0604170126,omid:br/06530257947,omid:br/0604170126,2003,P23Y,yes,no
oci:06530257947-06340256226,omid:br/06530257947,omid:br/06340256226,2003,P8Y,yes,no
oci:06530257947-06460246815,omid:br/06530257947,omid:br/06460246815,2003,P16Y,yes,no
oci:06530257947-06460246835,omid:br/06530257947,omid:br/06460246835,2003,P16Y,yes,no
oci:06430249708-062603805100,omid:br/06430249708,omid:br/062603805100,2012,P10Y,no,no
oci:06104521427-0604831530,omid:br/06104521427,omid:br/0604831530,2008,P3Y,no,no
oci:06104521427-061101252786,omid:br/06104521427,omid:br/061101252786,2008,P2Y,no,no
oci:06104521427-061302685641,omid:br/06104521427,omid:br/061302685641,2008,P3Y,no,no
oci:06104521427-061503587360,omid:br/06104521427,omid:br/061503587360,2008,P7Y,no,no
oci:06430250042-061501491420,omid:br/06430250042,omid:br/061501491420,1996,P15Y,no,no
oci:06490248823-06802593114,omid:br/06490248823,omid:br/06802593114,2006,P6Y,no,no
oci:06490248823-06430249594,omid:br/06490248823,omid:br/06430249594,2006,P22Y,yes,no
oci:06390259039-06404070162,omid:br/06390259039,omid:br/06404070162,2004,P10Y,no,no
oci:06390259039-06103014632,omid:br/06390259039,omid:br/06103014632,2004,P16Y,no,no
oci:06340256467-06401537860,omid:br/06340256467,omid:br/06401537860,2018,P4Y,no,no
oci:06450250573-0651039331,omid:br/06450250573,omid:br/0651039331,2001,P1Y,no,no
oci:06450250573-062301569658,omid:br/06450250573,omid:br/062301569658,2001,P3Y,no,no
oci:06450250573-06101624089,omid:br/06450250573,omid:br/06101624089,2001,P16Y,no,no
oci:06450250573-06170316293,omid:br/06450250573,omid:br/06170316293,2001,P13Y,no,no
oci:06450250573-0650472853,omid:br/06450250573,omid:br/0650472853,2001,P5Y,no,no
oci:06450250573-06170316551,omid:br/06450250573,omid:br/06170316551,2001,P11Y,no,no
oci:06450250573-06150198938,omid:br/06450250573,omid:br/06150198938,2001,P4Y,no,no
oci:06450250573-06170316098,omid:br/06450250573,omid:br/06170316098,2001,P12Y,no,no
oci:06450250573-06802574884,omid:br/06450250573,omid:br/06802574884,2001,P1Y,no,no
oci:06450250573-061301862209,omid:br/06450250573,omid:br/061301862209,2001,P4Y,no,no
oci:06450250573-06180838243,omid:br/06450250573,omid:br/06180838243,2001,P1Y,no,no
oci:06450250573-06602429344,omid:br/06450250573,omid:br/06602429344,2001,P1Y,no,no
oci:06410254175-061703674429,omid:br/06410254175,omid:br/061703674429,1998,P26Y,no,no
oci:06410254175-061703674447,omid:br/06410254175,omid:br/061703674447,1998,P26Y,no,no
oci:06104521281-06150486146,omid:br/06104521281,omid:br/06150486146,1995,P26Y,no,no
oci:06104521281-06190486838,omid:br/06104521281,omid:br/06190486838,1995,P24Y,no,no
oci:06104521281-06801343483,omid:br/06104521281,omid:br/06801343483,1995,P23Y,no,no
oci:06104521281-061702053856,omid:br/06104521281,omid:br/061702053856,1995,P2Y,no,no
oci:06104521281-06470248045,omid:br/06104521281,omid:br/06470248045,1995,P17Y,yes,no
oci:06460246339-06180836945,omid:br/06460246339,omid:br/06180836945,2007,P1Y,no,no
oci:06460246339-06360274011,omid:br/06460246339,omid:br/06360274011,2007,P1Y,no,no
oci:06440247247-062601502720,omid:br/06440247247,omid:br/062601502720,2000,P2Y,no,no
oci:06460246356-061101211645,omid:br/06460246356,omid:br/061101211645,2007,P5Y,no,no
oci:06460246356-062202404777,omid:br/06460246356,omid:br/062202404777,2007,P4Y,no,no
oci:06460246356-062103728675,omid:br/06460246356,omid:br/062103728675,2007,P14Y,no,no
oci:06460246356-06490249049,omid:br/06460246356,omid:br/06490249049,2007,P5Y,yes,no
oci:06330257067-062404068066,omid:br/06330257067,omid:br/062404068066,2008,P3Y,no,no
oci:06450251335-061801988613,omid:br/06450251335,omid:br/061801988613,2007,P6Y,no,no
oci:06450251335-0616096361,omid:br/06450251335,omid:br/0616096361,2007,P2Y,no,no
oci:06450251335-061101253586,omid:br/06450251335,omid:br/061101253586,2007,P3Y,no,no
oci:06450251335-06220638687,omid:br/06450251335,omid:br/06220638687,2007,P4Y,no,no
oci:06450251335-0619098963,omid:br/06450251335,omid:br/0619098963,2007,P7Y,no,no
oci:06390259001-06401238521,omid:br/06390259001,omid:br/06401238521,2004,P5Y,no,no
oci:06390259001-06490249643,omid:br/06390259001,omid:br/06490249643,2004,P5Y,no,no
oci:06390259001-06480250719,omid:br/06390259001,omid:br/06480250719,2004,P5Y,no,no
oci:06360245965-062601499166,omid:br/06360245965,omid:br/062601499166,1998,P16Y,no,no
oci:06360245965-0639038773,omid:br/06360245965,omid:br/0639038773,1998,P9Y,no,no
oci:06360245965-061701481298,omid:br/06360245965,omid:br/061701481298,1998,P13Y,no,no
oci:06360245965-06130907871,omid:br/06360245965,omid:br/06130907871,1998,P12Y,no,no
oci:06360245965-06290354760,omid:br/06360245965,omid:br/06290354760,1998,P29Y,no,no
oci:06390259452-062104032288,omid:br/06390259452,omid:br/062104032288,2010,P14Y,no,no
oci:06390259452-06190872149,omid:br/06390259452,omid:br/06190872149,2010,P20Y,no,no
oci:06390259452-0670270447,omid:br/06390259452,omid:br/0670270447,2010,P10Y,no,no
oci:06390259452-061703998461,omid:br/06390259452,omid:br/061703998461,2010,P5Y,no,no
oci:06390259452-06450251168,omid:br/06390259452,omid:br/06450251168,2010,P3Y,yes,no
oci:06310247661-062202032670,omid:br/06310247661,omid:br/062202032670,2011,P13Y,no,no
oci:06310247661-061104177137,omid:br/06310247661,omid:br/061104177137,2011,P1Y,no,no
oci:06430250085-06170964041,omid:br/06430250085,omid:br/06170964041,1996,P14Y,no,no
oci:06420251138-062203515569,omid:br/06420251138,omid:br/062203515569,2003,P2Y,no,no
oci:06420251138-06110270001,omid:br/06420251138,omid:br/06110270001,2003,P6Y,no,no
oci:06420251138-06903916094,omid:br/06420251138,omid:br/06903916094,2003,P9Y,no,no
oci:06420251138-0680931258,omid:br/06420251138,omid:br/0680931258,2003,P3Y,no,no
oci:06390259045-062403488053,omid:br/06390259045,omid:br/062403488053,2004,P3Y,no,no
oci:06390259045-06210862218,omid:br/06390259045,omid:br/06210862218,2004,P21Y,no,no
oci:06390259045-062403488221,omid:br/06390259045,omid:br/062403488221,2004,P5Y,no,no
oci:06390259045-06220522013,omid:br/06390259045,omid:br/06220522013,2004,P30Y,no,no
oci:06390259045-06170524399,omid:br/06390259045,omid:br/06170524399,2004,P2Y,no,no
oci:06480249312-06210863006,omid:br/06480249312,omid:br/06210863006,1995,P15Y,no,no
oci:06480249312-06230864051,omid:br/06480249312,omid:br/06230864051,1995,P27Y,no,no
oci:06480249312-061301359587,omid:br/06480249312,omid:br/061301359587,1995,P16Y,no,no
oci:06280265468-061803665311,omid:br/06280265468,omid:br/061803665311,1999,P42Y,no,no
oci:06280265468-06450250683,omid:br/06280265468,omid:br/06450250683,1999,P0Y,yes,no
oci:06430250059-06104112363,omid:br/06430250059,omid:br/06104112363,1996,P5Y,no,no
oci:06320242158-06160872894,omid:br/06320242158,omid:br/06160872894,1997,P24Y,no,no
oci:06280265448-06150199306,omid:br/06280265448,omid:br/06150199306,1999,P3Y,no,no
oci:06280265448-06101234508,omid:br/06280265448,omid:br/06101234508,1999,P8Y,no,no
oci:06280265448-06140947720,omid:br/06280265448,omid:br/06140947720,1999,P6Y,no,no
oci:062504086265-06130103698,omid:br/062504086265,omid:br/06130103698,1998,P7Y,no,no
oci:062504086265-06220865112,omid:br/062504086265,omid:br/06220865112,1998,P8Y,no,no
oci:062504086265-06603520758,omid:br/062504086265,omid:br/06603520758,1998,P12Y,no,no
oci:062504086265-061503710839,omid:br/062504086265,omid:br/061503710839,1998,P10Y,no,no
oci:062504086265-061403763436,omid:br/062504086265,omid:br/061403763436,1998,P11Y,no,no
oci:062504086265-061102005269,omid:br/062504086265,omid:br/061102005269,1998,P13Y,no,no
oci:062504086265-06430250014,omid:br/062504086265,omid:br/06430250014,1998,P2Y,yes,no
oci:06510261680-06410254635,omid:br/06510261680,omid:br/06410254635,1995,P5Y,yes,no
oci:0604518837-06180795844,omid:br/0604518837,omid:br/06180795844,2009,P6Y,no,no
oci:0604518837-061403108439,omid:br/0604518837,omid:br/061403108439,2009,P5Y,no,no
oci:06450250639-06104059894,omid:br/06450250639,omid:br/06104059894,1999,P5Y,no,no
oci:06450250639-062403627771,omid:br/06450250639,omid:br/062403627771,1999,P7Y,no,no
oci:06450250639-062401916932,omid:br/06450250639,omid:br/062401916932,1999,P15Y,no,no
oci:06450250639-0610506197,omid:br/06450250639,omid:br/0610506197,1999,P9Y,no,no
oci:06450250639-06380198134,omid:br/06450250639,omid:br/06380198134,1999,,no,no
oci:06450250639-062403628001,omid:br/06450250639,omid:br/062403628001,1999,P18Y,no,no
oci:06450250639-062303727529,omid:br/06450250639,omid:br/062303727529,1999,P7Y,no,no
oci:06450250639-06150353920,omid:br/06450250639,omid:br/06150353920,1999,P3Y,no,no
oci:06450250639-06240490909,omid:br/06450250639,omid:br/06240490909,1999,P9Y,no,no
oci:06450250639-062502670931,omid:br/06450250639,omid:br/062502670931,1999,P6Y,no,no
oci:06450250639-061201243439,omid:br/06450250639,omid:br/061201243439,1999,P5Y,no,no
oci:06450250639-062403741562,omid:br/06450250639,omid:br/062403741562,1999,P2Y,no,no
oci:06450250639-0640502332,omid:br/06450250639,omid:br/0640502332,1999,P10Y,no,no
oci:06450250639-06501810025,omid:br/06450250639,omid:br/06501810025,1999,P11Y,no,no
oci:06450250639-061303761730,omid:br/06450250639,omid:br/061303761730,1999,P2Y,no,no
oci:06450250639-0670819465,omid:br/06450250639,omid:br/0670819465,1999,P4Y,no,no
oci:06410254191-0604831516,omid:br/06410254191,omid:br/0604831516,1998,P3Y,no,no
oci:06410254191-06430250032,omid:br/06410254191,omid:br/06430250032,1998,P2Y,yes,no
oci:06410254191-06320242345,omid:br/06410254191,omid:br/06320242345,1998,P2Y,yes,no
oci:06390259309-061802119643,omid:br/06390259309,omid:br/061802119643,2000,P10Y,no,no
oci:06390259309-062102115602,omid:br/06390259309,omid:br/062102115602,2000,P7Y,no,no
oci:06390259309-062402116394,omid:br/06390259309,omid:br/062402116394,2000,P3Y,no,no
oci:06390259309-06130479710,omid:br/06390259309,omid:br/06130479710,2000,P17Y,no,no
oci:06390259309-062502682311,omid:br/06390259309,omid:br/062502682311,2000,P19Y,no,no
oci:06390259309-06101216990,omid:br/06390259309,omid:br/06101216990,2000,P7Y,no,no
oci:06390259309-062504086372,omid:br/06390259309,omid:br/062504086372,2000,P7Y,yes,no
oci:06390259309-06530257657,omid:br/06390259309,omid:br/06530257657,2000,P11Y,yes,no
oci:06390259309-06460246772,omid:br/06390259309,omid:br/06460246772,2000,P13Y,yes,no
oci:06440247063-06430250379,omid:br/06440247063,omid:br/06430250379,1996,P2Y,yes,no
oci:06430250029-0604077888,omid:br/06430250029,omid:br/0604077888,1996,P6Y,no,no
oci:06430250029-061304017028,omid:br/06430250029,omid:br/061304017028,1996,P6Y,no,no
oci:06430250029-061703674757,omid:br/06430250029,omid:br/061703674757,1996,P12Y,no,no
oci:06430250029-0650528241,omid:br/06430250029,omid:br/0650528241,1996,P4Y,no,no
oci:06430250029-0604449980,omid:br/06430250029,omid:br/0604449980,1996,P2Y,yes,no
oci:06450250628-062303647478,omid:br/06450250628,omid:br/062303647478,1999,P9Y,no,no
oci:06450250628-062401555322,omid:br/06450250628,omid:br/062401555322,1999,P17Y,no,no
oci:06450250628-062403647996,omid:br/06450250628,omid:br/062403647996,1999,P11Y,no,no
oci:06450250628-062503634653,omid:br/06450250628,omid:br/062503634653,1999,P12Y,no,no
oci:06450250628-061401562902,omid:br/06450250628,omid:br/061401562902,1999,P9Y,no,no
oci:06450250628-061401562614,omid:br/06450250628,omid:br/061401562614,1999,P11Y,no,no
oci:06450250628-061401562595,omid:br/06450250628,omid:br/061401562595,1999,P9Y,no,no
oci:06450250628-061301573639,omid:br/06450250628,omid:br/061301573639,1999,P9Y,no,no
oci:06450250628-06110952584,omid:br/06450250628,omid:br/06110952584,1999,P1Y,no,no
oci:06450250628-06250262829,omid:br/06450250628,omid:br/06250262829,1999,P10Y,no,no
oci:06450250628-06404069487,omid:br/06450250628,omid:br/06404069487,1999,P4Y,no,no
oci:06450250628-061103297747,omid:br/06450250628,omid:br/061103297747,1999,P3Y,no,no
oci:06450250628-06901261397,omid:br/06450250628,omid:br/06901261397,1999,P12Y,no,no
oci:06450250628-061901894034,omid:br/06450250628,omid:br/061901894034,1999,P6Y,no,no
oci:06450250628-061103731369,omid:br/06450250628,omid:br/061103731369,1999,P14Y,no,no
oci:06450250628-0650827095,omid:br/06450250628,omid:br/0650827095,1999,P3Y,no,no
oci:06340256881-0660929498,omid:br/06340256881,omid:br/0660929498,2010,P4Y,no,no
oci:06460246904-061904045092,omid:br/06460246904,omid:br/061904045092,2010,P3Y,no,no
oci:06460246904-06330256581,omid:br/06460246904,omid:br/06330256581,2010,P4Y,yes,no
oci:06460246904-06390259227,omid:br/06460246904,omid:br/06390259227,2010,P4Y,yes,no
oci:06460246904-06104521403,omid:br/06460246904,omid:br/06104521403,2010,P2Y,yes,no
oci:06350252094-06440226470,omid:br/06350252094,omid:br/06440226470,1997,P5Y,no,no
oci:06350252094-061203725706,omid:br/06350252094,omid:br/061203725706,1997,P3Y,no,no
oci:06350252094-06401789075,omid:br/06350252094,omid:br/06401789075,1997,P8Y,no,no
oci:06350252094-06104521664,omid:br/06350252094,omid:br/06104521664,1997,P4Y,yes,no
oci:06350252094-062504086463,omid:br/06350252094,omid:br/062504086463,1997,P4Y,yes,no
oci:06420251189-062503615184,omid:br/06420251189,omid:br/062503615184,2012,P15Y,no,no
oci:06420251189-06801254826,omid:br/06420251189,omid:br/06801254826,2012,P1Y,no,no
oci:06290253772-06804474173,omid:br/06290253772,omid:br/06804474173,2011,P1Y,no,no
oci:06490248775-061203721314,omid:br/06490248775,omid:br/061203721314,2002,P2Y,no,no
oci:06490248775-06250419537,omid:br/06490248775,omid:br/06250419537,2002,P1Y,no,no
oci:06410254232-06220865197,omid:br/06410254232,omid:br/06220865197,1998,P9Y,no,no
oci:06410254232-062604105820,omid:br/06410254232,omid:br/062604105820,1998,P11Y,yes,no
oci:06450251131-06602193315,omid:br/06450251131,omid:br/06602193315,2007,P3Y,no,no
oci:06450251131-061103795339,omid:br/06450251131,omid:br/061103795339,2007,P10Y,no,no
oci:06450251131-06270227606,omid:br/06450251131,omid:br/06270227606,2007,P4Y,no,no
oci:062604105969-06101542080,omid:br/062604105969,omid:br/06101542080,2013,P2Y,no,no
oci:06390259394-06390259022,omid:br/06390259394,omid:br/06390259022,2010,P6Y,yes,no
oci:06490249281-06180866989,omid:br/06490249281,omid:br/06180866989,1999,P36Y,no,no
oci:06490249281-06480249509,omid:br/06490249281,omid:br/06480249509,1999,P7Y,yes,no
oci:06490249281-0604450061,omid:br/06490249281,omid:br/0604450061,1999,P5Y,yes,no
oci:06520249784-06801483694,omid:br/06520249784,omid:br/06801483694,1997,P6Y,no,no
oci:06520249784-06801483676,omid:br/06520249784,omid:br/06801483676,1997,P6Y,no,no
oci:06520249784-06180322289,omid:br/06520249784,omid:br/06180322289,1997,P5Y,no,no
oci:06520249784-06220864888,omid:br/06520249784,omid:br/06220864888,1997,P11Y,no,no
oci:06280265496-06402208163,omid:br/06280265496,omid:br/06402208163,1999,P3Y,no,no
oci:06280265496-06602425178,omid:br/06280265496,omid:br/06602425178,1999,P12Y,no,no
oci:06360245920-06210862704,omid:br/06360245920,omid:br/06210862704,1995,P12Y,no,no
oci:06360245920-06510262262,omid:br/06360245920,omid:br/06510262262,1995,P6Y,yes,no
oci:06360245920-06420250988,omid:br/06360245920,omid:br/06420250988,1995,P4Y,yes,no
oci:06430249776-061303527252,omid:br/06430249776,omid:br/061303527252,2012,P7Y,no,no
oci:06430249776-062603805100,omid:br/06430249776,omid:br/062603805100,2012,P10Y,no,no
oci:06290253675-061804122508,omid:br/06290253675,omid:br/061804122508,2001,P14Y,no,no
oci:06290253675-061104176642,omid:br/06290253675,omid:br/061104176642,2001,P7Y,no,no
oci:06290253675-061104177381,omid:br/06290253675,omid:br/061104177381,2001,P6Y,no,no
oci:06290253675-061804122323,omid:br/06290253675,omid:br/061804122323,2001,P3Y,no,no
oci:06290253675-06430250021,omid:br/06290253675,omid:br/06430250021,2001,P5Y,yes,no
oci:06290253675-06280265270,omid:br/06290253675,omid:br/06280265270,2001,P18Y,yes,no
oci:06520250173-062202032416,omid:br/06520250173,omid:br/062202032416,2005,P6Y,no,no
oci:06520250173-06260866656,omid:br/06520250173,omid:br/06260866656,2005,P24Y,no,no
oci:061403580893-06530258308,omid:br/061403580893,omid:br/06530258308,2002,P9Y,yes,no
oci:061403580893-06510261699,omid:br/061403580893,omid:br/06510261699,2002,P7Y,yes,no
oci:06430250061-061702232143,omid:br/06430250061,omid:br/061702232143,1996,P4Y,no,no
oci:06310247392-0620349226,omid:br/06310247392,omid:br/0620349226,2013,P15Y,no,no
oci:06310247392-06210349297,omid:br/06310247392,omid:br/06210349297,2013,P2Y,no,no
oci:06310247392-06220349054,omid:br/06310247392,omid:br/06220349054,2013,P17Y,no,no
oci:06510261767-0640213027,omid:br/06510261767,omid:br/0640213027,1996,P49Y,no,no
oci:06390259245-061603597244,omid:br/06390259245,omid:br/061603597244,2006,P15Y,no,no
oci:0604518824-061903737674,omid:br/0604518824,omid:br/061903737674,2009,P24Y,no,no
oci:0604518824-0670270348,omid:br/0604518824,omid:br/0670270348,2009,P9Y,no,no
oci:06530257507-06380250062,omid:br/06530257507,omid:br/06380250062,2011,P18Y,yes,no
oci:06530257507-06390258999,omid:br/06530257507,omid:br/06390258999,2011,P7Y,yes,no
oci:06470247948-062504086183,omid:br/06470247948,omid:br/062504086183,2001,P3Y,yes,no
oci:06530258366-06704508993,omid:br/06530258366,omid:br/06704508993,2008,P13Y,no,no
oci:06530258366-06403301330,omid:br/06530258366,omid:br/06403301330,2008,P16Y,no,no
oci:06410254426-0630597381,omid:br/06410254426,omid:br/0630597381,2010,P4Y,no,no
oci:06410254426-06802593391,omid:br/06410254426,omid:br/06802593391,2010,P7Y,no,no
oci:06410254426-06430250135,omid:br/06410254426,omid:br/06430250135,2010,P25Y,yes,no
oci:06104521486-06330256586,omid:br/06104521486,omid:br/06330256586,2008,P2Y,yes,no
oci:06490249213-06410225426,omid:br/06490249213,omid:br/06410225426,1999,P6Y,no,no
oci:06470248175-062401337173,omid:br/06470248175,omid:br/062401337173,2000,P14Y,no,no
oci:06104521302-06140947304,omid:br/06104521302,omid:br/06140947304,2000,P14Y,no,no
oci:06104521302-061104115187,omid:br/06104521302,omid:br/061104115187,2000,P2Y,no,no
oci:06104521302-06404069764,omid:br/06104521302,omid:br/06404069764,2000,P5Y,no,no
oci:06104521302-061303274998,omid:br/06104521302,omid:br/061303274998,2000,P7Y,no,no
oci:06104521302-062101191313,omid:br/06104521302,omid:br/062101191313,2000,P7Y,no,no
oci:06104521302-06150956819,omid:br/06104521302,omid:br/06150956819,2000,P14Y,no,no
oci:06104521302-062201028708,omid:br/06104521302,omid:br/062201028708,2000,P3Y,no,no
oci:06320242468-06802575226,omid:br/06320242468,omid:br/06802575226,2007,P7Y,no,no
oci:06320242468-061603671168,omid:br/06320242468,omid:br/061603671168,2007,P19Y,no,no
oci:06320242468-06260940945,omid:br/06320242468,omid:br/06260940945,2007,P4Y,no,no
oci:06320242468-06140814682,omid:br/06320242468,omid:br/06140814682,2007,P4Y,no,no
oci:06320242468-061803097877,omid:br/06320242468,omid:br/061803097877,2007,P3Y,no,no
oci:06320242468-06140830139,omid:br/06320242468,omid:br/06140830139,2007,P5Y,no,no
oci:06320242468-0650217559,omid:br/06320242468,omid:br/0650217559,2007,P2Y,no,no
oci:06320242468-061302134192,omid:br/06320242468,omid:br/061302134192,2007,P3Y,no,no
oci:06320242468-06140829872,omid:br/06320242468,omid:br/06140829872,2007,P4Y,no,no
oci:06320242468-06130828388,omid:br/06320242468,omid:br/06130828388,2007,P2Y,no,no
oci:06320242468-061801925296,omid:br/06320242468,omid:br/061801925296,2007,P4Y,no,no
oci:06320242468-06601312138,omid:br/06320242468,omid:br/06601312138,2007,P4Y,no,no
oci:06320242468-061802184460,omid:br/06320242468,omid:br/061802184460,2007,P5Y,no,no
oci:06320242468-0650217424,omid:br/06320242468,omid:br/0650217424,2007,P1Y,no,no
oci:06320242468-06160489163,omid:br/06320242468,omid:br/06160489163,2007,P5Y,no,no
oci:06430249762-0604633504,omid:br/06430249762,omid:br/0604633504,2012,P10Y,no,no
oci:06430249762-0634037241,omid:br/06430249762,omid:br/0634037241,2012,P29Y,no,no
oci:06104521199-061701200199,omid:br/06104521199,omid:br/061701200199,1995,P4Y,no,no
oci:06310247435-061801279656,omid:br/06310247435,omid:br/061801279656,2013,P19Y,no,no
oci:06310247435-06290253879,omid:br/06310247435,omid:br/06290253879,2013,P3Y,yes,no
oci:06310247435-061904059528,omid:br/06310247435,omid:br/061904059528,2013,P10Y,no,no
oci:06310247435-061704034201,omid:br/06310247435,omid:br/061704034201,2013,P8Y,no,no
oci:06104521480-06530194355,omid:br/06104521480,omid:br/06530194355,2008,P33Y,no,no
oci:06330257101-06504482177,omid:br/06330257101,omid:br/06504482177,2012,P5Y,no,no
oci:06330257101-06503298507,omid:br/06330257101,omid:br/06503298507,2012,P18Y,no,no
oci:06330257101-06350252142,omid:br/06330257101,omid:br/06350252142,2012,P15Y,yes,no
oci:06330257101-06504482236,omid:br/06330257101,omid:br/06504482236,2012,P5Y,no,no
oci:06330257101-061801279668,omid:br/06330257101,omid:br/061801279668,2012,P16Y,no,no
oci:06310247170-061601629592,omid:br/06310247170,omid:br/061601629592,2009,P12Y,no,no
oci:06310247170-061601629656,omid:br/06310247170,omid:br/061601629656,2009,P14Y,no,no
oci:06310247170-06440247305,omid:br/06310247170,omid:br/06440247305,2009,P9Y,yes,no
oci:06320242718-0634050338,omid:br/06320242718,omid:br/0634050338,2004,P1Y,no,no
oci:06360246162-06804388687,omid:br/06360246162,omid:br/06804388687,2008,P2Y,yes,no
oci:06290254182-061301573639,omid:br/06290254182,omid:br/061301573639,2005,P15Y,no,no
oci:06290254182-06110952584,omid:br/06290254182,omid:br/06110952584,2005,P7Y,no,no
oci:06290254182-061803664604,omid:br/06290254182,omid:br/061803664604,2005,P7Y,no,no
oci:06290254182-06120915190,omid:br/06290254182,omid:br/06120915190,2005,P1Y,no,no
oci:06290254182-061703726308,omid:br/06290254182,omid:br/061703726308,2005,P2Y,no,no
oci:06290254182-06130947838,omid:br/06290254182,omid:br/06130947838,2005,P34Y,no,no
oci:06290254182-061803664609,omid:br/06290254182,omid:br/061803664609,2005,P7Y,no,no
oci:06290254182-06310247782,omid:br/06290254182,omid:br/06310247782,2005,P5Y,yes,no
oci:06290254182-06310247816,omid:br/06290254182,omid:br/06310247816,2005,P5Y,yes,no
oci:06420251411-0604498349,omid:br/06420251411,omid:br/0604498349,2003,P11Y,yes,no
oci:062504086242-0604129501,omid:br/062504086242,omid:br/0604129501,1998,P16Y,yes,no
oci:0604083757-06250470478,omid:br/0604083757,omid:br/06250470478,1998,P4Y,no,no
oci:0604083757-061701480446,omid:br/0604083757,omid:br/061701480446,1998,P4Y,no,no
oci:0604083757-06101495898,omid:br/0604083757,omid:br/06101495898,1998,P27Y,no,no
oci:0604083757-0690525143,omid:br/0604083757,omid:br/0690525143,1998,P14Y,no,no
oci:0604083757-06704114084,omid:br/0604083757,omid:br/06704114084,1998,P9Y,no,no
oci:0604083757-06430250071,omid:br/0604083757,omid:br/06430250071,1998,P2Y,yes,no
oci:0604083757-06104521280,omid:br/0604083757,omid:br/06104521280,1998,P3Y,yes,no
oci:0604518908-06470247714,omid:br/0604518908,omid:br/06470247714,2009,P17Y,yes,no
oci:06280265581-0651038896,omid:br/06280265581,omid:br/0651038896,2002,P2Y,no,no
oci:06280265581-06220413854,omid:br/06280265581,omid:br/06220413854,2002,P15Y,no,no
oci:06280265581-0653038446,omid:br/06280265581,omid:br/0653038446,2002,P5Y,no,no
oci:06280265581-0648039853,omid:br/06280265581,omid:br/0648039853,2002,P12Y,no,no
oci:06280265581-062301454828,omid:br/06280265581,omid:br/062301454828,2002,P4Y,no,no
oci:062504086286-0610354387,omid:br/062504086286,omid:br/0610354387,2009,P8Y,no,no
oci:06470247809-06260947864,omid:br/06470247809,omid:br/06260947864,2002,P9Y,no,no
oci:06470247809-0650577028,omid:br/06470247809,omid:br/0650577028,2002,P4Y,no,no
oci:06470247809-06110490995,omid:br/06470247809,omid:br/06110490995,2002,P21Y,no,no
oci:06290254160-06490249971,omid:br/06290254160,omid:br/06490249971,2007,P4Y,no,no
oci:06290254160-062103744178,omid:br/06290254160,omid:br/062103744178,2007,P9Y,no,no
oci:06290254160-06140727097,omid:br/06290254160,omid:br/06140727097,2007,P15Y,no,no
oci:06290254160-0680739195,omid:br/06290254160,omid:br/0680739195,2007,P11Y,no,no
oci:06290254160-061103707384,omid:br/06290254160,omid:br/061103707384,2007,P10Y,no,no
oci:06290254160-06120724010,omid:br/06290254160,omid:br/06120724010,2007,P13Y,no,no
oci:06290254160-061103707648,omid:br/06290254160,omid:br/061103707648,2007,P9Y,no,no
oci:06290254160-061701225460,omid:br/06290254160,omid:br/061701225460,2007,P25Y,no,no
oci:06290254160-061801220074,omid:br/06290254160,omid:br/061801220074,2007,P18Y,no,no
oci:06290254160-061801220709,omid:br/06290254160,omid:br/061801220709,2007,P20Y,no,no
oci:06290254160-06190267479,omid:br/06290254160,omid:br/06190267479,2007,P10Y,no,no
oci:06290254160-0620687643,omid:br/06290254160,omid:br/0620687643,2007,P20Y,no,no
oci:06290254160-06120724352,omid:br/06290254160,omid:br/06120724352,2007,P16Y,no,no
oci:06290254160-06110734065,omid:br/06290254160,omid:br/06110734065,2007,P16Y,no,no
oci:06290254160-06260592821,omid:br/06290254160,omid:br/06260592821,2007,P10Y,no,no
oci:06290254160-06530258560,omid:br/06290254160,omid:br/06530258560,2007,P6Y,no,no
oci:06290254160-061904059522,omid:br/06290254160,omid:br/061904059522,2007,P4Y,no,no
oci:06290254160-06290254132,omid:br/06290254160,omid:br/06290254132,2007,P0Y,yes,no
oci:06280265504-06301209540,omid:br/06280265504,omid:br/06301209540,1999,P13Y,no,no
oci:06280265504-06160872275,omid:br/06280265504,omid:br/06160872275,1999,P5Y,no,no
oci:06280265504-0670749407,omid:br/06280265504,omid:br/0670749407,1999,P28Y,no,no
oci:06280265504-06110498095,omid:br/06280265504,omid:br/06110498095,1999,P34Y,no,no
oci:06430250082-0604278753,omid:br/06430250082,omid:br/0604278753,1996,P4Y,no,no
oci:06310247225-061301574670,omid:br/06310247225,omid:br/061301574670,2009,P3Y,no,no
oci:06310247225-061301574669,omid:br/06310247225,omid:br/061301574669,2009,P3Y,no,no
oci:06310247225-0650827095,omid:br/06310247225,omid:br/0650827095,2009,P13Y,no,no
oci:06310247225-061301574665,omid:br/06310247225,omid:br/061301574665,2009,P3Y,no,no
oci:06310247225-06380217249,omid:br/06310247225,omid:br/06380217249,2009,P1Y,no,no
oci:06310247225-061102232782,omid:br/06310247225,omid:br/061102232782,2009,P13Y,no,no
oci:06310247225-06330257078,omid:br/06310247225,omid:br/06330257078,2009,P1Y,yes,no
oci:06310247225-06104522101,omid:br/06310247225,omid:br/06104522101,2009,P19Y,yes,no
oci:06360246229-0633025257,omid:br/06360246229,omid:br/0633025257,2005,P5Y,no,no
oci:06360246229-06120327831,omid:br/06360246229,omid:br/06120327831,2005,P8Y,no,no
oci:06360246229-062402120920,omid:br/06360246229,omid:br/062402120920,2005,P2Y,no,no
oci:06360246229-0631067637,omid:br/06360246229,omid:br/0631067637,2005,P6Y,no,no
oci:06360246229-06150844036,omid:br/06360246229,omid:br/06150844036,2005,P2Y,no,no
oci:062604105948-06240955358,omid:br/062604105948,omid:br/06240955358,2013,P8Y,no,no
oci:062604105948-06303909235,omid:br/062604105948,omid:br/06303909235,2013,P11Y,no,no
oci:062604105948-061104185677,omid:br/062604105948,omid:br/061104185677,2013,,no,no
oci:062604105948-06120831354,omid:br/062604105948,omid:br/06120831354,2013,P11Y,no,no
oci:062504086307-06140814682,omid:br/062504086307,omid:br/06140814682,2009,P6Y,no,no
oci:062504086307-061102031190,omid:br/062504086307,omid:br/061102031190,2009,P4Y,no,no
oci:062504086307-061801925296,omid:br/062504086307,omid:br/061801925296,2009,P6Y,no,no
oci:062504086307-06202305264,omid:br/062504086307,omid:br/06202305264,2009,P8Y,no,no
oci:062504086307-062403774117,omid:br/062504086307,omid:br/062403774117,2009,P10Y,no,no
oci:062504086307-061302703336,omid:br/062504086307,omid:br/061302703336,2009,P3Y,no,no
oci:062504086307-062303749250,omid:br/062504086307,omid:br/062303749250,2009,P8Y,no,no
oci:062504086307-06103918995,omid:br/062504086307,omid:br/06103918995,2009,P7Y,no,no
oci:062504086307-066089460,omid:br/062504086307,omid:br/066089460,2009,P5Y,no,no
oci:062504086307-062501645132,omid:br/062504086307,omid:br/062501645132,2009,P5Y,no,no
oci:062504086307-0630349346,omid:br/062504086307,omid:br/0630349346,2009,P9Y,no,no
oci:06104521165-061301574668,omid:br/06104521165,omid:br/061301574668,2008,P2Y,no,no
oci:06104521165-061301574670,omid:br/06104521165,omid:br/061301574670,2008,P2Y,no,no
oci:06104521165-06110952584,omid:br/06104521165,omid:br/06110952584,2008,P10Y,no,no
oci:06104521165-06230945483,omid:br/06104521165,omid:br/06230945483,2008,P4Y,no,no
oci:06104521165-061401563616,omid:br/06104521165,omid:br/061401563616,2008,P3Y,no,no
oci:06104521165-06220950359,omid:br/06104521165,omid:br/06220950359,2008,P2Y,no,no
oci:06290253764-06140341675,omid:br/06290253764,omid:br/06140341675,2011,P11Y,no,no
oci:06290253764-0604035181,omid:br/06290253764,omid:br/0604035181,2011,P2Y,yes,no
oci:06290253764-06220973870,omid:br/06290253764,omid:br/06220973870,2011,P11Y,no,no
oci:06290253764-06250967918,omid:br/06290253764,omid:br/06250967918,2011,P8Y,no,no
oci:062504086295-06220865330,omid:br/062504086295,omid:br/06220865330,2009,P19Y,no,no
oci:062504086295-0604526109,omid:br/062504086295,omid:br/0604526109,2009,P6Y,no,no
oci:062504086295-06380250478,omid:br/062504086295,omid:br/06380250478,2009,P10Y,yes,no
oci:062504086295-06360246142,omid:br/062504086295,omid:br/06360246142,2009,P2Y,yes,no
oci:06320242449-06404143517,omid:br/06320242449,omid:br/06404143517,2007,P3Y,no,no
oci:06320242449-061501480897,omid:br/06320242449,omid:br/061501480897,2007,P5Y,no,no
oci:06320242449-06220973945,omid:br/06320242449,omid:br/06220973945,2007,P14Y,no,no
oci:06320242449-06250967763,omid:br/06320242449,omid:br/06250967763,2007,P6Y,no,no
oci:06320242449-06230171703,omid:br/06320242449,omid:br/06230171703,2007,P9Y,no,no
oci:06320242449-061602186367,omid:br/06320242449,omid:br/061602186367,2007,P14Y,no,no
oci:06320242449-06180549640,omid:br/06320242449,omid:br/06180549640,2007,P7Y,no,no
oci:06320242449-061301475352,omid:br/06320242449,omid:br/061301475352,2007,P1Y,no,no
oci:06320242449-0670230157,omid:br/06320242449,omid:br/0670230157,2007,P12Y,no,no
oci:06104521353-061501432294,omid:br/06104521353,omid:br/061501432294,2000,P4Y,no,no
oci:06320242425-06904174586,omid:br/06320242425,omid:br/06904174586,1996,P5Y,no,no
oci:06320242425-06150966858,omid:br/06320242425,omid:br/06150966858,1996,P9Y,no,no
oci:06320242425-06250483800,omid:br/06320242425,omid:br/06250483800,1996,P9Y,no,no
oci:06320242425-061703675172,omid:br/06320242425,omid:br/061703675172,1996,P2Y,no,no
oci:06320242425-06802418025,omid:br/06320242425,omid:br/06802418025,1996,P3Y,no,no
oci:06410254044-06130828844,omid:br/06410254044,omid:br/06130828844,2017,P1Y,no,no
oci:06470248251-06210528672,omid:br/06470248251,omid:br/06210528672,2000,P33Y,no,no
oci:06470248251-061202193031,omid:br/06470248251,omid:br/061202193031,2000,P8Y,no,no
oci:06470248251-061303761730,omid:br/06470248251,omid:br/061303761730,2000,P3Y,no,no
oci:0604035206-06190267587,omid:br/0604035206,omid:br/06190267587,2009,P10Y,no,no
oci:0604035206-06220973870,omid:br/0604035206,omid:br/06220973870,2009,P9Y,no,no
oci:0604035206-06104311780,omid:br/0604035206,omid:br/06104311780,2009,P1Y,no,no
oci:0604035206-06230270065,omid:br/0604035206,omid:br/06230270065,2009,P15Y,no,no
oci:0604035206-06450251161,omid:br/0604035206,omid:br/06450251161,2009,P2Y,yes,no
oci:06430250078-06370261462,omid:br/06430250078,omid:br/06370261462,1996,P4Y,no,no
oci:06430250078-06370261449,omid:br/06430250078,omid:br/06370261449,1996,P4Y,no,no
oci:06104521315-06130702749,omid:br/06104521315,omid:br/06130702749,2000,P26Y,no,no
oci:06104521315-061603670751,omid:br/06104521315,omid:br/061603670751,2000,P24Y,no,no
oci:06480249681-06290253483,omid:br/06480249681,omid:br/06290253483,2006,P5Y,yes,no
oci:06310247782-06110952584,omid:br/06310247782,omid:br/06110952584,2000,P2Y,no,no
oci:06310247782-061401562614,omid:br/06310247782,omid:br/061401562614,2000,P12Y,no,no
oci:06310247782-06803981336,omid:br/06310247782,omid:br/06803981336,2000,P3Y,no,no
oci:06310247782-06901261397,omid:br/06310247782,omid:br/06901261397,2000,P13Y,no,no
oci:06310247782-061901894034,omid:br/06310247782,omid:br/061901894034,2000,P7Y,no,no
oci:06310247782-06250262829,omid:br/06310247782,omid:br/06250262829,2000,P11Y,no,no
oci:06310247782-06310247816,omid:br/06310247782,omid:br/06310247816,2000,P0Y,yes,no
oci:06360245876-061702226000,omid:br/06360245876,omid:br/061702226000,1995,P11Y,no,no
oci:06360245876-061703674394,omid:br/06360245876,omid:br/061703674394,1995,P22Y,no,no
oci:06320242654-06102578786,omid:br/06320242654,omid:br/06102578786,2004,P5Y,no,no
oci:06320242654-062303777793,omid:br/06320242654,omid:br/062303777793,2004,P5Y,no,no
oci:06320242654-06102578406,omid:br/06320242654,omid:br/06102578406,2004,P4Y,no,no
oci:06320242654-06704114084,omid:br/06320242654,omid:br/06704114084,2004,P15Y,no,no
oci:06104521456-061303782722,omid:br/06104521456,omid:br/061303782722,2008,P6Y,no,no
oci:06104521456-0660272176,omid:br/06104521456,omid:br/0660272176,2008,P5Y,no,no
oci:06450251306-061401563443,omid:br/06450251306,omid:br/061401563443,2007,P10Y,no,no
oci:06450251306-061401562614,omid:br/06450251306,omid:br/061401562614,2007,P19Y,no,no
oci:06450251306-061301573639,omid:br/06450251306,omid:br/061301573639,2007,P17Y,no,no
oci:06450251306-06110952515,omid:br/06450251306,omid:br/06110952515,2007,P10Y,no,no
oci:06450251306-06110952797,omid:br/06450251306,omid:br/06110952797,2007,P8Y,no,no
oci:06450251306-06180795860,omid:br/06450251306,omid:br/06180795860,2007,P4Y,no,no
oci:06450251306-06180795948,omid:br/06450251306,omid:br/06180795948,2007,P4Y,no,no
oci:06450251306-061501580121,omid:br/06450251306,omid:br/061501580121,2007,P9Y,no,no
oci:06450251306-061401563391,omid:br/06450251306,omid:br/061401563391,2007,P10Y,no,no
oci:06450251306-061803060786,omid:br/06450251306,omid:br/061803060786,2007,P8Y,no,no
oci:06450251306-061801575482,omid:br/06450251306,omid:br/061801575482,2007,P10Y,no,no
oci:06450251306-06701505668,omid:br/06450251306,omid:br/06701505668,2007,P8Y,no,no
oci:06450251306-061701581844,omid:br/06450251306,omid:br/061701581844,2007,P2Y,no,no
oci:06450251306-0614068149,omid:br/06450251306,omid:br/0614068149,2007,P4Y,no,no
oci:06450251306-06180796011,omid:br/06450251306,omid:br/06180796011,2007,P4Y,no,no
oci:06450251306-061602137101,omid:br/06450251306,omid:br/061602137101,2007,P2Y,no,no
oci:06450251306-062201916167,omid:br/06450251306,omid:br/062201916167,2007,P20Y,no,no
oci:06450251306-06301797371,omid:br/06450251306,omid:br/06301797371,2007,P22Y,no,no
oci:06450251306-06160288395,omid:br/06450251306,omid:br/06160288395,2007,P15Y,no,no
oci:06450251306-062303626820,omid:br/06450251306,omid:br/062303626820,2007,P25Y,no,no
oci:06450251306-0690937083,omid:br/06450251306,omid:br/0690937083,2007,P3Y,no,no
oci:06450251306-062103729056,omid:br/06450251306,omid:br/062103729056,2007,P11Y,no,no
oci:06450251306-06150900573,omid:br/06450251306,omid:br/06150900573,2007,P2Y,no,no
oci:06450251306-0632048874,omid:br/06450251306,omid:br/0632048874,2007,P7Y,no,no
oci:06310247716-06330256987,omid:br/06310247716,omid:br/06330256987,2011,P3Y,yes,no
oci:06310247716-061704043156,omid:br/06310247716,omid:br/061704043156,2011,P6Y,no,no
oci:06310247716-061204043146,omid:br/06310247716,omid:br/061204043146,2011,P11Y,no,no
oci:06310247716-061204042916,omid:br/06310247716,omid:br/061204042916,2011,P7Y,no,no
oci:06520249787-06202767412,omid:br/06520249787,omid:br/06202767412,1997,P63Y,no,no
oci:06520249787-06210862823,omid:br/06520249787,omid:br/06210862823,1997,P25Y,no,no
oci:06520249787-06230468543,omid:br/06520249787,omid:br/06230468543,1997,P10Y,no,no
oci:06520249787-06220459061,omid:br/06520249787,omid:br/06220459061,1997,P13Y,no,no
oci:06320242508-06180864554,omid:br/06320242508,omid:br/06180864554,2007,P23Y,no,no
oci:06320242508-06802575012,omid:br/06320242508,omid:br/06802575012,2007,P7Y,no,no
oci:06320242508-06260941170,omid:br/06320242508,omid:br/06260941170,2007,P5Y,no,no
oci:06320242508-06140829915,omid:br/06320242508,omid:br/06140829915,2007,P4Y,no,no
oci:06104521750-06240937048,omid:br/06104521750,omid:br/06240937048,2008,P5Y,no,no
oci:06430250015-061501578774,omid:br/06430250015,omid:br/061501578774,1996,P10Y,no,no
oci:06430250015-061401562567,omid:br/06430250015,omid:br/061401562567,1996,P6Y,no,no
oci:06430250015-06104521199,omid:br/06430250015,omid:br/06104521199,1996,P1Y,yes,no
oci:0604638822-061903305602,omid:br/0604638822,omid:br/061903305602,2002,P5Y,no,no
oci:06470248261-0630264518,omid:br/06470248261,omid:br/0630264518,2000,P13Y,no,no
oci:06470248261-061203140477,omid:br/06470248261,omid:br/061203140477,2000,P11Y,no,no
oci:06470248261-0604516005,omid:br/06470248261,omid:br/0604516005,2000,P12Y,no,no
oci:06290253736-06320242745,omid:br/06290253736,omid:br/06320242745,2011,P5Y,yes,no
oci:06290253736-06440226594,omid:br/06290253736,omid:br/06440226594,2011,P2Y,no,no
oci:06290253736-06104521479,omid:br/06290253736,omid:br/06104521479,2011,P3Y,yes,no
oci:06290253736-06460246904,omid:br/06290253736,omid:br/06460246904,2011,P1Y,yes,no
oci:06290253736-06460246940,omid:br/06290253736,omid:br/06460246940,2011,P1Y,yes,no
oci:06290253736-06310247215,omid:br/06290253736,omid:br/06310247215,2011,P2Y,yes,no
oci:06350251373-061801575482,omid:br/06350251373,omid:br/061801575482,2011,P14Y,no,no
oci:06350251373-061301573639,omid:br/06350251373,omid:br/061301573639,2011,P21Y,no,no
oci:06350251373-061401563443,omid:br/06350251373,omid:br/061401563443,2011,P14Y,no,no
oci:06350251373-06110952797,omid:br/06350251373,omid:br/06110952797,2011,P12Y,no,no
oci:06350251373-062103729056,omid:br/06350251373,omid:br/062103729056,2011,P15Y,no,no
oci:06350251373-06180795948,omid:br/06350251373,omid:br/06180795948,2011,P8Y,no,no
oci:06350251373-061501580137,omid:br/06350251373,omid:br/061501580137,2011,P11Y,no,no
oci:06350251373-061401563391,omid:br/06350251373,omid:br/061401563391,2011,P14Y,no,no
oci:06350251373-061801575172,omid:br/06350251373,omid:br/061801575172,2011,P6Y,no,no
oci:06350251373-061803060786,omid:br/06350251373,omid:br/061803060786,2011,P12Y,no,no
oci:06350251373-06230945364,omid:br/06350251373,omid:br/06230945364,2011,P7Y,no,no
oci:06350251373-061701670338,omid:br/06350251373,omid:br/061701670338,2011,P7Y,no,no
oci:06350251373-061701670160,omid:br/06350251373,omid:br/061701670160,2011,P6Y,no,no
oci:06390259310-06230468998,omid:br/06390259310,omid:br/06230468998,2000,P19Y,no,no
oci:06390259310-06150966676,omid:br/06390259310,omid:br/06150966676,2000,P15Y,no,no
oci:06390259310-0650528322,omid:br/06390259310,omid:br/0650528322,2000,P6Y,no,no
oci:06390259310-06210953455,omid:br/06390259310,omid:br/06210953455,2000,P6Y,no,no
oci:06390259310-0630533934,omid:br/06390259310,omid:br/0630533934,2000,P8Y,no,no
oci:06390259310-06150966724,omid:br/06390259310,omid:br/06150966724,2000,P10Y,no,no
oci:06390259310-06210953314,omid:br/06390259310,omid:br/06210953314,2000,P8Y,no,no
oci:06390259487-061301574669,omid:br/06390259487,omid:br/061301574669,2010,P4Y,no,no
oci:06390259487-0650827095,omid:br/06390259487,omid:br/0650827095,2010,P14Y,no,no
oci:06390259487-06101520871,omid:br/06390259487,omid:br/06101520871,2010,P12Y,no,no
oci:06390259487-06101520819,omid:br/06390259487,omid:br/06101520819,2010,P13Y,no,no
oci:06390259487-06310247225,omid:br/06390259487,omid:br/06310247225,2010,P1Y,yes,no
oci:06390259487-06104522101,omid:br/06390259487,omid:br/06104522101,2010,P20Y,yes,no
oci:06104522058-062201915635,omid:br/06104522058,omid:br/062201915635,2008,P16Y,no,no
oci:06104522058-061602882245,omid:br/06104522058,omid:br/061602882245,2008,P10Y,no,no
oci:06104522058-06530258318,omid:br/06104522058,omid:br/06530258318,2008,P15Y,yes,no
oci:06104522058-06410254178,omid:br/06104522058,omid:br/06410254178,2008,P10Y,yes,no
oci:06104522058-0604638744,omid:br/06104522058,omid:br/0604638744,2008,P6Y,yes,no
oci:06530257592-062503486671,omid:br/06530257592,omid:br/062503486671,2011,P9Y,no,no
oci:06530257592-06420251264,omid:br/06530257592,omid:br/06420251264,2011,P29Y,yes,no
oci:06530257592-0604498284,omid:br/06530257592,omid:br/0604498284,2011,P19Y,yes,no
oci:06530257592-0604170126,omid:br/06530257592,omid:br/0604170126,2011,P31Y,yes,no
oci:06530257592-06530258333,omid:br/06530257592,omid:br/06530258333,2011,P18Y,yes,no
oci:06290253606-061401562596,omid:br/06290253606,omid:br/061401562596,2001,P13Y,no,no
oci:06290253606-06110952584,omid:br/06290253606,omid:br/06110952584,2001,P3Y,no,no
oci:06290253606-061803061033,omid:br/06290253606,omid:br/061803061033,2001,P3Y,no,no
oci:06290253606-061102088904,omid:br/06290253606,omid:br/061102088904,2001,P11Y,no,no
oci:06290253606-061301727407,omid:br/06290253606,omid:br/061301727407,2001,P13Y,no,no
oci:06290253606-061703729874,omid:br/06290253606,omid:br/061703729874,2001,P12Y,no,no
oci:06290253606-061603670974,omid:br/06290253606,omid:br/061603670974,2001,P11Y,no,no
oci:06290253606-0630732539,omid:br/06290253606,omid:br/0630732539,2001,P9Y,no,no
oci:06330256407-06104081700,omid:br/06330256407,omid:br/06104081700,2011,P8Y,no,no
oci:06330256407-06120808619,omid:br/06330256407,omid:br/06120808619,2011,P4Y,no,no
oci:06330256407-066077741,omid:br/06330256407,omid:br/066077741,2011,P5Y,no,no
oci:06330256407-06901592577,omid:br/06330256407,omid:br/06901592577,2011,P3Y,no,no
oci:06490248686-06501512274,omid:br/06490248686,omid:br/06501512274,2002,P2Y,no,no
oci:06490248686-061103707978,omid:br/06490248686,omid:br/061103707978,2002,P3Y,no,no
oci:06490248686-061104155748,omid:br/06490248686,omid:br/061104155748,2002,P8Y,no,no
oci:06490248686-061801656676,omid:br/06490248686,omid:br/061801656676,2002,P3Y,no,no
oci:06490248686-061801279683,omid:br/06490248686,omid:br/061801279683,2002,P3Y,no,no
oci:06460247067-06160918470,omid:br/06460247067,omid:br/06160918470,2004,P19Y,no,no
oci:06460247067-06290253337,omid:br/06460247067,omid:br/06290253337,2004,P13Y,yes,no
oci:06460247067-06380250492,omid:br/06460247067,omid:br/06380250492,2004,P5Y,yes,no
oci:06460247067-06380250478,omid:br/06460247067,omid:br/06380250478,2004,P5Y,yes,no
oci:06390259003-06220459089,omid:br/06390259003,omid:br/06220459089,2004,P10Y,no,no
oci:06390259003-061803718945,omid:br/06390259003,omid:br/061803718945,2004,P11Y,no,no
oci:06360246102-06504575585,omid:br/06360246102,omid:br/06504575585,2003,P3Y,no,no
oci:06360246102-06104570694,omid:br/06360246102,omid:br/06104570694,2003,P2Y,no,no
oci:06390259463-06603295000,omid:br/06390259463,omid:br/06603295000,2010,P7Y,no,no
oci:06390259463-06310284515,omid:br/06390259463,omid:br/06310284515,2010,P5Y,no,no
oci:06390259393-06180836865,omid:br/06390259393,omid:br/06180836865,2010,P6Y,no,no
oci:06390259393-06180836829,omid:br/06390259393,omid:br/06180836829,2010,P9Y,no,no
oci:06390259393-06170528100,omid:br/06390259393,omid:br/06170528100,2010,P24Y,no,no
oci:06390259393-062601499410,omid:br/06390259393,omid:br/062601499410,2010,P26Y,no,no
oci:06390259481-061902883380,omid:br/06390259481,omid:br/061902883380,2010,P6Y,no,no
oci:06390259481-0604831524,omid:br/06390259481,omid:br/0604831524,2010,P6Y,no,no
oci:06390259481-0604831525,omid:br/06390259481,omid:br/0604831525,2010,P6Y,no,no
oci:06390259481-0604831526,omid:br/06390259481,omid:br/0604831526,2010,P6Y,no,no
oci:06390259481-0604831527,omid:br/06390259481,omid:br/0604831527,2010,P6Y,no,no
oci:06420251163-061303782722,omid:br/06420251163,omid:br/061303782722,2012,P10Y,no,no
oci:06420251163-0660272176,omid:br/06420251163,omid:br/0660272176,2012,P9Y,no,no
oci:06420251163-06104521456,omid:br/06420251163,omid:br/06104521456,2012,P4Y,yes,no
oci:06420251163-061403087266,omid:br/06420251163,omid:br/061403087266,2012,P8Y,no,no
oci:06420251163-061503960846,omid:br/06420251163,omid:br/061503960846,2012,P2Y,no,no
oci:06420251163-061401358480,omid:br/06420251163,omid:br/061401358480,2012,P52Y,no,no
oci:06510262452-062504086225,omid:br/06510262452,omid:br/062504086225,2003,P5Y,yes,no
oci:062604105986-06370260397,omid:br/062604105986,omid:br/06370260397,2013,P22Y,yes,no
oci:062604105986-06360245978,omid:br/062604105986,omid:br/06360245978,2013,P15Y,yes,no
oci:062604105986-06470248228,omid:br/062604105986,omid:br/06470248228,2013,P13Y,yes,no
oci:062604105986-06420250890,omid:br/062604105986,omid:br/06420250890,2013,P13Y,yes,no
oci:062604105986-06280265615,omid:br/062604105986,omid:br/06280265615,2013,P11Y,yes,no
oci:062604105986-06530257947,omid:br/062604105986,omid:br/06530257947,2013,P10Y,yes,no
oci:062604105986-06450251161,omid:br/062604105986,omid:br/06450251161,2013,P6Y,yes,no
oci:062604105986-06450250683,omid:br/062604105986,omid:br/06450250683,2013,P14Y,yes,no
oci:062604105986-06290253698,omid:br/062604105986,omid:br/06290253698,2013,P2Y,yes,no
oci:062604105986-06470247851,omid:br/062604105986,omid:br/06470247851,2013,P11Y,yes,no
oci:062604105986-06420251411,omid:br/062604105986,omid:br/06420251411,2013,P10Y,yes,no
oci:062604105986-06310247820,omid:br/062604105986,omid:br/06310247820,2013,P13Y,yes,no
oci:062604105986-06460246343,omid:br/062604105986,omid:br/06460246343,2013,P6Y,yes,no
oci:06350251659-06703977795,omid:br/06350251659,omid:br/06703977795,2004,,no,no
oci:06350251659-06404007578,omid:br/06350251659,omid:br/06404007578,2004,,no,no
oci:06350251659-06102578421,omid:br/06350251659,omid:br/06102578421,2004,P4Y,no,no
oci:06350251659-061203721089,omid:br/06350251659,omid:br/061203721089,2004,P4Y,no,no
oci:06350251659-06190267376,omid:br/06350251659,omid:br/06190267376,2004,P21Y,no,no
oci:06350251659-06702557359,omid:br/06350251659,omid:br/06702557359,2004,P2Y,no,no
oci:06390259016-06430250319,omid:br/06390259016,omid:br/06430250319,2004,P10Y,yes,no
oci:06390259016-06290253605,omid:br/06390259016,omid:br/06290253605,2004,P3Y,yes,no
oci:06360246124-061601495506,omid:br/06360246124,omid:br/061601495506,2007,P12Y,no,no
oci:06360246124-0610354370,omid:br/06360246124,omid:br/0610354370,2007,P10Y,no,no
oci:06360246124-061501490934,omid:br/06360246124,omid:br/061501490934,2007,P4Y,no,no
oci:06360246124-061601495776,omid:br/06360246124,omid:br/061601495776,2007,P16Y,no,no
oci:06360246124-061601495704,omid:br/06360246124,omid:br/061601495704,2007,P6Y,no,no
oci:06360246124-06702557097,omid:br/06360246124,omid:br/06702557097,2007,P4Y,no,no
oci:06360246124-06203920264,omid:br/06360246124,omid:br/06203920264,2007,P6Y,no,no
oci:06360246124-0604029093,omid:br/06360246124,omid:br/0604029093,2007,P11Y,no,no
oci:06360246124-062102121381,omid:br/06360246124,omid:br/062102121381,2007,P2Y,no,no
oci:06360246124-062601503200,omid:br/06360246124,omid:br/062601503200,2007,P4Y,no,no
oci:06350251352-062502037189,omid:br/06350251352,omid:br/062502037189,2011,P22Y,no,no
oci:06450250585-06104521353,omid:br/06450250585,omid:br/06104521353,2001,P1Y,yes,no
oci:06320242637-061203721314,omid:br/06320242637,omid:br/061203721314,2004,P4Y,no,no
oci:06320242637-061904130880,omid:br/06320242637,omid:br/061904130880,2004,P9Y,no,no
oci:06320242637-06380250492,omid:br/06320242637,omid:br/06380250492,2004,P5Y,yes,no
oci:06320242637-06480249509,omid:br/06320242637,omid:br/06480249509,2004,P12Y,yes,no
oci:06320242637-06430249991,omid:br/06320242637,omid:br/06430249991,2004,P8Y,yes,no
oci:06320242637-06380250478,omid:br/06320242637,omid:br/06380250478,2004,P5Y,yes,no
oci:06320242637-06490248775,omid:br/06320242637,omid:br/06490248775,2004,P2Y,yes,no
oci:06450250621-061202036738,omid:br/06450250621,omid:br/061202036738,1999,P16Y,no,no
oci:06450250621-06120724598,omid:br/06450250621,omid:br/06120724598,1999,P14Y,no,no
oci:06420251666-0610276521,omid:br/06420251666,omid:br/0610276521,1997,P6Y,no,no
oci:06480249254-061203977106,omid:br/06480249254,omid:br/061203977106,1995,P11Y,no,no
oci:06480249254-061703302424,omid:br/06480249254,omid:br/061703302424,1995,P11Y,no,no
oci:06480249254-061703302235,omid:br/06480249254,omid:br/061703302235,1995,P11Y,no,no
oci:06460247154-0628050385,omid:br/06460247154,omid:br/0628050385,2004,P6Y,no,no
oci:06460247154-062403762963,omid:br/06460247154,omid:br/062403762963,2004,P13Y,no,no
oci:06460247154-061801570662,omid:br/06460247154,omid:br/061801570662,2004,P12Y,no,no
oci:06460247154-0628050867,omid:br/06460247154,omid:br/0628050867,2004,P4Y,no,no
oci:06460247154-06260881502,omid:br/06460247154,omid:br/06260881502,2004,P7Y,no,no
oci:06460247154-0610551429,omid:br/06460247154,omid:br/0610551429,2004,P6Y,no,no
oci:06460247154-06390282378,omid:br/06460247154,omid:br/06390282378,2004,P2Y,no,no
oci:06530257547-061301574670,omid:br/06530257547,omid:br/061301574670,2011,P5Y,no,no
oci:06530257547-06530258338,omid:br/06530257547,omid:br/06530258338,2011,P18Y,yes,no
oci:06490248695-061104155749,omid:br/06490248695,omid:br/061104155749,2002,P2Y,no,no
oci:06490248695-06160966134,omid:br/06490248695,omid:br/06160966134,2002,P8Y,no,no
oci:06490248695-061801198398,omid:br/06490248695,omid:br/061801198398,2002,P1Y,no,no
oci:06490248695-0604831509,omid:br/06490248695,omid:br/0604831509,2002,P23Y,no,no
oci:06290254135-06501511798,omid:br/06290254135,omid:br/06501511798,2007,P13Y,no,no
oci:06290254135-061804138473,omid:br/06290254135,omid:br/061804138473,2007,P7Y,no,no
oci:06290254135-06390355884,omid:br/06290254135,omid:br/06390355884,2007,P8Y,no,no
oci:06410254455-06220865833,omid:br/06410254455,omid:br/06220865833,2010,P40Y,no,no
oci:06520249795-062603648479,omid:br/06520249795,omid:br/062603648479,1997,P6Y,no,no
oci:06520249795-062103610072,omid:br/06520249795,omid:br/062103610072,1997,P14Y,no,no
oci:06510262111-0640681872,omid:br/06510262111,omid:br/0640681872,2001,P24Y,no,no
oci:06430249991-06480249509,omid:br/06430249991,omid:br/06480249509,1996,P4Y,yes,no
oci:06430249991-06440247545,omid:br/06430249991,omid:br/06440247545,1996,P10Y,yes,no
oci:06330256447-06160981677,omid:br/06330256447,omid:br/06160981677,2011,P3Y,no,no
oci:06330256447-06220973620,omid:br/06330256447,omid:br/06220973620,2011,P11Y,no,no
oci:06360246041-06470247967,omid:br/06360246041,omid:br/06470247967,2003,P2Y,yes,no
oci:06390259044-06140744231,omid:br/06390259044,omid:br/06140744231,2004,P13Y,no,no
oci:06390259044-06230455698,omid:br/06390259044,omid:br/06230455698,2004,P19Y,no,no
oci:06390259044-061401010005,omid:br/06390259044,omid:br/061401010005,2004,P21Y,no,no
oci:06390259044-06140744017,omid:br/06390259044,omid:br/06140744017,2004,P4Y,no,no
oci:06390259044-06402367392,omid:br/06390259044,omid:br/06402367392,2004,P14Y,no,no
oci:06390259044-0670830322,omid:br/06390259044,omid:br/0670830322,2004,P3Y,no,no
oci:06390259044-06302352331,omid:br/06390259044,omid:br/06302352331,2004,P6Y,no,no
oci:06390259044-0630533713,omid:br/06390259044,omid:br/0630533713,2004,P28Y,no,no
oci:06390259044-061703341928,omid:br/06390259044,omid:br/061703341928,2004,P22Y,no,no
oci:06390259044-0651039474,omid:br/06390259044,omid:br/0651039474,2004,P7Y,no,no
oci:06390259044-0670749484,omid:br/06390259044,omid:br/0670749484,2004,P5Y,no,no
oci:06390259044-061802752916,omid:br/06390259044,omid:br/061802752916,2004,P3Y,no,no
oci:06390259044-06380250085,omid:br/06390259044,omid:br/06380250085,2004,P11Y,yes,no
oci:06280265688-061501949651,omid:br/06280265688,omid:br/061501949651,2006,P3Y,no,no
oci:06510261768-06301485822,omid:br/06510261768,omid:br/06301485822,1996,P5Y,no,no
oci:06510261768-06404002516,omid:br/06510261768,omid:br/06404002516,1996,P4Y,no,no
oci:06510261768-06240946863,omid:br/06510261768,omid:br/06240946863,1996,P8Y,no,no
oci:06510261768-062401190171,omid:br/06510261768,omid:br/062401190171,1996,P7Y,no,no
oci:06510261768-06260985990,omid:br/06510261768,omid:br/06260985990,1996,P4Y,no,no
oci:06104521226-06380250054,omid:br/06104521226,omid:br/06380250054,1995,P2Y,yes,no
oci:06104521226-06380250127,omid:br/06104521226,omid:br/06380250127,1995,P2Y,yes,no
oci:06104521226-06380250085,omid:br/06104521226,omid:br/06380250085,1995,P2Y,yes,no
oci:06104521226-06370260654,omid:br/06104521226,omid:br/06370260654,1995,P1Y,yes,no
oci:06104521226-06530258275,omid:br/06104521226,omid:br/06530258275,1995,P2Y,yes,no
oci:06104521226-062504085790,omid:br/06104521226,omid:br/062504085790,1995,P2Y,yes,no
oci:06104521226-06430250309,omid:br/06104521226,omid:br/06430250309,1995,P1Y,yes,no
oci:06420251230-06330256833,omid:br/06420251230,omid:br/06330256833,2012,P7Y,yes,no
oci:06420251230-06390259281,omid:br/06420251230,omid:br/06390259281,2012,P7Y,yes,no
oci:06420251230-06603295101,omid:br/06420251230,omid:br/06603295101,2012,P8Y,no,no
oci:06420251230-061104177183,omid:br/06420251230,omid:br/061104177183,2012,P2Y,no,no
oci:06420251230-061204042916,omid:br/06420251230,omid:br/061204042916,2012,P8Y,no,no
oci:06430250053-06260371556,omid:br/06430250053,omid:br/06260371556,1996,P14Y,no,no
oci:06430250053-061103746462,omid:br/06430250053,omid:br/061103746462,1996,P4Y,no,no
oci:06430250053-06180549863,omid:br/06430250053,omid:br/06180549863,1996,P5Y,no,no
oci:06430250053-062303727529,omid:br/06430250053,omid:br/062303727529,1996,P4Y,no,no
oci:06430250053-061103758255,omid:br/06430250053,omid:br/061103758255,1996,P4Y,no,no
oci:06430250053-061301244824,omid:br/06430250053,omid:br/061301244824,1996,P11Y,no,no
oci:06430250053-06260515775,omid:br/06430250053,omid:br/06260515775,1996,P5Y,no,no
oci:06430250053-063708757,omid:br/06430250053,omid:br/063708757,1996,P2Y,no,no
oci:06430250053-062101783365,omid:br/06430250053,omid:br/062101783365,1996,P2Y,no,no
oci:06430250053-062101783369,omid:br/06430250053,omid:br/062101783369,1996,P2Y,no,no
oci:06430250053-06401373597,omid:br/06430250053,omid:br/06401373597,1996,P13Y,no,no
oci:06430250053-061103758615,omid:br/06430250053,omid:br/061103758615,1996,P3Y,no,no
oci:06430250053-0690182340,omid:br/06430250053,omid:br/0690182340,1996,P10Y,no,no
oci:06430250053-061401234234,omid:br/06430250053,omid:br/061401234234,1996,P8Y,no,no
oci:06430250053-061201243284,omid:br/06430250053,omid:br/061201243284,1996,P2Y,no,no
oci:06430250053-06604544365,omid:br/06430250053,omid:br/06604544365,1996,,no,no
oci:06430250053-06604544366,omid:br/06430250053,omid:br/06604544366,1996,,no,no
oci:06430250053-06170316092,omid:br/06430250053,omid:br/06170316092,1996,P5Y,no,no
oci:06430250053-061703724456,omid:br/06430250053,omid:br/061703724456,1996,P6Y,no,no
oci:06430250053-0640501736,omid:br/06430250053,omid:br/0640501736,1996,P5Y,no,no
oci:06430250053-06203480567,omid:br/06430250053,omid:br/06203480567,1996,P8Y,no,no
oci:06430250053-062202110726,omid:br/06430250053,omid:br/062202110726,1996,P6Y,no,no
oci:06510262569-061301245564,omid:br/06510262569,omid:br/061301245564,2011,P18Y,no,no
oci:06510262569-06504079106,omid:br/06510262569,omid:br/06504079106,2011,P18Y,no,no
oci:06510262569-061403558089,omid:br/06510262569,omid:br/061403558089,2011,,no,no
oci:06510262569-0660930283,omid:br/06510262569,omid:br/0660930283,2011,P13Y,no,no
oci:06510262569-06160353824,omid:br/06510262569,omid:br/06160353824,2011,P6Y,no,no
oci:06430249993-06510262259,omid:br/06430249993,omid:br/06510262259,1996,P7Y,yes,no
oci:06440247234-06150870689,omid:br/06440247234,omid:br/06150870689,2000,P7Y,no,no
oci:06440247234-061801220584,omid:br/06440247234,omid:br/061801220584,2000,P14Y,no,no
oci:06290254093-06504144829,omid:br/06290254093,omid:br/06504144829,2007,P3Y,no,no
oci:06290254093-0680931157,omid:br/06290254093,omid:br/0680931157,2007,P9Y,no,no
oci:06290254093-06401210264,omid:br/06290254093,omid:br/06401210264,2007,P6Y,no,no
oci:062604105924-06140814673,omid:br/062604105924,omid:br/06140814673,2013,P11Y,no,no
oci:062604105924-06601579613,omid:br/062604105924,omid:br/06601579613,2013,P28Y,no,no
oci:062604105924-06601580005,omid:br/062604105924,omid:br/06601580005,2013,P26Y,no,no
oci:062604105924-06140836485,omid:br/062604105924,omid:br/06140836485,2013,P12Y,no,no
oci:062604105924-06260279256,omid:br/062604105924,omid:br/06260279256,2013,P6Y,no,no
oci:062604105924-0640604819,omid:br/062604105924,omid:br/0640604819,2013,P26Y,no,no
oci:062604105924-061901463016,omid:br/062604105924,omid:br/061901463016,2013,P4Y,no,no
oci:06320242428-061301011242,omid:br/06320242428,omid:br/061301011242,1996,P5Y,no,no
oci:06320242428-06140864015,omid:br/06320242428,omid:br/06140864015,1996,P5Y,no,no
oci:06320242428-061402177774,omid:br/06320242428,omid:br/061402177774,1996,P3Y,no,no
oci:06320242428-063103689,omid:br/06320242428,omid:br/063103689,1996,P17Y,no,no
oci:06320242428-06480249509,omid:br/06320242428,omid:br/06480249509,1996,P4Y,yes,no
oci:06320242428-06490249179,omid:br/06320242428,omid:br/06490249179,1996,P13Y,yes,no
oci:06420250931-06201578696,omid:br/06420250931,omid:br/06201578696,2000,P3Y,no,no
oci:06420250931-0640822292,omid:br/06420250931,omid:br/0640822292,2000,P4Y,no,no
oci:06420250931-06380250510,omid:br/06420250931,omid:br/06380250510,2000,P1Y,yes,no
oci:06420250931-06390259347,omid:br/06420250931,omid:br/06390259347,2000,P0Y,yes,no
oci:06420250931-0604083672,omid:br/06420250931,omid:br/0604083672,2000,P2Y,yes,no
oci:06450250490-06302359272,omid:br/06450250490,omid:br/06302359272,2001,P16Y,no,no
oci:06450250490-06190349106,omid:br/06450250490,omid:br/06190349106,2001,P5Y,no,no
oci:06104521436-06450251341,omid:br/06104521436,omid:br/06450251341,2008,P1Y,yes,no
oci:06104521436-06104521983,omid:br/06104521436,omid:br/06104521983,2008,P18Y,yes,no
oci:06104521436-06460246283,omid:br/06104521436,omid:br/06460246283,2008,P1Y,yes,no
oci:06420251671-06530258319,omid:br/06420251671,omid:br/06530258319,1997,P4Y,yes,no
oci:06510262519-0630462024,omid:br/06510262519,omid:br/0630462024,2003,P26Y,no,no
oci:06510262443-061404034284,omid:br/06510262443,omid:br/061404034284,2003,P44Y,no,no
oci:06510262443-06704540753,omid:br/06510262443,omid:br/06704540753,2003,P5Y,no,no
oci:06510262443-061504029325,omid:br/06510262443,omid:br/061504029325,2003,P39Y,no,no
oci:06510262443-06704540745,omid:br/06510262443,omid:br/06704540745,2003,P5Y,no,no
oci:06510262443-06360245984,omid:br/06510262443,omid:br/06360245984,2003,P5Y,yes,no
oci:06280265597-0690629056,omid:br/06280265597,omid:br/0690629056,2002,P48Y,no,no
oci:06280265597-061103758570,omid:br/06280265597,omid:br/061103758570,2002,P22Y,no,no
oci:06280265597-062103609163,omid:br/06280265597,omid:br/062103609163,2002,P23Y,no,no
oci:06104352679-062301607618,omid:br/06104352679,omid:br/062301607618,2012,P14Y,no,no
oci:06104352679-062201599875,omid:br/06104352679,omid:br/062201599875,2012,P26Y,no,no
oci:06104352679-061702096659,omid:br/06104352679,omid:br/061702096659,2012,P7Y,no,no
oci:06104352679-061702096467,omid:br/06104352679,omid:br/061702096467,2012,P3Y,no,no
oci:06104352679-061904058952,omid:br/06104352679,omid:br/061904058952,2012,P7Y,no,no
oci:06104352679-061103595094,omid:br/06104352679,omid:br/061103595094,2012,,no,no
oci:06104352679-062101229681,omid:br/06104352679,omid:br/062101229681,2012,P8Y,no,no
oci:06420251165-06510262581,omid:br/06420251165,omid:br/06510262581,2012,P1Y,yes,no
oci:06420251165-06330256452,omid:br/06420251165,omid:br/06330256452,2012,P1Y,yes,no
oci:06420251165-06180837033,omid:br/06420251165,omid:br/06180837033,2012,P2Y,no,no
oci:06420251165-06180837064,omid:br/06420251165,omid:br/06180837064,2012,P3Y,no,no
oci:06420251165-06303861611,omid:br/06420251165,omid:br/06303861611,2012,P6Y,no,no
oci:06420251165-06180836844,omid:br/06420251165,omid:br/06180836844,2012,P8Y,no,no
oci:06420251165-06180836591,omid:br/06420251165,omid:br/06180836591,2012,P1Y,no,no
oci:06420251165-06180836729,omid:br/06420251165,omid:br/06180836729,2012,P6Y,no,no
oci:06420251692-06502430207,omid:br/06420251692,omid:br/06502430207,1997,P26Y,no,no
oci:06420251692-06104570035,omid:br/06420251692,omid:br/06104570035,1997,P2Y,no,no
oci:06420251692-061703675229,omid:br/06420251692,omid:br/061703675229,1997,P4Y,no,no
oci:06420251692-061603671357,omid:br/06420251692,omid:br/061603671357,1997,P12Y,no,no
oci:06420251692-061603670901,omid:br/06420251692,omid:br/061603670901,1997,P6Y,no,no
oci:06420251692-0604170093,omid:br/06420251692,omid:br/0604170093,1997,P17Y,yes,no
oci:06420251444-061502254879,omid:br/06420251444,omid:br/061502254879,2003,P23Y,no,no
oci:06420251444-06430250021,omid:br/06420251444,omid:br/06430250021,2003,P7Y,yes,no
oci:06420251444-06290253675,omid:br/06420251444,omid:br/06290253675,2003,P2Y,yes,no
oci:06420251444-06470248440,omid:br/06420251444,omid:br/06470248440,2003,P5Y,yes,no
oci:06530258109-06204097139,omid:br/06530258109,omid:br/06204097139,1995,P24Y,no,no
oci:06530258109-061703645130,omid:br/06530258109,omid:br/061703645130,1995,P23Y,no,no
oci:06530258109-06203110407,omid:br/06530258109,omid:br/06203110407,1995,P14Y,no,no
oci:06530258109-06210863027,omid:br/06530258109,omid:br/06210863027,1995,P9Y,no,no
oci:06530258109-06180864559,omid:br/06530258109,omid:br/06180864559,1995,P6Y,no,no
oci:06530258109-061401358480,omid:br/06530258109,omid:br/061401358480,1995,P35Y,no,no
oci:06530258109-0650528163,omid:br/06530258109,omid:br/0650528163,1995,P3Y,no,no
oci:06530258109-062602718091,omid:br/06530258109,omid:br/062602718091,1995,P13Y,no,no
oci:06530258109-06220865176,omid:br/06530258109,omid:br/06220865176,1995,P6Y,no,no
oci:06510262008-061602186089,omid:br/06510262008,omid:br/061602186089,1995,P9Y,no,no
oci:06510262008-061703674986,omid:br/06510262008,omid:br/061703674986,1995,P14Y,no,no
oci:06510262008-06170546530,omid:br/06510262008,omid:br/06170546530,1995,P11Y,no,no
oci:06510262008-0634037232,omid:br/06510262008,omid:br/0634037232,1995,P19Y,no,no
oci:06510262008-061602186058,omid:br/06510262008,omid:br/061602186058,1995,P9Y,no,no
oci:06340256896-06180836844,omid:br/06340256896,omid:br/06180836844,2010,P6Y,no,no
oci:06340256896-06180836829,omid:br/06340256896,omid:br/06180836829,2010,P9Y,no,no
oci:06340256896-06180836945,omid:br/06340256896,omid:br/06180836945,2010,P4Y,no,no
oci:06340256896-06370260397,omid:br/06340256896,omid:br/06370260397,2010,P19Y,yes,no
oci:06340256896-06350251948,omid:br/06340256896,omid:br/06350251948,2010,P3Y,yes,no
oci:06280265602-06470247931,omid:br/06280265602,omid:br/06470247931,2002,P1Y,yes,no
oci:06280265602-06470247884,omid:br/06280265602,omid:br/06470247884,2002,P1Y,yes,no
oci:06280265602-06470247881,omid:br/06280265602,omid:br/06470247881,2002,P1Y,yes,no
oci:06330256568-06604572057,omid:br/06330256568,omid:br/06604572057,1996,P8Y,no,no
oci:06330256568-06470248287,omid:br/06330256568,omid:br/06470248287,1996,P9Y,yes,no
oci:06410253798-06530257519,omid:br/06410253798,omid:br/06530257519,2013,P2Y,yes,no
oci:06330256452-06180837064,omid:br/06330256452,omid:br/06180837064,2011,P2Y,no,no
oci:06330256452-06180836844,omid:br/06330256452,omid:br/06180836844,2011,P7Y,no,no
oci:06330256452-06180836729,omid:br/06330256452,omid:br/06180836729,2011,P5Y,no,no
oci:06390259037-062503573285,omid:br/06390259037,omid:br/062503573285,2004,,no,no
oci:06390259037-061303717937,omid:br/06390259037,omid:br/061303717937,2004,P8Y,no,no
oci:06380250370-061101202165,omid:br/06380250370,omid:br/061101202165,2013,P5Y,no,no
oci:06380250370-061301193642,omid:br/06380250370,omid:br/061301193642,2013,P5Y,no,no
oci:06380250370-061202161182,omid:br/06380250370,omid:br/061202161182,2013,P2Y,no,no
oci:06380250370-061202874289,omid:br/06380250370,omid:br/061202874289,2013,P2Y,no,no
oci:06320242360-06140947304,omid:br/06320242360,omid:br/06140947304,1996,P10Y,no,no
oci:06320242360-06210944580,omid:br/06320242360,omid:br/06210944580,1996,P10Y,no,no
oci:06320242360-062401172868,omid:br/06320242360,omid:br/062401172868,1996,P11Y,no,no
oci:06320242360-0670876914,omid:br/06320242360,omid:br/0670876914,1996,P8Y,no,no
oci:06320242360-06430250345,omid:br/06320242360,omid:br/06430250345,1996,P2Y,yes,no
oci:06320242360-0604635149,omid:br/06320242360,omid:br/0604635149,1996,P4Y,no,no
oci:06104521751-06220793443,omid:br/06104521751,omid:br/06220793443,2008,P5Y,no,no
oci:06390259081-061804167879,omid:br/06390259081,omid:br/061804167879,2004,P5Y,no,no
oci:06390259081-0650499966,omid:br/06390259081,omid:br/0650499966,2004,P18Y,no,no
oci:06390259081-06140353466,omid:br/06390259081,omid:br/06140353466,2004,P17Y,no,no
oci:06320242196-06160288231,omid:br/06320242196,omid:br/06160288231,1997,P4Y,no,no
oci:06320242196-06510261949,omid:br/06320242196,omid:br/06510261949,1997,P2Y,yes,no
oci:06440247241-061103785136,omid:br/06440247241,omid:br/061103785136,2000,P14Y,no,no
oci:06460246287-06602506013,omid:br/06460246287,omid:br/06602506013,2007,P18Y,no,no
oci:06460246287-06401588462,omid:br/06460246287,omid:br/06401588462,2007,P14Y,no,no
oci:06460246287-06240276619,omid:br/06460246287,omid:br/06240276619,2007,P8Y,no,no
oci:06460246287-061301002795,omid:br/06460246287,omid:br/061301002795,2007,P18Y,no,no
oci:06460246287-061103100321,omid:br/06460246287,omid:br/061103100321,2007,P4Y,no,no
oci:06460246287-06303301638,omid:br/06460246287,omid:br/06303301638,2007,P6Y,no,no
oci:06460246287-06230676057,omid:br/06460246287,omid:br/06230676057,2007,P7Y,no,no
oci:06460246287-062301784231,omid:br/06460246287,omid:br/062301784231,2007,P21Y,no,no
oci:06460246287-06102246273,omid:br/06460246287,omid:br/06102246273,2007,P18Y,no,no
oci:06460246287-06102247045,omid:br/06460246287,omid:br/06102247045,2007,P4Y,no,no
oci:06460246287-061801785748,omid:br/06460246287,omid:br/061801785748,2007,P18Y,no,no
oci:06460246287-06240660455,omid:br/06460246287,omid:br/06240660455,2007,P25Y,no,no
oci:06460246287-06230675835,omid:br/06460246287,omid:br/06230675835,2007,P32Y,no,no
oci:06460246287-06390259194,omid:br/06460246287,omid:br/06390259194,2007,P2Y,yes,no
oci:06460246287-06350252189,omid:br/06460246287,omid:br/06350252189,2007,P23Y,yes,no
oci:06460246287-062203584978,omid:br/06460246287,omid:br/062203584978,2007,P28Y,no,no
oci:06460246287-06230676328,omid:br/06460246287,omid:br/06230676328,2007,P23Y,no,no
oci:06460246287-06802849549,omid:br/06460246287,omid:br/06802849549,2007,P3Y,no,no
oci:06460246287-06390259062,omid:br/06460246287,omid:br/06390259062,2007,P3Y,yes,no
oci:06470248199-061301359189,omid:br/06470248199,omid:br/061301359189,2000,P26Y,no,no
oci:06470248199-06104521199,omid:br/06470248199,omid:br/06104521199,2000,P5Y,yes,no
oci:06470248199-06530258259,omid:br/06470248199,omid:br/06530258259,2000,P7Y,yes,no
oci:06370260535-0670230149,omid:br/06370260535,omid:br/0670230149,2002,P4Y,no,no
oci:06370260535-061502778687,omid:br/06370260535,omid:br/061502778687,2002,P11Y,no,no
oci:06370260535-061702232238,omid:br/06370260535,omid:br/061702232238,2002,P9Y,no,no
oci:062604105961-06510262581,omid:br/062604105961,omid:br/06510262581,2013,P2Y,yes,no
oci:062604105961-062201605825,omid:br/062604105961,omid:br/062201605825,2013,P3Y,no,no
oci:062604105961-06120801106,omid:br/062604105961,omid:br/06120801106,2013,P2Y,no,no
oci:062604105961-06180837033,omid:br/062604105961,omid:br/06180837033,2013,P3Y,no,no
oci:062604105961-06190842316,omid:br/062604105961,omid:br/06190842316,2013,P6Y,no,no
oci:06420251430-06410254612,omid:br/06420251430,omid:br/06410254612,2003,P13Y,yes,no
oci:06420251430-06360246435,omid:br/06420251430,omid:br/06360246435,2003,P0Y,yes,no
oci:06420251430-06280265602,omid:br/06420251430,omid:br/06280265602,2003,P1Y,yes,no
oci:06280265087-06470247957,omid:br/06280265087,omid:br/06470247957,2003,P2Y,yes,no
oci:06280265087-06470247907,omid:br/06280265087,omid:br/06470247907,2003,P2Y,yes,no
oci:06280265087-06470247915,omid:br/06280265087,omid:br/06470247915,2003,P2Y,yes,no
oci:06350251524-0640916881,omid:br/06350251524,omid:br/0640916881,1999,P2Y,no,no
oci:06380250511-06604571489,omid:br/06380250511,omid:br/06604571489,1999,P4Y,no,no
oci:06380250511-061703674757,omid:br/06380250511,omid:br/061703674757,1999,P15Y,no,no
oci:06380250511-0604449980,omid:br/06380250511,omid:br/0604449980,1999,P5Y,yes,no
oci:06360245947-061301573440,omid:br/06360245947,omid:br/061301573440,1998,P8Y,no,no
oci:06360245947-0610692070,omid:br/06360245947,omid:br/0610692070,1998,P24Y,no,no
oci:06360245947-061703674756,omid:br/06360245947,omid:br/061703674756,1998,P14Y,no,no
oci:06360245947-06230455460,omid:br/06360245947,omid:br/06230455460,1998,P6Y,no,no
oci:06360245947-062601502627,omid:br/06360245947,omid:br/062601502627,1998,P1Y,no,no
oci:06360245947-061702232445,omid:br/06360245947,omid:br/061702232445,1998,P10Y,no,no
oci:06360245947-061603584382,omid:br/06360245947,omid:br/061603584382,1998,P6Y,yes,no
oci:06360245947-061302221223,omid:br/06360245947,omid:br/061302221223,1998,P8Y,no,no
oci:06360245947-06430250044,omid:br/06360245947,omid:br/06430250044,1998,P2Y,yes,no
oci:06360245947-06430250014,omid:br/06360245947,omid:br/06430250014,1998,P2Y,yes,no
oci:06420251394-06220349209,omid:br/06420251394,omid:br/06220349209,2003,P7Y,no,no
oci:06420251394-06220482142,omid:br/06420251394,omid:br/06220482142,2003,P17Y,no,no
oci:06420251394-06250419324,omid:br/06420251394,omid:br/06250419324,2003,P5Y,no,no
oci:06420251394-06230491939,omid:br/06420251394,omid:br/06230491939,2003,P26Y,no,no
oci:06420251394-06104139357,omid:br/06420251394,omid:br/06104139357,2003,P11Y,no,no
oci:06420251394-061603509729,omid:br/06420251394,omid:br/061603509729,2003,P4Y,no,no
oci:06420251394-061203769548,omid:br/06420251394,omid:br/061203769548,2003,P4Y,no,no
oci:06420251394-06210763427,omid:br/06420251394,omid:br/06210763427,2003,P3Y,no,no
oci:06420251394-0632066635,omid:br/06420251394,omid:br/0632066635,2003,P4Y,no,no
oci:06420251394-063905305,omid:br/06420251394,omid:br/063905305,2003,P12Y,no,no
oci:06420251394-06250419561,omid:br/06420251394,omid:br/06250419561,2003,P5Y,no,no
oci:06420251394-0631049227,omid:br/06420251394,omid:br/0631049227,2003,P9Y,no,no
oci:06420251394-06401216202,omid:br/06420251394,omid:br/06401216202,2003,P12Y,no,no
oci:06420251394-06140351395,omid:br/06420251394,omid:br/06140351395,2003,P7Y,no,no
oci:06420251394-06102238504,omid:br/06420251394,omid:br/06102238504,2003,P1Y,no,no
oci:06530257498-062603084437,omid:br/06530257498,omid:br/062603084437,2011,P22Y,no,no
oci:06430250009-06160918457,omid:br/06430250009,omid:br/06160918457,1996,P11Y,no,no
oci:06320242825-062401109470,omid:br/06320242825,omid:br/062401109470,2006,P19Y,no,no
oci:06320242825-06702291082,omid:br/06320242825,omid:br/06702291082,2006,P3Y,no,no
oci:06320242825-0690273534,omid:br/06320242825,omid:br/0690273534,2006,P9Y,no,no
oci:06320242825-06170873986,omid:br/06320242825,omid:br/06170873986,2006,P19Y,no,no
oci:06320242825-061803664692,omid:br/06320242825,omid:br/061803664692,2006,P8Y,no,no
oci:06320242825-061803665124,omid:br/06320242825,omid:br/061803665124,2006,P4Y,no,no
oci:06390259294-06510312084,omid:br/06390259294,omid:br/06510312084,2000,P3Y,no,no
oci:06350251367-06240269182,omid:br/06350251367,omid:br/06240269182,2011,P1Y,no,no
oci:06350251367-061703675179,omid:br/06350251367,omid:br/061703675179,2011,P17Y,no,no
oci:06350251367-061703675181,omid:br/06350251367,omid:br/061703675181,2011,P17Y,no,no
oci:06350251367-062501866286,omid:br/06350251367,omid:br/062501866286,2011,P8Y,no,no
oci:06290253932-062501476637,omid:br/06290253932,omid:br/062501476637,2010,P1Y,no,no
oci:06290253932-06801063228,omid:br/06290253932,omid:br/06801063228,2010,P3Y,no,no
oci:06290253932-062501476689,omid:br/06290253932,omid:br/062501476689,2010,P2Y,no,no
oci:06440247073-06430250071,omid:br/06440247073,omid:br/06430250071,1997,P1Y,yes,no
oci:06360245875-06530258345,omid:br/06360245875,omid:br/06530258345,1995,P2Y,yes,no
oci:06290253901-061501674578,omid:br/06290253901,omid:br/061501674578,2010,P7Y,no,no
oci:06290253901-061601680600,omid:br/06290253901,omid:br/061601680600,2010,P11Y,no,no
oci:06290253901-06130261535,omid:br/06290253901,omid:br/06130261535,2010,P9Y,no,no
oci:06290253901-061501674096,omid:br/06290253901,omid:br/061501674096,2010,P4Y,no,no
oci:06104521412-062604101840,omid:br/06104521412,omid:br/062604101840,2008,P3Y,no,no
oci:06530257991-062201194579,omid:br/06530257991,omid:br/062201194579,2003,P11Y,no,no
oci:06530257991-0634037429,omid:br/06530257991,omid:br/0634037429,2003,P21Y,no,no
oci:06530257991-062504086372,omid:br/06530257991,omid:br/062504086372,2003,P10Y,yes,no
oci:06530257991-06104522116,omid:br/06530257991,omid:br/06104522116,2003,P13Y,yes,no
oci:06330256611-061203720394,omid:br/06330256611,omid:br/061203720394,2006,P7Y,no,no
oci:06330256611-061201313307,omid:br/06330256611,omid:br/061201313307,2006,P11Y,no,no
oci:06330256611-06390259223,omid:br/06330256611,omid:br/06390259223,2006,P1Y,yes,no
oci:06370260558-06903665710,omid:br/06370260558,omid:br/06903665710,2002,P22Y,no,no
oci:06370260558-062603790080,omid:br/06370260558,omid:br/062603790080,2002,P3Y,no,no
oci:06390259199-061502236836,omid:br/06390259199,omid:br/061502236836,2006,P1Y,no,no
oci:06390259199-061803664761,omid:br/06390259199,omid:br/061803664761,2006,P7Y,no,no
oci:06390259199-06203989131,omid:br/06390259199,omid:br/06203989131,2006,,no,no
oci:06390259199-06501512157,omid:br/06390259199,omid:br/06501512157,2006,P3Y,no,no
oci:06390259199-06110733670,omid:br/06390259199,omid:br/06110733670,2006,P5Y,no,no
oci:06390259199-06120787263,omid:br/06390259199,omid:br/06120787263,2006,P3Y,no,no
oci:06390259199-06901686193,omid:br/06390259199,omid:br/06901686193,2006,P4Y,no,no
oci:06390259199-06240326165,omid:br/06390259199,omid:br/06240326165,2006,P5Y,no,no
oci:06390259199-06501512568,omid:br/06390259199,omid:br/06501512568,2006,P10Y,no,no
oci:06390259199-06501512408,omid:br/06390259199,omid:br/06501512408,2006,P5Y,no,no
oci:06390259199-06603295094,omid:br/06390259199,omid:br/06603295094,2006,P9Y,no,no
oci:0604083751-06250549801,omid:br/0604083751,omid:br/06250549801,1998,P29Y,no,no
oci:06420251721-061602185949,omid:br/06420251721,omid:br/061602185949,1997,P5Y,no,no
oci:06420251721-062202404650,omid:br/06420251721,omid:br/062202404650,1997,P2Y,no,no
oci:06310247237-061103137749,omid:br/06310247237,omid:br/061103137749,2009,P5Y,no,no
oci:06310247237-061703512069,omid:br/06310247237,omid:br/061703512069,2009,P12Y,no,no
oci:06470247857-06302268468,omid:br/06470247857,omid:br/06302268468,2002,P17Y,no,no
oci:06470247857-061703675179,omid:br/06470247857,omid:br/061703675179,2002,P8Y,no,no
oci:06470247857-06160918435,omid:br/06470247857,omid:br/06160918435,2002,P12Y,no,no
oci:06470247857-061401954016,omid:br/06470247857,omid:br/061401954016,2002,P3Y,no,no
oci:06470247857-06410254197,omid:br/06470247857,omid:br/06410254197,2002,P4Y,yes,no
oci:06410254402-06180836945,omid:br/06410254402,omid:br/06180836945,2010,P4Y,no,no
oci:06410254402-062101605184,omid:br/06410254402,omid:br/062101605184,2010,P5Y,no,no
oci:06410254402-06190842316,omid:br/06410254402,omid:br/06190842316,2010,P3Y,no,no
oci:06410254402-06360274011,omid:br/06410254402,omid:br/06360274011,2010,P4Y,no,no
oci:06410254402-06180836691,omid:br/06410254402,omid:br/06180836691,2010,P9Y,no,no
oci:06410254402-06180836829,omid:br/06410254402,omid:br/06180836829,2010,P9Y,no,no
oci:06290253483-06470248175,omid:br/06290253483,omid:br/06470248175,2001,P1Y,yes,no
oci:06104521465-0610275970,omid:br/06104521465,omid:br/0610275970,2008,P2Y,no,no
oci:06104521465-062601503107,omid:br/06104521465,omid:br/062601503107,2008,P4Y,no,no
oci:06104521465-06390258800,omid:br/06104521465,omid:br/06390258800,2008,P3Y,yes,no
oci:06330256616-06520250166,omid:br/06330256616,omid:br/06520250166,2006,P1Y,yes,no
oci:06330256616-06360246232,omid:br/06330256616,omid:br/06360246232,2006,P1Y,yes,no
oci:06330256616-06290254229,omid:br/06330256616,omid:br/06290254229,2006,P1Y,yes,no
oci:06330256616-06410225426,omid:br/06330256616,omid:br/06410225426,2006,P13Y,no,no
oci:06330256616-06490249213,omid:br/06330256616,omid:br/06490249213,2006,P7Y,yes,no
oci:06330257110-06450250607,omid:br/06330257110,omid:br/06450250607,2012,P13Y,yes,no
oci:06330257110-06370261029,omid:br/06330257110,omid:br/06370261029,2012,P20Y,yes,no
oci:06330257110-061601629570,omid:br/06330257110,omid:br/061601629570,2012,P11Y,no,no
oci:062604105920-06180594528,omid:br/062604105920,omid:br/06180594528,2013,P3Y,no,no
oci:062604105920-06310247761,omid:br/062604105920,omid:br/06310247761,2013,P13Y,yes,no
oci:062604105920-062503951893,omid:br/062604105920,omid:br/062503951893,2013,P10Y,no,no
oci:062604105920-061804122749,omid:br/062604105920,omid:br/061804122749,2013,P8Y,no,no
oci:06280265051-0651038922,omid:br/06280265051,omid:br/0651038922,2003,P7Y,no,no
oci:06280265051-0650953887,omid:br/06280265051,omid:br/0650953887,2003,P6Y,no,no
oci:06280265051-062203613094,omid:br/06280265051,omid:br/062203613094,2003,P4Y,no,no
oci:06280265051-06103011166,omid:br/06280265051,omid:br/06103011166,2003,P4Y,no,no
oci:06280265051-0651038820,omid:br/06280265051,omid:br/0651038820,2003,P7Y,no,no
oci:06280265051-062101470979,omid:br/06280265051,omid:br/062101470979,2003,P5Y,no,no
oci:06280265051-0653038439,omid:br/06280265051,omid:br/0653038439,2003,P3Y,no,no
oci:06280265051-06380250492,omid:br/06280265051,omid:br/06380250492,2003,P4Y,yes,no
oci:06280265051-06380250478,omid:br/06280265051,omid:br/06380250478,2003,P4Y,yes,no
oci:06510262052-06803990945,omid:br/06510262052,omid:br/06803990945,2001,,no,no
oci:06510262052-062603155592,omid:br/06510262052,omid:br/062603155592,2001,P7Y,no,no
oci:06510262052-061603671375,omid:br/06510262052,omid:br/061603671375,2001,P16Y,no,no
oci:06510262052-06402283543,omid:br/06510262052,omid:br/06402283543,2001,P13Y,no,no
oci:06510262052-06450250676,omid:br/06510262052,omid:br/06450250676,2001,P2Y,yes,no
oci:06510262052-06420250868,omid:br/06510262052,omid:br/06420250868,2001,P1Y,yes,no
oci:06310247393-06160844299,omid:br/06310247393,omid:br/06160844299,2013,P10Y,no,no
oci:06310247393-0620263165,omid:br/06310247393,omid:br/0620263165,2013,P9Y,no,no
oci:06310247393-06190843806,omid:br/06310247393,omid:br/06190843806,2013,P7Y,no,no
oci:06310247393-0620981323,omid:br/06310247393,omid:br/0620981323,2013,P7Y,no,no
oci:06310247393-0631027446,omid:br/06310247393,omid:br/0631027446,2013,P28Y,no,no
oci:06310247393-06401364308,omid:br/06310247393,omid:br/06401364308,2013,P2Y,no,no
oci:06310247393-06301355411,omid:br/06310247393,omid:br/06301355411,2013,P0Y,no,no
oci:06330256563-061703674620,omid:br/06330256563,omid:br/061703674620,1996,P27Y,no,no
oci:06330256563-06290354763,omid:br/06330256563,omid:br/06290354763,1996,P32Y,no,no
oci:06330256563-0653035375,omid:br/06330256563,omid:br/0653035375,1996,P8Y,no,no
oci:0604222911-0604705496,omid:br/0604222911,omid:br/0604705496,2013,P2Y,no,no
oci:06330257096-06230967516,omid:br/06330257096,omid:br/06230967516,2012,P7Y,no,no
oci:06330257096-06490249213,omid:br/06330257096,omid:br/06490249213,2012,P13Y,yes,no
oci:06330257096-06330256616,omid:br/06330257096,omid:br/06330256616,2012,P6Y,yes,no
oci:06330257096-06190841883,omid:br/06330257096,omid:br/06190841883,2012,P4Y,no,no
oci:06450250648-06601585894,omid:br/06450250648,omid:br/06601585894,1999,P19Y,no,no
oci:06450250648-06401593552,omid:br/06450250648,omid:br/06401593552,1999,P15Y,no,no
oci:061403816999-0604449995,omid:br/061403816999,omid:br/0604449995,1996,P2Y,yes,no
oci:06470247958-06110952584,omid:br/06470247958,omid:br/06110952584,2001,P3Y,no,no
oci:06470247958-061403743138,omid:br/06470247958,omid:br/061403743138,2001,P2Y,no,no
oci:06430249695-06230425981,omid:br/06430249695,omid:br/06230425981,2012,P17Y,no,no
oci:06430249695-06602577441,omid:br/06430249695,omid:br/06602577441,2012,P7Y,no,no
oci:06510262207-061504029203,omid:br/06510262207,omid:br/061504029203,2001,P28Y,no,no
oci:06510262207-061904126658,omid:br/06510262207,omid:br/061904126658,2001,P9Y,no,no
oci:06510262207-06604571495,omid:br/06510262207,omid:br/06604571495,2001,P6Y,no,no
oci:06510262207-06480249503,omid:br/06510262207,omid:br/06480249503,2001,P9Y,yes,no
oci:06510262207-06380249926,omid:br/06510262207,omid:br/06380249926,2001,P11Y,yes,no
oci:06470247879-06490249213,omid:br/06470247879,omid:br/06490249213,2001,P2Y,yes,no
oci:06280265469-061504028948,omid:br/06280265469,omid:br/061504028948,1999,P3Y,no,no
oci:06280265469-0648039989,omid:br/06280265469,omid:br/0648039989,1999,P7Y,no,no
oci:06280265469-06260985945,omid:br/06280265469,omid:br/06260985945,1999,P7Y,no,no
oci:06280265469-06170964102,omid:br/06280265469,omid:br/06170964102,1999,P10Y,no,no
oci:06280265469-0610986004,omid:br/06280265469,omid:br/0610986004,1999,P4Y,no,no
oci:06280265469-06410254620,omid:br/06280265469,omid:br/06410254620,1999,P9Y,yes,no
oci:06280265469-06470247758,omid:br/06280265469,omid:br/06470247758,1999,P7Y,yes,no
oci:06280265469-06440247069,omid:br/06280265469,omid:br/06440247069,1999,P3Y,yes,no
oci:06280265469-06410254633,omid:br/06280265469,omid:br/06410254633,1999,P9Y,yes,no
oci:06280265469-06410254629,omid:br/06280265469,omid:br/06410254629,1999,P9Y,yes,no
oci:06440247069-061504028948,omid:br/06440247069,omid:br/061504028948,1996,P0Y,no,no
oci:06280265035-06701047283,omid:br/06280265035,omid:br/06701047283,2003,P2Y,no,no
oci:06280265035-06501063863,omid:br/06280265035,omid:br/06501063863,2003,P5Y,no,no
oci:06280265035-06701046954,omid:br/06280265035,omid:br/06701046954,2003,P8Y,no,no
oci:06280265035-06110497598,omid:br/06280265035,omid:br/06110497598,2003,P8Y,no,no
oci:06280265035-06240543279,omid:br/06280265035,omid:br/06240543279,2003,P13Y,no,no
oci:06280265035-06103449221,omid:br/06280265035,omid:br/06103449221,2003,P5Y,no,no
oci:06280265035-06801062941,omid:br/06280265035,omid:br/06801062941,2003,P3Y,no,no
oci:06430249757-061401563622,omid:br/06430249757,omid:br/061401563622,2012,P7Y,no,no
oci:06430249757-06201817225,omid:br/06430249757,omid:br/06201817225,2012,P12Y,no,no
oci:06450250675-06320316250,omid:br/06450250675,omid:br/06320316250,1999,P3Y,no,no
oci:06450250675-062104052927,omid:br/06450250675,omid:br/062104052927,1999,P1Y,no,no
oci:06450250675-061801395582,omid:br/06450250675,omid:br/061801395582,1999,P3Y,no,no
oci:0604638771-061203721314,omid:br/0604638771,omid:br/061203721314,2002,P2Y,no,no
oci:0604638771-062202032564,omid:br/0604638771,omid:br/062202032564,2002,P2Y,no,no
oci:0604638771-06704540747,omid:br/0604638771,omid:br/06704540747,2002,P4Y,no,no
oci:0604638771-06140863818,omid:br/0604638771,omid:br/06140863818,2002,P9Y,no,no
oci:0604638771-06160918457,omid:br/0604638771,omid:br/06160918457,2002,P17Y,no,no
oci:06530258105-0604072966,omid:br/06530258105,omid:br/0604072966,1995,P25Y,no,no
oci:06530258105-06204455513,omid:br/06530258105,omid:br/06204455513,1995,,no,no
oci:06104521772-06604571719,omid:br/06104521772,omid:br/06604571719,2008,P1Y,no,no
oci:06520249862-0604831535,omid:br/06520249862,omid:br/0604831535,1997,P7Y,no,no
oci:06520249862-0604449970,omid:br/06520249862,omid:br/0604449970,1997,P3Y,yes,no
oci:06104521211-06120965656,omid:br/06104521211,omid:br/06120965656,1995,P2Y,no,no
oci:06104521211-06220973947,omid:br/06104521211,omid:br/06220973947,1995,P2Y,no,no
oci:06104521211-06220973945,omid:br/06104521211,omid:br/06220973945,1995,P2Y,no,no
oci:06104521211-06240955151,omid:br/06104521211,omid:br/06240955151,1995,P2Y,no,no
oci:06360246070-06704114084,omid:br/06360246070,omid:br/06704114084,2003,P14Y,no,no
oci:0604518843-061301574663,omid:br/0604518843,omid:br/061301574663,2009,P3Y,no,no
oci:0604518843-061901582583,omid:br/0604518843,omid:br/061901582583,2009,P5Y,no,no
oci:0604518843-061901581957,omid:br/0604518843,omid:br/061901581957,2009,P8Y,no,no
oci:0604518843-062203642503,omid:br/0604518843,omid:br/062203642503,2009,P18Y,no,no
oci:0604518843-061401563569,omid:br/0604518843,omid:br/061401563569,2009,P11Y,no,no
oci:0604518843-061601584152,omid:br/0604518843,omid:br/061601584152,2009,P8Y,no,no
oci:0604518843-06230945491,omid:br/0604518843,omid:br/06230945491,2009,P5Y,no,no
oci:0604518843-06101585586,omid:br/0604518843,omid:br/06101585586,2009,P1Y,no,no
oci:0604518843-061501580350,omid:br/0604518843,omid:br/061501580350,2009,P6Y,no,no
oci:0604518843-061401563622,omid:br/0604518843,omid:br/061401563622,2009,P4Y,no,no
oci:06420251181-06150485397,omid:br/06420251181,omid:br/06150485397,2012,P3Y,no,no
oci:06420251181-06160354348,omid:br/06420251181,omid:br/06160354348,2012,P16Y,no,no
oci:06420251181-06602223697,omid:br/06420251181,omid:br/06602223697,2012,P8Y,no,no
oci:06420251181-06150489402,omid:br/06420251181,omid:br/06150489402,2012,P9Y,no,no
oci:06290253721-0651048893,omid:br/06290253721,omid:br/0651048893,2011,P2Y,no,no
oci:06310247779-061801466579,omid:br/06310247779,omid:br/061801466579,2000,P3Y,no,no
oci:06310247779-06130956281,omid:br/06310247779,omid:br/06130956281,2000,P3Y,no,no
oci:06310247779-06180953456,omid:br/06310247779,omid:br/06180953456,2000,P6Y,no,no
oci:06310247779-06250803569,omid:br/06310247779,omid:br/06250803569,2000,P13Y,no,no
oci:06310247779-06102798266,omid:br/06310247779,omid:br/06102798266,2000,P2Y,no,no
oci:06310247779-06130956593,omid:br/06310247779,omid:br/06130956593,2000,P1Y,no,no
oci:06310247779-06160872390,omid:br/06310247779,omid:br/06160872390,2000,P3Y,no,no
oci:06310247779-06102440767,omid:br/06310247779,omid:br/06102440767,2000,P2Y,no,no
oci:06310247779-061102667554,omid:br/06310247779,omid:br/061102667554,2000,P13Y,no,no
oci:06310247779-06210953309,omid:br/06310247779,omid:br/06210953309,2000,P7Y,no,no
oci:06470247797-06904174186,omid:br/06470247797,omid:br/06904174186,2002,P33Y,no,no
oci:06470247797-061804122651,omid:br/06470247797,omid:br/061804122651,2002,P34Y,no,no
oci:06510261804-0604831534,omid:br/06510261804,omid:br/0604831534,1996,P0Y,no,no
oci:062604105919-06401034410,omid:br/062604105919,omid:br/06401034410,2013,P9Y,no,no
oci:062604105919-06203920514,omid:br/062604105919,omid:br/06203920514,2013,P11Y,no,no
oci:062604105919-06401034188,omid:br/062604105919,omid:br/06401034188,2013,P7Y,no,no
oci:062604105919-06901260820,omid:br/062604105919,omid:br/06901260820,2013,P4Y,no,no
oci:062604105919-06203920399,omid:br/062604105919,omid:br/06203920399,2013,P13Y,no,no
oci:062604105919-06110713699,omid:br/062604105919,omid:br/06110713699,2013,P8Y,no,no
oci:062604105919-06104112284,omid:br/062604105919,omid:br/06104112284,2013,P21Y,no,no
oci:062604105919-06301030906,omid:br/062604105919,omid:br/06301030906,2013,P1Y,no,no
oci:06360245946-06350251990,omid:br/06360245946,omid:br/06350251990,1998,P21Y,yes,no
oci:06290254187-06520250166,omid:br/06290254187,omid:br/06520250166,2005,P0Y,yes,no
oci:06290254187-0690919135,omid:br/06290254187,omid:br/0690919135,2005,P3Y,no,no
oci:06290254187-061103708193,omid:br/06290254187,omid:br/061103708193,2005,P5Y,no,no
oci:06290254187-06240582302,omid:br/06290254187,omid:br/06240582302,2005,P6Y,no,no
oci:06290254187-062601633099,omid:br/06290254187,omid:br/062601633099,2005,P22Y,no,no
oci:06290254187-061101211775,omid:br/06290254187,omid:br/061101211775,2005,P4Y,no,no
oci:06290254187-06903739548,omid:br/06290254187,omid:br/06903739548,2005,P8Y,no,no
oci:06290254187-062501190732,omid:br/06290254187,omid:br/062501190732,2005,P8Y,no,no
oci:06290254187-06404009312,omid:br/06290254187,omid:br/06404009312,2005,,no,no
oci:06290254187-0680738593,omid:br/06290254187,omid:br/0680738593,2005,P1Y,no,no
oci:06290254187-06490249213,omid:br/06290254187,omid:br/06490249213,2005,P6Y,yes,no
oci:06290254187-06390259044,omid:br/06290254187,omid:br/06390259044,2005,P1Y,yes,no
oci:0604518835-06704541123,omid:br/0604518835,omid:br/06704541123,2009,P2Y,no,no
oci:06390259025-06130919033,omid:br/06390259025,omid:br/06130919033,2004,P2Y,no,no
oci:06390259025-06102852223,omid:br/06390259025,omid:br/06102852223,2004,P2Y,no,no
oci:06310247194-06420233347,omid:br/06310247194,omid:br/06420233347,2009,P13Y,no,no
oci:06310247194-06440247305,omid:br/06310247194,omid:br/06440247305,2009,P9Y,yes,no
oci:06104521265-06203457788,omid:br/06104521265,omid:br/06203457788,1995,P2Y,no,no
oci:06450250642-061803585693,omid:br/06450250642,omid:br/061803585693,1999,P2Y,no,no
oci:06450250642-06320242345,omid:br/06450250642,omid:br/06320242345,1999,P3Y,yes,no
oci:062504086240-06440247040,omid:br/062504086240,omid:br/06440247040,1998,P2Y,yes,no
oci:06104521196-06260301978,omid:br/06104521196,omid:br/06260301978,1995,P4Y,no,no
oci:06104521196-0604449970,omid:br/06104521196,omid:br/0604449970,1995,P1Y,yes,no
oci:06104521196-062504086454,omid:br/06104521196,omid:br/062504086454,1995,P2Y,yes,no
oci:06420251193-06330256586,omid:br/06420251193,omid:br/06330256586,2012,P6Y,yes,no
oci:06420251193-06104521486,omid:br/06420251193,omid:br/06104521486,2012,P4Y,yes,no
oci:06530257533-0670357313,omid:br/06530257533,omid:br/0670357313,2011,P16Y,no,no
oci:06530257533-06140351406,omid:br/06530257533,omid:br/06140351406,2011,P17Y,no,no
oci:06530257533-062603607216,omid:br/06530257533,omid:br/062603607216,2011,,no,no
oci:06530257533-06130482733,omid:br/06530257533,omid:br/06130482733,2011,P7Y,no,no
oci:06104522054-06320242739,omid:br/06104522054,omid:br/06320242739,2008,P2Y,yes,no
oci:06510262159-061701131505,omid:br/06510262159,omid:br/061701131505,2001,P5Y,no,no
oci:06510262159-061601133860,omid:br/06510262159,omid:br/061601133860,2001,P6Y,no,no
oci:06510262159-0640822292,omid:br/06510262159,omid:br/0640822292,2001,P5Y,no,no
oci:06510262159-061801121898,omid:br/06510262159,omid:br/061801121898,2001,P3Y,no,no
oci:06510262159-06901143300,omid:br/06510262159,omid:br/06901143300,2001,P6Y,no,no
oci:06510262159-061401118097,omid:br/06510262159,omid:br/061401118097,2001,P7Y,no,no
oci:06510262159-061301127415,omid:br/06510262159,omid:br/061301127415,2001,P6Y,no,no
oci:06510262159-06604141344,omid:br/06510262159,omid:br/06604141344,2001,P4Y,no,no
oci:06510262159-061301127259,omid:br/06510262159,omid:br/061301127259,2001,P2Y,no,no
oci:06510262159-062203562432,omid:br/06510262159,omid:br/062203562432,2001,,no,no
oci:06510262159-06160266326,omid:br/06510262159,omid:br/06160266326,2001,P8Y,no,no
oci:06510262159-0670823305,omid:br/06510262159,omid:br/0670823305,2001,P8Y,no,no
oci:06510262159-06102441216,omid:br/06510262159,omid:br/06102441216,2001,P5Y,no,no
oci:06510262159-061602805129,omid:br/06510262159,omid:br/061602805129,2001,P14Y,no,no
oci:06510262159-061103707324,omid:br/06510262159,omid:br/061103707324,2001,P4Y,no,no
oci:06510262159-06604141555,omid:br/06510262159,omid:br/06604141555,2001,P4Y,no,no
oci:06510262159-06230270838,omid:br/06510262159,omid:br/06230270838,2001,P13Y,no,no
oci:06440247064-06430250005,omid:br/06440247064,omid:br/06430250005,1996,P0Y,yes,no
oci:06320242157-061304017373,omid:br/06320242157,omid:br/061304017373,1997,P4Y,no,no
oci:06320242157-0652050582,omid:br/06320242157,omid:br/0652050582,1997,P25Y,no,no
oci:06320242157-0604170142,omid:br/06320242157,omid:br/0604170142,1997,P17Y,yes,no
oci:06320242157-06480249506,omid:br/06320242157,omid:br/06480249506,1997,P5Y,yes,no
oci:06320242157-0604399104,omid:br/06320242157,omid:br/0604399104,1997,P8Y,yes,no
oci:06440247084-061104176709,omid:br/06440247084,omid:br/061104176709,1996,P2Y,no,no
oci:06440247084-061102667535,omid:br/06440247084,omid:br/061102667535,1996,P7Y,no,no
oci:06410254228-061304017403,omid:br/06410254228,omid:br/061304017403,1998,P5Y,no,no
oci:06410254228-06704540835,omid:br/06410254228,omid:br/06704540835,1998,P4Y,no,no
oci:06410254228-061201782745,omid:br/06410254228,omid:br/061201782745,1998,P9Y,no,no
oci:06410254228-06180953985,omid:br/06410254228,omid:br/06180953985,1998,P5Y,no,no
oci:06410254228-06230766319,omid:br/06410254228,omid:br/06230766319,1998,P6Y,no,no
oci:06410254228-061803053500,omid:br/06410254228,omid:br/061803053500,1998,P4Y,no,no
oci:0604035173-06140811350,omid:br/0604035173,omid:br/06140811350,2009,P3Y,no,no
oci:0604035173-06440298098,omid:br/0604035173,omid:br/06440298098,2009,P3Y,no,no
oci:062504086360-061902883776,omid:br/062504086360,omid:br/061902883776,2009,P8Y,no,no
oci:062504086360-06330256351,omid:br/062504086360,omid:br/06330256351,2009,P9Y,yes,no
oci:062504086360-06420251264,omid:br/062504086360,omid:br/06420251264,2009,P27Y,yes,no
oci:06470247858-061603670901,omid:br/06470247858,omid:br/061603670901,2002,P11Y,no,no
oci:06470247858-062202404601,omid:br/06470247858,omid:br/062202404601,2002,P8Y,no,no
oci:06310247950-0604831517,omid:br/06310247950,omid:br/0604831517,2012,P11Y,no,no
oci:06360246055-06704540812,omid:br/06360246055,omid:br/06704540812,2003,P10Y,no,no
oci:06390259411-061301574670,omid:br/06390259411,omid:br/061301574670,2010,P4Y,no,no
oci:06390259411-06110952584,omid:br/06390259411,omid:br/06110952584,2010,P12Y,no,no
oci:06390259411-06230945483,omid:br/06390259411,omid:br/06230945483,2010,P6Y,no,no
oci:06390259411-061401563616,omid:br/06390259411,omid:br/061401563616,2010,P5Y,no,no
oci:06390259411-061901582032,omid:br/06390259411,omid:br/061901582032,2010,P8Y,no,no
oci:06390259411-061401563391,omid:br/06390259411,omid:br/061401563391,2010,P13Y,no,no
oci:06390259411-061501580137,omid:br/06390259411,omid:br/061501580137,2010,P10Y,no,no
oci:06390259411-061301573639,omid:br/06390259411,omid:br/061301573639,2010,P20Y,no,no
oci:06390259411-061301574657,omid:br/06390259411,omid:br/061301574657,2010,P4Y,no,no
oci:06390259411-0650827095,omid:br/06390259411,omid:br/0650827095,2010,P14Y,no,no
oci:06390259411-06501596979,omid:br/06390259411,omid:br/06501596979,2010,P1Y,no,no
oci:06390259411-061801575694,omid:br/06390259411,omid:br/061801575694,2010,P8Y,no,no
oci:06390259411-06501596463,omid:br/06390259411,omid:br/06501596463,2010,P0Y,no,no
oci:06390259411-06901599070,omid:br/06390259411,omid:br/06901599070,2010,P3Y,no,no
oci:06390259411-06120942911,omid:br/06390259411,omid:br/06120942911,2010,P2Y,no,no
oci:06390259411-06501596836,omid:br/06390259411,omid:br/06501596836,2010,P1Y,no,no
oci:06390259411-06901261397,omid:br/06390259411,omid:br/06901261397,2010,P23Y,no,no
oci:06390259411-061901894034,omid:br/06390259411,omid:br/061901894034,2010,P17Y,no,no
oci:06390259411-061803060786,omid:br/06390259411,omid:br/061803060786,2010,P11Y,no,no
oci:06390259411-061701670338,omid:br/06390259411,omid:br/061701670338,2010,P6Y,no,no
oci:06290253644-06530258271,omid:br/06290253644,omid:br/06530258271,2001,P8Y,yes,no
oci:06330256786-06170873986,omid:br/06330256786,omid:br/06170873986,2005,P18Y,no,no
oci:06330256786-062201232826,omid:br/06330256786,omid:br/062201232826,2005,P3Y,no,no
oci:06330256786-0650924397,omid:br/06330256786,omid:br/0650924397,2005,P4Y,no,no
oci:06330256786-061304017001,omid:br/06330256786,omid:br/061304017001,2005,P4Y,no,no
oci:06330256786-06120771413,omid:br/06330256786,omid:br/06120771413,2005,P2Y,no,no
oci:06330256786-06280265214,omid:br/06330256786,omid:br/06280265214,2005,P19Y,yes,no
oci:06340256856-061703777984,omid:br/06340256856,omid:br/061703777984,2010,P11Y,no,no
oci:06390259290-06440226477,omid:br/06390259290,omid:br/06440226477,2000,P8Y,no,no
oci:06390259290-06530258320,omid:br/06390259290,omid:br/06530258320,2000,P7Y,yes,no
oci:06310247226-062601503228,omid:br/06310247226,omid:br/062601503228,2009,P5Y,no,no
oci:06310247226-06801063228,omid:br/06310247226,omid:br/06801063228,2009,P2Y,no,no
oci:06310247226-062601503029,omid:br/06310247226,omid:br/062601503029,2009,P3Y,no,no
oci:06310247226-06801063214,omid:br/06310247226,omid:br/06801063214,2009,P1Y,no,no
oci:06310247825-06180864738,omid:br/06310247825,omid:br/06180864738,2000,P14Y,no,no
oci:06310247825-06430250009,omid:br/06310247825,omid:br/06430250009,2000,P4Y,yes,no
oci:06350251957-06110952584,omid:br/06350251957,omid:br/06110952584,2007,P9Y,no,no
oci:06350251957-06230945483,omid:br/06350251957,omid:br/06230945483,2007,P3Y,no,no
oci:06350251957-061701564927,omid:br/06350251957,omid:br/061701564927,2007,P18Y,no,no
oci:06350251957-061401562614,omid:br/06350251957,omid:br/061401562614,2007,P19Y,no,no
oci:06350251957-061501578679,omid:br/06350251957,omid:br/061501578679,2007,P13Y,no,no
oci:06350251957-061401563154,omid:br/06350251957,omid:br/061401563154,2007,P1Y,no,no
oci:06350251957-06230945472,omid:br/06350251957,omid:br/06230945472,2007,P3Y,no,no
oci:06350251957-0690937097,omid:br/06350251957,omid:br/0690937097,2007,P3Y,no,no
oci:06350251957-061901582754,omid:br/06350251957,omid:br/061901582754,2007,P3Y,no,no
oci:06350251957-06403905081,omid:br/06350251957,omid:br/06403905081,2007,P6Y,no,no
oci:06350251957-061901581963,omid:br/06350251957,omid:br/061901581963,2007,P5Y,no,no
oci:06350251957-06120327836,omid:br/06350251957,omid:br/06120327836,2007,P8Y,no,no
oci:06350251957-0610692194,omid:br/06350251957,omid:br/0610692194,2007,P24Y,no,no
oci:06350251957-06702292039,omid:br/06350251957,omid:br/06702292039,2007,P4Y,no,no
oci:06350251957-0690937477,omid:br/06350251957,omid:br/0690937477,2007,P6Y,no,no
oci:06350251957-06280265528,omid:br/06350251957,omid:br/06280265528,2007,P5Y,yes,no
oci:06430250014-061701373317,omid:br/06430250014,omid:br/061701373317,1996,P7Y,no,no
oci:06430250014-06190550063,omid:br/06430250014,omid:br/06190550063,1996,P9Y,no,no
oci:06430250014-0634037232,omid:br/06430250014,omid:br/0634037232,1996,P20Y,no,no
oci:06430250014-06130103698,omid:br/06430250014,omid:br/06130103698,1996,P5Y,no,no
oci:06430250014-06420251589,omid:br/06430250014,omid:br/06420251589,1996,P9Y,yes,no
oci:06510262604-061801576450,omid:br/06510262604,omid:br/061801576450,2011,P9Y,no,no
oci:06510262604-06501596979,omid:br/06510262604,omid:br/06501596979,2011,P2Y,no,no
oci:06510262604-061901582754,omid:br/06510262604,omid:br/061901582754,2011,P7Y,no,no
oci:06510262604-06120942913,omid:br/06510262604,omid:br/06120942913,2011,P3Y,no,no
oci:06510262604-061801575169,omid:br/06510262604,omid:br/061801575169,2011,P8Y,no,no
oci:06510262604-06901599084,omid:br/06510262604,omid:br/06901599084,2011,P4Y,no,no
oci:06510262604-061701582176,omid:br/06510262604,omid:br/061701582176,2011,P14Y,no,no
oci:06510262604-06110952797,omid:br/06510262604,omid:br/06110952797,2011,P12Y,no,no
oci:06510262604-06403905125,omid:br/06510262604,omid:br/06403905125,2011,P11Y,no,no
oci:06520249822-06804550835,omid:br/06520249822,omid:br/06804550835,1997,,no,no
oci:06520249822-061703730187,omid:br/06520249822,omid:br/061703730187,1997,P10Y,no,no
oci:06520249822-061301539577,omid:br/06520249822,omid:br/061301539577,1997,P16Y,no,no
oci:06520249822-062301543947,omid:br/06520249822,omid:br/062301543947,1997,P13Y,no,no
oci:06510262214-061701373533,omid:br/06510262214,omid:br/061701373533,2001,P9Y,no,no
oci:06420251665-061602135301,omid:br/06420251665,omid:br/061602135301,1997,P9Y,no,no
oci:06420251665-06190871975,omid:br/06420251665,omid:br/06190871975,1997,P17Y,no,no
oci:06104521291-06703979124,omid:br/06104521291,omid:br/06703979124,1995,P9Y,no,no
oci:06104521291-06180452742,omid:br/06104521291,omid:br/06180452742,1995,P5Y,no,no
oci:06104521291-061601463974,omid:br/06104521291,omid:br/061601463974,1995,P2Y,no,no
oci:06104521291-061403763436,omid:br/06104521291,omid:br/061403763436,1995,P8Y,no,no
oci:06104521291-06180267500,omid:br/06104521291,omid:br/06180267500,1995,P12Y,no,no
oci:06104521291-06301205731,omid:br/06104521291,omid:br/06301205731,1995,P4Y,no,no
oci:06104521291-06704114084,omid:br/06104521291,omid:br/06704114084,1995,P6Y,no,no
oci:06104521291-06403516558,omid:br/06104521291,omid:br/06403516558,1995,P42Y,no,no
oci:06104521291-06103308276,omid:br/06104521291,omid:br/06103308276,1995,P9Y,no,no
oci:06104521473-06390259291,omid:br/06104521473,omid:br/06390259291,2008,P8Y,yes,no
oci:06280265706-061802844670,omid:br/06280265706,omid:br/061802844670,2006,P10Y,no,no
oci:06280265706-061602859472,omid:br/06280265706,omid:br/061602859472,2006,P15Y,no,no
oci:06280265706-061401389223,omid:br/06280265706,omid:br/061401389223,2006,P29Y,no,no
oci:06430249703-06530258161,omid:br/06430249703,omid:br/06530258161,2012,P24Y,yes,no
oci:06430249703-06480249193,omid:br/06430249703,omid:br/06480249193,2012,P24Y,yes,no
oci:06430249703-06430249957,omid:br/06430249703,omid:br/06430249957,2012,P31Y,yes,no
oci:06430249703-06420251088,omid:br/06430249703,omid:br/06420251088,2012,P9Y,yes,no
oci:06430249703-06440226456,omid:br/06430249703,omid:br/06440226456,2012,P6Y,no,no
oci:06430249703-06440226495,omid:br/06430249703,omid:br/06440226495,2012,P24Y,no,no
oci:06430249703-06440226446,omid:br/06430249703,omid:br/06440226446,2012,P5Y,no,no
oci:06430249703-06440226381,omid:br/06430249703,omid:br/06440226381,2012,P8Y,no,no
oci:06430249703-06440226762,omid:br/06430249703,omid:br/06440226762,2012,P13Y,no,no
oci:062303991640-06350251819,omid:br/062303991640,omid:br/06350251819,2011,P7Y,yes,no
oci:06320242478-061303706377,omid:br/06320242478,omid:br/061303706377,2007,P5Y,no,no
oci:06360246060-0640980137,omid:br/06360246060,omid:br/0640980137,2003,P3Y,no,no
oci:06360246060-06210863008,omid:br/06360246060,omid:br/06210863008,2003,P18Y,no,no
oci:06360246060-0651039368,omid:br/06360246060,omid:br/0651039368,2003,P3Y,no,no
oci:062504086199-06803908440,omid:br/062504086199,omid:br/06803908440,1998,P2Y,no,no
oci:062504086199-061102611665,omid:br/062504086199,omid:br/061102611665,1998,P2Y,no,no
oci:062504086199-061102611878,omid:br/062504086199,omid:br/061102611878,1998,P2Y,no,no
oci:062504086199-06802417587,omid:br/062504086199,omid:br/06802417587,1998,P4Y,no,no
oci:06350251640-06150798173,omid:br/06350251640,omid:br/06150798173,2004,P3Y,no,no
oci:06350251640-06140790486,omid:br/06350251640,omid:br/06140790486,2004,P4Y,no,no
oci:06350251640-06150798515,omid:br/06350251640,omid:br/06150798515,2004,P4Y,no,no
oci:06350251640-06102578743,omid:br/06350251640,omid:br/06102578743,2004,P6Y,no,no
oci:06350251640-06190267376,omid:br/06350251640,omid:br/06190267376,2004,P21Y,no,no
oci:06350251640-06120787563,omid:br/06350251640,omid:br/06120787563,2004,P1Y,no,no
oci:06350251640-06210953288,omid:br/06350251640,omid:br/06210953288,2004,P19Y,no,no
oci:06350251640-06160872310,omid:br/06350251640,omid:br/06160872310,2004,P8Y,no,no
oci:06350251640-06102578864,omid:br/06350251640,omid:br/06102578864,2004,P3Y,no,no
oci:06350251640-06901343231,omid:br/06350251640,omid:br/06901343231,2004,P5Y,no,no
oci:06350251640-06130549335,omid:br/06350251640,omid:br/06130549335,2004,P2Y,no,no
oci:06360246233-061801558942,omid:br/06360246233,omid:br/061801558942,2005,P2Y,no,no
oci:06360246233-06130956260,omid:br/06360246233,omid:br/06130956260,2005,P7Y,no,no
oci:06360246233-061401291791,omid:br/06360246233,omid:br/061401291791,2005,P9Y,no,no
oci:06360246233-06160355092,omid:br/06360246233,omid:br/06160355092,2005,P8Y,no,no
oci:06360246233-06104057488,omid:br/06360246233,omid:br/06104057488,2005,P3Y,no,no
oci:06360246233-061103137747,omid:br/06360246233,omid:br/061103137747,2005,P1Y,no,no
oci:06420251421-062104052894,omid:br/06420251421,omid:br/062104052894,2003,P5Y,no,no
oci:06420251421-06320316144,omid:br/06420251421,omid:br/06320316144,2003,P3Y,no,no
oci:06510262560-06530258318,omid:br/06510262560,omid:br/06530258318,2011,P18Y,yes,no
oci:06510262560-06410254178,omid:br/06510262560,omid:br/06410254178,2011,P13Y,yes,no
oci:06510262560-061802873120,omid:br/06510262560,omid:br/061802873120,2011,P2Y,no,no
oci:06510262560-061203285425,omid:br/06510262560,omid:br/061203285425,2011,P22Y,no,no
oci:062504086252-062504086391,omid:br/062504086252,omid:br/062504086391,1998,P5Y,yes,no
oci:06330256454-06602309767,omid:br/06330256454,omid:br/06602309767,2011,P6Y,no,no
oci:06330256454-06104311780,omid:br/06330256454,omid:br/06104311780,2011,P3Y,no,no
oci:06330256454-0630263264,omid:br/06330256454,omid:br/0630263264,2011,P8Y,no,no
oci:06330256454-06160266190,omid:br/06330256454,omid:br/06160266190,2011,P9Y,no,no
oci:06303988101-06403858554,omid:br/06303988101,omid:br/06403858554,2012,P15Y,no,no
oci:06304004929-06240946945,omid:br/06304004929,omid:br/06240946945,2003,P12Y,no,no
oci:06304004929-061703675179,omid:br/06304004929,omid:br/061703675179,2003,P9Y,no,no
oci:06304004929-061703675181,omid:br/06304004929,omid:br/061703675181,2003,P9Y,no,no
oci:06304004929-06250470483,omid:br/06304004929,omid:br/06250470483,2003,P17Y,no,no
oci:06304004929-061803664467,omid:br/06304004929,omid:br/061803664467,2003,P7Y,no,no
oci:06304004929-06470247836,omid:br/06304004929,omid:br/06470247836,2003,P1Y,yes,no
oci:06340256483-061401787054,omid:br/06340256483,omid:br/061401787054,2018,P1Y,no,no
oci:06340256483-061901943243,omid:br/06340256483,omid:br/061901943243,2018,P2Y,no,no
oci:06390259445-06160266150,omid:br/06390259445,omid:br/06160266150,2010,P12Y,no,no
oci:06390259445-061403580893,omid:br/06390259445,omid:br/061403580893,2010,P8Y,yes,no
oci:06390259445-06290254206,omid:br/06390259445,omid:br/06290254206,2010,P5Y,yes,no
oci:06280265125-0620349710,omid:br/06280265125,omid:br/0620349710,2003,P4Y,no,no
oci:06280265125-061203567536,omid:br/06280265125,omid:br/061203567536,2003,,no,no
oci:06280265125-0610354290,omid:br/06280265125,omid:br/0610354290,2003,P2Y,no,no
oci:06280265125-06140836446,omid:br/06280265125,omid:br/06140836446,2003,P2Y,no,no
oci:06280265125-061902706810,omid:br/06280265125,omid:br/061902706810,2003,P2Y,no,no
oci:06280265125-061801576516,omid:br/06280265125,omid:br/061801576516,2003,P1Y,no,no
oci:06280265125-061801925296,omid:br/06280265125,omid:br/061801925296,2003,P0Y,no,no
oci:06380250492-06240946901,omid:br/06380250492,omid:br/06240946901,1999,P11Y,no,no
oci:06380250492-06410254590,omid:br/06380250492,omid:br/06410254590,1999,P9Y,yes,no
oci:06380250492-06410254620,omid:br/06380250492,omid:br/06410254620,1999,P9Y,yes,no
oci:06380250492-06410254668,omid:br/06380250492,omid:br/06410254668,1999,P9Y,yes,no
oci:06310247820-062603628098,omid:br/06310247820,omid:br/062603628098,2000,P13Y,no,no
oci:06310247820-06103009990,omid:br/06310247820,omid:br/06103009990,2000,P11Y,no,no
oci:06530257549-06190267389,omid:br/06530257549,omid:br/06190267389,2011,P9Y,no,no
oci:06340256828-062203740433,omid:br/06340256828,omid:br/062203740433,2009,P9Y,no,no
oci:06340256828-06160802352,omid:br/06340256828,omid:br/06160802352,2009,P3Y,no,no
oci:06340256828-06170803270,omid:br/06340256828,omid:br/06170803270,2009,P4Y,no,no
oci:06340256828-06170803622,omid:br/06340256828,omid:br/06170803622,2009,P5Y,no,no
oci:06310247892-06510262564,omid:br/06310247892,omid:br/06510262564,2012,P1Y,yes,no
oci:06310247892-06530257592,omid:br/06310247892,omid:br/06530257592,2012,P1Y,yes,no
oci:06310247892-0604498284,omid:br/06310247892,omid:br/0604498284,2012,P20Y,yes,no
oci:06320242362-06301509861,omid:br/06320242362,omid:br/06301509861,1996,P21Y,no,no
oci:06320242362-06150870592,omid:br/06320242362,omid:br/06150870592,1996,P4Y,no,no
oci:06320242362-06104522095,omid:br/06320242362,omid:br/06104522095,1996,P6Y,yes,no
oci:06530257583-061301574670,omid:br/06530257583,omid:br/061301574670,2011,P5Y,no,no
oci:06530257583-061501580137,omid:br/06530257583,omid:br/061501580137,2011,P11Y,no,no
oci:06530257583-06901599133,omid:br/06530257583,omid:br/06901599133,2011,P5Y,no,no
oci:06530257583-06160802097,omid:br/06530257583,omid:br/06160802097,2011,P4Y,no,no
oci:06530257583-061401563391,omid:br/06530257583,omid:br/061401563391,2011,P14Y,no,no
oci:06530257583-06230945483,omid:br/06530257583,omid:br/06230945483,2011,P7Y,no,no
oci:06530257583-06210354758,omid:br/06530257583,omid:br/06210354758,2011,P15Y,no,no
oci:06530257583-061701670338,omid:br/06530257583,omid:br/061701670338,2011,P7Y,no,no
oci:06530257583-061701670160,omid:br/06530257583,omid:br/061701670160,2011,P6Y,no,no
oci:06530257583-06220950359,omid:br/06530257583,omid:br/06220950359,2011,P5Y,no,no
oci:06530257583-06460246269,omid:br/06530257583,omid:br/06460246269,2011,P4Y,yes,no
oci:06530257583-06310247782,omid:br/06530257583,omid:br/06310247782,2011,P11Y,yes,no
oci:06530257583-06310247816,omid:br/06530257583,omid:br/06310247816,2011,P11Y,yes,no
oci:0604083717-06380250237,omid:br/0604083717,omid:br/06380250237,1998,P4Y,yes,no
oci:06430249754-06440226406,omid:br/06430249754,omid:br/06440226406,2012,P6Y,no,no
oci:06430249754-06220951409,omid:br/06430249754,omid:br/06220951409,2012,P12Y,no,no
oci:06430249754-061601680025,omid:br/06430249754,omid:br/061601680025,2012,P13Y,no,no
oci:06510261956-064304779,omid:br/06510261956,omid:br/064304779,1995,P2Y,no,no
oci:06510261956-06604024940,omid:br/06510261956,omid:br/06604024940,1995,P13Y,no,no
oci:06510261956-0642027781,omid:br/06510261956,omid:br/0642027781,1995,P3Y,no,no
oci:06510261956-062301241583,omid:br/06510261956,omid:br/062301241583,1995,P11Y,no,no
oci:06290254106-06350251805,omid:br/06290254106,omid:br/06350251805,2007,P3Y,yes,no
oci:06290254106-06290253524,omid:br/06290254106,omid:br/06290253524,2007,P6Y,yes,no
oci:06290254106-06390259016,omid:br/06290254106,omid:br/06390259016,2007,P3Y,yes,no
oci:06290254106-06510262206,omid:br/06290254106,omid:br/06510262206,2007,P6Y,yes,no
oci:06330256726-0632048333,omid:br/06330256726,omid:br/0632048333,2009,P4Y,no,no
oci:06330256726-0690365099,omid:br/06330256726,omid:br/0690365099,2009,P5Y,no,no
oci:06430250079-061801279645,omid:br/06430250079,omid:br/061801279645,1996,P3Y,no,no
oci:06430250079-06170546603,omid:br/06430250079,omid:br/06170546603,1996,P13Y,no,no
oci:06530257596-06801063264,omid:br/06530257596,omid:br/06801063264,2011,P7Y,no,no
oci:06320242164-061301127415,omid:br/06320242164,omid:br/061301127415,1997,P2Y,no,no
oci:06320242164-061602185949,omid:br/06320242164,omid:br/061602185949,1997,P5Y,no,no
oci:06320242164-061903588041,omid:br/06320242164,omid:br/061903588041,1997,P8Y,no,no
oci:06320242164-06510262299,omid:br/06320242164,omid:br/06510262299,1997,P8Y,yes,no
oci:06320242164-06530258236,omid:br/06320242164,omid:br/06530258236,1997,P9Y,yes,no
oci:06280265511-062601599942,omid:br/06280265511,omid:br/062601599942,1999,P20Y,no,no
oci:06280265511-061103298461,omid:br/06280265511,omid:br/061103298461,1999,P11Y,no,no
oci:06280265511-062503636422,omid:br/06280265511,omid:br/062503636422,1999,P10Y,no,no
oci:06280265511-06220864860,omid:br/06280265511,omid:br/06220864860,1999,P18Y,no,no
oci:06280265511-06130947980,omid:br/06280265511,omid:br/06130947980,1999,P13Y,no,no
oci:06280265511-062302041354,omid:br/06280265511,omid:br/062302041354,1999,P4Y,no,no
oci:06330256672-061103523512,omid:br/06330256672,omid:br/061103523512,2006,P4Y,no,no
oci:06330256672-06120846060,omid:br/06330256672,omid:br/06120846060,2006,P15Y,no,no
oci:06460247062-061403998799,omid:br/06460247062,omid:br/061403998799,2004,P2Y,no,no
oci:06460247062-06801396298,omid:br/06460247062,omid:br/06801396298,2004,P13Y,no,no
oci:06460247062-061201007294,omid:br/06460247062,omid:br/061201007294,2004,P3Y,no,no
oci:06460247062-0651039676,omid:br/06460247062,omid:br/0651039676,2004,P6Y,no,no
oci:06460247062-061401009304,omid:br/06460247062,omid:br/061401009304,2004,P7Y,no,no
oci:06510262005-0642027621,omid:br/06510262005,omid:br/0642027621,1995,P4Y,no,no
oci:06510262005-062602718870,omid:br/06510262005,omid:br/062602718870,1995,P5Y,no,no
oci:06510262005-062601499400,omid:br/06510262005,omid:br/062601499400,1995,P11Y,no,no
