id,citing,cited,creation,timespan,journal_sc,author_sc
oci:0604279626-061101545283,omid:br/0604279626,omid:br/061101545283,1942,P6Y,no,no
oci:0604279685-061202183072,omid:br/0604279685,omid:br/061202183072,1942,P2Y,no,no
oci:0604279716-06601623397,omid:br/0604279716,omid:br/06601623397,1942,-P18Y,no,no
oci:0604279706-06801543312,omid:br/0604279706,omid:br/06801543312,1942,P3Y,no,no
oci:0604279712-0604846539,omid:br/0604279712,omid:br/0604846539,1942,P1Y,no,no
oci:0604279680-062301537770,omid:br/0604279680,omid:br/062301537770,1942,P2Y,no,no
oci:0604279643-0604846540,omid:br/0604279643,omid:br/0604846540,1942,P1Y,no,no
oci:0604279673-061202183072,omid:br/0604279673,omid:br/061202183072,1942,P2Y,no,no
oci:0604279673-061902192480,omid:br/0604279673,omid:br/061902192480,1942,P1Y,no,no
oci:0604279672-061202183072,omid:br/0604279672,omid:br/061202183072,1942,P2Y,no,no
oci:0604279634-061701542595,omid:br/0604279634,omid:br/061701542595,1942,P1Y,no,no
oci:0604279635-0670124967,omid:br/0604279635,omid:br/0670124967,1942,P16Y,no,no
oci:06104569934-0604392616,omid:br/06104569934,omid:br/0604392616,2017,P19Y,yes,no
oci:06104569934-06404572530,omid:br/06104569934,omid:br/06404572530,2017,P6Y,yes,no
oci:06104569990-06290224955,omid:br/06104569990,omid:br/06290224955,2017,P36Y,no,no
oci:06104570522-061701022634,omid:br/06104570522,omid:br/061701022634,2016,P1Y,no,no
oci:06104570587-061404008555,omid:br/06104570587,omid:br/061404008555,2016,P32Y,no,no
oci:06104569913-06110901219,omid:br/06104569913,omid:br/06110901219,2017,P10Y,no,no
oci:06104570591-061303113605,omid:br/06104570591,omid:br/061303113605,2016,P1Y,no,no
oci:0604000028-06110901314,omid:br/0604000028,omid:br/06110901314,2015,P11Y,no,no
oci:06104569962-061603969848,omid:br/06104569962,omid:br/061603969848,2017,P3Y,no,no
oci:06104570569-06603203794,omid:br/06104570569,omid:br/06603203794,2016,P8Y,no,no
oci:06104570536-06301084685,omid:br/06104570536,omid:br/06301084685,2016,P23Y,no,no
oci:06104570536-06604567359,omid:br/06104570536,omid:br/06604567359,2016,P2Y,no,no
oci:0603999974-061102407614,omid:br/0603999974,omid:br/061102407614,2015,P12Y,no,no
oci:06104570530-061602887697,omid:br/06104570530,omid:br/061602887697,2016,P3Y,no,no
oci:06104570530-06404549484,omid:br/06104570530,omid:br/06404549484,2016,P2Y,no,no
oci:06104569941-06110900605,omid:br/06104569941,omid:br/06110900605,2017,P4Y,no,no
oci:06104570545-068019919,omid:br/06104570545,omid:br/068019919,2017,,no,no
oci:06104570545-0632034243,omid:br/06104570545,omid:br/0632034243,2017,P2Y,no,no
oci:06104570560-061203122017,omid:br/06104570560,omid:br/061203122017,2016,P0Y,no,no
oci:06104570524-061404009254,omid:br/06104570524,omid:br/061404009254,2017,P34Y,no,no
oci:06104570565-06390204036,omid:br/06104570565,omid:br/06390204036,2016,P3Y,no,no
oci:06104569972-0650772347,omid:br/06104569972,omid:br/0650772347,2018,P5Y,no,no
oci:06104569972-062301864196,omid:br/06104569972,omid:br/062301864196,2018,P5Y,no,no
oci:06104569972-062602266637,omid:br/06104569972,omid:br/062602266637,2018,P1Y,no,no
oci:06104569972-06901541879,omid:br/06104569972,omid:br/06901541879,2018,P5Y,no,no
oci:06104570508-062104054252,omid:br/06104570508,omid:br/062104054252,2016,P29Y,no,no
oci:06104570593-06504575433,omid:br/06104570593,omid:br/06504575433,2017,P5Y,yes,no
oci:06104569937-062103569693,omid:br/06104569937,omid:br/062103569693,2018-05-20,P1Y,no,no
oci:06104569969-061303994349,omid:br/06104569969,omid:br/061303994349,2017,P28Y,no,no
oci:0604000056-068019919,omid:br/0604000056,omid:br/068019919,2016,,no,no
oci:06104569920-06320300028,omid:br/06104569920,omid:br/06320300028,2017,P5Y,no,no
oci:06104569920-0604340877,omid:br/06104569920,omid:br/0604340877,2017,P3Y,no,no
oci:06104570005-062908730,omid:br/06104570005,omid:br/062908730,2017,P1Y,no,no
oci:06104569939-061102407344,omid:br/06104569939,omid:br/061102407344,2018-05-20,P5Y,no,no
oci:06104569932-06502612537,omid:br/06104569932,omid:br/06502612537,2017,P5Y,no,no
oci:06104570122-06404549202,omid:br/06104570122,omid:br/06404549202,2018-06-20,P1Y,no,no
oci:06104570532-06404549304,omid:br/06104570532,omid:br/06404549304,2016,P7Y,no,no
oci:06104569930-062202222937,omid:br/06104569930,omid:br/062202222937,2017,P14Y,no,no
oci:06104570574-06390204036,omid:br/06104570574,omid:br/06390204036,2016,P3Y,no,no
oci:06604006633-061402127199,omid:br/06604006633,omid:br/061402127199,2017,P2Y,no,no
oci:06104569929-06404549000,omid:br/06104569929,omid:br/06404549000,2017,P4Y,no,no
oci:0604000027-0604845789,omid:br/0604000027,omid:br/0604845789,2015,P3Y,no,no
oci:06104569953-062501274435,omid:br/06104569953,omid:br/062501274435,2017,P8Y,no,no
oci:06104569953-061901494809,omid:br/06104569953,omid:br/061901494809,2017,P2Y,no,no
oci:06104569953-061403578422,omid:br/06104569953,omid:br/061403578422,2017,P2Y,yes,no
oci:06104570531-06801306854,omid:br/06104570531,omid:br/06801306854,2016,P16Y,no,no
oci:0603999975-06230595696,omid:br/0603999975,omid:br/06230595696,2015,P11Y,no,no
oci:06104569976-061703600130,omid:br/06104569976,omid:br/061703600130,2017,P10Y,no,no
oci:0604000019-06401752350,omid:br/0604000019,omid:br/06401752350,2015,P2Y,no,no
oci:0604000033-06260910306,omid:br/0604000033,omid:br/06260910306,2015,P1Y,no,no
oci:0604000033-06102563946,omid:br/0604000033,omid:br/06102563946,2015,P3Y,no,no
oci:0604000033-062403086420,omid:br/0604000033,omid:br/062403086420,2015,P4Y,no,no
oci:062503564685-06901498293,omid:br/062503564685,omid:br/06901498293,2015,P2Y,no,no
oci:06104570008-06320264683,omid:br/06104570008,omid:br/06320264683,2017,P16Y,no,no
oci:06104570008-06104547562,omid:br/06104570008,omid:br/06104547562,2017,P11Y,no,no
oci:06104570000-06190461227,omid:br/06104570000,omid:br/06190461227,2017,P1Y,no,no
oci:06104570000-06601527327,omid:br/06104570000,omid:br/06601527327,2017,P2Y,no,no
oci:06104570000-06801484867,omid:br/06104570000,omid:br/06801484867,2017,P5Y,no,no
oci:0604000031-06210673045,omid:br/0604000031,omid:br/06210673045,2015,P3Y,no,no
oci:0604000058-061403960739,omid:br/0604000058,omid:br/061403960739,2015,P3Y,no,no
oci:06104570392-062203583778,omid:br/06104570392,omid:br/062203583778,2022-06-20,P4Y,no,no
oci:06490355607-061203973175,omid:br/06490355607,omid:br/061203973175,2021-06-20,P9Y3M19D,no,no
oci:06490355607-06150455360,omid:br/06490355607,omid:br/06150455360,2021-06-20,P2Y7M24D,no,no
oci:06104570382-0640298572,omid:br/06104570382,omid:br/0640298572,2022-06-20,P5Y5M28D,no,no
oci:06104570366-0652049454,omid:br/06104570366,omid:br/0652049454,2022-07-20,P0Y0M0D,no,no
oci:06490355575-06180403308,omid:br/06490355575,omid:br/06180403308,2021-07-20,P2Y4M,no,no
oci:06490355575-06180403728,omid:br/06490355575,omid:br/06180403728,2021-07-20,P2Y6M,no,no
oci:06490355575-06160400447,omid:br/06490355575,omid:br/06160400447,2021-07-20,P0Y3M,no,no
oci:06490355575-061501483640,omid:br/06490355575,omid:br/061501483640,2021-07-20,P4Y0M,no,no
oci:06490355586-06350234935,omid:br/06490355586,omid:br/06350234935,2021-07-20,P1Y10M19D,no,no
oci:06490355587-06204545529,omid:br/06490355587,omid:br/06204545529,2021-07-20,P4Y,no,no
oci:06490355610-0652050185,omid:br/06490355610,omid:br/0652050185,2021-07-20,P0Y6M20D,no,no
oci:06104570347-06404002811,omid:br/06104570347,omid:br/06404002811,2022-07-20,P24Y,no,no
oci:06104570347-061501026278,omid:br/06104570347,omid:br/061501026278,2022-07-20,P3Y5M2D,no,no
oci:06104570347-0680871867,omid:br/06104570347,omid:br/0680871867,2022-07-20,P12Y2M27D,no,no
oci:06104570347-06901931647,omid:br/06104570347,omid:br/06901931647,2022-07-20,P15Y3M,no,no
oci:06104570347-062302202289,omid:br/06104570347,omid:br/062302202289,2022-07-20,P5Y5M5D,no,no
oci:06490355541-06201460163,omid:br/06490355541,omid:br/06201460163,2021-08-20,P12Y,no,no
oci:06104570404-06160209371,omid:br/06104570404,omid:br/06160209371,2022-01-20,P1Y1M25D,no,no
oci:06104570386-06210672736,omid:br/06104570386,omid:br/06210672736,2022-08-20,P7Y,no,no
oci:06490355582-061602242836,omid:br/06490355582,omid:br/061602242836,2021-08-20,P6Y,no,no
oci:06490355582-06303031121,omid:br/06490355582,omid:br/06303031121,2021-08-20,P1Y9M12D,no,no
oci:06104570391-061603970116,omid:br/06104570391,omid:br/061603970116,2022-08-20,P26Y3M19D,no,no
oci:06104570391-06350224158,omid:br/06104570391,omid:br/06350224158,2022-08-20,P14Y3M19D,no,no
oci:06104570334-06270210638,omid:br/06104570334,omid:br/06270210638,2022-08-20,P6Y4M26D,no,no
oci:06490355573-062501505579,omid:br/06490355573,omid:br/062501505579,2021-02-20,P9Y,no,no
oci:06490355573-06502202369,omid:br/06490355573,omid:br/06502202369,2021-02-20,P5Y7M,no,no
oci:06490355573-062403086445,omid:br/06490355573,omid:br/062403086445,2021-02-20,P4Y9M,no,no
oci:06490355573-062303094187,omid:br/06490355573,omid:br/062303094187,2021-02-20,P5Y10M,no,no
oci:06490355573-06601048268,omid:br/06490355573,omid:br/06601048268,2021-02-20,P16Y4M,no,no
oci:06490355573-061902126096,omid:br/06490355573,omid:br/061902126096,2021-02-20,P14Y4M23D,no,no
oci:06490355573-061302124838,omid:br/06490355573,omid:br/061302124838,2021-02-20,P7Y0M7D,no,no
oci:06490355573-06502202187,omid:br/06490355573,omid:br/06502202187,2021-02-20,P4Y5M,no,no
oci:06490355573-0610880118,omid:br/06490355573,omid:br/0610880118,2021-02-20,P1Y7M5D,no,no
oci:0604850137-0604850136,omid:br/0604850137,omid:br/0604850136,2023,P0Y,no,no
oci:0604850137-0604664873,omid:br/0604850137,omid:br/0604664873,2023,P33Y,no,no
oci:0604850137-06380200442,omid:br/0604850137,omid:br/06380200442,2023,P15Y,no,no
oci:06490355554-061303953829,omid:br/06490355554,omid:br/061303953829,2021-10-20,P9Y4M19D,no,no
oci:06404572110-06260953168,omid:br/06404572110,omid:br/06260953168,2019-11-20,P20Y,no,no
oci:06404572110-061603973958,omid:br/06404572110,omid:br/061603973958,2019-11-20,P4Y3M5D,no,no
oci:06404572110-06201082682,omid:br/06404572110,omid:br/06201082682,2019-11-20,P9Y,no,no
oci:06404572113-061702647149,omid:br/06404572113,omid:br/061702647149,2019-11-20,P1Y10M11D,no,no
oci:06404572113-06201459906,omid:br/06404572113,omid:br/06201459906,2019-11-20,P7Y,no,no
oci:06404572113-061801982600,omid:br/06404572113,omid:br/061801982600,2019-11-20,P0Y8M,no,no
oci:06490355580-061703976809,omid:br/06490355580,omid:br/061703976809,2021-11-20,P20Y9M19D,no,no
oci:06404572155-0634033778,omid:br/06404572155,omid:br/0634033778,2019-12-20,P7Y2M3D,no,no
oci:06490355603-061102407023,omid:br/06490355603,omid:br/061102407023,2021-11-20,P5Y,no,no
oci:06490355603-061403571808,omid:br/06490355603,omid:br/061403571808,2021-11-20,P5Y,no,no
oci:0641091024-0652049790,omid:br/0641091024,omid:br/0652049790,2021-11-20,P0Y1M30D,no,no
oci:0641091024-06901162901,omid:br/0641091024,omid:br/06901162901,2021-11-20,P0Y2M,no,no
oci:0641091024-06402208340,omid:br/0641091024,omid:br/06402208340,2021-11-20,P0Y3M,no,no
oci:06404572142-06490355663,omid:br/06404572142,omid:br/06490355663,2019-12-20,P22Y,yes,no
oci:061803945754-0652050102,omid:br/061803945754,omid:br/0652050102,2021-12-20,P0Y10M12D,no,no
oci:061803945754-0648068351,omid:br/061803945754,omid:br/0648068351,2021-12-20,P2Y3M18D,no,no
oci:06104570387-06440269204,omid:br/06104570387,omid:br/06440269204,2022-02-20,P7Y,no,no
oci:06104570387-06402208340,omid:br/06104570387,omid:br/06402208340,2022-02-20,P0Y6M,no,no
oci:06304552831-06310223454,omid:br/06304552831,omid:br/06310223454,2019-12-20,P2Y5M5D,no,no
oci:06304552831-062604109869,omid:br/06304552831,omid:br/062604109869,2019-12-20,P1Y10M10D,no,no
oci:06304552831-06530246804,omid:br/06304552831,omid:br/06530246804,2019-12-20,P3Y,no,no
oci:06404572152-061703604010,omid:br/06404572152,omid:br/061703604010,2019-03-20,P8Y,no,no
oci:06490355632-06210971108,omid:br/06490355632,omid:br/06210971108,2021-01-20,P1Y10M24D,no,no
oci:06104570339-062202600390,omid:br/06104570339,omid:br/062202600390,2021-01-20,P5Y,no,no
oci:06304552630-06401536304,omid:br/06304552630,omid:br/06401536304,2020-08-20,P4Y9M30D,no,no
oci:06304552678-0640298272,omid:br/06304552678,omid:br/0640298272,2020-02-20,P2Y11M7D,no,no
oci:06304552678-0604066155,omid:br/06304552678,omid:br/0604066155,2020-02-20,P3Y10M19D,no,no
oci:06304552678-06340235659,omid:br/06304552678,omid:br/06340235659,2020-02-20,P2Y3M19D,no,no
oci:06304552678-06370237286,omid:br/06304552678,omid:br/06370237286,2020-02-20,P1Y3M19D,no,no
oci:06490355633-06310223454,omid:br/06490355633,omid:br/06310223454,2021-05-20,P3Y10M5D,no,no
oci:06490355633-061202622850,omid:br/06490355633,omid:br/061202622850,2021-05-20,P8Y7M25D,no,no
oci:06104570183-061103136600,omid:br/06104570183,omid:br/061103136600,2019-05-20,P0Y8M1D,no,no
oci:06490355609-061602242680,omid:br/06490355609,omid:br/061602242680,2021-05-20,P4Y,no,no
oci:061703583368-06602626697,omid:br/061703583368,omid:br/06602626697,2019-05-20,P2Y4M,no,no
oci:06304552701-061204016518,omid:br/06304552701,omid:br/061204016518,2020-09-20,P35Y,no,no
oci:06304552701-061204016383,omid:br/06304552701,omid:br/061204016383,2020-09-20,P22Y,no,no
oci:06304552701-061204016910,omid:br/06304552701,omid:br/061204016910,2020-09-20,P32Y,no,no
oci:06304552701-061104151817,omid:br/06304552701,omid:br/061104151817,2020-09-20,P20Y,no,no
oci:06490355555-062101964764,omid:br/06490355555,omid:br/062101964764,2021-05-20,P0Y4M24D,no,no
oci:06490355555-06502510603,omid:br/06490355555,omid:br/06502510603,2021-05-20,P0Y3M16D,no,no
oci:06490355606-061204016046,omid:br/06490355606,omid:br/061204016046,2021-02-20,P24Y,no,no
oci:06104570202-06370207534,omid:br/06104570202,omid:br/06370207534,2019-06-20,P3Y1M0D,no,no
oci:06104570202-06504575412,omid:br/06104570202,omid:br/06504575412,2019-06-20,P7Y,yes,no
oci:06104570202-06370207556,omid:br/06104570202,omid:br/06370207556,2019-06-20,P3Y1M0D,no,no
oci:06104570202-0603987703,omid:br/06104570202,omid:br/0603987703,2019-06-20,P5Y,no,no
oci:06304552673-061202148729,omid:br/06304552673,omid:br/061202148729,2020-11-20,P1Y10M,no,no
oci:06104570115-06510285521,omid:br/06104570115,omid:br/06510285521,2019-02-20,P8Y,no,no
oci:06104570115-061104109286,omid:br/06104570115,omid:br/061104109286,2019-02-20,P12Y7M19D,no,no
oci:06104570115-061904060561,omid:br/06104570115,omid:br/061904060561,2019-02-20,P1Y3M19D,no,no
oci:06304552660-061802727651,omid:br/06304552660,omid:br/061802727651,2020-02-20,P2Y1M,no,no
oci:06490355562-06903150221,omid:br/06490355562,omid:br/06903150221,2021-03-20,P0Y7M3D,no,no
oci:06104570340-06604508962,omid:br/06104570340,omid:br/06604508962,2022-05-20,P3Y0M20D,no,no
oci:06104570340-062304115783,omid:br/06104570340,omid:br/062304115783,2022-05-20,P3Y4M20D,no,no
oci:06304552707-061101729453,omid:br/06304552707,omid:br/061101729453,2020-10-20,P2Y0M22D,no,no
oci:06304552707-06410226915,omid:br/06304552707,omid:br/06410226915,2020-10-20,P11Y11M19D,no,no
oci:06490355613-061603581121,omid:br/06490355613,omid:br/061603581121,2021-01-20,P11Y,no,no
oci:06490355557-0680963805,omid:br/06490355557,omid:br/0680963805,2022-05-20,P2Y7M19D,no,no
oci:06350128584-0604618330,omid:br/06350128584,omid:br/0604618330,2021-03-20,P14Y,no,no
oci:06350128584-06603996804,omid:br/06350128584,omid:br/06603996804,2021-03-20,P2Y,no,no
oci:06104570126-061804051044,omid:br/06104570126,omid:br/061804051044,2019-07-20,P36Y10M19D,no,no
oci:06104570353-06604508962,omid:br/06104570353,omid:br/06604508962,2022-05-20,P3Y0M20D,no,no
oci:06104570353-061504005226,omid:br/06104570353,omid:br/061504005226,2022-05-20,P2Y,no,no
oci:06104570353-06903149930,omid:br/06104570353,omid:br/06903149930,2022-05-20,P1Y1M29D,no,no
oci:06490355568-06490252227,omid:br/06490355568,omid:br/06490252227,2021-03-20,P7Y,no,no
oci:06304552715-061402398919,omid:br/06304552715,omid:br/061402398919,2020-10-20,P1Y11M6D,no,no
oci:061703591444-061301145821,omid:br/061703591444,omid:br/061301145821,2018-11-20,P0Y6M,no,no
oci:06304552656-06380199992,omid:br/06304552656,omid:br/06380199992,2020-10-20,P2Y0M19D,no,no
oci:06304552656-06301084685,omid:br/06304552656,omid:br/06301084685,2020-10-20,P27Y,no,no
oci:06304552656-06201082545,omid:br/06304552656,omid:br/06201082545,2020-10-20,P2Y7M0D,no,no
oci:06104570313-061901561714,omid:br/06104570313,omid:br/061901561714,2022-06-20,P3Y8M3D,no,no
oci:06304552681-06340239336,omid:br/06304552681,omid:br/06340239336,2020-10-20,P4Y,no,no
oci:06304552681-06360229184,omid:br/06304552681,omid:br/06360229184,2020-10-20,P0Y10M19D,no,no
oci:06490355605-0604218948,omid:br/06490355605,omid:br/0604218948,2021-03-20,P2Y0M19D,no,no
oci:06104570330-061303572959,omid:br/06104570330,omid:br/061303572959,2022-03-20,P11Y,yes,no
oci:06104570330-0680963805,omid:br/06104570330,omid:br/0680963805,2022-03-20,P2Y5M19D,no,no
oci:06104570336-06330237456,omid:br/06104570336,omid:br/06330237456,2022-06-20,P3Y9M19D,no,no
oci:06104570153-061404008572,omid:br/06104570153,omid:br/061404008572,2018-06-20,P33Y,no,no
oci:06104570348-061204016561,omid:br/06104570348,omid:br/061204016561,2022-03-20,P37Y,no,no
oci:06104570164-06480203499,omid:br/06104570164,omid:br/06480203499,2018-11-20,P14Y,no,no
oci:06104570188-06310220962,omid:br/06104570188,omid:br/06310220962,2018-11-20,P5Y3M19D,no,no
oci:06304552700-06104570526,omid:br/06304552700,omid:br/06104570526,2020-12-20,P4Y,yes,no
oci:06304552700-06604480915,omid:br/06304552700,omid:br/06604480915,2020-12-20,P15Y5M19D,no,no
oci:06104570321-0680963805,omid:br/06104570321,omid:br/0680963805,2022-03-20,P2Y5M19D,no,no
oci:06304552635-062201959053,omid:br/06304552635,omid:br/062201959053,2020-12-20,P0Y7M1D,no,no
oci:06104570175-061501939821,omid:br/06104570175,omid:br/061501939821,2019-01-20,P6Y,no,no
oci:06104570175-062101517163,omid:br/06104570175,omid:br/062101517163,2019-01-20,P5Y11M27D,no,no
oci:06104570362-062601195324,omid:br/06104570362,omid:br/062601195324,2022-03-20,P0Y9M5D,no,no
oci:06104570310-06360229186,omid:br/06104570310,omid:br/06360229186,2022-01-20,P2Y,no,no
oci:06104570310-06504005919,omid:br/06104570310,omid:br/06504005919,2022-01-20,P2Y1M0D,yes,no
oci:06104570381-06503502794,omid:br/06104570381,omid:br/06503502794,2022-04-20,P1Y2M,no,no
oci:06104570345-06360229064,omid:br/06104570345,omid:br/06360229064,2021-04-20,P3Y6M19D,no,no
oci:06304552633-0634033496,omid:br/06304552633,omid:br/0634033496,2020-04-20,P7Y1M23D,no,no
oci:06104570154-06401406276,omid:br/06104570154,omid:br/06401406276,2018,P1Y,no,no
oci:06304552663-0604066104,omid:br/06304552663,omid:br/0604066104,2020-04-20,P4Y1M19D,no,no
oci:06104570328-06510241117,omid:br/06104570328,omid:br/06510241117,2021-04-20,P12Y,no,no
oci:06104570328-06604494583,omid:br/06104570328,omid:br/06604494583,2021-04-20,P8Y0M10D,no,no
oci:06104570328-06104570541,omid:br/06104570328,omid:br/06104570541,2021-04-20,P5Y,yes,no
oci:06304552649-0604845790,omid:br/06304552649,omid:br/0604845790,2020-04-20,P19Y,no,no
oci:06304552716-06104570524,omid:br/06304552716,omid:br/06104570524,2020-04-20,P3Y,yes,no
oci:06104570329-061503965712,omid:br/06104570329,omid:br/061503965712,2021-04-20,P1Y0M10D,no,no
oci:06104570369-06130798479,omid:br/06104570369,omid:br/06130798479,2021-04-20,P8Y,no,no
oci:06104570369-06410242222,omid:br/06104570369,omid:br/06410242222,2021-04-20,P0Y11M27D,no,no
oci:06104570143-06330278426,omid:br/06104570143,omid:br/06330278426,2018,P11Y,no,no
oci:06104570199-06503949795,omid:br/06104570199,omid:br/06503949795,2018-08-20,P8Y,no,no
oci:06104570199-06230595496,omid:br/06104570199,omid:br/06230595496,2018-08-20,P16Y,no,no
oci:06104570199-06230596014,omid:br/06104570199,omid:br/06230596014,2018-08-20,P6Y,no,no
oci:06104570152-06904193024,omid:br/06104570152,omid:br/06904193024,2018,P25Y,no,no
oci:06104570152-0604000038,omid:br/06104570152,omid:br/0604000038,2018,P3Y,yes,no
oci:0639074557-061301180857,omid:br/0639074557,omid:br/061301180857,2020-06-20,P2Y,no,no
oci:06104570111-0649064821,omid:br/06104570111,omid:br/0649064821,2018-08-20,P0Y7M10D,no,no
oci:06104569923-06604563190,omid:br/06104569923,omid:br/06604563190,2018,P16Y,yes,no
oci:06104570193-061902234761,omid:br/06104570193,omid:br/061902234761,2018,P26Y,no,no
oci:06304552824-061403578422,omid:br/06304552824,omid:br/061403578422,2019-09-20,P4Y,yes,no
oci:06304552823-06801306761,omid:br/06304552823,omid:br/06801306761,2019-09-20,P22Y,no,no
oci:06304552620-06230819967,omid:br/06304552620,omid:br/06230819967,2020-06-20,-P0Y2M,no,no
oci:06304552625-0620990597,omid:br/06304552625,omid:br/0620990597,2020-07-20,P1Y10M10D,no,no
oci:06104570169-06402594802,omid:br/06104570169,omid:br/06402594802,2018-10-20,P3Y,no,no
oci:06104570169-062104054126,omid:br/06104570169,omid:br/062104054126,2018-10-20,P4Y4M19D,no,no
oci:06104570140-0604213994,omid:br/06104570140,omid:br/0604213994,2018-10-20,P1Y5M19D,no,no
oci:06470241480-06230811667,omid:br/06470241480,omid:br/06230811667,2017,P2Y,no,no
oci:06470241519-06240796809,omid:br/06470241519,omid:br/06240796809,2020-06-10,P12Y7M10D,no,no
oci:061103602763-061902042416,omid:br/061103602763,omid:br/061902042416,2015,P13Y,no,no
oci:061103602763-06110642372,omid:br/061103602763,omid:br/06110642372,2015,P13Y,no,no
oci:061103602763-06101756935,omid:br/061103602763,omid:br/06101756935,2015,P10Y,no,no
oci:061103602763-0650645459,omid:br/061103602763,omid:br/0650645459,2015,P8Y,no,no
oci:061103602763-0680867353,omid:br/061103602763,omid:br/0680867353,2015,P8Y,no,no
oci:061103602763-06210979523,omid:br/061103602763,omid:br/06210979523,2015,P19Y,no,no
oci:061103602763-06530340513,omid:br/061103602763,omid:br/06530340513,2015,,no,no
oci:06410239129-061101422355,omid:br/06410239129,omid:br/061101422355,2013,P17Y,no,no
oci:06410239129-0636017451,omid:br/06410239129,omid:br/0636017451,2013,P1Y,no,no
oci:06410239300-06160760548,omid:br/06410239300,omid:br/06160760548,2018,P1Y,no,no
oci:06410239140-06802571964,omid:br/06410239140,omid:br/06802571964,2014-10-01,P32Y9M,no,no
oci:06410239140-061102705288,omid:br/06410239140,omid:br/061102705288,2014-10-01,P20Y1M,no,no
oci:06410239188-061703058361,omid:br/06410239188,omid:br/061703058361,2014-10-01,P8Y4M,no,no
oci:06410239188-0640768564,omid:br/06410239188,omid:br/0640768564,2014-10-01,P9Y,no,no
oci:06410239188-061401659413,omid:br/06410239188,omid:br/061401659413,2014-10-01,P30Y8M,no,no
oci:06410239155-06440193817,omid:br/06410239155,omid:br/06440193817,2014,P4Y,no,no
oci:06410239452-0632031705,omid:br/06410239452,omid:br/0632031705,2014,P7Y,no,no
oci:06410239452-06803205981,omid:br/06410239452,omid:br/06803205981,2014,P6Y,no,no
oci:06410239452-06380204946,omid:br/06410239452,omid:br/06380204946,2014,P10Y,no,no
oci:06410239452-061704056109,omid:br/06410239452,omid:br/061704056109,2014,P5Y,no,no
oci:06410239452-06301065038,omid:br/06410239452,omid:br/06301065038,2014,P2Y,no,no
oci:06410239452-061101419461,omid:br/06410239452,omid:br/061101419461,2014,P17Y,no,no
oci:06410239452-06704325806,omid:br/06410239452,omid:br/06704325806,2014,P11Y,no,no
oci:06410239452-062201297363,omid:br/06410239452,omid:br/062201297363,2014,P14Y,no,no
oci:06410239452-06101140170,omid:br/06410239452,omid:br/06101140170,2014,P50Y,no,no
oci:06410239394-0660951176,omid:br/06410239394,omid:br/0660951176,2015-07-01,P9Y5M,no,no
oci:06410239101-06501407670,omid:br/06410239101,omid:br/06501407670,2014,P10Y,no,no
oci:06410239101-0604831708,omid:br/06410239101,omid:br/0604831708,2014,P4Y,no,no
oci:06410239128-06440194156,omid:br/06410239128,omid:br/06440194156,2014,P19Y,no,no
oci:06410239128-06903152031,omid:br/06410239128,omid:br/06903152031,2014,P20Y,no,no
oci:06410239478-06150418465,omid:br/06410239478,omid:br/06150418465,2015-10-01,P16Y,no,no
oci:06410239478-062401179163,omid:br/06410239478,omid:br/062401179163,2015-10-01,P9Y8M,no,no
oci:06410239478-062603519363,omid:br/06410239478,omid:br/062603519363,2015-10-01,P16Y5M0D,no,no
oci:06410239478-06230275513,omid:br/06410239478,omid:br/06230275513,2015-10-01,P3Y11M0D,no,no
oci:06410239412-062303043831,omid:br/06410239412,omid:br/062303043831,2015,P11Y,no,no
oci:06410239412-0635036217,omid:br/06410239412,omid:br/0635036217,2015,P35Y,no,no
oci:06410239412-06701475808,omid:br/06410239412,omid:br/06701475808,2015,P12Y,no,no
oci:06410239099-061904045572,omid:br/06410239099,omid:br/061904045572,2014-04-01,P8Y,no,no
oci:06410239126-062201357151,omid:br/06410239126,omid:br/062201357151,2014-04-01,P36Y1M0D,no,no
oci:06410239126-062301754880,omid:br/06410239126,omid:br/062301754880,2014-04-01,P32Y,no,no
oci:06410239153-06230659465,omid:br/06410239153,omid:br/06230659465,2014-04-01,P6Y9M,no,no
oci:06410239153-06370314554,omid:br/06410239153,omid:br/06370314554,2014-04-01,P12Y,no,no
oci:06410239153-0660193072,omid:br/06410239153,omid:br/0660193072,2014-04-01,P5Y2M2D,no,no
oci:06410239190-06601488036,omid:br/06410239190,omid:br/06601488036,2014-04-01,P66Y,no,no
oci:06410239190-06501498607,omid:br/06410239190,omid:br/06501498607,2014-04-01,P64Y,no,no
oci:06410239190-06301486039,omid:br/06410239190,omid:br/06301486039,2014-04-01,P22Y3M,no,no
oci:06410239156-06303710652,omid:br/06410239156,omid:br/06303710652,2014-04-01,P10Y4M,no,no
oci:06410239156-061701479813,omid:br/06410239156,omid:br/061701479813,2014-04-01,P5Y0M,no,no
oci:06410239156-061703037556,omid:br/06410239156,omid:br/061703037556,2014-04-01,P2Y6M,no,no
oci:06410239123-06301485500,omid:br/06410239123,omid:br/06301485500,2014-07-01,P14Y10M,no,no
oci:06410239123-06230860117,omid:br/06410239123,omid:br/06230860117,2014-07-01,P3Y3M,no,no
oci:06410239123-0620343008,omid:br/06410239123,omid:br/0620343008,2014-07-01,P22Y3M,no,no
oci:06410239123-0620343075,omid:br/06410239123,omid:br/0620343075,2014-07-01,P10Y6M,no,no
oci:062504182300-0638061172,omid:br/062504182300,omid:br/0638061172,2016,P1Y,no,no
oci:062504182300-06250459838,omid:br/062504182300,omid:br/06250459838,2016,P3Y,no,no
oci:062103558452-0604838497,omid:br/062103558452,omid:br/0604838497,2018-09-28,P0Y,no,no
oci:062103558452-0630254352,omid:br/062103558452,omid:br/0630254352,2018-09-28,P0Y3M27D,no,no
oci:062103558452-06140643806,omid:br/062103558452,omid:br/06140643806,2018-09-28,P40Y7M27D,no,no
oci:062103558452-06240341376,omid:br/062103558452,omid:br/06240341376,2018-09-28,P16Y8M,no,no
oci:062103558452-0680270292,omid:br/062103558452,omid:br/0680270292,2018-09-28,P32Y,no,no
oci:062103558452-06130277205,omid:br/062103558452,omid:br/06130277205,2018-09-28,P2Y2M,no,no
oci:062504182107-06502272877,omid:br/062504182107,omid:br/06502272877,2021-03-26,P0Y5M0D,no,no
oci:062504182122-061602718077,omid:br/062504182122,omid:br/061602718077,2021-09-26,P1Y5M2D,no,no
oci:062504182140-06501856230,omid:br/062504182140,omid:br/06501856230,2019-09-28,P5Y,no,no
oci:062504182108-0660649177,omid:br/062504182108,omid:br/0660649177,2020-03-28,P8Y1M27D,no,no
oci:062504182108-061901192625,omid:br/062504182108,omid:br/061901192625,2020-03-28,P4Y10M27D,no,no
oci:062504182108-061301183600,omid:br/062504182108,omid:br/061301183600,2020-03-28,P4Y7M27D,no,no
oci:062504182108-06603166893,omid:br/062504182108,omid:br/06603166893,2020-03-28,P4Y1M,no,no
oci:062504182108-06101696076,omid:br/062504182108,omid:br/06101696076,2020-03-28,P3Y0M,no,no
oci:062504182108-062101174390,omid:br/062504182108,omid:br/062101174390,2020-03-28,P1Y3M27D,no,no
oci:062504182174-063309791,omid:br/062504182174,omid:br/063309791,2020-03-28,P4Y10M8D,no,no
oci:062504182174-0638057455,omid:br/062504182174,omid:br/0638057455,2020-03-28,P4Y10M17D,no,no
oci:062504182137-0680525589,omid:br/062504182137,omid:br/0680525589,2020-03-28,P4Y2M,no,no
oci:062504182137-062301545107,omid:br/062504182137,omid:br/062301545107,2020-03-28,P2Y11M9D,no,no
oci:062504182163-061602718562,omid:br/062504182163,omid:br/061602718562,2020-03-28,P4Y3M10D,no,no
oci:062504182134-0650741153,omid:br/062504182134,omid:br/0650741153,2020-03-28,P10Y4M,no,no
oci:062504182134-061102136391,omid:br/062504182134,omid:br/061102136391,2020-03-28,P3Y9M26D,no,no
oci:061403568879-061201561552,omid:br/061403568879,omid:br/061201561552,2018,P18Y,no,no
oci:061403568879-061801144782,omid:br/061403568879,omid:br/061801144782,2018,P2Y,no,no
oci:061403568879-062401602760,omid:br/061403568879,omid:br/062401602760,2018,P47Y,no,no
oci:06803997474-06403234605,omid:br/06803997474,omid:br/06403234605,2018,P10Y,no,no
oci:06803997474-06203045054,omid:br/06803997474,omid:br/06203045054,2018,P1Y,no,no
oci:06803997474-062301981056,omid:br/06803997474,omid:br/062301981056,2018,P5Y,no,no
oci:062403575053-06240621891,omid:br/062403575053,omid:br/06240621891,2018,P7Y,no,no
oci:062403575053-06230289452,omid:br/062403575053,omid:br/06230289452,2018,P17Y,no,no
oci:062403575053-061601034114,omid:br/062403575053,omid:br/061601034114,2018,P7Y,no,no
oci:062403575053-061801783875,omid:br/062403575053,omid:br/061801783875,2018,P11Y,no,no
oci:062403575053-062502800201,omid:br/062403575053,omid:br/062502800201,2018,P6Y,no,no
oci:06450219538-0690463076,omid:br/06450219538,omid:br/0690463076,2017,P5Y,no,no
oci:06450219669-062203013140,omid:br/06450219669,omid:br/062203013140,2015,P2Y,no,no
oci:06450219483-061802806723,omid:br/06450219483,omid:br/061802806723,2022-07-30,P18Y,no,no
oci:06450219483-06170472832,omid:br/06450219483,omid:br/06170472832,2022-07-30,P7Y10M29D,no,no
oci:06450219483-06180284860,omid:br/06450219483,omid:br/06180284860,2022-07-30,P12Y7M22D,no,no
oci:06450219483-06160476136,omid:br/06450219483,omid:br/06160476136,2022-07-30,P3Y9M,no,no
oci:06450219483-062201678436,omid:br/06450219483,omid:br/062201678436,2022-07-30,P13Y11M17D,no,no
oci:06450219483-062502800201,omid:br/06450219483,omid:br/062502800201,2022-07-30,P9Y7M26D,no,no
oci:06450219529-061503144676,omid:br/06450219529,omid:br/061503144676,2017,-P1Y,no,no
oci:06450219699-06503048910,omid:br/06450219699,omid:br/06503048910,2015,P1Y,no,no
oci:06450219699-0620227568,omid:br/06450219699,omid:br/0620227568,2015,P2Y,no,no
oci:06450219699-0620880135,omid:br/06450219699,omid:br/0620880135,2015,P12Y,no,no
oci:06450219699-06110358199,omid:br/06450219699,omid:br/06110358199,2015,P8Y,no,no
oci:06450219699-06220479111,omid:br/06450219699,omid:br/06220479111,2015,P8Y,no,no
oci:06450219699-06160283192,omid:br/06450219699,omid:br/06160283192,2015,P5Y,no,no
oci:06450219699-062301733417,omid:br/06450219699,omid:br/062301733417,2015,P2Y,no,no
oci:06450219699-06250316154,omid:br/06450219699,omid:br/06250316154,2015,P7Y,no,no
oci:06450219699-062101142518,omid:br/06450219699,omid:br/062101142518,2015,P4Y,no,no
oci:06450219699-0690785096,omid:br/06450219699,omid:br/0690785096,2015,P8Y,no,no
oci:06450219699-06303042742,omid:br/06450219699,omid:br/06303042742,2015,P1Y,no,no
oci:06450219699-061701570335,omid:br/06450219699,omid:br/061701570335,2015,P1Y,no,no
oci:062604089646-06602608920,omid:br/062604089646,omid:br/06602608920,2017-11-01,P3Y,no,no
oci:062604089635-06370325946,omid:br/062604089635,omid:br/06370325946,2017-11-01,,no,no
oci:062604089659-06602150085,omid:br/062604089659,omid:br/06602150085,2018-11-02,P28Y,no,no
oci:062604089659-06502611679,omid:br/062604089659,omid:br/06502611679,2018-11-02,P26Y,no,no
oci:062604089659-06340311047,omid:br/062604089659,omid:br/06340311047,2018-11-02,P26Y,no,no
oci:062604089659-062501047706,omid:br/062604089659,omid:br/062501047706,2018-11-02,P21Y,no,no
oci:062604089659-06350304287,omid:br/062604089659,omid:br/06350304287,2018-11-02,P21Y,no,no
oci:062604089659-062601075744,omid:br/062604089659,omid:br/062601075744,2018-11-02,P12Y,no,no
oci:062604089659-062304046199,omid:br/062604089659,omid:br/062304046199,2018-11-02,P11Y0M2D,no,no
oci:062604089683-06370325947,omid:br/062604089683,omid:br/06370325947,2019-12-01,,no,no
oci:062604089651-06701056254,omid:br/062604089651,omid:br/06701056254,2017-11-01,P5Y,no,no
oci:062604089651-06504587213,omid:br/062604089651,omid:br/06504587213,2017-11-01,P3Y,no,no
oci:062604089651-06204538158,omid:br/062604089651,omid:br/06204538158,2017-11-01,P2Y,no,no
oci:062604089704-0630871641,omid:br/062604089704,omid:br/0630871641,2017-11-01,P48Y,no,no
oci:062604089640-06602609131,omid:br/062604089640,omid:br/06602609131,2017-11-01,P25Y,no,no
oci:062604089677-06602608987,omid:br/062604089677,omid:br/06602608987,2015,P4Y,no,no
oci:062604089684-06420146748,omid:br/062604089684,omid:br/06420146748,2015,P7Y,no,no
oci:062604089684-06504587149,omid:br/062604089684,omid:br/06504587149,2015,P3Y,no,no
oci:062604089692-061301416806,omid:br/062604089692,omid:br/061301416806,2018-11-02,P123Y10M,no,no
oci:062604089693-06370325948,omid:br/062604089693,omid:br/06370325948,2018-11-02,,no,no
oci:062604089658-062604089716,omid:br/062604089658,omid:br/062604089716,2018-11-02,P2Y,yes,no
oci:062604089660-062604089636,omid:br/062604089660,omid:br/062604089636,2018-11-02,P2Y,yes,no
oci:062604089660-062604089665,omid:br/062604089660,omid:br/062604089665,2018-11-02,P2Y,yes,no
oci:062604089676-062604089665,omid:br/062604089676,omid:br/062604089665,2019-12-01,P3Y,yes,no
oci:062604089673-06602609272,omid:br/062604089673,omid:br/06602609272,2016,P9Y,no,no
oci:062604089670-06501789682,omid:br/062604089670,omid:br/06501789682,2019-12-01,P3Y5M,no,no
oci:062604089670-06504587284,omid:br/062604089670,omid:br/06504587284,2019-12-01,P14Y,no,no
oci:062604089670-06504587176,omid:br/062604089670,omid:br/06504587176,2019-12-01,P12Y,no,no
oci:062604089670-062101596325,omid:br/062604089670,omid:br/062101596325,2019-12-01,P32Y1M,no,no
oci:06904105988-06230488266,omid:br/06904105988,omid:br/06230488266,2019,P1Y,no,no
oci:06904105887-06120179306,omid:br/06904105887,omid:br/06120179306,2015,P3Y,no,no
oci:06904105826-061301519718,omid:br/06904105826,omid:br/061301519718,2015,P2Y,no,no
oci:06904105826-0670901792,omid:br/06904105826,omid:br/0670901792,2015,P1Y,no,no
oci:06440222363-06440221902,omid:br/06440222363,omid:br/06440221902,2021-01-25,P1Y0M0D,yes,no
oci:06440222363-06440221923,omid:br/06440222363,omid:br/06440221923,2021-01-25,P0Y9M24D,yes,no
oci:06440222363-0604104313,omid:br/06440222363,omid:br/0604104313,2021-01-25,P0Y6M0D,yes,no
oci:06440222301-06290297771,omid:br/06440222301,omid:br/06290297771,2021-01-25,P13Y,no,no
oci:06440222249-062102768361,omid:br/06440222249,omid:br/062102768361,2022-01-25,P19Y8M5D,no,no
oci:06440222244-0604837397,omid:br/06440222244,omid:br/0604837397,2022-01-25,P28Y,no,no
oci:06440222244-06301084161,omid:br/06440222244,omid:br/06301084161,2022-01-25,P16Y,no,no
oci:06440221808-062304049676,omid:br/06440221808,omid:br/062304049676,2015,P11Y,no,no
oci:0604104323-062104038458,omid:br/0604104323,omid:br/062104038458,2020-10-25,P22Y11M24D,no,no
oci:0604104323-06350223964,omid:br/0604104323,omid:br/06350223964,2020-10-25,P19Y4M10D,no,no
oci:0604104323-0604104317,omid:br/0604104323,omid:br/0604104317,2020-10-25,P0Y3M0D,yes,no
oci:0604104323-0690796935,omid:br/0604104323,omid:br/0690796935,2020-10-25,P15Y,no,no
oci:06440222051-06120587475,omid:br/06440222051,omid:br/06120587475,2017,P5Y,no,no
oci:06440222051-0640821352,omid:br/06440222051,omid:br/0640821352,2017,P5Y,no,no
oci:06440222051-061301383508,omid:br/06440222051,omid:br/061301383508,2017,P5Y,no,no
oci:06440222362-06150350885,omid:br/06440222362,omid:br/06150350885,2020-10-25,P58Y4M,no,no
oci:06440222362-06220588731,omid:br/06440222362,omid:br/06220588731,2020-10-25,P4Y,no,no
oci:06440222279-06440221816,omid:br/06440222279,omid:br/06440221816,2021-01-25,P6Y,yes,no
oci:0604569171-0604569223,omid:br/0604569171,omid:br/0604569223,2017,P0Y,yes,no
oci:0604569171-0604569175,omid:br/0604569171,omid:br/0604569175,2017,P0Y,yes,no
oci:0604569171-06804447265,omid:br/0604569171,omid:br/06804447265,2017,P0Y,yes,no
oci:06440222281-06260834636,omid:br/06440222281,omid:br/06260834636,2021-01-25,P26Y0M,no,no
oci:06440222281-06301084520,omid:br/06440222281,omid:br/06301084520,2021-01-25,P18Y,no,no
oci:06440222281-06201082491,omid:br/06440222281,omid:br/06201082491,2021-01-25,P1Y6M5D,no,no
oci:06440222281-06201082601,omid:br/06440222281,omid:br/06201082601,2021-01-25,P4Y0M5D,no,no
oci:0604104319-062304051126,omid:br/0604104319,omid:br/062304051126,2020-10-25,P6Y,no,no
oci:0604104319-062103556958,omid:br/0604104319,omid:br/062103556958,2020-10-25,P16Y,no,no
oci:0604104319-06440222173,omid:br/0604104319,omid:br/06440222173,2020-10-25,P1Y6M0D,yes,no
oci:0604104319-062304051140,omid:br/0604104319,omid:br/062304051140,2020-10-25,P12Y,no,no
oci:06440222219-06480329808,omid:br/06440222219,omid:br/06480329808,2021-10-25,P2Y3M10D,no,no
oci:06440222219-06440222042,omid:br/06440222219,omid:br/06440222042,2021-10-25,P5Y,yes,no
oci:06440222219-0620195882,omid:br/06440222219,omid:br/0620195882,2021-10-25,P12Y1M21D,no,no
oci:06440222330-06390269947,omid:br/06440222330,omid:br/06390269947,2021-01-25,P3Y3M0D,no,no
oci:06440222330-06602140177,omid:br/06440222330,omid:br/06602140177,2021-01-25,P4Y8M27D,no,no
oci:0603987696-0604837451,omid:br/0603987696,omid:br/0604837451,2014,P25Y,no,no
oci:0603987696-0604837452,omid:br/0603987696,omid:br/0604837452,2014,P28Y,no,no
oci:0603987696-062104031951,omid:br/0603987696,omid:br/062104031951,2014,P28Y,no,no
oci:0603987696-061202217249,omid:br/0603987696,omid:br/061202217249,2014,P7Y,no,no
oci:0603987698-062601815969,omid:br/0603987698,omid:br/062601815969,2014,P5Y,no,no
oci:0603987698-06460251321,omid:br/0603987698,omid:br/06460251321,2014,P13Y,no,no
oci:0603987698-062203563744,omid:br/0603987698,omid:br/062203563744,2014,P7Y,no,no
oci:0603987698-06804451037,omid:br/0603987698,omid:br/06804451037,2014,,no,no
oci:0603987698-061202395420,omid:br/0603987698,omid:br/061202395420,2014,P6Y,no,no
oci:06440222025-0634046113,omid:br/06440222025,omid:br/0634046113,2017,P8Y,no,no
oci:06440222025-0634046188,omid:br/06440222025,omid:br/0634046188,2017,P8Y,no,no
oci:0604104302-06204462148,omid:br/0604104302,omid:br/06204462148,2020-10-25,P16Y,no,no
oci:0604104302-06210776010,omid:br/0604104302,omid:br/06210776010,2020-10-25,P5Y6M,no,no
oci:06440222186-06460152455,omid:br/06440222186,omid:br/06460152455,2021-10-25,P4Y,yes,no
oci:06440222212-062404064250,omid:br/06440222212,omid:br/062404064250,2022-01-25,P1Y7M24D,no,no
oci:06440222212-064074060,omid:br/06440222212,omid:br/064074060,2022-01-25,P3Y4M27D,no,no
oci:06440222212-062404064281,omid:br/06440222212,omid:br/062404064281,2022-01-25,P1Y7M24D,no,no
oci:0603987644-06190843217,omid:br/0603987644,omid:br/06190843217,2014,P12Y,no,no
oci:0603987644-06203991935,omid:br/0603987644,omid:br/06203991935,2014,P15Y,no,no
oci:0603987644-061203290865,omid:br/0603987644,omid:br/061203290865,2014,P46Y,no,no
oci:0604104257-06450295876,omid:br/0604104257,omid:br/06450295876,2020-07-25,P14Y5M10D,no,no
oci:0604104257-06450295966,omid:br/0604104257,omid:br/06450295966,2020-07-25,P14Y5M10D,no,no
oci:0604104257-0604216039,omid:br/0604104257,omid:br/0604216039,2020-07-25,P6Y5M10D,no,no
oci:0604104257-06380271160,omid:br/0604104257,omid:br/06380271160,2020-07-25,P8Y,no,no
oci:0604104257-06180850036,omid:br/0604104257,omid:br/06180850036,2020-07-25,P3Y0M5D,no,no
oci:06440222340-06310220456,omid:br/06440222340,omid:br/06310220456,2020-10-25,P13Y0M10D,no,no
oci:06440222340-06480203915,omid:br/06440222340,omid:br/06480203915,2020-10-25,P12Y,no,no
oci:06440222340-0603987677,omid:br/06440222340,omid:br/0603987677,2020-10-25,P6Y,yes,no
oci:06440222340-06380201081,omid:br/06440222340,omid:br/06380201081,2020-10-25,P4Y,no,no
oci:0604104322-06440222075,omid:br/0604104322,omid:br/06440222075,2020-07-25,P2Y2M0D,yes,no
oci:0604104322-0604837404,omid:br/0604104322,omid:br/0604837404,2020-07-25,P40Y,no,no
oci:0604104322-06101148811,omid:br/0604104322,omid:br/06101148811,2020-07-25,P27Y2M24D,no,no
oci:06440222206-06470213860,omid:br/06440222206,omid:br/06470213860,2022-04-25,P35Y,no,no
oci:06440222206-0604837399,omid:br/06440222206,omid:br/0604837399,2022-04-25,P16Y,no,no
oci:06440222284-062074829,omid:br/06440222284,omid:br/062074829,2021-04-25,P8Y5M,no,no
oci:06440222284-06240257943,omid:br/06440222284,omid:br/06240257943,2021-04-25,P7Y5M5D,no,no
oci:06440222284-062504045459,omid:br/06440222284,omid:br/062504045459,2021-04-25,P9Y,no,no
oci:06440222284-06520198262,omid:br/06440222284,omid:br/06520198262,2021-04-25,P25Y,no,no
oci:06440222284-06440222435,omid:br/06440222284,omid:br/06440222435,2021-04-25,P5Y,yes,no
oci:06440222284-06480203475,omid:br/06440222284,omid:br/06480203475,2021-04-25,P15Y,no,no
oci:06440221991-062601605731,omid:br/06440221991,omid:br/062601605731,2016,P2Y,no,no
oci:06440222287-0640897400,omid:br/06440222287,omid:br/0640897400,2021-01-25,P10Y7M,no,no
oci:06440222287-0631061236,omid:br/06440222287,omid:br/0631061236,2021-01-25,P14Y1M6D,no,no
oci:06440222287-061501421620,omid:br/06440222287,omid:br/061501421620,2021-01-25,P4Y6M3D,no,no
oci:06440222287-06190327790,omid:br/06440222287,omid:br/06190327790,2021-01-25,P16Y0M,no,no
oci:0603987699-06303469755,omid:br/0603987699,omid:br/06303469755,2014,P26Y,no,no
oci:0603987699-0610539171,omid:br/0603987699,omid:br/0610539171,2014,P50Y,no,no
oci:0603987699-06303469806,omid:br/0603987699,omid:br/06303469806,2014,P11Y,no,no
oci:0603987699-061403520425,omid:br/0603987699,omid:br/061403520425,2014,P13Y,no,no
oci:06440222191-062501075854,omid:br/06440222191,omid:br/062501075854,2022-01-25,P8Y,no,no
oci:0603987707-06120154711,omid:br/0603987707,omid:br/06120154711,2015,P10Y,no,no
oci:0603987707-062501337925,omid:br/0603987707,omid:br/062501337925,2015,P5Y,no,no
oci:0603987702-06804568849,omid:br/0603987702,omid:br/06804568849,2014,P6Y,no,no
oci:0603987702-06201083065,omid:br/0603987702,omid:br/06201083065,2014,P10Y,no,no
oci:06440221857-06390204501,omid:br/06440221857,omid:br/06390204501,2015,P4Y,no,no
oci:06440221857-06440221838,omid:br/06440221857,omid:br/06440221838,2015,P1Y,yes,no
oci:06440221846-06460251337,omid:br/06440221846,omid:br/06460251337,2016,P13Y,no,no
oci:06440221846-06460251180,omid:br/06440221846,omid:br/06460251180,2016,P20Y,no,no
oci:06440221846-06120345445,omid:br/06440221846,omid:br/06120345445,2016,P3Y,no,no
oci:06440221846-06130971528,omid:br/06440221846,omid:br/06130971528,2016,P2Y,no,no
oci:06440222053-0634046040,omid:br/06440222053,omid:br/0634046040,2017,P7Y,no,no
oci:06440222053-061903848087,omid:br/06440222053,omid:br/061903848087,2017,P26Y,no,no
oci:06440222053-0604837416,omid:br/06440222053,omid:br/0604837416,2017,P13Y,no,no
oci:06440222053-06402622768,omid:br/06440222053,omid:br/06402622768,2017,P16Y,no,no
oci:06440222183-062602900236,omid:br/06440222183,omid:br/062602900236,2021-10-25,P2Y5M7D,no,no
oci:06440222183-061902195116,omid:br/06440222183,omid:br/061902195116,2021-10-25,P15Y,no,no
oci:06440222183-06903317176,omid:br/06440222183,omid:br/06903317176,2021-10-25,P13Y3M,no,no
oci:06440222183-061303279111,omid:br/06440222183,omid:br/061303279111,2021-10-25,P17Y5M1D,no,no
oci:06440222183-06403713285,omid:br/06440222183,omid:br/06403713285,2021-10-25,P4Y8M25D,no,no
oci:06440222183-061902194890,omid:br/06440222183,omid:br/061902194890,2021-10-25,P12Y,no,no
oci:06440222183-061702201428,omid:br/06440222183,omid:br/061702201428,2021-10-25,P9Y,no,no
oci:06440222183-06501147644,omid:br/06440222183,omid:br/06501147644,2021-10-25,P12Y6M24D,no,no
oci:06440222183-061902194800,omid:br/06440222183,omid:br/061902194800,2021-10-25,P11Y,no,no
oci:06440222183-061602203603,omid:br/06440222183,omid:br/061602203603,2021-10-25,P2Y9M7D,no,no
oci:06440222321-06230595840,omid:br/06440222321,omid:br/06230595840,2020-10-25,P2Y2M0D,no,no
oci:06440222321-06220807258,omid:br/06440222321,omid:br/06220807258,2020-10-25,P7Y10M22D,no,no
oci:06440222321-062301157138,omid:br/06440222321,omid:br/062301157138,2020-10-25,P37Y6M,no,no
oci:06440222321-062301093280,omid:br/06440222321,omid:br/062301093280,2020-10-25,P12Y7M,no,no
oci:06440222321-06180992806,omid:br/06440222321,omid:br/06180992806,2020-10-25,P63Y0M,no,no
oci:06440222321-06370240960,omid:br/06440222321,omid:br/06370240960,2020-10-25,P7Y,no,no
oci:0603987650-062301123599,omid:br/0603987650,omid:br/062301123599,2014,P32Y,no,no
oci:0603987650-06701540868,omid:br/0603987650,omid:br/06701540868,2014,P24Y,no,no
oci:0603987650-062101121601,omid:br/0603987650,omid:br/062101121601,2014,P26Y,no,no
oci:0603987650-062102430750,omid:br/0603987650,omid:br/062102430750,2014,P17Y,no,no
oci:0603987650-061403594295,omid:br/0603987650,omid:br/061403594295,2014,P55Y,no,no
oci:0603987650-06104469499,omid:br/0603987650,omid:br/06104469499,2014,P3Y,no,no
oci:06440222028-062304050225,omid:br/06440222028,omid:br/062304050225,2017,P3Y,no,no
oci:0603987682-06170606051,omid:br/0603987682,omid:br/06170606051,2014,P6Y,no,no
oci:0603987682-061302214741,omid:br/0603987682,omid:br/061302214741,2014,P11Y,no,no
oci:06440221861-06604056137,omid:br/06440221861,omid:br/06604056137,2015,P34Y,no,no
oci:06440222201-06260279404,omid:br/06440222201,omid:br/06260279404,2022-01-25,P14Y10M4D,no,no
oci:06440222201-06901142910,omid:br/06440222201,omid:br/06901142910,2022-01-25,P21Y10M11D,no,no
oci:06440222201-062201123669,omid:br/06440222201,omid:br/062201123669,2022-01-25,P34Y7M,no,no
oci:06440222201-062101121601,omid:br/06440222201,omid:br/062101121601,2022-01-25,P33Y6M,no,no
oci:06440222201-0604837400,omid:br/06440222201,omid:br/0604837400,2022-01-25,P22Y,no,no
oci:0604104263-061502881834,omid:br/0604104263,omid:br/061502881834,2019-10-25,P3Y,no,no
oci:06404406102-06404537225,omid:br/06404406102,omid:br/06404537225,2021-01-25,P23Y,no,no
oci:06404406102-06520259072,omid:br/06404406102,omid:br/06520259072,2021-01-25,P1Y3M29D,no,no
oci:06440221837-062304050244,omid:br/06440221837,omid:br/062304050244,2016,P3Y,no,no
oci:06440222033-061904047268,omid:br/06440222033,omid:br/061904047268,2017,P10Y,no,no
oci:06440222033-0604085432,omid:br/06440222033,omid:br/0604085432,2017,P7Y,no,no
oci:0603987687-0604837447,omid:br/0603987687,omid:br/0604837447,2014,P13Y,no,no
oci:0603987687-0604837448,omid:br/0603987687,omid:br/0604837448,2014,P9Y,no,no
oci:0603987687-0604837449,omid:br/0603987687,omid:br/0604837449,2014,P24Y,no,no
oci:0603987687-06303469772,omid:br/0603987687,omid:br/06303469772,2014,P12Y,no,no
oci:0603987687-062204047565,omid:br/0603987687,omid:br/062204047565,2014,P3Y,no,no
oci:06440222329-061502089852,omid:br/06440222329,omid:br/061502089852,2021-01-25,P3Y2M3D,no,no
oci:06440222329-061201287167,omid:br/06440222329,omid:br/061201287167,2021-01-25,P13Y6M,no,no
oci:06440221825-062401771630,omid:br/06440221825,omid:br/062401771630,2015,P11Y,no,no
oci:06440221825-06260177407,omid:br/06440221825,omid:br/06260177407,2015,P7Y,no,no
oci:06440221825-0604837406,omid:br/06440221825,omid:br/0604837406,2015,P25Y,no,no
oci:0603987681-06602151835,omid:br/0603987681,omid:br/06602151835,2014,P2Y,no,no
oci:0603987681-06304552022,omid:br/0603987681,omid:br/06304552022,2014,P35Y,no,no
oci:06440221866-062302602142,omid:br/06440221866,omid:br/062302602142,2015,P13Y,no,no
oci:06440221858-0642017808,omid:br/06440221858,omid:br/0642017808,2015,P6Y,no,no
oci:06440221996-0642017434,omid:br/06440221996,omid:br/0642017434,2016,P7Y,no,no
oci:0604569131-06101521031,omid:br/0604569131,omid:br/06101521031,2017,P19Y,no,no
oci:0604569131-0603987645,omid:br/0604569131,omid:br/0603987645,2017,P3Y,yes,no
oci:0604569131-062101493936,omid:br/0604569131,omid:br/062101493936,2017,P22Y,no,no
oci:06440222022-0690493951,omid:br/06440222022,omid:br/0690493951,2017,P30Y,no,no
oci:06440222022-06140810970,omid:br/06440222022,omid:br/06140810970,2017,P10Y,no,no
oci:0604569136-0604545444,omid:br/0604569136,omid:br/0604545444,2018-07-25,P36Y,no,no
oci:06440222312-061201757562,omid:br/06440222312,omid:br/061201757562,2021-01-25,P5Y10M13D,no,no
oci:06440222312-06440221817,omid:br/06440222312,omid:br/06440221817,2021-01-25,P5Y,yes,no
oci:06440222312-061702201701,omid:br/06440222312,omid:br/061702201701,2021-01-25,P19Y,no,no
oci:06440222312-061703953683,omid:br/06440222312,omid:br/061703953683,2021-01-25,P13Y,no,no
oci:06440222312-06604438325,omid:br/06440222312,omid:br/06604438325,2021-01-25,,no,no
oci:06440222312-062301785434,omid:br/06440222312,omid:br/062301785434,2021-01-25,P18Y,no,no
oci:06440222312-062401775488,omid:br/06440222312,omid:br/062401775488,2021-01-25,P20Y,no,no
oci:06440222210-06440222352,omid:br/06440222210,omid:br/06440222352,2022-04-25,P0Y9M0D,yes,no
oci:0603987652-062101473502,omid:br/0603987652,omid:br/062101473502,2014,P5Y,no,no
oci:0603987652-06201082904,omid:br/0603987652,omid:br/06201082904,2014,P3Y,no,no
oci:0604569142-06480203475,omid:br/0604569142,omid:br/06480203475,2017,P11Y,no,no
oci:06703987719-06420207953,omid:br/06703987719,omid:br/06420207953,2017,P12Y,no,no
oci:06703987719-06380200504,omid:br/06703987719,omid:br/06380200504,2017,P9Y,no,no
oci:0604569193-062603364561,omid:br/0604569193,omid:br/062603364561,2017,P9Y,no,no
oci:06440222227-06903062690,omid:br/06440222227,omid:br/06903062690,2022-01-25,P37Y2M,no,no
oci:06440222227-06250261575,omid:br/06440222227,omid:br/06250261575,2022-01-25,P13Y10M13D,no,no
oci:06440222282-0690373267,omid:br/06440222282,omid:br/0690373267,2021-01-25,P2Y,no,no
oci:06440222282-0690373845,omid:br/06440222282,omid:br/0690373845,2021-01-25,P11Y,no,no
oci:06440222282-0604655202,omid:br/06440222282,omid:br/0604655202,2021-01-25,P12Y5M24D,no,no
oci:06440222282-061601286819,omid:br/06440222282,omid:br/061601286819,2021-01-25,P8Y,no,no
oci:06440222282-06190172236,omid:br/06440222282,omid:br/06190172236,2021-01-25,P32Y7M,no,no
oci:06440222282-06210170112,omid:br/06440222282,omid:br/06210170112,2021-01-25,P25Y4M,no,no
oci:06440222282-061902120403,omid:br/06440222282,omid:br/061902120403,2021-01-25,P26Y9M,no,no
oci:06440222282-0640170538,omid:br/06440222282,omid:br/0640170538,2021-01-25,P15Y8M,no,no
oci:0603987656-06240937185,omid:br/0603987656,omid:br/06240937185,2014,P12Y,no,no
oci:0604569214-061603599100,omid:br/0604569214,omid:br/061603599100,2017,P11Y,no,no
oci:0604569214-06480203934,omid:br/0604569214,omid:br/06480203934,2017,P11Y,no,no
oci:0604569214-06350224114,omid:br/0604569214,omid:br/06350224114,2017,P9Y,no,no
oci:0604104303-06340223333,omid:br/0604104303,omid:br/06340223333,2019-07-25,P1Y,no,no
oci:0604104303-06340238704,omid:br/0604104303,omid:br/06340238704,2019-07-25,P5Y,no,no
oci:0604104303-0604070984,omid:br/0604104303,omid:br/0604070984,2019-07-25,P14Y6M10D,no,no
oci:0604104254-061703045979,omid:br/0604104254,omid:br/061703045979,2020-01-25,P16Y7M16D,no,no
oci:06440222278-062104038132,omid:br/06440222278,omid:br/062104038132,2021-04-25,P1Y,no,no
oci:06440222278-062104038129,omid:br/06440222278,omid:br/062104038129,2021-04-25,P1Y,no,no
oci:06440222278-061901060313,omid:br/06440222278,omid:br/061901060313,2021-04-25,P3Y11M3D,no,no
oci:0604104288-06440222035,omid:br/0604104288,omid:br/06440222035,2019-07-25,P2Y,yes,no
oci:0604104288-06420221612,omid:br/0604104288,omid:br/06420221612,2019-07-25,P3Y,no,no
oci:06440222319-06530283909,omid:br/06440222319,omid:br/06530283909,2021-01-25,P22Y,no,no
oci:0603987637-06230596138,omid:br/0603987637,omid:br/06230596138,2014,P10Y,no,no
oci:0603987637-06220589246,omid:br/0603987637,omid:br/06220589246,2014,P5Y,no,no
oci:06440221803-06340196638,omid:br/06440221803,omid:br/06340196638,2015,P6Y,no,no
oci:0604569211-06401089161,omid:br/0604569211,omid:br/06401089161,2017,P5Y,no,no
oci:0604569211-06401089179,omid:br/0604569211,omid:br/06401089179,2017,P5Y,no,no
oci:06440222014-06501349236,omid:br/06440222014,omid:br/06501349236,2017,P6Y,no,no
oci:06440222014-06301331961,omid:br/06440222014,omid:br/06301331961,2017,P1Y,no,no
oci:06440222014-06301332729,omid:br/06440222014,omid:br/06301332729,2017,P3Y,no,no
oci:0604104304-061101794155,omid:br/0604104304,omid:br/061101794155,2019-07-25,P47Y5M24D,no,no
oci:0604104304-06304355133,omid:br/0604104304,omid:br/06304355133,2019-07-25,P1Y,yes,no
oci:06440222013-0604837419,omid:br/06440222013,omid:br/0604837419,2017,P13Y,no,no
oci:06440222013-06104080932,omid:br/06440222013,omid:br/06104080932,2017,P16Y,no,no
oci:0604104252-062302095625,omid:br/0604104252,omid:br/062302095625,2020-01-25,P10Y8M,no,no
oci:0604104252-061403601060,omid:br/0604104252,omid:br/061403601060,2020-01-25,P28Y,no,no
oci:0604104252-06260602377,omid:br/0604104252,omid:br/06260602377,2020-01-25,P20Y10M24D,no,no
oci:0604104239-0604569199,omid:br/0604104239,omid:br/0604569199,2019-10-25,P2Y,yes,no
oci:06440222310-061901060001,omid:br/06440222310,omid:br/061901060001,2021-04-25,P8Y,no,no
oci:06440222310-06440221992,omid:br/06440222310,omid:br/06440221992,2021-04-25,P2Y11M0D,yes,no
oci:06440222310-06440221986,omid:br/06440222310,omid:br/06440221986,2021-04-25,P4Y,yes,no
oci:0603987664-06110794626,omid:br/0603987664,omid:br/06110794626,2014,P10Y,no,no
oci:0603987618-061601134523,omid:br/0603987618,omid:br/061601134523,2014,P13Y,no,no
oci:0603987618-06901143022,omid:br/0603987618,omid:br/06901143022,2014,P16Y,no,no
oci:0603987618-061301126642,omid:br/0603987618,omid:br/061301126642,2014,P13Y,no,no
oci:0603987618-06801134838,omid:br/0603987618,omid:br/06801134838,2014,P11Y,no,no
oci:0603987618-065074592,omid:br/0603987618,omid:br/065074592,2014,P7Y,no,no
oci:06440221810-06204529453,omid:br/06440221810,omid:br/06204529453,2016,P20Y,no,no
oci:06440221810-061802188953,omid:br/06440221810,omid:br/061802188953,2016,P14Y,no,no
oci:06440221810-0604837387,omid:br/06440221810,omid:br/0604837387,2016,P15Y,no,no
oci:06440221810-06604520278,omid:br/06440221810,omid:br/06604520278,2016,P21Y,no,no
oci:0604104248-06380294126,omid:br/0604104248,omid:br/06380294126,2019-10-25,P5Y11M25D,no,no
oci:0604569162-06440222039,omid:br/0604569162,omid:br/06440222039,2018,P1Y,yes,no
oci:0604104272-06310220880,omid:br/0604104272,omid:br/06310220880,2020-01-25,P6Y4M24D,no,no
oci:0604104272-062304050200,omid:br/0604104272,omid:br/062304050200,2020-01-25,P6Y,no,no
oci:06440222270-06480203475,omid:br/06440222270,omid:br/06480203475,2021-04-25,P15Y,no,no
oci:06440222270-06440222170,omid:br/06440222270,omid:br/06440222170,2021-04-25,P2Y6M0D,yes,no
oci:06440221835-06250259754,omid:br/06440221835,omid:br/06250259754,2015,P2Y,no,no
oci:0603987645-061402702530,omid:br/0603987645,omid:br/061402702530,2014,P4Y,no,no
oci:0603987645-062101605017,omid:br/0603987645,omid:br/062101605017,2014,P2Y,no,no
oci:0603987643-0690493951,omid:br/0603987643,omid:br/0690493951,2014,P27Y,no,no
oci:06440221805-06410304992,omid:br/06440221805,omid:br/06410304992,2015,P1Y,no,no
oci:0604569147-06270233989,omid:br/0604569147,omid:br/06270233989,2017,P3Y,no,no
oci:06440222047-06104573930,omid:br/06440222047,omid:br/06104573930,2017,P4Y,no,no
oci:06440222047-06440222443,omid:br/06440222047,omid:br/06440222443,2017,P2Y,yes,no
oci:06440222251-06304007452,omid:br/06440222251,omid:br/06304007452,2022-04-25,P7Y,no,no
oci:06440222251-0604212202,omid:br/06440222251,omid:br/0604212202,2022-04-25,P15Y2M24D,no,no
oci:06440222251-062504061420,omid:br/06440222251,omid:br/062504061420,2022-04-25,P16Y5M24D,no,no
oci:06440222251-061904047261,omid:br/06440222251,omid:br/061904047261,2022-04-25,P14Y,no,no
oci:0604104242-0650530976,omid:br/0604104242,omid:br/0650530976,2019-07-25,P31Y10M3D,no,no
oci:0604104242-06150529573,omid:br/0604104242,omid:br/06150529573,2019-07-25,P35Y3M15D,no,no
oci:0603987657-061702201375,omid:br/0603987657,omid:br/061702201375,2014,P2Y,no,no
oci:0603987657-061902195102,omid:br/0603987657,omid:br/061902195102,2014,P8Y,no,no
oci:0604569137-062202385164,omid:br/0604569137,omid:br/062202385164,2017,P8Y,no,no
oci:0604569137-06201082713,omid:br/0604569137,omid:br/06201082713,2017,P8Y,no,no
oci:0604569137-06330225538,omid:br/0604569137,omid:br/06330225538,2017,P1Y,no,no
oci:0604569137-06210809079,omid:br/0604569137,omid:br/06210809079,2017,P4Y,no,no
oci:0604569138-06440290351,omid:br/0604569138,omid:br/06440290351,2018,P32Y,no,no
oci:0604104333-061201574476,omid:br/0604104333,omid:br/061201574476,2020-01-25,P2Y3M,no,no
oci:0604104333-0604569202,omid:br/0604104333,omid:br/0604569202,2020-01-25,P3Y,yes,no
oci:0604104333-0604837410,omid:br/0604104333,omid:br/0604837410,2020-01-25,P26Y,no,no
oci:0604104243-06520198389,omid:br/0604104243,omid:br/06520198389,2019-10-25,P39Y,no,no
oci:0604104243-062101494716,omid:br/0604104243,omid:br/062101494716,2019-10-25,P13Y6M24D,no,no
oci:06440222187-06440222385,omid:br/06440222187,omid:br/06440222385,2022-04-25,P6Y,yes,no
oci:06440222187-06401096286,omid:br/06440222187,omid:br/06401096286,2022-04-25,P10Y7M,no,no
oci:06440221998-06150903479,omid:br/06440221998,omid:br/06150903479,2016,P27Y,no,no
oci:0603987694-06190441525,omid:br/0603987694,omid:br/06190441525,2014,P20Y,no,no
oci:0603987694-061401242358,omid:br/0603987694,omid:br/061401242358,2014,P17Y,no,no
oci:0603987694-06110446075,omid:br/0603987694,omid:br/06110446075,2014,P22Y,no,no
oci:0603987694-062301250169,omid:br/0603987694,omid:br/062301250169,2014,P16Y,no,no
oci:0603987694-062401227991,omid:br/0603987694,omid:br/062401227991,2014,P7Y,no,no
oci:0603987694-0604831989,omid:br/0603987694,omid:br/0604831989,2014,P8Y,no,no
oci:0604569151-06120159729,omid:br/0604569151,omid:br/06120159729,2018-07-25,P11Y6M,no,no
oci:0604569151-06702995858,omid:br/0604569151,omid:br/06702995858,2018-07-25,P7Y0M8D,no,no
oci:0604569151-06702995860,omid:br/0604569151,omid:br/06702995860,2018-07-25,P7Y0M8D,no,no
oci:0604569151-06230621869,omid:br/0604569151,omid:br/06230621869,2018-07-25,P49Y0M24D,no,no
oci:0604569151-06180835717,omid:br/0604569151,omid:br/06180835717,2018-07-25,P15Y8M,no,no
oci:0604569151-06260743967,omid:br/0604569151,omid:br/06260743967,2018-07-25,P3Y,no,no
oci:0604569151-06101808569,omid:br/0604569151,omid:br/06101808569,2018-07-25,P44Y9M24D,no,no
oci:0604569151-06230622677,omid:br/0604569151,omid:br/06230622677,2018-07-25,P24Y0M24D,no,no
oci:0604569151-0615093575,omid:br/0604569151,omid:br/0615093575,2018-07-25,P22Y9M,no,no
oci:0604104282-061403292191,omid:br/0604104282,omid:br/061403292191,2019-10-25,P16Y11M,no,no
oci:06440222177-06440222033,omid:br/06440222177,omid:br/06440222033,2022-04-25,P5Y,yes,no
oci:06440222177-0604837403,omid:br/06440222177,omid:br/0604837403,2022-04-25,P12Y,no,no
oci:0603987614-061902194981,omid:br/0603987614,omid:br/061902194981,2014,P6Y,no,no
oci:06440221802-0603972961,omid:br/06440221802,omid:br/0603972961,2015,P17Y,no,no
oci:06440221802-0660267809,omid:br/06440221802,omid:br/0660267809,2015,P47Y,no,no
oci:06440222040-062604074665,omid:br/06440222040,omid:br/062604074665,2017,P24Y,no,no
oci:06440222258-06401034410,omid:br/06440222258,omid:br/06401034410,2022-01-25,P17Y2M,no,no
oci:06440222337-06440221943,omid:br/06440222337,omid:br/06440221943,2021-04-25,P1Y0M24D,yes,no
oci:06440222337-06480203475,omid:br/06440222337,omid:br/06480203475,2021-04-25,P15Y,no,no
oci:0604569167-061302703968,omid:br/0604569167,omid:br/061302703968,2017,P14Y,no,no
oci:0603987615-06201082923,omid:br/0603987615,omid:br/06201082923,2015,P4Y,no,no
oci:0603987615-0604837437,omid:br/0603987615,omid:br/0604837437,2015,P10Y,no,no
oci:06304355133-0603987665,omid:br/06304355133,omid:br/0603987665,2018,P4Y,yes,no
oci:06304355133-06290225107,omid:br/06304355133,omid:br/06290225107,2018,P10Y,no,no
oci:0604569153-062601605853,omid:br/0604569153,omid:br/062601605853,2018,P8Y,no,no
oci:0604104329-0604658572,omid:br/0604104329,omid:br/0604658572,2019-10-25,P20Y,no,no
oci:0604104329-06480203934,omid:br/0604104329,omid:br/06480203934,2019-10-25,P13Y,no,no
oci:0604104329-06440222035,omid:br/0604104329,omid:br/06440222035,2019-10-25,P2Y,yes,no
oci:06440222297-06440222107,omid:br/06440222297,omid:br/06440222107,2021-07-25,P2Y9M0D,yes,no
oci:06440222215-0603987652,omid:br/06440222215,omid:br/0603987652,2022-01-25,P8Y,yes,no
oci:0603987636-06440221838,omid:br/0603987636,omid:br/06440221838,2015,P1Y,yes,no
oci:0603987636-06440221857,omid:br/0603987636,omid:br/06440221857,2015,P0Y,yes,no
oci:06440221814-06350293224,omid:br/06440221814,omid:br/06350293224,2015,P10Y,no,no
oci:06440221993-06440221870,omid:br/06440221993,omid:br/06440221870,2017,P2Y,yes,no
oci:06440221993-062304050239,omid:br/06440221993,omid:br/062304050239,2017,P4Y,no,no
oci:0604569195-06440221874,omid:br/0604569195,omid:br/06440221874,2017,P1Y,yes,no
oci:0604569195-0642017334,omid:br/0604569195,omid:br/0642017334,2017,P16Y,no,no
oci:06440222302-0604837396,omid:br/06440222302,omid:br/0604837396,2021-01-25,P7Y,no,no
oci:06440222302-06520292799,omid:br/06440222302,omid:br/06520292799,2021-01-25,P5Y2M26D,no,no
oci:06440222302-06390303536,omid:br/06440222302,omid:br/06390303536,2021-01-25,P29Y1M10D,no,no
oci:06440222302-0603988578,omid:br/06440222302,omid:br/0603988578,2021-01-25,P33Y9M,no,no
oci:06440222302-06310220393,omid:br/06440222302,omid:br/06310220393,2021-01-25,P13Y5M24D,no,no
oci:06440222285-06220807258,omid:br/06440222285,omid:br/06220807258,2021-04-25,P8Y4M22D,no,no
oci:06440222285-0604837434,omid:br/06440222285,omid:br/0604837434,2021-04-25,P21Y,no,no
oci:06440222285-0604508531,omid:br/06440222285,omid:br/0604508531,2021-04-25,P19Y3M10D,no,no
oci:06440222285-06310220485,omid:br/06440222285,omid:br/06310220485,2021-04-25,P13Y7M24D,no,no
oci:06440222285-06440221879,omid:br/06440222285,omid:br/06440221879,2021-04-25,P6Y,yes,no
oci:06440222285-06104559275,omid:br/06440222285,omid:br/06104559275,2021-04-25,P31Y,no,no
oci:06440222240-06230595840,omid:br/06440222240,omid:br/06230595840,2022-01-25,P3Y5M0D,no,no
oci:06440222240-06370240960,omid:br/06440222240,omid:br/06370240960,2022-01-25,P9Y,no,no
oci:06440222240-0604837405,omid:br/06440222240,omid:br/0604837405,2022-01-25,P5Y,no,no
oci:06440222240-061104180801,omid:br/06440222240,omid:br/061104180801,2022-01-25,P9Y,no,no
oci:06440222240-06504473734,omid:br/06440222240,omid:br/06504473734,2022-01-25,P7Y,no,no
oci:06440222240-0604569184,omid:br/06440222240,omid:br/0604569184,2022-01-25,P5Y,yes,no
oci:0603987688-0604837439,omid:br/0603987688,omid:br/0604837439,2015,P4Y,no,no
oci:0603987685-062504062648,omid:br/0603987685,omid:br/062504062648,2015,P14Y,no,no
oci:0603987669-064803267,omid:br/0603987669,omid:br/064803267,2014,P20Y,no,no
oci:06440221984-06280307721,omid:br/06440221984,omid:br/06280307721,2017,P13Y,no,no
oci:06440221984-06901642957,omid:br/06440221984,omid:br/06901642957,2017,P34Y,no,no
oci:06440221984-06101071538,omid:br/06440221984,omid:br/06101071538,2017,P6Y,no,no
oci:0603987697-062601795319,omid:br/0603987697,omid:br/062601795319,2015,P2Y,no,no
oci:0603987697-06280307727,omid:br/0603987697,omid:br/06280307727,2015,P11Y,no,no
oci:06440221831-06440221878,omid:br/06440221831,omid:br/06440221878,2017,P2Y,yes,no
oci:0604569215-0638026399,omid:br/0604569215,omid:br/0638026399,2018,P11Y,no,no
oci:0604569215-0604837450,omid:br/0604569215,omid:br/0604837450,2018,P32Y,no,no
oci:0604104289-062104039415,omid:br/0604104289,omid:br/062104039415,2019-10-25,P2Y,no,no
oci:0604104330-061701482535,omid:br/0604104330,omid:br/061701482535,2019-10-25,P1Y2M5D,no,no
oci:0604104330-06480203475,omid:br/0604104330,omid:br/06480203475,2019-10-25,P13Y,no,no
oci:06440222269-062601525000,omid:br/06440222269,omid:br/062601525000,2021-01-25,P20Y3M24D,no,no
oci:06440222269-062601525446,omid:br/06440222269,omid:br/062601525446,2021-01-25,P22Y11M24D,no,no
oci:06440222269-062101493936,omid:br/06440222269,omid:br/062101493936,2021-01-25,P26Y,no,no
oci:06440222269-06220807258,omid:br/06440222269,omid:br/06220807258,2021-01-25,P8Y1M22D,no,no
oci:06440222269-06440222141,omid:br/06440222269,omid:br/06440222141,2021-01-25,P2Y3M0D,yes,no
oci:06440222269-0603987645,omid:br/06440222269,omid:br/0603987645,2021-01-25,P7Y,yes,no
oci:06440222269-0604569131,omid:br/06440222269,omid:br/0604569131,2021-01-25,P4Y,yes,no
oci:06440222266-06220588703,omid:br/06440222266,omid:br/06220588703,2022-01-25,P6Y,no,no
oci:06440222266-06240162170,omid:br/06440222266,omid:br/06240162170,2022-01-25,P8Y6M28D,no,no
oci:06440222266-06220588651,omid:br/06440222266,omid:br/06220588651,2022-01-25,P4Y,no,no
oci:06440222266-06220588649,omid:br/06440222266,omid:br/06220588649,2022-01-25,P4Y,no,no
oci:06440222266-06220588505,omid:br/06440222266,omid:br/06220588505,2022-01-25,P2Y,no,no
oci:06440222266-06803848598,omid:br/06440222266,omid:br/06803848598,2022-01-25,P5Y,no,no
oci:062603592685-06270218713,omid:br/062603592685,omid:br/06270218713,2015,P14Y,no,no
oci:062603592685-061402210484,omid:br/062603592685,omid:br/061402210484,2015,P14Y,no,no
oci:062603592685-061902195050,omid:br/062603592685,omid:br/061902195050,2015,P8Y,no,no
oci:062603592685-061202225827,omid:br/062603592685,omid:br/061202225827,2015,P12Y,no,no
oci:0603987624-062601605772,omid:br/0603987624,omid:br/062601605772,2015,P3Y,no,no
oci:0603987624-062601605832,omid:br/0603987624,omid:br/062601605832,2015,P4Y,no,no
oci:0603987624-06303469664,omid:br/0603987624,omid:br/06303469664,2015,P24Y,no,no
oci:06440222061-06340223445,omid:br/06440222061,omid:br/06340223445,2017,P17Y,no,no
oci:06440222061-0604132978,omid:br/06440222061,omid:br/0604132978,2017,P2Y,no,no
oci:06440222213-06230371670,omid:br/06440222213,omid:br/06230371670,2022-04-25,P8Y,no,no
oci:06440222213-06230371615,omid:br/06440222213,omid:br/06230371615,2022-04-25,P5Y,no,no
oci:06440222356-06230269131,omid:br/06440222356,omid:br/06230269131,2021-01-25,P10Y7M16D,no,no
oci:06440222356-0603987627,omid:br/06440222356,omid:br/0603987627,2021-01-25,P7Y,yes,no
oci:06440222356-0620591229,omid:br/06440222356,omid:br/0620591229,2021-01-25,P7Y,yes,no
oci:0604104293-06190171346,omid:br/0604104293,omid:br/06190171346,2019-04-25,P29Y0M,no,no
oci:0604104293-0690373414,omid:br/0604104293,omid:br/0690373414,2019-04-25,P3Y,no,no
oci:06440222197-061204007149,omid:br/06440222197,omid:br/061204007149,2022-01-25,P22Y,no,no
oci:06440222074-0604837385,omid:br/06440222074,omid:br/0604837385,2017,P2Y,no,no
oci:06440222074-061602887652,omid:br/06440222074,omid:br/061602887652,2017,P4Y,no,no
oci:0604104271-06280231385,omid:br/0604104271,omid:br/06280231385,2019-07-25,P1Y5M24D,no,no
oci:0604104271-0604837392,omid:br/0604104271,omid:br/0604837392,2019-07-25,P7Y,no,no
oci:0604104271-06301084613,omid:br/0604104271,omid:br/06301084613,2019-07-25,P11Y,no,no
oci:0604104271-0604837393,omid:br/0604104271,omid:br/0604837393,2019-07-25,P19Y,no,no
oci:06440222243-061303128678,omid:br/06440222243,omid:br/061303128678,2022-07-25,P1Y1M2D,no,no
oci:06440222243-06401092396,omid:br/06440222243,omid:br/06401092396,2022-07-25,P7Y5M24D,no,no
oci:06440222323-062403028282,omid:br/06440222323,omid:br/062403028282,2021-07-25,P4Y4M,no,no
oci:06440222323-061301323387,omid:br/06440222323,omid:br/061301323387,2021-07-25,P7Y7M29D,no,no
oci:06440222323-062301502236,omid:br/06440222323,omid:br/062301502236,2021-07-25,P34Y,no,no
oci:06440222323-06203192881,omid:br/06440222323,omid:br/06203192881,2021-07-25,P37Y3M,no,no
oci:062503560001-06901642957,omid:br/062503560001,omid:br/06901642957,2014,P31Y,no,no
oci:062503560001-06101071538,omid:br/062503560001,omid:br/06101071538,2014,P3Y,no,no
oci:0603987674-06201460288,omid:br/0603987674,omid:br/06201460288,2015,P11Y,no,no
oci:06440222034-06260952889,omid:br/06440222034,omid:br/06260952889,2016,P2Y,no,no
oci:0604104245-06440222383,omid:br/0604104245,omid:br/06440222383,2019-04-25,P3Y,yes,no
oci:0604104245-0604569163,omid:br/0604104245,omid:br/0604569163,2019-04-25,P2Y,yes,no
oci:0604104245-06802854181,omid:br/0604104245,omid:br/06802854181,2019-04-25,P6Y,no,no
oci:06440222315-06480203802,omid:br/06440222315,omid:br/06480203802,2020-10-25,P19Y,no,no
oci:06440222224-062401556412,omid:br/06440222224,omid:br/062401556412,2022-04-25,P6Y8M,no,no
oci:06204409730-062601605903,omid:br/06204409730,omid:br/062601605903,2017,P8Y,no,no
oci:061203589154-062601605873,omid:br/061203589154,omid:br/062601605873,2018,P8Y,no,no
oci:061203589154-062601605845,omid:br/061203589154,omid:br/062601605845,2018,P7Y,no,no
oci:061203589154-061101146263,omid:br/061203589154,omid:br/061101146263,2018,P3Y,no,no
oci:061203589154-062601605681,omid:br/061203589154,omid:br/062601605681,2018,P3Y,no,no
oci:061203589154-062601605818,omid:br/061203589154,omid:br/062601605818,2018,P7Y,no,no
oci:061203589154-062601605799,omid:br/061203589154,omid:br/062601605799,2018,P12Y,no,no
oci:0604104250-061303778862,omid:br/0604104250,omid:br/061303778862,2019-04-25,P16Y2M,no,no
oci:061803582172-0633045410,omid:br/061803582172,omid:br/0633045410,2019-04-25,P5Y10M29D,no,no
oci:0604104238-06390270011,omid:br/0604104238,omid:br/06390270011,2019-04-25,P3Y6M0D,no,no
oci:06440222247-062601605497,omid:br/06440222247,omid:br/062601605497,2022-01-25,P2Y1M5D,no,no
oci:06440222247-062601605819,omid:br/06440222247,omid:br/062601605819,2022-01-25,P11Y,no,no
oci:06440222247-062601605646,omid:br/06440222247,omid:br/062601605646,2022-01-25,P6Y,no,no
oci:06440222307-06130344922,omid:br/06440222307,omid:br/06130344922,2020-10-25,P0Y8M22D,no,no
oci:06440222307-061903351144,omid:br/06440222307,omid:br/061903351144,2020-10-25,P0Y5M,no,no
oci:06440222275-06170484939,omid:br/06440222275,omid:br/06170484939,2022-07-25,P42Y4M18D,no,no
oci:0603987700-062603653902,omid:br/0603987700,omid:br/062603653902,2015,P27Y,no,no
oci:0603987700-06603304594,omid:br/0603987700,omid:br/06603304594,2015,P18Y,no,no
oci:06440222011-06350223870,omid:br/06440222011,omid:br/06350223870,2017,P16Y,no,no
oci:06440222011-06440222046,omid:br/06440222011,omid:br/06440222046,2017,P1Y,yes,no
oci:06440222011-06410305230,omid:br/06440222011,omid:br/06410305230,2017,P1Y,no,no
oci:06380112918-0604132955,omid:br/06380112918,omid:br/0604132955,2017,P2Y,no,no
oci:06380112918-0640798207,omid:br/06380112918,omid:br/0640798207,2017,P8Y,no,no
oci:06380112918-06260177612,omid:br/06380112918,omid:br/06260177612,2017,P9Y,no,no
oci:06380112918-062504061600,omid:br/06380112918,omid:br/062504061600,2017,P2Y,no,no
oci:06440222320-062502617499,omid:br/06440222320,omid:br/062502617499,2021-10-25,P5Y10M,no,no
oci:06440222320-06504473317,omid:br/06440222320,omid:br/06504473317,2021-10-25,P5Y,no,no
oci:06440222320-06480196622,omid:br/06440222320,omid:br/06480196622,2021-10-25,P29Y,no,no
oci:06520156199-06201460214,omid:br/06520156199,omid:br/06201460214,2020-10-25,P14Y,no,no
oci:06440222069-06450295626,omid:br/06440222069,omid:br/06450295626,2017,P24Y,no,no
oci:0603987653-06450295876,omid:br/0603987653,omid:br/06450295876,2015,P9Y,no,no
oci:0603987653-06904085977,omid:br/0603987653,omid:br/06904085977,2015,P8Y,no,no
oci:0603987653-0604043037,omid:br/0603987653,omid:br/0604043037,2015,P25Y,no,no
oci:0603987653-06450295966,omid:br/0603987653,omid:br/06450295966,2015,P9Y,no,no
oci:0603987653-06520230614,omid:br/0603987653,omid:br/06520230614,2015,P8Y,no,no
oci:06440221815-06470253028,omid:br/06440221815,omid:br/06470253028,2015,P6Y,no,no
oci:0604104332-06440292958,omid:br/0604104332,omid:br/06440292958,2019-07-25,P6Y10M10D,no,no
oci:0604104332-0604354239,omid:br/0604104332,omid:br/0604354239,2019-07-25,P12Y9M10D,no,no
oci:0604104332-06520198275,omid:br/0604104332,omid:br/06520198275,2019-07-25,P24Y,no,no
oci:06440222345-061302242692,omid:br/06440222345,omid:br/061302242692,2021-01-25,P5Y,no,no
oci:0604104241-061904046984,omid:br/0604104241,omid:br/061904046984,2019-04-25,P23Y,no,no
oci:06440222286-0604837388,omid:br/06440222286,omid:br/0604837388,2022-07-25,P21Y,no,no
oci:06440222286-062103031518,omid:br/06440222286,omid:br/062103031518,2022-07-25,P26Y8M,no,no
oci:06440221882-06104141261,omid:br/06440221882,omid:br/06104141261,2015,P22Y,no,no
oci:06403988083-06480203934,omid:br/06403988083,omid:br/06480203934,2017,P11Y,no,no
oci:06403988083-06440221834,omid:br/06403988083,omid:br/06440221834,2017,P2Y,yes,no
oci:0604569141-062202441966,omid:br/0604569141,omid:br/062202441966,2018,P7Y,no,no
oci:0604569141-06201460013,omid:br/0604569141,omid:br/06201460013,2018,P16Y,no,no
oci:0604569141-0649057964,omid:br/0604569141,omid:br/0649057964,2018,P10Y,no,no
oci:06440222038-0604837389,omid:br/06440222038,omid:br/0604837389,2017,P24Y,no,no
oci:0604569196-06440221823,omid:br/0604569196,omid:br/06440221823,2018,P3Y,yes,no
oci:0604104315-062603615170,omid:br/0604104315,omid:br/062603615170,2019-07-25,P2Y,yes,no
oci:0604104315-061901138380,omid:br/0604104315,omid:br/061901138380,2019-07-25,P5Y,no,no
oci:0604104315-061602137053,omid:br/0604104315,omid:br/061602137053,2019-07-25,P13Y9M6D,no,no
oci:0604104315-062402762377,omid:br/0604104315,omid:br/062402762377,2019-07-25,P26Y,no,no
oci:0604104315-061901138645,omid:br/0604104315,omid:br/061901138645,2019-07-25,P7Y,no,no
oci:06440222318-061102725214,omid:br/06440222318,omid:br/061102725214,2021-01-25,P20Y6M,no,no
oci:06440222318-0643027000,omid:br/06440222318,omid:br/0643027000,2021-01-25,P28Y7M,no,no
oci:06440222318-06210263828,omid:br/06440222318,omid:br/06210263828,2021-01-25,P4Y11M2D,no,no
oci:06440222318-061901059606,omid:br/06440222318,omid:br/061901059606,2021-01-25,P4Y,no,no
oci:0604104298-06360293573,omid:br/0604104298,omid:br/06360293573,2019-10-25,P15Y3M10D,no,no
oci:0604104298-06440222091,omid:br/0604104298,omid:br/06440222091,2019-10-25,P1Y3M0D,yes,no
oci:0604104298-06320218343,omid:br/0604104298,omid:br/06320218343,2019-10-25,P8Y7M24D,no,no
oci:0604104298-06290225497,omid:br/0604104298,omid:br/06290225497,2019-10-25,P16Y5M24D,no,no
oci:0604104298-06440222143,omid:br/0604104298,omid:br/06440222143,2019-10-25,P2Y,yes,no
oci:0604104298-061602888614,omid:br/0604104298,omid:br/061602888614,2019-10-25,P8Y,no,no
oci:06440222280-062604074025,omid:br/06440222280,omid:br/062604074025,2021-07-25,P11Y10M10D,no,no
oci:06440221812-062601605883,omid:br/06440221812,omid:br/062601605883,2015,P5Y,no,no
oci:06440222035-06201572701,omid:br/06440222035,omid:br/06201572701,2017,P24Y,no,no
oci:06440222065-061701791007,omid:br/06440222065,omid:br/061701791007,2017,P10Y,no,no
oci:06440222065-061801782394,omid:br/06440222065,omid:br/061801782394,2017,P10Y,no,no
oci:06440221862-0604837443,omid:br/06440221862,omid:br/0604837443,2015,P17Y,no,no
oci:06440221862-061403578422,omid:br/06440221862,omid:br/061403578422,2015,P0Y,no,no
oci:0604569170-0690273511,omid:br/0604569170,omid:br/0690273511,2017,P16Y,no,no
oci:0604569170-0604837435,omid:br/0604569170,omid:br/0604837435,2017,P5Y,no,no
oci:0604569170-06201082798,omid:br/0604569170,omid:br/06201082798,2017,P2Y,no,no
oci:0604569170-06201082706,omid:br/0604569170,omid:br/06201082706,2017,P8Y,no,no
oci:06440222292-06440222449,omid:br/06440222292,omid:br/06440222449,2021-04-25,P5Y,yes,no
oci:06440222300-062204014798,omid:br/06440222300,omid:br/062204014798,2022-07-25,P7Y,no,no
oci:06440221840-062202442045,omid:br/06440221840,omid:br/062202442045,2015,P6Y,no,no
oci:06440222044-06440221874,omid:br/06440222044,omid:br/06440221874,2017,P1Y,yes,no
oci:06440221800-06410202508,omid:br/06440221800,omid:br/06410202508,2015,P39Y,no,no
oci:06440221800-06260952899,omid:br/06440221800,omid:br/06260952899,2015,P2Y,no,no
oci:06440221800-0604837444,omid:br/06440221800,omid:br/0604837444,2015,P54Y,no,no
oci:06440221800-06490169054,omid:br/06440221800,omid:br/06490169054,2015,,no,no
oci:06440221800-0604837445,omid:br/06440221800,omid:br/0604837445,2015,P39Y,no,no
oci:0604569218-061804046657,omid:br/0604569218,omid:br/061804046657,2017,P9Y,no,no
oci:06440222333-06440222389,omid:br/06440222333,omid:br/06440222389,2021-04-25,P5Y,yes,no
oci:06440222333-061201498732,omid:br/06440222333,omid:br/061201498732,2021-04-25,P7Y0M24D,no,no
oci:0604104262-0604837398,omid:br/0604104262,omid:br/0604837398,2020-07-25,P6Y,no,no
oci:0604104262-06440222102,omid:br/0604104262,omid:br/06440222102,2020-07-25,P1Y9M0D,yes,no
oci:0603987659-0604837453,omid:br/0603987659,omid:br/0604837453,2014,P23Y,no,no
oci:0603987659-061301785895,omid:br/0603987659,omid:br/061301785895,2014,P8Y,no,no
oci:06440221804-0628025501,omid:br/06440221804,omid:br/0628025501,2014,P39Y,no,no
oci:06440221804-0640822483,omid:br/06440221804,omid:br/0640822483,2014,P18Y,no,no
oci:06204006066-06190797712,omid:br/06204006066,omid:br/06190797712,2015,P38Y,no,no
oci:06204006066-0604837446,omid:br/06204006066,omid:br/0604837446,2015,P17Y,no,no
oci:06204006066-06480203295,omid:br/06204006066,omid:br/06480203295,2015,P23Y,no,no
oci:0603987677-06260503952,omid:br/0603987677,omid:br/06260503952,2014,P65Y,no,no
oci:06440222004-06802612149,omid:br/06440222004,omid:br/06802612149,2016,P9Y,no,no
oci:06440222004-06290224846,omid:br/06440222004,omid:br/06290224846,2016,P3Y,no,no
oci:06440221865-06401089163,omid:br/06440221865,omid:br/06401089163,2015,P3Y,no,no
oci:06440221865-06201459717,omid:br/06440221865,omid:br/06201459717,2015,P13Y,no,no
oci:0604569178-06520198433,omid:br/0604569178,omid:br/06520198433,2018,P46Y,no,no
oci:06440222348-06440221902,omid:br/06440222348,omid:br/06440221902,2021-04-25,P1Y3M0D,yes,no
oci:06440222348-06440221923,omid:br/06440222348,omid:br/06440221923,2021-04-25,P1Y0M24D,yes,no
oci:06440222348-0604104313,omid:br/06440222348,omid:br/0604104313,2021-04-25,P0Y9M0D,yes,no
oci:06440222346-0604569143,omid:br/06440222346,omid:br/0604569143,2022-07-25,P4Y0M0D,yes,no
oci:0604104276-0625070220,omid:br/0604104276,omid:br/0625070220,2020-04-01,P19Y0M,no,no
oci:0604104276-0650851689,omid:br/0604104276,omid:br/0650851689,2020-04-01,P19Y3M,no,no
oci:06440222288-06401088743,omid:br/06440222288,omid:br/06401088743,2021-01-25,P20Y,no,no
oci:06440222288-0616094055,omid:br/06440222288,omid:br/0616094055,2021-01-25,P29Y11M,no,no
oci:06440222288-06110779978,omid:br/06440222288,omid:br/06110779978,2021-01-25,P1Y11M21D,no,no
oci:06440222288-06401089023,omid:br/06440222288,omid:br/06401089023,2021-01-25,P13Y,no,no
oci:06440222288-06602372064,omid:br/06440222288,omid:br/06602372064,2021-01-25,P4Y4M19D,no,no
oci:06440222288-062401403744,omid:br/06440222288,omid:br/062401403744,2021-01-25,P3Y,no,no
oci:06440222288-06120312230,omid:br/06440222288,omid:br/06120312230,2021-01-25,P6Y3M,no,no
oci:06440222288-06401088947,omid:br/06440222288,omid:br/06401088947,2021-01-25,P20Y,no,no
oci:06440222305-061702201321,omid:br/06440222305,omid:br/061702201321,2022-07-25,P9Y,no,no
oci:06440222305-061702201089,omid:br/06440222305,omid:br/061702201089,2022-07-25,P6Y,no,no
oci:062203560852-061202057635,omid:br/062203560852,omid:br/061202057635,2014,P7Y,no,no
oci:06440222066-06440222031,omid:br/06440222066,omid:br/06440222031,2017,P1Y,yes,no
oci:061503909356-0604104315,omid:br/061503909356,omid:br/0604104315,2020-10-25,P1Y3M0D,yes,no
oci:061503909356-061302122243,omid:br/061503909356,omid:br/061302122243,2020-10-25,P10Y11M2D,no,no
oci:061503909356-062402762377,omid:br/061503909356,omid:br/062402762377,2020-10-25,P27Y,no,no
oci:061503909356-06210169553,omid:br/061503909356,omid:br/06210169553,2020-10-25,P23Y7M,no,no
oci:061503909356-06160438334,omid:br/061503909356,omid:br/06160438334,2020-10-25,P10Y,no,no
oci:061503909356-06160168916,omid:br/061503909356,omid:br/06160168916,2020-10-25,P8Y1M,no,no
oci:061503909356-0660168167,omid:br/061503909356,omid:br/0660168167,2020-10-25,P17Y7M,no,no
oci:061503909356-06210170258,omid:br/061503909356,omid:br/06210170258,2020-10-25,P27Y11M,no,no
oci:06440222043-062601605814,omid:br/06440222043,omid:br/062601605814,2017,P6Y,no,no
oci:06440222043-062601605954,omid:br/06440222043,omid:br/062601605954,2017,P10Y,no,no
oci:06440222043-062601605784,omid:br/06440222043,omid:br/062601605784,2017,P5Y,no,no
oci:06440222043-061703302722,omid:br/06440222043,omid:br/061703302722,2017,P16Y,no,no
oci:06440222043-062601605922,omid:br/06440222043,omid:br/062601605922,2017,P8Y,no,no
oci:0603987621-06201573064,omid:br/0603987621,omid:br/06201573064,2014,P30Y,no,no
oci:06440221877-06402622453,omid:br/06440221877,omid:br/06402622453,2014,P35Y,no,no
oci:0604104251-061302703434,omid:br/0604104251,omid:br/061302703434,2020-04-01,P14Y0M,no,no
oci:0604569174-0649016137,omid:br/0604569174,omid:br/0649016137,2018,P13Y,no,no
oci:0604569174-06480203507,omid:br/0604569174,omid:br/06480203507,2018,P14Y,no,no
oci:0604569174-06480203934,omid:br/0604569174,omid:br/06480203934,2018,P12Y,no,no
oci:06440221795-06520198316,omid:br/06440221795,omid:br/06520198316,2015,P18Y,no,no
oci:0603987641-061203062855,omid:br/0603987641,omid:br/061203062855,2014,P4Y,no,no
oci:06440222351-06520198375,omid:br/06440222351,omid:br/06520198375,2021-01-25,P41Y,no,no
oci:06440222351-069084060,omid:br/06440222351,omid:br/069084060,2021-01-25,P14Y11M,no,no
oci:06440222071-062401088988,omid:br/06440222071,omid:br/062401088988,2017,P13Y,no,no
oci:06440222071-06170437893,omid:br/06440222071,omid:br/06170437893,2017,P22Y,no,no
oci:06440221838-06390204501,omid:br/06440221838,omid:br/06390204501,2014,P3Y,no,no
oci:06440221879-06304558844,omid:br/06440221879,omid:br/06304558844,2015,P12Y,no,no
oci:06440221879-06404578426,omid:br/06440221879,omid:br/06404578426,2015,P3Y,no,no
oci:0604104275-06440222044,omid:br/0604104275,omid:br/06440222044,2020-04-01,P3Y,yes,no
oci:0604104275-06440222024,omid:br/0604104275,omid:br/06440222024,2020-04-01,P3Y,yes,no
oci:06440222338-06260366394,omid:br/06440222338,omid:br/06260366394,2022-07-25,P5Y10M11D,no,no
oci:0604569222-06104324013,omid:br/0604569222,omid:br/06104324013,2017,P28Y,no,no
oci:0604569222-0604837436,omid:br/0604569222,omid:br/0604837436,2017,P21Y,no,no
oci:0604850177-06440222103,omid:br/0604850177,omid:br/06440222103,2022,P4Y,no,no
oci:0604850177-061904047268,omid:br/0604850177,omid:br/061904047268,2022,P15Y,no,no
oci:06440222342-0604448364,omid:br/06440222342,omid:br/0604448364,2021-07-25,P2Y2M24D,no,no
oci:06440222342-06401034410,omid:br/06440222342,omid:br/06401034410,2021-07-25,P16Y8M,no,no
oci:06440222342-061202748647,omid:br/06440222342,omid:br/061202748647,2021-07-25,P15Y,no,no
oci:06440222342-06240824030,omid:br/06440222342,omid:br/06240824030,2021-07-25,P7Y1M,no,no
oci:06440222342-061602888168,omid:br/06440222342,omid:br/061602888168,2021-07-25,P9Y,no,no
oci:06440222342-061502882120,omid:br/06440222342,omid:br/061502882120,2021-07-25,P6Y,no,no
oci:06440221794-06304558844,omid:br/06440221794,omid:br/06304558844,2015,P12Y,no,no
oci:06440221794-06404578426,omid:br/06440221794,omid:br/06404578426,2015,P3Y,no,no
oci:06440221796-061901139069,omid:br/06440221796,omid:br/061901139069,2015,P5Y,no,no
oci:06440221796-06130812938,omid:br/06440221796,omid:br/06130812938,2015,P12Y,no,no
oci:06440221989-06501143104,omid:br/06440221989,omid:br/06501143104,2017,P12Y,no,no
oci:0604569200-06601337410,omid:br/0604569200,omid:br/06601337410,2018,P9Y,no,no
oci:0604569200-061404004747,omid:br/0604569200,omid:br/061404004747,2018,P23Y,no,no
oci:0604569200-06460196476,omid:br/0604569200,omid:br/06460196476,2018,P36Y,no,no
oci:0604569200-061401310594,omid:br/0604569200,omid:br/061401310594,2018,P7Y,no,no
oci:0604569200-06390303443,omid:br/0604569200,omid:br/06390303443,2018,P8Y,no,no
oci:0604569200-0604837438,omid:br/0604569200,omid:br/0604837438,2018,P32Y,no,no
oci:0604104327-061101252221,omid:br/0604104327,omid:br/061101252221,2020-07-25,P29Y,no,no
oci:06440222331-0604104320,omid:br/06440222331,omid:br/0604104320,2021-04-25,P1Y6M0D,yes,no
oci:06440222331-0604569177,omid:br/06440222331,omid:br/0604569177,2021-04-25,P4Y,yes,no
oci:06440222331-0604569157,omid:br/06440222331,omid:br/0604569157,2021-04-25,P4Y,yes,no
oci:06440222303-06160287922,omid:br/06440222303,omid:br/06160287922,2022-07-25,P20Y0M24D,no,no
oci:06440222303-062202114435,omid:br/06440222303,omid:br/062202114435,2022-07-25,P19Y4M17D,no,no
oci:06440221853-061403520425,omid:br/06440221853,omid:br/061403520425,2015,P14Y,no,no
oci:06440221853-06303469799,omid:br/06440221853,omid:br/06303469799,2015,P25Y,no,no
oci:06440221853-06303469751,omid:br/06440221853,omid:br/06303469751,2015,P21Y,no,no
oci:06440221853-06303469755,omid:br/06440221853,omid:br/06303469755,2015,P27Y,no,no
oci:0603987630-062104040953,omid:br/0603987630,omid:br/062104040953,2015,P3Y,no,no
oci:0603987630-062104040891,omid:br/0603987630,omid:br/062104040891,2015,P3Y,no,no
oci:0603987630-061401118189,omid:br/0603987630,omid:br/061401118189,2015,P18Y,no,no
oci:06440222024-061203635641,omid:br/06440222024,omid:br/061203635641,2017,P23Y,no,no
oci:06440222024-06410305240,omid:br/06440222024,omid:br/06410305240,2017,P1Y,no,no
oci:0604569156-06260280745,omid:br/0604569156,omid:br/06260280745,2018,P18Y,no,no
oci:0604569156-0670843437,omid:br/0604569156,omid:br/0670843437,2018,P15Y,no,no
oci:0604569156-062601147183,omid:br/0604569156,omid:br/062601147183,2018,P9Y,no,no
oci:0604569156-061301126933,omid:br/0604569156,omid:br/061301126933,2018,P23Y,no,no
oci:0604569186-061901059982,omid:br/0604569186,omid:br/061901059982,2018,P5Y,no,no
oci:0604569186-06104469424,omid:br/0604569186,omid:br/06104469424,2018,P4Y,no,no
oci:0604104312-0604104294,omid:br/0604104312,omid:br/0604104294,2020-07-25,P1Y0M0D,yes,no
oci:0604104312-06301485214,omid:br/0604104312,omid:br/06301485214,2020-07-25,P50Y8M,no,no
oci:06440222309-06260457566,omid:br/06440222309,omid:br/06260457566,2021-07-25,P7Y1M,no,no
oci:06440222335-0635044850,omid:br/06440222335,omid:br/0635044850,2021-10-25,P21Y10M,no,no
oci:06440222335-06140790240,omid:br/06440222335,omid:br/06140790240,2021-10-25,P19Y10M13D,no,no
oci:06440221811-06901642957,omid:br/06440221811,omid:br/06901642957,2014,P31Y,no,no
oci:0603987648-06260953365,omid:br/0603987648,omid:br/06260953365,2015,P35Y,no,no
oci:06440221868-06440221827,omid:br/06440221868,omid:br/06440221827,2015,P1Y,yes,no
oci:06440222007-0604837394,omid:br/06440222007,omid:br/0604837394,2016,P20Y,no,no
oci:06440222007-0603987689,omid:br/06440222007,omid:br/0603987689,2016,P2Y,yes,no
oci:06440222007-06260177572,omid:br/06440222007,omid:br/06260177572,2016,P8Y,no,no
oci:0604569155-06120352704,omid:br/0604569155,omid:br/06120352704,2018,P17Y,no,no
oci:0604569155-0640897002,omid:br/0604569155,omid:br/0640897002,2018,P7Y,no,no
oci:06440222317-06401143819,omid:br/06440222317,omid:br/06401143819,2021-04-25,P14Y2M,no,no
oci:06440222317-062301280878,omid:br/06440222317,omid:br/062301280878,2021-04-25,P10Y1M0D,no,no
oci:0604104324-06440222024,omid:br/0604104324,omid:br/06440222024,2020-07-25,P3Y,yes,no
oci:0604104324-06440222102,omid:br/0604104324,omid:br/06440222102,2020-07-25,P1Y9M0D,yes,no
oci:06440222324-061203722232,omid:br/06440222324,omid:br/061203722232,2021-10-25,P12Y,no,no
oci:06440221854-06401365916,omid:br/06440221854,omid:br/06401365916,2014,P8Y,no,no
oci:06440221854-06101810827,omid:br/06440221854,omid:br/06101810827,2014,P12Y,no,no
oci:06440221854-062102013988,omid:br/06440221854,omid:br/062102013988,2014,P12Y,no,no
oci:06440221854-06260177609,omid:br/06440221854,omid:br/06260177609,2014,P6Y,no,no
oci:06440221854-061602035131,omid:br/06440221854,omid:br/061602035131,2014,P4Y,no,no
oci:06440221854-061701791211,omid:br/06440221854,omid:br/061701791211,2014,P7Y,no,no
oci:06440221854-06250160543,omid:br/06440221854,omid:br/06250160543,2014,P4Y,no,no
oci:06440222077-0610599603,omid:br/06440222077,omid:br/0610599603,2016,P11Y,no,no
oci:0604569198-062302432092,omid:br/0604569198,omid:br/062302432092,2018,P12Y,no,no
oci:0604569152-06502618748,omid:br/0604569152,omid:br/06502618748,2018,P46Y,no,no
oci:0604104305-06430293622,omid:br/0604104305,omid:br/06430293622,2019-07-25,P10Y8M25D,no,no
oci:0604104305-06480203934,omid:br/0604104305,omid:br/06480203934,2019-07-25,P13Y,no,no
oci:0604104305-0604649113,omid:br/0604104305,omid:br/0604649113,2019-07-25,P9Y8M24D,no,no
oci:06440222349-062601605734,omid:br/06440222349,omid:br/062601605734,2021-10-25,P7Y,no,no
oci:06440222349-061303278868,omid:br/06440222349,omid:br/061303278868,2021-10-25,P43Y3M,no,no
oci:06440222343-06440222434,omid:br/06440222343,omid:br/06440222434,2022-01-25,P7Y,yes,no
oci:06304011887-061303567190,omid:br/06304011887,omid:br/061303567190,2015,,no,no
oci:06304011887-06303757387,omid:br/06304011887,omid:br/06303757387,2015,P7Y,no,no
oci:06440222041-06380294301,omid:br/06440222041,omid:br/06380294301,2017,P1Y,no,no
oci:06440222041-06380294286,omid:br/06440222041,omid:br/06380294286,2017,P1Y,no,no
oci:06440222041-06530284061,omid:br/06440222041,omid:br/06530284061,2017,P16Y,no,no
oci:0604569182-06210340070,omid:br/0604569182,omid:br/06210340070,2018,P17Y,no,no
oci:06440222001-062401772765,omid:br/06440222001,omid:br/062401772765,2018-05-25,P25Y,no,no
oci:06440222001-06701604165,omid:br/06440222001,omid:br/06701604165,2018-05-25,P5Y4M,no,no
oci:06440222327-0604837391,omid:br/06440222327,omid:br/0604837391,2022-01-25,P28Y,no,no
oci:0604104292-06230596098,omid:br/0604104292,omid:br/06230596098,2020-07-25,P13Y,no,no
oci:06440222306-06310289988,omid:br/06440222306,omid:br/06310289988,2020-10-25,P1Y,no,no
oci:06440222306-06370254268,omid:br/06440222306,omid:br/06370254268,2020-10-25,P1Y7M24D,no,no
oci:06440222306-061702201207,omid:br/06440222306,omid:br/061702201207,2020-10-25,P6Y,no,no
oci:06440222306-06140390203,omid:br/06440222306,omid:br/06140390203,2020-10-25,P10Y1M,no,no
oci:06440222306-06440222099,omid:br/06440222306,omid:br/06440222099,2020-10-25,P2Y0M0D,yes,no
oci:06440222306-0604104296,omid:br/06440222306,omid:br/0604104296,2020-10-25,P2Y0M0D,yes,no
oci:06440222353-06440222046,omid:br/06440222353,omid:br/06440222046,2021-10-25,P5Y,yes,no
oci:06440222353-06440222011,omid:br/06440222353,omid:br/06440222011,2021-10-25,P4Y,yes,no
oci:06440221848-06260223330,omid:br/06440221848,omid:br/06260223330,2014,P10Y,no,no
oci:0604569179-06460300198,omid:br/0604569179,omid:br/06460300198,2017,P10Y,no,no
oci:0604569179-06460300181,omid:br/0604569179,omid:br/06460300181,2017,P10Y,no,no
oci:06440222070-06410305282,omid:br/06440222070,omid:br/06410305282,2018,P2Y,no,no
oci:06440222295-0631028177,omid:br/06440222295,omid:br/0631028177,2021-04-25,P11Y5M,no,no
oci:06440222341-06350223820,omid:br/06440222341,omid:br/06350223820,2021-10-25,P19Y11M24D,no,no
oci:06440222341-062204047390,omid:br/06440222341,omid:br/062204047390,2021-10-25,P7Y5M24D,no,no
oci:06440222341-06440222437,omid:br/06440222341,omid:br/06440222437,2021-10-25,P5Y,yes,no
oci:06440222341-062204047313,omid:br/06440222341,omid:br/062204047313,2021-10-25,P7Y7M24D,no,no
oci:06440222291-06130809347,omid:br/06440222291,omid:br/06130809347,2021-10-25,P14Y4M,no,no
oci:06440221798-062303038746,omid:br/06440221798,omid:br/062303038746,2014,P13Y,no,no
oci:06440221798-062303038549,omid:br/06440221798,omid:br/062303038549,2014,P13Y,no,no
oci:06440221798-061703048698,omid:br/06440221798,omid:br/061703048698,2014,P10Y,no,no
oci:0604569189-0604837398,omid:br/0604569189,omid:br/0604837398,2018,P4Y,no,no
oci:062503580145-0604837401,omid:br/062503580145,omid:br/0604837401,2015,P12Y,no,no
oci:062503580145-062202111821,omid:br/062503580145,omid:br/062202111821,2015,P17Y,no,no
oci:062503580145-062103839245,omid:br/062503580145,omid:br/062103839245,2015,P9Y,no,no
oci:062503580145-06230234297,omid:br/062503580145,omid:br/06230234297,2015,P13Y,no,no
oci:0604569154-0604837440,omid:br/0604569154,omid:br/0604837440,2018-07-25,P28Y,no,no
oci:0604569154-062601272615,omid:br/0604569154,omid:br/062601272615,2018-07-25,P13Y11M10D,no,no
oci:0604569154-0604837441,omid:br/0604569154,omid:br/0604837441,2018-07-25,P40Y,no,no
oci:0604569154-0660677464,omid:br/0604569154,omid:br/0660677464,2018-07-25,P25Y,no,no
oci:0604569154-0604837442,omid:br/0604569154,omid:br/0604837442,2018-07-25,P27Y,no,no
oci:06440222354-06401088759,omid:br/06440222354,omid:br/06401088759,2021-01-25,P15Y,no,no
oci:06440222344-061403711264,omid:br/06440222344,omid:br/061403711264,2021-10-25,P11Y,no,no
oci:06440222344-06501147237,omid:br/06440222344,omid:br/06501147237,2021-10-25,P11Y4M24D,no,no
oci:06440222344-061702098461,omid:br/06440222344,omid:br/061702098461,2021-10-25,P15Y8M,no,no
oci:06440222344-0670878885,omid:br/06440222344,omid:br/0670878885,2021-10-25,P15Y4M,no,no
oci:0604104317-0690796935,omid:br/0604104317,omid:br/0690796935,2020-07-25,P15Y,no,no
oci:0604104317-06440222040,omid:br/0604104317,omid:br/06440222040,2020-07-25,P3Y,yes,no
oci:06440222334-06110900581,omid:br/06440222334,omid:br/06110900581,2021-07-25,P7Y,no,no
oci:06440222334-061904147758,omid:br/06440222334,omid:br/061904147758,2021-07-25,P5Y,no,no
oci:06440222334-06302604176,omid:br/06440222334,omid:br/06302604176,2021-07-25,P22Y9M,no,no
oci:06440222334-06503171008,omid:br/06440222334,omid:br/06503171008,2021-07-25,P9Y7M25D,no,no
oci:06440222334-06420221577,omid:br/06440222334,omid:br/06420221577,2021-07-25,P3Y,no,no
oci:06440222334-0604837420,omid:br/06440222334,omid:br/0604837420,2021-07-25,P25Y,no,no
oci:06440222334-06390309993,omid:br/06440222334,omid:br/06390309993,2021-07-25,P2Y11M5D,no,no
oci:06440222334-06110909185,omid:br/06440222334,omid:br/06110909185,2021-07-25,P3Y9M1D,no,no
oci:062103576023-06340223537,omid:br/062103576023,omid:br/06340223537,2014,P10Y,no,no
oci:062103576023-0604240948,omid:br/062103576023,omid:br/0604240948,2014,P28Y,no,no
oci:062103576023-06370228443,omid:br/062103576023,omid:br/06370228443,2014,P29Y,no,no
oci:062103576023-06380217689,omid:br/062103576023,omid:br/06380217689,2014,P30Y,no,no
oci:0603987672-062101121633,omid:br/0603987672,omid:br/062101121633,2014,P25Y,no,no
oci:0603987672-06701127015,omid:br/0603987672,omid:br/06701127015,2014,P11Y,no,no
oci:0604569219-0643027000,omid:br/0604569219,omid:br/0643027000,2017,P25Y,no,no
oci:0604569219-06210263828,omid:br/0604569219,omid:br/06210263828,2017,P1Y,no,no
oci:0604569219-06130260825,omid:br/0604569219,omid:br/06130260825,2017,P22Y,no,no
oci:06440221904-061401118368,omid:br/06440221904,omid:br/061401118368,2020-04-01,P18Y9M27D,no,no
oci:06440222355-06170384635,omid:br/06440222355,omid:br/06170384635,2021-07-25,P16Y7M,no,no
oci:06440222276-06230779123,omid:br/06440222276,omid:br/06230779123,2021-10-25,P39Y6M,no,no
oci:0603987629-06701065418,omid:br/0603987629,omid:br/06701065418,2014,P37Y,no,no
oci:0604569199-0690373458,omid:br/0604569199,omid:br/0690373458,2017,P1Y,no,no
oci:0604569199-061072672,omid:br/0604569199,omid:br/061072672,2017,P0Y,no,no
oci:0604569199-06704420945,omid:br/0604569199,omid:br/06704420945,2017,P6Y,no,no
oci:06440221935-06440221954,omid:br/06440221935,omid:br/06440221954,2020-07-25,P0Y6M0D,yes,no
oci:06440221935-06440221937,omid:br/06440221935,omid:br/06440221937,2020-07-25,P0Y6M0D,yes,no
oci:06440221935-06440221975,omid:br/06440221935,omid:br/06440221975,2020-07-25,P0Y3M24D,yes,no
oci:06440221935-06440221916,omid:br/06440221935,omid:br/06440221916,2020-07-25,P0Y6M0D,yes,no
oci:06440222364-061601137021,omid:br/06440222364,omid:br/061601137021,2021-10-25,P30Y,no,no
oci:06440222325-06130479318,omid:br/06440222325,omid:br/06130479318,2021-10-25,P32Y10M16D,no,no
oci:06440222325-062502373830,omid:br/06440222325,omid:br/062502373830,2021-10-25,P23Y9M,no,no
oci:06440222325-061301033899,omid:br/06440222325,omid:br/061301033899,2021-10-25,P22Y9M,no,no
oci:06440221902-061203289493,omid:br/06440221902,omid:br/061203289493,2020-01-25,P14Y11M,no,no
oci:06440222283-06440221881,omid:br/06440222283,omid:br/06440221881,2021-07-25,P5Y,yes,no
oci:06440221833-06160265981,omid:br/06440221833,omid:br/06160265981,2015,P20Y,no,no
oci:06440222316-061101063151,omid:br/06440222316,omid:br/061101063151,2021-10-25,P10Y,no,no
oci:06440222316-06170317033,omid:br/06440222316,omid:br/06170317033,2021-10-25,P44Y7M,no,no
oci:06440222316-0604474201,omid:br/06440222316,omid:br/0604474201,2021-10-25,P10Y,no,no
oci:06440222316-061201241539,omid:br/06440222316,omid:br/061201241539,2021-10-25,P55Y1M24D,no,no
oci:06440221942-061804033000,omid:br/06440221942,omid:br/061804033000,2020-04-01,P5Y,no,no
oci:06440221942-06520198580,omid:br/06440221942,omid:br/06520198580,2020-04-01,P27Y,no,no
oci:06440221942-061102242644,omid:br/06440221942,omid:br/061102242644,2020-04-01,P8Y,no,no
oci:06440222056-06480203759,omid:br/06440222056,omid:br/06480203759,2018,P16Y,no,no
oci:06440222056-06380200451,omid:br/06440222056,omid:br/06380200451,2018,P10Y,no,no
oci:06440222250-0610269935,omid:br/06440222250,omid:br/0610269935,2021-10-25,P15Y9M14D,no,no
oci:06440222250-06440221805,omid:br/06440222250,omid:br/06440221805,2021-10-25,P6Y,yes,no
oci:06440222250-06302613936,omid:br/06440222250,omid:br/06302613936,2021-10-25,P4Y,no,no
oci:06440222250-06350224158,omid:br/06440222250,omid:br/06350224158,2021-10-25,P13Y5M24D,no,no
oci:06440222308-062104039460,omid:br/06440222308,omid:br/062104039460,2021-04-25,P1Y10M24D,no,no
oci:06440221923-06701186495,omid:br/06440221923,omid:br/06701186495,2020-04-01,P6Y10M26D,no,no
oci:06440221923-06520191960,omid:br/06440221923,omid:br/06520191960,2020-04-01,P8Y,no,no
oci:06440222228-0604569205,omid:br/06440222228,omid:br/0604569205,2022-04-25,P3Y3M0D,yes,no
oci:06440221924-06301084302,omid:br/06440221924,omid:br/06301084302,2021-04-25,P13Y,no,no
oci:06440221924-06440221830,omid:br/06440221924,omid:br/06440221830,2021-04-25,P7Y,yes,no
oci:06440221924-0604104311,omid:br/06440221924,omid:br/0604104311,2021-04-25,P1Y6M0D,yes,no
oci:06440221924-0603987691,omid:br/06440221924,omid:br/0603987691,2021-04-25,P7Y,yes,no
oci:06440221970-06490355223,omid:br/06440221970,omid:br/06490355223,2020-10-25,P11Y,no,no
oci:06440221970-06210645453,omid:br/06440221970,omid:br/06210645453,2020-10-25,P10Y0M,no,no
oci:0604569172-06210170270,omid:br/0604569172,omid:br/06210170270,2018-05-25,P39Y0M,no,no
oci:0604569172-06240259230,omid:br/0604569172,omid:br/06240259230,2018-05-25,P8Y11M1D,no,no
oci:06440222231-06190171346,omid:br/06440222231,omid:br/06190171346,2022-07-25,P32Y3M,no,no
oci:06440222231-06190171786,omid:br/06440222231,omid:br/06190171786,2022-07-25,P23Y0M,no,no
oci:06440222231-061601286789,omid:br/06440222231,omid:br/061601286789,2022-07-25,P7Y,no,no
oci:06440222231-06301163315,omid:br/06440222231,omid:br/06301163315,2022-07-25,P15Y,no,no
oci:06440222231-06601136151,omid:br/06440222231,omid:br/06601136151,2022-07-25,P17Y9M13D,no,no
oci:06440222231-06260182836,omid:br/06440222231,omid:br/06260182836,2022-07-25,P11Y5M,no,no
oci:06440222231-0690373328,omid:br/06440222231,omid:br/0690373328,2022-07-25,P4Y,no,no
oci:06440222231-06230174487,omid:br/06440222231,omid:br/06230174487,2022-07-25,P26Y9M,no,no
oci:06440222231-06190171783,omid:br/06440222231,omid:br/06190171783,2022-07-25,P27Y0M,no,no
oci:06440222231-06230175221,omid:br/06440222231,omid:br/06230175221,2022-07-25,P22Y4M,no,no
oci:06440222358-0603987685,omid:br/06440222358,omid:br/0603987685,2021-07-25,P6Y,yes,no
oci:06440221928-06220588703,omid:br/06440221928,omid:br/06220588703,2021-10-25,P5Y,no,no
oci:06440221930-0690807990,omid:br/06440221930,omid:br/0690807990,2020-04-01,P21Y5M7D,no,no
oci:06440221972-06440222042,omid:br/06440221972,omid:br/06440222042,2021-07-25,P5Y,yes,no
oci:06440221972-065101482,omid:br/06440221972,omid:br/065101482,2021-07-25,P5Y3M,no,no
oci:06440221821-062074829,omid:br/06440221821,omid:br/062074829,2015,P3Y,no,no
oci:06440221883-062203042651,omid:br/06440221883,omid:br/062203042651,2015,P7Y,no,no
oci:06440221832-062502116457,omid:br/06440221832,omid:br/062502116457,2015,P23Y,no,no
oci:06440221834-0603987634,omid:br/06440221834,omid:br/0603987634,2015,P1Y,yes,no
oci:06440221834-06480203475,omid:br/06440221834,omid:br/06480203475,2015,P9Y,no,no
oci:0604569208-0640848273,omid:br/0604569208,omid:br/0640848273,2018,P14Y,no,no
oci:06440222008-06201082662,omid:br/06440222008,omid:br/06201082662,2018,P7Y,no,no
oci:06440222008-06201082833,omid:br/06440222008,omid:br/06201082833,2018,P3Y,no,no
oci:06440221925-0630349521,omid:br/06440221925,omid:br/0630349521,2020-10-25,P20Y2M,no,no
oci:06440221925-061701060313,omid:br/06440221925,omid:br/061701060313,2020-10-25,P14Y3M,no,no
oci:06440222208-061602582608,omid:br/06440222208,omid:br/061602582608,2022-07-25,P1Y4M16D,no,no
oci:06440221917-06280231136,omid:br/06440221917,omid:br/06280231136,2022-01-25,P2Y2M24D,no,no
oci:06440221917-06440222447,omid:br/06440221917,omid:br/06440222447,2022-01-25,P6Y,yes,no
oci:06440222352-061804067853,omid:br/06440222352,omid:br/061804067853,2021-07-25,P4Y,no,no
oci:06440222352-06440221942,omid:br/06440222352,omid:br/06440221942,2021-07-25,P1Y3M24D,yes,no
oci:06440221852-06480203475,omid:br/06440221852,omid:br/06480203475,2015,P9Y,no,no
oci:06440221869-06290225518,omid:br/06440221869,omid:br/06290225518,2015,P12Y,no,no
oci:06440221869-06604143151,omid:br/06440221869,omid:br/06604143151,2015,P10Y,no,no
oci:06440221809-061902195024,omid:br/06440221809,omid:br/061902195024,2015,P8Y,no,no
oci:0604569148-066098187,omid:br/0604569148,omid:br/066098187,2018-05-25,P4Y6M,no,no
oci:06440221913-06150350885,omid:br/06440221913,omid:br/06150350885,2019-07-25,P57Y1M,no,no
oci:06440221913-06110370933,omid:br/06440221913,omid:br/06110370933,2019-07-25,P11Y,no,no
oci:06440222052-062201493870,omid:br/06440222052,omid:br/062201493870,2018,P14Y,no,no
oci:06440222260-0604104318,omid:br/06440222260,omid:br/0604104318,2022-07-25,P2Y9M0D,yes,no
oci:06440222260-06201128202,omid:br/06440222260,omid:br/06201128202,2022-07-25,P36Y,no,no
oci:06440222260-06201128386,omid:br/06440222260,omid:br/06201128386,2022-07-25,P6Y,no,no
oci:06440222260-061201049484,omid:br/06440222260,omid:br/061201049484,2022-07-25,P15Y,no,no
oci:06440222260-06501136759,omid:br/06440222260,omid:br/06501136759,2022-07-25,P15Y,no,no
oci:06440222260-0604223894,omid:br/06440222260,omid:br/0604223894,2022-07-25,P56Y,no,no
oci:06104427152-0639027357,omid:br/06104427152,omid:br/0639027357,2021-10-25,P33Y3M,no,no
oci:06104427152-06430275747,omid:br/06104427152,omid:br/06430275747,2021-10-25,P1Y6M10D,no,no
oci:06104427152-06430275830,omid:br/06104427152,omid:br/06430275830,2021-10-25,P14Y,no,no
oci:06104427152-062301717107,omid:br/06104427152,omid:br/062301717107,2021-10-25,P17Y8M,no,no
oci:06104427152-061601495776,omid:br/06104427152,omid:br/061601495776,2021-10-25,P29Y11M24D,no,no
oci:06104427152-062603052553,omid:br/06104427152,omid:br/062603052553,2021-10-25,P10Y9M,no,no
oci:06104427152-061601652472,omid:br/06104427152,omid:br/061601652472,2021-10-25,P9Y10M,no,no
oci:06440221966-062203627266,omid:br/06440221966,omid:br/062203627266,2020-04-01,P61Y,no,no
oci:06440221966-06703439715,omid:br/06440221966,omid:br/06703439715,2020-04-01,P7Y10M3D,no,no
oci:06440221966-061602203681,omid:br/06440221966,omid:br/061602203681,2020-04-01,P3Y,no,no
oci:06440221966-06902257811,omid:br/06440221966,omid:br/06902257811,2020-04-01,P4Y,no,no
oci:06440222268-0603987613,omid:br/06440222268,omid:br/0603987613,2021-10-25,P7Y,yes,no
oci:06440222268-061602203645,omid:br/06440222268,omid:br/061602203645,2021-10-25,P3Y4M5D,no,no
oci:061203581961-06301084302,omid:br/061203581961,omid:br/06301084302,2015,P7Y,no,no
oci:06440221836-06401142559,omid:br/06440221836,omid:br/06401142559,2015,P10Y,no,no
oci:06440221997-06350223953,omid:br/06440221997,omid:br/06350223953,2018,P17Y,no,no
oci:06440221997-0690174716,omid:br/06440221997,omid:br/0690174716,2018,P30Y,no,no
oci:06440222387-06303278187,omid:br/06440222387,omid:br/06303278187,2015,P13Y,no,no
oci:0604569150-0620591227,omid:br/0604569150,omid:br/0620591227,2018-07-25,P4Y,yes,no
oci:0604569129-0610361579,omid:br/0604569129,omid:br/0610361579,2018-07-25,P36Y8M,no,no
oci:0604569129-06240479724,omid:br/0604569129,omid:br/06240479724,2018-07-25,P35Y8M20D,no,no
oci:0604569129-061703302877,omid:br/0604569129,omid:br/061703302877,2018-07-25,P18Y11M,no,no
oci:0604569129-06440221991,omid:br/0604569129,omid:br/06440221991,2018-07-25,P2Y,yes,no
oci:06440222265-06440221972,omid:br/06440222265,omid:br/06440221972,2022-07-25,P1Y0M0D,yes,no
oci:06440221969-06150260672,omid:br/06440221969,omid:br/06150260672,2021-07-25,P1Y3M18D,no,no
oci:06440221969-06220807258,omid:br/06440221969,omid:br/06220807258,2021-07-25,P8Y7M22D,no,no
oci:06440221932-061701967190,omid:br/06440221932,omid:br/061701967190,2020-07-25,P8Y10M13D,no,no
oci:06440221932-061104094327,omid:br/06440221932,omid:br/061104094327,2020-07-25,P16Y7M24D,no,no
oci:06440221932-0690724568,omid:br/06440221932,omid:br/0690724568,2020-07-25,P8Y7M17D,no,no
oci:06440222055-061302121832,omid:br/06440222055,omid:br/061302121832,2018-05-25,P34Y,no,no
oci:06440222055-06340223752,omid:br/06440222055,omid:br/06340223752,2018-05-25,P10Y9M24D,no,no
oci:06440221817-062504045412,omid:br/06440221817,omid:br/062504045412,2016,P3Y,no,no
oci:06440221817-06520264830,omid:br/06440221817,omid:br/06520264830,2016,P9Y,no,no
oci:06440222432-0604216039,omid:br/06440222432,omid:br/0604216039,2015,P1Y,no,no
oci:06440222432-061801152848,omid:br/06440222432,omid:br/061801152848,2015,P1Y,no,no
oci:06440222432-061801152899,omid:br/06440222432,omid:br/061801152899,2015,P2Y,no,no
oci:06440222432-0604216082,omid:br/06440222432,omid:br/0604216082,2015,P1Y,no,no
oci:06440222432-061801152829,omid:br/06440222432,omid:br/061801152829,2015,P1Y,no,no
oci:06440221872-06260435817,omid:br/06440221872,omid:br/06260435817,2016,P5Y,no,no
oci:06440221872-06250967499,omid:br/06440221872,omid:br/06250967499,2016,P11Y,no,no
oci:0604569132-0604837454,omid:br/0604569132,omid:br/0604837454,2018-07-25,P12Y,no,no
oci:06440222272-0604837421,omid:br/06440222272,omid:br/0604837421,2022-04-25,P17Y,no,no
oci:06440222272-0604837422,omid:br/06440222272,omid:br/0604837422,2022-04-25,P22Y,no,no
oci:06440221931-061403711264,omid:br/06440221931,omid:br/061403711264,2020-04-01,P10Y,no,no
oci:06440221931-0604104277,omid:br/06440221931,omid:br/0604104277,2020-04-01,P0Y8M7D,yes,no
oci:0604850179-06130344454,omid:br/0604850179,omid:br/06130344454,2022,P2Y,no,no
oci:06440222389-061303565581,omid:br/06440222389,omid:br/061303565581,2016,P11Y,no,no
oci:06440222048-06150843721,omid:br/06440222048,omid:br/06150843721,2018-05-25,P27Y7M24D,no,no
oci:0604569173-06440222031,omid:br/0604569173,omid:br/06440222031,2018-07-25,P2Y,yes,no
oci:0604569173-06440222066,omid:br/0604569173,omid:br/06440222066,2018-07-25,P1Y,yes,no
oci:06440221829-06180169728,omid:br/06440221829,omid:br/06180169728,2016,P24Y,no,no
oci:06440221979-061702201230,omid:br/06440221979,omid:br/061702201230,2021-07-25,P7Y,no,no
oci:06440221979-061701667529,omid:br/06440221979,omid:br/061701667529,2021-07-25,P12Y,no,no
oci:06440221979-061602203612,omid:br/06440221979,omid:br/061602203612,2021-07-25,P2Y8M5D,no,no
oci:06440222293-06240823013,omid:br/06440222293,omid:br/06240823013,2022-04-25,P9Y7M14D,no,no
oci:06440222367-06303228719,omid:br/06440222367,omid:br/06303228719,2016,P7Y,no,no
oci:0604569194-06140441047,omid:br/0604569194,omid:br/06140441047,2018-07-25,P5Y7M22D,no,no
oci:0604569194-06440222042,omid:br/0604569194,omid:br/06440222042,2018-07-25,P2Y,yes,no
oci:06440221843-0650781382,omid:br/06440221843,omid:br/0650781382,2016,P8Y,no,no
oci:06440221843-0603987616,omid:br/06440221843,omid:br/0603987616,2016,P2Y,yes,no
oci:06440222245-0604837386,omid:br/06440222245,omid:br/0604837386,2022-07-25,P8Y,no,no
oci:06440222245-06310220778,omid:br/06440222245,omid:br/06310220778,2022-07-25,P1Y10M10D,no,no
oci:06440221888-0680268846,omid:br/06440221888,omid:br/0680268846,2020-04-01,P52Y0M21D,no,no
oci:06440221888-06180169494,omid:br/06440221888,omid:br/06180169494,2020-04-01,P25Y11M,no,no
oci:06440221888-061601286835,omid:br/06440221888,omid:br/061601286835,2020-04-01,P10Y,no,no
oci:06440222314-062204047737,omid:br/06440222314,omid:br/062204047737,2022-07-25,P3Y10M10D,no,no
oci:06440222314-062204047744,omid:br/06440222314,omid:br/062204047744,2022-07-25,P3Y10M10D,no,no
oci:0604569203-061904047261,omid:br/0604569203,omid:br/061904047261,2018-07-25,P10Y,no,no
oci:0604569203-06304007452,omid:br/0604569203,omid:br/06304007452,2018-07-25,P3Y,no,no
oci:06440221824-06301332529,omid:br/06440221824,omid:br/06301332529,2016,P1Y,no,no
oci:06440221824-06480196641,omid:br/06440221824,omid:br/06480196641,2016,P11Y,no,no
oci:0604569135-062204047472,omid:br/0604569135,omid:br/062204047472,2018-10-25,P20Y0M24D,no,no
oci:0604569135-06520198288,omid:br/0604569135,omid:br/06520198288,2018-10-25,P21Y,no,no
oci:06440221952-061901846316,omid:br/06440221952,omid:br/061901846316,2021-01-25,P53Y,no,no
oci:06440222347-061403711264,omid:br/06440222347,omid:br/061403711264,2022-07-25,P12Y,no,no
oci:06440222347-06230490100,omid:br/06440222347,omid:br/06230490100,2022-07-25,P31Y10M4D,no,no
oci:06440222347-06504534577,omid:br/06440222347,omid:br/06504534577,2022-07-25,P1Y,no,no
oci:06440221936-06480323695,omid:br/06440221936,omid:br/06480323695,2020-10-25,,no,no
oci:06440221936-061101094195,omid:br/06440221936,omid:br/061101094195,2020-10-25,P6Y,no,no
oci:06440222429-061202216641,omid:br/06440222429,omid:br/061202216641,2016,P21Y,no,no
oci:06440221874-0604837395,omid:br/06440221874,omid:br/0604837395,2016,P19Y,no,no
oci:06440222375-06480203453,omid:br/06440222375,omid:br/06480203453,2015,P10Y,no,no
oci:06440222375-06480203475,omid:br/06440222375,omid:br/06480203475,2015,P9Y,no,no
oci:06440222375-0604650264,omid:br/06440222375,omid:br/0604650264,2015,P10Y,no,no
oci:0604569216-0603987661,omid:br/0604569216,omid:br/0603987661,2018-07-25,P4Y,yes,no
oci:0604569216-061701197261,omid:br/0604569216,omid:br/061701197261,2018-07-25,P9Y4M21D,no,no
oci:0604569216-06480203475,omid:br/0604569216,omid:br/06480203475,2018-07-25,P12Y,no,no
oci:0604569216-06440222437,omid:br/0604569216,omid:br/06440222437,2018-07-25,P2Y,yes,no
oci:06440221887-06801134181,omid:br/06440221887,omid:br/06801134181,2020-10-25,P25Y11M,no,no
oci:06440221887-064077917,omid:br/06440221887,omid:br/064077917,2020-10-25,P10Y6M,no,no
oci:06440221887-06240955511,omid:br/06440221887,omid:br/06240955511,2020-10-25,P17Y3M24D,no,no
oci:06440221887-0650167929,omid:br/06440221887,omid:br/0650167929,2020-10-25,P16Y2M,no,no
oci:06440221887-0610269716,omid:br/06440221887,omid:br/0610269716,2020-10-25,P14Y6M13D,no,no
oci:06440221887-06160168638,omid:br/06440221887,omid:br/06160168638,2020-10-25,P7Y8M,no,no
oci:06440221887-0650168800,omid:br/06440221887,omid:br/0650168800,2020-10-25,P17Y6M,no,no
oci:06440221887-061901133198,omid:br/06440221887,omid:br/061901133198,2020-10-25,P8Y11M17D,no,no
oci:06440222360-06301084186,omid:br/06440222360,omid:br/06301084186,2022-07-25,P28Y,no,no
oci:06440222360-062504060870,omid:br/06440222360,omid:br/062504060870,2022-07-25,P1Y4M10D,no,no
oci:06440222328-06120951878,omid:br/06440222328,omid:br/06120951878,2022-07-25,P12Y3M,no,no
oci:06440222328-061201545569,omid:br/06440222328,omid:br/061201545569,2022-07-25,P19Y3M,no,no
oci:06440222328-06250799239,omid:br/06440222328,omid:br/06250799239,2022-07-25,P16Y10M,no,no
oci:06440222419-0660801828,omid:br/06440222419,omid:br/0660801828,2016,P10Y,no,no
oci:06440222419-061701791165,omid:br/06440222419,omid:br/061701791165,2016,P9Y,no,no
oci:06440222419-061901785403,omid:br/06440222419,omid:br/061901785403,2016,P10Y,no,no
oci:06440222419-06304519411,omid:br/06440222419,omid:br/06304519411,2016,P7Y,no,no
oci:06440222422-06201460227,omid:br/06440222422,omid:br/06201460227,2015,P9Y,no,no
oci:06440222422-0603987676,omid:br/06440222422,omid:br/0603987676,2015,P1Y,yes,no
oci:06440221880-06110269842,omid:br/06440221880,omid:br/06110269842,2016,P33Y,no,no
oci:0604569192-061502882397,omid:br/0604569192,omid:br/061502882397,2018-07-25,P4Y,no,no
oci:0604569192-061801782983,omid:br/0604569192,omid:br/061801782983,2018-07-25,P11Y9M8D,no,no
oci:0604569192-06504535193,omid:br/0604569192,omid:br/06504535193,2018-07-25,P8Y,no,no
oci:06440221977-06201082628,omid:br/06440221977,omid:br/06201082628,2019-10-25,P3Y,no,no
oci:06440221977-0620591231,omid:br/06440221977,omid:br/0620591231,2019-10-25,P5Y,yes,no
oci:06440221909-06190267565,omid:br/06440221909,omid:br/06190267565,2020-07-25,P17Y8M12D,no,no
oci:06440221909-061602760965,omid:br/06440221909,omid:br/061602760965,2020-07-25,P3Y1M25D,no,no
oci:06440221909-06260855113,omid:br/06440221909,omid:br/06260855113,2020-07-25,P6Y9M,no,no
oci:06440221909-06440222098,omid:br/06440221909,omid:br/06440222098,2020-07-25,P1Y3M0D,yes,no
oci:06440221909-06301065223,omid:br/06440221909,omid:br/06301065223,2020-07-25,P6Y,no,no
oci:06440221909-061103776953,omid:br/06440221909,omid:br/061103776953,2020-07-25,P18Y6M,no,no
oci:06440221909-06301065220,omid:br/06440221909,omid:br/06301065220,2020-07-25,P6Y,no,no
oci:06440222274-0604649058,omid:br/06440222274,omid:br/0604649058,2022-07-25,P12Y10M10D,no,no
oci:06440222274-061801783145,omid:br/06440222274,omid:br/061801783145,2022-07-25,P15Y10M6D,no,no
oci:06440222274-062401771630,omid:br/06440222274,omid:br/062401771630,2022-07-25,P18Y,no,no
oci:06440222382-06802773658,omid:br/06440222382,omid:br/06802773658,2016,P16Y,no,no
oci:06440222382-061704002086,omid:br/06440222382,omid:br/061704002086,2016,P21Y,no,no
oci:06440222388-061303279714,omid:br/06440222388,omid:br/061303279714,2016,P23Y,no,no
oci:06440222388-06303469714,omid:br/06440222388,omid:br/06303469714,2016,P13Y,no,no
oci:06440222388-062601605828,omid:br/06440222388,omid:br/062601605828,2016,P5Y,no,no
oci:06440222388-062601605848,omid:br/06440222388,omid:br/062601605848,2016,P6Y,no,no
oci:06440222388-06303469760,omid:br/06440222388,omid:br/06303469760,2016,P12Y,no,no
oci:06440222388-06303469704,omid:br/06440222388,omid:br/06303469704,2016,P11Y,no,no
oci:06440221799-06290225261,omid:br/06440221799,omid:br/06290225261,2016,P12Y,no,no
oci:06440221799-06310213250,omid:br/06440221799,omid:br/06310213250,2016,P16Y,no,no
oci:06440222377-06402622614,omid:br/06440222377,omid:br/06402622614,2015,P10Y,no,no
oci:06440222377-06402622305,omid:br/06440222377,omid:br/06402622305,2015,P3Y,no,no
oci:06440222377-06403858524,omid:br/06440222377,omid:br/06403858524,2015,P2Y,no,no
oci:06440222392-0603987691,omid:br/06440222392,omid:br/0603987691,2015,P1Y,yes,no
oci:0604569180-0637018568,omid:br/0604569180,omid:br/0637018568,2017,P3Y,no,no
oci:06440221948-0604569144,omid:br/06440221948,omid:br/0604569144,2020-07-25,P2Y,yes,no
oci:06440221948-0604569204,omid:br/06440221948,omid:br/0604569204,2020-07-25,P2Y,yes,no
oci:06440222357-06440222049,omid:br/06440222357,omid:br/06440222049,2020-07-25,P3Y,yes,no
oci:06440222357-06440222382,omid:br/06440222357,omid:br/06440222382,2020-07-25,P4Y,yes,no
oci:06440222357-06440222441,omid:br/06440222357,omid:br/06440222441,2020-07-25,P4Y,yes,no
oci:06440221929-06480203475,omid:br/06440221929,omid:br/06480203475,2020-04-01,P14Y,no,no
oci:06440222209-061402858311,omid:br/06440222209,omid:br/061402858311,2022-04-25,P2Y1M15D,no,no
oci:06440222442-0604527179,omid:br/06440222442,omid:br/0604527179,2016,P20Y,no,no
oci:06440222442-06440222449,omid:br/06440222442,omid:br/06440222449,2016,P0Y,yes,no
oci:06440222442-061802696859,omid:br/06440222442,omid:br/061802696859,2016,P5Y,no,no
oci:06440221867-0603987654,omid:br/06440221867,omid:br/0603987654,2016,P2Y,yes,no
oci:06440221867-0604837396,omid:br/06440221867,omid:br/0604837396,2016,P2Y,no,no
oci:061703604462-06803449243,omid:br/061703604462,omid:br/06803449243,2016,P6Y,no,no
oci:061703604462-06101598727,omid:br/061703604462,omid:br/06101598727,2016,P4Y,no,no
oci:061703604462-061702201230,omid:br/061703604462,omid:br/061702201230,2016,P2Y,no,no
oci:06440222366-062404065968,omid:br/06440222366,omid:br/062404065968,2016,P12Y,no,no
oci:06440222366-062504062656,omid:br/06440222366,omid:br/062504062656,2016,P15Y,no,no
oci:06440222366-0603987685,omid:br/06440222366,omid:br/0603987685,2016,P1Y,yes,no
oci:06440222366-06270235577,omid:br/06440222366,omid:br/06270235577,2016,P16Y,no,no
oci:06440222366-06301084195,omid:br/06440222366,omid:br/06301084195,2016,P19Y,no,no
oci:06440222366-06270235296,omid:br/06440222366,omid:br/06270235296,2016,P13Y,no,no
oci:06440222366-06401089057,omid:br/06440222366,omid:br/06401089057,2016,P14Y,no,no
oci:06440222366-062304051154,omid:br/06440222366,omid:br/062304051154,2016,P8Y,no,no
oci:06440222458-06602483283,omid:br/06440222458,omid:br/06602483283,2016,P16Y,no,no
oci:0604569176-06110793838,omid:br/0604569176,omid:br/06110793838,2017,P44Y,no,no
oci:0604569166-0690373657,omid:br/0604569166,omid:br/0690373657,2017,P5Y,no,no
oci:06440222452-062204056664,omid:br/06440222452,omid:br/062204056664,2016,P2Y,no,no
oci:06703980759-06201082885,omid:br/06703980759,omid:br/06201082885,2017,P8Y,no,no
oci:06350175596-06520191960,omid:br/06350175596,omid:br/06520191960,2016,P4Y,no,no
oci:06350175596-06230595503,omid:br/06350175596,omid:br/06230595503,2016,P13Y,no,no
oci:06350175596-061701002999,omid:br/06350175596,omid:br/061701002999,2016,P18Y,no,no
oci:06350175596-0604837433,omid:br/06350175596,omid:br/0604837433,2016,P16Y,no,no
oci:06350175596-06504473899,omid:br/06350175596,omid:br/06504473899,2016,P2Y,no,no
oci:06350175596-06503028450,omid:br/06350175596,omid:br/06503028450,2016,P8Y,no,no
oci:0604569145-061104226779,omid:br/0604569145,omid:br/061104226779,2017,P20Y,no,no
oci:0604569145-06480203515,omid:br/0604569145,omid:br/06480203515,2017,P14Y,no,no
oci:0604569145-0603988629,omid:br/0604569145,omid:br/0603988629,2017,P30Y,no,no
oci:0604569145-061904047041,omid:br/0604569145,omid:br/061904047041,2017,P26Y,no,no
oci:06440222242-06440222140,omid:br/06440222242,omid:br/06440222140,2022-01-25,P2Y9M0D,yes,no
oci:06440222242-06440222119,omid:br/06440222242,omid:br/06440222119,2022-01-25,P2Y9M0D,yes,no
oci:06440222199-06530309216,omid:br/06440222199,omid:br/06530309216,2022-07-25,P8Y7M10D,no,no
oci:06440222199-06440221950,omid:br/06440222199,omid:br/06440221950,2022-07-25,P2Y0M0D,yes,no
oci:06440222199-06440221920,omid:br/06440222199,omid:br/06440221920,2022-07-25,P1Y0M0D,yes,no
oci:06440222199-06702592858,omid:br/06440222199,omid:br/06702592858,2022-07-25,P2Y3M5D,no,no
oci:06440222199-062204047789,omid:br/06440222199,omid:br/062204047789,2022-07-25,P3Y8M24D,no,no
oci:06440221889-061502882507,omid:br/06440221889,omid:br/061502882507,2020-07-25,P6Y,no,no
oci:06440221889-06440219655,omid:br/06440221889,omid:br/06440219655,2020-07-25,P8Y,no,no
oci:06440222404-06520198611,omid:br/06440222404,omid:br/06520198611,2016,P23Y,no,no
oci:06440222414-06380219253,omid:br/06440222414,omid:br/06380219253,2016,P24Y,no,no
oci:06440222414-0604837396,omid:br/06440222414,omid:br/0604837396,2016,P2Y,no,no
oci:06440222414-06604567331,omid:br/06440222414,omid:br/06604567331,2016,P2Y,no,no
oci:06440222336-06401809318,omid:br/06440222336,omid:br/06401809318,2021-01-25,P5Y9M16D,no,no
oci:06440222336-0630801473,omid:br/06440222336,omid:br/0630801473,2021-01-25,P10Y3M21D,no,no
oci:06440222336-0604104273,omid:br/06440222336,omid:br/0604104273,2021-01-25,P1Y6M0D,yes,no
oci:06440221901-06410304084,omid:br/06440221901,omid:br/06410304084,2020-07-25,P34Y10M5D,no,no
oci:06440222180-06470252873,omid:br/06440222180,omid:br/06470252873,2022-04-25,P3Y8M24D,no,no
oci:06440222180-06501272445,omid:br/06440222180,omid:br/06501272445,2022-04-25,P6Y7M,no,no
oci:06440222180-06701251307,omid:br/06440222180,omid:br/06701251307,2022-04-25,P11Y9M,no,no
oci:06440222180-06601262448,omid:br/06440222180,omid:br/06601262448,2022-04-25,P9Y3M,no,no
oci:06440222180-067094173,omid:br/06440222180,omid:br/067094173,2022-04-25,P14Y0M,no,no
oci:06440222180-0604236170,omid:br/06440222180,omid:br/0604236170,2022-04-25,P19Y,no,no
oci:06440222454-06201082886,omid:br/06440222454,omid:br/06201082886,2017,P8Y,no,no
oci:06440222454-06404321899,omid:br/06440222454,omid:br/06404321899,2017,P21Y,no,no
oci:06440222454-06701618450,omid:br/06440222454,omid:br/06701618450,2017,P19Y,no,no
oci:06440222396-0604172361,omid:br/06440222396,omid:br/0604172361,2016,P14Y,no,no
oci:06440222396-06804508702,omid:br/06440222396,omid:br/06804508702,2016,P28Y,no,no
oci:06440222445-0680362709,omid:br/06440222445,omid:br/0680362709,2016,P28Y,no,no
oci:06440222445-061401118249,omid:br/06440222445,omid:br/061401118249,2016,P20Y,no,no
oci:06440222445-06701126503,omid:br/06440222445,omid:br/06701126503,2016,P12Y,no,no
oci:06440222445-06501589422,omid:br/06440222445,omid:br/06501589422,2016,P20Y,no,no
oci:06440222445-06303909345,omid:br/06440222445,omid:br/06303909345,2016,P14Y,no,no
oci:0604569187-06440221870,omid:br/0604569187,omid:br/06440221870,2017,P2Y,yes,no
oci:0604569187-06440222377,omid:br/0604569187,omid:br/06440222377,2017,P2Y,yes,no
oci:06440222294-061901616332,omid:br/06440222294,omid:br/061901616332,2020-10-25,P5Y,no,no
oci:06440222294-06530262804,omid:br/06440222294,omid:br/06530262804,2020-10-25,P21Y,no,no
oci:06440222294-06440222102,omid:br/06440222294,omid:br/06440222102,2020-10-25,P2Y0M0D,yes,no
oci:06440222294-06440222024,omid:br/06440222294,omid:br/06440222024,2020-10-25,P3Y,yes,no
oci:06440221976-06440221863,omid:br/06440221976,omid:br/06440221863,2020-07-25,P5Y,yes,no
oci:06440221976-0604569211,omid:br/06440221976,omid:br/0604569211,2020-07-25,P3Y,yes,no
oci:06440222203-06601550871,omid:br/06440222203,omid:br/06601550871,2022-04-25,P14Y1M,no,no
oci:06440222203-06301776806,omid:br/06440222203,omid:br/06301776806,2022-04-25,P15Y,no,no
oci:06440222203-061502882582,omid:br/06440222203,omid:br/061502882582,2022-04-25,P8Y,no,no
oci:06440222203-06401790774,omid:br/06440222203,omid:br/06401790774,2022-04-25,P19Y,no,no
oci:06440222203-06404474022,omid:br/06440222203,omid:br/06404474022,2022-04-25,P6Y,no,no
oci:06440222203-06504473207,omid:br/06440222203,omid:br/06504473207,2022-04-25,P12Y,no,no
oci:06440222203-06480195995,omid:br/06440222203,omid:br/06480195995,2022-04-25,P14Y,no,no
oci:06440222380-0670175118,omid:br/06440222380,omid:br/0670175118,2016,P11Y,no,no
oci:06440222380-061901784743,omid:br/06440222380,omid:br/061901784743,2016,P10Y,no,no
oci:06440222380-061701790374,omid:br/06440222380,omid:br/061701790374,2016,P8Y,no,no
oci:06440222380-06601796409,omid:br/06440222380,omid:br/06601796409,2016,P2Y,no,no
oci:06440222380-06601796390,omid:br/06440222380,omid:br/06601796390,2016,P2Y,no,no
oci:06440222423-06340223752,omid:br/06440222423,omid:br/06340223752,2015,P8Y,no,no
oci:0604569223-0642017241,omid:br/0604569223,omid:br/0642017241,2017,P16Y,no,no
oci:06440221897-06250261451,omid:br/06440221897,omid:br/06250261451,2020-07-25,P12Y2M18D,no,no
oci:06440222205-061101194639,omid:br/06440222205,omid:br/061101194639,2022-01-25,P9Y6M,no,no
oci:0604850175-061602589578,omid:br/0604850175,omid:br/061602589578,2022,P22Y,no,no
oci:0604850175-062601605891,omid:br/0604850175,omid:br/062601605891,2022,P13Y,no,no
oci:0604850175-06240793967,omid:br/0604850175,omid:br/06240793967,2022,P15Y,no,no
oci:0604569175-0642017241,omid:br/0604569175,omid:br/0642017241,2017,P16Y,no,no
oci:06440222436-0680267591,omid:br/06440222436,omid:br/0680267591,2016,P54Y,no,no
oci:06440222415-06130261500,omid:br/06440222415,omid:br/06130261500,2016,P16Y,no,no
oci:06440222415-06220807258,omid:br/06440222415,omid:br/06220807258,2016,P4Y,no,no
oci:06440222416-061801153051,omid:br/06440222416,omid:br/061801153051,2015,P10Y,no,no
oci:06440222076-06102789623,omid:br/06440222076,omid:br/06102789623,2017,P22Y,no,no
oci:06440222076-06104556751,omid:br/06440222076,omid:br/06104556751,2017,P39Y,no,no
oci:06440222018-06310220893,omid:br/06440222018,omid:br/06310220893,2017,P4Y,no,no
oci:06440222018-06350223923,omid:br/06440222018,omid:br/06350223923,2017,P16Y,no,no
oci:0604569202-06503467914,omid:br/0604569202,omid:br/06503467914,2017,P3Y,no,no
oci:0604569202-06603458253,omid:br/0604569202,omid:br/06603458253,2017,P5Y,no,no
oci:06440222214-061303279714,omid:br/06440222214,omid:br/061303279714,2022-01-25,P28Y5M,no,no
oci:06440222214-06303469714,omid:br/06440222214,omid:br/06303469714,2022-01-25,P19Y,no,no
oci:06440222214-062601605454,omid:br/06440222214,omid:br/062601605454,2022-01-25,P1Y1M0D,no,no
oci:06440222263-062601605671,omid:br/06440222263,omid:br/062601605671,2022-04-25,P6Y,no,no
oci:06440221900-06440222279,omid:br/06440221900,omid:br/06440222279,2021-04-25,P0Y3M0D,yes,no
oci:06440222271-062601605787,omid:br/06440222271,omid:br/062601605787,2021-01-25,P9Y,no,no
oci:06440222271-06303469799,omid:br/06440222271,omid:br/06303469799,2021-01-25,P31Y,no,no
oci:06440222271-0630356932,omid:br/06440222271,omid:br/0630356932,2021-01-25,P30Y8M,no,no
oci:06440222271-06303469717,omid:br/06440222271,omid:br/06303469717,2021-01-25,P27Y,no,no
oci:06440222271-06801794305,omid:br/06440222271,omid:br/06801794305,2021-01-25,P8Y7M25D,no,no
oci:06440222271-062601605652,omid:br/06440222271,omid:br/062601605652,2021-01-25,P5Y,no,no
oci:06440221985-0603987649,omid:br/06440221985,omid:br/0603987649,2016,P2Y,yes,no
oci:06440221995-0603989889,omid:br/06440221995,omid:br/0603989889,2017,P9Y,no,no
oci:06440222434-06401088958,omid:br/06440222434,omid:br/06401088958,2015,P7Y,no,no
oci:06440222350-06204462782,omid:br/06440222350,omid:br/06204462782,2021-01-25,P10Y,no,no
oci:06440221974-0637018267,omid:br/06440221974,omid:br/0637018267,2021-04-25,P1Y,no,no
oci:06440221974-0637018359,omid:br/06440221974,omid:br/0637018359,2021-04-25,P2Y,no,no
oci:06440222236-06150260681,omid:br/06440222236,omid:br/06150260681,2022-01-25,P1Y9M11D,no,no
oci:06440222236-06201263475,omid:br/06440222236,omid:br/06201263475,2022-01-25,P1Y8M3D,no,no
oci:06440222236-06301724121,omid:br/06440222236,omid:br/06301724121,2022-01-25,P1Y3M,no,no
oci:06440222418-0604837423,omid:br/06440222418,omid:br/0604837423,2016,P36Y,no,no
oci:06440222042-06140441047,omid:br/06440222042,omid:br/06140441047,2016,P4Y,no,no
oci:06440222042-06170656892,omid:br/06440222042,omid:br/06170656892,2016,P3Y,no,no
oci:06440222376-06270233483,omid:br/06440222376,omid:br/06270233483,2015,P7Y,no,no
oci:06440222376-0637018593,omid:br/06440222376,omid:br/0637018593,2015,P1Y,no,no
oci:06440222039-06440221870,omid:br/06440222039,omid:br/06440221870,2017,P2Y,yes,no
oci:06440221906-06401088715,omid:br/06440221906,omid:br/06401088715,2021-04-25,P19Y,no,no
oci:06440221906-068019919,omid:br/06440221906,omid:br/068019919,2021-04-25,,no,no
oci:06440221906-06530284061,omid:br/06440221906,omid:br/06530284061,2021-04-25,P20Y,no,no
oci:06440221906-06530283700,omid:br/06440221906,omid:br/06530283700,2021-04-25,P17Y,no,no
oci:06440221906-061101974692,omid:br/06440221906,omid:br/061101974692,2021-04-25,P4Y7M,no,no
oci:06440222058-06440222381,omid:br/06440222058,omid:br/06440222381,2017,P2Y,yes,no
oci:06440222313-06150351572,omid:br/06440222313,omid:br/06150351572,2020-10-25,P68Y11M15D,no,no
oci:06440222313-0604569178,omid:br/06440222313,omid:br/0604569178,2020-10-25,P2Y,yes,no
oci:06440222313-06440222396,omid:br/06440222313,omid:br/06440222396,2020-10-25,P4Y,yes,no
oci:06440222313-0604104298,omid:br/06440222313,omid:br/0604104298,2020-10-25,P1Y0M0D,yes,no
oci:06440222313-0604104246,omid:br/06440222313,omid:br/0604104246,2020-10-25,P1Y0M0D,yes,no
oci:06440222217-06220807258,omid:br/06440222217,omid:br/06220807258,2022-01-25,P9Y1M22D,no,no
oci:06440221940-06501349236,omid:br/06440221940,omid:br/06501349236,2021-04-25,P9Y9M,no,no
oci:06440221940-06440222014,omid:br/06440221940,omid:br/06440222014,2021-04-25,P4Y,yes,no
oci:06440221940-06301332729,omid:br/06440221940,omid:br/06301332729,2021-04-25,P6Y6M,no,no
oci:06440221940-06301331961,omid:br/06440221940,omid:br/06301331961,2021-04-25,P4Y7M,no,no
oci:06440221940-06470214547,omid:br/06440221940,omid:br/06470214547,2021-04-25,P35Y,no,no
oci:06440222298-062104038129,omid:br/06440222298,omid:br/062104038129,2020-10-25,P0Y,no,no
oci:0604569201-062601605681,omid:br/0604569201,omid:br/062601605681,2018,P3Y,no,no
oci:0604569201-062601605721,omid:br/0604569201,omid:br/062601605721,2018,P4Y,no,no
oci:0604569201-0604837455,omid:br/0604569201,omid:br/0604837455,2018,P7Y,no,no
oci:06440222378-0604327761,omid:br/06440222378,omid:br/0604327761,2016,P6Y,no,no
oci:06440222046-06350223870,omid:br/06440222046,omid:br/06350223870,2016,P15Y,no,no
oci:06440221907-0603987622,omid:br/06440221907,omid:br/0603987622,2021-07-25,P7Y,yes,no
oci:06440222254-06440221926,omid:br/06440222254,omid:br/06440221926,2022-04-25,P1Y0M0D,yes,no
oci:06440222254-06520156200,omid:br/06440222254,omid:br/06520156200,2022-04-25,P1Y0M0D,yes,no
oci:06440221919-06404577682,omid:br/06440221919,omid:br/06404577682,2021-04-25,P3Y1M10D,no,no
oci:06440221919-061501788872,omid:br/06440221919,omid:br/061501788872,2021-04-25,P12Y3M10D,no,no
oci:06440221919-0604837402,omid:br/06440221919,omid:br/0604837402,2021-04-25,P7Y,no,no
oci:06440221919-06220589325,omid:br/06440221919,omid:br/06220589325,2021-04-25,P19Y,no,no
oci:06440221919-06601796882,omid:br/06440221919,omid:br/06601796882,2021-04-25,P7Y6M8D,no,no
oci:06440222425-062104039586,omid:br/06440222425,omid:br/062104039586,2015,P2Y,no,no
oci:06440222141-062601525000,omid:br/06440222141,omid:br/062601525000,2018-10-25,P18Y0M24D,no,no
oci:06440222141-06220260249,omid:br/06440222141,omid:br/06220260249,2018-10-25,P8Y0M5D,no,no
oci:06440222141-0604569131,omid:br/06440222141,omid:br/0604569131,2018-10-25,P1Y,yes,no
oci:06440222141-06504526942,omid:br/06440222141,omid:br/06504526942,2018-10-25,P2Y,no,no
oci:06440222141-0603987645,omid:br/06440222141,omid:br/0603987645,2018-10-25,P4Y,yes,no
oci:06440222010-062104039584,omid:br/06440222010,omid:br/062104039584,2017,P5Y,no,no
oci:06440222010-0604837414,omid:br/06440222010,omid:br/0604837414,2017,P12Y,no,no
oci:06440222010-0604837415,omid:br/06440222010,omid:br/0604837415,2017,P16Y,no,no
oci:06440222005-0604216039,omid:br/06440222005,omid:br/0604216039,2018-05-25,P4Y3M10D,no,no
oci:06440222005-0603987668,omid:br/06440222005,omid:br/0603987668,2018-05-25,P3Y,yes,no
oci:06440222107-0604508454,omid:br/06440222107,omid:br/0604508454,2018-10-25,P16Y10M10D,no,no
oci:06440222451-061702201319,omid:br/06440222451,omid:br/061702201319,2016,P3Y,no,no
oci:06440222451-0670819526,omid:br/06440222451,omid:br/0670819526,2016,P26Y,no,no
oci:0604104290-0604569176,omid:br/0604104290,omid:br/0604569176,2019-10-25,P2Y,yes,no
oci:06440221933-06480203802,omid:br/06440221933,omid:br/06480203802,2021-04-25,P20Y,no,no
oci:06440222109-06190673545,omid:br/06440222109,omid:br/06190673545,2018-10-25,P7Y0M12D,no,no
oci:06440222190-0620678466,omid:br/06440222190,omid:br/0620678466,2022-07-25,P0Y5M,no,no
oci:06440221961-0604527179,omid:br/06440221961,omid:br/0604527179,2021-07-25,P24Y7M10D,no,no
oci:06440221961-06440222442,omid:br/06440221961,omid:br/06440222442,2021-07-25,P5Y,yes,no
oci:06440221961-06460273729,omid:br/06440221961,omid:br/06460273729,2021-07-25,P51Y,no,no
oci:06440222421-062601811294,omid:br/06440222421,omid:br/062601811294,2016,P14Y,no,no
oci:06440222421-06302235666,omid:br/06440222421,omid:br/06302235666,2016,P5Y,no,no
oci:06604012077-06604520237,omid:br/06604012077,omid:br/06604520237,2018-05-25,P23Y,no,no
oci:06604012077-06490254264,omid:br/06604012077,omid:br/06490254264,2018-05-25,P22Y,no,no
oci:06604012077-0604556453,omid:br/06604012077,omid:br/0604556453,2018-05-25,P29Y,no,no
oci:06440221990-061201122207,omid:br/06440221990,omid:br/061201122207,2017,P20Y,no,no
oci:06440221990-06220807258,omid:br/06440221990,omid:br/06220807258,2017,P5Y,no,no
oci:06440221990-06201134931,omid:br/06440221990,omid:br/06201134931,2017,P16Y,no,no
oci:06440222121-062503560001,omid:br/06440222121,omid:br/062503560001,2018-10-25,P4Y,yes,no
oci:06440222036-06440222031,omid:br/06440222036,omid:br/06440222031,2018-07-25,P2Y,yes,no
oci:06440222369-0603987654,omid:br/06440222369,omid:br/0603987654,2016,P2Y,yes,no
oci:06440222164-06440222383,omid:br/06440222164,omid:br/06440222383,2019-01-25,P3Y,yes,no
oci:06440221896-061402858958,omid:br/06440221896,omid:br/061402858958,2020-10-25,P3Y1M15D,no,no
oci:06440221896-06220589375,omid:br/06440221896,omid:br/06220589375,2020-10-25,P12Y,no,no
oci:06440221896-06903335107,omid:br/06440221896,omid:br/06903335107,2020-10-25,P8Y1M,no,no
oci:06440221891-062601105281,omid:br/06440221891,omid:br/062601105281,2021-07-25,P9Y,no,no
oci:06440221891-06220588732,omid:br/06440221891,omid:br/06220588732,2021-07-25,P5Y,no,no
oci:06440221891-062601605643,omid:br/06440221891,omid:br/062601605643,2021-07-25,P5Y,no,no
oci:06440221891-062601605884,omid:br/06440221891,omid:br/062601605884,2021-07-25,P11Y,no,no
oci:06440221891-062601605770,omid:br/06440221891,omid:br/062601605770,2021-07-25,P9Y,no,no
oci:06440221891-062601104903,omid:br/06440221891,omid:br/062601104903,2021-07-25,P5Y,no,no
oci:06440222175-06520255502,omid:br/06440222175,omid:br/06520255502,2022-07-25,P16Y,no,no
oci:06440222175-06803996207,omid:br/06440222175,omid:br/06803996207,2022-07-25,P9Y,no,no
oci:06440222009-061101795216,omid:br/06440222009,omid:br/061101795216,2018-05-25,P6Y11M2D,no,no
oci:06440222009-06803531181,omid:br/06440222009,omid:br/06803531181,2018-05-25,P14Y0M,no,no
oci:06440222009-06304519926,omid:br/06440222009,omid:br/06304519926,2018-05-25,P1Y,no,no
oci:06440222386-062501076307,omid:br/06440222386,omid:br/062501076307,2016,P7Y,no,no
oci:06440222386-062501076256,omid:br/06440222386,omid:br/062501076256,2016,P6Y,no,no
oci:06440222386-0604837425,omid:br/06440222386,omid:br/0604837425,2016,P23Y,no,no
oci:06440222386-0604837426,omid:br/06440222386,omid:br/0604837426,2016,P12Y,no,no
oci:06440222386-0604837427,omid:br/06440222386,omid:br/0604837427,2016,P28Y,no,no
oci:06440222386-0604837428,omid:br/06440222386,omid:br/0604837428,2016,P19Y,no,no
oci:06440222386-0604837429,omid:br/06440222386,omid:br/0604837429,2016,P25Y,no,no
oci:06440222386-0604837430,omid:br/06440222386,omid:br/0604837430,2016,P19Y,no,no
oci:06440222386-0604837431,omid:br/06440222386,omid:br/0604837431,2016,P20Y,no,no
oci:06440222386-062501075886,omid:br/06440222386,omid:br/062501075886,2016,P2Y,no,no
oci:06440222386-062501075805,omid:br/06440222386,omid:br/062501075805,2016,P2Y,no,no
oci:06440222386-061501133605,omid:br/06440222386,omid:br/061501133605,2016,P22Y,no,no
oci:06440222386-0604837432,omid:br/06440222386,omid:br/0604837432,2016,P22Y,no,no
oci:06440222402-06904178205,omid:br/06440222402,omid:br/06904178205,2017,P11Y,no,no
oci:06440222402-061104180897,omid:br/06440222402,omid:br/061104180897,2017,P5Y,no,no
oci:06440222045-06301794205,omid:br/06440222045,omid:br/06301794205,2018-05-25,P2Y0M6D,no,no
oci:06440222045-062201775316,omid:br/06440222045,omid:br/062201775316,2018-05-25,P13Y0M10D,no,no
oci:06440222045-06301793275,omid:br/06440222045,omid:br/06301793275,2018-05-25,P20Y11M10D,no,no
oci:06440222045-061501788534,omid:br/06440222045,omid:br/061501788534,2018-05-25,P9Y1M2D,no,no
oci:06440222045-06104525080,omid:br/06440222045,omid:br/06104525080,2018-05-25,P3Y,no,no
oci:06440222075-06350292765,omid:br/06440222075,omid:br/06350292765,2018-05-25,P0Y11M10D,no,no
oci:06440222156-06120924808,omid:br/06440222156,omid:br/06120924808,2019-01-25,P15Y1M24D,no,no
oci:0604104265-062104039320,omid:br/0604104265,omid:br/062104039320,2019-10-25,P3Y,no,no
oci:0604104265-062104039352,omid:br/0604104265,omid:br/062104039352,2019-10-25,P3Y,no,no
oci:0604104265-06201166619,omid:br/0604104265,omid:br/06201166619,2019-10-25,P6Y,no,no
oci:06440222226-0620591231,omid:br/06440222226,omid:br/0620591231,2021-10-25,P7Y,yes,no
oci:06440221895-061403766739,omid:br/06440221895,omid:br/061403766739,2021-10-25,P22Y4M,no,no
oci:06440221895-06210263832,omid:br/06440221895,omid:br/06210263832,2021-10-25,P5Y8M2D,no,no
oci:06440221895-06210263828,omid:br/06440221895,omid:br/06210263828,2021-10-25,P5Y8M2D,no,no
oci:06440221895-061402857039,omid:br/06440221895,omid:br/061402857039,2021-10-25,P15Y,no,no
oci:06440221895-06310252563,omid:br/06440221895,omid:br/06310252563,2021-10-25,P11Y,no,no
oci:06440221895-061901461398,omid:br/06440221895,omid:br/061901461398,2021-10-25,P6Y,no,no
oci:06440221895-061901461187,omid:br/06440221895,omid:br/061901461187,2021-10-25,P1Y,no,no
oci:06440221895-06310252637,omid:br/06440221895,omid:br/06310252637,2021-10-25,P12Y,no,no
oci:06440222062-06440221830,omid:br/06440222062,omid:br/06440221830,2018-07-25,P4Y,yes,no
oci:06440222435-06520198262,omid:br/06440222435,omid:br/06520198262,2016,P20Y,no,no
oci:06440222435-06380294662,omid:br/06440222435,omid:br/06380294662,2016,P33Y,no,no
oci:06440222435-0690273618,omid:br/06440222435,omid:br/0690273618,2016,P15Y,no,no
oci:06440222435-06250262147,omid:br/06440222435,omid:br/06250262147,2016,P9Y,no,no
oci:06440222435-06480203475,omid:br/06440222435,omid:br/06480203475,2016,P10Y,no,no
oci:06440222368-0670353825,omid:br/06440222368,omid:br/0670353825,2016,P52Y,no,no
oci:06440222368-06703424682,omid:br/06440222368,omid:br/06703424682,2016,P21Y,no,no
oci:06440222368-06340239744,omid:br/06440222368,omid:br/06340239744,2016,P3Y,no,no
oci:06440222368-061603305107,omid:br/06440222368,omid:br/061603305107,2016,P19Y,no,no
oci:06440222368-06903045753,omid:br/06440222368,omid:br/06903045753,2016,P14Y,no,no
oci:06440222433-061703495615,omid:br/06440222433,omid:br/061703495615,2015,P13Y,no,no
oci:06440222424-0690362534,omid:br/06440222424,omid:br/0690362534,2016,P54Y,no,no
oci:06440222424-061903636973,omid:br/06440222424,omid:br/061903636973,2016,P15Y,no,no
oci:06440222424-0604837411,omid:br/06440222424,omid:br/0604837411,2016,P22Y,no,no
oci:06440222015-0690806139,omid:br/06440222015,omid:br/0690806139,2018-07-25,P47Y9M,no,no
oci:06440222113-0604837396,omid:br/06440222113,omid:br/0604837396,2018-10-25,P4Y,no,no
oci:06440222113-0603987654,omid:br/06440222113,omid:br/0603987654,2018-10-25,P4Y,yes,no
oci:06440222113-06440222047,omid:br/06440222113,omid:br/06440222047,2018-10-25,P1Y,yes,no
oci:06440222113-06440222049,omid:br/06440222113,omid:br/06440222049,2018-10-25,P1Y,yes,no
oci:06440222113-06460152455,omid:br/06440222113,omid:br/06460152455,2018-10-25,P1Y,yes,no
oci:06440222116-06304519429,omid:br/06440222116,omid:br/06304519429,2019-01-25,P10Y,no,no
oci:06440222116-06480252267,omid:br/06440222116,omid:br/06480252267,2019-01-25,P6Y,no,no
oci:06440221926-06150260672,omid:br/06440221926,omid:br/06150260672,2021-04-25,P1Y0M18D,no,no
oci:06440221926-06150260340,omid:br/06440221926,omid:br/06150260340,2021-04-25,P0Y10M16D,no,no
oci:0604104247-062304049729,omid:br/0604104247,omid:br/062304049729,2019-10-25,P16Y8M24D,no,no
oci:0604104247-06440222059,omid:br/0604104247,omid:br/06440222059,2019-10-25,P1Y,yes,no
oci:06440222409-0643027000,omid:br/06440222409,omid:br/0643027000,2015,P23Y,no,no
oci:06440222409-06440222430,omid:br/06440222409,omid:br/06440222430,2015,P0Y,yes,no
oci:06440222409-06440222443,omid:br/06440222409,omid:br/06440222443,2015,P0Y,yes,no
oci:06440222394-061902194945,omid:br/06440222394,omid:br/061902194945,2015,P6Y,no,no
oci:06440222394-06701252237,omid:br/06440222394,omid:br/06701252237,2015,P0Y,no,no
oci:06440222410-06170703150,omid:br/06440222410,omid:br/06170703150,2016,P11Y,no,no
oci:06440222168-0603987674,omid:br/06440222168,omid:br/0603987674,2018-10-25,P3Y,yes,no
oci:06440222089-06101738266,omid:br/06440222089,omid:br/06101738266,2018-10-25,P7Y1M24D,no,no
oci:06440221967-06520198548,omid:br/06440221967,omid:br/06520198548,2021-04-25,P27Y,no,no
oci:06440221967-06480203506,omid:br/06440221967,omid:br/06480203506,2021-04-25,P18Y,no,no
oci:06440221894-0604104253,omid:br/06440221894,omid:br/0604104253,2021-07-25,P1Y0M0D,yes,no
oci:0604104325-06360295070,omid:br/0604104325,omid:br/06360295070,2019-10-25,P22Y2M25D,no,no
oci:0604104325-06360294715,omid:br/0604104325,omid:br/06360294715,2019-10-25,P24Y6M25D,no,no
oci:0604104325-06504071456,omid:br/0604104325,omid:br/06504071456,2019-10-25,P35Y5M,no,no
oci:0604104325-06440222073,omid:br/0604104325,omid:br/06440222073,2019-10-25,P2Y,yes,no
oci:06440222252-0660847635,omid:br/06440222252,omid:br/0660847635,2022-04-25,P21Y6M,no,no
oci:06440222252-06440222306,omid:br/06440222252,omid:br/06440222306,2022-04-25,P1Y6M0D,yes,no
oci:06440222427-0604165367,omid:br/06440222427,omid:br/0604165367,2016,P13Y,no,no
oci:06440222427-0604216049,omid:br/06440222427,omid:br/0604216049,2016,P2Y,no,no
oci:06440222427-061602591686,omid:br/06440222427,omid:br/061602591686,2016,P8Y,no,no
oci:06440222456-062603098492,omid:br/06440222456,omid:br/062603098492,2016,P4Y,no,no
oci:06440222456-062075171,omid:br/06440222456,omid:br/062075171,2016,P4Y,no,no
oci:06440222372-0690493951,omid:br/06440222372,omid:br/0690493951,2016,P29Y,no,no
oci:06440222372-062203042651,omid:br/06440222372,omid:br/062203042651,2016,P8Y,no,no
oci:06440222372-06140790097,omid:br/06440222372,omid:br/06140790097,2016,P15Y,no,no
oci:06440222021-06604142566,omid:br/06440222021,omid:br/06604142566,2018,P13Y,no,no
oci:0604104331-06701183327,omid:br/0604104331,omid:br/06701183327,2019-10-25,P3Y9M,no,no
oci:0604104331-061201183444,omid:br/0604104331,omid:br/061201183444,2019-10-25,P7Y3M,no,no
oci:06440222128-0604837409,omid:br/06440222128,omid:br/0604837409,2018-10-25,P10Y,no,no
oci:0604104269-06420296232,omid:br/0604104269,omid:br/06420296232,2020-01-25,P40Y2M24D,no,no
oci:0604104269-06290225016,omid:br/0604104269,omid:br/06290225016,2020-01-25,P37Y7M24D,no,no
oci:06440221927-06370302283,omid:br/06440221927,omid:br/06370302283,2021-07-25,P10Y0M10D,no,no
oci:06440221927-06460251441,omid:br/06440221927,omid:br/06460251441,2021-07-25,P5Y,no,no
oci:06440222225-06220807258,omid:br/06440222225,omid:br/06220807258,2022-04-25,P9Y4M22D,no,no
oci:06440222428-06404578406,omid:br/06440222428,omid:br/06404578406,2015,P2Y,no,no
oci:06440222428-0680221836,omid:br/06440222428,omid:br/0680221836,2015,P3Y,no,no
oci:06440222440-06301084613,omid:br/06440222440,omid:br/06301084613,2016,P8Y,no,no
oci:06440222440-06260279754,omid:br/06440222440,omid:br/06260279754,2016,P10Y,no,no
oci:06440222440-0604241024,omid:br/06440222440,omid:br/0604241024,2016,P30Y,no,no
oci:06440222459-06370302283,omid:br/06440222459,omid:br/06370302283,2016,P5Y,no,no
oci:06440222078-06190171346,omid:br/06440222078,omid:br/06190171346,2018-10-25,P28Y6M,no,no
oci:06440222078-06260182967,omid:br/06440222078,omid:br/06260182967,2018-10-25,P7Y9M,no,no
oci:06440222078-06230174629,omid:br/06440222078,omid:br/06230174629,2018-10-25,P25Y9M,no,no
oci:06440222078-0620165882,omid:br/06440222078,omid:br/0620165882,2018-10-25,P10Y2M,no,no
oci:06440222078-06160168604,omid:br/06440222078,omid:br/06160168604,2018-10-25,P5Y7M,no,no
oci:06440222078-0690373407,omid:br/06440222078,omid:br/0690373407,2018-10-25,P2Y,no,no
oci:06440222078-061201122161,omid:br/06440222078,omid:br/061201122161,2018-10-25,P24Y9M,no,no
oci:06440222078-06160168184,omid:br/06440222078,omid:br/06160168184,2018-10-25,P5Y1M,no,no
oci:06440222078-06220807258,omid:br/06440222078,omid:br/06220807258,2018-10-25,P5Y10M22D,no,no
oci:06440222078-06301332367,omid:br/06440222078,omid:br/06301332367,2018-10-25,P3Y1M,no,no
oci:06440222078-06180396132,omid:br/06440222078,omid:br/06180396132,2018-10-25,P9Y0M4D,no,no
oci:06440222155-06604567353,omid:br/06440222155,omid:br/06604567353,2018-10-25,P4Y0M10D,no,no
oci:06440222063-06390204347,omid:br/06440222063,omid:br/06390204347,2018-07-25,P12Y,no,no
oci:06440222063-061902440520,omid:br/06440222063,omid:br/061902440520,2018-07-25,P20Y,no,no
oci:06440222063-06380200335,omid:br/06440222063,omid:br/06380200335,2018-07-25,P6Y,no,no
oci:06440222063-06430201563,omid:br/06440222063,omid:br/06430201563,2018-07-25,P3Y,no,no
oci:06440222063-06380200268,omid:br/06440222063,omid:br/06380200268,2018-07-25,P5Y,no,no
oci:06440222063-06404549436,omid:br/06440222063,omid:br/06404549436,2018-07-25,P3Y,no,no
oci:06440222063-06430201589,omid:br/06440222063,omid:br/06430201589,2018-07-25,P3Y,no,no
oci:06440222063-06380200486,omid:br/06440222063,omid:br/06380200486,2018-07-25,P10Y,no,no
oci:0604104311-06440222030,omid:br/0604104311,omid:br/06440222030,2019-10-25,P1Y3M0D,yes,no
oci:0604104311-06704115535,omid:br/0604104311,omid:br/06704115535,2019-10-25,P21Y,no,no
oci:06440222067-061902017686,omid:br/06440222067,omid:br/061902017686,2019-07-25,P15Y7M24D,no,no
oci:06440222130-06401141826,omid:br/06440222130,omid:br/06401141826,2020-01-25,P13Y8M9D,no,no
oci:06440222181-062502161737,omid:br/06440222181,omid:br/062502161737,2022-04-25,P1Y9M24D,no,no
oci:06440222181-062502161745,omid:br/06440222181,omid:br/062502161745,2022-04-25,P1Y9M24D,no,no
oci:06440222181-0660772219,omid:br/06440222181,omid:br/0660772219,2022-04-25,P10Y11M13D,no,no
oci:06440222181-06201135278,omid:br/06440222181,omid:br/06201135278,2022-04-25,P14Y7M14D,no,no
oci:06440222181-064302170,omid:br/06440222181,omid:br/064302170,2022-04-25,P2Y1M,no,no
oci:06440222239-061101795362,omid:br/06440222239,omid:br/061101795362,2022-07-25,P11Y1M2D,no,no
oci:06440222239-062601810944,omid:br/06440222239,omid:br/062601810944,2022-07-25,P3Y5M18D,no,no
oci:06440222153-06440221805,omid:br/06440222153,omid:br/06440221805,2019-01-25,P4Y,yes,no
oci:06440222373-0650487886,omid:br/06440222373,omid:br/0650487886,2016,P31Y,no,no
oci:06440222373-0620486579,omid:br/06440222373,omid:br/0620486579,2016,P30Y,no,no
oci:06440222373-0690493951,omid:br/06440222373,omid:br/0690493951,2016,P29Y,no,no
oci:06440222373-061701059891,omid:br/06440222373,omid:br/061701059891,2016,P13Y,no,no
oci:0604104267-06120603109,omid:br/0604104267,omid:br/06120603109,2019-07-25,P2Y0M0D,no,no
oci:0604104267-06390270011,omid:br/0604104267,omid:br/06390270011,2019-07-25,P3Y9M0D,no,no
oci:06440222030-06440221830,omid:br/06440222030,omid:br/06440221830,2018-07-25,P4Y,yes,no
oci:06440222030-0604589832,omid:br/06440222030,omid:br/0604589832,2018-07-25,P3Y,no,no
oci:06440222030-0603987691,omid:br/06440222030,omid:br/0603987691,2018-07-25,P4Y,yes,no
oci:06440221941-0630896194,omid:br/06440221941,omid:br/0630896194,2021-07-25,P5Y10M,no,no
oci:06440221941-0604569194,omid:br/06440221941,omid:br/0604569194,2021-07-25,P3Y0M0D,yes,no
oci:06440222172-062201510800,omid:br/06440222172,omid:br/062201510800,2018-10-25,P2Y8M15D,no,no
oci:06440222172-061501521431,omid:br/06440222172,omid:br/061501521431,2018-10-25,P2Y5M9D,no,no
oci:06440222172-06703712421,omid:br/06440222172,omid:br/06703712421,2018-10-25,P2Y10M,no,no
oci:06440222087-06101071504,omid:br/06440222087,omid:br/06101071504,2019-07-25,P9Y,no,no
oci:06440222087-06401517657,omid:br/06440222087,omid:br/06401517657,2019-07-25,P39Y1M24D,no,no
oci:06440222087-06901642957,omid:br/06440222087,omid:br/06901642957,2019-07-25,P35Y8M,no,no
oci:06440222087-06440221984,omid:br/06440222087,omid:br/06440221984,2019-07-25,P2Y,yes,no
oci:06440221958-062601605584,omid:br/06440221958,omid:br/062601605584,2021-07-25,P3Y,no,no
oci:06440221958-062601605574,omid:br/06440221958,omid:br/062601605574,2021-07-25,P3Y0M25D,no,no
oci:06440222417-06260279404,omid:br/06440222417,omid:br/06260279404,2015,P8Y,no,no
oci:06440222413-061601495249,omid:br/06440222413,omid:br/061601495249,2016,P11Y,no,no
oci:06440222413-061501491699,omid:br/06440222413,omid:br/061501491699,2016,P19Y,no,no
oci:06440222430-06104573954,omid:br/06440222430,omid:br/06104573954,2015,P2Y,no,no
oci:06440222430-06104573930,omid:br/06440222430,omid:br/06104573930,2015,P2Y,no,no
oci:0604104320-0604569157,omid:br/0604104320,omid:br/0604569157,2019-10-25,P2Y,yes,no
oci:0604104320-0604569177,omid:br/0604104320,omid:br/0604569177,2019-10-25,P2Y,yes,no
oci:0604104320-06440222041,omid:br/0604104320,omid:br/06440222041,2019-10-25,P2Y,yes,no
oci:0604104320-0603987676,omid:br/0604104320,omid:br/0603987676,2019-10-25,P5Y,yes,no
oci:0604104320-0604837417,omid:br/0604104320,omid:br/0604837417,2019-10-25,P9Y,no,no
oci:0604104320-06201460255,omid:br/0604104320,omid:br/06201460255,2019-10-25,P14Y,no,no
oci:06440222068-062504046076,omid:br/06440222068,omid:br/062504046076,2018-05-25,P2Y,no,no
oci:06440222057-06440221806,omid:br/06440222057,omid:br/06440221806,2018-05-25,P3Y,yes,no
oci:06440222248-0603987617,omid:br/06440222248,omid:br/0603987617,2022-04-25,P8Y,yes,no
oci:06440222099-06801252735,omid:br/06440222099,omid:br/06801252735,2018-10-25,P8Y2M24D,no,no
oci:06440222099-0670265409,omid:br/06440222099,omid:br/0670265409,2018-10-25,P47Y9M21D,no,no
oci:06440222099-0660847635,omid:br/06440222099,omid:br/0660847635,2018-10-25,P18Y0M,no,no
oci:06440222079-0643027108,omid:br/06440222079,omid:br/0643027108,2018-10-25,P33Y6M,no,no
oci:06440221885-06230518713,omid:br/06440221885,omid:br/06230518713,2021-04-25,P7Y6M9D,no,no
oci:06440221885-06502618555,omid:br/06440221885,omid:br/06502618555,2021-04-25,P16Y,no,no
oci:06440222437-062204047313,omid:br/06440222437,omid:br/062204047313,2016,P2Y,no,no
oci:06440222448-06510307545,omid:br/06440222448,omid:br/06510307545,2016,P4Y,no,no
oci:06440222448-06460251711,omid:br/06440222448,omid:br/06460251711,2016,P2Y,no,no
oci:06440222448-0642017476,omid:br/06440222448,omid:br/0642017476,2016,P7Y,no,no
oci:06440222448-06701499122,omid:br/06440222448,omid:br/06701499122,2016,P36Y,no,no
oci:062403566557-061303279506,omid:br/062403566557,omid:br/061303279506,2016,P17Y,no,no
oci:062403566557-061103303663,omid:br/062403566557,omid:br/061103303663,2016,P11Y,no,no
oci:062403566557-062601605963,omid:br/062403566557,omid:br/062601605963,2016,P9Y,no,no
oci:062403566557-061503298021,omid:br/062403566557,omid:br/061503298021,2016,P17Y,no,no
oci:06440222100-062101795054,omid:br/06440222100,omid:br/062101795054,2019-04-25,P2Y,no,no
oci:06440222204-06804560116,omid:br/06440222204,omid:br/06804560116,2022-01-25,P17Y1M15D,no,no
oci:06440222204-06490276649,omid:br/06440222204,omid:br/06490276649,2022-01-25,P11Y,no,no
oci:0604104301-06401823949,omid:br/0604104301,omid:br/06401823949,2019-10-25,P9Y8M,no,no
oci:0604104301-06520198591,omid:br/0604104301,omid:br/06520198591,2019-10-25,P25Y,no,no
oci:06440222060-06220588675,omid:br/06440222060,omid:br/06220588675,2018-05-25,P1Y,no,no
oci:06440222060-06220589254,omid:br/06440222060,omid:br/06220589254,2018-05-25,P9Y,no,no
oci:06440222127-0604837412,omid:br/06440222127,omid:br/0604837412,2019-01-25,P48Y,no,no
oci:06440222127-062201127504,omid:br/06440222127,omid:br/062201127504,2019-01-25,P29Y11M24D,no,no
oci:06440222127-0604837413,omid:br/06440222127,omid:br/0604837413,2019-01-25,P11Y,no,no
oci:06440221950-06530309140,omid:br/06440221950,omid:br/06530309140,2020-07-25,P6Y7M10D,no,no
oci:06440221950-06530309216,omid:br/06440221950,omid:br/06530309216,2020-07-25,P6Y7M10D,no,no
oci:06440221950-06440222421,omid:br/06440221950,omid:br/06440222421,2020-07-25,P4Y,yes,no
oci:06440221950-06440222447,omid:br/06440221950,omid:br/06440222447,2020-07-25,P4Y,yes,no
oci:06440222446-06401034329,omid:br/06440222446,omid:br/06401034329,2016,P11Y,no,no
oci:06440222446-06401034410,omid:br/06440222446,omid:br/06401034410,2016,P12Y,no,no
oci:06440222140-06440221806,omid:br/06440222140,omid:br/06440221806,2019-04-25,P4Y,yes,no
oci:06440222140-06440222057,omid:br/06440222140,omid:br/06440222057,2019-04-25,P0Y11M0D,yes,no
oci:0604104283-06201082978,omid:br/0604104283,omid:br/06201082978,2020-04-01,P7Y,no,no
oci:0604104283-062304051126,omid:br/0604104283,omid:br/062304051126,2020-04-01,P6Y,no,no
oci:06440221886-06440222049,omid:br/06440221886,omid:br/06440222049,2021-07-25,P4Y,yes,no
oci:06440221886-0604837407,omid:br/06440221886,omid:br/0604837407,2021-07-25,P7Y,no,no
oci:06440221886-0604569179,omid:br/06440221886,omid:br/0604569179,2021-07-25,P4Y,yes,no
oci:06440222259-06440293436,omid:br/06440222259,omid:br/06440293436,2022-04-25,P7Y5M10D,no,no
oci:06440222170-0640357287,omid:br/06440222170,omid:br/0640357287,2018-10-25,P51Y4M,no,no
oci:06440222170-06480203475,omid:br/06440222170,omid:br/06480203475,2018-10-25,P12Y,no,no
oci:06440222218-06310300665,omid:br/06440222218,omid:br/06310300665,2022-07-25,P18Y8M25D,no,no
oci:06440222218-062604162458,omid:br/06440222218,omid:br/062604162458,2022-07-25,P13Y8M10D,no,no
oci:06440222218-06301084337,omid:br/06440222218,omid:br/06301084337,2022-07-25,P45Y,no,no
oci:06440222132-06404029849,omid:br/06440222132,omid:br/06404029849,2019-04-25,P16Y,no,no
oci:06440222132-0603987685,omid:br/06440222132,omid:br/0603987685,2019-04-25,P4Y,yes,no
oci:06440221905-06330226064,omid:br/06440221905,omid:br/06330226064,2021-07-25,P6Y7M24D,no,no
oci:06440221905-06301084812,omid:br/06440221905,omid:br/06301084812,2021-07-25,P19Y,no,no
oci:06440221905-0630208608,omid:br/06440221905,omid:br/0630208608,2021-07-25,P21Y3M24D,no,no
oci:06440221905-06350224359,omid:br/06440221905,omid:br/06350224359,2021-07-25,P4Y3M24D,no,no
oci:06440221912-062304050239,omid:br/06440221912,omid:br/062304050239,2020-04-01,P6Y5M0D,no,no
oci:06440221912-0604569156,omid:br/06440221912,omid:br/0604569156,2020-04-01,P2Y,yes,no
oci:06440221912-06440222413,omid:br/06440221912,omid:br/06440222413,2020-04-01,P4Y,yes,no
oci:06440222192-06480300332,omid:br/06440222192,omid:br/06480300332,2022-04-25,P22Y4M10D,no,no
oci:06440222081-06440221816,omid:br/06440222081,omid:br/06440221816,2019-01-25,P4Y,yes,no
oci:06440222081-06440222454,omid:br/06440222081,omid:br/06440222454,2019-01-25,P2Y,yes,no
oci:06440221988-06520191405,omid:br/06440221988,omid:br/06520191405,2018-07-25,P8Y,no,no
oci:06440221988-06204463062,omid:br/06440221988,omid:br/06204463062,2018-07-25,P8Y,no,no
oci:06440221988-062204047622,omid:br/06440221988,omid:br/062204047622,2018-07-25,P3Y11M24D,no,no
oci:06440221988-06504473207,omid:br/06440221988,omid:br/06504473207,2018-07-25,P8Y,no,no
oci:06440221988-06604405837,omid:br/06440221988,omid:br/06604405837,2018-07-25,P6Y,no,no
oci:06440221988-06460251200,omid:br/06440221988,omid:br/06460251200,2018-07-25,P14Y,no,no
oci:06440221988-062202428889,omid:br/06440221988,omid:br/062202428889,2018-07-25,P23Y,no,no
oci:06440222412-06410305067,omid:br/06440222412,omid:br/06410305067,2016,P2Y,no,no
oci:06440222412-06230596094,omid:br/06440222412,omid:br/06230596094,2016,P9Y,no,no
oci:06440222412-06440293431,omid:br/06440222412,omid:br/06440293431,2016,P1Y,no,no
oci:06440222412-06303909270,omid:br/06440222412,omid:br/06303909270,2016,P14Y,no,no
oci:06440222412-06440293496,omid:br/06440222412,omid:br/06440293496,2016,P1Y,no,no
oci:06440222412-061403649068,omid:br/06440222412,omid:br/061403649068,2016,P9Y,no,no
oci:06440222134-06104574014,omid:br/06440222134,omid:br/06104574014,2019-07-25,P16Y5M10D,no,no
oci:06440221973-06440222151,omid:br/06440221973,omid:br/06440222151,2021-07-25,P2Y9M0D,yes,no
oci:06440222098-061901138624,omid:br/06440222098,omid:br/061901138624,2019-04-25,P6Y,no,no
oci:06440222098-06260855113,omid:br/06440222098,omid:br/06260855113,2019-04-25,P5Y6M,no,no
oci:06440222098-062302751442,omid:br/06440222098,omid:br/062302751442,2019-04-25,P10Y1M,no,no
oci:06440222098-061103776953,omid:br/06440222098,omid:br/061103776953,2019-04-25,P17Y3M,no,no
oci:061803578619-0603987641,omid:br/061803578619,omid:br/0603987641,2019-04-25,P5Y,yes,no
oci:06440222161-06470252866,omid:br/06440222161,omid:br/06470252866,2019-01-25,P2Y,no,no
oci:06440222131-062501275295,omid:br/06440222131,omid:br/062501275295,2019-07-25,P5Y,no,no
oci:06440221962-062604335948,omid:br/06440221962,omid:br/062604335948,2021-07-25,P6Y,no,no
oci:06440222095-061401118146,omid:br/06440222095,omid:br/061401118146,2019-01-25,P24Y11M,no,no
oci:06440222095-061301127403,omid:br/06440222095,omid:br/061301127403,2019-01-25,P18Y9M28D,no,no
oci:06440222006-061804148436,omid:br/06440222006,omid:br/061804148436,2018-07-25,P7Y,no,no
oci:06440222006-061902194911,omid:br/06440222006,omid:br/061902194911,2018-07-25,P9Y,no,no
oci:06440222006-06310252539,omid:br/06440222006,omid:br/06310252539,2018-07-25,P4Y,no,no
oci:06440222453-0634046087,omid:br/06440222453,omid:br/0634046087,2016,P5Y,no,no
oci:06440222126-061603763368,omid:br/06440222126,omid:br/061603763368,2019-10-25,P19Y1M,no,no
oci:06440222126-062501117800,omid:br/06440222126,omid:br/062501117800,2019-10-25,P7Y0M9D,no,no
oci:06440222126-06104469320,omid:br/06440222126,omid:br/06104469320,2019-10-25,P3Y,no,no
oci:06440222126-06102582364,omid:br/06440222126,omid:br/06102582364,2019-10-25,P12Y7M,no,no
oci:06440222126-06440221808,omid:br/06440222126,omid:br/06440221808,2019-10-25,P4Y,yes,no
oci:06440222126-06440221848,omid:br/06440222126,omid:br/06440221848,2019-10-25,P5Y,yes,no
oci:06440222185-0604104320,omid:br/06440222185,omid:br/0604104320,2022-04-25,P2Y6M0D,yes,no
oci:06440222185-061601495249,omid:br/06440222185,omid:br/061601495249,2022-04-25,P17Y0M,no,no
oci:06440222185-06440222413,omid:br/06440222185,omid:br/06440222413,2022-04-25,P6Y,yes,no
oci:06440222185-06350292716,omid:br/06440222185,omid:br/06350292716,2022-04-25,P9Y10M10D,no,no
oci:06440221957-06303988855,omid:br/06440221957,omid:br/06303988855,2020-04-01,P18Y,no,no
oci:06440221957-06703975642,omid:br/06440221957,omid:br/06703975642,2020-04-01,P17Y,no,no
oci:06440222086-06220588700,omid:br/06440222086,omid:br/06220588700,2019-01-25,P3Y,no,no
oci:06440222097-061401118160,omid:br/06440222097,omid:br/061401118160,2019-10-25,P23Y0M,no,no
oci:06440222097-06250243055,omid:br/06440222097,omid:br/06250243055,2019-10-25,P25Y10M,no,no
oci:0604569143-06201083136,omid:br/0604569143,omid:br/06201083136,2018-07-25,P11Y,no,no
oci:06440222133-0604837424,omid:br/06440222133,omid:br/0604837424,2019-07-25,P23Y,no,no
oci:06440222457-06240259805,omid:br/06440222457,omid:br/06240259805,2016,P8Y,no,no
oci:0604569209-06350276770,omid:br/0604569209,omid:br/06350276770,2019-01-25,P12Y,no,no
oci:0604569209-0604013908,omid:br/0604569209,omid:br/0604013908,2019-01-25,P20Y,no,no
oci:06440221911-06170481169,omid:br/06440221911,omid:br/06170481169,2021-07-25,P1Y2M17D,no,no
oci:06440221911-06150260681,omid:br/06440221911,omid:br/06150260681,2021-07-25,P1Y3M11D,no,no
oci:06440221911-064301823,omid:br/06440221911,omid:br/064301823,2021-07-25,P1Y1M,no,no
oci:06440222166-06201082698,omid:br/06440222166,omid:br/06201082698,2019-01-25,P8Y,no,no
oci:0604104287-06230174945,omid:br/0604104287,omid:br/06230174945,2019-01-25,P29Y8M,no,no
oci:0604104287-06110370439,omid:br/0604104287,omid:br/06110370439,2019-01-25,P28Y,no,no
oci:0604104287-061802873108,omid:br/0604104287,omid:br/061802873108,2019-01-25,P10Y,no,no
oci:06440221945-061703303489,omid:br/06440221945,omid:br/061703303489,2020-01-25,P20Y6M,no,no
oci:06440221945-0642017781,omid:br/06440221945,omid:br/0642017781,2020-01-25,P13Y,no,no
oci:06440222148-06150260942,omid:br/06440222148,omid:br/06150260942,2018-10-25,P53Y8M10D,no,no
oci:06440222148-061702201319,omid:br/06440222148,omid:br/061702201319,2018-10-25,P5Y,no,no
oci:06440222148-06101598727,omid:br/06440222148,omid:br/06101598727,2018-10-25,P6Y5M,no,no
oci:06440222148-061702201415,omid:br/06440222148,omid:br/061702201415,2018-10-25,P6Y,no,no
oci:06440221938-062503622954,omid:br/06440221938,omid:br/062503622954,2021-10-25,P34Y,no,no
oci:0604104255-0670353825,omid:br/0604104255,omid:br/0670353825,2019-04-25,P54Y4M,no,no
oci:0604104255-061703303858,omid:br/0604104255,omid:br/061703303858,2019-04-25,P18Y2M,no,no
oci:0604104255-061703735239,omid:br/0604104255,omid:br/061703735239,2019-04-25,P20Y11M,no,no
oci:0604104255-061704016457,omid:br/0604104255,omid:br/061704016457,2019-04-25,P3Y,no,no
oci:06440221920-0690493951,omid:br/06440221920,omid:br/0690493951,2021-07-25,P34Y6M16D,no,no
oci:06440221920-06440222022,omid:br/06440221920,omid:br/06440222022,2021-07-25,P4Y,yes,no
oci:06440221920-06440222372,omid:br/06440221920,omid:br/06440222372,2021-07-25,P5Y,yes,no
oci:06440221920-06140790097,omid:br/06440221920,omid:br/06140790097,2021-07-25,P20Y,no,no
oci:06440222090-06904137337,omid:br/06440222090,omid:br/06904137337,2019-07-25,P7Y,no,no
oci:06440222090-06290475193,omid:br/06440222090,omid:br/06290475193,2019-07-25,P1Y,no,no
oci:06440222405-06402622721,omid:br/06440222405,omid:br/06402622721,2015,P24Y,no,no
oci:0604104261-06802611952,omid:br/0604104261,omid:br/06802611952,2019-01-25,P10Y,no,no
oci:0604104261-06520204929,omid:br/0604104261,omid:br/06520204929,2019-01-25,P35Y,no,no
oci:0604104261-061104088333,omid:br/0604104261,omid:br/061104088333,2019-01-25,P27Y,no,no
oci:0604104261-06240359261,omid:br/0604104261,omid:br/06240359261,2019-01-25,P2Y,no,no
oci:0604104261-06502618819,omid:br/0604104261,omid:br/06502618819,2019-01-25,P10Y,no,no
oci:06440222117-06340224066,omid:br/06440222117,omid:br/06340224066,2019-10-25,P21Y10M24D,no,no
oci:06440222157-0650827100,omid:br/06440222157,omid:br/0650827100,2019-04-25,P23Y0M,no,no
oci:06440222157-06201082761,omid:br/06440222157,omid:br/06201082761,2019-04-25,P5Y,no,no
oci:06440222084-0690273457,omid:br/06440222084,omid:br/0690273457,2019-01-25,P16Y9M1D,no,no
oci:06440222084-06150820192,omid:br/06440222084,omid:br/06150820192,2019-01-25,P13Y0M,no,no
oci:06440222149-06150655244,omid:br/06440222149,omid:br/06150655244,2019-04-25,P3Y8M25D,no,no
oci:06440221890-061703604462,omid:br/06440221890,omid:br/061703604462,2020-01-25,P4Y,yes,no
oci:06440221890-061702201230,omid:br/06440221890,omid:br/061702201230,2020-01-25,P6Y,no,no
oci:06440221890-0603987634,omid:br/06440221890,omid:br/0603987634,2020-01-25,P6Y,yes,no
oci:06440221910-0610493557,omid:br/06440221910,omid:br/0610493557,2020-07-25,P42Y7M16D,no,no
oci:06440221910-0604015852,omid:br/06440221910,omid:br/0604015852,2020-07-25,P7Y,no,no
oci:0604104306-061801656840,omid:br/0604104306,omid:br/061801656840,2019-04-25,P14Y,no,no
oci:06440222408-06480203934,omid:br/06440222408,omid:br/06480203934,2016,P10Y,no,no
oci:0604104291-0643027000,omid:br/0604104291,omid:br/0643027000,2019-01-25,P26Y7M,no,no
oci:0604104291-06210263828,omid:br/0604104291,omid:br/06210263828,2019-01-25,P2Y11M2D,no,no
oci:0604104291-06210263836,omid:br/0604104291,omid:br/06210263836,2019-01-25,P2Y11M2D,no,no
oci:0604104270-0604837384,omid:br/0604104270,omid:br/0604837384,2019-01-25,P23Y,no,no
oci:0604104270-0604569202,omid:br/0604104270,omid:br/0604569202,2019-01-25,P2Y,yes,no
oci:06520156200-06440222307,omid:br/06520156200,omid:br/06440222307,2021-04-25,P0Y6M0D,yes,no
oci:06520156200-06520156199,omid:br/06520156200,omid:br/06520156199,2021-04-25,P0Y6M0D,yes,no
oci:06520156200-0638012110,omid:br/06520156200,omid:br/0638012110,2021-04-25,P0Y9M,no,no
oci:06520156200-061903351144,omid:br/06520156200,omid:br/061903351144,2021-04-25,P0Y11M,no,no
oci:06520156200-0630682263,omid:br/06520156200,omid:br/0630682263,2021-04-25,P0Y10M,no,no
oci:06440222171-0650658093,omid:br/06440222171,omid:br/0650658093,2019-10-25,P8Y11M,no,no
oci:06440222171-06704488024,omid:br/06440222171,omid:br/06704488024,2019-10-25,P24Y,no,no
oci:06440222171-06180441883,omid:br/06440222171,omid:br/06180441883,2019-10-25,P25Y8M,no,no
oci:06440221899-06240259230,omid:br/06440221899,omid:br/06240259230,2020-01-25,P10Y7M1D,no,no
oci:06440221899-06140342463,omid:br/06440221899,omid:br/06140342463,2020-01-25,P1Y9M,no,no
oci:06440221899-062501119162,omid:br/06440221899,omid:br/062501119162,2020-01-25,P10Y3M5D,no,no
oci:06440221899-0632027346,omid:br/06440221899,omid:br/0632027346,2020-01-25,P16Y2M24D,no,no
oci:06440222112-06480203934,omid:br/06440222112,omid:br/06480203934,2019-07-25,P13Y,no,no
oci:06440222112-0604569195,omid:br/06440222112,omid:br/0604569195,2019-07-25,P2Y,yes,no
oci:06440222112-06440221874,omid:br/06440222112,omid:br/06440221874,2019-07-25,P3Y,yes,no
oci:06440222112-06440222044,omid:br/06440222112,omid:br/06440222044,2019-07-25,P2Y,yes,no
oci:0604104334-06201083284,omid:br/0604104334,omid:br/06201083284,2019-07-25,P16Y,no,no
oci:0604104334-0620591232,omid:br/0604104334,omid:br/0620591232,2019-07-25,P5Y,yes,no
oci:06440222120-06303469714,omid:br/06440222120,omid:br/06303469714,2019-01-25,P16Y,no,no
oci:06440222120-06303469760,omid:br/06440222120,omid:br/06303469760,2019-01-25,P15Y,no,no
oci:06440222129-0610857276,omid:br/06440222129,omid:br/0610857276,2019-07-25,P12Y3M,no,no
oci:06440222122-0604837418,omid:br/06440222122,omid:br/0604837418,2018-10-25,P2Y,no,no
oci:06440222122-06440221851,omid:br/06440222122,omid:br/06440221851,2018-10-25,P4Y,yes,no
oci:06440222122-062304050601,omid:br/06440222122,omid:br/062304050601,2018-10-25,P24Y,no,no
oci:06440221934-06201082832,omid:br/06440221934,omid:br/06201082832,2020-07-25,P6Y,no,no
oci:06440221934-06804504587,omid:br/06440221934,omid:br/06804504587,2020-07-25,P15Y11M24D,no,no
oci:06440222420-06504535169,omid:br/06440222420,omid:br/06504535169,2016,P7Y,no,no
oci:06440222420-061703495665,omid:br/06440222420,omid:br/061703495665,2016,P14Y,no,no
oci:06440222398-061902017928,omid:br/06440222398,omid:br/061902017928,2016,P13Y,no,no
oci:06440222398-061301781044,omid:br/06440222398,omid:br/061301781044,2016,P6Y,no,no
oci:06440221914-06104469433,omid:br/06440221914,omid:br/06104469433,2021-04-25,P7Y,no,no
oci:06440221914-06470252913,omid:br/06440221914,omid:br/06470252913,2021-04-25,P4Y,no,no
oci:06440221914-0690913857,omid:br/06440221914,omid:br/0690913857,2021-04-25,P2Y7M24D,no,no
oci:06440222145-061103582043,omid:br/06440222145,omid:br/061103582043,2018-10-25,P4Y,yes,no
oci:06440222145-0604569161,omid:br/06440222145,omid:br/0604569161,2018-10-25,P1Y,yes,no
oci:06440221898-0690360902,omid:br/06440221898,omid:br/0690360902,2020-01-25,P12Y4M,no,no
oci:06440221951-062601605466,omid:br/06440221951,omid:br/062601605466,2021-10-25,P1Y2M0D,no,no
oci:06440221951-061602203589,omid:br/06440221951,omid:br/061602203589,2021-10-25,P2Y5M24D,no,no
oci:06440222123-06220807258,omid:br/06440222123,omid:br/06220807258,2019-07-25,P6Y7M22D,no,no
oci:06440222123-06440222383,omid:br/06440222123,omid:br/06440222383,2019-07-25,P3Y,yes,no
oci:0604104314-06440221870,omid:br/0604104314,omid:br/06440221870,2018-07-25,P3Y,yes,no
oci:06440221955-0620591223,omid:br/06440221955,omid:br/0620591223,2021-07-25,P7Y,yes,no
oci:0604569206-06460251469,omid:br/0604569206,omid:br/06460251469,2018-07-25,P2Y,no,no
oci:0604569206-06503467729,omid:br/0604569206,omid:br/06503467729,2018-07-25,P3Y9M23D,no,no
oci:06440222407-0634046224,omid:br/06440222407,omid:br/0634046224,2016,P7Y,no,no
oci:0604104297-06340239372,omid:br/0604104297,omid:br/06340239372,2019-04-25,P3Y,no,no
oci:0604104297-06530263260,omid:br/0604104297,omid:br/06530263260,2019-04-25,P20Y,no,no
oci:0604104297-061701790786,omid:br/0604104297,omid:br/061701790786,2019-04-25,P11Y5M10D,no,no
oci:0604104297-062401771703,omid:br/0604104297,omid:br/062401771703,2019-04-25,P15Y4M24D,no,no
oci:0604104297-06480203909,omid:br/0604104297,omid:br/06480203909,2019-04-25,P11Y,no,no
oci:0604104297-0603987670,omid:br/0604104297,omid:br/0603987670,2019-04-25,P5Y,yes,no
oci:0604104297-06201027089,omid:br/0604104297,omid:br/06201027089,2019-04-25,P2Y11M12D,no,no
oci:06440222085-06250167750,omid:br/06440222085,omid:br/06250167750,2017,P24Y,no,no
oci:06440222108-0620591232,omid:br/06440222108,omid:br/0620591232,2019-01-25,P5Y,yes,no
oci:06440222108-06202616343,omid:br/06440222108,omid:br/06202616343,2019-01-25,P18Y10M24D,no,no
oci:06440222108-061602875068,omid:br/06440222108,omid:br/061602875068,2019-01-25,P6Y3M,no,no
oci:06440221980-061701003216,omid:br/06440221980,omid:br/061701003216,2021-07-25,P19Y2M,no,no
oci:06440221980-06470252911,omid:br/06440221980,omid:br/06470252911,2021-07-25,P2Y11M24D,no,no
oci:06440221980-06104469348,omid:br/06440221980,omid:br/06104469348,2021-07-25,P5Y,no,no
oci:06440222093-0641017790,omid:br/06440222093,omid:br/0641017790,2017,P8Y,no,no
oci:06440222093-061102766781,omid:br/06440222093,omid:br/061102766781,2017,P21Y,no,no
oci:06440222093-0620486663,omid:br/06440222093,omid:br/0620486663,2017,P33Y,no,no
oci:0604104277-061403711264,omid:br/0604104277,omid:br/061403711264,2019-07-25,P9Y,no,no
oci:0604104277-06501147237,omid:br/0604104277,omid:br/06501147237,2019-07-25,P9Y1M24D,no,no
oci:0604104277-061301130924,omid:br/0604104277,omid:br/061301130924,2019-07-25,P18Y1M24D,no,no
oci:0604104277-062603127947,omid:br/0604104277,omid:br/062603127947,2019-07-25,P7Y5M28D,no,no
oci:06440221893-06201795528,omid:br/06440221893,omid:br/06201795528,2020-01-25,P2Y10M23D,no,no
oci:06440221893-06103770065,omid:br/06440221893,omid:br/06103770065,2020-01-25,P5Y3M,no,no
oci:06440221893-06350292815,omid:br/06440221893,omid:br/06350292815,2020-01-25,P2Y5M10D,no,no
oci:06440222136-061502881960,omid:br/06440222136,omid:br/061502881960,2019-10-25,P3Y,no,no
oci:0604104328-06220588656,omid:br/0604104328,omid:br/06220588656,2019-04-25,P2Y,no,no
oci:06440222391-062601605797,omid:br/06440222391,omid:br/062601605797,2016,P4Y,no,no
oci:06440222391-062601605695,omid:br/06440222391,omid:br/062601605695,2016,P1Y,no,no
oci:06440222391-062601605744,omid:br/06440222391,omid:br/062601605744,2016,P3Y,no,no
oci:06440222391-062601605708,omid:br/06440222391,omid:br/062601605708,2016,P1Y,no,no
oci:0604104268-06440222388,omid:br/0604104268,omid:br/06440222388,2019-01-25,P3Y,yes,no
oci:0604104268-0604837390,omid:br/0604104268,omid:br/0604837390,2019-01-25,P16Y,no,no
oci:06440222083-06440222102,omid:br/06440222083,omid:br/06440222102,2019-07-25,P0Y9M0D,yes,no
oci:06440222083-06440222024,omid:br/06440222083,omid:br/06440222024,2019-07-25,P2Y,yes,no
oci:06440222080-061601495863,omid:br/06440222080,omid:br/061601495863,2017,P10Y,no,no
oci:06440222080-0604216017,omid:br/06440222080,omid:br/0604216017,2017,P3Y,no,no
oci:06440222080-061601495377,omid:br/06440222080,omid:br/061601495377,2017,P12Y,no,no
oci:06440222080-061401473833,omid:br/06440222080,omid:br/061401473833,2017,P12Y,no,no
oci:062603615170-06260280632,omid:br/062603615170,omid:br/06260280632,2017,P24Y,no,no
oci:062603615170-0641017753,omid:br/062603615170,omid:br/0641017753,2017,P6Y,no,no
oci:062603615170-061402102219,omid:br/062603615170,omid:br/061402102219,2017,P26Y,no,no
oci:06440221953-0620880570,omid:br/06440221953,omid:br/0620880570,2020-01-25,P8Y1M28D,no,no
oci:06440221953-0643026587,omid:br/06440221953,omid:br/0643026587,2020-01-25,P9Y,no,no
oci:06440221953-06520249173,omid:br/06440221953,omid:br/06520249173,2020-01-25,P6Y,no,no
oci:06440221959-061402857255,omid:br/06440221959,omid:br/061402857255,2020-04-01,P30Y,no,no
oci:0604104295-06804486677,omid:br/0604104295,omid:br/06804486677,2019-01-25,P4Y,no,no
oci:0604104295-062604071174,omid:br/0604104295,omid:br/062604071174,2019-01-25,P3Y,no,no
oci:0604104295-062603332796,omid:br/0604104295,omid:br/062603332796,2019-01-25,P6Y,no,no
oci:06440221963-061703495659,omid:br/06440221963,omid:br/061703495659,2019-07-25,P18Y1M10D,no,no
oci:0604104326-0620591223,omid:br/0604104326,omid:br/0620591223,2019-01-25,P5Y,yes,no
oci:06440222106-06703899510,omid:br/06440222106,omid:br/06703899510,2017,P15Y,no,no
oci:06440222106-06150347304,omid:br/06440222106,omid:br/06150347304,2017,P18Y,no,no
oci:06440222106-06120478892,omid:br/06440222106,omid:br/06120478892,2017,P7Y,no,no
oci:06440222106-0640361692,omid:br/06440222106,omid:br/0640361692,2017,P26Y,no,no
oci:06440222106-06170350828,omid:br/06440222106,omid:br/06170350828,2017,P22Y,no,no
oci:06440222106-061203778947,omid:br/06440222106,omid:br/061203778947,2017,P19Y,no,no
oci:06440222158-062204047314,omid:br/06440222158,omid:br/062204047314,2018-10-25,P4Y4M24D,no,no
oci:06440222158-06201794649,omid:br/06440222158,omid:br/06201794649,2018-10-25,P18Y9M10D,no,no
oci:06440222158-0604216020,omid:br/06440222158,omid:br/0604216020,2018-10-25,P4Y5M10D,no,no
oci:06440222158-062601605828,omid:br/06440222158,omid:br/062601605828,2018-10-25,P7Y,no,no
oci:06440222105-06450296227,omid:br/06440222105,omid:br/06450296227,2017,P5Y,no,no
oci:06440222104-06604487432,omid:br/06440222104,omid:br/06604487432,2018-10-25,P35Y,no,no
oci:0604104281-06440222455,omid:br/0604104281,omid:br/06440222455,2019-01-25,P3Y,yes,no
oci:06440222154-06703899510,omid:br/06440222154,omid:br/06703899510,2017,P15Y,no,no
oci:06440222102-061203635641,omid:br/06440222102,omid:br/061203635641,2018-10-25,P24Y,no,no
oci:06440222102-062103707452,omid:br/06440222102,omid:br/062103707452,2018-10-25,P22Y2M,no,no
oci:06440222102-06440222024,omid:br/06440222102,omid:br/06440222024,2018-10-25,P1Y,yes,no
oci:06440222103-06440222033,omid:br/06440222103,omid:br/06440222033,2018-10-25,P1Y,yes,no
oci:0604104240-061804138334,omid:br/0604104240,omid:br/061804138334,2019-04-25,P7Y,no,no
oci:0604104240-06301031401,omid:br/0604104240,omid:br/06301031401,2019-04-25,P9Y3M,no,no
oci:0604104240-06480329944,omid:br/0604104240,omid:br/06480329944,2019-04-25,P1Y6M10D,no,no
oci:06440222144-061601286954,omid:br/06440222144,omid:br/061601286954,2017,P11Y,no,no
oci:06440222144-06301132766,omid:br/06440222144,omid:br/06301132766,2017,P10Y,no,no
oci:06440222144-06201134831,omid:br/06440222144,omid:br/06201134831,2017,P16Y,no,no
oci:0604104284-0635044493,omid:br/0604104284,omid:br/0635044493,2019-01-25,P14Y9M,no,no
oci:0604104284-06440222039,omid:br/0604104284,omid:br/06440222039,2019-01-25,P2Y,yes,no
oci:06440222091-06360293573,omid:br/06440222091,omid:br/06360293573,2018-07-25,P14Y0M10D,no,no
oci:06440222138-06440221874,omid:br/06440222138,omid:br/06440221874,2018-07-25,P2Y,yes,no
oci:06440222138-0604569195,omid:br/06440222138,omid:br/0604569195,2018-07-25,P1Y,yes,no
oci:06440222138-0604569167,omid:br/06440222138,omid:br/0604569167,2018-07-25,P1Y,yes,no
oci:06440222138-0639018186,omid:br/06440222138,omid:br/0639018186,2018-07-25,P7Y,no,no
oci:06440222159-061903636758,omid:br/06440222159,omid:br/061903636758,2019-04-25,P19Y2M,no,no
oci:06440222101-06260856988,omid:br/06440222101,omid:br/06260856988,2019-04-25,P13Y0M28D,no,no
oci:06440222101-06390204109,omid:br/06440222101,omid:br/06390204109,2019-04-25,P6Y,no,no
oci:06440222101-061202432479,omid:br/06440222101,omid:br/061202432479,2019-04-25,P2Y,no,no
oci:06440222101-06604141928,omid:br/06440222101,omid:br/06604141928,2019-04-25,P22Y,no,no
oci:06440222101-062403579591,omid:br/06440222101,omid:br/062403579591,2019-04-25,P6Y,no,no
oci:06440222101-06503106268,omid:br/06440222101,omid:br/06503106268,2019-04-25,P15Y5M,no,no
oci:06440222101-061202432626,omid:br/06440222101,omid:br/061202432626,2019-04-25,P4Y,no,no
oci:06440222101-06220355126,omid:br/06440222101,omid:br/06220355126,2019-04-25,P10Y1M,no,no
oci:06440222101-0650348950,omid:br/06440222101,omid:br/0650348950,2019-04-25,P17Y4M,no,no
oci:06440222101-0670881192,omid:br/06440222101,omid:br/0670881192,2019-04-25,P6Y,no,no
oci:06440222101-06180837689,omid:br/06440222101,omid:br/06180837689,2019-04-25,P25Y,no,no
oci:06440222101-06260856301,omid:br/06440222101,omid:br/06260856301,2019-04-25,P11Y8M29D,no,no
oci:06440222101-06250609627,omid:br/06440222101,omid:br/06250609627,2019-04-25,P9Y2M24D,no,no
oci:06440222124-0604569213,omid:br/06440222124,omid:br/0604569213,2019-07-25,P2Y,yes,no
oci:06440222124-06480203475,omid:br/06440222124,omid:br/06480203475,2019-07-25,P13Y,no,no
oci:06440222246-06520292832,omid:br/06440222246,omid:br/06520292832,2022-01-31,P6Y2M16D,no,no
oci:06440222195-06250262801,omid:br/06440222195,omid:br/06250262801,2022-01-31,P19Y6M28D,no,no
oci:06440222195-062501118901,omid:br/06440222195,omid:br/062501118901,2022-01-31,P12Y0M5D,no,no
oci:06440222195-061401118272,omid:br/06440222195,omid:br/061401118272,2022-01-31,P26Y5M,no,no
oci:06440222195-06401142578,omid:br/06440222195,omid:br/06401142578,2022-01-31,P16Y4M4D,no,no
oci:06440222195-061901133349,omid:br/06440222195,omid:br/061901133349,2022-01-31,P10Y5M1D,no,no
oci:06440222178-06520156199,omid:br/06440222178,omid:br/06520156199,2022-07-25,P1Y9M0D,yes,no
oci:06440222178-0633066432,omid:br/06440222178,omid:br/0633066432,2022-07-25,P2Y2M26D,no,no
oci:06440222241-06360222126,omid:br/06440222241,omid:br/06360222126,2022-01-31,P19Y7M30D,no,no
oci:06440222241-062602148756,omid:br/06440222241,omid:br/062602148756,2022-01-31,P25Y2M,no,no
oci:06440222241-061901138567,omid:br/06440222241,omid:br/061901138567,2022-01-31,P9Y,no,no
oci:06440222264-06502612537,omid:br/06440222264,omid:br/06502612537,2022-01-31,P10Y,no,no
oci:06440222264-062404064150,omid:br/06440222264,omid:br/062404064150,2022-01-31,P4Y7M30D,no,no
oci:06440222196-061801558519,omid:br/06440222196,omid:br/061801558519,2022-07-25,P16Y,no,no
oci:06440222196-06140356079,omid:br/06440222196,omid:br/06140356079,2022-07-25,P21Y5M3D,no,no
oci:06440222196-0636019258,omid:br/06440222196,omid:br/0636019258,2022-07-25,P24Y9M24D,no,no
oci:0604989812-0650349701,omid:br/0604989812,omid:br/0650349701,,,no,no
oci:0604989812-062601162287,omid:br/0604989812,omid:br/062601162287,,,no,no
oci:06904369048-06201082968,omid:br/06904369048,omid:br/06201082968,,,no,no
oci:06904369048-06201082902,omid:br/06904369048,omid:br/06201082902,,,no,no
