id,citing,cited
oci:062504047553-06303234006,omid:br/062504047553,omid:br/06303234006
oci:062504047551-06240294870,omid:br/062504047551,omid:br/06240294870
oci:062504047525-06401814407,omid:br/062504047525,omid:br/06401814407
oci:062504047528-061701311228,omid:br/062504047528,omid:br/061701311228
oci:062504047528-06230287835,omid:br/062504047528,omid:br/06230287835
oci:062504047503-06501578341,omid:br/062504047503,omid:br/06501578341
oci:062504047513-061401590626,omid:br/062504047513,omid:br/061401590626
oci:062504047836-06240420856,omid:br/062504047836,omid:br/06240420856
oci:062504047836-06101276408,omid:br/062504047836,omid:br/06101276408
oci:062504047836-062203559385,omid:br/062504047836,omid:br/062203559385
oci:062504047836-0604454471,omid:br/062504047836,omid:br/0604454471
oci:062504047836-0604156374,omid:br/062504047836,omid:br/0604156374
oci:062504047836-0604454513,omid:br/062504047836,omid:br/0604454513
oci:062504047836-061901738401,omid:br/062504047836,omid:br/061901738401
oci:062504047836-06240420679,omid:br/062504047836,omid:br/06240420679
oci:062504047836-0604571564,omid:br/062504047836,omid:br/0604571564
oci:062504047836-06101276527,omid:br/062504047836,omid:br/06101276527
oci:062504047836-0604571611,omid:br/062504047836,omid:br/0604571611
oci:062504047836-0604571574,omid:br/062504047836,omid:br/0604571574
oci:062504047836-062504087545,omid:br/062504047836,omid:br/062504087545
oci:062504047836-061902167252,omid:br/062504047836,omid:br/061902167252
oci:062504047836-06250424861,omid:br/062504047836,omid:br/06250424861
oci:062504047836-06250424892,omid:br/062504047836,omid:br/06250424892
oci:062504047836-062601274829,omid:br/062504047836,omid:br/062601274829
oci:062504047545-061402790452,omid:br/062504047545,omid:br/061402790452
oci:062504047558-061401895797,omid:br/062504047558,omid:br/061401895797
oci:062504047803-061601687122,omid:br/062504047803,omid:br/061601687122
oci:062504047803-0610890525,omid:br/062504047803,omid:br/0610890525
oci:062504047803-061401035536,omid:br/062504047803,omid:br/061401035536
oci:062504047803-0620879399,omid:br/062504047803,omid:br/0620879399
oci:062504047803-0653058006,omid:br/062504047803,omid:br/0653058006
oci:062504047803-06303233845,omid:br/062504047803,omid:br/06303233845
oci:062504047803-06150572682,omid:br/062504047803,omid:br/06150572682
oci:062504047803-062403036627,omid:br/062504047803,omid:br/062403036627
oci:062504047803-062301146787,omid:br/062504047803,omid:br/062301146787
oci:062504047803-061101572434,omid:br/062504047803,omid:br/061101572434
oci:062504047803-062101142150,omid:br/062504047803,omid:br/062101142150
oci:062504047771-06120278872,omid:br/062504047771,omid:br/06120278872
oci:062504047830-06703990119,omid:br/062504047830,omid:br/06703990119
oci:062504047830-06220419388,omid:br/062504047830,omid:br/06220419388
oci:062504047830-062601274302,omid:br/062504047830,omid:br/062601274302
oci:062504047830-06430270122,omid:br/062504047830,omid:br/06430270122
oci:062504047830-062404046014,omid:br/062504047830,omid:br/062404046014
oci:062504047830-06201623416,omid:br/062504047830,omid:br/06201623416
oci:062504047830-06240420728,omid:br/062504047830,omid:br/06240420728
oci:062504047830-062201571809,omid:br/062504047830,omid:br/062201571809
oci:062504047830-06230992493,omid:br/062504047830,omid:br/06230992493
oci:062504047830-06230992919,omid:br/062504047830,omid:br/06230992919
oci:062504047830-06504600061,omid:br/062504047830,omid:br/06504600061
oci:062504047830-061101383273,omid:br/062504047830,omid:br/061101383273
oci:062504047830-062201572474,omid:br/062504047830,omid:br/062201572474
oci:062504047830-062601274330,omid:br/062504047830,omid:br/062601274330
oci:062504047830-06250725313,omid:br/062504047830,omid:br/06250725313
oci:062504047830-06150572955,omid:br/062504047830,omid:br/06150572955
oci:062504047830-061701004718,omid:br/062504047830,omid:br/061701004718
oci:062504047830-062101952105,omid:br/062504047830,omid:br/062101952105
oci:062504047777-061802028540,omid:br/062504047777,omid:br/061802028540
oci:062504047777-061802028607,omid:br/062504047777,omid:br/061802028607
oci:062504047777-061802028584,omid:br/062504047777,omid:br/061802028584
oci:062504047523-061302606084,omid:br/062504047523,omid:br/061302606084
oci:062504047505-061502023486,omid:br/062504047505,omid:br/061502023486
oci:061504023789-061504023016,omid:br/061504023789,omid:br/061504023016
oci:061504023803-061504023774,omid:br/061504023803,omid:br/061504023774
oci:061604096134-06210484919,omid:br/061604096134,omid:br/06210484919
oci:061604096134-061404012175,omid:br/061604096134,omid:br/061404012175
oci:061604096134-06603538576,omid:br/061604096134,omid:br/06603538576
oci:061604096077-0604342529,omid:br/061604096077,omid:br/0604342529
oci:061604096077-06101276526,omid:br/061604096077,omid:br/06101276526
oci:061604096047-061904064975,omid:br/061604096047,omid:br/061904064975
oci:061504023087-06220482195,omid:br/061504023087,omid:br/06220482195
oci:061504023087-06190485904,omid:br/061504023087,omid:br/06190485904
oci:061504023087-06120352714,omid:br/061504023087,omid:br/06120352714
oci:061504023087-06180353709,omid:br/061504023087,omid:br/06180353709
oci:061504023087-0650689566,omid:br/061504023087,omid:br/0650689566
oci:061604096092-0640687300,omid:br/061604096092,omid:br/0640687300
oci:061604096096-06230431699,omid:br/061604096096,omid:br/06230431699
oci:061504023813-061504023774,omid:br/061504023813,omid:br/061504023774
oci:061604096070-0604837468,omid:br/061604096070,omid:br/0604837468
oci:061604096070-0604837469,omid:br/061604096070,omid:br/0604837469
oci:061604096070-061901822399,omid:br/061604096070,omid:br/061901822399
oci:061604096068-06460267896,omid:br/061604096068,omid:br/06460267896
oci:061504023764-0604837472,omid:br/061504023764,omid:br/0604837472
oci:061604096057-06250424814,omid:br/061604096057,omid:br/06250424814
oci:061604096110-0604203464,omid:br/061604096110,omid:br/0604203464
oci:061604096110-06220419768,omid:br/061604096110,omid:br/06220419768
oci:061604096080-061604096106,omid:br/061604096080,omid:br/061604096106
oci:061604096069-06130481910,omid:br/061604096069,omid:br/06130481910
oci:061604096069-062301681654,omid:br/061604096069,omid:br/062301681654
oci:061604096069-0610601384,omid:br/061604096069,omid:br/0610601384
oci:061604096069-0640353694,omid:br/061604096069,omid:br/0640353694
oci:061604096069-06140210974,omid:br/061604096069,omid:br/06140210974
oci:061604096072-0650689851,omid:br/061604096072,omid:br/0650689851
oci:061604096072-06330296327,omid:br/061604096072,omid:br/06330296327
oci:061604096072-0650689798,omid:br/061604096072,omid:br/0650689798
oci:061604096036-061502236791,omid:br/061604096036,omid:br/061502236791
oci:061604096037-06310287417,omid:br/061604096037,omid:br/06310287417
oci:061604096037-062601274552,omid:br/061604096037,omid:br/062601274552
oci:061604096327-061604096419,omid:br/061604096327,omid:br/061604096419
oci:061604096283-06240849891,omid:br/061604096283,omid:br/06240849891
oci:061604096283-06230431226,omid:br/061604096283,omid:br/06230431226
oci:061504023720-061504023383,omid:br/061504023720,omid:br/061504023383
oci:061604096379-061504023681,omid:br/061604096379,omid:br/061504023681
oci:061504023700-061504023643,omid:br/061504023700,omid:br/061504023643
oci:061604096130-06101276526,omid:br/061604096130,omid:br/06101276526
oci:061504023281-06430257684,omid:br/061504023281,omid:br/06430257684
oci:061604096435-061504023678,omid:br/061604096435,omid:br/061504023678
oci:061604096435-061504023396,omid:br/061604096435,omid:br/061504023396
oci:061604096332-06204475502,omid:br/061604096332,omid:br/06204475502
oci:061504023642-061501849364,omid:br/061504023642,omid:br/061501849364
oci:061504023642-061201841278,omid:br/061504023642,omid:br/061201841278
oci:061504023270-0604837470,omid:br/061504023270,omid:br/0604837470
oci:061504023270-06101276655,omid:br/061504023270,omid:br/06101276655
oci:061504023693-061504023640,omid:br/061504023693,omid:br/061504023640
oci:061504023693-061504023663,omid:br/061504023693,omid:br/061504023663
oci:061504023677-061401896496,omid:br/061504023677,omid:br/061401896496
oci:061604096125-06160484964,omid:br/061604096125,omid:br/06160484964
oci:061604096125-0670356751,omid:br/061604096125,omid:br/0670356751
oci:061604096125-06180485183,omid:br/061604096125,omid:br/06180485183
oci:061604096125-062301681654,omid:br/061604096125,omid:br/062301681654
oci:061604096125-06190358559,omid:br/061604096125,omid:br/06190358559
oci:061604096357-061504023720,omid:br/061604096357,omid:br/061504023720
oci:061604096357-0604837475,omid:br/061604096357,omid:br/0604837475
oci:061604096114-06220419768,omid:br/061604096114,omid:br/06220419768
oci:061504023704-061504023383,omid:br/061504023704,omid:br/061504023383
oci:061504023716-062504047118,omid:br/061504023716,omid:br/062504047118
oci:061504023716-061504023378,omid:br/061504023716,omid:br/061504023378
oci:061504023717-062404046532,omid:br/061504023717,omid:br/062404046532
oci:061604096406-061504023360,omid:br/061604096406,omid:br/061504023360
oci:061604096406-061504023431,omid:br/061604096406,omid:br/061504023431
oci:061604096109-06430257584,omid:br/061604096109,omid:br/06430257584
oci:061604096381-062504047111,omid:br/061604096381,omid:br/062504047111
oci:061504023802-061504023021,omid:br/061504023802,omid:br/061504023021
oci:061604096131-06180353592,omid:br/061604096131,omid:br/06180353592
oci:061604096131-06170349737,omid:br/061604096131,omid:br/06170349737
oci:061604096131-06140210974,omid:br/061604096131,omid:br/06140210974
oci:061504023661-061504023356,omid:br/061504023661,omid:br/061504023356
oci:061504023309-0604837471,omid:br/061504023309,omid:br/0604837471
oci:061604096343-0604837476,omid:br/061604096343,omid:br/0604837476
oci:061604096124-061203875090,omid:br/061604096124,omid:br/061203875090
oci:061604096124-0604837465,omid:br/061604096124,omid:br/0604837465
oci:061604096083-06220419768,omid:br/061604096083,omid:br/06220419768
oci:061504023694-061504023425,omid:br/061504023694,omid:br/061504023425
oci:061504023694-061504023010,omid:br/061504023694,omid:br/061504023010
oci:061604096432-061604096408,omid:br/061604096432,omid:br/061604096408
oci:061504023279-06160422362,omid:br/061504023279,omid:br/06160422362
oci:061504023290-0650689851,omid:br/061504023290,omid:br/0650689851
oci:061504023290-061303955310,omid:br/061504023290,omid:br/061303955310
oci:061604096063-061102396461,omid:br/061604096063,omid:br/061102396461
oci:061604096063-0620587007,omid:br/061604096063,omid:br/0620587007
oci:061604096049-06180202320,omid:br/061604096049,omid:br/06180202320
oci:061604096049-0640353694,omid:br/061604096049,omid:br/0640353694
oci:061604096049-061402712191,omid:br/061604096049,omid:br/061402712191
oci:061604096049-06220341499,omid:br/061604096049,omid:br/06220341499
oci:061604096049-0680493226,omid:br/061604096049,omid:br/0680493226
oci:061604096049-06240343476,omid:br/061604096049,omid:br/06240343476
oci:061504023726-0604837477,omid:br/061504023726,omid:br/0604837477
oci:061604096052-06220482193,omid:br/061604096052,omid:br/06220482193
oci:061604096360-06440309944,omid:br/061604096360,omid:br/06440309944
oci:061604096360-061504023677,omid:br/061604096360,omid:br/061504023677
oci:061504023102-06702558844,omid:br/061504023102,omid:br/06702558844
oci:061504023698-062504047239,omid:br/061504023698,omid:br/062504047239
oci:061504023698-06101276501,omid:br/061504023698,omid:br/06101276501
oci:061504023698-062504047374,omid:br/061504023698,omid:br/062504047374
oci:061504023698-06101276414,omid:br/061504023698,omid:br/06101276414
oci:061504023698-0650689653,omid:br/061504023698,omid:br/0650689653
oci:061504023698-062601274410,omid:br/061504023698,omid:br/062601274410
oci:061504023698-062601274612,omid:br/061504023698,omid:br/062601274612
oci:061604096367-061604096355,omid:br/061604096367,omid:br/061604096355
oci:061604096075-06230430767,omid:br/061604096075,omid:br/06230430767
oci:061504023103-0604837473,omid:br/061504023103,omid:br/0604837473
oci:061604096121-061404012175,omid:br/061604096121,omid:br/061404012175
oci:061504023630-061504023019,omid:br/061504023630,omid:br/061504023019
oci:061504023630-061504023351,omid:br/061504023630,omid:br/061504023351
oci:061504023084-062504047158,omid:br/061504023084,omid:br/062504047158
oci:061504023084-062504047139,omid:br/061504023084,omid:br/062504047139
oci:061504023681-061504023404,omid:br/061504023681,omid:br/061504023404
oci:061504023136-06604369036,omid:br/061504023136,omid:br/06604369036
oci:061604096370-0650689741,omid:br/061604096370,omid:br/0650689741
oci:061604096370-06210424803,omid:br/061604096370,omid:br/06210424803
oci:061604096392-062504047111,omid:br/061604096392,omid:br/062504047111
oci:061504023075-062402800881,omid:br/061504023075,omid:br/062402800881
oci:061504023048-0650689998,omid:br/061504023048,omid:br/0650689998
oci:061504023048-0604837474,omid:br/061504023048,omid:br/0604837474
oci:061504023048-06240420928,omid:br/061504023048,omid:br/06240420928
oci:061504023126-061901822702,omid:br/061504023126,omid:br/061901822702
oci:061604096081-061201781206,omid:br/061604096081,omid:br/061201781206
oci:061604096081-06901810685,omid:br/061604096081,omid:br/06901810685
oci:061504023062-062404046395,omid:br/061504023062,omid:br/062404046395
oci:061504023055-06440309557,omid:br/061504023055,omid:br/06440309557
oci:061604096091-0690365798,omid:br/061604096091,omid:br/0690365798
oci:061604096106-06230430602,omid:br/061604096106,omid:br/06230430602
oci:061604096106-06220418541,omid:br/061604096106,omid:br/06220418541
oci:061604096106-0604837466,omid:br/061604096106,omid:br/0604837466
oci:061604096106-06240420870,omid:br/061604096106,omid:br/06240420870
oci:061604096106-0640687595,omid:br/061604096106,omid:br/0640687595
oci:061604096106-0640687621,omid:br/061604096106,omid:br/0640687621
oci:061604096106-0604837467,omid:br/061604096106,omid:br/0604837467
oci:061504023089-062601274309,omid:br/061504023089,omid:br/062601274309
oci:061504023637-061504023019,omid:br/061504023637,omid:br/061504023019
oci:061504023637-061504023351,omid:br/061504023637,omid:br/061504023351
oci:061504023637-061504023630,omid:br/061504023637,omid:br/061504023630
oci:061504023669-061504023702,omid:br/061504023669,omid:br/061504023702
oci:061504023088-061504023640,omid:br/061504023088,omid:br/061504023640
oci:061504023088-061504023151,omid:br/061504023088,omid:br/061504023151
oci:061504023088-0604837471,omid:br/061504023088,omid:br/0604837471
oci:061504023690-061504023637,omid:br/061504023690,omid:br/061504023637
oci:061504023069-061504023393,omid:br/061504023069,omid:br/061504023393
oci:061604096423-06170874761,omid:br/061604096423,omid:br/06170874761
oci:061504023096-0604203415,omid:br/061504023096,omid:br/0604203415
oci:061604096390-061504022961,omid:br/061604096390,omid:br/061504022961
oci:061604096390-061504023388,omid:br/061604096390,omid:br/061504023388
oci:061604096390-061504023404,omid:br/061604096390,omid:br/061504023404
oci:061504023636-061504023640,omid:br/061504023636,omid:br/061504023640
oci:061504023636-061903595644,omid:br/061504023636,omid:br/061903595644
oci:061504023636-061504023694,omid:br/061504023636,omid:br/061504023694
oci:061504023636-061504023681,omid:br/061504023636,omid:br/061504023681
oci:061504023636-061504023404,omid:br/061504023636,omid:br/061504023404
oci:061504023038-061504023192,omid:br/061504023038,omid:br/061504023192
oci:061504023631-0604837477,omid:br/061504023631,omid:br/0604837477
oci:061504023660-062103317138,omid:br/061504023660,omid:br/062103317138
oci:061504023115-06230431891,omid:br/061504023115,omid:br/06230431891
oci:061504023710-061504023681,omid:br/061504023710,omid:br/061504023681
oci:061504023068-06203227435,omid:br/061504023068,omid:br/06203227435
oci:061504023064-061504023430,omid:br/061504023064,omid:br/061504023430
oci:061604096250-06603295225,omid:br/061604096250,omid:br/06603295225
oci:061604096250-061202190796,omid:br/061604096250,omid:br/061202190796
oci:061604096250-06180488507,omid:br/061604096250,omid:br/06180488507
oci:061604096250-0670358862,omid:br/061604096250,omid:br/0670358862
oci:061604096419-0620357788,omid:br/061604096419,omid:br/0620357788
oci:061504023672-061504023698,omid:br/061504023672,omid:br/061504023698
oci:061504023130-061504023108,omid:br/061504023130,omid:br/061504023108
oci:061504023130-061504023080,omid:br/061504023130,omid:br/061504023080
oci:061504023652-06190489561,omid:br/061504023652,omid:br/06190489561
oci:061604096280-061504023362,omid:br/061604096280,omid:br/061504023362
oci:061604096280-061504023358,omid:br/061604096280,omid:br/061504023358
oci:061604096280-061104130059,omid:br/061604096280,omid:br/061104130059
oci:061604096376-061504023413,omid:br/061604096376,omid:br/061504023413
oci:061604096374-062504047379,omid:br/061604096374,omid:br/062504047379
oci:061604096374-0660288594,omid:br/061604096374,omid:br/0660288594
oci:061604096416-061504023022,omid:br/061604096416,omid:br/061504023022
oci:061604096276-061604096279,omid:br/061604096276,omid:br/061604096279
oci:061604096412-06440309572,omid:br/061604096412,omid:br/06440309572
oci:061504023600-06320224238,omid:br/061504023600,omid:br/06320224238
oci:061504023605-061403272550,omid:br/061504023605,omid:br/061403272550
oci:061504023605-061203747465,omid:br/061504023605,omid:br/061203747465
oci:061504023605-0628012767,omid:br/061504023605,omid:br/0628012767
oci:061504023537-062504047100,omid:br/061504023537,omid:br/062504047100
oci:061504023537-062404046397,omid:br/061504023537,omid:br/062404046397
oci:061504023545-061504023431,omid:br/061504023545,omid:br/061504023431
oci:061504023547-06303034416,omid:br/061504023547,omid:br/06303034416
oci:061504023547-0651060926,omid:br/061504023547,omid:br/0651060926
oci:061504023547-06501585795,omid:br/061504023547,omid:br/06501585795
oci:061504023547-06110187010,omid:br/061504023547,omid:br/06110187010
oci:061504023547-061602193331,omid:br/061504023547,omid:br/061602193331
oci:061504023547-06110435126,omid:br/061504023547,omid:br/06110435126
oci:061504023547-06160285207,omid:br/061504023547,omid:br/06160285207
oci:061504023592-06404497420,omid:br/061504023592,omid:br/06404497420
oci:061504023592-062502725167,omid:br/061504023592,omid:br/062502725167
oci:061504023592-062603756559,omid:br/061504023592,omid:br/062603756559
oci:061504023622-061303925364,omid:br/061504023622,omid:br/061303925364
oci:061504023578-06160814541,omid:br/061504023578,omid:br/06160814541
oci:061504023601-061204016112,omid:br/061504023601,omid:br/061204016112
oci:061504023601-061404009186,omid:br/061504023601,omid:br/061404009186
oci:061504023601-0610805657,omid:br/061504023601,omid:br/0610805657
oci:061504023601-06404053555,omid:br/061504023601,omid:br/06404053555
oci:061504023568-0620355477,omid:br/061504023568,omid:br/0620355477
oci:061504023568-06304004638,omid:br/061504023568,omid:br/06304004638
oci:061504023242-06240420928,omid:br/061504023242,omid:br/06240420928
oci:061504023318-06220341499,omid:br/061504023318,omid:br/06220341499
oci:061504023609-061301519573,omid:br/061504023609,omid:br/061301519573
oci:06320203839-06202400365,omid:br/06320203839,omid:br/06202400365
oci:06320203839-06302399258,omid:br/06320203839,omid:br/06302399258
oci:06320203839-06250485198,omid:br/06320203839,omid:br/06250485198
oci:06320203839-061402104539,omid:br/06320203839,omid:br/061402104539
oci:06320203839-06260182867,omid:br/06320203839,omid:br/06260182867
oci:06330212612-0630354520,omid:br/06330212612,omid:br/0630354520
oci:06320203775-06330261602,omid:br/06320203775,omid:br/06330261602
oci:06320203775-0690373443,omid:br/06320203775,omid:br/0690373443
oci:06320203775-062602148512,omid:br/06320203775,omid:br/062602148512
oci:06320203775-061202005894,omid:br/06320203775,omid:br/061202005894
oci:06320203775-061101346467,omid:br/06320203775,omid:br/061101346467
oci:06320203775-061102134736,omid:br/06320203775,omid:br/061102134736
oci:06320203765-06301379689,omid:br/06320203765,omid:br/06301379689
oci:06320203785-0630824329,omid:br/06320203785,omid:br/0630824329
oci:06320203787-065302432,omid:br/06320203787,omid:br/065302432
oci:06320203832-06180995589,omid:br/06320203832,omid:br/06180995589
oci:06320203832-06110839883,omid:br/06320203832,omid:br/06110839883
oci:06320203832-06180995942,omid:br/06320203832,omid:br/06180995942
oci:06320203832-061102133746,omid:br/06320203832,omid:br/061102133746
oci:06340205964-06501084563,omid:br/06340205964,omid:br/06501084563
oci:06340205964-0610355305,omid:br/06340205964,omid:br/0610355305
oci:06320203827-061701006360,omid:br/06320203827,omid:br/061701006360
oci:06320203827-063604788,omid:br/06320203827,omid:br/063604788
oci:06320203827-061603304759,omid:br/06320203827,omid:br/061603304759
oci:06320203827-06120667913,omid:br/06320203827,omid:br/06120667913
oci:06320203827-06180995965,omid:br/06320203827,omid:br/06180995965
oci:06320203827-06220257867,omid:br/06320203827,omid:br/06220257867
oci:06320203827-061102133746,omid:br/06320203827,omid:br/061102133746
oci:06320203784-06402514290,omid:br/06320203784,omid:br/06402514290
oci:06320203784-061102133427,omid:br/06320203784,omid:br/061102133427
oci:06320203808-062401772877,omid:br/06320203808,omid:br/062401772877
oci:06320203808-06460213718,omid:br/06320203808,omid:br/06460213718
oci:06320203808-061601319061,omid:br/06320203808,omid:br/061601319061
oci:06320203808-06802502302,omid:br/06320203808,omid:br/06802502302
oci:06340205941-065302432,omid:br/06340205941,omid:br/065302432
oci:06340205941-06210263159,omid:br/06340205941,omid:br/06210263159
oci:06340205941-06802505755,omid:br/06340205941,omid:br/06802505755
oci:06340205941-06301703685,omid:br/06340205941,omid:br/06301703685
oci:06340205941-06301703611,omid:br/06340205941,omid:br/06301703611
oci:06340205941-06504340922,omid:br/06340205941,omid:br/06504340922
oci:06340205941-061801085143,omid:br/06340205941,omid:br/061801085143
oci:06330212366-062402762377,omid:br/06330212366,omid:br/062402762377
oci:06330212366-06170166222,omid:br/06330212366,omid:br/06170166222
oci:06330212366-0620165757,omid:br/06330212366,omid:br/0620165757
oci:06330212366-06902145891,omid:br/06330212366,omid:br/06902145891
oci:06320203474-061402103580,omid:br/06320203474,omid:br/061402103580
oci:06320203474-061401943507,omid:br/06320203474,omid:br/061401943507
oci:06330212303-0630167174,omid:br/06330212303,omid:br/0630167174
oci:06330212303-0630167210,omid:br/06330212303,omid:br/0630167210
oci:06330212303-0620166085,omid:br/06330212303,omid:br/0620166085
oci:06330212303-0640170442,omid:br/06330212303,omid:br/0640170442
oci:06330212303-0610169907,omid:br/06330212303,omid:br/0610169907
oci:06330212303-0640820889,omid:br/06330212303,omid:br/0640820889
oci:06330212303-0640820888,omid:br/06330212303,omid:br/0640820888
oci:06330212303-062401103109,omid:br/06330212303,omid:br/062401103109
oci:06330212303-0630167297,omid:br/06330212303,omid:br/0630167297
oci:06330212303-06140164154,omid:br/06330212303,omid:br/06140164154
oci:06330212303-06150165866,omid:br/06330212303,omid:br/06150165866
oci:06320203790-061901446913,omid:br/06320203790,omid:br/061901446913
oci:06320203790-06402514059,omid:br/06320203790,omid:br/06402514059
oci:06320203790-0690216955,omid:br/06320203790,omid:br/0690216955
oci:06320203790-062603107066,omid:br/06320203790,omid:br/062603107066
oci:06330212301-06180668747,omid:br/06330212301,omid:br/06180668747
oci:06330212301-0650266667,omid:br/06330212301,omid:br/0650266667
oci:06330212301-0690829609,omid:br/06330212301,omid:br/0690829609
oci:06330212301-065201829,omid:br/06330212301,omid:br/065201829
oci:06330212301-062101859879,omid:br/06330212301,omid:br/062101859879
oci:06330212301-0630167177,omid:br/06330212301,omid:br/0630167177
oci:06330212301-062401103225,omid:br/06330212301,omid:br/062401103225
oci:06320203770-06404482398,omid:br/06320203770,omid:br/06404482398
oci:06320203791-061703512067,omid:br/06320203791,omid:br/061703512067
oci:06320203791-06120667151,omid:br/06320203791,omid:br/06120667151
oci:06320203791-06110677011,omid:br/06320203791,omid:br/06110677011
oci:06320203791-0670144277,omid:br/06320203791,omid:br/0670144277
oci:06320203791-061401926302,omid:br/06320203791,omid:br/061401926302
oci:06320203791-061401926242,omid:br/06320203791,omid:br/061401926242
oci:06330212396-065101221,omid:br/06330212396,omid:br/065101221
oci:06330212396-06120811684,omid:br/06330212396,omid:br/06120811684
oci:06330212396-06260280607,omid:br/06330212396,omid:br/06260280607
oci:06330212396-0630167640,omid:br/06330212396,omid:br/0630167640
oci:06330212396-0640170720,omid:br/06330212396,omid:br/0640170720
oci:06330212396-0630167770,omid:br/06330212396,omid:br/0630167770
oci:06330212396-06170165507,omid:br/06330212396,omid:br/06170165507
oci:06330212346-06601136697,omid:br/06330212346,omid:br/06601136697
oci:06330212324-06210169622,omid:br/06330212324,omid:br/06210169622
oci:06330212324-06210170493,omid:br/06330212324,omid:br/06210170493
oci:06330212324-06250167862,omid:br/06330212324,omid:br/06250167862
oci:06330212324-0650168160,omid:br/06330212324,omid:br/0650168160
oci:06320203447-061201442100,omid:br/06320203447,omid:br/061201442100
oci:06320203447-061303111495,omid:br/06320203447,omid:br/061303111495
oci:06330211759-0620821456,omid:br/06330211759,omid:br/0620821456
oci:06330211759-061604042022,omid:br/06330211759,omid:br/061604042022
oci:06330211759-061702401333,omid:br/06330211759,omid:br/061702401333
oci:06340205900-065101483,omid:br/06340205900,omid:br/065101483
oci:06340205900-061702129470,omid:br/06340205900,omid:br/061702129470
oci:06340205900-06902147611,omid:br/06340205900,omid:br/06902147611
oci:06320203814-061203966595,omid:br/06320203814,omid:br/061203966595
oci:06320203814-06601410942,omid:br/06320203814,omid:br/06601410942
oci:06320203814-062302848844,omid:br/06320203814,omid:br/062302848844
oci:06330212387-06902146389,omid:br/06330212387,omid:br/06902146389
oci:06320203771-062202686701,omid:br/06320203771,omid:br/062202686701
oci:06320203771-062501585619,omid:br/06320203771,omid:br/062501585619
oci:06320203771-061201312287,omid:br/06320203771,omid:br/061201312287
oci:06320203771-061403282732,omid:br/06320203771,omid:br/061403282732
oci:06320203771-06802502805,omid:br/06320203771,omid:br/06802502805
oci:06320203771-06210275317,omid:br/06320203771,omid:br/06210275317
oci:06320203444-061902700391,omid:br/06320203444,omid:br/061902700391
oci:06320203444-06702485906,omid:br/06320203444,omid:br/06702485906
oci:06340205942-065101221,omid:br/06340205942,omid:br/065101221
oci:06340205942-06102418070,omid:br/06340205942,omid:br/06102418070
oci:06330212316-06903738966,omid:br/06330212316,omid:br/06903738966
oci:06330212316-06603456066,omid:br/06330212316,omid:br/06603456066
oci:06330212316-063105900,omid:br/06330212316,omid:br/063105900
oci:06330212316-061503041293,omid:br/06330212316,omid:br/061503041293
oci:06330212316-062602148484,omid:br/06330212316,omid:br/062602148484
oci:06340205938-06703899510,omid:br/06340205938,omid:br/06703899510
oci:06340205938-06130668395,omid:br/06340205938,omid:br/06130668395
oci:06340205938-06170348641,omid:br/06340205938,omid:br/06170348641
oci:06340205938-0640353345,omid:br/06340205938,omid:br/0640353345
oci:06340205938-06110815726,omid:br/06340205938,omid:br/06110815726
oci:06340205938-0610355305,omid:br/06340205938,omid:br/0610355305
oci:06320203819-06102417941,omid:br/06320203819,omid:br/06102417941
oci:06320203819-061302121959,omid:br/06320203819,omid:br/061302121959
oci:06320203819-061102133050,omid:br/06320203819,omid:br/061102133050
oci:06320203819-062602047282,omid:br/06320203819,omid:br/062602047282
oci:06320203445-061403292056,omid:br/06320203445,omid:br/061403292056
oci:06340205960-061602135976,omid:br/06340205960,omid:br/061602135976
oci:06340205960-061502129390,omid:br/06340205960,omid:br/061502129390
oci:06340205960-061202118383,omid:br/06340205960,omid:br/061202118383
oci:06340205960-063401486,omid:br/06340205960,omid:br/063401486
oci:06340205960-06604142180,omid:br/06340205960,omid:br/06604142180
oci:06340205960-0630824858,omid:br/06340205960,omid:br/0630824858
oci:06320203797-062602148479,omid:br/06320203797,omid:br/062602148479
oci:06320203797-061102134148,omid:br/06320203797,omid:br/061102134148
oci:06320203797-06602309774,omid:br/06320203797,omid:br/06602309774
oci:06320203452-062601728756,omid:br/06320203452,omid:br/062601728756
oci:06320203475-061401657145,omid:br/06320203475,omid:br/061401657145
oci:06320203475-061301668942,omid:br/06320203475,omid:br/061301668942
oci:06320203475-061401473962,omid:br/06320203475,omid:br/061401473962
oci:06320203475-061601495239,omid:br/06320203475,omid:br/061601495239
oci:06320203475-061501674864,omid:br/06320203475,omid:br/061501674864
oci:06320203475-06402438876,omid:br/06320203475,omid:br/06402438876
oci:06320203475-061401656600,omid:br/06320203475,omid:br/061401656600
oci:06320203475-06401142453,omid:br/06320203475,omid:br/06401142453
oci:06320203405-061602136293,omid:br/06320203405,omid:br/061602136293
oci:06320203405-061602137053,omid:br/06320203405,omid:br/061602137053
oci:06340205929-06902145961,omid:br/06340205929,omid:br/06902145961
oci:06330211709-061501930164,omid:br/06330211709,omid:br/061501930164
oci:06330211709-062502772228,omid:br/06330211709,omid:br/062502772228
oci:06320203842-062502740676,omid:br/06320203842,omid:br/062502740676
oci:06330212305-06501085084,omid:br/06330212305,omid:br/06501085084
oci:06330212305-06501084657,omid:br/06330212305,omid:br/06501084657
oci:06330212607-06401582306,omid:br/06330212607,omid:br/06401582306
oci:06330212607-061102134260,omid:br/06330212607,omid:br/061102134260
oci:06330212607-061602136293,omid:br/06330212607,omid:br/061602136293
oci:06320203834-062303878476,omid:br/06320203834,omid:br/062303878476
oci:06320203834-06120351377,omid:br/06320203834,omid:br/06120351377
oci:06320203834-061303760431,omid:br/06320203834,omid:br/061303760431
oci:06330212351-0660150824,omid:br/06330212351,omid:br/0660150824
oci:06330212351-061601876265,omid:br/06330212351,omid:br/061601876265
oci:06330212350-062303878476,omid:br/06330212350,omid:br/062303878476
oci:06330212350-061402102311,omid:br/06330212350,omid:br/061402102311
oci:06330212350-06902145776,omid:br/06330212350,omid:br/06902145776
oci:06330212350-06120351377,omid:br/06330212350,omid:br/06120351377
oci:06330212350-061303760431,omid:br/06330212350,omid:br/061303760431
oci:06330212350-062602047188,omid:br/06330212350,omid:br/062602047188
oci:06330211781-06170165936,omid:br/06330211781,omid:br/06170165936
oci:06330211781-06160168604,omid:br/06330211781,omid:br/06160168604
oci:06330212298-061901138640,omid:br/06330212298,omid:br/061901138640
oci:06330212298-061601876265,omid:br/06330212298,omid:br/061601876265
oci:06330212298-061801127988,omid:br/06330212298,omid:br/061801127988
oci:06330212382-061202117561,omid:br/06330212382,omid:br/061202117561
oci:06330212382-06102417560,omid:br/06330212382,omid:br/06102417560
oci:06330212613-06902146046,omid:br/06330212613,omid:br/06902146046
oci:06330212613-06702486374,omid:br/06330212613,omid:br/06702486374
oci:06320203768-06150741981,omid:br/06320203768,omid:br/06150741981
oci:06330212347-06102789541,omid:br/06330212347,omid:br/06102789541
oci:06340205913-06260806991,omid:br/06340205913,omid:br/06260806991
oci:06340205943-06701570146,omid:br/06340205943,omid:br/06701570146
oci:06340205943-061601134037,omid:br/06340205943,omid:br/061601134037
oci:06330212371-0690373676,omid:br/06330212371,omid:br/0690373676
oci:06330211749-061702129497,omid:br/06330211749,omid:br/061702129497
oci:06330211749-061202117805,omid:br/06330211749,omid:br/061202117805
oci:06330212300-06102518814,omid:br/06330212300,omid:br/06102518814
oci:06330212300-062601605901,omid:br/06330212300,omid:br/062601605901
oci:06330212300-06260280707,omid:br/06330212300,omid:br/06260280707
oci:06330212379-0670843908,omid:br/06330212379,omid:br/0670843908
oci:06330212379-061402414066,omid:br/06330212379,omid:br/061402414066
oci:06330212600-065101221,omid:br/06330212600,omid:br/065101221
oci:06330212600-062201122683,omid:br/06330212600,omid:br/062201122683
oci:06330212600-06504144653,omid:br/06330212600,omid:br/06504144653
oci:06330212600-062401103109,omid:br/06330212600,omid:br/062401103109
oci:06330212600-06140164154,omid:br/06330212600,omid:br/06140164154
oci:06330212600-0610831231,omid:br/06330212600,omid:br/0610831231
oci:06320203792-061102133637,omid:br/06320203792,omid:br/061102133637
oci:06320203792-061102134295,omid:br/06320203792,omid:br/061102134295
oci:06330212317-062502115922,omid:br/06330212317,omid:br/062502115922
oci:06330212317-06401580747,omid:br/06330212317,omid:br/06401580747
oci:06330212606-062301866107,omid:br/06330212606,omid:br/062301866107
oci:06330212606-061502128834,omid:br/06330212606,omid:br/061502128834
oci:06330212606-06504312688,omid:br/06330212606,omid:br/06504312688
oci:06330212606-062102060005,omid:br/06330212606,omid:br/062102060005
oci:06340205952-062201857324,omid:br/06340205952,omid:br/062201857324
oci:06340205952-06150820481,omid:br/06340205952,omid:br/06150820481
oci:06340205952-06802502806,omid:br/06340205952,omid:br/06802502806
oci:06330212360-061201441971,omid:br/06330212360,omid:br/061201441971
oci:06320203847-0650170305,omid:br/06320203847,omid:br/0650170305
oci:06320203847-06120482066,omid:br/06320203847,omid:br/06120482066
oci:06320203847-06201760268,omid:br/06320203847,omid:br/06201760268
oci:06320203847-06210113862,omid:br/06320203847,omid:br/06210113862
oci:06320203833-062402116754,omid:br/06320203833,omid:br/062402116754
oci:06320203833-06203942705,omid:br/06320203833,omid:br/06203942705
oci:06320203833-061602135378,omid:br/06320203833,omid:br/061602135378
oci:06340205950-0610170359,omid:br/06340205950,omid:br/0610170359
oci:06340205950-0630167177,omid:br/06340205950,omid:br/0630167177
oci:06340205950-06240259413,omid:br/06340205950,omid:br/06240259413
oci:06340205950-061078498,omid:br/06340205950,omid:br/061078498
oci:06340205950-06260182526,omid:br/06340205950,omid:br/06260182526
oci:06340205950-06260183297,omid:br/06340205950,omid:br/06260183297
oci:06320203761-061303704141,omid:br/06320203761,omid:br/061303704141
oci:06320203761-06110357803,omid:br/06320203761,omid:br/06110357803
oci:06320203822-062103728860,omid:br/06320203822,omid:br/062103728860
oci:06320203822-062203740159,omid:br/06320203822,omid:br/062203740159
oci:06320203822-062402116164,omid:br/06320203822,omid:br/062402116164
oci:06320203822-062502116415,omid:br/06320203822,omid:br/062502116415
oci:06320203822-062401772806,omid:br/06320203822,omid:br/062401772806
oci:06320203822-061803039536,omid:br/06320203822,omid:br/061803039536
oci:06320203822-061103871961,omid:br/06320203822,omid:br/061103871961
oci:06340190770-0632048533,omid:br/06340190770,omid:br/0632048533
oci:06330212299-061401925848,omid:br/06330212299,omid:br/061401925848
oci:06330211755-062101787271,omid:br/06330211755,omid:br/062101787271
oci:06330212334-062102780085,omid:br/06330212334,omid:br/062102780085
oci:06330212334-062602047306,omid:br/06330212334,omid:br/062602047306
oci:06330212334-0640487950,omid:br/06330212334,omid:br/0640487950
oci:06330212334-062602047561,omid:br/06330212334,omid:br/062602047561
oci:06330212334-062202727492,omid:br/06330212334,omid:br/062202727492
oci:06320203853-06601410942,omid:br/06320203853,omid:br/06601410942
oci:06320203813-06170350826,omid:br/06320203813,omid:br/06170350826
oci:06340205931-06210207378,omid:br/06340205931,omid:br/06210207378
oci:06330212389-0670486048,omid:br/06330212389,omid:br/0670486048
oci:06330212389-062202727481,omid:br/06330212389,omid:br/062202727481
oci:06330212389-062602047265,omid:br/06330212389,omid:br/062602047265
oci:06330212389-06140480852,omid:br/06330212389,omid:br/06140480852
oci:06330212389-061902739206,omid:br/06330212389,omid:br/061902739206
oci:06330212378-0640487585,omid:br/06330212378,omid:br/0640487585
oci:06330212378-0640487950,omid:br/06330212378,omid:br/0640487950
oci:06330212378-0690364893,omid:br/06330212378,omid:br/0690364893
oci:06330212378-06210355558,omid:br/06330212378,omid:br/06210355558
oci:06330212378-0660351320,omid:br/06330212378,omid:br/0660351320
oci:06330212378-061303760267,omid:br/06330212378,omid:br/061303760267
oci:06330212378-06703438598,omid:br/06330212378,omid:br/06703438598
oci:06330212378-06140649266,omid:br/06330212378,omid:br/06140649266
oci:06340205937-061301668942,omid:br/06340205937,omid:br/061301668942
oci:06340205937-061501674693,omid:br/06340205937,omid:br/061501674693
oci:06340205937-06180796084,omid:br/06340205937,omid:br/06180796084
oci:06340205937-06180796760,omid:br/06340205937,omid:br/06180796760
oci:06340205962-062401772877,omid:br/06340205962,omid:br/062401772877
oci:06320203399-06150820311,omid:br/06320203399,omid:br/06150820311
oci:06320203399-0641017657,omid:br/06320203399,omid:br/0641017657
oci:06330211717-062302751394,omid:br/06330211717,omid:br/062302751394
oci:06330211717-0645026260,omid:br/06330211717,omid:br/0645026260
oci:06330211717-061502129537,omid:br/06330211717,omid:br/061502129537
oci:06330211717-061302121877,omid:br/06330211717,omid:br/061302121877
oci:06330212376-06110677011,omid:br/06330212376,omid:br/06110677011
oci:06330212376-06120667151,omid:br/06330212376,omid:br/06120667151
oci:06330212376-06230355890,omid:br/06330212376,omid:br/06230355890
oci:06330212376-0629061539,omid:br/06330212376,omid:br/0629061539
oci:06330212376-06601652439,omid:br/06330212376,omid:br/06601652439
oci:06330212376-06170482230,omid:br/06330212376,omid:br/06170482230
oci:06330212376-0630455306,omid:br/06330212376,omid:br/0630455306
oci:06330212376-061401925860,omid:br/06330212376,omid:br/061401925860
oci:06330212376-061401925920,omid:br/06330212376,omid:br/061401925920
oci:06330212376-06403549950,omid:br/06330212376,omid:br/06403549950
oci:06330212376-06403550457,omid:br/06330212376,omid:br/06403550457
oci:06330212376-06403550461,omid:br/06330212376,omid:br/06403550461
oci:06330212376-062102726269,omid:br/06330212376,omid:br/062102726269
oci:06330212376-061401925848,omid:br/06330212376,omid:br/061401925848
oci:06330212376-06110444847,omid:br/06330212376,omid:br/06110444847
oci:06330212376-06110356548,omid:br/06330212376,omid:br/06110356548
oci:06330212376-061103136912,omid:br/06330212376,omid:br/061103136912
oci:06330212376-061401926105,omid:br/06330212376,omid:br/061401926105
oci:06330212376-06250350164,omid:br/06330212376,omid:br/06250350164
oci:06320203758-061301668942,omid:br/06320203758,omid:br/061301668942
oci:06320203758-0620591441,omid:br/06320203758,omid:br/0620591441
oci:06320203758-06502508714,omid:br/06320203758,omid:br/06502508714
oci:06320203758-061601680568,omid:br/06320203758,omid:br/061601680568
oci:06320203398-06370227948,omid:br/06320203398,omid:br/06370227948
oci:06320203398-06101288209,omid:br/06320203398,omid:br/06101288209
oci:06330211751-061301307777,omid:br/06330211751,omid:br/061301307777
oci:06330211751-062202222665,omid:br/06330211751,omid:br/062202222665
oci:06330211751-0627025009,omid:br/06330211751,omid:br/0627025009
oci:06320203428-06110491034,omid:br/06320203428,omid:br/06110491034
oci:06330212343-062401772877,omid:br/06330212343,omid:br/062401772877
oci:06320203464-06190267404,omid:br/06320203464,omid:br/06190267404
oci:06320203464-06501085034,omid:br/06320203464,omid:br/06501085034
oci:06320203400-0640353972,omid:br/06320203400,omid:br/0640353972
oci:06320203400-06110815726,omid:br/06320203400,omid:br/06110815726
oci:06320203400-061703050131,omid:br/06320203400,omid:br/061703050131
oci:06340205903-06180264439,omid:br/06340205903,omid:br/06180264439
oci:06340205903-06180264438,omid:br/06340205903,omid:br/06180264438
oci:06340205903-06250349088,omid:br/06340205903,omid:br/06250349088
oci:06330212369-061202119040,omid:br/06330212369,omid:br/061202119040
oci:06330212369-0610210893,omid:br/06330212369,omid:br/0610210893
oci:06320203424-061702128451,omid:br/06320203424,omid:br/061702128451
oci:06320203424-061701873689,omid:br/06320203424,omid:br/061701873689
oci:06320203424-061701006551,omid:br/06320203424,omid:br/061701006551
oci:06320203424-06702486086,omid:br/06320203424,omid:br/06702486086
oci:06320203424-061202117873,omid:br/06320203424,omid:br/061202117873
oci:06320203383-0660528850,omid:br/06320203383,omid:br/0660528850
oci:06320203383-061103790003,omid:br/06320203383,omid:br/061103790003
oci:06320203383-06150347957,omid:br/06320203383,omid:br/06150347957
oci:06320203383-0690365910,omid:br/06320203383,omid:br/0690365910
oci:06330212374-06110676802,omid:br/06330212374,omid:br/06110676802
oci:06330212374-06180349319,omid:br/06330212374,omid:br/06180349319
oci:06330212374-06403550345,omid:br/06330212374,omid:br/06403550345
oci:06330212374-06403550292,omid:br/06330212374,omid:br/06403550292
oci:06330211727-065201355,omid:br/06330211727,omid:br/065201355
oci:06340205947-061102133126,omid:br/06340205947,omid:br/061102133126
oci:06340205947-06104013412,omid:br/06340205947,omid:br/06104013412
oci:06340205947-0604242392,omid:br/06340205947,omid:br/0604242392
oci:06340205947-061402103923,omid:br/06340205947,omid:br/061402103923
oci:06320203759-061602135378,omid:br/06320203759,omid:br/061602135378
oci:06320203432-0622091397,omid:br/06320203432,omid:br/0622091397
oci:06320203432-062102116010,omid:br/06320203432,omid:br/062102116010
oci:06330212304-061602136672,omid:br/06330212304,omid:br/061602136672
oci:06330211784-06103223206,omid:br/06330211784,omid:br/06103223206
oci:06320203387-061501674864,omid:br/06320203387,omid:br/061501674864
oci:06320203387-061501674006,omid:br/06320203387,omid:br/061501674006
oci:06330212337-06320249252,omid:br/06330212337,omid:br/06320249252
oci:06330212337-06320203759,omid:br/06330212337,omid:br/06320203759
oci:06330212337-06702486458,omid:br/06330212337,omid:br/06702486458
oci:06330212337-061902420897,omid:br/06330212337,omid:br/061902420897
oci:06330212337-0604430158,omid:br/06330212337,omid:br/0604430158
oci:06320203468-06220269595,omid:br/06320203468,omid:br/06220269595
oci:06320203468-062301865663,omid:br/06320203468,omid:br/062301865663
oci:06320203468-061703645034,omid:br/06320203468,omid:br/061703645034
oci:06320203468-06210170440,omid:br/06320203468,omid:br/06210170440
oci:06320203468-06303519094,omid:br/06320203468,omid:br/06303519094
oci:06320203468-06190172033,omid:br/06320203468,omid:br/06190172033
oci:06330211775-061102133201,omid:br/06330211775,omid:br/061102133201
oci:06320203789-06802503046,omid:br/06320203789,omid:br/06802503046
oci:06320203789-06130356290,omid:br/06320203789,omid:br/06130356290
oci:06320203789-06401447014,omid:br/06320203789,omid:br/06401447014
oci:06320203789-061102133019,omid:br/06320203789,omid:br/061102133019
oci:06330212320-06801524683,omid:br/06330212320,omid:br/06801524683
oci:06320203408-061403710772,omid:br/06320203408,omid:br/061403710772
oci:06320203408-061501325004,omid:br/06320203408,omid:br/061501325004
oci:06320203408-062402147753,omid:br/06320203408,omid:br/062402147753
oci:06320203776-062401858296,omid:br/06320203776,omid:br/062401858296
oci:06320203776-06190668235,omid:br/06320203776,omid:br/06190668235
oci:06330212310-06101287977,omid:br/06330212310,omid:br/06101287977
oci:06330212314-061301668893,omid:br/06330212314,omid:br/061301668893
oci:06330212314-061901138793,omid:br/06330212314,omid:br/061901138793
oci:06330212314-061501674613,omid:br/06330212314,omid:br/061501674613
oci:06330212314-061301668936,omid:br/06330212314,omid:br/061301668936
oci:06330212318-06402514290,omid:br/06330212318,omid:br/06402514290
oci:06330212318-06402513927,omid:br/06330212318,omid:br/06402513927
oci:06330212328-062202112026,omid:br/06330212328,omid:br/062202112026
oci:06330212332-06802503059,omid:br/06330212332,omid:br/06802503059
oci:06330212332-062602047503,omid:br/06330212332,omid:br/062602047503
oci:06330212332-061102132980,omid:br/06330212332,omid:br/061102132980
oci:06330212332-0610355305,omid:br/06330212332,omid:br/0610355305
oci:06330212359-06190171346,omid:br/06330212359,omid:br/06190171346
oci:06330212359-06230174629,omid:br/06330212359,omid:br/06230174629
oci:06330212359-06701126785,omid:br/06330212359,omid:br/06701126785
oci:06330212359-061701131492,omid:br/06330212359,omid:br/061701131492
oci:06330212359-06190171590,omid:br/06330212359,omid:br/06190171590
oci:06330212359-06110370859,omid:br/06330212359,omid:br/06110370859
oci:06330212359-061203721884,omid:br/06330212359,omid:br/061203721884
oci:06340205971-06140164077,omid:br/06340205971,omid:br/06140164077
oci:06330211772-06130284657,omid:br/06330211772,omid:br/06130284657
oci:06330211739-06220286213,omid:br/06330211739,omid:br/06220286213
oci:06340205949-0604831890,omid:br/06340205949,omid:br/0604831890
oci:06340205949-0604831891,omid:br/06340205949,omid:br/0604831891
oci:06330212321-061302122358,omid:br/06330212321,omid:br/061302122358
oci:06330212321-06250832382,omid:br/06330212321,omid:br/06250832382
oci:06330212321-062402116568,omid:br/06330212321,omid:br/062402116568
oci:06330211731-062301011709,omid:br/06330211731,omid:br/062301011709
oci:06330211704-063501410,omid:br/06330211704,omid:br/063501410
oci:06320203455-06160168184,omid:br/06320203455,omid:br/06160168184
oci:06320203455-06150165487,omid:br/06320203455,omid:br/06150165487
oci:06320203455-061502129024,omid:br/06320203455,omid:br/061502129024
oci:06320203455-06150165879,omid:br/06320203455,omid:br/06150165879
oci:06320203455-06303909627,omid:br/06320203455,omid:br/06303909627
oci:06320203764-061402103193,omid:br/06320203764,omid:br/061402103193
oci:06320203764-061202118380,omid:br/06320203764,omid:br/061202118380
oci:06320203764-06902146104,omid:br/06320203764,omid:br/06902146104
oci:06320203413-06160437988,omid:br/06320203413,omid:br/06160437988
oci:06320203413-06230488601,omid:br/06320203413,omid:br/06230488601
oci:06320203413-062501866179,omid:br/06320203413,omid:br/062501866179
oci:06320203413-0650168339,omid:br/06320203413,omid:br/0650168339
oci:06320203413-061601876717,omid:br/06320203413,omid:br/061601876717
oci:06320203413-061102133749,omid:br/06320203413,omid:br/061102133749
oci:06320203413-06260279742,omid:br/06320203413,omid:br/06260279742
oci:06320203413-06160168573,omid:br/06320203413,omid:br/06160168573
oci:06320203701-06230174430,omid:br/06320203701,omid:br/06230174430
oci:06320203701-06150165751,omid:br/06320203701,omid:br/06150165751
oci:06320203701-0636067249,omid:br/06320203701,omid:br/0636067249
oci:06320203701-061301921140,omid:br/06320203701,omid:br/061301921140
oci:06320203661-06902145961,omid:br/06320203661,omid:br/06902145961
oci:06320203829-0640269417,omid:br/06320203829,omid:br/0640269417
oci:06330211745-06202992868,omid:br/06330211745,omid:br/06202992868
oci:06330211773-061801128127,omid:br/06330211773,omid:br/061801128127
oci:06330211773-06902145734,omid:br/06330211773,omid:br/06902145734
oci:06330211773-06110362833,omid:br/06330211773,omid:br/06110362833
oci:06330211773-061601876645,omid:br/06330211773,omid:br/061601876645
oci:06320203717-061202119130,omid:br/06320203717,omid:br/061202119130
oci:06320203717-061801085004,omid:br/06320203717,omid:br/061801085004
oci:06320203717-061203119571,omid:br/06320203717,omid:br/061203119571
oci:06320203717-06402514121,omid:br/06320203717,omid:br/06402514121
oci:06320203717-061303111679,omid:br/06320203717,omid:br/061303111679
oci:06320203717-06602505327,omid:br/06320203717,omid:br/06602505327
oci:06320203450-062603528125,omid:br/06320203450,omid:br/062603528125
oci:06320203382-061801865391,omid:br/06320203382,omid:br/061801865391
oci:06330211767-061102134075,omid:br/06330211767,omid:br/061102134075
oci:06330211767-061402103942,omid:br/06330211767,omid:br/061402103942
oci:06320203727-061601876265,omid:br/06320203727,omid:br/061601876265
oci:06320203727-06602504851,omid:br/06320203727,omid:br/06602504851
oci:06320203664-06102519388,omid:br/06320203664,omid:br/06102519388
oci:06320203664-061103891281,omid:br/06320203664,omid:br/061103891281
oci:06320203664-061302121484,omid:br/06320203664,omid:br/061302121484
oci:06320203664-062302120918,omid:br/06320203664,omid:br/062302120918
oci:06320203664-062603914415,omid:br/06320203664,omid:br/062603914415
oci:06320203664-062202112244,omid:br/06320203664,omid:br/062202112244
oci:06320203456-061702129929,omid:br/06320203456,omid:br/061702129929
oci:06320203456-06902146631,omid:br/06320203456,omid:br/06902146631
oci:06320203456-06902146046,omid:br/06320203456,omid:br/06902146046
oci:06320203456-06702486374,omid:br/06320203456,omid:br/06702486374
oci:06320203433-0640355251,omid:br/06320203433,omid:br/0640355251
oci:06320203433-06160348550,omid:br/06320203433,omid:br/06160348550
oci:06320203710-061602135976,omid:br/06320203710,omid:br/061602135976
oci:06320203710-063401486,omid:br/06320203710,omid:br/063401486
oci:06320203710-061102133427,omid:br/06320203710,omid:br/061102133427
oci:06320203710-06902145961,omid:br/06320203710,omid:br/06902145961
oci:06320203710-06401364979,omid:br/06320203710,omid:br/06401364979
oci:06320203418-06302398519,omid:br/06320203418,omid:br/06302398519
oci:06320203418-06902145676,omid:br/06320203418,omid:br/06902145676
oci:06320203418-061102134679,omid:br/06320203418,omid:br/061102134679
oci:06320203418-06902147483,omid:br/06320203418,omid:br/06902147483
oci:06330211770-061901869153,omid:br/06330211770,omid:br/061901869153
oci:06320203714-06802502294,omid:br/06320203714,omid:br/06802502294
oci:06320203688-061301668942,omid:br/06320203688,omid:br/061301668942
oci:06320203688-061602136264,omid:br/06320203688,omid:br/061602136264
oci:06320203688-06602504901,omid:br/06320203688,omid:br/06602504901
oci:06320203706-0650349658,omid:br/06320203706,omid:br/0650349658
oci:06320203706-061701873698,omid:br/06320203706,omid:br/061701873698
oci:06320203706-06170166222,omid:br/06320203706,omid:br/06170166222
oci:06320203706-0680356384,omid:br/06320203706,omid:br/0680356384
oci:06320203706-062402011950,omid:br/06320203706,omid:br/062402011950
oci:06320203706-06501084657,omid:br/06320203706,omid:br/06501084657
oci:06320203706-06130165467,omid:br/06320203706,omid:br/06130165467
oci:06320203706-061202118843,omid:br/06320203706,omid:br/061202118843
oci:06320203706-06110815277,omid:br/06320203706,omid:br/06110815277
oci:06320203706-06150820437,omid:br/06320203706,omid:br/06150820437
oci:06320203706-061702129598,omid:br/06320203706,omid:br/061702129598
oci:06320203706-06140164297,omid:br/06320203706,omid:br/06140164297
oci:06320203706-06150165649,omid:br/06320203706,omid:br/06150165649
oci:06320203706-061102133311,omid:br/06320203706,omid:br/061102133311
oci:06320203706-06220343700,omid:br/06320203706,omid:br/06220343700
oci:06320203397-061401657280,omid:br/06320203397,omid:br/061401657280
oci:06320203397-061401657382,omid:br/06320203397,omid:br/061401657382
oci:06330211723-062201970198,omid:br/06330211723,omid:br/062201970198
oci:06340205914-061102134221,omid:br/06340205914,omid:br/061102134221
oci:06340205914-061602135845,omid:br/06340205914,omid:br/061602135845
oci:06340205914-061401147625,omid:br/06340205914,omid:br/061401147625
oci:06340205914-0631049709,omid:br/06340205914,omid:br/0631049709
oci:06340205914-061501965515,omid:br/06340205914,omid:br/061501965515
oci:06320203709-062303878476,omid:br/06320203709,omid:br/062303878476
oci:06320203709-06902145776,omid:br/06320203709,omid:br/06902145776
oci:06320203709-06120351377,omid:br/06320203709,omid:br/06120351377
oci:06320203709-06902145965,omid:br/06320203709,omid:br/06902145965
oci:06320203743-06402514538,omid:br/06320203743,omid:br/06402514538
oci:06320203743-06340262721,omid:br/06320203743,omid:br/06340262721
oci:06340205953-06230267583,omid:br/06340205953,omid:br/06230267583
oci:06340205953-0610830412,omid:br/06340205953,omid:br/0610830412
oci:06340205953-061302122675,omid:br/06340205953,omid:br/061302122675
oci:06340205953-0630111948,omid:br/06340205953,omid:br/0630111948
oci:06340205953-061102132964,omid:br/06340205953,omid:br/061102132964
oci:06340205953-06604142498,omid:br/06340205953,omid:br/06604142498
oci:06340205953-061602136293,omid:br/06340205953,omid:br/061602136293
oci:06340205953-061202117891,omid:br/06340205953,omid:br/061202117891
oci:06340205953-062502116013,omid:br/06340205953,omid:br/062502116013
oci:06340205953-06902146083,omid:br/06340205953,omid:br/06902146083
oci:06320203419-062202113311,omid:br/06320203419,omid:br/062202113311
oci:06330212297-06504145357,omid:br/06330212297,omid:br/06504145357
oci:06330212297-06902145885,omid:br/06330212297,omid:br/06902145885
oci:06320203699-0650168378,omid:br/06320203699,omid:br/0650168378
oci:06320203699-062101859879,omid:br/06320203699,omid:br/062101859879
oci:06320203699-062601032408,omid:br/06320203699,omid:br/062601032408
oci:06320203699-06802503836,omid:br/06320203699,omid:br/06802503836
oci:06320203699-06140811885,omid:br/06320203699,omid:br/06140811885
oci:06320203699-06140164154,omid:br/06320203699,omid:br/06140164154
oci:06320203699-06303909627,omid:br/06320203699,omid:br/06303909627
oci:06330212604-06130645703,omid:br/06330212604,omid:br/06130645703
oci:06330212604-062401262106,omid:br/06330212604,omid:br/062401262106
oci:06330211641-062401103920,omid:br/06330211641,omid:br/062401103920
oci:06330211641-0690829609,omid:br/06330211641,omid:br/0690829609
oci:06330211641-06230266990,omid:br/06330211641,omid:br/06230266990
oci:06330211697-06460218846,omid:br/06330211697,omid:br/06460218846
oci:06330211697-0630167640,omid:br/06330211697,omid:br/0630167640
oci:06330211697-065302432,omid:br/06330211697,omid:br/065302432
oci:06330211697-065101221,omid:br/06330211697,omid:br/065101221
oci:06330211697-06170165936,omid:br/06330211697,omid:br/06170165936
oci:06330211697-06210170512,omid:br/06330211697,omid:br/06210170512
oci:06340205939-061701006659,omid:br/06340205939,omid:br/061701006659
oci:06340205939-06120667913,omid:br/06340205939,omid:br/06120667913
oci:06340205939-063604788,omid:br/06340205939,omid:br/063604788
oci:06340205939-06902147611,omid:br/06340205939,omid:br/06902147611
oci:06340205939-061701006432,omid:br/06340205939,omid:br/061701006432
oci:06340205939-06180995965,omid:br/06340205939,omid:br/06180995965
oci:06340205939-06220257867,omid:br/06340205939,omid:br/06220257867
oci:06340205939-061701006244,omid:br/06340205939,omid:br/061701006244
oci:06340205939-061102133746,omid:br/06340205939,omid:br/061102133746
oci:06320204066-065101221,omid:br/06320204066,omid:br/065101221
oci:06320204066-0690373266,omid:br/06320204066,omid:br/0690373266
oci:06320204066-06210263159,omid:br/06320204066,omid:br/06210263159
oci:06320204066-06190264522,omid:br/06320204066,omid:br/06190264522
oci:06340205963-0620981258,omid:br/06340205963,omid:br/0620981258
oci:06340205963-0690852310,omid:br/06340205963,omid:br/0690852310
oci:06340205963-0620981529,omid:br/06340205963,omid:br/0620981529
oci:06340205963-062102116138,omid:br/06340205963,omid:br/062102116138
oci:06340205963-0680845651,omid:br/06340205963,omid:br/0680845651
oci:06340205907-06160168654,omid:br/06340205907,omid:br/06160168654
oci:06340205907-0610170374,omid:br/06340205907,omid:br/0610170374
oci:06340205907-061303703850,omid:br/06340205907,omid:br/061303703850
oci:06340205907-062601147524,omid:br/06340205907,omid:br/062601147524
oci:06320203693-06202400161,omid:br/06320203693,omid:br/06202400161
oci:06320203693-06102418070,omid:br/06320203693,omid:br/06102418070
oci:06320203693-06260182688,omid:br/06320203693,omid:br/06260182688
oci:06320203693-06220166391,omid:br/06320203693,omid:br/06220166391
oci:06320203693-06170344275,omid:br/06320203693,omid:br/06170344275
oci:06330211684-062101859879,omid:br/06330211684,omid:br/062101859879
oci:06330211684-0620166354,omid:br/06330211684,omid:br/0620166354
oci:06330211684-0610831231,omid:br/06330211684,omid:br/0610831231
oci:06330211684-06303909627,omid:br/06330211684,omid:br/06303909627
oci:06330212394-06801165596,omid:br/06330212394,omid:br/06801165596
oci:06340205944-06160958201,omid:br/06340205944,omid:br/06160958201
oci:06340205944-061501674006,omid:br/06340205944,omid:br/061501674006
oci:06340205944-061601680275,omid:br/06340205944,omid:br/061601680275
oci:06340205944-06170956265,omid:br/06340205944,omid:br/06170956265
oci:06340205944-061702128957,omid:br/06340205944,omid:br/061702128957
oci:06340205944-061601680755,omid:br/06340205944,omid:br/061601680755
oci:06340205944-061601876894,omid:br/06340205944,omid:br/061601876894
oci:06330212393-062502427370,omid:br/06330212393,omid:br/062502427370
oci:06330212393-061403282558,omid:br/06330212393,omid:br/061403282558
oci:06330212393-06601323376,omid:br/06330212393,omid:br/06601323376
oci:06330212393-061501316036,omid:br/06330212393,omid:br/061501316036
oci:06330212393-06130861007,omid:br/06330212393,omid:br/06130861007
oci:06330212393-062102036557,omid:br/06330212393,omid:br/062102036557
oci:06330212393-062201836171,omid:br/06330212393,omid:br/062201836171
oci:06330212393-06140176274,omid:br/06330212393,omid:br/06140176274
oci:06320203735-061102133156,omid:br/06320203735,omid:br/061102133156
oci:06320203735-061602136116,omid:br/06320203735,omid:br/061602136116
oci:06320203735-06602505380,omid:br/06320203735,omid:br/06602505380
oci:06320203663-061601680290,omid:br/06320203663,omid:br/061601680290
oci:06320203663-061501674693,omid:br/06320203663,omid:br/061501674693
oci:06320203663-061301668942,omid:br/06320203663,omid:br/061301668942
oci:06330211670-06110370735,omid:br/06330211670,omid:br/06110370735
oci:06320203725-06260372387,omid:br/06320203725,omid:br/06260372387
oci:06320203725-0640360886,omid:br/06320203725,omid:br/0640360886
oci:06320203725-06220348049,omid:br/06320203725,omid:br/06220348049
oci:06320203725-062202614807,omid:br/06320203725,omid:br/062202614807
oci:06320203725-06140792453,omid:br/06320203725,omid:br/06140792453
oci:06320203725-06902146363,omid:br/06320203725,omid:br/06902146363
oci:06320203725-061801670735,omid:br/06320203725,omid:br/061801670735
oci:06320203725-061401656777,omid:br/06320203725,omid:br/061401656777
oci:06320203725-061201667894,omid:br/06320203725,omid:br/061201667894
oci:06320203732-06802502602,omid:br/06320203732,omid:br/06802502602
oci:06320203732-062201086963,omid:br/06320203732,omid:br/062201086963
oci:06320203732-061102134826,omid:br/06320203732,omid:br/061102134826
oci:06330211657-061303029657,omid:br/06330211657,omid:br/061303029657
oci:06330211657-061301669009,omid:br/06330211657,omid:br/061301669009
oci:06330211657-06150392129,omid:br/06330211657,omid:br/06150392129
oci:06330211657-061801558516,omid:br/06330211657,omid:br/061801558516
oci:06330211657-062402116009,omid:br/06330211657,omid:br/062402116009
oci:06330211657-06702160848,omid:br/06330211657,omid:br/06702160848
oci:06330211657-06702326150,omid:br/06330211657,omid:br/06702326150
oci:06330212344-06601410942,omid:br/06330212344,omid:br/06601410942
oci:06320203719-061402103674,omid:br/06320203719,omid:br/061402103674
oci:06320203719-062402116529,omid:br/06320203719,omid:br/062402116529
oci:06320203713-06401218843,omid:br/06320203713,omid:br/06401218843
oci:06320203694-06902145676,omid:br/06320203694,omid:br/06902145676
oci:06320203694-061402103376,omid:br/06320203694,omid:br/061402103376
oci:06320203694-061502128851,omid:br/06320203694,omid:br/061502128851
oci:06320203721-061202117561,omid:br/06320203721,omid:br/061202117561
oci:06320203721-06902145773,omid:br/06320203721,omid:br/06902145773
oci:06330211633-06110370479,omid:br/06330211633,omid:br/06110370479
oci:06330211633-06201165915,omid:br/06330211633,omid:br/06201165915
oci:06330211633-06260182758,omid:br/06330211633,omid:br/06260182758
oci:06330211643-06160168654,omid:br/06330211643,omid:br/06160168654
oci:06330211643-0610170374,omid:br/06330211643,omid:br/0610170374
oci:06330211643-06150820437,omid:br/06330211643,omid:br/06150820437
oci:06330211643-06150165424,omid:br/06330211643,omid:br/06150165424
oci:06330211643-061402103342,omid:br/06330211643,omid:br/061402103342
oci:06320203712-06130479759,omid:br/06320203712,omid:br/06130479759
oci:06320203712-06150347957,omid:br/06320203712,omid:br/06150347957
oci:06320203712-06202514826,omid:br/06320203712,omid:br/06202514826
oci:06330211617-06260372387,omid:br/06330211617,omid:br/06260372387
oci:06330211617-0640360886,omid:br/06330211617,omid:br/0640360886
oci:06330211617-06220348049,omid:br/06330211617,omid:br/06220348049
oci:06330211617-062202614807,omid:br/06330211617,omid:br/062202614807
oci:06330211617-06140792453,omid:br/06330211617,omid:br/06140792453
oci:06330211617-06901949233,omid:br/06330211617,omid:br/06901949233
oci:06330211617-06902146363,omid:br/06330211617,omid:br/06902146363
oci:06330211617-061801670735,omid:br/06330211617,omid:br/061801670735
oci:06330211617-061401656777,omid:br/06330211617,omid:br/061401656777
oci:06330211617-061201667894,omid:br/06330211617,omid:br/061201667894
oci:06320203665-062602047501,omid:br/06320203665,omid:br/062602047501
oci:06330211622-06180353747,omid:br/06330211622,omid:br/06180353747
oci:06330211622-061102134826,omid:br/06330211622,omid:br/061102134826
oci:06330211622-06104302796,omid:br/06330211622,omid:br/06104302796
oci:06330211622-061301668739,omid:br/06330211622,omid:br/061301668739
oci:06330212306-062102115669,omid:br/06330212306,omid:br/062102115669
oci:06330212306-061502128829,omid:br/06330212306,omid:br/061502128829
oci:06320203686-062602047689,omid:br/06320203686,omid:br/062602047689
oci:06320203686-06202400029,omid:br/06320203686,omid:br/06202400029
oci:06330212391-062602047475,omid:br/06330212391,omid:br/062602047475
oci:06330212315-061302122349,omid:br/06330212315,omid:br/061302122349
oci:06320204073-061202117802,omid:br/06320204073,omid:br/061202117802
oci:06320204073-062501585827,omid:br/06320204073,omid:br/062501585827
oci:06320204073-06301597524,omid:br/06320204073,omid:br/06301597524
oci:06320204073-061602137053,omid:br/06320204073,omid:br/061602137053
oci:06320204073-06104302796,omid:br/06320204073,omid:br/06104302796
oci:06320204073-062501585716,omid:br/06320204073,omid:br/062501585716
oci:06330212339-061702129497,omid:br/06330212339,omid:br/061702129497
oci:06330212339-061202117805,omid:br/06330212339,omid:br/061202117805
oci:06330212339-0660847823,omid:br/06330212339,omid:br/0660847823
oci:06320203677-06902146639,omid:br/06320203677,omid:br/06902146639
oci:06330211623-061102134141,omid:br/06330211623,omid:br/061102134141
oci:06320203737-061602135849,omid:br/06320203737,omid:br/061602135849
oci:06320203737-06802503468,omid:br/06320203737,omid:br/06802503468
oci:06320203737-06230879743,omid:br/06320203737,omid:br/06230879743
oci:06330211758-062202112289,omid:br/06330211758,omid:br/062202112289
oci:06330211786-06802502791,omid:br/06330211786,omid:br/06802502791
oci:06320204058-061102134270,omid:br/06320204058,omid:br/061102134270
oci:06320204074-062603332671,omid:br/06320204074,omid:br/062603332671
oci:06320203670-0630357792,omid:br/06320203670,omid:br/0630357792
oci:06320203670-061103790521,omid:br/06320203670,omid:br/061103790521
oci:06320203670-061401925848,omid:br/06320203670,omid:br/061401925848
oci:06320203670-061401925445,omid:br/06320203670,omid:br/061401925445
oci:06320204060-06401218843,omid:br/06320204060,omid:br/06401218843
oci:06320204060-061402103632,omid:br/06320204060,omid:br/061402103632
oci:06320204060-061202118530,omid:br/06320204060,omid:br/061202118530
oci:06330211638-06240341777,omid:br/06330211638,omid:br/06240341777
oci:06330211638-0610210893,omid:br/06330211638,omid:br/0610210893
oci:06330211997-06802503033,omid:br/06330211997,omid:br/06802503033
oci:06320203673-06902145676,omid:br/06320203673,omid:br/06902145676
oci:06320203673-061102134294,omid:br/06320203673,omid:br/061102134294
oci:06320203673-061102133652,omid:br/06320203673,omid:br/061102133652
oci:06320204063-06520216834,omid:br/06320204063,omid:br/06520216834
oci:06320204063-06520216887,omid:br/06320204063,omid:br/06520216887
oci:06320203658-06701127216,omid:br/06320203658,omid:br/06701127216
oci:06320203658-06802502783,omid:br/06320203658,omid:br/06802502783
oci:06320203658-062601593055,omid:br/06320203658,omid:br/062601593055
oci:06320203658-061302121914,omid:br/06320203658,omid:br/061302121914
oci:06320203658-061101578437,omid:br/06320203658,omid:br/061101578437
oci:06320203658-061702129977,omid:br/06320203658,omid:br/061702129977
oci:06320203691-062202385521,omid:br/06320203691,omid:br/062202385521
oci:06320203691-061302122306,omid:br/06320203691,omid:br/061302122306
oci:06320203691-061702129905,omid:br/06320203691,omid:br/061702129905
oci:06320203691-06370303047,omid:br/06320203691,omid:br/06370303047
oci:06320203691-061801924413,omid:br/06320203691,omid:br/061801924413
oci:06330211926-06902145885,omid:br/06330211926,omid:br/06902145885
oci:06320203659-061302430152,omid:br/06320203659,omid:br/061302430152
oci:06320204068-062502116428,omid:br/06320204068,omid:br/062502116428
oci:06320203728-06602505327,omid:br/06320203728,omid:br/06602505327
oci:06320203728-061102132969,omid:br/06320203728,omid:br/061102132969
oci:06320203728-06401082276,omid:br/06320203728,omid:br/06401082276
oci:06320203740-06170165936,omid:br/06320203740,omid:br/06170165936
oci:06320203740-06160168604,omid:br/06320203740,omid:br/06160168604
oci:06320203740-06140163981,omid:br/06320203740,omid:br/06140163981
oci:06330211624-06702486374,omid:br/06330211624,omid:br/06702486374
oci:06330211624-06802502155,omid:br/06330211624,omid:br/06802502155
oci:06320203675-06210169826,omid:br/06320203675,omid:br/06210169826
oci:06330211671-06101287977,omid:br/06330211671,omid:br/06101287977
oci:06330211671-06902146299,omid:br/06330211671,omid:br/06902146299
oci:06320203696-061103871961,omid:br/06320203696,omid:br/061103871961
oci:06320203696-06103223206,omid:br/06320203696,omid:br/06103223206
oci:06320203707-061602135663,omid:br/06320203707,omid:br/061602135663
oci:06320203707-06702486379,omid:br/06320203707,omid:br/06702486379
oci:06320203707-061602136652,omid:br/06320203707,omid:br/061602136652
oci:06320203707-061102134025,omid:br/06320203707,omid:br/061102134025
oci:06320203707-061601496077,omid:br/06320203707,omid:br/061601496077
oci:06320203707-061302122588,omid:br/06320203707,omid:br/061302122588
oci:06320203748-061301668942,omid:br/06320203748,omid:br/061301668942
oci:06320203748-061801670696,omid:br/06320203748,omid:br/061801670696
oci:06320203748-06150800264,omid:br/06320203748,omid:br/06150800264
oci:06320203748-061501490842,omid:br/06320203748,omid:br/061501490842
oci:06320203748-062202111782,omid:br/06320203748,omid:br/062202111782
oci:06320203748-061801670508,omid:br/06320203748,omid:br/061801670508
oci:06320203748-061301669009,omid:br/06320203748,omid:br/061301669009
oci:06320203748-061601680321,omid:br/06320203748,omid:br/061601680321
oci:06320203748-061401657477,omid:br/06320203748,omid:br/061401657477
oci:06320203748-061501674921,omid:br/06320203748,omid:br/061501674921
oci:06320203748-061401657441,omid:br/06320203748,omid:br/061401657441
oci:06320203679-06404495627,omid:br/06320203679,omid:br/06404495627
oci:06320203724-06302502932,omid:br/06320203724,omid:br/06302502932
oci:06320203666-062301087495,omid:br/06320203666,omid:br/062301087495
oci:06320203666-062301087658,omid:br/06320203666,omid:br/062301087658
oci:06320203882-062401858296,omid:br/06320203882,omid:br/062401858296
oci:06320203882-061702129824,omid:br/06320203882,omid:br/061702129824
oci:06320203882-061901138845,omid:br/06320203882,omid:br/061901138845
oci:06330212223-06260372387,omid:br/06330212223,omid:br/06260372387
oci:06330212223-0640360886,omid:br/06330212223,omid:br/0640360886
oci:06330212223-06220348049,omid:br/06330212223,omid:br/06220348049
oci:06330212223-06602763313,omid:br/06330212223,omid:br/06602763313
oci:06330212223-06210347644,omid:br/06330212223,omid:br/06210347644
oci:06330212223-0630915967,omid:br/06330212223,omid:br/0630915967
oci:06330212223-06130790072,omid:br/06330212223,omid:br/06130790072
oci:06330212223-06901949233,omid:br/06330212223,omid:br/06901949233
oci:06330212223-061703724484,omid:br/06330212223,omid:br/061703724484
oci:06330212223-062402683843,omid:br/06330212223,omid:br/062402683843
oci:06330212223-062302691572,omid:br/06330212223,omid:br/062302691572
oci:06330212223-06902146363,omid:br/06330212223,omid:br/06902146363
oci:06330212223-061801670735,omid:br/06330212223,omid:br/061801670735
oci:06330212223-061401656777,omid:br/06330212223,omid:br/061401656777
oci:06330212223-061101679985,omid:br/06330212223,omid:br/061101679985
oci:06330212223-06150437088,omid:br/06330212223,omid:br/06150437088
oci:06330212223-06150437056,omid:br/06330212223,omid:br/06150437056
oci:06330212223-06150436820,omid:br/06330212223,omid:br/06150436820
oci:06330212223-06180263936,omid:br/06330212223,omid:br/06180263936
oci:06330212223-06150958378,omid:br/06330212223,omid:br/06150958378
oci:06330212584-0690373356,omid:br/06330212584,omid:br/0690373356
oci:06330212584-0690373593,omid:br/06330212584,omid:br/0690373593
oci:06330212584-06260183183,omid:br/06330212584,omid:br/06260183183
oci:06330212584-06130810062,omid:br/06330212584,omid:br/06130810062
oci:06330212584-065101221,omid:br/06330212584,omid:br/065101221
oci:0604181280-06702588281,omid:br/0604181280,omid:br/06702588281
oci:0604181280-06702588149,omid:br/0604181280,omid:br/06702588149
oci:0604181354-06501759863,omid:br/0604181354,omid:br/06501759863
oci:06330212254-06130260785,omid:br/06330212254,omid:br/06130260785
oci:06330212254-064101223,omid:br/06330212254,omid:br/064101223
oci:06330212254-062102115932,omid:br/06330212254,omid:br/062102115932
oci:06330212254-061902440615,omid:br/06330212254,omid:br/061902440615
oci:06330212254-06220950920,omid:br/06330212254,omid:br/06220950920
oci:06330212254-061401656748,omid:br/06330212254,omid:br/061401656748
oci:06330212254-06402513038,omid:br/06330212254,omid:br/06402513038
oci:06330212508-0690373830,omid:br/06330212508,omid:br/0690373830
oci:0604181302-06180349621,omid:br/0604181302,omid:br/06180349621
oci:0604181302-064802013,omid:br/0604181302,omid:br/064802013
oci:06320203635-065201683,omid:br/06320203635,omid:br/065201683
oci:06320203635-06104302796,omid:br/06320203635,omid:br/06104302796
oci:06320203880-061302122571,omid:br/06320203880,omid:br/061302122571
oci:06320203880-061202117593,omid:br/06320203880,omid:br/061202117593
oci:06320203880-06602505262,omid:br/06320203880,omid:br/06602505262
oci:06320203880-062202114686,omid:br/06320203880,omid:br/062202114686
oci:0604181349-061302122022,omid:br/0604181349,omid:br/061302122022
oci:06320203925-061202117593,omid:br/06320203925,omid:br/061202117593
oci:0604181341-06120667913,omid:br/0604181341,omid:br/06120667913
oci:0604181341-063604788,omid:br/0604181341,omid:br/063604788
oci:0604181341-06220257867,omid:br/0604181341,omid:br/06220257867
oci:0604181341-061102133746,omid:br/0604181341,omid:br/061102133746
oci:0604181341-062502162059,omid:br/0604181341,omid:br/062502162059
oci:0604181341-061701006040,omid:br/0604181341,omid:br/061701006040
oci:0604181341-061701006213,omid:br/0604181341,omid:br/061701006213
oci:0604181341-062301781631,omid:br/0604181341,omid:br/062301781631
oci:0604181341-06260177969,omid:br/0604181341,omid:br/06260177969
oci:06320203562-06150800816,omid:br/06320203562,omid:br/06150800816
oci:06320203919-061202117593,omid:br/06320203919,omid:br/061202117593
oci:06320203919-06902146262,omid:br/06320203919,omid:br/06902146262
oci:06320203919-062202112035,omid:br/06320203919,omid:br/062202112035
oci:06320203919-061702130051,omid:br/06320203919,omid:br/061702130051
oci:06320203919-061302121959,omid:br/06320203919,omid:br/061302121959
oci:06320203919-06501084424,omid:br/06320203919,omid:br/06501084424
oci:06320203919-062302123316,omid:br/06320203919,omid:br/062302123316
oci:06320203919-061202119227,omid:br/06320203919,omid:br/061202119227
oci:06320203919-0620165814,omid:br/06320203919,omid:br/0620165814
oci:06330212570-06102519708,omid:br/06330212570,omid:br/06102519708
oci:06330212570-062302121237,omid:br/06330212570,omid:br/062302121237
oci:06330212570-061502129034,omid:br/06330212570,omid:br/061502129034
oci:06330212570-06150819923,omid:br/06330212570,omid:br/06150819923
oci:06330212570-06902146252,omid:br/06330212570,omid:br/06902146252
oci:06330212570-0680650474,omid:br/06330212570,omid:br/0680650474
oci:06320203862-061202117593,omid:br/06320203862,omid:br/061202117593
oci:06330212569-06160262545,omid:br/06330212569,omid:br/06160262545
oci:06330212569-061601876661,omid:br/06330212569,omid:br/061601876661
oci:0604181299-065201683,omid:br/0604181299,omid:br/065201683
oci:0604181299-061301444382,omid:br/0604181299,omid:br/061301444382
oci:0604181299-061901375210,omid:br/0604181299,omid:br/061901375210
oci:0604181299-06403114306,omid:br/0604181299,omid:br/06403114306
oci:0604181299-0610355305,omid:br/0604181299,omid:br/0610355305
oci:06320203576-06802502806,omid:br/06320203576,omid:br/06802502806
oci:06320203576-061102133427,omid:br/06320203576,omid:br/061102133427
oci:06320203576-06902145961,omid:br/06320203576,omid:br/06902145961
oci:06320203576-06302398863,omid:br/06320203576,omid:br/06302398863
oci:06320203576-061303759851,omid:br/06320203576,omid:br/061303759851
oci:06330212561-06130645249,omid:br/06330212561,omid:br/06130645249
oci:06330212561-06120981122,omid:br/06330212561,omid:br/06120981122
oci:0604181298-06220165822,omid:br/0604181298,omid:br/06220165822
oci:06320203861-061702130051,omid:br/06320203861,omid:br/061702130051
oci:06320203637-061802119944,omid:br/06320203637,omid:br/061802119944
oci:06320203637-062202111821,omid:br/06320203637,omid:br/062202111821
oci:06320203637-061602135647,omid:br/06320203637,omid:br/061602135647
oci:06320203637-061402103774,omid:br/06320203637,omid:br/061402103774
oci:06320203637-0620486673,omid:br/06320203637,omid:br/0620486673
oci:0604181353-06104302796,omid:br/0604181353,omid:br/06104302796
oci:0604181353-06504544533,omid:br/0604181353,omid:br/06504544533
oci:0604181353-06501084663,omid:br/0604181353,omid:br/06501084663
oci:0604181353-061102133201,omid:br/0604181353,omid:br/061102133201
oci:0604181361-06302501479,omid:br/0604181361,omid:br/06302501479
oci:0604181361-061202118060,omid:br/0604181361,omid:br/061202118060
oci:06330212500-061601256663,omid:br/06330212500,omid:br/061601256663
oci:06320203646-061901869469,omid:br/06320203646,omid:br/061901869469
oci:06320203646-06402514290,omid:br/06320203646,omid:br/06402514290
oci:06320203646-062502116562,omid:br/06320203646,omid:br/062502116562
oci:06320203646-06502508533,omid:br/06320203646,omid:br/06502508533
oci:06320203646-061102133427,omid:br/06320203646,omid:br/061102133427
oci:06320203646-06902145961,omid:br/06320203646,omid:br/06902145961
oci:06330212498-061302122469,omid:br/06330212498,omid:br/061302122469
oci:06330212498-0640353972,omid:br/06330212498,omid:br/0640353972
oci:06330212498-06220342837,omid:br/06330212498,omid:br/06220342837
oci:06330212498-0610355305,omid:br/06330212498,omid:br/0610355305
oci:06320203649-06503465975,omid:br/06320203649,omid:br/06503465975
oci:06320203649-06701692207,omid:br/06320203649,omid:br/06701692207
oci:0604181373-061102134141,omid:br/0604181373,omid:br/061102134141
oci:0604181373-06150469185,omid:br/0604181373,omid:br/06150469185
oci:0604181373-061201442907,omid:br/0604181373,omid:br/061201442907
oci:0604181373-061301443587,omid:br/0604181373,omid:br/061301443587
oci:0604181373-061202430841,omid:br/0604181373,omid:br/061202430841
oci:0604181373-061201442413,omid:br/0604181373,omid:br/061201442413
oci:0604181373-061802224497,omid:br/0604181373,omid:br/061802224497
oci:0604181366-061703587694,omid:br/0604181366,omid:br/061703587694
oci:06330212575-06703899510,omid:br/06330212575,omid:br/06703899510
oci:06330212575-06403550678,omid:br/06330212575,omid:br/06403550678
oci:06330212575-06110815726,omid:br/06330212575,omid:br/06110815726
oci:06330212575-062602047503,omid:br/06330212575,omid:br/062602047503
oci:06330212575-0610355305,omid:br/06330212575,omid:br/0610355305
oci:0604181338-063704736,omid:br/0604181338,omid:br/063704736
oci:0604181303-065101221,omid:br/0604181303,omid:br/065101221
oci:0604181303-06180169728,omid:br/0604181303,omid:br/06180169728
oci:06330212568-06302398925,omid:br/06330212568,omid:br/06302398925
oci:06320203624-06603455592,omid:br/06320203624,omid:br/06603455592
oci:06320203624-06470195801,omid:br/06320203624,omid:br/06470195801
oci:06320203624-065094616,omid:br/06320203624,omid:br/065094616
oci:06320203624-06703438119,omid:br/06320203624,omid:br/06703438119
oci:06320203624-06902146117,omid:br/06320203624,omid:br/06902146117
oci:06320203624-061803034660,omid:br/06320203624,omid:br/061803034660
oci:0604181356-061401926060,omid:br/0604181356,omid:br/061401926060
oci:0604181356-061401925751,omid:br/0604181356,omid:br/061401925751
oci:0604181356-061301940616,omid:br/0604181356,omid:br/061301940616
oci:0604181356-06201423633,omid:br/0604181356,omid:br/06201423633
oci:06330212216-0630166781,omid:br/06330212216,omid:br/0630166781
oci:06330212216-0650168111,omid:br/06330212216,omid:br/0650168111
oci:06330212216-06170166283,omid:br/06330212216,omid:br/06170166283
oci:06320203608-0630357792,omid:br/06320203608,omid:br/0630357792
oci:06320203887-062301866107,omid:br/06320203887,omid:br/062301866107
oci:06320203887-06602504920,omid:br/06320203887,omid:br/06602504920
oci:06320203887-061502128834,omid:br/06320203887,omid:br/061502128834
oci:06320203887-06402513859,omid:br/06320203887,omid:br/06402513859
oci:06320203887-061102133637,omid:br/06320203887,omid:br/061102133637
oci:06320203887-06602504649,omid:br/06320203887,omid:br/06602504649
oci:06320203920-06130789576,omid:br/06320203920,omid:br/06130789576
oci:06320203566-0640177183,omid:br/06320203566,omid:br/0640177183
oci:06320203566-06120522522,omid:br/06320203566,omid:br/06120522522
oci:06330212546-061403711649,omid:br/06330212546,omid:br/061403711649
oci:06330212546-062101859879,omid:br/06330212546,omid:br/062101859879
oci:06330212546-06130165218,omid:br/06330212546,omid:br/06130165218
oci:0604181316-061203779393,omid:br/0604181316,omid:br/061203779393
oci:06320203606-0690364893,omid:br/06320203606,omid:br/0690364893
oci:06320203606-0660351320,omid:br/06320203606,omid:br/0660351320
oci:06320203606-062501585318,omid:br/06320203606,omid:br/062501585318
oci:06320203606-061403765755,omid:br/06320203606,omid:br/061403765755
oci:06320203606-0640487950,omid:br/06320203606,omid:br/0640487950
oci:06320203606-0640354435,omid:br/06320203606,omid:br/0640354435
oci:06320203606-0640354425,omid:br/06320203606,omid:br/0640354425
oci:06320203606-06703438598,omid:br/06320203606,omid:br/06703438598
oci:06320203606-06703437804,omid:br/06320203606,omid:br/06703437804
oci:06320203859-061102134371,omid:br/06320203859,omid:br/061102134371
oci:06320203859-061202118424,omid:br/06320203859,omid:br/061202118424
oci:06330212574-0630167297,omid:br/06330212574,omid:br/0630167297
oci:06330212574-0690175861,omid:br/06330212574,omid:br/0690175861
oci:06330212574-0620165978,omid:br/06330212574,omid:br/0620165978
oci:06330212502-06260182526,omid:br/06330212502,omid:br/06260182526
oci:06330212502-062201123372,omid:br/06330212502,omid:br/062201123372
oci:06330212502-06302501882,omid:br/06330212502,omid:br/06302501882
oci:06330212283-06602504962,omid:br/06330212283,omid:br/06602504962
oci:06330212283-06502507513,omid:br/06330212283,omid:br/06502507513
oci:06320203895-065101221,omid:br/06320203895,omid:br/065101221
oci:06320203895-0690373167,omid:br/06320203895,omid:br/0690373167
oci:06320203895-0690373266,omid:br/06320203895,omid:br/0690373266
oci:0604181281-06502409315,omid:br/0604181281,omid:br/06502409315
oci:0604181281-0660351316,omid:br/0604181281,omid:br/0660351316
oci:0604181281-06802230274,omid:br/0604181281,omid:br/06802230274
oci:0604181281-06240342825,omid:br/0604181281,omid:br/06240342825
oci:0604181281-0690495691,omid:br/0604181281,omid:br/0690495691
oci:0604181281-06220342837,omid:br/0604181281,omid:br/06220342837
oci:06320203600-065094307,omid:br/06320203600,omid:br/065094307
oci:06320203600-061603049147,omid:br/06320203600,omid:br/061603049147
oci:06320203877-061601876894,omid:br/06320203877,omid:br/061601876894
oci:0604181360-061801122467,omid:br/0604181360,omid:br/061801122467
oci:0604181360-0610355305,omid:br/0604181360,omid:br/0610355305
oci:0604181360-062602047503,omid:br/0604181360,omid:br/062602047503
oci:06330212519-061102133746,omid:br/06330212519,omid:br/061102133746
oci:06330212258-061601974730,omid:br/06330212258,omid:br/061601974730
oci:06320203871-061102132958,omid:br/06320203871,omid:br/061102132958
oci:06320203871-061202118383,omid:br/06320203871,omid:br/061202118383
oci:06320203871-0630824858,omid:br/06320203871,omid:br/0630824858
oci:06320203871-063401486,omid:br/06320203871,omid:br/063401486
oci:06320203871-06302501476,omid:br/06320203871,omid:br/06302501476
oci:06320203871-06604142180,omid:br/06320203871,omid:br/06604142180
oci:06330212545-061702129518,omid:br/06330212545,omid:br/061702129518
oci:06320203644-06902146198,omid:br/06320203644,omid:br/06902146198
oci:06320203644-061203587509,omid:br/06320203644,omid:br/061203587509
oci:06320203644-062503563592,omid:br/06320203644,omid:br/062503563592
oci:06320203644-062202112231,omid:br/06320203644,omid:br/062202112231
oci:06320203644-06803447335,omid:br/06320203644,omid:br/06803447335
oci:06320203644-06202503912,omid:br/06320203644,omid:br/06202503912
oci:06320203644-061702129246,omid:br/06320203644,omid:br/061702129246
oci:0604181323-0610210874,omid:br/0604181323,omid:br/0610210874
oci:06320203586-06260182758,omid:br/06320203586,omid:br/06260182758
oci:06320203586-06260182967,omid:br/06320203586,omid:br/06260182967
oci:06330212255-062301087495,omid:br/06330212255,omid:br/062301087495
oci:06330212255-062301087658,omid:br/06330212255,omid:br/062301087658
oci:06330212255-0634027871,omid:br/06330212255,omid:br/0634027871
oci:06330212255-062202111820,omid:br/06330212255,omid:br/062202111820
oci:06330212255-06903738933,omid:br/06330212255,omid:br/06903738933
oci:06330212255-061102134722,omid:br/06330212255,omid:br/061102134722
oci:06330212255-062502116498,omid:br/06330212255,omid:br/062502116498
oci:06330212522-06501084842,omid:br/06330212522,omid:br/06501084842
oci:06330212522-06260474776,omid:br/06330212522,omid:br/06260474776
oci:06330212522-06260363555,omid:br/06330212522,omid:br/06260363555
oci:06330212522-06180347027,omid:br/06330212522,omid:br/06180347027
oci:06330212522-06104100852,omid:br/06330212522,omid:br/06104100852
oci:06330212593-062301781227,omid:br/06330212593,omid:br/062301781227
oci:06330212562-06140671615,omid:br/06330212562,omid:br/06140671615
oci:0604181369-062202032678,omid:br/0604181369,omid:br/062202032678
oci:06320203594-06150800542,omid:br/06320203594,omid:br/06150800542
oci:06320203594-06110220935,omid:br/06320203594,omid:br/06110220935
oci:06320203594-0610496497,omid:br/06320203594,omid:br/0610496497
oci:06320203594-06240341367,omid:br/06320203594,omid:br/06240341367
oci:06320203594-061202119515,omid:br/06320203594,omid:br/061202119515
oci:06330212501-061602136672,omid:br/06330212501,omid:br/061602136672
oci:0604181294-06502507729,omid:br/0604181294,omid:br/06502507729
oci:0604181294-061201586248,omid:br/0604181294,omid:br/061201586248
oci:0604181294-06120834147,omid:br/0604181294,omid:br/06120834147
oci:0604181294-06801109244,omid:br/0604181294,omid:br/06801109244
oci:0604181294-062602094562,omid:br/0604181294,omid:br/062602094562
oci:0604181294-06140431979,omid:br/0604181294,omid:br/06140431979
oci:0604181284-06150958496,omid:br/0604181284,omid:br/06150958496
oci:0604181284-06180263936,omid:br/0604181284,omid:br/06180263936
oci:0604181284-061201667894,omid:br/0604181284,omid:br/061201667894
oci:06320203587-06140792719,omid:br/06320203587,omid:br/06140792719
oci:06320203897-0641017657,omid:br/06320203897,omid:br/0641017657
oci:06320203897-06104302796,omid:br/06320203897,omid:br/06104302796
oci:06320203897-062203582684,omid:br/06320203897,omid:br/062203582684
oci:0604181347-064802013,omid:br/0604181347,omid:br/064802013
oci:0604181318-06320203834,omid:br/0604181318,omid:br/06320203834
oci:0604181365-06703438598,omid:br/0604181365,omid:br/06703438598
oci:06330212479-06180264411,omid:br/06330212479,omid:br/06180264411
oci:06330212479-0620892790,omid:br/06330212479,omid:br/0620892790
oci:06330212479-06602504962,omid:br/06330212479,omid:br/06602504962
oci:06330212488-061402103674,omid:br/06330212488,omid:br/061402103674
oci:06330212488-06104302796,omid:br/06330212488,omid:br/06104302796
oci:0604181344-06260183243,omid:br/0604181344,omid:br/06260183243
oci:0604181274-061901133510,omid:br/0604181274,omid:br/061901133510
oci:0604181274-0610615927,omid:br/0604181274,omid:br/0610615927
oci:0604181274-06101144612,omid:br/0604181274,omid:br/06101144612
oci:0604181274-06601645356,omid:br/0604181274,omid:br/06601645356
oci:0604181274-06140163812,omid:br/0604181274,omid:br/06140163812
oci:0604181351-06110357905,omid:br/0604181351,omid:br/06110357905
oci:0604181351-062201775064,omid:br/0604181351,omid:br/062201775064
oci:0604181351-06401082503,omid:br/0604181351,omid:br/06401082503
oci:0604181351-06140163567,omid:br/0604181351,omid:br/06140163567
oci:0604181351-0610170435,omid:br/0604181351,omid:br/0610170435
oci:0604181351-06260182786,omid:br/0604181351,omid:br/06260182786
oci:06330212445-0650349658,omid:br/06330212445,omid:br/0650349658
oci:06330212445-0640170842,omid:br/06330212445,omid:br/0640170842
oci:06330212463-06120478892,omid:br/06330212463,omid:br/06120478892
oci:06330212463-061601937242,omid:br/06330212463,omid:br/061601937242
oci:06330212404-061302854645,omid:br/06330212404,omid:br/061302854645
oci:06330212411-061102886027,omid:br/06330212411,omid:br/061102886027
oci:0604181290-061102133311,omid:br/0604181290,omid:br/061102133311
oci:0604181290-06902146004,omid:br/0604181290,omid:br/06902146004
oci:0604181315-0640487950,omid:br/0604181315,omid:br/0640487950
oci:06330212482-061202119242,omid:br/06330212482,omid:br/061202119242
oci:0604181292-062301524687,omid:br/0604181292,omid:br/062301524687
oci:06320203937-06103772995,omid:br/06320203937,omid:br/06103772995
oci:06320203937-06901463199,omid:br/06320203937,omid:br/06901463199
oci:06320203937-06601143510,omid:br/06320203937,omid:br/06601143510
oci:06320203937-064302137,omid:br/06320203937,omid:br/064302137
oci:06320203937-06260615265,omid:br/06320203937,omid:br/06260615265
oci:0604181277-061102134463,omid:br/0604181277,omid:br/061102134463
oci:06320203921-06202502309,omid:br/06320203921,omid:br/06202502309
oci:06320203921-06202502335,omid:br/06320203921,omid:br/06202502335
oci:06320203921-06150391484,omid:br/06320203921,omid:br/06150391484
oci:06320203921-06202502159,omid:br/06320203921,omid:br/06202502159
oci:06320203921-06202502449,omid:br/06320203921,omid:br/06202502449
oci:06320203921-06170667695,omid:br/06320203921,omid:br/06170667695
oci:06320203921-06170667686,omid:br/06320203921,omid:br/06170667686
oci:06320203921-06170667618,omid:br/06320203921,omid:br/06170667618
oci:06320203921-06170667705,omid:br/06320203921,omid:br/06170667705
oci:06330212493-061701873676,omid:br/06330212493,omid:br/061701873676
oci:0604181283-061202118383,omid:br/0604181283,omid:br/061202118383
oci:0604181283-0630824858,omid:br/0604181283,omid:br/0630824858
oci:06330212525-06230354047,omid:br/06330212525,omid:br/06230354047
oci:06320203898-06901463094,omid:br/06320203898,omid:br/06901463094
oci:06320203898-06110943942,omid:br/06320203898,omid:br/06110943942
oci:06320203898-061302141573,omid:br/06320203898,omid:br/061302141573
oci:06320203898-06180219115,omid:br/06320203898,omid:br/06180219115
oci:06320203899-0690373168,omid:br/06320203899,omid:br/0690373168
oci:06320203899-0690373266,omid:br/06320203899,omid:br/0690373266
oci:06320203899-0690373167,omid:br/06320203899,omid:br/0690373167
oci:06320203942-06110362967,omid:br/06320203942,omid:br/06110362967
oci:0604181331-06402514290,omid:br/0604181331,omid:br/06402514290
oci:0604181331-061701873689,omid:br/0604181331,omid:br/061701873689
oci:0604181331-061701006551,omid:br/0604181331,omid:br/061701006551
oci:0604181331-061302122402,omid:br/0604181331,omid:br/061302122402
oci:0604181331-061102134648,omid:br/0604181331,omid:br/061102134648
oci:06320203946-06140814109,omid:br/06320203946,omid:br/06140814109
oci:0604181314-06802503330,omid:br/0604181314,omid:br/06802503330
oci:0604181314-06502507754,omid:br/0604181314,omid:br/06502507754
oci:06320203891-06202502471,omid:br/06320203891,omid:br/06202502471
oci:06330212537-06110491044,omid:br/06330212537,omid:br/06110491044
oci:06330212537-06240341786,omid:br/06330212537,omid:br/06240341786
oci:06320203870-06401364979,omid:br/06320203870,omid:br/06401364979
oci:06320203870-0604299199,omid:br/06320203870,omid:br/0604299199
oci:06320203602-06210263159,omid:br/06320203602,omid:br/06210263159
oci:06320203627-06220258046,omid:br/06320203627,omid:br/06220258046
oci:06320203627-0620165798,omid:br/06320203627,omid:br/0620165798
oci:06320203627-0690373571,omid:br/06320203627,omid:br/0690373571
oci:06320203884-06802612015,omid:br/06320203884,omid:br/06802612015
oci:06320203884-06702593229,omid:br/06320203884,omid:br/06702593229
oci:06320203884-061301861928,omid:br/06320203884,omid:br/061301861928
oci:06320203884-062602148455,omid:br/06320203884,omid:br/062602148455
oci:06320203915-06130344922,omid:br/06320203915,omid:br/06130344922
oci:06320203915-064401256,omid:br/06320203915,omid:br/064401256
oci:06320203645-06190171346,omid:br/06320203645,omid:br/06190171346
oci:06320203645-06230174629,omid:br/06320203645,omid:br/06230174629
oci:06320203645-0620166523,omid:br/06320203645,omid:br/0620166523
oci:06320203645-06150437175,omid:br/06320203645,omid:br/06150437175
oci:0604181309-06230839371,omid:br/0604181309,omid:br/06230839371
oci:06320203867-061102766745,omid:br/06320203867,omid:br/061102766745
oci:06330212513-061603509640,omid:br/06330212513,omid:br/061603509640
oci:06330212513-061701925753,omid:br/06330212513,omid:br/061701925753
oci:06320203300-06104302796,omid:br/06320203300,omid:br/06104302796
oci:06320203300-061201958254,omid:br/06320203300,omid:br/061201958254
oci:06320203300-0628048620,omid:br/06320203300,omid:br/0628048620
oci:06320203300-061403710618,omid:br/06320203300,omid:br/061403710618
oci:06320203300-061702401140,omid:br/06320203300,omid:br/061702401140
oci:06320203300-06502507231,omid:br/06320203300,omid:br/06502507231
oci:06320203611-06140671615,omid:br/06320203611,omid:br/06140671615
oci:06330212503-0660351398,omid:br/06330212503,omid:br/0660351398
oci:06320203607-06302502483,omid:br/06320203607,omid:br/06302502483
oci:06320203607-061102885858,omid:br/06320203607,omid:br/061102885858
oci:06320203286-06202992741,omid:br/06320203286,omid:br/06202992741
oci:06320203286-06190516909,omid:br/06320203286,omid:br/06190516909
oci:06320203885-06130344497,omid:br/06320203885,omid:br/06130344497
oci:06320203885-0630682402,omid:br/06320203885,omid:br/0630682402
oci:06320203885-06130344454,omid:br/06320203885,omid:br/06130344454
oci:06320203885-0630682274,omid:br/06320203885,omid:br/0630682274
oci:06320203885-06501150465,omid:br/06320203885,omid:br/06501150465
oci:06320203885-06501176134,omid:br/06320203885,omid:br/06501176134
oci:06320203885-06140390008,omid:br/06320203885,omid:br/06140390008
oci:06320203885-06150391659,omid:br/06320203885,omid:br/06150391659
oci:06320203885-06502501414,omid:br/06320203885,omid:br/06502501414
oci:06320203885-06150391650,omid:br/06320203885,omid:br/06150391650
oci:06320203885-06202502449,omid:br/06320203885,omid:br/06202502449
oci:06320203885-06140389961,omid:br/06320203885,omid:br/06140389961
oci:06320203354-06302502932,omid:br/06320203354,omid:br/06302502932
oci:06320203943-06602505309,omid:br/06320203943,omid:br/06602505309
oci:06320203943-061701006426,omid:br/06320203943,omid:br/061701006426
oci:06320203943-061602135286,omid:br/06320203943,omid:br/061602135286
oci:06320203943-06902147611,omid:br/06320203943,omid:br/06902147611
oci:06320203943-061102133746,omid:br/06320203943,omid:br/061102133746
oci:06320203900-061702129514,omid:br/06320203900,omid:br/061702129514
oci:06320203900-062302121087,omid:br/06320203900,omid:br/062302121087
oci:06330212541-0680363495,omid:br/06330212541,omid:br/0680363495
oci:06320203906-06702485691,omid:br/06320203906,omid:br/06702485691
oci:06320203906-06170349999,omid:br/06320203906,omid:br/06170349999
oci:06320203906-06170349702,omid:br/06320203906,omid:br/06170349702
oci:06320203906-061903508965,omid:br/06320203906,omid:br/061903508965
oci:06320203324-06901070743,omid:br/06320203324,omid:br/06901070743
oci:06330212530-06150347772,omid:br/06330212530,omid:br/06150347772
oci:06320203633-061702129591,omid:br/06320203633,omid:br/061702129591
oci:06320203633-0690364893,omid:br/06320203633,omid:br/0690364893
oci:06320203632-06603456066,omid:br/06320203632,omid:br/06603456066
oci:06320203567-06901984135,omid:br/06320203567,omid:br/06901984135
oci:06320203567-06602505417,omid:br/06320203567,omid:br/06602505417
oci:06320203654-061402103674,omid:br/06320203654,omid:br/061402103674
oci:06330212573-061403981331,omid:br/06330212573,omid:br/061403981331
oci:06330212573-061403981351,omid:br/06330212573,omid:br/061403981351
oci:06320203615-06801165728,omid:br/06320203615,omid:br/06801165728
oci:06320203322-061202118055,omid:br/06320203322,omid:br/061202118055
oci:06320203322-06602504851,omid:br/06320203322,omid:br/06602504851
oci:06330212192-06502507754,omid:br/06330212192,omid:br/06502507754
oci:06330212521-06104302796,omid:br/06330212521,omid:br/06104302796
oci:06330212214-06702603768,omid:br/06330212214,omid:br/06702603768
oci:06320203314-061601876265,omid:br/06320203314,omid:br/061601876265
oci:06320203314-0670879793,omid:br/06320203314,omid:br/0670879793
oci:06320203314-062602068124,omid:br/06320203314,omid:br/062602068124
oci:06320203314-06602504851,omid:br/06320203314,omid:br/06602504851
oci:06320203314-0650888198,omid:br/06320203314,omid:br/0650888198
oci:06320203314-061802737153,omid:br/06320203314,omid:br/061802737153
oci:06320203314-06110804768,omid:br/06320203314,omid:br/06110804768
oci:06330212232-0680682746,omid:br/06330212232,omid:br/0680682746
oci:06330212285-0680682746,omid:br/06330212285,omid:br/0680682746
oci:06330212285-061102133000,omid:br/06330212285,omid:br/061102133000
oci:06320203332-062502116312,omid:br/06320203332,omid:br/062502116312
oci:06320203332-06602626596,omid:br/06320203332,omid:br/06602626596
oci:06320203332-061202118055,omid:br/06320203332,omid:br/061202118055
oci:06320203332-061502128855,omid:br/06320203332,omid:br/061502128855
oci:06330212210-061501445923,omid:br/06330212210,omid:br/061501445923
oci:06330212210-06803517004,omid:br/06330212210,omid:br/06803517004
oci:06330212210-062401496568,omid:br/06330212210,omid:br/062401496568
oci:06330212210-062102686711,omid:br/06330212210,omid:br/062102686711
oci:06330212527-06140974145,omid:br/06330212527,omid:br/06140974145
oci:06330212527-06902146104,omid:br/06330212527,omid:br/06902146104
oci:06330212527-061102133743,omid:br/06330212527,omid:br/061102133743
oci:06320203585-062301866107,omid:br/06320203585,omid:br/062301866107
oci:06320203585-06602504920,omid:br/06320203585,omid:br/06602504920
oci:06320203585-061502128834,omid:br/06320203585,omid:br/061502128834
oci:06320203585-06702486028,omid:br/06320203585,omid:br/06702486028
oci:06320203585-061701873660,omid:br/06320203585,omid:br/061701873660
oci:06320203585-06602504649,omid:br/06320203585,omid:br/06602504649
oci:06320203375-061901138420,omid:br/06320203375,omid:br/061901138420
oci:06330212195-061802119663,omid:br/06330212195,omid:br/061802119663
oci:06330212195-061402103674,omid:br/06330212195,omid:br/061402103674
oci:06330212588-065101322,omid:br/06330212588,omid:br/065101322
oci:06330212152-061603509640,omid:br/06330212152,omid:br/061603509640
oci:06330212152-061802119663,omid:br/06330212152,omid:br/061802119663
oci:06330212107-061501674693,omid:br/06330212107,omid:br/061501674693
oci:06330212107-061301668942,omid:br/06330212107,omid:br/061301668942
oci:06330212107-061101680111,omid:br/06330212107,omid:br/061101680111
oci:06330212107-061601680189,omid:br/06330212107,omid:br/061601680189
oci:06330212107-06804121084,omid:br/06330212107,omid:br/06804121084
oci:06330212107-06170803333,omid:br/06330212107,omid:br/06170803333
oci:06320203287-06301043346,omid:br/06320203287,omid:br/06301043346
oci:06320203655-061702129929,omid:br/06320203655,omid:br/061702129929
oci:06320203655-06702486374,omid:br/06320203655,omid:br/06702486374
oci:06330212189-061601680290,omid:br/06330212189,omid:br/061601680290
oci:06330212189-0630824191,omid:br/06330212189,omid:br/0630824191
oci:06320203652-061202119130,omid:br/06320203652,omid:br/061202119130
oci:06320203652-06150347954,omid:br/06320203652,omid:br/06150347954
oci:06320203652-0650484039,omid:br/06320203652,omid:br/0650484039
oci:06320203652-0660680556,omid:br/06320203652,omid:br/0660680556
oci:06330212242-0690493697,omid:br/06330212242,omid:br/0690493697
oci:06330212126-064701793,omid:br/06330212126,omid:br/064701793
oci:06330212126-06260372387,omid:br/06330212126,omid:br/06260372387
oci:06330212126-061801670735,omid:br/06330212126,omid:br/061801670735
oci:06330212126-061401656777,omid:br/06330212126,omid:br/061401656777
oci:06330212126-061201667894,omid:br/06330212126,omid:br/061201667894
oci:06330212126-06180263936,omid:br/06330212126,omid:br/06180263936
oci:06330212126-06150958378,omid:br/06330212126,omid:br/06150958378
oci:06330212126-06302501638,omid:br/06330212126,omid:br/06302501638
oci:06330212548-06504145357,omid:br/06330212548,omid:br/06504145357
oci:06330212548-061502128801,omid:br/06330212548,omid:br/061502128801
oci:06330212548-06260879582,omid:br/06330212548,omid:br/06260879582
oci:06330212548-061302122665,omid:br/06330212548,omid:br/061302122665
oci:0604181359-06903679722,omid:br/0604181359,omid:br/06903679722
oci:06330212589-064201735,omid:br/06330212589,omid:br/064201735
oci:06330212589-0620486673,omid:br/06330212589,omid:br/0620486673
oci:06330212589-061602135647,omid:br/06330212589,omid:br/061602135647
oci:06330212589-062102115367,omid:br/06330212589,omid:br/062102115367
oci:06330212589-061802119944,omid:br/06330212589,omid:br/061802119944
oci:06320203634-06504145357,omid:br/06320203634,omid:br/06504145357
oci:06320203634-061302122256,omid:br/06320203634,omid:br/061302122256
oci:06320203589-06902146046,omid:br/06320203589,omid:br/06902146046
oci:06320203589-061102133652,omid:br/06320203589,omid:br/061102133652
oci:06320203589-061202119040,omid:br/06320203589,omid:br/061202119040
oci:06330212250-06104302796,omid:br/06330212250,omid:br/06104302796
oci:06330212250-06202503465,omid:br/06330212250,omid:br/06202503465
oci:06330212250-06180837342,omid:br/06330212250,omid:br/06180837342
oci:06330212250-061802120035,omid:br/06330212250,omid:br/061802120035
oci:06330212250-06140260462,omid:br/06330212250,omid:br/06140260462
oci:06330212117-06260372387,omid:br/06330212117,omid:br/06260372387
oci:06330212117-0640360886,omid:br/06330212117,omid:br/0640360886
oci:06330212117-062502116770,omid:br/06330212117,omid:br/062502116770
oci:06330212117-061101680187,omid:br/06330212117,omid:br/061101680187
oci:06330212117-0660351358,omid:br/06330212117,omid:br/0660351358
oci:06330212117-06210347644,omid:br/06330212117,omid:br/06210347644
oci:06330212117-061703724484,omid:br/06330212117,omid:br/061703724484
oci:06330212117-06902146363,omid:br/06330212117,omid:br/06902146363
oci:06330212117-061801670735,omid:br/06330212117,omid:br/061801670735
oci:06330212117-061401656777,omid:br/06330212117,omid:br/061401656777
oci:0604181371-06140792812,omid:br/0604181371,omid:br/06140792812
oci:0604181371-061501673990,omid:br/0604181371,omid:br/061501673990
oci:0604181371-061301668556,omid:br/0604181371,omid:br/061301668556
oci:0604181371-062303879936,omid:br/0604181371,omid:br/062303879936
oci:0604181371-061901581689,omid:br/0604181371,omid:br/061901581689
oci:0604181371-06201584965,omid:br/0604181371,omid:br/06201584965
oci:0604181371-061103512087,omid:br/0604181371,omid:br/061103512087
oci:06330212196-061401656748,omid:br/06330212196,omid:br/061401656748
oci:06330212196-061401656747,omid:br/06330212196,omid:br/061401656747
oci:06330212196-06402513038,omid:br/06330212196,omid:br/06402513038
oci:0604181326-062102115593,omid:br/0604181326,omid:br/062102115593
oci:0604181326-0630247243,omid:br/0604181326,omid:br/0630247243
oci:06330212235-061603509640,omid:br/06330212235,omid:br/061603509640
oci:06330212235-06240341365,omid:br/06330212235,omid:br/06240341365
oci:06330212235-0640355103,omid:br/06330212235,omid:br/0640355103
oci:06330212235-06240641863,omid:br/06330212235,omid:br/06240641863
oci:06330212235-061202118780,omid:br/06330212235,omid:br/061202118780
oci:06330212187-061102133156,omid:br/06330212187,omid:br/061102133156
oci:06330212187-06602505380,omid:br/06330212187,omid:br/06602505380
oci:06320203582-061301669079,omid:br/06320203582,omid:br/061301669079
oci:06320203582-061501674004,omid:br/06320203582,omid:br/061501674004
oci:06320203582-061301669013,omid:br/06320203582,omid:br/061301669013
oci:06330212517-064601943,omid:br/06330212517,omid:br/064601943
oci:06330212517-06902145676,omid:br/06330212517,omid:br/06902145676
oci:06330212517-064802140,omid:br/06330212517,omid:br/064802140
oci:06330212517-06180350078,omid:br/06330212517,omid:br/06180350078
oci:06330212517-061802119947,omid:br/06330212517,omid:br/061802119947
oci:06330212517-06902146638,omid:br/06330212517,omid:br/06902146638
oci:06330212517-06102519320,omid:br/06330212517,omid:br/06102519320
oci:06320203653-061301668942,omid:br/06320203653,omid:br/061301668942
oci:06320203653-06502508546,omid:br/06320203653,omid:br/06502508546
oci:06320203653-06102519357,omid:br/06320203653,omid:br/06102519357
oci:06320203653-06230269598,omid:br/06320203653,omid:br/06230269598
oci:06320203653-061301669033,omid:br/06320203653,omid:br/061301669033
oci:06320203572-06160437900,omid:br/06320203572,omid:br/06160437900
oci:06320203572-061301668942,omid:br/06320203572,omid:br/061301668942
oci:06320203572-06260183023,omid:br/06320203572,omid:br/06260183023
oci:06320203572-0690373605,omid:br/06320203572,omid:br/0690373605
oci:06320203572-0630262625,omid:br/06320203572,omid:br/0630262625
oci:06330212228-061202118780,omid:br/06330212228,omid:br/061202118780
oci:06330212534-06110815234,omid:br/06330212534,omid:br/06110815234
oci:06330212120-06250259729,omid:br/06330212120,omid:br/06250259729
oci:06330212267-06150347772,omid:br/06330212267,omid:br/06150347772
oci:06330212267-06120981122,omid:br/06330212267,omid:br/06120981122
oci:06330212190-06502507729,omid:br/06330212190,omid:br/06502507729
oci:06330212190-06302501756,omid:br/06330212190,omid:br/06302501756
oci:06330212190-06402513393,omid:br/06330212190,omid:br/06402513393
oci:0604181325-061502128834,omid:br/0604181325,omid:br/061502128834
oci:0604181325-061102133637,omid:br/0604181325,omid:br/061102133637
oci:0604181325-06602504649,omid:br/0604181325,omid:br/06602504649
oci:0604181325-06130645508,omid:br/0604181325,omid:br/06130645508
oci:0604181325-062102060049,omid:br/0604181325,omid:br/062102060049
oci:06330212536-061202119130,omid:br/06330212536,omid:br/061202119130
oci:06330212536-06150347954,omid:br/06330212536,omid:br/06150347954
oci:06330212581-06101576841,omid:br/06330212581,omid:br/06101576841
oci:06330212581-06602504688,omid:br/06330212581,omid:br/06602504688
oci:0604181362-061501674864,omid:br/0604181362,omid:br/061501674864
oci:0604181362-061301668739,omid:br/0604181362,omid:br/061301668739
oci:0604181362-06170956265,omid:br/0604181362,omid:br/06170956265
oci:0604181362-06180353747,omid:br/0604181362,omid:br/06180353747
oci:0604181362-061101680147,omid:br/0604181362,omid:br/061101680147
oci:0604181362-06130645350,omid:br/0604181362,omid:br/06130645350
oci:0604181362-06140792719,omid:br/0604181362,omid:br/06140792719
oci:06320203605-061301669009,omid:br/06320203605,omid:br/061301669009
oci:06320203605-06180353747,omid:br/06320203605,omid:br/06180353747
oci:06320203605-061301668739,omid:br/06320203605,omid:br/061301668739
oci:06320203605-06170803547,omid:br/06320203605,omid:br/06170803547
oci:06320203605-061401657335,omid:br/06320203605,omid:br/061401657335
oci:06320203605-061601876894,omid:br/06320203605,omid:br/061601876894
oci:06320203605-061801670508,omid:br/06320203605,omid:br/061801670508
oci:06330212583-06503465976,omid:br/06330212583,omid:br/06503465976
oci:06330212583-06503465975,omid:br/06330212583,omid:br/06503465975
oci:06330212583-061703046430,omid:br/06330212583,omid:br/061703046430
oci:06330212583-06603456066,omid:br/06330212583,omid:br/06603456066
oci:06330212583-061702129519,omid:br/06330212583,omid:br/061702129519
oci:06320203640-061802119651,omid:br/06320203640,omid:br/061802119651
oci:06320203640-061702129801,omid:br/06320203640,omid:br/061702129801
oci:06320203640-061701491822,omid:br/06320203640,omid:br/061701491822
oci:06320203640-061601496077,omid:br/06320203640,omid:br/061601496077
oci:06330125120-06803447756,omid:br/06330125120,omid:br/06803447756
oci:06330125120-06503465821,omid:br/06330125120,omid:br/06503465821
oci:06330125120-06703438048,omid:br/06330125120,omid:br/06703438048
oci:06330125120-06503465595,omid:br/06330125120,omid:br/06503465595
oci:06330125120-06503465949,omid:br/06330125120,omid:br/06503465949
oci:06330125120-06803447836,omid:br/06330125120,omid:br/06803447836
oci:06330125120-06802502186,omid:br/06330125120,omid:br/06802502186
oci:06330125120-06503465835,omid:br/06330125120,omid:br/06503465835
oci:06330212130-0640848560,omid:br/06330212130,omid:br/0640848560
oci:06330212130-061103079372,omid:br/06330212130,omid:br/061103079372
oci:06330212130-061502129539,omid:br/06330212130,omid:br/061502129539
oci:06330212130-062301087768,omid:br/06330212130,omid:br/062301087768
oci:06330212130-062201086979,omid:br/06330212130,omid:br/062201086979
oci:06330212130-061701314804,omid:br/06330212130,omid:br/061701314804
oci:06330212099-06603456016,omid:br/06330212099,omid:br/06603456016
oci:06330212141-061603509640,omid:br/06330212141,omid:br/061603509640
oci:06330212141-06240341365,omid:br/06330212141,omid:br/06240341365
oci:06330212141-0640355103,omid:br/06330212141,omid:br/0640355103
oci:06330212141-06240641863,omid:br/06330212141,omid:br/06240641863
oci:06330212141-0670676051,omid:br/06330212141,omid:br/0670676051
oci:06330212141-062302018239,omid:br/06330212141,omid:br/062302018239
oci:06330212141-062601441580,omid:br/06330212141,omid:br/062601441580
oci:06330212124-0631028613,omid:br/06330212124,omid:br/0631028613
oci:06330212124-061202118694,omid:br/06330212124,omid:br/061202118694
oci:06330212124-062301086848,omid:br/06330212124,omid:br/062301086848
oci:06330212124-061701315035,omid:br/06330212124,omid:br/061701315035
oci:06330212124-062301086875,omid:br/06330212124,omid:br/062301086875
oci:06330212168-06160844810,omid:br/06330212168,omid:br/06160844810
oci:06330212168-0670144154,omid:br/06330212168,omid:br/0670144154
oci:06330212154-06140671325,omid:br/06330212154,omid:br/06140671325
oci:06330212154-06170667426,omid:br/06330212154,omid:br/06170667426
oci:06330212121-06110370638,omid:br/06330212121,omid:br/06110370638
oci:06330212296-062602148400,omid:br/06330212296,omid:br/062602148400
oci:06330212296-062097173,omid:br/06330212296,omid:br/062097173
oci:06330212128-062402116262,omid:br/06330212128,omid:br/062402116262
oci:06330212160-061702129444,omid:br/06330212160,omid:br/061702129444
oci:06330212266-0670357326,omid:br/06330212266,omid:br/0670357326
oci:06330212266-06250483568,omid:br/06330212266,omid:br/06250483568
oci:06330212273-06140792719,omid:br/06330212273,omid:br/06140792719
oci:06330212273-06150958496,omid:br/06330212273,omid:br/06150958496
oci:06330212279-06140792719,omid:br/06330212279,omid:br/06140792719
oci:06320203621-06501774760,omid:br/06320203621,omid:br/06501774760
oci:0604181320-061403019340,omid:br/0604181320,omid:br/061403019340
oci:0604181320-06140164106,omid:br/0604181320,omid:br/06140164106
oci:0604181320-06803448074,omid:br/0604181320,omid:br/06803448074
oci:0604181320-061202117727,omid:br/0604181320,omid:br/061202117727
oci:0604181320-061502128842,omid:br/0604181320,omid:br/061502128842
oci:0604181320-06903060526,omid:br/0604181320,omid:br/06903060526
oci:0604181320-06140163605,omid:br/0604181320,omid:br/06140163605
oci:0604181320-061301211440,omid:br/0604181320,omid:br/061301211440
oci:0604181300-06802502805,omid:br/0604181300,omid:br/06802502805
oci:0604181300-062502014902,omid:br/0604181300,omid:br/062502014902
oci:0604181330-06170165653,omid:br/0604181330,omid:br/06170165653
oci:0604181330-06160168768,omid:br/0604181330,omid:br/06160168768
oci:0604181330-06150165755,omid:br/0604181330,omid:br/06150165755
oci:0604181330-062603519881,omid:br/0604181330,omid:br/062603519881
oci:0604181322-061801127643,omid:br/0604181322,omid:br/061801127643
oci:0604181322-06502507729,omid:br/0604181322,omid:br/06502507729
oci:0604181322-06402513393,omid:br/0604181322,omid:br/06402513393
oci:0604181322-0604831888,omid:br/0604181322,omid:br/0604831888
oci:0604181322-061102104221,omid:br/0604181322,omid:br/061102104221
oci:06330212112-06160530523,omid:br/06330212112,omid:br/06160530523
oci:0604181305-06504145357,omid:br/0604181305,omid:br/06504145357
oci:0604181305-061702129929,omid:br/0604181305,omid:br/061702129929
oci:0604181305-06702486374,omid:br/0604181305,omid:br/06702486374
oci:0604181305-061202118895,omid:br/0604181305,omid:br/061202118895
oci:0604181305-061502128801,omid:br/0604181305,omid:br/061502128801
oci:06330212184-0620892790,omid:br/06330212184,omid:br/0620892790
oci:06330212184-06602504962,omid:br/06330212184,omid:br/06602504962
oci:06330212184-06502507513,omid:br/06330212184,omid:br/06502507513
oci:06330212567-06402514188,omid:br/06330212567,omid:br/06402514188
oci:06330212567-062102116092,omid:br/06330212567,omid:br/062102116092
oci:06330212137-06302501310,omid:br/06330212137,omid:br/06302501310
oci:06330212137-06302503012,omid:br/06330212137,omid:br/06302503012
oci:06330212137-0650827449,omid:br/06330212137,omid:br/0650827449
oci:06330212137-061301862018,omid:br/06330212137,omid:br/061301862018
oci:06330212596-06502507729,omid:br/06330212596,omid:br/06502507729
oci:0604181372-064404854,omid:br/0604181372,omid:br/064404854
oci:06330212127-061101578431,omid:br/06330212127,omid:br/061101578431
oci:06330212540-061202117855,omid:br/06330212540,omid:br/061202117855
oci:06330212504-06230174605,omid:br/06330212504,omid:br/06230174605
oci:06330212109-06180263936,omid:br/06330212109,omid:br/06180263936
oci:06330212109-061201667894,omid:br/06330212109,omid:br/061201667894
oci:06330212109-06202501978,omid:br/06330212109,omid:br/06202501978
oci:06330212109-06130645508,omid:br/06330212109,omid:br/06130645508
oci:06330212109-06604142915,omid:br/06330212109,omid:br/06604142915
oci:0604181328-06602504851,omid:br/0604181328,omid:br/06602504851
oci:0604181328-061502882943,omid:br/0604181328,omid:br/061502882943
oci:0604181311-065302432,omid:br/0604181311,omid:br/065302432
oci:0604181311-06170166116,omid:br/0604181311,omid:br/06170166116
oci:0604181311-06130165981,omid:br/0604181311,omid:br/06130165981
oci:0604181311-0620165875,omid:br/0604181311,omid:br/0620165875
oci:0604181311-06160168703,omid:br/0604181311,omid:br/06160168703
oci:0604181311-065101221,omid:br/0604181311,omid:br/065101221
oci:06330212115-061902120868,omid:br/06330212115,omid:br/061902120868
oci:06330212179-06904080351,omid:br/06330212179,omid:br/06904080351
oci:06330212179-06240167319,omid:br/06330212179,omid:br/06240167319
oci:06330212523-06701692155,omid:br/06330212523,omid:br/06701692155
oci:0604181291-061202118383,omid:br/0604181291,omid:br/061202118383
oci:06330212571-061102133124,omid:br/06330212571,omid:br/061102133124
oci:06330212100-061502128834,omid:br/06330212100,omid:br/061502128834
oci:06330212100-06130523501,omid:br/06330212100,omid:br/06130523501
oci:06330212578-061102133164,omid:br/06330212578,omid:br/061102133164
oci:06320203293-062401262106,omid:br/06320203293,omid:br/062401262106
oci:06320203293-06902147401,omid:br/06320203293,omid:br/06902147401
oci:06320203293-061501524570,omid:br/06320203293,omid:br/061501524570
oci:06320203293-06130645703,omid:br/06320203293,omid:br/06130645703
oci:06320203293-061102133216,omid:br/06320203293,omid:br/061102133216
oci:06320203361-062602148756,omid:br/06320203361,omid:br/062602148756
oci:06320203361-061602137053,omid:br/06320203361,omid:br/061602137053
oci:06320203361-061102134221,omid:br/06320203361,omid:br/061102134221
oci:06320203361-06104302796,omid:br/06320203361,omid:br/06104302796
oci:06330212509-0620821633,omid:br/06330212509,omid:br/0620821633
oci:0604181343-061202118455,omid:br/0604181343,omid:br/061202118455
oci:0604181329-06150165832,omid:br/0604181329,omid:br/06150165832
oci:0604181329-061903880555,omid:br/0604181329,omid:br/061903880555
oci:06330212549-061702129591,omid:br/06330212549,omid:br/061702129591
oci:06330212528-06702486374,omid:br/06330212528,omid:br/06702486374
oci:06330212528-06902146046,omid:br/06330212528,omid:br/06902146046
oci:06330212528-062401568962,omid:br/06330212528,omid:br/062401568962
oci:06330212558-06140792350,omid:br/06330212558,omid:br/06140792350
oci:06330212558-061102133671,omid:br/06330212558,omid:br/061102133671
oci:06330212557-06110363160,omid:br/06330212557,omid:br/06110363160
oci:06330212557-06120344800,omid:br/06330212557,omid:br/06120344800
oci:06330212557-06504145357,omid:br/06330212557,omid:br/06504145357
oci:06330212551-06120351629,omid:br/06330212551,omid:br/06120351629
oci:06330212582-06240259313,omid:br/06330212582,omid:br/06240259313
oci:06330212592-061202117872,omid:br/06330212592,omid:br/061202117872
oci:06330212592-061802119651,omid:br/06330212592,omid:br/061802119651
oci:06330212592-061702129801,omid:br/06330212592,omid:br/061702129801
oci:06330212592-062203857645,omid:br/06330212592,omid:br/062203857645
oci:06330212592-06120808111,omid:br/06330212592,omid:br/06120808111
oci:06320203485-064501318,omid:br/06320203485,omid:br/064501318
oci:06320203485-061902238983,omid:br/06320203485,omid:br/061902238983
oci:06320203485-06201357595,omid:br/06320203485,omid:br/06201357595
oci:06320203485-062202227643,omid:br/06320203485,omid:br/062202227643
oci:06320203491-062301087514,omid:br/06320203491,omid:br/062301087514
oci:06320203491-0610170359,omid:br/06320203491,omid:br/0610170359
oci:06320203491-06160168604,omid:br/06320203491,omid:br/06160168604
oci:06320203491-06260277985,omid:br/06320203491,omid:br/06260277985
oci:06320203494-061702128428,omid:br/06320203494,omid:br/061702128428
oci:06320203494-061502128604,omid:br/06320203494,omid:br/061502128604
oci:06320203494-06202502515,omid:br/06320203494,omid:br/06202502515
oci:06320203494-061302122358,omid:br/06320203494,omid:br/061302122358
oci:06320203531-06104616181,omid:br/06320203531,omid:br/06104616181
oci:06320203514-061203718419,omid:br/06320203514,omid:br/061203718419
oci:06320203524-062201086963,omid:br/06320203524,omid:br/062201086963
oci:06704841224-061502128801,omid:br/06704841224,omid:br/061502128801
oci:06704841224-061401851052,omid:br/06704841224,omid:br/061401851052
oci:06320203535-065102820,omid:br/06320203535,omid:br/065102820
oci:06320203556-06803447833,omid:br/06320203556,omid:br/06803447833
oci:06320203556-0604242431,omid:br/06320203556,omid:br/0604242431
oci:06320203556-06703437697,omid:br/06320203556,omid:br/06703437697
oci:06320203549-062301087205,omid:br/06320203549,omid:br/062301087205
oci:06320203549-0610170356,omid:br/06320203549,omid:br/0610170356
oci:06320203549-061302122361,omid:br/06320203549,omid:br/061302122361
oci:06320203505-06601410942,omid:br/06320203505,omid:br/06601410942
oci:06320203505-061802119388,omid:br/06320203505,omid:br/061802119388
oci:06320203505-062602148474,omid:br/06320203505,omid:br/062602148474
oci:06320203505-062102115461,omid:br/06320203505,omid:br/062102115461
oci:06320203505-06702485722,omid:br/06320203505,omid:br/06702485722
oci:06320203505-06260879630,omid:br/06320203505,omid:br/06260879630
oci:06320203505-062502228532,omid:br/06320203505,omid:br/062502228532
oci:06320203523-061803589740,omid:br/06320203523,omid:br/061803589740
oci:06320203479-06340222932,omid:br/06320203479,omid:br/06340222932
oci:06320203479-06380217738,omid:br/06320203479,omid:br/06380217738
oci:06320203528-06301510093,omid:br/06320203528,omid:br/06301510093
oci:06320203528-06401517513,omid:br/06320203528,omid:br/06401517513
oci:06320203486-061702129929,omid:br/06320203486,omid:br/061702129929
oci:06320203486-06702486374,omid:br/06320203486,omid:br/06702486374
oci:06320203501-06701692048,omid:br/06320203501,omid:br/06701692048
oci:06320203501-06350223131,omid:br/06320203501,omid:br/06350223131
oci:06320203521-061302122306,omid:br/06320203521,omid:br/061302122306
oci:06320203521-06370303189,omid:br/06320203521,omid:br/06370303189
