id,citing,cited
oci:06340279500-061302121011,omid:br/06340279500,omid:br/061302121011
oci:06340279500-061602135976,omid:br/06340279500,omid:br/061602135976
oci:06340279500-062201857263,omid:br/06340279500,omid:br/062201857263
oci:06340279500-062904849,omid:br/06340279500,omid:br/062904849
oci:06340279500-06130811765,omid:br/06340279500,omid:br/06130811765
oci:0604006474-06504496655,omid:br/0604006474,omid:br/06504496655
oci:0604006474-06370277711,omid:br/0604006474,omid:br/06370277711
oci:0604006474-06504555888,omid:br/0604006474,omid:br/06504555888
oci:0604006474-06360267574,omid:br/0604006474,omid:br/06360267574
oci:0604006474-062604129929,omid:br/0604006474,omid:br/062604129929
oci:0604006474-062404117151,omid:br/0604006474,omid:br/062404117151
oci:06390282792-0690364634,omid:br/06390282792,omid:br/0690364634
oci:06390282792-06803447452,omid:br/06390282792,omid:br/06803447452
oci:06390282792-06240835589,omid:br/06390282792,omid:br/06240835589
oci:06390282792-06404572515,omid:br/06390282792,omid:br/06404572515
oci:06330278064-061301573479,omid:br/06330278064,omid:br/061301573479
oci:06330278064-06304551860,omid:br/06330278064,omid:br/06304551860
oci:06330278064-06230180127,omid:br/06330278064,omid:br/06230180127
oci:06330278064-06703900306,omid:br/06330278064,omid:br/06703900306
oci:06330278064-06804561840,omid:br/06330278064,omid:br/06804561840
oci:06330278064-06704535348,omid:br/06330278064,omid:br/06704535348
oci:06330278064-06304533101,omid:br/06330278064,omid:br/06304533101
oci:06330278064-06701021494,omid:br/06330278064,omid:br/06701021494
oci:06330278064-06240936987,omid:br/06330278064,omid:br/06240936987
oci:06360267164-06240964423,omid:br/06360267164,omid:br/06240964423
oci:06360267164-061403998831,omid:br/06360267164,omid:br/061403998831
oci:0604643359-061201240800,omid:br/0604643359,omid:br/061201240800
oci:0604643359-06301214270,omid:br/0604643359,omid:br/06301214270
oci:061303990717-061401232683,omid:br/061303990717,omid:br/061401232683
oci:061303990717-06210878601,omid:br/061303990717,omid:br/06210878601
oci:061303990717-06601156959,omid:br/061303990717,omid:br/06601156959
oci:061303990717-062601166517,omid:br/061303990717,omid:br/062601166517
oci:061303990717-062501138617,omid:br/061303990717,omid:br/062501138617
oci:061303990717-06104197317,omid:br/061303990717,omid:br/06104197317
oci:061303990717-06240865576,omid:br/061303990717,omid:br/06240865576
oci:061303990717-062501138567,omid:br/061303990717,omid:br/062501138567
oci:061303990717-0634027465,omid:br/061303990717,omid:br/0634027465
oci:061303990717-0604006383,omid:br/061303990717,omid:br/0604006383
oci:06320264862-0690999206,omid:br/06320264862,omid:br/0690999206
oci:06320264862-06230977422,omid:br/06320264862,omid:br/06230977422
oci:06320264862-06240965002,omid:br/06320264862,omid:br/06240965002
oci:06320264862-06201156569,omid:br/06320264862,omid:br/06201156569
oci:06320264862-06110869312,omid:br/06320264862,omid:br/06110869312
oci:06320264862-06240865691,omid:br/06320264862,omid:br/06240865691
oci:06320264862-06201156807,omid:br/06320264862,omid:br/06201156807
oci:06320264862-0604006387,omid:br/06320264862,omid:br/0604006387
oci:0604187619-06301153138,omid:br/0604187619,omid:br/06301153138
oci:0604187619-06501163618,omid:br/0604187619,omid:br/06501163618
oci:0604187619-06301152810,omid:br/0604187619,omid:br/06301152810
oci:06604539794-06120924642,omid:br/06604539794,omid:br/06120924642
oci:06604539794-062401124555,omid:br/06604539794,omid:br/062401124555
oci:06604539794-06250319810,omid:br/06604539794,omid:br/06250319810
oci:06604539794-061201864372,omid:br/06604539794,omid:br/061201864372
oci:06604539794-0628012767,omid:br/06604539794,omid:br/0628012767
oci:06604539794-061203712507,omid:br/06604539794,omid:br/061203712507
oci:06604539794-062402690567,omid:br/06604539794,omid:br/062402690567
oci:06604539794-061903508569,omid:br/06604539794,omid:br/061903508569
oci:06604539794-06703133467,omid:br/06604539794,omid:br/06703133467
oci:06604539794-061803755090,omid:br/06604539794,omid:br/061803755090
oci:06604539794-0630916538,omid:br/06604539794,omid:br/0630916538
oci:06604539794-06501722712,omid:br/06604539794,omid:br/06501722712
oci:06604539794-06240172920,omid:br/06604539794,omid:br/06240172920
oci:062304108254-06130668557,omid:br/062304108254,omid:br/06130668557
oci:062304108254-061403701671,omid:br/062304108254,omid:br/061403701671
oci:062304108254-061403701672,omid:br/062304108254,omid:br/061403701672
oci:062304108254-06220482118,omid:br/062304108254,omid:br/06220482118
oci:062304108254-061403701922,omid:br/062304108254,omid:br/061403701922
oci:062304108254-061503536811,omid:br/062304108254,omid:br/061503536811
oci:062304108254-06903516651,omid:br/062304108254,omid:br/06903516651
oci:062304108254-061403484637,omid:br/062304108254,omid:br/061403484637
oci:0604618291-06501163568,omid:br/0604618291,omid:br/06501163568
oci:0604618291-06601157534,omid:br/0604618291,omid:br/06601157534
oci:0604618291-062601166597,omid:br/0604618291,omid:br/062601166597
oci:0604618291-06501105356,omid:br/0604618291,omid:br/06501105356
oci:0604618291-062201787509,omid:br/0604618291,omid:br/062201787509
oci:0604618291-06101166007,omid:br/0604618291,omid:br/06101166007
oci:0604618291-06101005302,omid:br/0604618291,omid:br/06101005302
oci:0604618291-06101005239,omid:br/0604618291,omid:br/06101005239
oci:0604618291-066088917,omid:br/0604618291,omid:br/066088917
oci:06340279858-061401185242,omid:br/06340279858,omid:br/061401185242
oci:06340279858-061401136907,omid:br/06340279858,omid:br/061401136907
oci:06340279858-06170890034,omid:br/06340279858,omid:br/06170890034
oci:06340279858-06802505232,omid:br/06340279858,omid:br/06802505232
oci:06340279858-06601032357,omid:br/06340279858,omid:br/06601032357
oci:06340279858-06180879825,omid:br/06340279858,omid:br/06180879825
oci:06340279858-06601032376,omid:br/06340279858,omid:br/06601032376
oci:06510285579-06401034398,omid:br/06510285579,omid:br/06401034398
oci:06510285579-061801153213,omid:br/06510285579,omid:br/061801153213
oci:061404006374-06230977066,omid:br/061404006374,omid:br/06230977066
oci:061404006374-061601019412,omid:br/061404006374,omid:br/061601019412
oci:061404006374-06201509696,omid:br/061404006374,omid:br/06201509696
oci:061404006374-06220983921,omid:br/061404006374,omid:br/06220983921
oci:06360267020-0690881473,omid:br/06360267020,omid:br/0690881473
oci:06360267020-06401161514,omid:br/06360267020,omid:br/06401161514
oci:06360267020-062301145145,omid:br/06360267020,omid:br/062301145145
oci:06360267020-06201156889,omid:br/06360267020,omid:br/06201156889
oci:06360267020-061303478453,omid:br/06360267020,omid:br/061303478453
oci:06360267020-06604539714,omid:br/06360267020,omid:br/06604539714
oci:06360267020-06390281529,omid:br/06360267020,omid:br/06390281529
oci:0604019556-06104570691,omid:br/0604019556,omid:br/06104570691
oci:06430272070-062102228564,omid:br/06430272070,omid:br/062102228564
oci:06430272070-06250811453,omid:br/06430272070,omid:br/06250811453
oci:06430272070-06201156344,omid:br/06430272070,omid:br/06201156344
oci:06430272070-062602901803,omid:br/06430272070,omid:br/062602901803
oci:06430272070-062602901798,omid:br/06430272070,omid:br/062602901798
oci:06430272070-061704015329,omid:br/06430272070,omid:br/061704015329
oci:061303990801-06170448333,omid:br/061303990801,omid:br/06170448333
oci:061303990801-0680718244,omid:br/061303990801,omid:br/0680718244
oci:061303990801-06201156344,omid:br/061303990801,omid:br/06201156344
oci:061303990801-062302417573,omid:br/061303990801,omid:br/062302417573
oci:06410279005-061401232801,omid:br/06410279005,omid:br/061401232801
oci:06410279005-061301242382,omid:br/06410279005,omid:br/061301242382
oci:06410279005-0660357063,omid:br/06410279005,omid:br/0660357063
oci:06410279005-06302578641,omid:br/06410279005,omid:br/06302578641
oci:06410279005-0642027933,omid:br/06410279005,omid:br/0642027933
oci:06410279005-061702226124,omid:br/06410279005,omid:br/061702226124
oci:06410279005-06601214836,omid:br/06410279005,omid:br/06601214836
oci:06410279005-06430272486,omid:br/06410279005,omid:br/06430272486
oci:0604187631-06501163335,omid:br/0604187631,omid:br/06501163335
oci:0604187631-061203769256,omid:br/0604187631,omid:br/061203769256
oci:0604187631-06230880707,omid:br/0604187631,omid:br/06230880707
oci:0604187631-06240749278,omid:br/0604187631,omid:br/06240749278
oci:06520268842-0650999462,omid:br/06520268842,omid:br/0650999462
oci:06520268842-06250978489,omid:br/06520268842,omid:br/06250978489
oci:06520268842-0670986163,omid:br/06520268842,omid:br/0670986163
oci:06520268842-062601006055,omid:br/06520268842,omid:br/062601006055
oci:06520268842-06301006855,omid:br/06520268842,omid:br/06301006855
oci:06520268842-06230976651,omid:br/06520268842,omid:br/06230976651
oci:06520268842-06180891574,omid:br/06520268842,omid:br/06180891574
oci:06520268842-0604643427,omid:br/06520268842,omid:br/0604643427
oci:0604006468-06601202113,omid:br/0604006468,omid:br/06601202113
oci:06304533102-061201154841,omid:br/06304533102,omid:br/061201154841
oci:06304533102-062102430687,omid:br/06304533102,omid:br/062102430687
oci:06304533102-062102430341,omid:br/06304533102,omid:br/062102430341
oci:06304533102-061902883371,omid:br/06304533102,omid:br/061902883371
oci:06104547711-067090252,omid:br/06104547711,omid:br/067090252
oci:06104547711-06260364783,omid:br/06104547711,omid:br/06260364783
oci:06104547711-06260364584,omid:br/06104547711,omid:br/06260364584
oci:06104547711-0650349163,omid:br/06104547711,omid:br/0650349163
oci:06104547711-061803516412,omid:br/06104547711,omid:br/061803516412
oci:06104547711-0660462222,omid:br/06104547711,omid:br/0660462222
oci:06104547711-061803516356,omid:br/06104547711,omid:br/061803516356
oci:06104547711-061102726749,omid:br/06104547711,omid:br/061102726749
oci:06104547711-06304001637,omid:br/06104547711,omid:br/06304001637
oci:06104547711-062203566358,omid:br/06104547711,omid:br/062203566358
oci:06104547711-06150489298,omid:br/06104547711,omid:br/06150489298
oci:06104547711-0615081243,omid:br/06104547711,omid:br/0615081243
oci:06104547711-0650349503,omid:br/06104547711,omid:br/0650349503
oci:06104547711-0660717729,omid:br/06104547711,omid:br/0660717729
oci:06104547580-062502116042,omid:br/06104547580,omid:br/062502116042
oci:06104547580-0690907064,omid:br/06104547580,omid:br/0690907064
oci:06104547580-06250856609,omid:br/06104547580,omid:br/06250856609
oci:06104547580-061702242119,omid:br/06104547580,omid:br/061702242119
oci:06104547580-065202221,omid:br/06104547580,omid:br/065202221
oci:06104547580-06302852922,omid:br/06104547580,omid:br/06302852922
oci:0604004008-062303647493,omid:br/0604004008,omid:br/062303647493
oci:0604004008-061301242315,omid:br/0604004008,omid:br/061301242315
oci:0604004008-06804009580,omid:br/0604004008,omid:br/06804009580
oci:0604004008-0660847848,omid:br/0604004008,omid:br/0660847848
oci:0604004008-0636027386,omid:br/0604004008,omid:br/0636027386
oci:0604004008-06201817357,omid:br/0604004008,omid:br/06201817357
oci:0604004008-06210944690,omid:br/0604004008,omid:br/06210944690
oci:0604019533-0637028633,omid:br/0604019533,omid:br/0637028633
oci:0604019533-06140814355,omid:br/0604019533,omid:br/06140814355
oci:0604019533-062201493796,omid:br/0604019533,omid:br/062201493796
oci:0604019533-06203920561,omid:br/0604019533,omid:br/06203920561
oci:06804543046-06304110790,omid:br/06804543046,omid:br/06304110790
oci:06804543046-0620292907,omid:br/06804543046,omid:br/0620292907
oci:06804543046-061301001103,omid:br/06804543046,omid:br/061301001103
oci:06530281608-06401034150,omid:br/06530281608,omid:br/06401034150
oci:06530281608-062502414045,omid:br/06530281608,omid:br/062502414045
oci:06530281608-062502413880,omid:br/06530281608,omid:br/062502413880
oci:06530281608-06701021440,omid:br/06530281608,omid:br/06701021440
oci:06530281608-062402413563,omid:br/06530281608,omid:br/062402413563
oci:06530281608-06701021291,omid:br/06530281608,omid:br/06701021291
oci:06530281608-06701021453,omid:br/06530281608,omid:br/06701021453
oci:06330278402-06101224354,omid:br/06330278402,omid:br/06101224354
oci:06450270443-06380308908,omid:br/06450270443,omid:br/06380308908
oci:06450270443-06402435858,omid:br/06450270443,omid:br/06402435858
oci:06450270443-062602162483,omid:br/06450270443,omid:br/062602162483
oci:06450270443-06110864733,omid:br/06450270443,omid:br/06110864733
oci:06450270443-06802421824,omid:br/06450270443,omid:br/06802421824
oci:06450270443-06902067264,omid:br/06450270443,omid:br/06902067264
oci:06450270443-06190869533,omid:br/06450270443,omid:br/06190869533
oci:06450270443-06260881400,omid:br/06450270443,omid:br/06260881400
oci:06320264892-062101015219,omid:br/06320264892,omid:br/062101015219
oci:06320264892-061303478211,omid:br/06320264892,omid:br/061303478211
oci:06320264892-0635026633,omid:br/06320264892,omid:br/0635026633
oci:06320264892-061701209554,omid:br/06320264892,omid:br/061701209554
oci:06320264892-0637028807,omid:br/06320264892,omid:br/0637028807
oci:06304533084-0642028094,omid:br/06304533084,omid:br/0642028094
oci:06304533084-06203920550,omid:br/06304533084,omid:br/06203920550
oci:061704015387-0660351309,omid:br/061704015387,omid:br/0660351309
oci:061704015387-06170448333,omid:br/061704015387,omid:br/06170448333
oci:061704015387-061403701529,omid:br/061704015387,omid:br/061403701529
oci:061704015387-061203712745,omid:br/061704015387,omid:br/061203712745
oci:061704015387-061203713164,omid:br/061704015387,omid:br/061203713164
oci:061704015387-06140671887,omid:br/061704015387,omid:br/06140671887
oci:061704015387-061101176110,omid:br/061704015387,omid:br/061101176110
oci:061704015387-061201165324,omid:br/061704015387,omid:br/061201165324
oci:061704015387-061603509632,omid:br/061704015387,omid:br/061603509632
oci:061704015387-061101175817,omid:br/061704015387,omid:br/061101175817
oci:061704015387-061101176224,omid:br/061704015387,omid:br/061101176224
oci:061704015387-061101176056,omid:br/061704015387,omid:br/061101176056
oci:0604019571-061801153241,omid:br/0604019571,omid:br/061801153241
oci:0604019571-06110815385,omid:br/0604019571,omid:br/06110815385
oci:062504112272-06510364603,omid:br/062504112272,omid:br/06510364603
oci:062504112272-0660824477,omid:br/062504112272,omid:br/0660824477
oci:062504112272-0604119273,omid:br/062504112272,omid:br/0604119273
oci:062504112272-06480273620,omid:br/062504112272,omid:br/06480273620
oci:06420276463-0604838083,omid:br/06420276463,omid:br/0604838083
oci:06420276463-06410278931,omid:br/06420276463,omid:br/06410278931
oci:061704015312-06150843776,omid:br/061704015312,omid:br/06150843776
oci:061704015312-0604717094,omid:br/061704015312,omid:br/0604717094
oci:061704015312-062104090325,omid:br/061704015312,omid:br/062104090325
oci:06104413571-06301084645,omid:br/06104413571,omid:br/06301084645
oci:06104413571-061303954168,omid:br/06104413571,omid:br/061303954168
oci:06104413571-06101005336,omid:br/06104413571,omid:br/06101005336
oci:06104413571-062402426852,omid:br/06104413571,omid:br/062402426852
oci:06104413571-0604019529,omid:br/06104413571,omid:br/0604019529
oci:06530281210-061102263585,omid:br/06530281210,omid:br/061102263585
oci:06530281210-0635026463,omid:br/06530281210,omid:br/0635026463
oci:06530281210-0635026925,omid:br/06530281210,omid:br/0635026925
oci:0604006433-06904150718,omid:br/0604006433,omid:br/06904150718
oci:0604006433-062604130112,omid:br/0604006433,omid:br/062604130112
oci:0604006433-062604130055,omid:br/0604006433,omid:br/062604130055
oci:06330277545-06104547554,omid:br/06330277545,omid:br/06104547554
oci:0604040874-062601005363,omid:br/0604040874,omid:br/062601005363
oci:0604040874-0620992598,omid:br/0604040874,omid:br/0620992598
oci:06320264887-0641027698,omid:br/06320264887,omid:br/0641027698
oci:06320264887-0642028228,omid:br/06320264887,omid:br/0642028228
oci:06320264887-0636027793,omid:br/06320264887,omid:br/0636027793
oci:06320264887-062402036003,omid:br/06320264887,omid:br/062402036003
oci:0604643354-06220882471,omid:br/0604643354,omid:br/06220882471
oci:0604643354-06301152773,omid:br/0604643354,omid:br/06301152773
oci:0604643354-06140101982,omid:br/0604643354,omid:br/06140101982
oci:0604643354-06401162047,omid:br/0604643354,omid:br/06401162047
oci:0604643354-062403716115,omid:br/0604643354,omid:br/062403716115
oci:0604643354-062501138573,omid:br/0604643354,omid:br/062501138573
oci:0604643354-062601216339,omid:br/0604643354,omid:br/062601216339
oci:0604643354-061601234021,omid:br/0604643354,omid:br/061601234021
oci:0604643354-06301152431,omid:br/0604643354,omid:br/06301152431
oci:0604643354-062501138571,omid:br/0604643354,omid:br/062501138571
oci:0604643354-0604119273,omid:br/0604643354,omid:br/0604119273
oci:06204545495-061501313239,omid:br/06204545495,omid:br/061501313239
oci:06280288075-0643026955,omid:br/06280288075,omid:br/0643026955
oci:06280288075-062601005494,omid:br/06280288075,omid:br/062601005494
oci:06280288075-06230880380,omid:br/06280288075,omid:br/06230880380
oci:06280288075-06250978706,omid:br/06280288075,omid:br/06250978706
oci:06280288075-061801509049,omid:br/06280288075,omid:br/061801509049
oci:06280288075-0644027153,omid:br/06280288075,omid:br/0644027153
oci:06320264883-061702226375,omid:br/06320264883,omid:br/061702226375
oci:06320264883-0636027737,omid:br/06320264883,omid:br/0636027737
oci:06320264883-06230675951,omid:br/06320264883,omid:br/06230675951
oci:06320264883-062602901798,omid:br/06320264883,omid:br/062602901798
oci:061303990789-06101004616,omid:br/061303990789,omid:br/06101004616
oci:061303990789-06101004667,omid:br/061303990789,omid:br/06101004667
oci:061303990789-06230976737,omid:br/061303990789,omid:br/06230976737
oci:061303990789-06240865548,omid:br/061303990789,omid:br/06240865548
oci:061303990789-06430272475,omid:br/061303990789,omid:br/06430272475
oci:061303990789-06280288310,omid:br/061303990789,omid:br/06280288310
oci:06530281247-06110712386,omid:br/06530281247,omid:br/06110712386
oci:06530281247-061201165572,omid:br/06530281247,omid:br/061201165572
oci:06530281247-06320264836,omid:br/06530281247,omid:br/06320264836
oci:06270286290-06603225395,omid:br/06270286290,omid:br/06603225395
oci:06270286290-0642017167,omid:br/06270286290,omid:br/0642017167
oci:06280288047-061201157292,omid:br/06280288047,omid:br/061201157292
oci:06280288047-06604563151,omid:br/06280288047,omid:br/06604563151
oci:06280288047-0604392581,omid:br/06280288047,omid:br/0604392581
oci:06280288047-06190869533,omid:br/06280288047,omid:br/06190869533
oci:06280288047-062102228581,omid:br/06280288047,omid:br/062102228581
oci:06280288047-062102227809,omid:br/06280288047,omid:br/062102227809
oci:06280288047-06604563233,omid:br/06280288047,omid:br/06604563233
oci:06280288047-061303994153,omid:br/06280288047,omid:br/061303994153
oci:06280288047-06130859609,omid:br/06280288047,omid:br/06130859609
oci:06280288047-061303990771,omid:br/06280288047,omid:br/061303990771
oci:06530281259-061404028681,omid:br/06530281259,omid:br/061404028681
oci:06530281259-061404028682,omid:br/06530281259,omid:br/061404028682
oci:06530281259-0650999499,omid:br/06530281259,omid:br/0650999499
oci:06530281259-0640269420,omid:br/06530281259,omid:br/0640269420
oci:06530281259-061404028683,omid:br/06530281259,omid:br/061404028683
oci:06530281259-061404028684,omid:br/06530281259,omid:br/061404028684
oci:06504555639-06101005336,omid:br/06504555639,omid:br/06101005336
oci:06504555639-06301031415,omid:br/06504555639,omid:br/06301031415
oci:06504555639-0640848083,omid:br/06504555639,omid:br/0640848083
oci:06504555639-06701021250,omid:br/06504555639,omid:br/06701021250
oci:06410278987-061404006279,omid:br/06410278987,omid:br/061404006279
oci:061704015154-0620991956,omid:br/061704015154,omid:br/0620991956
oci:061704015154-061202118450,omid:br/061704015154,omid:br/061202118450
oci:061704015154-06502857438,omid:br/061704015154,omid:br/06502857438
oci:061704015154-06802849333,omid:br/061704015154,omid:br/06802849333
oci:061704015154-06150116155,omid:br/061704015154,omid:br/06150116155
oci:061704015154-06130239320,omid:br/061704015154,omid:br/06130239320
oci:061704015154-0690365109,omid:br/061704015154,omid:br/0690365109
oci:061704015154-06802849064,omid:br/061704015154,omid:br/06802849064
oci:061704015154-06701021446,omid:br/061704015154,omid:br/06701021446
oci:061704015154-06490355143,omid:br/061704015154,omid:br/06490355143
oci:061704015154-061603510054,omid:br/061704015154,omid:br/061603510054
oci:0604004042-06601156669,omid:br/0604004042,omid:br/06601156669
oci:0604004042-06250978709,omid:br/0604004042,omid:br/06250978709
oci:0604004042-061303477778,omid:br/0604004042,omid:br/061303477778
oci:0604004042-06501163255,omid:br/0604004042,omid:br/06501163255
oci:06304533100-06380270854,omid:br/06304533100,omid:br/06380270854
oci:06304533100-06520268770,omid:br/06304533100,omid:br/06520268770
oci:061704015354-061404004531,omid:br/061704015354,omid:br/061404004531
oci:062404117622-062601005645,omid:br/062404117622,omid:br/062601005645
oci:062404117622-06801156857,omid:br/062404117622,omid:br/06801156857
oci:062404117622-062601005236,omid:br/062404117622,omid:br/062601005236
oci:062404117622-06250978040,omid:br/062404117622,omid:br/06250978040
oci:062404117622-06260899859,omid:br/062404117622,omid:br/06260899859
oci:062404117622-06401161229,omid:br/062404117622,omid:br/06401161229
oci:06204545504-06301094505,omid:br/06204545504,omid:br/06301094505
oci:0604618251-062601524927,omid:br/0604618251,omid:br/062601524927
oci:0604618251-0620992462,omid:br/0604618251,omid:br/0620992462
oci:0604618251-062601524340,omid:br/0604618251,omid:br/062601524340
oci:0604618251-06120860405,omid:br/0604618251,omid:br/06120860405
oci:0604618251-06240964476,omid:br/0604618251,omid:br/06240964476
oci:0604618251-062601005672,omid:br/0604618251,omid:br/062601005672
oci:0604618251-062601166599,omid:br/0604618251,omid:br/062601166599
oci:0604618251-06501105356,omid:br/0604618251,omid:br/06501105356
oci:0604618251-06520268849,omid:br/0604618251,omid:br/06520268849
oci:06503999269-06701162076,omid:br/06503999269,omid:br/06701162076
oci:06520268800-06101005376,omid:br/06520268800,omid:br/06101005376
oci:06520268800-0630994328,omid:br/06520268800,omid:br/0630994328
oci:0604643434-06101722286,omid:br/0604643434,omid:br/06101722286
oci:0604643434-062601167020,omid:br/0604643434,omid:br/062601167020
oci:0604643434-0635026889,omid:br/0604643434,omid:br/0635026889
oci:0604643434-062601166351,omid:br/0604643434,omid:br/062601166351
oci:06420276055-062504112272,omid:br/06420276055,omid:br/062504112272
oci:06420276055-06401161831,omid:br/06420276055,omid:br/06401161831
oci:06420276055-06490291454,omid:br/06420276055,omid:br/06490291454
oci:06420276055-062604129522,omid:br/06420276055,omid:br/062604129522
oci:06420276055-06380271403,omid:br/06420276055,omid:br/06380271403
oci:062604129522-0660824511,omid:br/062604129522,omid:br/0660824511
oci:062604129522-06120399943,omid:br/062604129522,omid:br/06120399943
oci:062604129522-06150869141,omid:br/062604129522,omid:br/06150869141
oci:062604129522-06140862715,omid:br/062604129522,omid:br/06140862715
oci:062604129522-06101165278,omid:br/062604129522,omid:br/06101165278
oci:062604129522-062601166126,omid:br/062604129522,omid:br/062601166126
oci:062604129522-06150487362,omid:br/062604129522,omid:br/06150487362
oci:062604129522-063905513,omid:br/062604129522,omid:br/063905513
oci:062604129522-06140891295,omid:br/062604129522,omid:br/06140891295
oci:062604129522-06390281536,omid:br/062604129522,omid:br/06390281536
oci:0627078981-06380272262,omid:br/0627078981,omid:br/06380272262
oci:06390281533-0620870334,omid:br/06390281533,omid:br/0620870334
oci:06430272816-061301243206,omid:br/06430272816,omid:br/061301243206
oci:06430272816-0635026865,omid:br/06430272816,omid:br/0635026865
oci:06430272816-0643026809,omid:br/06430272816,omid:br/0643026809
oci:06430272816-061902440720,omid:br/06430272816,omid:br/061902440720
oci:06430272816-06310217603,omid:br/06430272816,omid:br/06310217603
oci:061303990738-063305097,omid:br/061303990738,omid:br/063305097
oci:061303990738-064404758,omid:br/061303990738,omid:br/064404758
oci:061303990738-061503623455,omid:br/061303990738,omid:br/061503623455
oci:061303990738-06480323695,omid:br/061303990738,omid:br/06480323695
oci:061303990738-0640474422,omid:br/061303990738,omid:br/0640474422
oci:061303990738-06404133637,omid:br/061303990738,omid:br/06404133637
oci:061303990738-06170447625,omid:br/061303990738,omid:br/06170447625
oci:061303990738-06604141846,omid:br/061303990738,omid:br/06604141846
oci:06904150879-061103804228,omid:br/06904150879,omid:br/061103804228
oci:06904150879-062403567982,omid:br/06904150879,omid:br/062403567982
oci:06904150879-0690493881,omid:br/06904150879,omid:br/0690493881
oci:06904150879-06404133648,omid:br/06904150879,omid:br/06404133648
oci:06904150879-0660359819,omid:br/06904150879,omid:br/0660359819
oci:06904150879-06903733139,omid:br/06904150879,omid:br/06903733139
oci:06904150879-06150353569,omid:br/06904150879,omid:br/06150353569
oci:0604006427-06403481706,omid:br/0604006427,omid:br/06403481706
oci:0604006427-06280287600,omid:br/0604006427,omid:br/06280287600
oci:06530281172-061101176221,omid:br/06530281172,omid:br/061101176221
oci:06530281172-06150354090,omid:br/06530281172,omid:br/06150354090
oci:06530281172-061101176220,omid:br/06530281172,omid:br/061101176220
oci:06530281172-06701021620,omid:br/06530281172,omid:br/06701021620
oci:06530281172-061103724999,omid:br/06530281172,omid:br/061103724999
oci:06530281172-06210355584,omid:br/06530281172,omid:br/06210355584
oci:06530281172-061103804266,omid:br/06530281172,omid:br/061103804266
oci:06530281172-061101176681,omid:br/06530281172,omid:br/061101176681
oci:06904150872-061301242315,omid:br/06904150872,omid:br/061301242315
oci:06904150872-061201241326,omid:br/06904150872,omid:br/061201241326
oci:06904150872-0630263846,omid:br/06904150872,omid:br/0630263846
oci:06904150872-062402036268,omid:br/06904150872,omid:br/062402036268
oci:06904150872-0636027386,omid:br/06904150872,omid:br/0636027386
oci:06904150872-061303275254,omid:br/06904150872,omid:br/061303275254
oci:06904150872-062604113846,omid:br/06904150872,omid:br/062604113846
oci:06904150872-06160364056,omid:br/06904150872,omid:br/06160364056
oci:06904150872-062401172740,omid:br/06904150872,omid:br/062401172740
oci:06904150872-06403910210,omid:br/06904150872,omid:br/06403910210
oci:06904150872-06504330255,omid:br/06904150872,omid:br/06504330255
oci:061704015342-06430232723,omid:br/061704015342,omid:br/06430232723
oci:061704015342-06301153016,omid:br/061704015342,omid:br/06301153016
oci:061704015342-06401161619,omid:br/061704015342,omid:br/06401161619
oci:061704015342-06430232724,omid:br/061704015342,omid:br/06430232724
oci:061704015342-06220882614,omid:br/061704015342,omid:br/06220882614
oci:061704015342-06430232725,omid:br/061704015342,omid:br/06430232725
oci:061704015342-062401123909,omid:br/061704015342,omid:br/062401123909
oci:061704015342-0604119273,omid:br/061704015342,omid:br/0604119273
oci:061704015342-06380148086,omid:br/061704015342,omid:br/06380148086
oci:061704015342-06402857653,omid:br/061704015342,omid:br/06402857653
oci:061704015342-06904150871,omid:br/061704015342,omid:br/06904150871
oci:061704015342-062104090372,omid:br/061704015342,omid:br/062104090372
oci:061704015342-06380271403,omid:br/061704015342,omid:br/06380271403
oci:061704015342-06390281678,omid:br/061704015342,omid:br/06390281678
oci:0604006385-06490275762,omid:br/0604006385,omid:br/06490275762
oci:0604006385-06430272498,omid:br/0604006385,omid:br/06430272498
oci:0604006385-06110807235,omid:br/0604006385,omid:br/06110807235
oci:0604006385-06204545862,omid:br/0604006385,omid:br/06204545862
oci:0604187693-0604641927,omid:br/0604187693,omid:br/0604641927
oci:0604187693-06440269781,omid:br/0604187693,omid:br/06440269781
oci:06410278953-06403909510,omid:br/06410278953,omid:br/06403909510
oci:06410278953-0604187701,omid:br/06410278953,omid:br/0604187701
oci:06340279841-06503503463,omid:br/06340279841,omid:br/06503503463
oci:0604019535-06401034325,omid:br/0604019535,omid:br/06401034325
oci:0604019535-06704113347,omid:br/0604019535,omid:br/06704113347
oci:062204096009-06304551918,omid:br/062204096009,omid:br/06304551918
oci:062204096009-06304551897,omid:br/062204096009,omid:br/06304551897
oci:06404555384-061101251919,omid:br/06404555384,omid:br/061101251919
oci:06404555384-061401232811,omid:br/06404555384,omid:br/061401232811
oci:06404555384-06601156571,omid:br/06404555384,omid:br/06601156571
oci:06404555384-0641027766,omid:br/06404555384,omid:br/0641027766
oci:06404555384-06140478673,omid:br/06404555384,omid:br/06140478673
oci:06404555384-06201156129,omid:br/06404555384,omid:br/06201156129
oci:06404555384-0604838048,omid:br/06404555384,omid:br/0604838048
oci:06404555384-0604838049,omid:br/06404555384,omid:br/0604838049
oci:06404555384-061203063116,omid:br/06404555384,omid:br/061203063116
oci:06404555384-06201376527,omid:br/06404555384,omid:br/06201376527
oci:06404555384-062203701355,omid:br/06404555384,omid:br/062203701355
oci:06404555384-06504615569,omid:br/06404555384,omid:br/06504615569
oci:06404555384-06380271442,omid:br/06404555384,omid:br/06380271442
oci:06404555384-06204545815,omid:br/06404555384,omid:br/06204545815
oci:06404555384-06270286530,omid:br/06404555384,omid:br/06270286530
oci:061703600192-061801152976,omid:br/061703600192,omid:br/061801152976
oci:061703600192-0604838065,omid:br/061703600192,omid:br/0604838065
oci:061703600192-061801152985,omid:br/061703600192,omid:br/061801152985
oci:06804543181-06201301793,omid:br/06804543181,omid:br/06201301793
oci:06804543181-06204177694,omid:br/06804543181,omid:br/06204177694
oci:06804543181-0660717672,omid:br/06804543181,omid:br/0660717672
oci:06604539820-06460213120,omid:br/06604539820,omid:br/06460213120
oci:0604643347-061303990767,omid:br/0604643347,omid:br/061303990767
oci:06450269646-06160836904,omid:br/06450269646,omid:br/06160836904
oci:0604032364-0604838021,omid:br/0604032364,omid:br/0604838021
oci:06530281246-0690722693,omid:br/06530281246,omid:br/0690722693
oci:06530281246-06180891332,omid:br/06530281246,omid:br/06180891332
oci:06530281246-061103804281,omid:br/06530281246,omid:br/061103804281
oci:06440269984-06140919158,omid:br/06440269984,omid:br/06140919158
oci:06440269984-061401485660,omid:br/06440269984,omid:br/061401485660
oci:06440269984-06180452259,omid:br/06440269984,omid:br/06180452259
oci:06440269984-0640100292,omid:br/06440269984,omid:br/0640100292
oci:062404117177-06201509696,omid:br/062404117177,omid:br/06201509696
oci:062404117177-061801153026,omid:br/062404117177,omid:br/061801153026
oci:062404117177-06460213120,omid:br/062404117177,omid:br/06460213120
oci:062404117177-061801153009,omid:br/062404117177,omid:br/061801153009
oci:06404555936-06303730379,omid:br/06404555936,omid:br/06303730379
oci:06404555936-0643027437,omid:br/06404555936,omid:br/0643027437
oci:06404555936-061601211115,omid:br/06404555936,omid:br/061601211115
oci:06404555936-06304103860,omid:br/06404555936,omid:br/06304103860
oci:06404555936-062601005314,omid:br/06404555936,omid:br/062601005314
oci:061704015378-06501036756,omid:br/061704015378,omid:br/06501036756
oci:061704015378-062101295906,omid:br/061704015378,omid:br/062101295906
oci:061704015378-061102590774,omid:br/061704015378,omid:br/061102590774
oci:06430272832-061103734133,omid:br/06430272832,omid:br/061103734133
oci:06430272832-06140811509,omid:br/06430272832,omid:br/06140811509
oci:06430272832-06120466424,omid:br/06430272832,omid:br/06120466424
oci:06430272832-06403909510,omid:br/06430272832,omid:br/06403909510
oci:06430272832-0604838070,omid:br/06430272832,omid:br/0604838070
oci:06430272832-061801153288,omid:br/06430272832,omid:br/061801153288
oci:06430272832-062503868492,omid:br/06430272832,omid:br/062503868492
oci:06530281215-06503487277,omid:br/06530281215,omid:br/06503487277
oci:06530281215-061503059978,omid:br/06530281215,omid:br/061503059978
oci:06530281215-0650357201,omid:br/06530281215,omid:br/0650357201
oci:06530281215-06110712040,omid:br/06530281215,omid:br/06110712040
oci:06530281215-06110712020,omid:br/06530281215,omid:br/06110712020
oci:06530281215-06703453503,omid:br/06530281215,omid:br/06703453503
oci:06530281215-061403484276,omid:br/06530281215,omid:br/061403484276
oci:06530281215-0690722880,omid:br/06530281215,omid:br/0690722880
oci:06530281215-061903508558,omid:br/06530281215,omid:br/061903508558
oci:0604032366-06401033833,omid:br/0604032366,omid:br/06401033833
oci:0604032366-0604838020,omid:br/0604032366,omid:br/0604838020
oci:0604032366-061701209560,omid:br/0604032366,omid:br/061701209560
oci:0604032366-0680486496,omid:br/0604032366,omid:br/0680486496
oci:0604032366-062601226555,omid:br/0604032366,omid:br/062601226555
oci:0604032366-06603225422,omid:br/0604032366,omid:br/06603225422
oci:06404555398-061302220740,omid:br/06404555398,omid:br/061302220740
oci:0604314140-061804051368,omid:br/0604314140,omid:br/061804051368
oci:0604314140-061804051356,omid:br/0604314140,omid:br/061804051356
oci:0604314140-06270286323,omid:br/0604314140,omid:br/06270286323
oci:06104547562-06404139881,omid:br/06104547562,omid:br/06404139881
oci:06104547562-061404009045,omid:br/06104547562,omid:br/061404009045
oci:06104547562-06404549206,omid:br/06104547562,omid:br/06404549206
oci:06904150859-0604024327,omid:br/06904150859,omid:br/0604024327
oci:06904150859-06220882816,omid:br/06904150859,omid:br/06220882816
oci:06904150859-06401161638,omid:br/06904150859,omid:br/06401161638
oci:06904150859-06230489978,omid:br/06904150859,omid:br/06230489978
oci:06904150859-06804542946,omid:br/06904150859,omid:br/06804542946
oci:06904150859-06420254801,omid:br/06904150859,omid:br/06420254801
oci:06904150859-06420255046,omid:br/06904150859,omid:br/06420255046
oci:06904150859-06420255118,omid:br/06904150859,omid:br/06420255118
oci:06904150859-06420255057,omid:br/06904150859,omid:br/06420255057
oci:06904150859-06420255051,omid:br/06904150859,omid:br/06420255051
oci:06904150859-06420255062,omid:br/06904150859,omid:br/06420255062
oci:06904150859-06420255039,omid:br/06904150859,omid:br/06420255039
oci:06904150859-06420255055,omid:br/06904150859,omid:br/06420255055
oci:06904150859-06420255109,omid:br/06904150859,omid:br/06420255109
oci:06904150859-06203996500,omid:br/06904150859,omid:br/06203996500
oci:06904150859-06420255053,omid:br/06904150859,omid:br/06420255053
oci:06904150859-0604024241,omid:br/06904150859,omid:br/0604024241
oci:06904150859-06390282299,omid:br/06904150859,omid:br/06390282299
oci:06904150859-062102430840,omid:br/06904150859,omid:br/062102430840
oci:06904150859-06390281528,omid:br/06904150859,omid:br/06390281528
oci:061303990731-06601157355,omid:br/061303990731,omid:br/06601157355
oci:061303990731-06160106504,omid:br/061303990731,omid:br/06160106504
oci:061303990731-06120702706,omid:br/061303990731,omid:br/06120702706
oci:061303990731-062601166665,omid:br/061303990731,omid:br/062601166665
oci:06380272587-06180879991,omid:br/06380272587,omid:br/06180879991
oci:06530281219-061303477655,omid:br/06530281219,omid:br/061303477655
oci:06530281219-061701209827,omid:br/06530281219,omid:br/061701209827
oci:06704514508-0680162752,omid:br/06704514508,omid:br/0680162752
oci:06704514508-062601006049,omid:br/06704514508,omid:br/062601006049
oci:06704514508-06701021492,omid:br/06704514508,omid:br/06701021492
oci:06704514508-061404006358,omid:br/06704514508,omid:br/061404006358
oci:06704514508-06360267047,omid:br/06704514508,omid:br/06360267047
oci:06704514508-062604129774,omid:br/06704514508,omid:br/062604129774
oci:0604247954-06101005336,omid:br/0604247954,omid:br/06101005336
oci:06530281579-0660848095,omid:br/06530281579,omid:br/0660848095
oci:06530281579-0650851758,omid:br/06530281579,omid:br/0650851758
oci:06530281579-06104547554,omid:br/06530281579,omid:br/06104547554
oci:06530281579-06601214580,omid:br/06530281579,omid:br/06601214580
oci:06320265181-06170990255,omid:br/06320265181,omid:br/06170990255
oci:06440270558-061801153328,omid:br/06440270558,omid:br/061801153328
oci:06440270558-06501163208,omid:br/06440270558,omid:br/06501163208
oci:06440270558-06390282406,omid:br/06440270558,omid:br/06390282406
oci:06390282401-0690273494,omid:br/06390282401,omid:br/0690273494
oci:06390282401-0670844056,omid:br/06390282401,omid:br/0670844056
oci:06390282401-062601167020,omid:br/06390282401,omid:br/062601167020
oci:06390282401-062201202422,omid:br/06390282401,omid:br/062201202422
oci:06904150429-0635050917,omid:br/06904150429,omid:br/0635050917
oci:06104547844-062603121253,omid:br/06104547844,omid:br/062603121253
oci:06104547844-06504575598,omid:br/06104547844,omid:br/06504575598
oci:06104547844-06240660291,omid:br/06104547844,omid:br/06240660291
oci:06104547844-06303301508,omid:br/06104547844,omid:br/06303301508
oci:06104547844-06140891295,omid:br/06104547844,omid:br/06140891295
oci:06104547844-062403715665,omid:br/06104547844,omid:br/062403715665
oci:06104547844-06701146217,omid:br/06104547844,omid:br/06701146217
oci:06104547844-0604392627,omid:br/06104547844,omid:br/0604392627
oci:06320265600-062303339191,omid:br/06320265600,omid:br/062303339191
oci:06320265600-062203336584,omid:br/06320265600,omid:br/062203336584
oci:06320265600-061701791223,omid:br/06320265600,omid:br/061701791223
oci:06320265600-06210979398,omid:br/06320265600,omid:br/06210979398
oci:06320265600-062303338668,omid:br/06320265600,omid:br/062303338668
oci:06320265600-062203337139,omid:br/06320265600,omid:br/062203337139
oci:06320265600-06401326602,omid:br/06320265600,omid:br/06401326602
oci:06304533160-0610447026,omid:br/06304533160,omid:br/0610447026
oci:06304533160-06404556003,omid:br/06304533160,omid:br/06404556003
oci:06530281187-06210878575,omid:br/06530281187,omid:br/06210878575
oci:06530281187-063905472,omid:br/06530281187,omid:br/063905472
oci:06530281187-06390281556,omid:br/06530281187,omid:br/06390281556
oci:06530281187-06804542963,omid:br/06530281187,omid:br/06804542963
oci:06530281187-06370277686,omid:br/06530281187,omid:br/06370277686
oci:06530281187-06380271460,omid:br/06530281187,omid:br/06380271460
oci:06530281187-06380271376,omid:br/06530281187,omid:br/06380271376
oci:06530281187-0604006402,omid:br/06530281187,omid:br/0604006402
oci:06530281187-06420276028,omid:br/06530281187,omid:br/06420276028
oci:06504555681-06240847135,omid:br/06504555681,omid:br/06240847135
oci:06504555681-0604120136,omid:br/06504555681,omid:br/0604120136
oci:062104090408-06120860388,omid:br/062104090408,omid:br/06120860388
oci:062104090408-06470338798,omid:br/062104090408,omid:br/06470338798
oci:062104090408-06490275811,omid:br/062104090408,omid:br/06490275811
oci:062104090408-0604838044,omid:br/062104090408,omid:br/0604838044
oci:06430272051-06110807159,omid:br/06430272051,omid:br/06110807159
oci:06430272051-0690822472,omid:br/06430272051,omid:br/0690822472
oci:06430272051-0604838086,omid:br/06430272051,omid:br/0604838086
oci:06430272051-06350270559,omid:br/06430272051,omid:br/06350270559
oci:06430272813-061304020542,omid:br/06430272813,omid:br/061304020542
oci:06280288037-06530281170,omid:br/06280288037,omid:br/06530281170
oci:06320264894-062202428079,omid:br/06320264894,omid:br/062202428079
oci:061404006456-06130667944,omid:br/061404006456,omid:br/06130667944
oci:061404006456-06130667782,omid:br/061404006456,omid:br/06130667782
oci:061404006456-06103773359,omid:br/061404006456,omid:br/06103773359
oci:061404006456-06103773276,omid:br/061404006456,omid:br/06103773276
oci:061404006456-061403520414,omid:br/061404006456,omid:br/061403520414
oci:061404006456-06110363160,omid:br/061404006456,omid:br/06110363160
oci:061404006456-06110358548,omid:br/061404006456,omid:br/06110358548
oci:061404006456-062403330268,omid:br/061404006456,omid:br/062403330268
oci:061404006456-062401106992,omid:br/061404006456,omid:br/062401106992
oci:061404006456-061501063914,omid:br/061404006456,omid:br/061501063914
oci:06504555436-062601166990,omid:br/06504555436,omid:br/062601166990
oci:06504555436-062301202921,omid:br/06504555436,omid:br/062301202921
oci:06504555436-06201215165,omid:br/06504555436,omid:br/06201215165
oci:06504555436-062601226545,omid:br/06504555436,omid:br/062601226545
oci:06504555436-062304168111,omid:br/06504555436,omid:br/062304168111
oci:06504555436-062601005445,omid:br/06504555436,omid:br/062601005445
oci:06204545521-06803145349,omid:br/06204545521,omid:br/06803145349
oci:0604643380-06104007887,omid:br/0604643380,omid:br/06104007887
oci:0604643371-06404134106,omid:br/0604643371,omid:br/06404134106
oci:0604643371-06903733130,omid:br/0604643371,omid:br/06903733130
oci:0604643371-0640916702,omid:br/0604643371,omid:br/0640916702
oci:0604643371-0680873014,omid:br/0604643371,omid:br/0680873014
oci:0604643371-0630861199,omid:br/0604643371,omid:br/0630861199
oci:0604643371-062501122381,omid:br/0604643371,omid:br/062501122381
oci:0604643371-062601166336,omid:br/0604643371,omid:br/062601166336
oci:0604643371-0640361273,omid:br/0604643371,omid:br/0640361273
oci:0604643371-06180862250,omid:br/0604643371,omid:br/06180862250
oci:0604643371-061201497842,omid:br/0604643371,omid:br/061201497842
oci:0604643371-06370278068,omid:br/0604643371,omid:br/06370278068
oci:0604643366-06601157224,omid:br/0604643366,omid:br/06601157224
oci:0604643366-06404140013,omid:br/0604643366,omid:br/06404140013
oci:0604643366-06240865550,omid:br/0604643366,omid:br/06240865550
oci:0604643366-06210878284,omid:br/0604643366,omid:br/06210878284
oci:0604643366-061201497060,omid:br/0604643366,omid:br/061201497060
oci:0604643392-0637028869,omid:br/0604643392,omid:br/0637028869
oci:0604643392-062403716343,omid:br/0604643392,omid:br/062403716343
oci:0604643392-062601166391,omid:br/0604643392,omid:br/062601166391
oci:0604643392-06104613710,omid:br/0604643392,omid:br/06104613710
oci:0604643392-061403700794,omid:br/0604643392,omid:br/061403700794
oci:0604643392-061601211064,omid:br/0604643392,omid:br/061601211064
oci:0604643392-06104196626,omid:br/0604643392,omid:br/06104196626
oci:0604643392-06301050302,omid:br/0604643392,omid:br/06301050302
oci:0604643392-062201201501,omid:br/0604643392,omid:br/062201201501
oci:0604643392-062201359710,omid:br/0604643392,omid:br/062201359710
oci:0604643392-06804542926,omid:br/0604643392,omid:br/06804542926
oci:0604643392-06104547452,omid:br/0604643392,omid:br/06104547452
oci:06504555425-06480273579,omid:br/06504555425,omid:br/06480273579
oci:06504555425-06390281658,omid:br/06504555425,omid:br/06390281658
oci:06504555425-06280287375,omid:br/06504555425,omid:br/06280287375
oci:06504555425-062203566835,omid:br/06504555425,omid:br/062203566835
oci:06504555425-06360266964,omid:br/06504555425,omid:br/06360266964
oci:06504555425-06530281177,omid:br/06504555425,omid:br/06530281177
oci:06450270393-061602228679,omid:br/06450270393,omid:br/061602228679
oci:06450270393-061901250143,omid:br/06450270393,omid:br/061901250143
oci:06450270393-06190983903,omid:br/06450270393,omid:br/06190983903
oci:06450270393-06101005514,omid:br/06450270393,omid:br/06101005514
oci:06450270393-0660847907,omid:br/06450270393,omid:br/0660847907
oci:0604032309-061301242642,omid:br/0604032309,omid:br/061301242642
oci:0604032309-06403730624,omid:br/0604032309,omid:br/06403730624
oci:0604032309-06401221819,omid:br/0604032309,omid:br/06401221819
oci:0604032309-06510278271,omid:br/0604032309,omid:br/06510278271
oci:0604032309-0670843861,omid:br/0604032309,omid:br/0670843861
oci:0604032309-061402194702,omid:br/0604032309,omid:br/061402194702
oci:0604032309-062501197263,omid:br/0604032309,omid:br/062501197263
oci:0604032309-0635026487,omid:br/0604032309,omid:br/0635026487
oci:06704514933-062204051718,omid:br/06704514933,omid:br/062204051718
oci:06704514933-0644027237,omid:br/06704514933,omid:br/0644027237
oci:06704514933-061401194434,omid:br/06704514933,omid:br/061401194434
oci:06704514933-0653026098,omid:br/06704514933,omid:br/0653026098
oci:06404555984-06230977422,omid:br/06404555984,omid:br/06230977422
oci:06404555984-06240965002,omid:br/06404555984,omid:br/06240965002
oci:06404555984-06230977446,omid:br/06404555984,omid:br/06230977446
oci:06404555984-06201156807,omid:br/06404555984,omid:br/06201156807
oci:06404555984-06370283202,omid:br/06404555984,omid:br/06370283202
oci:06404555984-06340283551,omid:br/06404555984,omid:br/06340283551
oci:06404555984-06240964489,omid:br/06404555984,omid:br/06240964489
oci:06404555984-062303711581,omid:br/06404555984,omid:br/062303711581
oci:06404555984-062104090108,omid:br/06404555984,omid:br/062104090108
oci:06404555984-0604119322,omid:br/06404555984,omid:br/0604119322
oci:06404555984-061303990761,omid:br/06404555984,omid:br/061303990761
oci:06404555984-062201605338,omid:br/06404555984,omid:br/062201605338
oci:06320265135-061202121203,omid:br/06320265135,omid:br/061202121203
oci:06320265135-06240864660,omid:br/06320265135,omid:br/06240864660
oci:06320265135-0620617278,omid:br/06320265135,omid:br/0620617278
oci:06320265135-06702489360,omid:br/06320265135,omid:br/06702489360
oci:06320265135-06240864622,omid:br/06320265135,omid:br/06240864622
oci:06320265135-061101344388,omid:br/06320265135,omid:br/061101344388
oci:06320265135-06701037142,omid:br/06320265135,omid:br/06701037142
oci:06320265135-061601110604,omid:br/06320265135,omid:br/061601110604
oci:06320265135-06701770243,omid:br/06320265135,omid:br/06701770243
oci:06370278116-062304061300,omid:br/06370278116,omid:br/062304061300
oci:06370278116-06110893868,omid:br/06370278116,omid:br/06110893868
oci:06390282433-06204193115,omid:br/06390282433,omid:br/06204193115
oci:06390282433-061601211962,omid:br/06390282433,omid:br/061601211962
oci:06390282433-061601211941,omid:br/06390282433,omid:br/061601211941
oci:06270286323-061101253126,omid:br/06270286323,omid:br/061101253126
oci:06270286323-06303228481,omid:br/06270286323,omid:br/06303228481
oci:061704015326-062104090108,omid:br/061704015326,omid:br/062104090108
oci:061704015326-062504112473,omid:br/061704015326,omid:br/062504112473
oci:061704015326-06390281658,omid:br/061704015326,omid:br/06390281658
oci:06390281564-06150713202,omid:br/06390281564,omid:br/06150713202
oci:06390281564-061203718820,omid:br/06390281564,omid:br/061203718820
oci:06390281564-06240964537,omid:br/06390281564,omid:br/06240964537
oci:06390281564-06330278003,omid:br/06390281564,omid:br/06330278003
oci:06104547639-061602136010,omid:br/06104547639,omid:br/061602136010
oci:06104547639-06101005319,omid:br/06104547639,omid:br/06101005319
oci:06104547639-061601109453,omid:br/06104547639,omid:br/061601109453
oci:06104547639-061603724054,omid:br/06104547639,omid:br/061603724054
oci:06104547639-06503919580,omid:br/06104547639,omid:br/06503919580
oci:06104547639-062102430743,omid:br/06104547639,omid:br/062102430743
oci:06104547639-06403907387,omid:br/06104547639,omid:br/06403907387
oci:06430272032-061604042015,omid:br/06430272032,omid:br/061604042015
oci:06430272032-0604536680,omid:br/06430272032,omid:br/0604536680
oci:06430272032-06404572375,omid:br/06430272032,omid:br/06404572375
oci:06430272032-06210878374,omid:br/06430272032,omid:br/06210878374
oci:06430272032-06220882994,omid:br/06430272032,omid:br/06220882994
oci:06430272032-06530295524,omid:br/06430272032,omid:br/06530295524
oci:06404555427-06480273548,omid:br/06404555427,omid:br/06480273548
oci:06404555427-06360267333,omid:br/06404555427,omid:br/06360267333
oci:06404556009-0640353989,omid:br/06404556009,omid:br/0640353989
oci:06404556009-06220341753,omid:br/06404556009,omid:br/06220341753
oci:06404556009-06240341786,omid:br/06404556009,omid:br/06240341786
oci:06404556009-06260364475,omid:br/06404556009,omid:br/06260364475
oci:06404556009-06104189729,omid:br/06404556009,omid:br/06104189729
oci:06404556009-062401771832,omid:br/06404556009,omid:br/062401771832
oci:06404556009-0620716171,omid:br/06404556009,omid:br/0620716171
oci:06404556009-0623085551,omid:br/06404556009,omid:br/0623085551
oci:06404556009-06240341369,omid:br/06404556009,omid:br/06240341369
oci:06404556009-061103804726,omid:br/06404556009,omid:br/061103804726
oci:06404556009-06110362886,omid:br/06404556009,omid:br/06110362886
oci:06404556009-068092454,omid:br/06404556009,omid:br/068092454
oci:06404556009-06250707064,omid:br/06404556009,omid:br/06250707064
oci:06404556009-06101165450,omid:br/06404556009,omid:br/06101165450
oci:06404556009-06250706904,omid:br/06404556009,omid:br/06250706904
oci:061704015335-06401161639,omid:br/061704015335,omid:br/06401161639
oci:061704015335-06240965102,omid:br/061704015335,omid:br/06240965102
oci:061704015335-061203592024,omid:br/061704015335,omid:br/061203592024
oci:061704015335-06430232722,omid:br/061704015335,omid:br/06430232722
oci:061704015335-062102430351,omid:br/061704015335,omid:br/062102430351
oci:061704015335-06380271426,omid:br/061704015335,omid:br/06380271426
oci:06330278396-06120667789,omid:br/06330278396,omid:br/06120667789
oci:06330278396-06150313885,omid:br/06330278396,omid:br/06150313885
oci:06330278396-062401107325,omid:br/06330278396,omid:br/062401107325
oci:06330278396-0670618014,omid:br/06330278396,omid:br/0670618014
oci:06330278396-06503482231,omid:br/06330278396,omid:br/06503482231
oci:06330278396-0660717423,omid:br/06330278396,omid:br/0660717423
oci:06330278396-0660717280,omid:br/06330278396,omid:br/0660717280
oci:06330278396-061201165618,omid:br/06330278396,omid:br/061201165618
oci:06330278396-06110493107,omid:br/06330278396,omid:br/06110493107
oci:06530281618-06230976828,omid:br/06530281618,omid:br/06230976828
oci:06530281618-06101004942,omid:br/06530281618,omid:br/06101004942
oci:06380270805-061101175751,omid:br/06380270805,omid:br/061101175751
oci:06380270805-06103744239,omid:br/06380270805,omid:br/06103744239
oci:06380270805-0660783952,omid:br/06380270805,omid:br/0660783952
oci:06380270805-061103503612,omid:br/06380270805,omid:br/061103503612
oci:06380270805-0650919464,omid:br/06380270805,omid:br/0650919464
oci:06380270805-061901866645,omid:br/06380270805,omid:br/061901866645
oci:06380270805-06101165632,omid:br/06380270805,omid:br/06101165632
oci:06380270805-06901162439,omid:br/06380270805,omid:br/06901162439
oci:06380270805-0629033116,omid:br/06380270805,omid:br/0629033116
oci:06450269595-06203920392,omid:br/06450269595,omid:br/06203920392
oci:06450269595-061901250070,omid:br/06450269595,omid:br/061901250070
oci:06450269595-06902733456,omid:br/06450269595,omid:br/06902733456
oci:06450269595-06803122258,omid:br/06450269595,omid:br/06803122258
oci:06450269595-06902733313,omid:br/06450269595,omid:br/06902733313
oci:06450269595-062601166544,omid:br/06450269595,omid:br/062601166544
oci:06450269595-0610857704,omid:br/06450269595,omid:br/0610857704
oci:06450269595-06701200814,omid:br/06450269595,omid:br/06701200814
oci:06450269595-061901209568,omid:br/06450269595,omid:br/061901209568
oci:06390282399-061501295217,omid:br/06390282399,omid:br/061501295217
oci:06390282399-061201157242,omid:br/06390282399,omid:br/061201157242
oci:06390282399-061601228880,omid:br/06390282399,omid:br/061601228880
oci:06390282399-06104587569,omid:br/06390282399,omid:br/06104587569
oci:06390282399-062401001820,omid:br/06390282399,omid:br/062401001820
oci:06390282399-06160898638,omid:br/06390282399,omid:br/06160898638
oci:06390282399-06260881445,omid:br/06390282399,omid:br/06260881445
oci:06390282399-06160898482,omid:br/06390282399,omid:br/06160898482
oci:06390282399-06240846386,omid:br/06390282399,omid:br/06240846386
oci:06390282399-061702201690,omid:br/06390282399,omid:br/061702201690
oci:06390282399-062103281502,omid:br/06390282399,omid:br/062103281502
oci:06390282399-06504575585,omid:br/06390282399,omid:br/06504575585
oci:06390282399-061704015372,omid:br/06390282399,omid:br/061704015372
oci:06390282370-061201157724,omid:br/06390282370,omid:br/061201157724
oci:06390282370-061203102464,omid:br/06390282370,omid:br/061203102464
oci:06390282370-06201029431,omid:br/06390282370,omid:br/06201029431
oci:06390282370-061902235375,omid:br/06390282370,omid:br/061902235375
oci:06390282370-061202037160,omid:br/06390282370,omid:br/061202037160
oci:06390282370-062302041431,omid:br/06390282370,omid:br/062302041431
oci:06390282370-063305161,omid:br/06390282370,omid:br/063305161
oci:06390282370-0640213035,omid:br/06390282370,omid:br/0640213035
oci:06390282370-06804010426,omid:br/06390282370,omid:br/06804010426
oci:06390282370-061802844200,omid:br/06390282370,omid:br/061802844200
oci:06390282370-062601525525,omid:br/06390282370,omid:br/062601525525
oci:06390282370-0670844040,omid:br/06390282370,omid:br/0670844040
oci:06390282370-061902042359,omid:br/06390282370,omid:br/061902042359
oci:06390282370-0604838085,omid:br/06390282370,omid:br/0604838085
oci:06390282370-061103862389,omid:br/06390282370,omid:br/061103862389
oci:06204545316-061304020542,omid:br/06204545316,omid:br/061304020542
oci:06390281524-06220261075,omid:br/06390281524,omid:br/06220261075
oci:06390281524-06430272502,omid:br/06390281524,omid:br/06430272502
oci:06340279472-06201156240,omid:br/06340279472,omid:br/06201156240
oci:06340279472-06380271463,omid:br/06340279472,omid:br/06380271463
oci:0604040941-06701021691,omid:br/0604040941,omid:br/06701021691
oci:0604040941-06701021437,omid:br/0604040941,omid:br/06701021437
oci:06320264850-062204090106,omid:br/06320264850,omid:br/062204090106
oci:06320264850-06901211029,omid:br/06320264850,omid:br/06901211029
oci:061303990715-06220882081,omid:br/061303990715,omid:br/06220882081
oci:061303990715-06220882669,omid:br/061303990715,omid:br/06220882669
oci:061303990715-06701021179,omid:br/061303990715,omid:br/06701021179
oci:061303990715-06390281565,omid:br/061303990715,omid:br/06390281565
oci:06450269623-06601032440,omid:br/06450269623,omid:br/06601032440
oci:06520268810-061203793466,omid:br/06520268810,omid:br/061203793466
oci:06520268810-061203793467,omid:br/06520268810,omid:br/061203793467
oci:06520268810-061101176646,omid:br/06520268810,omid:br/061101176646
oci:06520268810-0620201510,omid:br/06520268810,omid:br/0620201510
oci:06520268810-06250706734,omid:br/06520268810,omid:br/06250706734
oci:061303990744-062501197345,omid:br/061303990744,omid:br/062501197345
oci:061303990744-061503721660,omid:br/061303990744,omid:br/061503721660
oci:06450270390-062403716355,omid:br/06450270390,omid:br/062403716355
oci:06450270390-062601166930,omid:br/06450270390,omid:br/062601166930
oci:06450270390-06901162203,omid:br/06450270390,omid:br/06901162203
oci:06450270390-062101274061,omid:br/06450270390,omid:br/062101274061
oci:06450270390-0627049991,omid:br/06450270390,omid:br/0627049991
oci:06450270390-06530281170,omid:br/06450270390,omid:br/06530281170
oci:061303990808-062503579351,omid:br/061303990808,omid:br/062503579351
oci:061303990808-06410278983,omid:br/061303990808,omid:br/06410278983
oci:061303990808-0604269633,omid:br/061303990808,omid:br/0604269633
oci:061303990808-06280287334,omid:br/061303990808,omid:br/06280287334
oci:0604006421-06260855417,omid:br/0604006421,omid:br/06260855417
oci:0604006421-06360267320,omid:br/0604006421,omid:br/06360267320
oci:0604006421-06340279508,omid:br/0604006421,omid:br/06340279508
oci:0604006421-062604129737,omid:br/0604006421,omid:br/062604129737
oci:06404555414-0604838047,omid:br/06404555414,omid:br/0604838047
oci:06404555414-061102886318,omid:br/06404555414,omid:br/061102886318
oci:06530281256-06220863437,omid:br/06530281256,omid:br/06220863437
oci:06530281256-06210860765,omid:br/06530281256,omid:br/06210860765
oci:06530281256-061404028680,omid:br/06530281256,omid:br/061404028680
oci:06530281256-062403739942,omid:br/06530281256,omid:br/062403739942
oci:0604187650-06301152303,omid:br/0604187650,omid:br/06301152303
oci:0604187650-0644027141,omid:br/0604187650,omid:br/0644027141
oci:0604187650-06220882295,omid:br/0604187650,omid:br/06220882295
oci:0604187650-062203701350,omid:br/0604187650,omid:br/062203701350
oci:06390282425-062401570055,omid:br/06390282425,omid:br/062401570055
oci:06390282425-061102766888,omid:br/06390282425,omid:br/061102766888
oci:06390282425-061801863805,omid:br/06390282425,omid:br/061801863805
oci:06390282425-062401570146,omid:br/06390282425,omid:br/062401570146
oci:06410278610-06101005077,omid:br/06410278610,omid:br/06101005077
oci:06410278610-0604838045,omid:br/06410278610,omid:br/0604838045
oci:06410278610-0604838053,omid:br/06410278610,omid:br/0604838053
oci:061303990778-06403909952,omid:br/061303990778,omid:br/06403909952
oci:061303990778-06404555410,omid:br/061303990778,omid:br/06404555410
oci:061704015366-061703602435,omid:br/061704015366,omid:br/061703602435
oci:0604314158-06120801162,omid:br/0604314158,omid:br/06120801162
oci:0604314158-06270286321,omid:br/0604314158,omid:br/06270286321
oci:061903591493-062203336812,omid:br/061903591493,omid:br/062203336812
oci:061903591493-0620351274,omid:br/061903591493,omid:br/0620351274
oci:061903591493-06110358270,omid:br/061903591493,omid:br/06110358270
oci:061903591493-0610361854,omid:br/061903591493,omid:br/0610361854
oci:061903591493-06450270449,omid:br/061903591493,omid:br/06450270449
oci:061903591493-06701021139,omid:br/061903591493,omid:br/06701021139
oci:061903591493-06701021079,omid:br/061903591493,omid:br/06701021079
oci:06440269152-06301276887,omid:br/06440269152,omid:br/06301276887
oci:0604187667-06601156919,omid:br/0604187667,omid:br/06601156919
oci:0604187667-06250978040,omid:br/0604187667,omid:br/06250978040
oci:0604187667-061404006358,omid:br/0604187667,omid:br/061404006358
oci:0604187667-06380271394,omid:br/0604187667,omid:br/06380271394
oci:0604187667-06390281658,omid:br/0604187667,omid:br/06390281658
oci:0604187667-06360267320,omid:br/0604187667,omid:br/06360267320
oci:0604187667-06480273579,omid:br/0604187667,omid:br/06480273579
oci:0604187667-062504112578,omid:br/0604187667,omid:br/062504112578
oci:06420275415-06170448333,omid:br/06420275415,omid:br/06170448333
oci:06420275415-06230880520,omid:br/06420275415,omid:br/06230880520
oci:06270285898-061303056780,omid:br/06270285898,omid:br/061303056780
oci:06270285898-061801153016,omid:br/06270285898,omid:br/061801153016
oci:06270285898-06510285927,omid:br/06270285898,omid:br/06510285927
oci:06270285898-06280287356,omid:br/06270285898,omid:br/06280287356
oci:0604040928-06504145199,omid:br/0604040928,omid:br/06504145199
oci:0604040928-06604141842,omid:br/0604040928,omid:br/06604141842
oci:0604040928-06203920319,omid:br/0604040928,omid:br/06203920319
oci:0604040928-06203920855,omid:br/0604040928,omid:br/06203920855
oci:0604040928-06603475944,omid:br/0604040928,omid:br/06603475944
oci:0604040928-0660528846,omid:br/0604040928,omid:br/0660528846
oci:0604040928-06701021493,omid:br/0604040928,omid:br/06701021493
oci:0604040928-06504142247,omid:br/0604040928,omid:br/06504142247
oci:0604040928-062103556322,omid:br/0604040928,omid:br/062103556322
oci:062304108342-06703133567,omid:br/062304108342,omid:br/06703133567
oci:062304108342-061103804759,omid:br/062304108342,omid:br/061103804759
oci:062304108342-0620201276,omid:br/062304108342,omid:br/0620201276
oci:062304108342-06220341753,omid:br/062304108342,omid:br/06220341753
oci:062304108342-061103804726,omid:br/062304108342,omid:br/061103804726
oci:062304108342-0640464183,omid:br/062304108342,omid:br/0640464183
oci:0604019548-0604618246,omid:br/0604019548,omid:br/0604618246
oci:0604019548-06350128585,omid:br/0604019548,omid:br/06350128585
oci:06440269943-06304476303,omid:br/06440269943,omid:br/06304476303
oci:06440269943-06101004616,omid:br/06440269943,omid:br/06101004616
oci:06440269943-0642027712,omid:br/06440269943,omid:br/0642027712
oci:06440269943-06701146058,omid:br/06440269943,omid:br/06701146058
oci:06440269943-06220983968,omid:br/06440269943,omid:br/06220983968
oci:06440269943-06250875084,omid:br/06440269943,omid:br/06250875084
oci:06440269943-06310291064,omid:br/06440269943,omid:br/06310291064
oci:06440269943-062101274061,omid:br/06440269943,omid:br/062101274061
oci:06440269943-06250978045,omid:br/06440269943,omid:br/06250978045
oci:06440269943-062304108747,omid:br/06440269943,omid:br/062304108747
oci:06440269943-0604827596,omid:br/06440269943,omid:br/0604827596
oci:06440269943-062604129774,omid:br/06440269943,omid:br/062604129774
oci:06440269943-06380271381,omid:br/06440269943,omid:br/06380271381
oci:06440269943-0604006474,omid:br/06440269943,omid:br/0604006474
oci:06440269943-061303990791,omid:br/06440269943,omid:br/061303990791
oci:06440269943-06404555400,omid:br/06440269943,omid:br/06404555400
oci:06440269943-06460273296,omid:br/06440269943,omid:br/06460273296
oci:06440269943-06380271410,omid:br/06440269943,omid:br/06380271410
oci:06440269943-06380271278,omid:br/06440269943,omid:br/06380271278
oci:06450269650-06240452485,omid:br/06450269650,omid:br/06240452485
oci:062304108345-06602425245,omid:br/062304108345,omid:br/06602425245
oci:062304108345-06602425087,omid:br/062304108345,omid:br/06602425087
oci:06440269946-06230976920,omid:br/06440269946,omid:br/06230976920
oci:06440269946-06310291065,omid:br/06440269946,omid:br/06310291065
oci:06440269946-0620992563,omid:br/06440269946,omid:br/0620992563
oci:06440269946-062503699608,omid:br/06440269946,omid:br/062503699608
oci:06440269946-06310291066,omid:br/06440269946,omid:br/06310291066
oci:06390281494-0660824477,omid:br/06390281494,omid:br/0660824477
oci:06390281494-06240964999,omid:br/06390281494,omid:br/06240964999
oci:06390281494-06701146412,omid:br/06390281494,omid:br/06701146412
oci:06390281494-06480273620,omid:br/06390281494,omid:br/06480273620
oci:062604129828-061701504215,omid:br/062604129828,omid:br/061701504215
oci:062604129828-06101165646,omid:br/062604129828,omid:br/06101165646
oci:062604129828-06220465936,omid:br/062604129828,omid:br/06220465936
oci:062604129828-06210878503,omid:br/062604129828,omid:br/06210878503
oci:062604129828-06240965021,omid:br/062604129828,omid:br/06240965021
oci:062604129828-06210472289,omid:br/062604129828,omid:br/06210472289
oci:062604129828-06220882548,omid:br/062604129828,omid:br/06220882548
oci:062604129828-061901026156,omid:br/062604129828,omid:br/061901026156
oci:062604129828-06460213120,omid:br/062604129828,omid:br/06460213120
oci:062604129828-0630994565,omid:br/062604129828,omid:br/0630994565
oci:062604129828-06250874787,omid:br/062604129828,omid:br/06250874787
oci:062604129828-06260900421,omid:br/062604129828,omid:br/06260900421
oci:062604129519-06201156427,omid:br/062604129519,omid:br/06201156427
oci:062604129519-06601157159,omid:br/062604129519,omid:br/06601157159
oci:062604129519-06601156900,omid:br/062604129519,omid:br/06601156900
oci:062604129519-06220882762,omid:br/062604129519,omid:br/06220882762
oci:062604129519-06104547522,omid:br/062604129519,omid:br/06104547522
oci:062604129519-062604130230,omid:br/062604129519,omid:br/062604130230
oci:062604129519-06904150703,omid:br/062604129519,omid:br/06904150703
oci:06804543050-06260615563,omid:br/06804543050,omid:br/06260615563
oci:061604011187-061901130389,omid:br/061604011187,omid:br/061901130389
oci:06410278968-0690761707,omid:br/06410278968,omid:br/0690761707
oci:06410278968-061403719112,omid:br/06410278968,omid:br/061403719112
oci:06410278968-062104038368,omid:br/06410278968,omid:br/062104038368
oci:06410278968-0630873447,omid:br/06410278968,omid:br/0630873447
oci:06410278968-061104148713,omid:br/06410278968,omid:br/061104148713
oci:06504555656-06402492208,omid:br/06504555656,omid:br/06402492208
oci:06504555656-062101015280,omid:br/06504555656,omid:br/062101015280
oci:062604129848-06101165683,omid:br/062604129848,omid:br/06101165683
oci:062604129848-061803516407,omid:br/062604129848,omid:br/061803516407
oci:062604129848-061202731904,omid:br/062604129848,omid:br/061202731904
oci:062604129848-0610494041,omid:br/062604129848,omid:br/0610494041
oci:062604129848-06103773299,omid:br/062604129848,omid:br/06103773299
oci:062604129848-061402713459,omid:br/062604129848,omid:br/061402713459
oci:062604129848-061203785659,omid:br/062604129848,omid:br/061203785659
oci:062604129848-061803499695,omid:br/062604129848,omid:br/061803499695
oci:062604129848-06803907531,omid:br/062604129848,omid:br/06803907531
oci:062604129848-061803516412,omid:br/062604129848,omid:br/061803516412
oci:062604129848-062501783212,omid:br/062604129848,omid:br/062501783212
oci:062604129848-06103773126,omid:br/062604129848,omid:br/06103773126
oci:062604129848-06260663634,omid:br/062604129848,omid:br/06260663634
oci:062604129848-06250706764,omid:br/062604129848,omid:br/06250706764
oci:062604129848-065207174,omid:br/062604129848,omid:br/065207174
oci:062604129848-061403701672,omid:br/062604129848,omid:br/061403701672
oci:062604129848-06801156889,omid:br/062604129848,omid:br/06801156889
oci:062604129848-061103804749,omid:br/062604129848,omid:br/061103804749
oci:062604129848-0660717724,omid:br/062604129848,omid:br/0660717724
oci:0604618323-06102218700,omid:br/0604618323,omid:br/06102218700
oci:0604618323-06901162458,omid:br/0604618323,omid:br/06901162458
oci:0604618323-06250874635,omid:br/0604618323,omid:br/06250874635
oci:0604618323-06901162237,omid:br/0604618323,omid:br/06901162237
oci:0604618323-06901162220,omid:br/0604618323,omid:br/06901162220
oci:0604618323-06250874748,omid:br/0604618323,omid:br/06250874748
oci:0604618323-06801156140,omid:br/0604618323,omid:br/06801156140
oci:0604618323-06101005584,omid:br/0604618323,omid:br/06101005584
oci:0604618323-0616075766,omid:br/0604618323,omid:br/0616075766
oci:0604618323-062403716335,omid:br/0604618323,omid:br/062403716335
oci:061404006471-06404555936,omid:br/061404006471,omid:br/06404555936
oci:061404006471-06701021737,omid:br/061404006471,omid:br/06701021737
oci:06430272204-06103773092,omid:br/06430272204,omid:br/06103773092
oci:06430272204-061903508612,omid:br/06430272204,omid:br/061903508612
oci:06430272204-0650462363,omid:br/06430272204,omid:br/0650462363
oci:06450269640-062302614211,omid:br/06450269640,omid:br/062302614211
oci:06350270503-06601796084,omid:br/06350270503,omid:br/06601796084
oci:06350270503-06220997098,omid:br/06350270503,omid:br/06220997098
oci:06350270503-06250857042,omid:br/06350270503,omid:br/06250857042
oci:06350270503-062102430915,omid:br/06350270503,omid:br/062102430915
oci:06370278068-06302481362,omid:br/06370278068,omid:br/06302481362
oci:06370278068-06180452537,omid:br/06370278068,omid:br/06180452537
oci:06370278068-06170448333,omid:br/06370278068,omid:br/06170448333
oci:06370278068-061104136085,omid:br/06370278068,omid:br/061104136085
oci:06370278068-06404134106,omid:br/06370278068,omid:br/06404134106
oci:06370278068-06903733130,omid:br/06370278068,omid:br/06903733130
oci:06370278068-0640916702,omid:br/06370278068,omid:br/0640916702
oci:06370278068-0640361273,omid:br/06370278068,omid:br/0640361273
oci:06370278068-06220882975,omid:br/06370278068,omid:br/06220882975
oci:06370278068-06180862250,omid:br/06370278068,omid:br/06180862250
oci:06390283080-06504575535,omid:br/06390283080,omid:br/06504575535
oci:06390283080-06380148086,omid:br/06390283080,omid:br/06380148086
oci:06390283080-06320264864,omid:br/06390283080,omid:br/06320264864
oci:0604618274-062303711421,omid:br/0604618274,omid:br/062303711421
oci:0604618274-06250874916,omid:br/0604618274,omid:br/06250874916
oci:0604618274-06250874927,omid:br/0604618274,omid:br/06250874927
oci:0604618274-062403051584,omid:br/0604618274,omid:br/062403051584
oci:0604618274-061803576985,omid:br/0604618274,omid:br/061803576985
oci:0604618274-0690493651,omid:br/0604618274,omid:br/0690493651
oci:06330278429-06170349877,omid:br/06330278429,omid:br/06170349877
oci:06330278429-06170348351,omid:br/06330278429,omid:br/06170348351
oci:06330278429-06170346300,omid:br/06330278429,omid:br/06170346300
oci:06330278429-06120667397,omid:br/06330278429,omid:br/06120667397
oci:06330278429-061202731429,omid:br/06330278429,omid:br/061202731429
oci:06330278429-061202731413,omid:br/06330278429,omid:br/061202731413
oci:06330278429-061202731610,omid:br/06330278429,omid:br/061202731610
oci:06330278429-061202731857,omid:br/06330278429,omid:br/061202731857
oci:06330278429-061202731629,omid:br/06330278429,omid:br/061202731629
oci:06530281617-06401034304,omid:br/06530281617,omid:br/06401034304
oci:06530281617-0629027029,omid:br/06530281617,omid:br/0629027029
oci:06530281617-062603333170,omid:br/06530281617,omid:br/062603333170
oci:06530281617-062603333321,omid:br/06530281617,omid:br/062603333321
oci:06530281617-061901250537,omid:br/06530281617,omid:br/061901250537
oci:0604040966-062403715554,omid:br/0604040966,omid:br/062403715554
oci:0604040966-06250874968,omid:br/0604040966,omid:br/06250874968
oci:0604040966-06701146529,omid:br/0604040966,omid:br/06701146529
oci:0604040966-061303477778,omid:br/0604040966,omid:br/061303477778
oci:0604040966-06801156141,omid:br/0604040966,omid:br/06801156141
oci:0604040966-062401123127,omid:br/0604040966,omid:br/062401123127
oci:0604040966-062601166765,omid:br/0604040966,omid:br/062601166765
oci:0604040966-06701146978,omid:br/0604040966,omid:br/06701146978
oci:0604040966-062102430351,omid:br/0604040966,omid:br/062102430351
oci:06204545525-0630717799,omid:br/06204545525,omid:br/0630717799
oci:06204545525-061401893461,omid:br/06204545525,omid:br/061401893461
oci:06204545525-0630717620,omid:br/06204545525,omid:br/0630717620
oci:06420276383-0620846021,omid:br/06420276383,omid:br/0620846021
oci:06420276383-06203920595,omid:br/06420276383,omid:br/06203920595
oci:06420276383-0620846231,omid:br/06420276383,omid:br/0620846231
oci:061103592242-06901012787,omid:br/061103592242,omid:br/06901012787
oci:061103592242-06701021804,omid:br/061103592242,omid:br/06701021804
oci:061103592242-06601156922,omid:br/061103592242,omid:br/06601156922
oci:061103592242-06604540001,omid:br/061103592242,omid:br/06604540001
oci:06504555643-062102121629,omid:br/06504555643,omid:br/062102121629
oci:06480273159-06604131827,omid:br/06480273159,omid:br/06604131827
oci:06480273159-0604838031,omid:br/06480273159,omid:br/0604838031
oci:06450270410-06101005002,omid:br/06450270410,omid:br/06101005002
oci:06450270410-06490355150,omid:br/06450270410,omid:br/06490355150
oci:06450270410-06210878375,omid:br/06450270410,omid:br/06210878375
oci:06104547630-06604539812,omid:br/06104547630,omid:br/06604539812
oci:06104547630-0604643397,omid:br/06104547630,omid:br/0604643397
oci:06530281635-0620846761,omid:br/06530281635,omid:br/0620846761
oci:06530281635-0690724568,omid:br/06530281635,omid:br/0690724568
oci:06304533177-0690907270,omid:br/06304533177,omid:br/0690907270
oci:06304533177-06120885004,omid:br/06304533177,omid:br/06120885004
oci:06304533177-06120885128,omid:br/06304533177,omid:br/06120885128
oci:06304533177-06160898333,omid:br/06304533177,omid:br/06160898333
oci:06304533177-0690514724,omid:br/06304533177,omid:br/0690514724
oci:06304533177-0690514727,omid:br/06304533177,omid:br/0690514727
oci:06304533177-062303339191,omid:br/06304533177,omid:br/062303339191
oci:061704015168-061403559539,omid:br/061704015168,omid:br/061403559539
oci:061404006759-0630849543,omid:br/061404006759,omid:br/0630849543
oci:061404006759-06240937275,omid:br/061404006759,omid:br/06240937275
oci:06430272815-06401517847,omid:br/06430272815,omid:br/06401517847
oci:06430272815-06201509532,omid:br/06430272815,omid:br/06201509532
oci:06430272815-06230977066,omid:br/06430272815,omid:br/06230977066
oci:06430272815-0620991682,omid:br/06430272815,omid:br/0620991682
oci:06430272815-06230976975,omid:br/06430272815,omid:br/06230976975
oci:06430272815-061801153026,omid:br/06430272815,omid:br/061801153026
oci:06430272815-062403715657,omid:br/06430272815,omid:br/062403715657
oci:06430272815-0630732962,omid:br/06430272815,omid:br/0630732962
oci:062304108302-0610361154,omid:br/062304108302,omid:br/0610361154
oci:062304108302-06160354324,omid:br/062304108302,omid:br/06160354324
oci:062304108302-06130888848,omid:br/062304108302,omid:br/06130888848
oci:062304108302-061101176218,omid:br/062304108302,omid:br/061101176218
oci:062304108302-06803908516,omid:br/062304108302,omid:br/06803908516
oci:062304108302-061101175752,omid:br/062304108302,omid:br/061101175752
oci:062304108302-061103512030,omid:br/062304108302,omid:br/061103512030
oci:062304108321-062204166241,omid:br/062304108321,omid:br/062204166241
oci:062304108321-06260280631,omid:br/062304108321,omid:br/06260280631
oci:062304108321-0640475053,omid:br/062304108321,omid:br/0640475053
oci:062304108321-06250874777,omid:br/062304108321,omid:br/06250874777
oci:062304108321-062601166763,omid:br/062304108321,omid:br/062601166763
oci:06310271855-062102869798,omid:br/06310271855,omid:br/062102869798
oci:06440269982-06502430207,omid:br/06440269982,omid:br/06502430207
oci:06440269982-062102227811,omid:br/06440269982,omid:br/062102227811
oci:06440269982-062202222594,omid:br/06440269982,omid:br/062202222594
oci:06440269982-062602901803,omid:br/06440269982,omid:br/062602901803
oci:06440269982-062602901798,omid:br/06440269982,omid:br/062602901798
oci:06440269982-06350270105,omid:br/06440269982,omid:br/06350270105
oci:06530281637-061803632291,omid:br/06530281637,omid:br/061803632291
oci:06530281637-062604197951,omid:br/06530281637,omid:br/062604197951
oci:06430272836-06210979240,omid:br/06430272836,omid:br/06210979240
oci:06430272836-061301573479,omid:br/06430272836,omid:br/061301573479
oci:06430272836-061703977162,omid:br/06430272836,omid:br/061703977162
oci:06430272836-061503954478,omid:br/06430272836,omid:br/061503954478
oci:06430272836-0604618246,omid:br/06430272836,omid:br/0604618246
oci:0604004073-061701209826,omid:br/0604004073,omid:br/061701209826
oci:0604004073-061703074287,omid:br/0604004073,omid:br/061703074287
oci:0604004073-06260942649,omid:br/0604004073,omid:br/06260942649
oci:0604004073-062503076201,omid:br/0604004073,omid:br/062503076201
oci:0604004073-061902855030,omid:br/0604004073,omid:br/061902855030
oci:0604004073-06601157490,omid:br/0604004073,omid:br/06601157490
oci:0604004073-061803516316,omid:br/0604004073,omid:br/061803516316
oci:0604004073-06280288071,omid:br/0604004073,omid:br/06280288071
oci:06440269173-062603043249,omid:br/06440269173,omid:br/062603043249
oci:062104090466-062201192297,omid:br/062104090466,omid:br/062201192297
oci:062104090466-06103512097,omid:br/062104090466,omid:br/06103512097
oci:062104090466-06903129244,omid:br/062104090466,omid:br/06903129244
oci:062104090466-0646026801,omid:br/062104090466,omid:br/0646026801
oci:062104090466-06104195250,omid:br/062104090466,omid:br/06104195250
oci:062104090466-061902440749,omid:br/062104090466,omid:br/061902440749
oci:0604187670-06601156907,omid:br/0604187670,omid:br/06601156907
oci:0604187670-06201156239,omid:br/0604187670,omid:br/06201156239
oci:0604187670-06804542990,omid:br/0604187670,omid:br/06804542990
oci:0604187670-06390281560,omid:br/0604187670,omid:br/06390281560
oci:0604187670-06380271426,omid:br/0604187670,omid:br/06380271426
oci:0604187670-06804542940,omid:br/0604187670,omid:br/06804542940
oci:061804094356-06901211029,omid:br/061804094356,omid:br/06901211029
oci:06104547643-0604838026,omid:br/06104547643,omid:br/0604838026
oci:06104547643-061601461742,omid:br/06104547643,omid:br/061601461742
oci:06104547643-06103919008,omid:br/06104547643,omid:br/06103919008
oci:06104547643-061901026055,omid:br/06104547643,omid:br/061901026055
oci:06104547643-0637028633,omid:br/06104547643,omid:br/0637028633
oci:06104547643-06804543224,omid:br/06104547643,omid:br/06804543224
oci:06704332513-06530281126,omid:br/06704332513,omid:br/06530281126
oci:06704332513-062203566835,omid:br/06704332513,omid:br/062203566835
oci:06340279829-0635031687,omid:br/06340279829,omid:br/0635031687
oci:06390281514-06230880489,omid:br/06390281514,omid:br/06230880489
oci:06390281514-062102675185,omid:br/06390281514,omid:br/062102675185
oci:06390281514-061404006312,omid:br/06390281514,omid:br/061404006312
oci:06390281571-06501163568,omid:br/06390281571,omid:br/06501163568
oci:06390281571-06601157534,omid:br/06390281571,omid:br/06601157534
oci:06390281571-06501163414,omid:br/06390281571,omid:br/06501163414
oci:06390281571-062301144999,omid:br/06390281571,omid:br/062301144999
oci:06390281571-061104113860,omid:br/06390281571,omid:br/061104113860
oci:06390281571-06301152994,omid:br/06390281571,omid:br/06301152994
oci:06390281571-06120885464,omid:br/06390281571,omid:br/06120885464
oci:06390281571-06440270597,omid:br/06390281571,omid:br/06440270597
oci:061303990714-061303477996,omid:br/061303990714,omid:br/061303477996
oci:061303990714-06601157157,omid:br/061303990714,omid:br/06601157157
oci:061303990714-06701146024,omid:br/061303990714,omid:br/06701146024
oci:061303990714-063605032,omid:br/061303990714,omid:br/063605032
oci:061704015321-061103804085,omid:br/061704015321,omid:br/061103804085
oci:061704015321-0670357108,omid:br/061704015321,omid:br/0670357108
oci:061704015321-0680718275,omid:br/061704015321,omid:br/0680718275
oci:061704015321-0670356993,omid:br/061704015321,omid:br/0670356993
oci:061704015321-061803516332,omid:br/061704015321,omid:br/061803516332
oci:061704015321-06703133336,omid:br/061704015321,omid:br/06703133336
oci:061704015321-06110712649,omid:br/061704015321,omid:br/06110712649
oci:0604187680-061803719936,omid:br/0604187680,omid:br/061803719936
oci:0604187680-06401162020,omid:br/0604187680,omid:br/06401162020
oci:0604187680-06404134145,omid:br/0604187680,omid:br/06404134145
oci:0604187680-06401161756,omid:br/0604187680,omid:br/06401161756
oci:0604187680-06120703034,omid:br/0604187680,omid:br/06120703034
oci:0604187680-06150678784,omid:br/0604187680,omid:br/06150678784
oci:0604187680-0680718059,omid:br/0604187680,omid:br/0680718059
oci:06104547848-061601250160,omid:br/06104547848,omid:br/061601250160
oci:06104547848-06240965319,omid:br/06104547848,omid:br/06240965319
oci:06104547848-06704514370,omid:br/06104547848,omid:br/06704514370
oci:06510285497-062303338694,omid:br/06510285497,omid:br/062303338694
oci:06510285497-062303338993,omid:br/06510285497,omid:br/062303338993
oci:06510285497-062303338996,omid:br/06510285497,omid:br/062303338996
oci:06510285497-062303339205,omid:br/06510285497,omid:br/062303339205
oci:06510285497-06130347247,omid:br/06510285497,omid:br/06130347247
oci:06510285497-06703973359,omid:br/06510285497,omid:br/06703973359
oci:06510285497-0690360847,omid:br/06510285497,omid:br/0690360847
oci:06510285497-06160990177,omid:br/06510285497,omid:br/06160990177
oci:06510285497-06170349363,omid:br/06510285497,omid:br/06170349363
oci:06510285497-06170348385,omid:br/06510285497,omid:br/06170348385
oci:06510285497-06170349292,omid:br/06510285497,omid:br/06170349292
oci:06510285497-0620716091,omid:br/06510285497,omid:br/0620716091
oci:06520268834-0670472107,omid:br/06520268834,omid:br/0670472107
oci:06520268834-062402121016,omid:br/06520268834,omid:br/062402121016
oci:06520268834-06280287571,omid:br/06520268834,omid:br/06280287571
oci:06520268834-06203998669,omid:br/06520268834,omid:br/06203998669
oci:06390282353-06403909510,omid:br/06390282353,omid:br/06403909510
oci:06390282353-0604838084,omid:br/06390282353,omid:br/0604838084
oci:06390282353-06601157454,omid:br/06390282353,omid:br/06601157454
oci:06390282353-062501138636,omid:br/06390282353,omid:br/062501138636
oci:06390282353-062604130230,omid:br/06390282353,omid:br/062604130230
oci:06204545358-062101605143,omid:br/06204545358,omid:br/062101605143
oci:06530281656-06490355203,omid:br/06530281656,omid:br/06490355203
oci:06530281656-0627050714,omid:br/06530281656,omid:br/0627050714
oci:0604643429-061301242856,omid:br/0604643429,omid:br/061301242856
oci:0604643429-06903718190,omid:br/0604643429,omid:br/06903718190
oci:0604247996-06140724187,omid:br/0604247996,omid:br/06140724187
oci:0604247996-06701021286,omid:br/0604247996,omid:br/06701021286
oci:0604247996-06701021276,omid:br/0604247996,omid:br/06701021276
oci:0604247996-06601156950,omid:br/0604247996,omid:br/06601156950
oci:0604247996-06260899931,omid:br/0604247996,omid:br/06260899931
oci:0604247996-0638053362,omid:br/0604247996,omid:br/0638053362
oci:0604247996-06804567613,omid:br/0604247996,omid:br/06804567613
oci:0604247996-06303300614,omid:br/0604247996,omid:br/06303300614
oci:0604247996-061602887320,omid:br/0604247996,omid:br/061602887320
oci:0604247996-061602887481,omid:br/0604247996,omid:br/061602887481
oci:0604247996-06701021500,omid:br/0604247996,omid:br/06701021500
oci:0604247996-06320295568,omid:br/0604247996,omid:br/06320295568
oci:06390281515-062202718176,omid:br/06390281515,omid:br/062202718176
oci:06390281515-062302723026,omid:br/06390281515,omid:br/062302723026
oci:06390281515-06601157403,omid:br/06390281515,omid:br/06601157403
oci:06390281515-062103687902,omid:br/06390281515,omid:br/062103687902
oci:06390281515-06380271369,omid:br/06390281515,omid:br/06380271369
oci:06390281515-06804542916,omid:br/06390281515,omid:br/06804542916
oci:06390281515-06350269838,omid:br/06390281515,omid:br/06350269838
oci:06530281596-06210978867,omid:br/06530281596,omid:br/06210978867
oci:06530281596-061101175817,omid:br/06530281596,omid:br/061101175817
oci:06390281552-061303941748,omid:br/06390281552,omid:br/061303941748
oci:06390281552-0604838033,omid:br/06390281552,omid:br/0604838033
oci:06390281552-061104113857,omid:br/06390281552,omid:br/061104113857
oci:06390281552-06430272440,omid:br/06390281552,omid:br/06430272440
oci:062404026245-062601005470,omid:br/062404026245,omid:br/062601005470
oci:062404026245-062601005962,omid:br/062404026245,omid:br/062601005962
oci:062404026245-06220882669,omid:br/062404026245,omid:br/06220882669
oci:062404026245-06210860993,omid:br/062404026245,omid:br/06210860993
oci:062404026245-06230881084,omid:br/062404026245,omid:br/06230881084
oci:062404026245-06250979030,omid:br/062404026245,omid:br/06250979030
oci:062404026245-062601006025,omid:br/062404026245,omid:br/062601006025
oci:062404026245-062601215525,omid:br/062404026245,omid:br/062601215525
oci:062404026245-06210878232,omid:br/062404026245,omid:br/06210878232
oci:062404026245-062401123249,omid:br/062404026245,omid:br/062401123249
oci:062404026245-061202037147,omid:br/062404026245,omid:br/061202037147
oci:06390283018-06120566017,omid:br/06390283018,omid:br/06120566017
oci:06390283018-062601166598,omid:br/06390283018,omid:br/062601166598
oci:06390283018-0625077624,omid:br/06390283018,omid:br/0625077624
oci:06390283018-06260958381,omid:br/06390283018,omid:br/06260958381
oci:06390283018-06101165723,omid:br/06390283018,omid:br/06101165723
oci:06390283018-06190472231,omid:br/06390283018,omid:br/06190472231
oci:06390283018-06703885636,omid:br/06390283018,omid:br/06703885636
oci:06203995989-06301153070,omid:br/06203995989,omid:br/06301153070
oci:06203995989-06401161621,omid:br/06203995989,omid:br/06401161621
oci:06350270515-0610355197,omid:br/06350270515,omid:br/0610355197
oci:06350270515-062079835,omid:br/06350270515,omid:br/062079835
oci:06104547919-062601006049,omid:br/06104547919,omid:br/062601006049
oci:06104547919-061404006358,omid:br/06104547919,omid:br/061404006358
oci:06904150841-062604113841,omid:br/06904150841,omid:br/062604113841
oci:06904150841-062601005448,omid:br/06904150841,omid:br/062601005448
oci:06904150841-062201143020,omid:br/06904150841,omid:br/062201143020
oci:06904150841-063905472,omid:br/06904150841,omid:br/063905472
oci:06904150841-06230880320,omid:br/06904150841,omid:br/06230880320
oci:06904150841-062604113842,omid:br/06904150841,omid:br/062604113842
oci:06904150841-06501213994,omid:br/06904150841,omid:br/06501213994
oci:06904150841-06240965286,omid:br/06904150841,omid:br/06240965286
oci:06904150841-06701146397,omid:br/06904150841,omid:br/06701146397
oci:06904150841-06380271429,omid:br/06904150841,omid:br/06380271429
oci:06904150841-0604269585,omid:br/06904150841,omid:br/0604269585
oci:06904150841-0604269581,omid:br/06904150841,omid:br/0604269581
oci:06904150841-06370277686,omid:br/06904150841,omid:br/06370277686
oci:06904150841-06390281556,omid:br/06904150841,omid:br/06390281556
oci:06904150841-06390281567,omid:br/06904150841,omid:br/06390281567
oci:06504555518-06203920430,omid:br/06504555518,omid:br/06203920430
oci:06504555518-062302125976,omid:br/06504555518,omid:br/062302125976
oci:06504555518-062601166823,omid:br/06504555518,omid:br/062601166823
oci:06504555518-06902733602,omid:br/06504555518,omid:br/06902733602
oci:06504555518-0630849393,omid:br/06504555518,omid:br/0630849393
oci:06504555518-062204051120,omid:br/06504555518,omid:br/062204051120
oci:06504555518-06701021686,omid:br/06504555518,omid:br/06701021686
oci:06450270480-06903739014,omid:br/06450270480,omid:br/06903739014
oci:06450270480-06230976983,omid:br/06450270480,omid:br/06230976983
oci:06450270480-061503712408,omid:br/06450270480,omid:br/061503712408
oci:06450270480-061801498223,omid:br/06450270480,omid:br/061801498223
oci:06450270480-062601166670,omid:br/06450270480,omid:br/062601166670
oci:06340279852-0625087651,omid:br/06340279852,omid:br/0625087651
oci:061303990793-061701789690,omid:br/061303990793,omid:br/061701789690
oci:061303990793-062203051188,omid:br/061303990793,omid:br/062203051188
oci:061303990793-06103487155,omid:br/061303990793,omid:br/06103487155
oci:061303990793-06120667605,omid:br/061303990793,omid:br/06120667605
oci:061303990793-0670712350,omid:br/061303990793,omid:br/0670712350
oci:061303990793-06380271432,omid:br/061303990793,omid:br/06380271432
oci:06204545514-06602531500,omid:br/06204545514,omid:br/06602531500
oci:06410278948-061901648514,omid:br/06410278948,omid:br/061901648514
oci:06410278948-06701498688,omid:br/06410278948,omid:br/06701498688
oci:06410278948-062601166495,omid:br/06410278948,omid:br/062601166495
oci:0604643443-06304551860,omid:br/0604643443,omid:br/06304551860
oci:0604643443-06504575585,omid:br/0604643443,omid:br/06504575585
oci:0604643443-06530281256,omid:br/0604643443,omid:br/06530281256
oci:0604643443-06320264877,omid:br/0604643443,omid:br/06320264877
oci:06904150842-061401232811,omid:br/06904150842,omid:br/061401232811
oci:06904150842-0660487114,omid:br/06904150842,omid:br/0660487114
oci:06904150842-06280288302,omid:br/06904150842,omid:br/06280288302
oci:06904150842-06804542998,omid:br/06904150842,omid:br/06804542998
oci:06904150842-06380271442,omid:br/06904150842,omid:br/06380271442
oci:06904150842-06270286530,omid:br/06904150842,omid:br/06270286530
oci:061904099613-0620992533,omid:br/061904099613,omid:br/0620992533
oci:061904099613-0650998660,omid:br/061904099613,omid:br/0650998660
oci:061904099613-06210979240,omid:br/061904099613,omid:br/06210979240
oci:061904099613-061901152705,omid:br/061904099613,omid:br/061901152705
oci:061904099613-0604120159,omid:br/061904099613,omid:br/0604120159
oci:061904099613-06701021270,omid:br/061904099613,omid:br/06701021270
oci:06460272837-06530281617,omid:br/06460272837,omid:br/06530281617
oci:06460272837-06404555967,omid:br/06460272837,omid:br/06404555967
oci:062203583778-061301145821,omid:br/062203583778,omid:br/061301145821
oci:06410278611-06404549206,omid:br/06410278611,omid:br/06404549206
oci:06410278611-06204545348,omid:br/06410278611,omid:br/06204545348
oci:06450269661-062203336343,omid:br/06450269661,omid:br/062203336343
oci:06450269661-06902757194,omid:br/06450269661,omid:br/06902757194
oci:06450269661-06902757366,omid:br/06450269661,omid:br/06902757366
oci:061704015358-061104151942,omid:br/061704015358,omid:br/061104151942
oci:061704015358-06601157534,omid:br/061704015358,omid:br/06601157534
oci:061704015358-061104152137,omid:br/061704015358,omid:br/061104152137
oci:061704015358-0628050094,omid:br/061704015358,omid:br/0628050094
oci:061704015358-061204016397,omid:br/061704015358,omid:br/061204016397
oci:062503558964-062102431030,omid:br/062503558964,omid:br/062102431030
oci:062503558964-06170955606,omid:br/062503558964,omid:br/06170955606
oci:062503558964-061803285390,omid:br/062503558964,omid:br/061803285390
oci:06350270527-06703900300,omid:br/06350270527,omid:br/06703900300
oci:06350270527-061703593652,omid:br/06350270527,omid:br/061703593652
oci:06350270527-0642067726,omid:br/06350270527,omid:br/0642067726
oci:06504555476-06504018381,omid:br/06504555476,omid:br/06504018381
oci:06504555476-0630994544,omid:br/06504555476,omid:br/0630994544
oci:06504555476-061403710137,omid:br/06504555476,omid:br/061403710137
oci:06504555476-062601166453,omid:br/06504555476,omid:br/062601166453
oci:06504555476-06101520976,omid:br/06504555476,omid:br/06101520976
oci:06504555476-061803664559,omid:br/06504555476,omid:br/061803664559
oci:06504555476-0690479581,omid:br/06504555476,omid:br/0690479581
oci:06504555476-061601464039,omid:br/06504555476,omid:br/061601464039
oci:06504555476-06230489978,omid:br/06504555476,omid:br/06230489978
oci:06504555476-061103100244,omid:br/06504555476,omid:br/061103100244
oci:06504555476-06160266160,omid:br/06504555476,omid:br/06160266160
oci:06530281250-06240477178,omid:br/06530281250,omid:br/06240477178
oci:06530281250-06201156515,omid:br/06530281250,omid:br/06201156515
oci:06530281250-06702743293,omid:br/06530281250,omid:br/06702743293
oci:06530281250-06501163435,omid:br/06530281250,omid:br/06501163435
oci:06530281250-06120703051,omid:br/06530281250,omid:br/06120703051
oci:06530281250-062501122370,omid:br/06530281250,omid:br/062501122370
oci:06530281250-06160173307,omid:br/06530281250,omid:br/06160173307
oci:06530281250-06140479879,omid:br/06530281250,omid:br/06140479879
oci:0604006471-0647025041,omid:br/0604006471,omid:br/0647025041
oci:0604006471-06130948145,omid:br/0604006471,omid:br/06130948145
oci:0604006471-0646026784,omid:br/0604006471,omid:br/0646026784
oci:0604006471-062202428460,omid:br/0604006471,omid:br/062202428460
oci:06290277270-06250262689,omid:br/06290277270,omid:br/06250262689
oci:06290277270-0620992286,omid:br/06290277270,omid:br/0620992286
oci:06290277270-06230976764,omid:br/06290277270,omid:br/06230976764
oci:06290277270-062601005909,omid:br/06290277270,omid:br/062601005909
oci:06290277270-061801031542,omid:br/06290277270,omid:br/061801031542
oci:06290277270-06180989675,omid:br/06290277270,omid:br/06180989675
oci:06290277270-0604838079,omid:br/06290277270,omid:br/0604838079
oci:0604187701-061101793989,omid:br/0604187701,omid:br/061101793989
oci:0604187701-062601041793,omid:br/0604187701,omid:br/062601041793
oci:0604187701-06210860765,omid:br/0604187701,omid:br/06210860765
oci:0604187701-06250978047,omid:br/0604187701,omid:br/06250978047
oci:0604187701-06220882192,omid:br/0604187701,omid:br/06220882192
oci:0604187701-062403739102,omid:br/0604187701,omid:br/062403739102
oci:0604019590-0660906600,omid:br/0604019590,omid:br/0660906600
oci:0604019590-0660906603,omid:br/0604019590,omid:br/0660906603
oci:0604019590-06530281134,omid:br/0604019590,omid:br/06530281134
oci:06330278406-06320264920,omid:br/06330278406,omid:br/06320264920
oci:06330278406-06401161883,omid:br/06330278406,omid:br/06401161883
oci:06330278406-06250706829,omid:br/06330278406,omid:br/06250706829
oci:06330278406-061101175817,omid:br/06330278406,omid:br/061101175817
oci:06330278406-062202117942,omid:br/06330278406,omid:br/062202117942
oci:06330278406-0610835820,omid:br/06330278406,omid:br/0610835820
oci:06330278406-0660622261,omid:br/06330278406,omid:br/0660622261
oci:06330278406-061202731725,omid:br/06330278406,omid:br/061202731725
oci:06330278406-06250875184,omid:br/06330278406,omid:br/06250875184
oci:06330278406-0690722824,omid:br/06330278406,omid:br/0690722824
oci:06330278406-0670843340,omid:br/06330278406,omid:br/0670843340
oci:06320264870-062601005442,omid:br/06320264870,omid:br/062601005442
oci:06320264870-062601005364,omid:br/06320264870,omid:br/062601005364
oci:06320264870-062601005676,omid:br/06320264870,omid:br/062601005676
oci:06320264870-06240964459,omid:br/06320264870,omid:br/06240964459
oci:06320264870-061201240989,omid:br/06320264870,omid:br/061201240989
oci:06320264870-062601005896,omid:br/06320264870,omid:br/062601005896
oci:06320264870-06230977585,omid:br/06320264870,omid:br/06230977585
oci:06320264870-06230977165,omid:br/06320264870,omid:br/06230977165
oci:06320264870-06220983973,omid:br/06320264870,omid:br/06220983973
oci:06320264870-06250978546,omid:br/06320264870,omid:br/06250978546
oci:06320264870-06220983975,omid:br/06320264870,omid:br/06220983975
oci:06320264870-06101164851,omid:br/06320264870,omid:br/06101164851
oci:06320264870-06601157318,omid:br/06320264870,omid:br/06601157318
oci:06320264870-06401161372,omid:br/06320264870,omid:br/06401161372
oci:06320264870-06401161487,omid:br/06320264870,omid:br/06401161487
oci:06320264870-062204090116,omid:br/06320264870,omid:br/062204090116
oci:06320264870-062204090117,omid:br/06320264870,omid:br/062204090117
oci:06320264870-06601156536,omid:br/06320264870,omid:br/06601156536
oci:06320264870-06210878491,omid:br/06320264870,omid:br/06210878491
oci:06320264870-062601005611,omid:br/06320264870,omid:br/062601005611
oci:06320264870-062601005202,omid:br/06320264870,omid:br/062601005202
oci:06320264870-06701021201,omid:br/06320264870,omid:br/06701021201
oci:06320264870-06230880790,omid:br/06320264870,omid:br/06230880790
oci:06320264870-062204090119,omid:br/06320264870,omid:br/062204090119
oci:06320264870-06601156679,omid:br/06320264870,omid:br/06601156679
oci:06320264870-06501163719,omid:br/06320264870,omid:br/06501163719
oci:06320264870-06601157516,omid:br/06320264870,omid:br/06601157516
oci:06320264870-06250978317,omid:br/06320264870,omid:br/06250978317
oci:06320264870-062601005271,omid:br/06320264870,omid:br/062601005271
oci:06320264870-06301152914,omid:br/06320264870,omid:br/06301152914
oci:06320264870-06401161377,omid:br/06320264870,omid:br/06401161377
oci:06320264870-06601157203,omid:br/06320264870,omid:br/06601157203
oci:06320264870-06250978322,omid:br/06320264870,omid:br/06250978322
oci:06320264870-06501163696,omid:br/06320264870,omid:br/06501163696
oci:06320264870-06501163369,omid:br/06320264870,omid:br/06501163369
oci:06320264870-06501163290,omid:br/06320264870,omid:br/06501163290
oci:06320264870-06250978542,omid:br/06320264870,omid:br/06250978542
oci:06320264870-062204090123,omid:br/06320264870,omid:br/062204090123
oci:06320264870-06230880977,omid:br/06320264870,omid:br/06230880977
oci:06320264870-06201156343,omid:br/06320264870,omid:br/06201156343
oci:06320264870-06604522845,omid:br/06320264870,omid:br/06604522845
oci:06320264870-06220882254,omid:br/06320264870,omid:br/06220882254
oci:06320264870-06220882393,omid:br/06320264870,omid:br/06220882393
oci:06320264870-06401161358,omid:br/06320264870,omid:br/06401161358
oci:06320264870-06230977524,omid:br/06320264870,omid:br/06230977524
oci:06320264870-06601157355,omid:br/06320264870,omid:br/06601157355
oci:06320264870-06240964412,omid:br/06320264870,omid:br/06240964412
oci:06320264870-06701146197,omid:br/06320264870,omid:br/06701146197
oci:06320264870-06240964997,omid:br/06320264870,omid:br/06240964997
oci:06320264870-062401123586,omid:br/06320264870,omid:br/062401123586
oci:06320264870-062303711577,omid:br/06320264870,omid:br/062303711577
oci:06320264870-06220882775,omid:br/06320264870,omid:br/06220882775
oci:06320264870-06601156958,omid:br/06320264870,omid:br/06601156958
oci:06320264870-06601156900,omid:br/06320264870,omid:br/06601156900
oci:06320264870-06230976672,omid:br/06320264870,omid:br/06230976672
oci:06320264870-06220882211,omid:br/06320264870,omid:br/06220882211
oci:06320264870-062303711644,omid:br/06320264870,omid:br/062303711644
oci:06320264870-062601166665,omid:br/06320264870,omid:br/062601166665
oci:06320264870-06120702706,omid:br/06320264870,omid:br/06120702706
oci:06320264870-06230881126,omid:br/06320264870,omid:br/06230881126
oci:06320264870-06110712162,omid:br/06320264870,omid:br/06110712162
oci:06320264870-06150713053,omid:br/06320264870,omid:br/06150713053
oci:06320264870-06250978318,omid:br/06320264870,omid:br/06250978318
oci:06320264870-0690881501,omid:br/06320264870,omid:br/0690881501
oci:06320264870-06120860691,omid:br/06320264870,omid:br/06120860691
oci:06320264870-06401161508,omid:br/06320264870,omid:br/06401161508
oci:06320264870-062203701270,omid:br/06320264870,omid:br/062203701270
oci:06320264870-061404028666,omid:br/06320264870,omid:br/061404028666
oci:06320264870-062203701056,omid:br/06320264870,omid:br/062203701056
oci:06320264870-06601157238,omid:br/06320264870,omid:br/06601157238
oci:06320264870-06601156962,omid:br/06320264870,omid:br/06601156962
oci:06320264870-06604522846,omid:br/06320264870,omid:br/06604522846
oci:06320264870-06603908306,omid:br/06320264870,omid:br/06603908306
oci:06320264870-06301153164,omid:br/06320264870,omid:br/06301153164
oci:06320264870-06240965297,omid:br/06320264870,omid:br/06240965297
oci:06320264870-062601005873,omid:br/06320264870,omid:br/062601005873
oci:06320264870-06201156546,omid:br/06320264870,omid:br/06201156546
oci:06320264870-062401123122,omid:br/06320264870,omid:br/062401123122
oci:06320264870-062403715554,omid:br/06320264870,omid:br/062403715554
oci:06320264870-061404028669,omid:br/06320264870,omid:br/061404028669
oci:06320264870-06240964567,omid:br/06320264870,omid:br/06240964567
oci:06320264870-061404028668,omid:br/06320264870,omid:br/061404028668
oci:06320264870-06230881102,omid:br/06320264870,omid:br/06230881102
oci:06320264870-062601005367,omid:br/06320264870,omid:br/062601005367
oci:06320264870-06250978555,omid:br/06320264870,omid:br/06250978555
oci:06320264870-0690882186,omid:br/06320264870,omid:br/0690882186
oci:06320264870-06304024322,omid:br/06320264870,omid:br/06304024322
oci:06320264870-06701146201,omid:br/06320264870,omid:br/06701146201
oci:06320264870-06401161639,omid:br/06320264870,omid:br/06401161639
oci:06320264870-06401161654,omid:br/06320264870,omid:br/06401161654
oci:06320264870-062601005469,omid:br/06320264870,omid:br/062601005469
oci:06320264870-06401161186,omid:br/06320264870,omid:br/06401161186
oci:06320264870-062103688185,omid:br/06320264870,omid:br/062103688185
oci:06320264870-06250978538,omid:br/06320264870,omid:br/06250978538
oci:06320264870-06240865701,omid:br/06320264870,omid:br/06240865701
oci:06320264870-06230880480,omid:br/06320264870,omid:br/06230880480
oci:06320264870-062601005681,omid:br/06320264870,omid:br/062601005681
oci:06320264870-062403629119,omid:br/06320264870,omid:br/062403629119
oci:06320264870-062103687780,omid:br/06320264870,omid:br/062103687780
oci:06320264870-06240865636,omid:br/06320264870,omid:br/06240865636
oci:06320264870-06230977325,omid:br/06320264870,omid:br/06230977325
oci:06320264870-062601005149,omid:br/06320264870,omid:br/062601005149
oci:06320264870-06250978541,omid:br/06320264870,omid:br/06250978541
oci:06320264870-062204090130,omid:br/06320264870,omid:br/062204090130
oci:06320264870-06601156903,omid:br/06320264870,omid:br/06601156903
oci:06320264870-06201156089,omid:br/06320264870,omid:br/06201156089
oci:06320264870-06601156684,omid:br/06320264870,omid:br/06601156684
oci:06320264870-06201156565,omid:br/06320264870,omid:br/06201156565
oci:06320264870-06250978131,omid:br/06320264870,omid:br/06250978131
oci:06320264870-06250978054,omid:br/06320264870,omid:br/06250978054
oci:06320264870-06250978709,omid:br/06320264870,omid:br/06250978709
oci:06320264870-062601005684,omid:br/06320264870,omid:br/062601005684
oci:06320264870-06601156669,omid:br/06320264870,omid:br/06601156669
oci:06320264870-062204090132,omid:br/06320264870,omid:br/062204090132
oci:06320264870-062601166482,omid:br/06320264870,omid:br/062601166482
oci:06320264870-061303717893,omid:br/06320264870,omid:br/061303717893
oci:06320264870-06601157249,omid:br/06320264870,omid:br/06601157249
oci:06320264870-06240964464,omid:br/06320264870,omid:br/06240964464
oci:06320264870-06702405868,omid:br/06320264870,omid:br/06702405868
oci:06320264870-0670925267,omid:br/06320264870,omid:br/0670925267
oci:06320264870-06601156907,omid:br/06320264870,omid:br/06601156907
oci:06320264870-062601005363,omid:br/06320264870,omid:br/062601005363
oci:06320264870-06601157328,omid:br/06320264870,omid:br/06601157328
oci:06320264870-06201156537,omid:br/06320264870,omid:br/06201156537
oci:06320264870-06201156346,omid:br/06320264870,omid:br/06201156346
oci:06320264870-062303711625,omid:br/06320264870,omid:br/062303711625
oci:06320264870-06240964702,omid:br/06320264870,omid:br/06240964702
oci:06320264870-062301145124,omid:br/06320264870,omid:br/062301145124
oci:06320264870-06220882074,omid:br/06320264870,omid:br/06220882074
oci:06320264870-062204090137,omid:br/06320264870,omid:br/062204090137
oci:06320264870-06240965102,omid:br/06320264870,omid:br/06240965102
oci:06320264870-062603888163,omid:br/06320264870,omid:br/062603888163
oci:06320264870-06401161946,omid:br/06320264870,omid:br/06401161946
oci:06320264870-062204090138,omid:br/06320264870,omid:br/062204090138
oci:06320264870-06230880734,omid:br/06320264870,omid:br/06230880734
oci:06320264870-06250978321,omid:br/06320264870,omid:br/06250978321
oci:06320264870-06240964465,omid:br/06320264870,omid:br/06240964465
oci:06320264870-06240964487,omid:br/06320264870,omid:br/06240964487
oci:06320264870-062803840,omid:br/06320264870,omid:br/062803840
oci:06320264870-06240865713,omid:br/06320264870,omid:br/06240865713
oci:06320264870-062301144995,omid:br/06320264870,omid:br/062301144995
oci:06320264870-062203701047,omid:br/06320264870,omid:br/062203701047
oci:06320264870-06210877962,omid:br/06320264870,omid:br/06210877962
oci:06320264870-062303711542,omid:br/06320264870,omid:br/062303711542
oci:06320264870-062601006018,omid:br/06320264870,omid:br/062601006018
oci:06320264870-062204090140,omid:br/06320264870,omid:br/062204090140
oci:06320264870-06230977382,omid:br/06320264870,omid:br/06230977382
oci:06320264870-06601157114,omid:br/06320264870,omid:br/06601157114
oci:06320264870-06401161489,omid:br/06320264870,omid:br/06401161489
oci:06320264870-06401161751,omid:br/06320264870,omid:br/06401161751
oci:06320264870-062103688640,omid:br/06320264870,omid:br/062103688640
oci:06320264870-06601157510,omid:br/06320264870,omid:br/06601157510
oci:06320264870-06210878261,omid:br/06320264870,omid:br/06210878261
oci:06320264870-06401161800,omid:br/06320264870,omid:br/06401161800
oci:06320264870-06501163352,omid:br/06320264870,omid:br/06501163352
oci:06320264870-06401161506,omid:br/06320264870,omid:br/06401161506
oci:06320264870-06220882767,omid:br/06320264870,omid:br/06220882767
oci:06320264870-062303711603,omid:br/06320264870,omid:br/062303711603
oci:06320264870-06401162101,omid:br/06320264870,omid:br/06401162101
oci:06320264870-06220984027,omid:br/06320264870,omid:br/06220984027
oci:06320264870-062601005799,omid:br/06320264870,omid:br/062601005799
oci:06320264870-06240964592,omid:br/06320264870,omid:br/06240964592
oci:06320264870-062303711145,omid:br/06320264870,omid:br/062303711145
oci:06320264870-06170447875,omid:br/06320264870,omid:br/06170447875
oci:06320264870-0670712554,omid:br/06320264870,omid:br/0670712554
oci:06320264870-061803516422,omid:br/06320264870,omid:br/061803516422
oci:06320264870-06140671573,omid:br/06320264870,omid:br/06140671573
oci:06320264870-0670712295,omid:br/06320264870,omid:br/0670712295
oci:06320264870-06150488103,omid:br/06320264870,omid:br/06150488103
oci:06320264870-0650486749,omid:br/06320264870,omid:br/0650486749
oci:06320264870-063105892,omid:br/06320264870,omid:br/063105892
oci:06320264870-06104196213,omid:br/06320264870,omid:br/06104196213
oci:06320264870-06190118586,omid:br/06320264870,omid:br/06190118586
oci:06320264870-06804127781,omid:br/06320264870,omid:br/06804127781
oci:06320264870-06104195998,omid:br/06320264870,omid:br/06104195998
oci:06320264870-06240964387,omid:br/06320264870,omid:br/06240964387
oci:06320264870-06220882317,omid:br/06320264870,omid:br/06220882317
oci:06320264870-062303711609,omid:br/06320264870,omid:br/062303711609
oci:06320264870-062401123896,omid:br/06320264870,omid:br/062401123896
oci:06320264870-062601166520,omid:br/06320264870,omid:br/062601166520
oci:06320264870-06210878282,omid:br/06320264870,omid:br/06210878282
oci:06320264870-06230881114,omid:br/06320264870,omid:br/06230881114
oci:06104010368-061401473919,omid:br/06104010368,omid:br/061401473919
oci:06104010368-061601495258,omid:br/06104010368,omid:br/061601495258
oci:06104010368-061501490934,omid:br/06104010368,omid:br/061501490934
oci:06104010368-062201637965,omid:br/06104010368,omid:br/062201637965
oci:06104010368-06120399220,omid:br/06104010368,omid:br/06120399220
oci:06370278070-062302391379,omid:br/06370278070,omid:br/062302391379
oci:06370278070-06220882422,omid:br/06370278070,omid:br/06220882422
oci:06370278070-06230976764,omid:br/06370278070,omid:br/06230976764
oci:06370278070-062403715657,omid:br/06370278070,omid:br/062403715657
oci:06370278070-06220863560,omid:br/06370278070,omid:br/06220863560
oci:06370278070-061404006303,omid:br/06370278070,omid:br/061404006303
oci:06370278070-0604838050,omid:br/06370278070,omid:br/0604838050
oci:06370278070-06140336642,omid:br/06370278070,omid:br/06140336642
oci:06280287539-0604838032,omid:br/06280287539,omid:br/0604838032
oci:06280287539-06703124506,omid:br/06280287539,omid:br/06703124506
oci:06280287539-061704015467,omid:br/06280287539,omid:br/061704015467
oci:06280287539-0604119332,omid:br/06280287539,omid:br/0604119332
oci:06280287539-06704514353,omid:br/06280287539,omid:br/06704514353
oci:06280287539-0604119272,omid:br/06280287539,omid:br/0604119272
oci:06280287539-06270286656,omid:br/06280287539,omid:br/06270286656
oci:06280287539-06204545634,omid:br/06280287539,omid:br/06204545634
oci:06280287539-06804542940,omid:br/06280287539,omid:br/06804542940
oci:061203566323-0604618246,omid:br/061203566323,omid:br/0604618246
oci:061203566323-0604004022,omid:br/061203566323,omid:br/0604004022
oci:06270286321-0604838067,omid:br/06270286321,omid:br/0604838067
oci:06704514496-0630849336,omid:br/06704514496,omid:br/0630849336
oci:06704514496-06604142502,omid:br/06704514496,omid:br/06604142502
oci:06704514496-06140811515,omid:br/06704514496,omid:br/06140811515
oci:06204545546-0630350046,omid:br/06204545546,omid:br/0630350046
oci:06204545546-06120565737,omid:br/06204545546,omid:br/06120565737
oci:06204545546-06130981758,omid:br/06204545546,omid:br/06130981758
oci:06204545546-06703133615,omid:br/06204545546,omid:br/06703133615
oci:06204545546-061202731626,omid:br/06204545546,omid:br/061202731626
oci:06204545546-061601153542,omid:br/06204545546,omid:br/061601153542
oci:06204545546-0635065426,omid:br/06204545546,omid:br/0635065426
oci:06204545546-062303339164,omid:br/06204545546,omid:br/062303339164
oci:06204545546-062203336387,omid:br/06204545546,omid:br/062203336387
oci:06204545546-06803156467,omid:br/06204545546,omid:br/06803156467
oci:06204545546-06803010577,omid:br/06204545546,omid:br/06803010577
oci:06204545546-06702995849,omid:br/06204545546,omid:br/06702995849
oci:06204545546-06603013083,omid:br/06204545546,omid:br/06603013083
oci:06204545546-061601153237,omid:br/06204545546,omid:br/061601153237
oci:06204545546-062502699791,omid:br/06204545546,omid:br/062502699791
oci:06204545546-06803145320,omid:br/06204545546,omid:br/06803145320
oci:06204545546-0670350764,omid:br/06204545546,omid:br/0670350764
oci:06204545546-062103327230,omid:br/06204545546,omid:br/062103327230
oci:06204545546-0660622321,omid:br/06204545546,omid:br/0660622321
oci:06204545546-06260455567,omid:br/06204545546,omid:br/06260455567
oci:06204545546-061102749072,omid:br/06204545546,omid:br/061102749072
oci:06204545546-06902758007,omid:br/06204545546,omid:br/06902758007
oci:06204545546-061501152229,omid:br/06204545546,omid:br/061501152229
oci:06204545546-062602638155,omid:br/06204545546,omid:br/062602638155
oci:0604643353-06301152985,omid:br/0604643353,omid:br/06301152985
oci:0604643353-06501163634,omid:br/0604643353,omid:br/06501163634
oci:0604643353-06230880678,omid:br/0604643353,omid:br/06230880678
oci:0604643353-06230976764,omid:br/0604643353,omid:br/06230976764
oci:06410279002-062102216901,omid:br/06410279002,omid:br/062102216901
oci:06450270445-06210979240,omid:br/06450270445,omid:br/06210979240
oci:06450270445-06220983850,omid:br/06450270445,omid:br/06220983850
oci:06450270445-06230977066,omid:br/06450270445,omid:br/06230977066
oci:06450270445-0620992208,omid:br/06450270445,omid:br/0620992208
oci:06450270445-062404117318,omid:br/06450270445,omid:br/062404117318
oci:06450270445-06701021279,omid:br/06450270445,omid:br/06701021279
oci:06450270445-06501105356,omid:br/06450270445,omid:br/06501105356
oci:06450270445-062601005244,omid:br/06450270445,omid:br/062601005244
oci:06450270445-06240866442,omid:br/06450270445,omid:br/06240866442
oci:06450270445-06250874742,omid:br/06450270445,omid:br/06250874742
oci:06450270445-06101005302,omid:br/06450270445,omid:br/06101005302
oci:06450270445-06701021273,omid:br/06450270445,omid:br/06701021273
oci:06204545509-061402105867,omid:br/06204545509,omid:br/061402105867
oci:061303990772-06504141664,omid:br/061303990772,omid:br/06504141664
oci:061303990772-06704003703,omid:br/061303990772,omid:br/06704003703
oci:061303990772-06104159275,omid:br/061303990772,omid:br/06104159275
oci:061303990772-06701146419,omid:br/061303990772,omid:br/06701146419
oci:061303990772-06304551919,omid:br/061303990772,omid:br/06304551919
oci:061303990772-06240965024,omid:br/061303990772,omid:br/06240965024
oci:06450270440-0650718396,omid:br/06450270440,omid:br/0650718396
oci:06450270440-061603510066,omid:br/06450270440,omid:br/061603510066
oci:06450270440-061202731341,omid:br/06450270440,omid:br/061202731341
oci:062104090386-06240964526,omid:br/062104090386,omid:br/06240964526
oci:062104090386-062302698031,omid:br/062104090386,omid:br/062302698031
oci:062104090386-062601005333,omid:br/062104090386,omid:br/062601005333
oci:062104090386-061702703930,omid:br/062104090386,omid:br/061702703930
oci:062104090386-061301357999,omid:br/062104090386,omid:br/061301357999
oci:062104090386-062601005521,omid:br/062104090386,omid:br/062601005521
oci:062104090386-06504526270,omid:br/062104090386,omid:br/06504526270
oci:062104090386-0604328667,omid:br/062104090386,omid:br/0604328667
oci:06204545292-062303339164,omid:br/06204545292,omid:br/062303339164
oci:06204545292-06230976828,omid:br/06204545292,omid:br/06230976828
oci:06204545292-061701209826,omid:br/06204545292,omid:br/061701209826
oci:06204545292-06250874704,omid:br/06204545292,omid:br/06250874704
oci:06204545292-062503076201,omid:br/06204545292,omid:br/062503076201
oci:06204545292-06280288071,omid:br/06204545292,omid:br/06280288071
oci:06204545292-0604004073,omid:br/06204545292,omid:br/0604004073
oci:06204545292-06902733961,omid:br/06204545292,omid:br/06902733961
oci:0604019539-061801782744,omid:br/0604019539,omid:br/061801782744
oci:0604019539-06220589372,omid:br/0604019539,omid:br/06220589372
oci:0604187698-06103308368,omid:br/0604187698,omid:br/06103308368
oci:0604187698-06203295448,omid:br/0604187698,omid:br/06203295448
oci:0604187698-06430272437,omid:br/0604187698,omid:br/06430272437
oci:0604032330-06101371641,omid:br/0604032330,omid:br/06101371641
oci:0604032330-0630994298,omid:br/0604032330,omid:br/0630994298
oci:0604032330-061101396859,omid:br/0604032330,omid:br/061101396859
oci:0604032330-06301152773,omid:br/0604032330,omid:br/06301152773
oci:061504005240-06170257959,omid:br/061504005240,omid:br/06170257959
oci:06704514452-06150822952,omid:br/06704514452,omid:br/06150822952
oci:06704514452-063905405,omid:br/06704514452,omid:br/063905405
oci:06320264916-062403052325,omid:br/06320264916,omid:br/062403052325
oci:06320264916-06150992663,omid:br/06320264916,omid:br/06150992663
oci:06320264916-06801348741,omid:br/06320264916,omid:br/06801348741
oci:06320264916-064204506,omid:br/06320264916,omid:br/064204506
oci:06320264916-06140671897,omid:br/06320264916,omid:br/06140671897
oci:06320264916-0650356880,omid:br/06320264916,omid:br/0650356880
oci:06320264916-0680362917,omid:br/06320264916,omid:br/0680362917
oci:06320264916-0690723359,omid:br/06320264916,omid:br/0690723359
oci:0604187702-06201156427,omid:br/0604187702,omid:br/06201156427
oci:0604187702-06601157315,omid:br/0604187702,omid:br/06601157315
oci:0604187702-06601157490,omid:br/0604187702,omid:br/06601157490
oci:0604187702-06301050302,omid:br/0604187702,omid:br/06301050302
oci:0604187702-061702226020,omid:br/0604187702,omid:br/061702226020
oci:0604187702-06104547452,omid:br/0604187702,omid:br/06104547452
oci:0604187702-06804543195,omid:br/0604187702,omid:br/06804543195
oci:0604187702-06460273055,omid:br/0604187702,omid:br/06460273055
oci:0604187702-06804542926,omid:br/0604187702,omid:br/06804542926
oci:06804543022-06103046654,omid:br/06804543022,omid:br/06103046654
oci:06804543022-06602409276,omid:br/06804543022,omid:br/06602409276
oci:06804543022-061502881230,omid:br/06804543022,omid:br/061502881230
oci:06804543022-06204593024,omid:br/06804543022,omid:br/06204593024
oci:06804543022-06210840087,omid:br/06804543022,omid:br/06210840087
oci:06304533094-06120978003,omid:br/06304533094,omid:br/06120978003
oci:06304533094-06601157310,omid:br/06304533094,omid:br/06601157310
oci:06304533094-062601005163,omid:br/06304533094,omid:br/062601005163
oci:06304533094-0610275220,omid:br/06304533094,omid:br/0610275220
oci:06304533094-0620992042,omid:br/06304533094,omid:br/0620992042
oci:06304533094-06101005465,omid:br/06304533094,omid:br/06101005465
oci:06304533094-06404548879,omid:br/06304533094,omid:br/06404548879
oci:06304533094-06230880678,omid:br/06304533094,omid:br/06230880678
oci:06304533094-061503970855,omid:br/06304533094,omid:br/061503970855
oci:06304533094-0620992574,omid:br/06304533094,omid:br/0620992574
oci:06304533094-0604838058,omid:br/06304533094,omid:br/0604838058
oci:06304533094-061503970856,omid:br/06304533094,omid:br/061503970856
oci:06440270545-0604119322,omid:br/06440270545,omid:br/0604119322
oci:06440270545-06104547547,omid:br/06440270545,omid:br/06104547547
oci:06440270545-06440269943,omid:br/06440270545,omid:br/06440269943
oci:06280287533-06604526412,omid:br/06280287533,omid:br/06604526412
oci:06280287533-06404540159,omid:br/06280287533,omid:br/06404540159
oci:06280287533-06280287356,omid:br/06280287533,omid:br/06280287356
oci:06280287533-06510285927,omid:br/06280287533,omid:br/06510285927
oci:06280287533-06270286565,omid:br/06280287533,omid:br/06270286565
oci:06530281660-0670819490,omid:br/06530281660,omid:br/0670819490
oci:06530281660-061801153191,omid:br/06530281660,omid:br/061801153191
oci:06530281660-06203920404,omid:br/06530281660,omid:br/06203920404
oci:061404006273-062601166670,omid:br/061404006273,omid:br/062601166670
oci:061404006273-06130813062,omid:br/061404006273,omid:br/06130813062
oci:061404006273-061503712408,omid:br/061404006273,omid:br/061503712408
oci:061404006273-0650550915,omid:br/061404006273,omid:br/0650550915
oci:061404006273-0616075914,omid:br/061404006273,omid:br/0616075914
oci:061404006273-06903739701,omid:br/061404006273,omid:br/06903739701
oci:061404006273-06210877850,omid:br/061404006273,omid:br/06210877850
oci:061404006273-06150842752,omid:br/061404006273,omid:br/06150842752
oci:061404006273-06230945374,omid:br/061404006273,omid:br/06230945374
oci:061404006273-06230234105,omid:br/061404006273,omid:br/06230234105
oci:061404006273-06104547589,omid:br/061404006273,omid:br/06104547589
oci:061404006273-062502413880,omid:br/061404006273,omid:br/062502413880
oci:06390281549-061104113856,omid:br/06390281549,omid:br/061104113856
oci:06390281549-06110893868,omid:br/06390281549,omid:br/06110893868
oci:061303990782-06110869747,omid:br/061303990782,omid:br/06110869747
oci:061303990782-06480323707,omid:br/061303990782,omid:br/06480323707
oci:06280288058-06503995888,omid:br/06280288058,omid:br/06503995888
oci:06904150389-06170989718,omid:br/06904150389,omid:br/06170989718
oci:0604019578-062502427263,omid:br/0604019578,omid:br/062502427263
oci:062104090431-064304890,omid:br/062104090431,omid:br/064304890
oci:062104090431-06180452537,omid:br/062104090431,omid:br/06180452537
oci:062104090431-06140891612,omid:br/062104090431,omid:br/06140891612
oci:062104090431-06150992765,omid:br/062104090431,omid:br/06150992765
oci:0604643435-06901260565,omid:br/0604643435,omid:br/06901260565
oci:0604643435-06250979026,omid:br/0604643435,omid:br/06250979026
oci:0604643435-0650919205,omid:br/0604643435,omid:br/0650919205
oci:0604643435-062601166478,omid:br/0604643435,omid:br/062601166478
oci:0604643435-06104613716,omid:br/0604643435,omid:br/06104613716
oci:0604643435-06190454727,omid:br/0604643435,omid:br/06190454727
oci:0604643435-06250978061,omid:br/0604643435,omid:br/06250978061
oci:0604643435-0650827084,omid:br/0604643435,omid:br/0650827084
oci:0604643435-06604141478,omid:br/0604643435,omid:br/06604141478
oci:06804543190-06203920595,omid:br/06804543190,omid:br/06203920595
oci:06804543190-06901219273,omid:br/06804543190,omid:br/06901219273
oci:06804543190-061801240957,omid:br/06804543190,omid:br/061801240957
oci:06804543190-062601226555,omid:br/06804543190,omid:br/062601226555
oci:06804543190-062402036134,omid:br/06804543190,omid:br/062402036134
oci:06804543190-061303703447,omid:br/06804543190,omid:br/061303703447
oci:06804543190-062102869752,omid:br/06804543190,omid:br/062102869752
oci:06804543190-061901250666,omid:br/06804543190,omid:br/061901250666
oci:06804543190-061802212424,omid:br/06804543190,omid:br/061802212424
oci:06804543190-061303478031,omid:br/06804543190,omid:br/061303478031
oci:06804543190-06401034179,omid:br/06804543190,omid:br/06401034179
oci:06804543190-06801156776,omid:br/06804543190,omid:br/06801156776
oci:06804543190-061901250260,omid:br/06804543190,omid:br/061901250260
oci:06804543190-0630849277,omid:br/06804543190,omid:br/0630849277
oci:06804543190-06150819880,omid:br/06804543190,omid:br/06150819880
oci:06304008131-06240965002,omid:br/06304008131,omid:br/06240965002
oci:06104547550-061702226252,omid:br/06104547550,omid:br/061702226252
oci:06104547550-061901866645,omid:br/06104547550,omid:br/061901866645
oci:06104547550-06103744183,omid:br/06104547550,omid:br/06103744183
oci:06104547550-0660847848,omid:br/06104547550,omid:br/0660847848
oci:06104547550-0670843276,omid:br/06104547550,omid:br/0670843276
oci:06104547550-06701021584,omid:br/06104547550,omid:br/06701021584
oci:06310271866-06230977076,omid:br/06310271866,omid:br/06230977076
oci:06703988086-06260616122,omid:br/06703988086,omid:br/06260616122
oci:061704015319-06703926355,omid:br/061704015319,omid:br/06703926355
oci:061704015319-061203487353,omid:br/061704015319,omid:br/061203487353
oci:0604040893-063704447,omid:br/0604040893,omid:br/063704447
oci:0604040893-06901260503,omid:br/0604040893,omid:br/06901260503
oci:0604040893-06104547871,omid:br/0604040893,omid:br/06104547871
oci:0604040893-06280288071,omid:br/0604040893,omid:br/06280288071
oci:062204095699-06140672166,omid:br/062204095699,omid:br/06140672166
oci:062204095699-0620351274,omid:br/062204095699,omid:br/0620351274
oci:062204095699-0690360847,omid:br/062204095699,omid:br/0690360847
oci:062204095699-0640356040,omid:br/062204095699,omid:br/0640356040
oci:062204095699-061202731538,omid:br/062204095699,omid:br/061202731538
oci:061604011518-06604138904,omid:br/061604011518,omid:br/06604138904
oci:061604011518-06901260202,omid:br/061604011518,omid:br/06901260202
oci:061604011518-06701021206,omid:br/061604011518,omid:br/06701021206
oci:061604011518-06601157159,omid:br/061604011518,omid:br/06601157159
oci:061604011518-06601157533,omid:br/061604011518,omid:br/06601157533
oci:061604011518-062401123628,omid:br/061604011518,omid:br/062401123628
oci:0604643440-062601226555,omid:br/0604643440,omid:br/062601226555
oci:0604643440-062402036134,omid:br/0604643440,omid:br/062402036134
oci:0604643440-0635026835,omid:br/0604643440,omid:br/0635026835
oci:0604643440-0650851637,omid:br/0604643440,omid:br/0650851637
oci:0604643440-062202428460,omid:br/0604643440,omid:br/062202428460
oci:06480272862-06701021491,omid:br/06480272862,omid:br/06701021491
oci:06480272862-06701021500,omid:br/06480272862,omid:br/06701021500
oci:06480272862-061502880699,omid:br/06480272862,omid:br/061502880699
oci:061504005368-0630205975,omid:br/061504005368,omid:br/0630205975
oci:061504005368-06203503107,omid:br/061504005368,omid:br/06203503107
oci:06280287553-061602135336,omid:br/06280287553,omid:br/061602135336
oci:06280287553-062102115367,omid:br/06280287553,omid:br/062102115367
oci:06280287553-06502508479,omid:br/06280287553,omid:br/06502508479
oci:06280287553-061602135976,omid:br/06280287553,omid:br/061602135976
oci:06280287553-062402116009,omid:br/06280287553,omid:br/062402116009
oci:06280287553-061502128534,omid:br/06280287553,omid:br/061502128534
oci:06280287553-062401858629,omid:br/06280287553,omid:br/062401858629
oci:06280287553-061501374480,omid:br/06280287553,omid:br/061501374480
oci:06280287553-062602718764,omid:br/06280287553,omid:br/062602718764
oci:06280287553-06210710265,omid:br/06280287553,omid:br/06210710265
oci:06280287553-0620486673,omid:br/06280287553,omid:br/0620486673
oci:06280287553-062502682083,omid:br/06280287553,omid:br/062502682083
oci:06450269602-0630718350,omid:br/06450269602,omid:br/0630718350
oci:06430272068-06260280741,omid:br/06430272068,omid:br/06260280741
oci:06604539796-061701789508,omid:br/06604539796,omid:br/061701789508
oci:06604539796-06103772978,omid:br/06604539796,omid:br/06103772978
oci:06604539796-06110843476,omid:br/06604539796,omid:br/06110843476
oci:06604539796-06250706913,omid:br/06604539796,omid:br/06250706913
oci:06604539796-062301781027,omid:br/06604539796,omid:br/062301781027
oci:06604539796-062501782580,omid:br/06604539796,omid:br/062501782580
oci:06604539796-062301781620,omid:br/06604539796,omid:br/062301781620
oci:062404117315-062101295906,omid:br/062404117315,omid:br/062101295906
oci:0604006423-06370246444,omid:br/0604006423,omid:br/06370246444
oci:0604006423-0648026832,omid:br/0604006423,omid:br/0648026832
oci:0604006423-06150992972,omid:br/0604006423,omid:br/06150992972
oci:0604006423-061104148757,omid:br/0604006423,omid:br/061104148757
oci:0604006423-06360267256,omid:br/0604006423,omid:br/06360267256
oci:0604006423-06270286496,omid:br/0604006423,omid:br/06270286496
oci:06504555626-06110815385,omid:br/06504555626,omid:br/06110815385
oci:06504555626-06701021450,omid:br/06504555626,omid:br/06701021450
oci:06504555626-06701021283,omid:br/06504555626,omid:br/06701021283
oci:06504555626-0604618307,omid:br/06504555626,omid:br/0604618307
oci:06504555626-06420276329,omid:br/06504555626,omid:br/06420276329
oci:06604000274-0652050102,omid:br/06604000274,omid:br/0652050102
oci:06440269139-06180880129,omid:br/06440269139,omid:br/06180880129
oci:06360267015-06901260179,omid:br/06360267015,omid:br/06901260179
oci:0604040921-061801782585,omid:br/0604040921,omid:br/061801782585
oci:0604040921-06503482231,omid:br/0604040921,omid:br/06503482231
oci:06320264899-061301242801,omid:br/06320264899,omid:br/061301242801
oci:06320264899-0660932216,omid:br/06320264899,omid:br/0660932216
oci:06320264899-06204177984,omid:br/06320264899,omid:br/06204177984
oci:06360266964-0604006421,omid:br/06360266964,omid:br/0604006421
oci:06360266964-062203566835,omid:br/06360266964,omid:br/062203566835
oci:06320265163-06370318249,omid:br/06320265163,omid:br/06370318249
oci:06320265163-06103031984,omid:br/06320265163,omid:br/06103031984
oci:06320265163-061601133431,omid:br/06320265163,omid:br/061601133431
oci:06320264909-0604838072,omid:br/06320264909,omid:br/0604838072
oci:06320264909-061101176646,omid:br/06320264909,omid:br/061101176646
oci:06320264909-0620356910,omid:br/06320264909,omid:br/0620356910
oci:06320264909-062401123894,omid:br/06320264909,omid:br/062401123894
oci:06390282374-06901260040,omid:br/06390282374,omid:br/06901260040
oci:06390282374-06901260157,omid:br/06390282374,omid:br/06901260157
oci:06390282374-062101222436,omid:br/06390282374,omid:br/062101222436
oci:06390282374-062203505695,omid:br/06390282374,omid:br/062203505695
oci:06390282374-062403047071,omid:br/06390282374,omid:br/062403047071
oci:06390282374-061103066900,omid:br/06390282374,omid:br/061103066900
oci:06390282374-06504051216,omid:br/06390282374,omid:br/06504051216
oci:06390282374-061802113776,omid:br/06390282374,omid:br/061802113776
oci:06390282374-06250875097,omid:br/06390282374,omid:br/06250875097
oci:06390282374-06250874857,omid:br/06390282374,omid:br/06250874857
oci:0604187647-061101251919,omid:br/0604187647,omid:br/061101251919
oci:0604187647-06601156571,omid:br/0604187647,omid:br/06601156571
oci:0604187647-06140706576,omid:br/0604187647,omid:br/06140706576
oci:0604187647-06170715634,omid:br/0604187647,omid:br/06170715634
oci:06530281232-061404028678,omid:br/06530281232,omid:br/061404028678
oci:06530281232-06380271449,omid:br/06530281232,omid:br/06380271449
oci:06530281232-061104148721,omid:br/06530281232,omid:br/061104148721
oci:06530281600-06203920546,omid:br/06530281600,omid:br/06203920546
oci:06530281600-061701967190,omid:br/06530281600,omid:br/061701967190
oci:06530281600-062401107292,omid:br/06530281600,omid:br/062401107292
oci:06530281600-06310271842,omid:br/06530281600,omid:br/06310271842
oci:06530281600-0616075526,omid:br/06530281600,omid:br/0616075526
oci:06530281600-06701021218,omid:br/06530281600,omid:br/06701021218
oci:0604040910-06140811521,omid:br/0604040910,omid:br/06140811521
oci:0604040910-061403710977,omid:br/0604040910,omid:br/061403710977
oci:0604643357-06604138740,omid:br/0604643357,omid:br/06604138740
oci:0604643357-062202428842,omid:br/0604643357,omid:br/062202428842
oci:0604643357-0670357317,omid:br/0604643357,omid:br/0670357317
oci:06304533136-0690364634,omid:br/06304533136,omid:br/0690364634
oci:06304533136-06602425087,omid:br/06304533136,omid:br/06602425087
oci:06304533136-06602425245,omid:br/06304533136,omid:br/06602425245
oci:06304533136-06703091752,omid:br/06304533136,omid:br/06703091752
oci:06304533136-061701209050,omid:br/06304533136,omid:br/061701209050
oci:06304533136-0640269414,omid:br/06304533136,omid:br/0640269414
oci:06304533136-061101767845,omid:br/06304533136,omid:br/061101767845
oci:06304533136-06250845232,omid:br/06304533136,omid:br/06250845232
oci:06304533136-062601502967,omid:br/06304533136,omid:br/062601502967
oci:06440270552-0650351166,omid:br/06440270552,omid:br/0650351166
oci:06440270552-061802690460,omid:br/06440270552,omid:br/061802690460
oci:06440270552-061903065373,omid:br/06440270552,omid:br/061903065373
oci:06440270552-06170482260,omid:br/06440270552,omid:br/06170482260
oci:06440270552-06250874916,omid:br/06440270552,omid:br/06250874916
oci:06420276419-061201165142,omid:br/06420276419,omid:br/061201165142
oci:06420276419-06204177695,omid:br/06420276419,omid:br/06204177695
oci:06420276419-061201164657,omid:br/06420276419,omid:br/061201164657
oci:061503584643-062504112578,omid:br/061503584643,omid:br/062504112578
oci:06360267047-06601156919,omid:br/06360267047,omid:br/06601156919
oci:06360267047-062601006049,omid:br/06360267047,omid:br/062601006049
oci:06360267047-062601005236,omid:br/06360267047,omid:br/062601005236
oci:06360267047-062601005645,omid:br/06360267047,omid:br/062601005645
oci:06360267047-06801156857,omid:br/06360267047,omid:br/06801156857
oci:06360267047-061404006358,omid:br/06360267047,omid:br/061404006358
oci:06360267047-06380271394,omid:br/06360267047,omid:br/06380271394
oci:06304533170-062201202398,omid:br/06304533170,omid:br/062201202398
oci:06304533170-062503868492,omid:br/06304533170,omid:br/062503868492
oci:06304533170-06380218650,omid:br/06304533170,omid:br/06380218650
oci:06304533170-0637041906,omid:br/06304533170,omid:br/0637041906
oci:06304533170-061902126627,omid:br/06304533170,omid:br/061902126627
oci:06304533170-062302432010,omid:br/06304533170,omid:br/062302432010
oci:06304533170-0604838056,omid:br/06304533170,omid:br/0604838056
oci:06304533170-062102431150,omid:br/06304533170,omid:br/062102431150
oci:06404556003-063604673,omid:br/06404556003,omid:br/063604673
oci:06404556003-062601005496,omid:br/06404556003,omid:br/062601005496
oci:06404556003-06240866510,omid:br/06404556003,omid:br/06240866510
oci:06404556003-06530281170,omid:br/06404556003,omid:br/06530281170
oci:06404556003-06290277030,omid:br/06404556003,omid:br/06290277030
oci:06404556003-062504112272,omid:br/06404556003,omid:br/062504112272
oci:061904099579-06104547554,omid:br/061904099579,omid:br/06104547554
oci:061904099579-061801153178,omid:br/061904099579,omid:br/061801153178
oci:06404555400-06360267574,omid:br/06404555400,omid:br/06360267574
oci:06404555400-06304532850,omid:br/06404555400,omid:br/06304532850
oci:061904099609-06230976828,omid:br/061904099609,omid:br/06230976828
oci:061904099609-0620991897,omid:br/061904099609,omid:br/0620991897
oci:061904099609-062601166765,omid:br/061904099609,omid:br/062601166765
oci:06530281632-06210978947,omid:br/06530281632,omid:br/06210978947
oci:06530281632-0630263329,omid:br/06530281632,omid:br/0630263329
oci:06530281632-06601337724,omid:br/06530281632,omid:br/06601337724
oci:06530281632-06201156240,omid:br/06530281632,omid:br/06201156240
oci:06530281632-061802042251,omid:br/06530281632,omid:br/061802042251
oci:06530281632-06401649427,omid:br/06530281632,omid:br/06401649427
oci:06530281632-06903631366,omid:br/06530281632,omid:br/06903631366
oci:06530281632-06602479587,omid:br/06530281632,omid:br/06602479587
oci:06530281632-0620963074,omid:br/06530281632,omid:br/0620963074
oci:06530281632-0620991897,omid:br/06530281632,omid:br/0620991897
oci:06530281632-0632033407,omid:br/06530281632,omid:br/0632033407
oci:06530281632-0604838054,omid:br/06530281632,omid:br/0604838054
oci:06530281632-061203721193,omid:br/06530281632,omid:br/061203721193
oci:06530281573-06220983801,omid:br/06530281573,omid:br/06220983801
oci:0604032379-062301126836,omid:br/0604032379,omid:br/062301126836
oci:0604032379-0670844056,omid:br/0604032379,omid:br/0670844056
oci:06704514499-06210979240,omid:br/06704514499,omid:br/06210979240
oci:06704514499-066088917,omid:br/06704514499,omid:br/066088917
oci:06704514499-06501105356,omid:br/06704514499,omid:br/06501105356
oci:0604006469-06604138740,omid:br/0604006469,omid:br/06604138740
oci:0604006469-06301124918,omid:br/0604006469,omid:br/06301124918
oci:0604006469-061403741076,omid:br/0604006469,omid:br/061403741076
oci:0604006469-062303676521,omid:br/0604006469,omid:br/062303676521
oci:0604006469-06301050351,omid:br/0604006469,omid:br/06301050351
oci:0604006469-06220177513,omid:br/0604006469,omid:br/06220177513
oci:0604006469-06903767437,omid:br/0604006469,omid:br/06903767437
oci:0604006469-06140706673,omid:br/0604006469,omid:br/06140706673
oci:0604006469-06804542986,omid:br/0604006469,omid:br/06804542986
oci:0604006453-061401232861,omid:br/0604006453,omid:br/061401232861
oci:0604006453-0690723466,omid:br/0604006453,omid:br/0690723466
oci:0604006453-06704113981,omid:br/0604006453,omid:br/06704113981
oci:0604006453-06401161351,omid:br/0604006453,omid:br/06401161351
oci:0604006453-063604569,omid:br/0604006453,omid:br/063604569
oci:0604006425-062201191064,omid:br/0604006425,omid:br/062201191064
oci:0604006425-062201605351,omid:br/0604006425,omid:br/062201605351
oci:0604006425-0604838040,omid:br/0604006425,omid:br/0604838040
oci:0604006425-0690822433,omid:br/0604006425,omid:br/0690822433
oci:0604006425-0604838041,omid:br/0604006425,omid:br/0604838041
oci:0604006425-0604838042,omid:br/0604006425,omid:br/0604838042
oci:061704015201-06101005544,omid:br/061704015201,omid:br/06101005544
oci:061704015201-06240965002,omid:br/061704015201,omid:br/06240965002
oci:061704015201-0680718624,omid:br/061704015201,omid:br/0680718624
oci:061704015201-062201605828,omid:br/061704015201,omid:br/062201605828
oci:061704015201-06260899879,omid:br/061704015201,omid:br/06260899879
oci:061704015201-06240866278,omid:br/061704015201,omid:br/06240866278
oci:062404117311-062401482736,omid:br/062404117311,omid:br/062401482736
oci:062404117311-061801153243,omid:br/062404117311,omid:br/061801153243
oci:06360267027-06401517505,omid:br/06360267027,omid:br/06401517505
oci:06360267027-06280287356,omid:br/06360267027,omid:br/06280287356
oci:06280287613-063305814,omid:br/06280287613,omid:br/063305814
oci:06280287613-06140891564,omid:br/06280287613,omid:br/06140891564
oci:06280287613-06150896775,omid:br/06280287613,omid:br/06150896775
oci:06280287613-06140891612,omid:br/06280287613,omid:br/06140891612
oci:06280287613-06101165278,omid:br/06280287613,omid:br/06101165278
oci:06280287613-062303731049,omid:br/06280287613,omid:br/062303731049
oci:06280287613-06330278012,omid:br/06280287613,omid:br/06330278012
oci:061504005820-06401162107,omid:br/061504005820,omid:br/06401162107
oci:061504005820-06380271449,omid:br/061504005820,omid:br/06380271449
oci:061504005820-06380271445,omid:br/061504005820,omid:br/06380271445
oci:06320264856-062602777214,omid:br/06320264856,omid:br/062602777214
oci:06320264856-0630264191,omid:br/06320264856,omid:br/0630264191
oci:06320264856-061702226037,omid:br/06320264856,omid:br/061702226037
oci:06320264856-06701194936,omid:br/06320264856,omid:br/06701194936
oci:06320264856-06220882303,omid:br/06320264856,omid:br/06220882303
oci:06320264856-062202428460,omid:br/06320264856,omid:br/062202428460
oci:062104090375-06470338794,omid:br/062104090375,omid:br/06470338794
oci:062104090375-061703767360,omid:br/062104090375,omid:br/061703767360
oci:06204545340-06801156682,omid:br/06204545340,omid:br/06801156682
oci:06204545340-06170955606,omid:br/06204545340,omid:br/06170955606
oci:06204545340-062401123909,omid:br/06204545340,omid:br/062401123909
oci:06204545340-061703954306,omid:br/06204545340,omid:br/061703954306
oci:06404555993-06210343913,omid:br/06404555993,omid:br/06210343913
oci:06404555993-0651068709,omid:br/06404555993,omid:br/0651068709
oci:06404555993-06902194512,omid:br/06404555993,omid:br/06902194512
oci:06404555993-06250856404,omid:br/06404555993,omid:br/06250856404
oci:06404555993-061104151816,omid:br/06404555993,omid:br/061104151816
oci:06404555993-06290276978,omid:br/06404555993,omid:br/06290276978
oci:06310271821-06203920392,omid:br/06310271821,omid:br/06203920392
oci:06310271821-06140814279,omid:br/06310271821,omid:br/06140814279
oci:061704015377-0641027839,omid:br/061704015377,omid:br/0641027839
oci:061704015377-0644027059,omid:br/061704015377,omid:br/0644027059
oci:0604643348-06230880678,omid:br/0604643348,omid:br/06230880678
oci:0604643348-06230976764,omid:br/0604643348,omid:br/06230976764
oci:06320264827-061501211384,omid:br/06320264827,omid:br/061501211384
oci:06320264827-06604522844,omid:br/06320264827,omid:br/06604522844
oci:06320264827-06220882829,omid:br/06320264827,omid:br/06220882829
oci:06704514800-06260900304,omid:br/06704514800,omid:br/06260900304
oci:06704514800-062303711145,omid:br/06704514800,omid:br/062303711145
oci:06704514800-06240866118,omid:br/06704514800,omid:br/06240866118
oci:06704514800-0660183816,omid:br/06704514800,omid:br/0660183816
oci:06704514800-061203092269,omid:br/06704514800,omid:br/061203092269
oci:06704514800-0620992523,omid:br/06704514800,omid:br/0620992523
oci:06704514800-06240865997,omid:br/06704514800,omid:br/06240865997
oci:06704514800-06380270854,omid:br/06704514800,omid:br/06380270854
oci:06704514800-06520268770,omid:br/06704514800,omid:br/06520268770
oci:06360267033-061301243175,omid:br/06360267033,omid:br/061301243175
oci:06360267033-06240964486,omid:br/06360267033,omid:br/06240964486
oci:06360267033-061901026055,omid:br/06360267033,omid:br/061901026055
oci:06360267033-06230976959,omid:br/06360267033,omid:br/06230976959
oci:06360267033-062203701307,omid:br/06360267033,omid:br/062203701307
oci:06360267033-06901162299,omid:br/06360267033,omid:br/06901162299
oci:06360267033-06401161515,omid:br/06360267033,omid:br/06401161515
oci:06360267033-062504142904,omid:br/06360267033,omid:br/062504142904
oci:0604004091-06203920693,omid:br/0604004091,omid:br/06203920693
oci:0604004091-06140814355,omid:br/0604004091,omid:br/06140814355
oci:0604004091-06501036867,omid:br/0604004091,omid:br/06501036867
oci:0604004091-06901260449,omid:br/0604004091,omid:br/06901260449
oci:0604004091-06901260388,omid:br/0604004091,omid:br/06901260388
oci:0604004091-06901260542,omid:br/0604004091,omid:br/06901260542
oci:0604004091-06501224967,omid:br/0604004091,omid:br/06501224967
oci:0604004091-06703890989,omid:br/0604004091,omid:br/06703890989
oci:0604004091-062303517207,omid:br/0604004091,omid:br/062303517207
oci:0604004091-06204178069,omid:br/0604004091,omid:br/06204178069
oci:0604004091-0650851126,omid:br/0604004091,omid:br/0650851126
oci:0604004091-061901250747,omid:br/0604004091,omid:br/061901250747
oci:0604004091-061703538501,omid:br/0604004091,omid:br/061703538501
oci:0604004091-0616075818,omid:br/0604004091,omid:br/0616075818
oci:0604004091-062401482210,omid:br/0604004091,omid:br/062401482210
oci:0604004091-06501519890,omid:br/0604004091,omid:br/06501519890
oci:0604004091-061901250619,omid:br/0604004091,omid:br/061901250619
oci:0604004091-062501197510,omid:br/0604004091,omid:br/062501197510
oci:0604004091-06130260849,omid:br/0604004091,omid:br/06130260849
oci:0604004091-0650851637,omid:br/0604004091,omid:br/0650851637
oci:0604004091-06110644004,omid:br/0604004091,omid:br/06110644004
oci:0604004091-061901250725,omid:br/0604004091,omid:br/061901250725
oci:0604004091-06501163208,omid:br/0604004091,omid:br/06501163208
oci:0604004091-061701209532,omid:br/0604004091,omid:br/061701209532
oci:0604004091-06150822928,omid:br/0604004091,omid:br/06150822928
oci:0604004091-065207131,omid:br/0604004091,omid:br/065207131
oci:0604004091-06901162465,omid:br/0604004091,omid:br/06901162465
oci:0604004091-0646066263,omid:br/0604004091,omid:br/0646066263
oci:06390281542-06230881129,omid:br/06390281542,omid:br/06230881129
oci:06390281542-061104113855,omid:br/06390281542,omid:br/061104113855
oci:06504555487-061803516408,omid:br/06504555487,omid:br/061803516408
oci:06504555487-061103804726,omid:br/06504555487,omid:br/061103804726
oci:06504555487-06140480972,omid:br/06504555487,omid:br/06140480972
oci:06504555487-06110362886,omid:br/06504555487,omid:br/06110362886
oci:06504555487-06250706795,omid:br/06504555487,omid:br/06250706795
oci:06504555487-06240341369,omid:br/06504555487,omid:br/06240341369
oci:06504555487-06220709371,omid:br/06504555487,omid:br/06220709371
oci:06504555487-061202731946,omid:br/06504555487,omid:br/061202731946
oci:06504555487-062403330427,omid:br/06504555487,omid:br/062403330427
oci:06504555487-06150489005,omid:br/06504555487,omid:br/06150489005
oci:06504555487-06140671469,omid:br/06504555487,omid:br/06140671469
oci:06504555487-0642067383,omid:br/06504555487,omid:br/0642067383
oci:06504555487-06160990562,omid:br/06504555487,omid:br/06160990562
oci:06270286334-062101605143,omid:br/06270286334,omid:br/062101605143
oci:06270286334-06704541152,omid:br/06270286334,omid:br/06704541152
oci:06270286334-06604539812,omid:br/06270286334,omid:br/06604539812
oci:06270286334-06520268828,omid:br/06270286334,omid:br/06520268828
oci:0604314201-06801156113,omid:br/0604314201,omid:br/06801156113
oci:0604314201-0620992476,omid:br/0604314201,omid:br/0620992476
oci:0604314201-06902195093,omid:br/0604314201,omid:br/06902195093
oci:062604129880-0635026959,omid:br/062604129880,omid:br/0635026959
oci:062604129880-06401161515,omid:br/062604129880,omid:br/06401161515
oci:062604129880-06240866053,omid:br/062604129880,omid:br/06240866053
oci:062604129880-062303710932,omid:br/062604129880,omid:br/062303710932
oci:06370278111-06301509629,omid:br/06370278111,omid:br/06301509629
oci:06370278111-061104136090,omid:br/06370278111,omid:br/061104136090
oci:06370278111-0620617912,omid:br/06370278111,omid:br/0620617912
oci:06370278111-06103125901,omid:br/06370278111,omid:br/06103125901
oci:06370278111-06604522844,omid:br/06370278111,omid:br/06604522844
oci:06370278111-06903516621,omid:br/06370278111,omid:br/06903516621
oci:06370278111-061104136091,omid:br/06370278111,omid:br/061104136091
oci:06370278111-0650472098,omid:br/06370278111,omid:br/0650472098
oci:06370278111-06301138649,omid:br/06370278111,omid:br/06301138649
oci:06370278111-06360267284,omid:br/06370278111,omid:br/06360267284
oci:06390281553-0632027731,omid:br/06390281553,omid:br/0632027731
oci:06390281553-06110712722,omid:br/06390281553,omid:br/06110712722
oci:06390281553-06604132044,omid:br/06390281553,omid:br/06604132044
oci:062404117318-06201509696,omid:br/062404117318,omid:br/06201509696
oci:062404117318-06230976975,omid:br/062404117318,omid:br/06230976975
oci:06330278115-062503041867,omid:br/06330278115,omid:br/062503041867
oci:06390282786-06270286323,omid:br/06390282786,omid:br/06270286323
oci:06390282786-0604314140,omid:br/06390282786,omid:br/0604314140
oci:06390282786-061804051368,omid:br/06390282786,omid:br/061804051368
oci:06390282786-061804051356,omid:br/06390282786,omid:br/061804051356
oci:06390282786-06303228481,omid:br/06390282786,omid:br/06303228481
oci:06390282786-06401211557,omid:br/06390282786,omid:br/06401211557
oci:06390281586-0649026488,omid:br/06390281586,omid:br/0649026488
oci:06390281586-06380271441,omid:br/06390281586,omid:br/06380271441
oci:0604006404-0680992211,omid:br/0604006404,omid:br/0680992211
oci:0604006404-06602425986,omid:br/0604006404,omid:br/06602425986
oci:0604006404-062303731049,omid:br/0604006404,omid:br/062303731049
oci:0604006404-06220863560,omid:br/0604006404,omid:br/06220863560
oci:0604006404-062403739991,omid:br/0604006404,omid:br/062403739991
oci:0604006404-06390281565,omid:br/0604006404,omid:br/06390281565
oci:0604006404-06280287613,omid:br/0604006404,omid:br/06280287613
oci:06420276021-0690350572,omid:br/06420276021,omid:br/0690350572
oci:06420276021-06430272446,omid:br/06420276021,omid:br/06430272446
oci:06280288036-0670844129,omid:br/06280288036,omid:br/0670844129
oci:06280288036-0632028106,omid:br/06280288036,omid:br/0632028106
oci:06280288036-0643027180,omid:br/06280288036,omid:br/0643027180
oci:06280288036-06903631112,omid:br/06280288036,omid:br/06903631112
oci:06280288036-061901042210,omid:br/06280288036,omid:br/061901042210
oci:06280288036-062601503185,omid:br/06280288036,omid:br/062601503185
oci:06520268769-06901162174,omid:br/06520268769,omid:br/06901162174
oci:06520268769-06430288806,omid:br/06520268769,omid:br/06430288806
oci:06520268769-062101198911,omid:br/06520268769,omid:br/062101198911
oci:06520268769-06350270559,omid:br/06520268769,omid:br/06350270559
oci:06440269920-061104151942,omid:br/06440269920,omid:br/061104151942
oci:06440269920-06501163568,omid:br/06440269920,omid:br/06501163568
oci:06440269920-061104152137,omid:br/06440269920,omid:br/061104152137
oci:06440269920-06440270597,omid:br/06440269920,omid:br/06440270597
oci:06440269920-062102430374,omid:br/06440269920,omid:br/062102430374
oci:06530281591-06301030974,omid:br/06530281591,omid:br/06301030974
oci:06530281591-061404004531,omid:br/06530281591,omid:br/061404004531
oci:06530281591-0604560212,omid:br/06530281591,omid:br/0604560212
oci:06530281591-061704015354,omid:br/06530281591,omid:br/061704015354
oci:06530281591-06701021388,omid:br/06530281591,omid:br/06701021388
oci:06530281177-062104090229,omid:br/06530281177,omid:br/062104090229
oci:06530281177-062504112578,omid:br/06530281177,omid:br/062504112578
oci:06530281177-06280287375,omid:br/06530281177,omid:br/06280287375
oci:06530281177-06530281126,omid:br/06530281177,omid:br/06530281126
oci:06530281177-06390281658,omid:br/06530281177,omid:br/06390281658
oci:06530281177-06380271410,omid:br/06530281177,omid:br/06380271410
oci:06450270441-06190448928,omid:br/06450270441,omid:br/06190448928
oci:06450270441-06110900892,omid:br/06450270441,omid:br/06110900892
oci:06450270441-06110901111,omid:br/06450270441,omid:br/06110901111
oci:06530281624-061602797474,omid:br/06530281624,omid:br/061602797474
oci:061604011250-062302698031,omid:br/061604011250,omid:br/062302698031
oci:061604011250-061702703930,omid:br/061604011250,omid:br/061702703930
oci:061604011250-0650919463,omid:br/061604011250,omid:br/0650919463
oci:061604011250-0615099819,omid:br/061604011250,omid:br/0615099819
oci:061604011250-06120412691,omid:br/061604011250,omid:br/06120412691
oci:061604011250-06201103235,omid:br/061604011250,omid:br/06201103235
oci:06440269928-06401161374,omid:br/06440269928,omid:br/06401161374
oci:06440269928-06460273322,omid:br/06440269928,omid:br/06460273322
oci:06320264826-06301153138,omid:br/06320264826,omid:br/06301153138
oci:06320264826-06320264865,omid:br/06320264826,omid:br/06320264865
oci:061904099023-061103724529,omid:br/061904099023,omid:br/061103724529
oci:061904099023-06240476889,omid:br/061904099023,omid:br/06240476889
oci:06904150365-062501826059,omid:br/06904150365,omid:br/062501826059
oci:06104547592-06401161943,omid:br/06104547592,omid:br/06401161943
oci:06104547592-062303711145,omid:br/06104547592,omid:br/062303711145
oci:06104547592-06450290807,omid:br/06104547592,omid:br/06450290807
oci:06104547592-06450290949,omid:br/06104547592,omid:br/06450290949
oci:06104547592-061704015372,omid:br/06104547592,omid:br/061704015372
oci:06104547871-06804542933,omid:br/06104547871,omid:br/06804542933
oci:06330278401-0620991615,omid:br/06330278401,omid:br/0620991615
oci:06330278401-061403581760,omid:br/06330278401,omid:br/061403581760
oci:06330278401-06704478358,omid:br/06330278401,omid:br/06704478358
oci:06330278401-06604592156,omid:br/06330278401,omid:br/06604592156
oci:06330278401-062601005636,omid:br/06330278401,omid:br/062601005636
oci:0604006435-06130668406,omid:br/0604006435,omid:br/06130668406
oci:0604006435-06150992793,omid:br/0604006435,omid:br/06150992793
oci:0604006435-0620357275,omid:br/0604006435,omid:br/0620357275
oci:0604006435-0650357355,omid:br/0604006435,omid:br/0650357355
oci:0604006435-0640362047,omid:br/0604006435,omid:br/0640362047
oci:0604006435-06204320226,omid:br/0604006435,omid:br/06204320226
oci:0604006435-06160990169,omid:br/0604006435,omid:br/06160990169
oci:0604006435-0690723204,omid:br/0604006435,omid:br/0690723204
oci:0604006435-0620356944,omid:br/0604006435,omid:br/0620356944
oci:0604006435-06180452713,omid:br/0604006435,omid:br/06180452713
oci:0604006435-0640361951,omid:br/0604006435,omid:br/0640361951
oci:0604006435-06180355756,omid:br/0604006435,omid:br/06180355756
oci:0604006435-0690722659,omid:br/0604006435,omid:br/0690722659
oci:0604006435-0660487478,omid:br/0604006435,omid:br/0660487478
oci:0604006435-0660487475,omid:br/0604006435,omid:br/0660487475
oci:0604006435-06503487688,omid:br/0604006435,omid:br/06503487688
oci:0604006435-06190358156,omid:br/0604006435,omid:br/06190358156
oci:0604006435-06704108976,omid:br/0604006435,omid:br/06704108976
oci:06390282757-061702226523,omid:br/06390282757,omid:br/061702226523
oci:06390282757-061702226692,omid:br/06390282757,omid:br/061702226692
oci:06390282757-061801153213,omid:br/06390282757,omid:br/061801153213
oci:06350270559-06430288806,omid:br/06350270559,omid:br/06430288806
oci:06350270559-06901162174,omid:br/06350270559,omid:br/06901162174
oci:06350270559-06102441669,omid:br/06350270559,omid:br/06102441669
oci:06350270559-061203092235,omid:br/06350270559,omid:br/061203092235
oci:06350270559-061801032376,omid:br/06350270559,omid:br/061801032376
oci:06104547890-061201240647,omid:br/06104547890,omid:br/061201240647
oci:06104547890-061201241279,omid:br/06104547890,omid:br/061201241279
oci:06104547890-06601157326,omid:br/06104547890,omid:br/06601157326
oci:06104547890-061201725998,omid:br/06104547890,omid:br/061201725998
oci:06104547890-0634027740,omid:br/06104547890,omid:br/0634027740
oci:06104547890-061601211819,omid:br/06104547890,omid:br/061601211819
oci:06104547890-0660847551,omid:br/06104547890,omid:br/0660847551
oci:06104547890-0604006383,omid:br/06104547890,omid:br/0604006383
oci:06104547890-0604643409,omid:br/06104547890,omid:br/0604643409
oci:06360267026-062601005321,omid:br/06360267026,omid:br/062601005321
oci:06360267026-0620991987,omid:br/06360267026,omid:br/0620991987
oci:06360267026-062601005318,omid:br/06360267026,omid:br/062601005318
oci:06360267026-0670986094,omid:br/06360267026,omid:br/0670986094
oci:06360267026-062601005166,omid:br/06360267026,omid:br/062601005166
oci:06360267026-06220983969,omid:br/06360267026,omid:br/06220983969
oci:06360267026-062403740068,omid:br/06360267026,omid:br/062403740068
oci:06360267026-06260900010,omid:br/06360267026,omid:br/06260900010
oci:06360267026-06901162167,omid:br/06360267026,omid:br/06901162167
oci:06360267026-062504142902,omid:br/06360267026,omid:br/062504142902
oci:06360267026-062601166973,omid:br/06360267026,omid:br/062601166973
oci:06360267026-061901026126,omid:br/06360267026,omid:br/061901026126
oci:06360267026-062080173,omid:br/06360267026,omid:br/062080173
oci:06360267026-06901162113,omid:br/06360267026,omid:br/06901162113
oci:06360267026-06250989654,omid:br/06360267026,omid:br/06250989654
oci:06360267026-062601005148,omid:br/06360267026,omid:br/062601005148
oci:06360267026-06230602039,omid:br/06360267026,omid:br/06230602039
oci:06360267026-0650436822,omid:br/06360267026,omid:br/0650436822
oci:06360267026-0630202962,omid:br/06360267026,omid:br/0630202962
oci:06360267026-06901162330,omid:br/06360267026,omid:br/06901162330
oci:06360267026-06901162338,omid:br/06360267026,omid:br/06901162338
oci:06360267026-062601005312,omid:br/06360267026,omid:br/062601005312
oci:06360267026-062601166805,omid:br/06360267026,omid:br/062601166805
oci:06360267026-062403716333,omid:br/06360267026,omid:br/062403716333
oci:06360267026-06601157138,omid:br/06360267026,omid:br/06601157138
oci:06360267026-0650436891,omid:br/06360267026,omid:br/0650436891
oci:06360267026-062601166948,omid:br/06360267026,omid:br/062601166948
oci:06360267026-062601215791,omid:br/06360267026,omid:br/062601215791
oci:06360267026-0630264436,omid:br/06360267026,omid:br/0630264436
oci:06360267026-061501004089,omid:br/06360267026,omid:br/061501004089
oci:06360267026-061401688054,omid:br/06360267026,omid:br/061401688054
oci:06704514475-06401034258,omid:br/06704514475,omid:br/06401034258
oci:06704514475-06104547554,omid:br/06704514475,omid:br/06104547554
oci:06460272874-0610704644,omid:br/06460272874,omid:br/0610704644
oci:06460272874-0610705215,omid:br/06460272874,omid:br/0610705215
oci:06380271654-061901250177,omid:br/06380271654,omid:br/061901250177
oci:06380271654-0616075511,omid:br/06380271654,omid:br/0616075511
oci:06380271654-061902126526,omid:br/06380271654,omid:br/061902126526
oci:06380271654-06140811509,omid:br/06380271654,omid:br/06140811509
oci:0604187708-0650471663,omid:br/0604187708,omid:br/0650471663
oci:0604187708-06380271438,omid:br/0604187708,omid:br/06380271438
oci:06320264906-061401232861,omid:br/06320264906,omid:br/061401232861
oci:06320264906-06803980030,omid:br/06320264906,omid:br/06803980030
oci:06320264906-06210354373,omid:br/06320264906,omid:br/06210354373
oci:06320264906-061501211384,omid:br/06320264906,omid:br/061501211384
oci:06320264906-061701209557,omid:br/06320264906,omid:br/061701209557
oci:06320264906-061303478211,omid:br/06320264906,omid:br/061303478211
oci:06320264906-062101200855,omid:br/06320264906,omid:br/062101200855
oci:06320264906-06903941248,omid:br/06320264906,omid:br/06903941248
oci:06320264906-06402858141,omid:br/06320264906,omid:br/06402858141
oci:0604032311-06201128040,omid:br/0604032311,omid:br/06201128040
oci:06104547572-06701021179,omid:br/06104547572,omid:br/06701021179
oci:06104547572-062404026245,omid:br/06104547572,omid:br/062404026245
oci:06204545528-061301145930,omid:br/06204545528,omid:br/061301145930
oci:06204545297-0604838071,omid:br/06204545297,omid:br/0604838071
oci:06603999524-06160808582,omid:br/06603999524,omid:br/06160808582
oci:06410277798-061801240933,omid:br/06410277798,omid:br/061801240933
oci:06410277798-06901162454,omid:br/06410277798,omid:br/06901162454
oci:06410277798-062601525245,omid:br/06410277798,omid:br/062601525245
oci:06390283019-06301793573,omid:br/06390283019,omid:br/06301793573
oci:06390283019-061803516356,omid:br/06390283019,omid:br/061803516356
oci:06390283019-06190454627,omid:br/06390283019,omid:br/06190454627
oci:06390283019-0680718264,omid:br/06390283019,omid:br/0680718264
oci:06390283019-062403112503,omid:br/06390283019,omid:br/062403112503
oci:06390283019-061403701529,omid:br/06390283019,omid:br/061403701529
oci:06390283019-061203713164,omid:br/06390283019,omid:br/061203713164
oci:06390283019-061103804628,omid:br/06390283019,omid:br/061103804628
oci:06390283019-06210354793,omid:br/06390283019,omid:br/06210354793
oci:06390283019-06180355748,omid:br/06390283019,omid:br/06180355748
oci:06390283019-061103804228,omid:br/06390283019,omid:br/061103804228
oci:06390283019-061201164703,omid:br/06390283019,omid:br/061201164703
oci:06390283019-061103804762,omid:br/06390283019,omid:br/061103804762
oci:06390283019-061101176226,omid:br/06390283019,omid:br/061101176226
oci:06390283019-061103512275,omid:br/06390283019,omid:br/061103512275
oci:06390283019-061503536935,omid:br/06390283019,omid:br/061503536935
oci:06390283019-06150678403,omid:br/06390283019,omid:br/06150678403
oci:06390283019-061101176088,omid:br/06390283019,omid:br/061101176088
oci:06390283019-061101176645,omid:br/06390283019,omid:br/061101176645
oci:06390283019-061101175756,omid:br/06390283019,omid:br/061101175756
oci:06104547583-062202117633,omid:br/06104547583,omid:br/062202117633
oci:06280287596-06240964836,omid:br/06280287596,omid:br/06240964836
oci:06280287596-06601157529,omid:br/06280287596,omid:br/06601157529
oci:06280287596-06210878523,omid:br/06280287596,omid:br/06210878523
oci:06280287596-06250355564,omid:br/06280287596,omid:br/06250355564
oci:06430272851-0642017167,omid:br/06430272851,omid:br/0642017167
oci:06270285894-06190842208,omid:br/06270285894,omid:br/06190842208
oci:06904150853-0642027504,omid:br/06904150853,omid:br/0642027504
oci:06904150853-06301152531,omid:br/06904150853,omid:br/06301152531
oci:06904150853-061102886331,omid:br/06904150853,omid:br/061102886331
oci:06904150853-0604838046,omid:br/06904150853,omid:br/0604838046
oci:062404117285-06703151193,omid:br/062404117285,omid:br/06703151193
oci:062404117285-0604838062,omid:br/062404117285,omid:br/0604838062
oci:062404117285-06120801083,omid:br/062404117285,omid:br/06120801083
oci:062404117285-06110807181,omid:br/062404117285,omid:br/06110807181
oci:062404117285-062201605660,omid:br/062404117285,omid:br/062201605660
oci:062404117285-0604838063,omid:br/062404117285,omid:br/0604838063
oci:062404117285-06360274335,omid:br/062404117285,omid:br/06360274335
oci:062504112266-061702128427,omid:br/062504112266,omid:br/061702128427
oci:062504112266-0620356723,omid:br/062504112266,omid:br/0620356723
oci:062504112266-06604132047,omid:br/062504112266,omid:br/06604132047
oci:06360266970-0604643365,omid:br/06360266970,omid:br/0604643365
oci:06360266970-062604129737,omid:br/06360266970,omid:br/062604129737
oci:06330278098-06501036827,omid:br/06330278098,omid:br/06501036827
oci:06330278098-0650827226,omid:br/06330278098,omid:br/0650827226
oci:06304533082-06240964526,omid:br/06304533082,omid:br/06240964526
oci:06304533082-06250875464,omid:br/06304533082,omid:br/06250875464
oci:06304533082-06240866020,omid:br/06304533082,omid:br/06240866020
oci:06304533082-06250875135,omid:br/06304533082,omid:br/06250875135
oci:06304533082-06240866129,omid:br/06304533082,omid:br/06240866129
oci:06304533082-062601005521,omid:br/06304533082,omid:br/062601005521
oci:06304533082-06504526270,omid:br/06304533082,omid:br/06504526270
oci:06304533082-06460302756,omid:br/06304533082,omid:br/06460302756
oci:06304533082-062104090386,omid:br/06304533082,omid:br/062104090386
oci:06330278368-0670617662,omid:br/06330278368,omid:br/0670617662
oci:06330278368-062303338994,omid:br/06330278368,omid:br/062303338994
oci:06330278368-06160353140,omid:br/06330278368,omid:br/06160353140
oci:06330278368-06403514241,omid:br/06330278368,omid:br/06403514241
oci:06330278368-06150489298,omid:br/06330278368,omid:br/06150489298
oci:06330278368-06140981628,omid:br/06330278368,omid:br/06140981628
oci:06330278368-0620716193,omid:br/06330278368,omid:br/0620716193
oci:06330278368-06120667094,omid:br/06330278368,omid:br/06120667094
oci:06330278368-061202731407,omid:br/06330278368,omid:br/061202731407
oci:06330278368-06170348240,omid:br/06330278368,omid:br/06170348240
oci:06330278368-0670617629,omid:br/06330278368,omid:br/0670617629
oci:06330278368-06703456648,omid:br/06330278368,omid:br/06703456648
oci:06330278368-0660717238,omid:br/06330278368,omid:br/0660717238
oci:06330278368-0642067653,omid:br/06330278368,omid:br/0642067653
oci:06104547676-061103804529,omid:br/06104547676,omid:br/061103804529
oci:06104547676-0620356910,omid:br/06104547676,omid:br/0620356910
oci:06104547676-06210354729,omid:br/06104547676,omid:br/06210354729
oci:06104547676-061090444,omid:br/06104547676,omid:br/061090444
oci:06104547676-061203712746,omid:br/06104547676,omid:br/061203712746
oci:061604011897-06180354313,omid:br/061604011897,omid:br/06180354313
oci:061604011897-061102611547,omid:br/061604011897,omid:br/061102611547
oci:061604011897-061303694109,omid:br/061604011897,omid:br/061303694109
oci:061504005583-0647059486,omid:br/061504005583,omid:br/0647059486
oci:061504005583-061603893503,omid:br/061504005583,omid:br/061603893503
oci:06320264878-062904964,omid:br/06320264878,omid:br/062904964
oci:06520268859-06504575593,omid:br/06520268859,omid:br/06504575593
oci:06390283005-06140891295,omid:br/06390283005,omid:br/06140891295
oci:06390283005-06701146217,omid:br/06390283005,omid:br/06701146217
oci:06390283005-0650797684,omid:br/06390283005,omid:br/0650797684
oci:06390283005-0629052174,omid:br/06390283005,omid:br/0629052174
oci:06420276854-061201157292,omid:br/06420276854,omid:br/061201157292
oci:06420276854-0630994729,omid:br/06420276854,omid:br/0630994729
oci:06420276854-061902440902,omid:br/06420276854,omid:br/061902440902
oci:06420276854-062102430417,omid:br/06420276854,omid:br/062102430417
oci:06420276854-062102431180,omid:br/06420276854,omid:br/062102431180
oci:06420276854-062102430265,omid:br/06420276854,omid:br/062102430265
oci:06330278353-0630916436,omid:br/06330278353,omid:br/0630916436
oci:06330278353-0670796269,omid:br/06330278353,omid:br/0670796269
oci:06330278353-06210202952,omid:br/06330278353,omid:br/06210202952
oci:06330278353-062603608896,omid:br/06330278353,omid:br/062603608896
oci:06330278353-06170447875,omid:br/06330278353,omid:br/06170447875
oci:06330278353-061803516451,omid:br/06330278353,omid:br/061803516451
oci:06330278353-06301407528,omid:br/06330278353,omid:br/06301407528
oci:06330278353-06140671573,omid:br/06330278353,omid:br/06140671573
oci:06330278353-06103772992,omid:br/06330278353,omid:br/06103772992
oci:062404117312-06230977409,omid:br/062404117312,omid:br/06230977409
oci:062404117312-06240965002,omid:br/062404117312,omid:br/06240965002
oci:062404117312-0660994235,omid:br/062404117312,omid:br/0660994235
oci:062404117312-06210979362,omid:br/062404117312,omid:br/06210979362
oci:06310271856-061403520499,omid:br/06310271856,omid:br/061403520499
oci:06310271856-062401771832,omid:br/06310271856,omid:br/062401771832
oci:06310271856-06701021489,omid:br/06310271856,omid:br/06701021489
oci:06404555385-061704015731,omid:br/06404555385,omid:br/061704015731
oci:06404555385-06403990886,omid:br/06404555385,omid:br/06403990886
oci:06404555385-06904150727,omid:br/06404555385,omid:br/06904150727
oci:06404555967-061801152998,omid:br/06404555967,omid:br/061801152998
oci:06404555967-06420337137,omid:br/06404555967,omid:br/06420337137
oci:06404555967-061402194751,omid:br/06404555967,omid:br/061402194751
oci:06404555967-062301503217,omid:br/06404555967,omid:br/062301503217
oci:06604540001-061101002236,omid:br/06604540001,omid:br/061101002236
oci:06604540001-061101002413,omid:br/06604540001,omid:br/061101002413
oci:06604540001-0670998972,omid:br/06604540001,omid:br/0670998972
oci:06604540001-061302229834,omid:br/06604540001,omid:br/061302229834
oci:0604006473-0640965343,omid:br/0604006473,omid:br/0640965343
oci:06380272609-06250832121,omid:br/06380272609,omid:br/06250832121
oci:0604032343-061403710213,omid:br/0604032343,omid:br/061403710213
oci:0604032343-061104115187,omid:br/0604032343,omid:br/061104115187
oci:0604032343-06602483370,omid:br/0604032343,omid:br/06602483370
oci:0604032343-061102453911,omid:br/0604032343,omid:br/061102453911
oci:0604032343-06601117225,omid:br/0604032343,omid:br/06601117225
oci:06430272834-0690273560,omid:br/06430272834,omid:br/0690273560
oci:06430272834-062201493624,omid:br/06430272834,omid:br/062201493624
oci:06350270528-06203920818,omid:br/06350270528,omid:br/06203920818
oci:06350270528-062401123924,omid:br/06350270528,omid:br/062401123924
oci:06350270528-06260900003,omid:br/06350270528,omid:br/06260900003
oci:06350270528-062403716137,omid:br/06350270528,omid:br/062403716137
oci:06350270528-0650851727,omid:br/06350270528,omid:br/0650851727
oci:06350270528-061901250659,omid:br/06350270528,omid:br/061901250659
oci:06350270528-06101165764,omid:br/06350270528,omid:br/06101165764
oci:06350270528-061203487353,omid:br/06350270528,omid:br/061203487353
oci:06320264897-06201156876,omid:br/06320264897,omid:br/06201156876
oci:06320264897-06401161638,omid:br/06320264897,omid:br/06401161638
oci:06320264897-06240964949,omid:br/06320264897,omid:br/06240964949
oci:06320264897-061101351140,omid:br/06320264897,omid:br/061101351140
oci:06320264897-06120703077,omid:br/06320264897,omid:br/06120703077
oci:06320264897-06160354315,omid:br/06320264897,omid:br/06160354315
oci:06320264897-06401162090,omid:br/06320264897,omid:br/06401162090
oci:06480272934-061301573479,omid:br/06480272934,omid:br/061301573479
oci:06480272934-0660358529,omid:br/06480272934,omid:br/0660358529
oci:06510285535-061103804630,omid:br/06510285535,omid:br/061103804630
oci:06510285535-06180354214,omid:br/06510285535,omid:br/06180354214
oci:06510285535-06150678378,omid:br/06510285535,omid:br/06150678378
oci:06510285535-062201775716,omid:br/06510285535,omid:br/062201775716
oci:06510285535-06703133429,omid:br/06510285535,omid:br/06703133429
oci:0604019576-0620991751,omid:br/0604019576,omid:br/0620991751
oci:0604019576-06201509696,omid:br/0604019576,omid:br/06201509696
oci:0604019576-06260900417,omid:br/0604019576,omid:br/06260900417
oci:0604019576-062604129828,omid:br/0604019576,omid:br/062604129828
oci:0604019576-0604040882,omid:br/0604019576,omid:br/0604040882
oci:0604019576-06304533153,omid:br/0604019576,omid:br/06304533153
oci:06350270564-06103919008,omid:br/06350270564,omid:br/06103919008
oci:06350270564-061202595133,omid:br/06350270564,omid:br/061202595133
oci:06350270564-061703758999,omid:br/06350270564,omid:br/061703758999
oci:061704015330-062102431015,omid:br/061704015330,omid:br/062102431015
oci:06204545487-061601152916,omid:br/06204545487,omid:br/061601152916
oci:0604618259-06401033802,omid:br/0604618259,omid:br/06401033802
oci:0604618259-061303478026,omid:br/0604618259,omid:br/061303478026
oci:0604618259-06703890989,omid:br/0604618259,omid:br/06703890989
oci:0604618259-06250262887,omid:br/0604618259,omid:br/06250262887
oci:0604618259-06450257658,omid:br/0604618259,omid:br/06450257658
oci:0604618259-062402035785,omid:br/0604618259,omid:br/062402035785
oci:0604618259-0660848342,omid:br/0604618259,omid:br/0660848342
oci:0604618259-062503506486,omid:br/0604618259,omid:br/062503506486
oci:0604618259-06260900084,omid:br/0604618259,omid:br/06260900084
oci:0604618259-0640269260,omid:br/0604618259,omid:br/0640269260
oci:0604618259-061102726453,omid:br/0604618259,omid:br/061102726453
oci:06390282378-06202305093,omid:br/06390282378,omid:br/06202305093
oci:06390282378-061104110220,omid:br/06390282378,omid:br/061104110220
oci:06390282378-06303494331,omid:br/06390282378,omid:br/06303494331
oci:06390282378-0604303910,omid:br/06390282378,omid:br/0604303910
oci:06390282378-0628050867,omid:br/06390282378,omid:br/0628050867
oci:06390282378-06504575585,omid:br/06390282378,omid:br/06504575585
oci:06390282378-062403762963,omid:br/06390282378,omid:br/062403762963
oci:06390282378-061801570662,omid:br/06390282378,omid:br/061801570662
oci:06390282378-06120348375,omid:br/06390282378,omid:br/06120348375
oci:06104547930-062102430687,omid:br/06104547930,omid:br/062102430687
oci:061303990759-061401232578,omid:br/061303990759,omid:br/061401232578
oci:061303990759-06101519121,omid:br/061303990759,omid:br/06101519121
oci:061303990759-06210878567,omid:br/061303990759,omid:br/06210878567
oci:061303990759-06130466546,omid:br/061303990759,omid:br/06130466546
oci:061303990759-06480323700,omid:br/061303990759,omid:br/06480323700
oci:061303990759-062401123924,omid:br/061303990759,omid:br/062401123924
oci:061303990759-0690723113,omid:br/061303990759,omid:br/0690723113
oci:061303990759-06201156728,omid:br/061303990759,omid:br/06201156728
oci:061303990759-062403716100,omid:br/061303990759,omid:br/062403716100
oci:06530281239-06360267341,omid:br/06530281239,omid:br/06360267341
oci:06320265185-06170989823,omid:br/06320265185,omid:br/06170989823
oci:06320265185-06601032160,omid:br/06320265185,omid:br/06601032160
oci:06320265185-06260615602,omid:br/06320265185,omid:br/06260615602
oci:062304108334-06401033802,omid:br/062304108334,omid:br/06401033802
oci:062304108334-061303471464,omid:br/062304108334,omid:br/061303471464
oci:062304108334-061303478026,omid:br/062304108334,omid:br/061303478026
oci:062304108334-06503922133,omid:br/062304108334,omid:br/06503922133
oci:062304108334-062401123884,omid:br/062304108334,omid:br/062401123884
oci:062304108334-06250262887,omid:br/062304108334,omid:br/06250262887
oci:062304108334-06703890989,omid:br/062304108334,omid:br/06703890989
oci:06904150921-0690723180,omid:br/06904150921,omid:br/0690723180
oci:06904150921-06150897370,omid:br/06904150921,omid:br/06150897370
oci:06904150921-0670712444,omid:br/06904150921,omid:br/0670712444
oci:06904150921-06104547529,omid:br/06904150921,omid:br/06104547529
oci:06904150921-06480273546,omid:br/06904150921,omid:br/06480273546
oci:06904150921-06480273588,omid:br/06904150921,omid:br/06480273588
oci:0604247921-06220983850,omid:br/0604247921,omid:br/06220983850
oci:0604247921-06210979240,omid:br/0604247921,omid:br/06210979240
oci:0604247921-06450269577,omid:br/0604247921,omid:br/06450269577
oci:0604247921-0604040882,omid:br/0604247921,omid:br/0604040882
oci:0604247921-06303993131,omid:br/0604247921,omid:br/06303993131
oci:0604247921-06701021285,omid:br/0604247921,omid:br/06701021285
oci:0604247921-062403715702,omid:br/0604247921,omid:br/062403715702
oci:0604247921-06260900417,omid:br/0604247921,omid:br/06260900417
oci:0604247921-06701021273,omid:br/0604247921,omid:br/06701021273
oci:06360267005-06501036756,omid:br/06360267005,omid:br/06501036756
oci:06360267005-06140726148,omid:br/06360267005,omid:br/06140726148
oci:06370278073-06101004616,omid:br/06370278073,omid:br/06101004616
oci:06370278073-06220882323,omid:br/06370278073,omid:br/06220882323
oci:06370278073-06220882612,omid:br/06370278073,omid:br/06220882612
oci:06370278073-06230880885,omid:br/06370278073,omid:br/06230880885
oci:06370278073-06230976737,omid:br/06370278073,omid:br/06230976737
oci:06370278073-06250978842,omid:br/06370278073,omid:br/06250978842
oci:06370278073-061104136086,omid:br/06370278073,omid:br/061104136086
oci:0604040923-06704115534,omid:br/0604040923,omid:br/06704115534
oci:0604040923-06230977044,omid:br/0604040923,omid:br/06230977044
oci:0604040923-0620992201,omid:br/0604040923,omid:br/0620992201
oci:0604040923-06101005456,omid:br/0604040923,omid:br/06101005456
oci:0604040923-0630916291,omid:br/0604040923,omid:br/0630916291
oci:06420276302-061904060024,omid:br/06420276302,omid:br/061904060024
oci:06320264674-06203920759,omid:br/06320264674,omid:br/06203920759
oci:06320264674-062101493534,omid:br/06320264674,omid:br/062101493534
oci:06320264674-061303478211,omid:br/06320264674,omid:br/061303478211
oci:06320264674-062401182026,omid:br/06320264674,omid:br/062401182026
oci:06340279508-06250978040,omid:br/06340279508,omid:br/06250978040
oci:06340279508-06480273579,omid:br/06340279508,omid:br/06480273579
oci:06340279508-062504112578,omid:br/06340279508,omid:br/062504112578
oci:06904150917-062601005893,omid:br/06904150917,omid:br/062601005893
oci:06904150917-06240964577,omid:br/06904150917,omid:br/06240964577
oci:06904150917-06290349917,omid:br/06904150917,omid:br/06290349917
oci:06904150917-06410278948,omid:br/06904150917,omid:br/06410278948
oci:0604643388-06280287356,omid:br/0604643388,omid:br/06280287356
oci:061704015188-062403715554,omid:br/061704015188,omid:br/062403715554
oci:061704015188-06250874968,omid:br/061704015188,omid:br/06250874968
oci:061704015188-06801156141,omid:br/061704015188,omid:br/06801156141
oci:061704015188-062401123127,omid:br/061704015188,omid:br/062401123127
oci:061704015188-062601166765,omid:br/061704015188,omid:br/062601166765
oci:06440269995-06601157014,omid:br/06440269995,omid:br/06601157014
oci:06440269995-06250874544,omid:br/06440269995,omid:br/06250874544
oci:06440269995-062504112626,omid:br/06440269995,omid:br/062504112626
oci:06440269995-06104547522,omid:br/06440269995,omid:br/06104547522
oci:06440269995-0604006459,omid:br/06440269995,omid:br/0604006459
oci:06340279491-061702226256,omid:br/06340279491,omid:br/061702226256
oci:06340279491-0639027224,omid:br/06340279491,omid:br/0639027224
oci:06340279491-0644027110,omid:br/06340279491,omid:br/0644027110
oci:06340279491-06601157344,omid:br/06340279491,omid:br/06601157344
oci:06410278976-06160173200,omid:br/06410278976,omid:br/06160173200
oci:06410278976-06140891295,omid:br/06410278976,omid:br/06140891295
oci:06410278976-06402208211,omid:br/06410278976,omid:br/06402208211
oci:06410278976-06404572697,omid:br/06410278976,omid:br/06404572697
oci:06410278976-06210815961,omid:br/06410278976,omid:br/06210815961
oci:06410278976-061202037165,omid:br/06410278976,omid:br/061202037165
oci:06410278976-062403740080,omid:br/06410278976,omid:br/062403740080
oci:06320264886-061401118790,omid:br/06320264886,omid:br/061401118790
oci:06320265166-06401196830,omid:br/06320265166,omid:br/06401196830
oci:06420275996-061801153043,omid:br/06420275996,omid:br/061801153043
oci:06420275996-0604838043,omid:br/06420275996,omid:br/0604838043
oci:06420275996-06130399366,omid:br/06420275996,omid:br/06130399366
oci:06420275996-06804542933,omid:br/06420275996,omid:br/06804542933
oci:06420275996-06270286568,omid:br/06420275996,omid:br/06270286568
oci:06370278124-062601166279,omid:br/06370278124,omid:br/062601166279
oci:06370278124-06301214565,omid:br/06370278124,omid:br/06301214565
oci:061704015165-06220983850,omid:br/061704015165,omid:br/06220983850
oci:06104547635-0620991838,omid:br/06104547635,omid:br/0620991838
oci:06104547635-061301573479,omid:br/06104547635,omid:br/061301573479
oci:06104547635-061104152137,omid:br/06104547635,omid:br/061104152137
oci:06104547635-0660358529,omid:br/06104547635,omid:br/0660358529
oci:06104547635-062601216665,omid:br/06104547635,omid:br/062601216665
oci:06104547635-06403905140,omid:br/06104547635,omid:br/06403905140
oci:06104547635-06501162828,omid:br/06104547635,omid:br/06501162828
oci:06304533398-061702226037,omid:br/06304533398,omid:br/061702226037
oci:06320264828-061101638292,omid:br/06320264828,omid:br/061101638292
oci:06320264828-062601005442,omid:br/06320264828,omid:br/062601005442
oci:06320264828-06220983973,omid:br/06320264828,omid:br/06220983973
oci:06320264828-06220983975,omid:br/06320264828,omid:br/06220983975
oci:06320264828-062401123938,omid:br/06320264828,omid:br/062401123938
oci:06320264828-06101164851,omid:br/06320264828,omid:br/06101164851
oci:06320264828-06604522845,omid:br/06320264828,omid:br/06604522845
oci:06320264828-06201156546,omid:br/06320264828,omid:br/06201156546
oci:06320264828-06601157355,omid:br/06320264828,omid:br/06601157355
oci:06320264828-06120702706,omid:br/06320264828,omid:br/06120702706
oci:06320264828-06220882775,omid:br/06320264828,omid:br/06220882775
oci:06320264828-061404028668,omid:br/06320264828,omid:br/061404028668
oci:06320264828-06604522846,omid:br/06320264828,omid:br/06604522846
oci:06320264828-06201156565,omid:br/06320264828,omid:br/06201156565
oci:06320264828-06250978131,omid:br/06320264828,omid:br/06250978131
oci:06320264828-06401161508,omid:br/06320264828,omid:br/06401161508
oci:06320264828-062203701056,omid:br/06320264828,omid:br/062203701056
oci:06320264828-06601157511,omid:br/06320264828,omid:br/06601157511
oci:06320264828-062601005120,omid:br/06320264828,omid:br/062601005120
oci:06320264828-06201156089,omid:br/06320264828,omid:br/06201156089
oci:06320264828-06201156099,omid:br/06320264828,omid:br/06201156099
oci:06320264828-06401161639,omid:br/06320264828,omid:br/06401161639
oci:06320264828-06603908306,omid:br/06320264828,omid:br/06603908306
oci:06320264828-062603888163,omid:br/06320264828,omid:br/062603888163
oci:06320264828-062301145124,omid:br/06320264828,omid:br/062301145124
oci:06320264828-06601156907,omid:br/06320264828,omid:br/06601156907
oci:06320264828-06201156537,omid:br/06320264828,omid:br/06201156537
oci:06320264828-062601005799,omid:br/06320264828,omid:br/062601005799
oci:06320264828-062601006033,omid:br/06320264828,omid:br/062601006033
oci:06320264828-06104195998,omid:br/06320264828,omid:br/06104195998
oci:06320264828-062601166520,omid:br/06320264828,omid:br/062601166520
oci:062104090384-0610494041,omid:br/062104090384,omid:br/0610494041
oci:062104090384-06170448396,omid:br/062104090384,omid:br/06170448396
oci:062104090384-06240476982,omid:br/062104090384,omid:br/06240476982
oci:062104090384-06401162009,omid:br/062104090384,omid:br/06401162009
oci:062104090384-062601166164,omid:br/062104090384,omid:br/062601166164
oci:062104090384-06470338796,omid:br/062104090384,omid:br/06470338796
oci:062104090384-0690722667,omid:br/062104090384,omid:br/0690722667
oci:062104090384-06110711776,omid:br/062104090384,omid:br/06110711776
oci:062104090384-0617079091,omid:br/062104090384,omid:br/0617079091
oci:062104090384-06140351414,omid:br/062104090384,omid:br/06140351414
oci:062104090384-06210354735,omid:br/062104090384,omid:br/06210354735
oci:06404556005-06180862385,omid:br/06404556005,omid:br/06180862385
oci:06404556005-0620992078,omid:br/06404556005,omid:br/0620992078
oci:06404556005-061303477996,omid:br/06404556005,omid:br/061303477996
oci:06404556005-0620992200,omid:br/06404556005,omid:br/0620992200
oci:06340279892-06180978811,omid:br/06340279892,omid:br/06180978811
oci:06704514515-0604838066,omid:br/06704514515,omid:br/0604838066
oci:06704514515-06520205283,omid:br/06704514515,omid:br/06520205283
oci:06704514515-062102430737,omid:br/06704514515,omid:br/062102430737
oci:06704514515-061902883908,omid:br/06704514515,omid:br/061902883908
oci:06320264922-0643027203,omid:br/06320264922,omid:br/0643027203
oci:06320264922-0647025041,omid:br/06320264922,omid:br/0647025041
oci:06320264922-06601214836,omid:br/06320264922,omid:br/06601214836
oci:06320264922-06104547477,omid:br/06320264922,omid:br/06104547477
oci:06320264922-062202428460,omid:br/06320264922,omid:br/062202428460
oci:06420276805-0690166530,omid:br/06420276805,omid:br/0690166530
oci:06420276805-062404117622,omid:br/06420276805,omid:br/062404117622
oci:0604643427-062102228019,omid:br/0604643427,omid:br/062102228019
oci:0604643427-0604392622,omid:br/0604643427,omid:br/0604392622
oci:0604643427-06104613713,omid:br/0604643427,omid:br/06104613713
oci:0604643427-0680992444,omid:br/0604643427,omid:br/0680992444
oci:0604643427-06240260444,omid:br/0604643427,omid:br/06240260444
oci:0604643427-06104613714,omid:br/0604643427,omid:br/06104613714
oci:0604643427-06240866047,omid:br/0604643427,omid:br/06240866047
oci:0604643427-06170989537,omid:br/0604643427,omid:br/06170989537
oci:0604643427-061104151886,omid:br/0604643427,omid:br/061104151886
oci:0604643427-0670986163,omid:br/0604643427,omid:br/0670986163
oci:0604643427-062601006055,omid:br/0604643427,omid:br/062601006055
oci:0604643427-06904150915,omid:br/0604643427,omid:br/06904150915
oci:06390282415-06501595689,omid:br/06390282415,omid:br/06501595689
oci:06390282415-061501579575,omid:br/06390282415,omid:br/061501579575
oci:06390282415-06602425245,omid:br/06390282415,omid:br/06602425245
oci:06390282415-06602425087,omid:br/06390282415,omid:br/06602425087
oci:06320264864-06210472289,omid:br/06320264864,omid:br/06210472289
oci:06320264864-06601157179,omid:br/06320264864,omid:br/06601157179
oci:06320264864-06401161208,omid:br/06320264864,omid:br/06401161208
oci:06320264864-06210471992,omid:br/06320264864,omid:br/06210471992
oci:06320264864-062103687824,omid:br/06320264864,omid:br/062103687824
oci:06320264875-06401162066,omid:br/06320264875,omid:br/06401162066
oci:06320264875-06401162018,omid:br/06320264875,omid:br/06401162018
oci:06270286302-06240965002,omid:br/06270286302,omid:br/06240965002
oci:06270286302-06230977093,omid:br/06270286302,omid:br/06230977093
oci:06320265155-06901162819,omid:br/06320265155,omid:br/06901162819
oci:061303990741-06170460093,omid:br/061303990741,omid:br/06170460093
oci:06280287529-062601006049,omid:br/06280287529,omid:br/062601006049
oci:06280287529-06250978040,omid:br/06280287529,omid:br/06250978040
oci:06280287529-06804543209,omid:br/06280287529,omid:br/06804543209
oci:06280287529-061404006358,omid:br/06280287529,omid:br/061404006358
oci:0604040902-061901250107,omid:br/0604040902,omid:br/061901250107
oci:0604040902-061901250361,omid:br/0604040902,omid:br/061901250361
oci:06350270542-0650356811,omid:br/06350270542,omid:br/0650356811
oci:06350270542-0620356910,omid:br/06350270542,omid:br/0620356910
oci:06350270542-061303694339,omid:br/06350270542,omid:br/061303694339
oci:06350270542-06903078690,omid:br/06350270542,omid:br/06903078690
oci:06350270542-06120350883,omid:br/06350270542,omid:br/06120350883
oci:06350270542-06303909556,omid:br/06350270542,omid:br/06303909556
oci:06350270542-061201165131,omid:br/06350270542,omid:br/061201165131
oci:06350270542-062904950,omid:br/06350270542,omid:br/062904950
oci:06350270542-061102611322,omid:br/06350270542,omid:br/061102611322
oci:06350270542-062402690637,omid:br/06350270542,omid:br/062402690637
oci:06350270542-062602725522,omid:br/06350270542,omid:br/062602725522
oci:06350270542-061203712746,omid:br/06350270542,omid:br/061203712746
oci:06350270542-061103804841,omid:br/06350270542,omid:br/061103804841
oci:06350270542-062601246725,omid:br/06350270542,omid:br/062601246725
oci:06350270542-06701504679,omid:br/06350270542,omid:br/06701504679
oci:06350270542-062401123894,omid:br/06350270542,omid:br/062401123894
oci:06350270542-06801506400,omid:br/06350270542,omid:br/06801506400
oci:0604040895-061901162311,omid:br/0604040895,omid:br/061901162311
oci:0604040895-062302432204,omid:br/0604040895,omid:br/062302432204
oci:0604187668-06601156596,omid:br/0604187668,omid:br/06601156596
oci:0604187668-062103688709,omid:br/0604187668,omid:br/062103688709
oci:0604187668-06270286769,omid:br/0604187668,omid:br/06270286769
oci:06520268828-062401306163,omid:br/06520268828,omid:br/062401306163
oci:06450270471-063305097,omid:br/06450270471,omid:br/063305097
oci:06450270471-06901259960,omid:br/06450270471,omid:br/06901259960
oci:06450270471-06280288071,omid:br/06450270471,omid:br/06280288071
oci:06450270471-06490355143,omid:br/06450270471,omid:br/06490355143
oci:06320264837-0680718040,omid:br/06320264837,omid:br/0680718040
oci:06440270548-06450295882,omid:br/06440270548,omid:br/06450295882
oci:061604011534-062504112272,omid:br/061604011534,omid:br/062504112272
oci:061604011534-0660824477,omid:br/061604011534,omid:br/0660824477
oci:06440270007-062601005362,omid:br/06440270007,omid:br/062601005362
oci:06440270007-06101214120,omid:br/06440270007,omid:br/06101214120
oci:06440270007-06110410351,omid:br/06440270007,omid:br/06110410351
oci:06440270007-06230862113,omid:br/06440270007,omid:br/06230862113
oci:06440270007-06310291071,omid:br/06440270007,omid:br/06310291071
oci:06440270007-06701021627,omid:br/06440270007,omid:br/06701021627
oci:06440270007-062403716355,omid:br/06440270007,omid:br/062403716355
oci:06440270007-06170900400,omid:br/06440270007,omid:br/06170900400
oci:06440270007-06240865592,omid:br/06440270007,omid:br/06240865592
oci:06440270007-06104007887,omid:br/06440270007,omid:br/06104007887
oci:06340279845-061301146318,omid:br/06340279845,omid:br/061301146318
oci:06340279845-0630718350,omid:br/06340279845,omid:br/0630718350
oci:06370278074-06290297946,omid:br/06370278074,omid:br/06290297946
oci:06490276079-062403716370,omid:br/06490276079,omid:br/062403716370
oci:0604643409-06601157187,omid:br/0604643409,omid:br/06601157187
oci:0604643409-0637028608,omid:br/0604643409,omid:br/0637028608
oci:0604643409-0634027821,omid:br/0604643409,omid:br/0634027821
oci:0604643409-061601211819,omid:br/0604643409,omid:br/061601211819
oci:0604643409-0634027740,omid:br/0604643409,omid:br/0634027740
oci:062304108267-061401232811,omid:br/062304108267,omid:br/061401232811
oci:062304108267-06390281570,omid:br/062304108267,omid:br/06390281570
oci:062304108267-06201156427,omid:br/062304108267,omid:br/06201156427
oci:062304108267-061701209557,omid:br/062304108267,omid:br/061701209557
oci:062304108267-06140478673,omid:br/062304108267,omid:br/06140478673
oci:062304108267-06601157344,omid:br/062304108267,omid:br/06601157344
oci:062304108267-062401181120,omid:br/062304108267,omid:br/062401181120
oci:062304108267-061501211384,omid:br/062304108267,omid:br/061501211384
oci:062304108267-0690722939,omid:br/062304108267,omid:br/0690722939
oci:062304108267-06102441129,omid:br/062304108267,omid:br/06102441129
oci:062304108267-06320265052,omid:br/062304108267,omid:br/06320265052
oci:062304108267-062604129519,omid:br/062304108267,omid:br/062604129519
oci:062304108267-06904150703,omid:br/062304108267,omid:br/06904150703
oci:062304108267-0604187623,omid:br/062304108267,omid:br/0604187623
oci:06504555465-061604011187,omid:br/06504555465,omid:br/061604011187
oci:0604040889-06250978726,omid:br/0604040889,omid:br/06250978726
oci:0604040889-06140811521,omid:br/0604040889,omid:br/06140811521
oci:06304533176-061801240323,omid:br/06304533176,omid:br/061801240323
oci:06304533176-061401232517,omid:br/06304533176,omid:br/061401232517
oci:06304533176-0637028955,omid:br/06304533176,omid:br/0637028955
oci:06304533176-062203700725,omid:br/06304533176,omid:br/062203700725
oci:06304533176-06501163618,omid:br/06304533176,omid:br/06501163618
oci:062304108555-06401033802,omid:br/062304108555,omid:br/06401033802
oci:062304108555-06210114585,omid:br/062304108555,omid:br/06210114585
oci:062304108555-06701021785,omid:br/062304108555,omid:br/06701021785
oci:062304108555-061303990724,omid:br/062304108555,omid:br/061303990724
oci:061704015174-061304020542,omid:br/061704015174,omid:br/061304020542
oci:06104547573-0641027843,omid:br/06104547573,omid:br/0641027843
oci:06104547573-06901260042,omid:br/06104547573,omid:br/06901260042
oci:06104547573-06303730393,omid:br/06104547573,omid:br/06303730393
oci:06104547573-06220814648,omid:br/06104547573,omid:br/06220814648
oci:06104547573-06703124506,omid:br/06104547573,omid:br/06703124506
oci:06104547573-0604119272,omid:br/06104547573,omid:br/0604119272
oci:06204545357-06503557783,omid:br/06204545357,omid:br/06503557783
oci:06204545357-06120667824,omid:br/06204545357,omid:br/06120667824
oci:06604440570-06190988815,omid:br/06604440570,omid:br/06190988815
oci:06604440570-061801015328,omid:br/06604440570,omid:br/061801015328
oci:06604440570-06130565311,omid:br/06604440570,omid:br/06130565311
oci:06604440570-06110723320,omid:br/06604440570,omid:br/06110723320
oci:06390281567-06110859333,omid:br/06390281567,omid:br/06110859333
oci:06390281567-062601215971,omid:br/06390281567,omid:br/062601215971
oci:06390281567-063305814,omid:br/06390281567,omid:br/063305814
oci:06390281567-06230977462,omid:br/06390281567,omid:br/06230977462
oci:06390281567-06804542933,omid:br/06390281567,omid:br/06804542933
oci:06390281567-06390281556,omid:br/06390281567,omid:br/06390281556
oci:06390281567-06270286568,omid:br/06390281567,omid:br/06270286568
oci:06390281567-06104547538,omid:br/06390281567,omid:br/06104547538
oci:06410278935-06250979018,omid:br/06410278935,omid:br/06250979018
oci:06410278935-06601214803,omid:br/06410278935,omid:br/06601214803
oci:06410278935-06220882825,omid:br/06410278935,omid:br/06220882825
oci:06410278935-0641027632,omid:br/06410278935,omid:br/0641027632
oci:06410278935-062103687880,omid:br/06410278935,omid:br/062103687880
oci:06410278935-06904150772,omid:br/06410278935,omid:br/06904150772
oci:06410278935-06430272482,omid:br/06410278935,omid:br/06430272482
oci:06440269921-061602228756,omid:br/06440269921,omid:br/061602228756
oci:06440269921-06230771207,omid:br/06440269921,omid:br/06230771207
oci:06530281207-062301925311,omid:br/06530281207,omid:br/062301925311
oci:06530281207-06210354220,omid:br/06530281207,omid:br/06210354220
oci:06530281207-06230490208,omid:br/06530281207,omid:br/06230490208
oci:06530281207-062303710963,omid:br/06530281207,omid:br/062303710963
oci:06530281207-06401162076,omid:br/06530281207,omid:br/06401162076
oci:06530281207-061404028674,omid:br/06530281207,omid:br/061404028674
oci:06530281207-06250874533,omid:br/06530281207,omid:br/06250874533
oci:06530281207-06150822319,omid:br/06530281207,omid:br/06150822319
oci:0653068750-06230976975,omid:br/0653068750,omid:br/06230976975
oci:0653068750-0616075722,omid:br/0653068750,omid:br/0616075722
oci:0653068750-06260900421,omid:br/0653068750,omid:br/06260900421
oci:0653068750-062604129828,omid:br/0653068750,omid:br/062604129828
oci:0653068750-06304533153,omid:br/0653068750,omid:br/06304533153
oci:0653068750-062404117318,omid:br/0653068750,omid:br/062404117318
oci:061303990763-06804542933,omid:br/061303990763,omid:br/06804542933
oci:061303990763-0604006472,omid:br/061303990763,omid:br/0604006472
oci:061303990763-06390281545,omid:br/061303990763,omid:br/06390281545
oci:06530281164-061203592024,omid:br/06530281164,omid:br/061203592024
oci:06530281164-061404028666,omid:br/06530281164,omid:br/061404028666
oci:06530281164-06240965102,omid:br/06530281164,omid:br/06240965102
oci:06530281164-062103688406,omid:br/06530281164,omid:br/062103688406
oci:06530281164-0604838073,omid:br/06530281164,omid:br/0604838073
oci:06530281164-06380271426,omid:br/06530281164,omid:br/06380271426
oci:06530281164-062102430351,omid:br/06530281164,omid:br/062102430351
oci:06104547617-0604643348,omid:br/06104547617,omid:br/0604643348
oci:06104547617-06380271926,omid:br/06104547617,omid:br/06380271926
oci:06104547906-06480228205,omid:br/06104547906,omid:br/06480228205
oci:06104547906-06270286568,omid:br/06104547906,omid:br/06270286568
oci:06104547906-06804542933,omid:br/06104547906,omid:br/06804542933
oci:06503995888-062401481340,omid:br/06503995888,omid:br/062401481340
oci:061504005289-0627047523,omid:br/061504005289,omid:br/0627047523
oci:061504005289-061402195408,omid:br/061504005289,omid:br/061402195408
oci:06604539858-061201157631,omid:br/06604539858,omid:br/061201157631
oci:06604539858-061201157083,omid:br/06604539858,omid:br/061201157083
oci:06604539858-061201156985,omid:br/06604539858,omid:br/061201156985
oci:06604539858-061202036814,omid:br/06604539858,omid:br/061202036814
oci:06604539858-0690907103,omid:br/06604539858,omid:br/0690907103
oci:06604539858-06140891576,omid:br/06604539858,omid:br/06140891576
oci:06604539858-06160870124,omid:br/06604539858,omid:br/06160870124
oci:06604539858-06120884950,omid:br/06604539858,omid:br/06120884950
oci:06604539858-06140891295,omid:br/06604539858,omid:br/06140891295
oci:06604539858-06160898582,omid:br/06604539858,omid:br/06160898582
oci:06604539858-06502429957,omid:br/06604539858,omid:br/06502429957
oci:06604539858-0610551796,omid:br/06604539858,omid:br/0610551796
oci:06604539858-06180890760,omid:br/06604539858,omid:br/06180890760
oci:06304533123-06490288345,omid:br/06304533123,omid:br/06490288345
oci:06304533123-06104547559,omid:br/06304533123,omid:br/06104547559
oci:06440269939-06704115657,omid:br/06440269939,omid:br/06704115657
oci:06440269939-06250874735,omid:br/06440269939,omid:br/06250874735
oci:06440269939-06260900439,omid:br/06440269939,omid:br/06260900439
oci:06440269939-063902210,omid:br/06440269939,omid:br/063902210
oci:06440269939-06380271410,omid:br/06440269939,omid:br/06380271410
oci:06440269939-06530281170,omid:br/06440269939,omid:br/06530281170
oci:06270286315-063704447,omid:br/06270286315,omid:br/063704447
oci:06270286315-06902733961,omid:br/06270286315,omid:br/06902733961
oci:06270286315-06280288071,omid:br/06270286315,omid:br/06280288071
oci:06370278114-061104136092,omid:br/06370278114,omid:br/061104136092
oci:06370278114-06804542933,omid:br/06370278114,omid:br/06804542933
oci:06370278114-06390281545,omid:br/06370278114,omid:br/06390281545
oci:06204545516-06190988754,omid:br/06204545516,omid:br/06190988754
oci:06340279437-06601157014,omid:br/06340279437,omid:br/06601157014
oci:06340279437-0650357627,omid:br/06340279437,omid:br/0650357627
oci:06340279437-062602880117,omid:br/06340279437,omid:br/062602880117
oci:06340279437-0680425699,omid:br/06340279437,omid:br/0680425699
oci:06340279437-061303558136,omid:br/06340279437,omid:br/061303558136
oci:06340279437-0690723184,omid:br/06340279437,omid:br/0690723184
oci:06340279437-06120703034,omid:br/06340279437,omid:br/06120703034
oci:06340279437-06160989989,omid:br/06340279437,omid:br/06160989989
oci:06340279437-06270286573,omid:br/06340279437,omid:br/06270286573
oci:061704015121-061503712408,omid:br/061704015121,omid:br/061503712408
oci:061704015121-06130813062,omid:br/061704015121,omid:br/06130813062
oci:061704015121-06702831360,omid:br/061704015121,omid:br/06702831360
oci:061704015121-06104547589,omid:br/061704015121,omid:br/06104547589
oci:061704015121-0620992244,omid:br/061704015121,omid:br/0620992244
oci:061704015121-06701021589,omid:br/061704015121,omid:br/06701021589
oci:06320265165-062101813067,omid:br/06320265165,omid:br/062101813067
oci:06320265165-06602626424,omid:br/06320265165,omid:br/06602626424
oci:0604006420-06360267320,omid:br/0604006420,omid:br/06360267320
oci:0604006420-062201605749,omid:br/0604006420,omid:br/062201605749
oci:0604006420-06104547529,omid:br/0604006420,omid:br/06104547529
oci:0604006420-0604838039,omid:br/0604006420,omid:br/0604838039
oci:061704015314-0619079326,omid:br/061704015314,omid:br/0619079326
oci:061704015314-062103124232,omid:br/061704015314,omid:br/062103124232
oci:06320264838-064404758,omid:br/06320264838,omid:br/064404758
oci:06320264838-063305097,omid:br/06320264838,omid:br/063305097
oci:06320264838-063604135,omid:br/06320264838,omid:br/063604135
oci:06320264838-06480323695,omid:br/06320264838,omid:br/06480323695
oci:0604314174-06101005336,omid:br/0604314174,omid:br/06101005336
oci:0604314174-06401033922,omid:br/0604314174,omid:br/06401033922
oci:0604314174-06101165800,omid:br/0604314174,omid:br/06101165800
oci:0604314174-06240866302,omid:br/0604314174,omid:br/06240866302
oci:0604314174-06170447741,omid:br/0604314174,omid:br/06170447741
oci:0604314174-06601214580,omid:br/0604314174,omid:br/06601214580
oci:06270285912-06190819779,omid:br/06270285912,omid:br/06190819779
oci:06270285912-061801498402,omid:br/06270285912,omid:br/061801498402
oci:06270285912-06330278414,omid:br/06270285912,omid:br/06330278414
oci:06270285912-0604618274,omid:br/06270285912,omid:br/0604618274
oci:06270285912-06330278396,omid:br/06270285912,omid:br/06330278396
oci:06520268762-061901595429,omid:br/06520268762,omid:br/061901595429
oci:06520268762-06503531695,omid:br/06520268762,omid:br/06503531695
oci:06520268762-06603521212,omid:br/06520268762,omid:br/06603521212
oci:06520268762-06903128516,omid:br/06520268762,omid:br/06903128516
oci:06520268762-0635026972,omid:br/06520268762,omid:br/0635026972
oci:06520268762-061103116572,omid:br/06520268762,omid:br/061103116572
oci:0604006412-06190176848,omid:br/0604006412,omid:br/06190176848
oci:0604006412-0660701886,omid:br/0604006412,omid:br/0660701886
oci:06280287600-06903079031,omid:br/06280287600,omid:br/06903079031
oci:06280287600-06110807450,omid:br/06280287600,omid:br/06110807450
oci:06280287600-06110807360,omid:br/06280287600,omid:br/06110807360
oci:06280287600-06230676700,omid:br/06280287600,omid:br/06230676700
oci:06280287600-06230676656,omid:br/06280287600,omid:br/06230676656
oci:06280287600-06204545842,omid:br/06280287600,omid:br/06204545842
oci:06390281517-06260855396,omid:br/06390281517,omid:br/06260855396
oci:06390281517-062502740704,omid:br/06390281517,omid:br/062502740704
oci:06390281517-061101201812,omid:br/06390281517,omid:br/061101201812
oci:06390281517-0620264141,omid:br/06390281517,omid:br/0620264141
oci:06390281517-061104113844,omid:br/06390281517,omid:br/061104113844
oci:06104547558-0640798714,omid:br/06104547558,omid:br/0640798714
oci:06104547558-06404487287,omid:br/06104547558,omid:br/06404487287
oci:06104547558-06104547871,omid:br/06104547558,omid:br/06104547871
oci:0604040953-061301242816,omid:br/0604040953,omid:br/061301242816
oci:0604040953-0650851205,omid:br/0604040953,omid:br/0650851205
oci:06520268849-061404009048,omid:br/06520268849,omid:br/061404009048
oci:06520268849-0630994343,omid:br/06520268849,omid:br/0630994343
oci:06520268849-06401517847,omid:br/06520268849,omid:br/06401517847
oci:06520268849-06803848125,omid:br/06520268849,omid:br/06803848125
oci:06520268849-06703885666,omid:br/06520268849,omid:br/06703885666
oci:06520268849-0630994644,omid:br/06520268849,omid:br/0630994644
oci:06520268849-0620992295,omid:br/06520268849,omid:br/0620992295
oci:06520268849-0620992463,omid:br/06520268849,omid:br/0620992463
oci:06520268849-06103521293,omid:br/06520268849,omid:br/06103521293
oci:06320265134-06170990304,omid:br/06320265134,omid:br/06170990304
oci:06360266974-062403716370,omid:br/06360266974,omid:br/062403716370
oci:061303990733-06904088787,omid:br/061303990733,omid:br/06904088787
oci:061303990733-0647025041,omid:br/061303990733,omid:br/0647025041
oci:061303990733-062402036134,omid:br/061303990733,omid:br/062402036134
oci:061303990733-062202428460,omid:br/061303990733,omid:br/062202428460
oci:06380271837-061403291624,omid:br/06380271837,omid:br/061403291624
oci:06380271837-06603520254,omid:br/06380271837,omid:br/06603520254
oci:06380271837-0630860717,omid:br/06380271837,omid:br/0630860717
oci:06380271837-06160858416,omid:br/06380271837,omid:br/06160858416
oci:06380271837-06303527085,omid:br/06380271837,omid:br/06303527085
oci:06390281299-062404116781,omid:br/06390281299,omid:br/062404116781
oci:0604040929-061101638292,omid:br/0604040929,omid:br/061101638292
oci:0604040929-06701021591,omid:br/0604040929,omid:br/06701021591
oci:06330278424-0604838060,omid:br/06330278424,omid:br/0604838060
oci:06330278424-06103125901,omid:br/06330278424,omid:br/06103125901
oci:06330278424-06190473478,omid:br/06330278424,omid:br/06190473478
oci:06430272108-062102116210,omid:br/06430272108,omid:br/062102116210
oci:06430272108-062102038077,omid:br/06430272108,omid:br/062102038077
oci:06430272108-06101722385,omid:br/06430272108,omid:br/06101722385
oci:06430272108-0610271506,omid:br/06430272108,omid:br/0610271506
oci:06430272108-0640213517,omid:br/06430272108,omid:br/0640213517
oci:06804543080-06170990087,omid:br/06804543080,omid:br/06170990087
oci:06904150890-061201240840,omid:br/06904150890,omid:br/061201240840
oci:06904150890-0604838020,omid:br/06904150890,omid:br/0604838020
oci:06904150890-0647025041,omid:br/06904150890,omid:br/0647025041
oci:06904150890-06104547477,omid:br/06904150890,omid:br/06104547477
oci:06904150890-062202428460,omid:br/06904150890,omid:br/062202428460
oci:06390282373-062104090423,omid:br/06390282373,omid:br/062104090423
oci:06904150425-06170989812,omid:br/06904150425,omid:br/06170989812
oci:06904008029-0611072610,omid:br/06904008029,omid:br/0611072610
oci:06904008029-0648027264,omid:br/06904008029,omid:br/0648027264
oci:06904008029-062104041281,omid:br/06904008029,omid:br/062104041281
oci:06904008029-06301777418,omid:br/06904008029,omid:br/06301777418
oci:06390282827-06203920859,omid:br/06390282827,omid:br/06203920859
oci:062104090394-0620486498,omid:br/062104090394,omid:br/0620486498
oci:062104090394-0690493679,omid:br/062104090394,omid:br/0690493679
oci:062104090394-06510218828,omid:br/062104090394,omid:br/06510218828
oci:062104090394-0620488826,omid:br/062104090394,omid:br/0620488826
oci:062104090394-06470338797,omid:br/062104090394,omid:br/06470338797
oci:062104090394-06110900885,omid:br/062104090394,omid:br/06110900885
oci:06450270486-06220983353,omid:br/06450270486,omid:br/06220983353
oci:06450270486-061403559539,omid:br/06450270486,omid:br/061403559539
oci:062104090425-06601157006,omid:br/062104090425,omid:br/06601157006
oci:062104090425-06220882829,omid:br/062104090425,omid:br/06220882829
oci:062104090425-06201156560,omid:br/062104090425,omid:br/06201156560
oci:062104090425-06470338799,omid:br/062104090425,omid:br/06470338799
oci:062104090425-06501163603,omid:br/062104090425,omid:br/06501163603
oci:062104090425-06470338801,omid:br/062104090425,omid:br/06470338801
oci:062104090425-06390281570,omid:br/062104090425,omid:br/06390281570
oci:061704015348-061401232662,omid:br/061704015348,omid:br/061401232662
oci:061704015348-0631051574,omid:br/061704015348,omid:br/0631051574
oci:061704015348-061702226126,omid:br/061704015348,omid:br/061702226126
oci:061704015348-06104039045,omid:br/061704015348,omid:br/06104039045
oci:061704015348-06230765952,omid:br/061704015348,omid:br/06230765952
oci:061704015348-062403629221,omid:br/061704015348,omid:br/062403629221
oci:061704015348-061704015363,omid:br/061704015348,omid:br/061704015363
oci:061704015348-0604006383,omid:br/061704015348,omid:br/0604006383
oci:061704015348-0604643389,omid:br/061704015348,omid:br/0604643389
oci:06804543006-06170889672,omid:br/06804543006,omid:br/06170889672
oci:06804543006-06120565319,omid:br/06804543006,omid:br/06120565319
oci:06350128585-06240965002,omid:br/06350128585,omid:br/06240965002
oci:06350128585-062403716238,omid:br/06350128585,omid:br/062403716238
oci:06350128585-06101005127,omid:br/06350128585,omid:br/06101005127
oci:06350128585-06701146518,omid:br/06350128585,omid:br/06701146518
oci:06350128585-06104547614,omid:br/06350128585,omid:br/06104547614
oci:06350128585-0604004022,omid:br/06350128585,omid:br/0604004022
oci:061303990775-06301152448,omid:br/061303990775,omid:br/06301152448
oci:061303990775-06401161479,omid:br/061303990775,omid:br/06401161479
oci:061303990775-061501503366,omid:br/061303990775,omid:br/061501503366
oci:061303990775-062702225,omid:br/061303990775,omid:br/062702225
oci:061303990775-06480323706,omid:br/061303990775,omid:br/06480323706
oci:06430272830-06260359531,omid:br/06430272830,omid:br/06260359531
oci:06430272830-061103862389,omid:br/06430272830,omid:br/061103862389
oci:06430272830-062301126836,omid:br/06430272830,omid:br/062301126836
oci:06430272830-063305161,omid:br/06430272830,omid:br/063305161
oci:06390283014-061404009048,omid:br/06390283014,omid:br/061404009048
oci:06390283014-0630994343,omid:br/06390283014,omid:br/0630994343
oci:06390283014-06803848125,omid:br/06390283014,omid:br/06803848125
oci:06390283014-06703885666,omid:br/06390283014,omid:br/06703885666
oci:06390283014-0630994644,omid:br/06390283014,omid:br/0630994644
oci:06390283014-0620992295,omid:br/06390283014,omid:br/0620992295
oci:06390283014-0620992463,omid:br/06390283014,omid:br/0620992463
oci:06390283014-06103521293,omid:br/06390283014,omid:br/06103521293
oci:06390283014-06150823553,omid:br/06390283014,omid:br/06150823553
oci:06390283014-06370277752,omid:br/06390283014,omid:br/06370277752
oci:06904150888-062601167021,omid:br/06904150888,omid:br/062601167021
oci:06904150888-06410278948,omid:br/06904150888,omid:br/06410278948
oci:06904150888-06904150917,omid:br/06904150888,omid:br/06904150917
oci:06320264752-06330278098,omid:br/06320264752,omid:br/06330278098
oci:06320264752-062201143269,omid:br/06320264752,omid:br/062201143269
oci:06320264752-061103619364,omid:br/06320264752,omid:br/061103619364
oci:06430272093-06901260565,omid:br/06430272093,omid:br/06901260565
oci:06430272093-06504078783,omid:br/06430272093,omid:br/06504078783
oci:06430272093-061902607215,omid:br/06430272093,omid:br/061902607215
oci:06430272093-062103043957,omid:br/06430272093,omid:br/062103043957
oci:06430272093-06260900217,omid:br/06430272093,omid:br/06260900217
oci:06430272093-061503712408,omid:br/06430272093,omid:br/061503712408
oci:06430272093-062601166670,omid:br/06430272093,omid:br/062601166670
oci:06430272093-0620992206,omid:br/06430272093,omid:br/0620992206
oci:06430272093-061103804759,omid:br/06430272093,omid:br/061103804759
oci:06430272093-06440269959,omid:br/06430272093,omid:br/06440269959
oci:06390281579-061203055218,omid:br/06390281579,omid:br/061203055218
oci:06450270482-06801156682,omid:br/06450270482,omid:br/06801156682
oci:06450270482-062202428141,omid:br/06450270482,omid:br/062202428141
oci:06450270482-061901025881,omid:br/06450270482,omid:br/061901025881
oci:06450270482-06110712767,omid:br/06450270482,omid:br/06110712767
oci:061604011204-061101252132,omid:br/061604011204,omid:br/061101252132
oci:061604011204-0650208862,omid:br/061604011204,omid:br/0650208862
oci:061604011204-062202428232,omid:br/061604011204,omid:br/062202428232
oci:06430272035-0604838087,omid:br/06430272035,omid:br/0604838087
oci:06430272035-06160354291,omid:br/06430272035,omid:br/06160354291
oci:06430272035-06160173272,omid:br/06430272035,omid:br/06160173272
oci:06430272035-0604536681,omid:br/06430272035,omid:br/0604536681
oci:06430272035-06150488103,omid:br/06430272035,omid:br/06150488103
oci:06430272035-0650486749,omid:br/06430272035,omid:br/0650486749
oci:06430272035-06601157510,omid:br/06430272035,omid:br/06601157510
oci:06430272035-06701021756,omid:br/06430272035,omid:br/06701021756
oci:06320264911-06220882074,omid:br/06320264911,omid:br/06220882074
oci:06320264911-06601156679,omid:br/06320264911,omid:br/06601156679
oci:06320264911-061203592024,omid:br/06320264911,omid:br/061203592024
oci:06320264911-06401161654,omid:br/06320264911,omid:br/06401161654
oci:06320264911-06401161639,omid:br/06320264911,omid:br/06401161639
oci:06320264911-06240965102,omid:br/06320264911,omid:br/06240965102
oci:06320264911-062103688406,omid:br/06320264911,omid:br/062103688406
oci:06320264911-06201156098,omid:br/06320264911,omid:br/06201156098
oci:06320264911-062403715569,omid:br/06320264911,omid:br/062403715569
oci:06320264911-0604838073,omid:br/06320264911,omid:br/0604838073
oci:06320264911-06380271426,omid:br/06320264911,omid:br/06380271426
oci:06320264911-062102430351,omid:br/06320264911,omid:br/062102430351
oci:06320264911-06280288259,omid:br/06320264911,omid:br/06280288259
oci:06330278421-06201156569,omid:br/06330278421,omid:br/06201156569
oci:06330278421-062101605083,omid:br/06330278421,omid:br/062101605083
oci:06330278421-06340283551,omid:br/06330278421,omid:br/06340283551
oci:06330278421-06370283202,omid:br/06330278421,omid:br/06370283202
oci:06330278421-061104110155,omid:br/06330278421,omid:br/061104110155
oci:06330278421-0604004022,omid:br/06330278421,omid:br/0604004022
oci:06320264708-06203920659,omid:br/06320264708,omid:br/06203920659
oci:06320264708-06250875082,omid:br/06320264708,omid:br/06250875082
oci:06320264708-062601005510,omid:br/06320264708,omid:br/062601005510
oci:06320264708-062203701508,omid:br/06320264708,omid:br/062203701508
oci:06320264708-063071307,omid:br/06320264708,omid:br/063071307
oci:06320264708-06220882825,omid:br/06320264708,omid:br/06220882825
oci:06320264708-06250874975,omid:br/06320264708,omid:br/06250874975
oci:06320264708-062601226400,omid:br/06320264708,omid:br/062601226400
oci:06320264708-06250874957,omid:br/06320264708,omid:br/06250874957
oci:06320264708-06430272482,omid:br/06320264708,omid:br/06430272482
oci:06320264708-06370278103,omid:br/06320264708,omid:br/06370278103
oci:06450270422-06101005076,omid:br/06450270422,omid:br/06101005076
oci:06450270422-06140814355,omid:br/06450270422,omid:br/06140814355
oci:06450270422-0620846021,omid:br/06450270422,omid:br/0620846021
oci:06450270422-061802212424,omid:br/06450270422,omid:br/061802212424
oci:06450270422-06902733127,omid:br/06450270422,omid:br/06902733127
oci:06450270422-0637028633,omid:br/06450270422,omid:br/0637028633
oci:06450270422-0637028309,omid:br/06450270422,omid:br/0637028309
oci:061303991457-0690365576,omid:br/061303991457,omid:br/0690365576
oci:061303991457-06240341785,omid:br/061303991457,omid:br/06240341785
oci:061303991457-06120482336,omid:br/061303991457,omid:br/06120482336
oci:061303991457-06120482345,omid:br/061303991457,omid:br/06120482345
oci:061303991457-061403560961,omid:br/061303991457,omid:br/061403560961
oci:061303991457-061703067103,omid:br/061303991457,omid:br/061703067103
oci:061303991457-06250707094,omid:br/061303991457,omid:br/06250707094
oci:061303991457-06250706712,omid:br/061303991457,omid:br/06250706712
oci:061303991457-0690723227,omid:br/061303991457,omid:br/0690723227
oci:061303991457-061103804190,omid:br/061303991457,omid:br/061103804190
oci:061303991457-06801156747,omid:br/061303991457,omid:br/06801156747
oci:061303991457-06260899940,omid:br/061303991457,omid:br/06260899940
oci:061303991457-062103576236,omid:br/061303991457,omid:br/062103576236
oci:061303991457-0680900359,omid:br/061303991457,omid:br/0680900359
oci:061303991457-061103804236,omid:br/061303991457,omid:br/061103804236
oci:061303991457-0610835614,omid:br/061303991457,omid:br/0610835614
oci:061303991457-062303572521,omid:br/061303991457,omid:br/062303572521
oci:061303991457-061102726612,omid:br/061303991457,omid:br/061102726612
oci:061303991457-06801157040,omid:br/061303991457,omid:br/06801157040
oci:06410278949-06220261075,omid:br/06410278949,omid:br/06220261075
oci:06410278949-062401181110,omid:br/06410278949,omid:br/062401181110
oci:06410278949-062404077214,omid:br/06410278949,omid:br/062404077214
oci:06410278949-062202428925,omid:br/06410278949,omid:br/062202428925
oci:06410278949-06501163666,omid:br/06410278949,omid:br/06501163666
oci:06410278949-06501163625,omid:br/06410278949,omid:br/06501163625
oci:06410278949-06220882644,omid:br/06410278949,omid:br/06220882644
oci:0604187636-06201156258,omid:br/0604187636,omid:br/06201156258
oci:0604187636-06204578419,omid:br/0604187636,omid:br/06204578419
oci:0604187636-06120703042,omid:br/0604187636,omid:br/06120703042
oci:0604187636-062403051059,omid:br/0604187636,omid:br/062403051059
oci:0604187636-06110712510,omid:br/0604187636,omid:br/06110712510
oci:0604187636-06120102839,omid:br/0604187636,omid:br/06120102839
oci:0604187636-06110711943,omid:br/0604187636,omid:br/06110711943
oci:0604187636-06350269798,omid:br/0604187636,omid:br/06350269798
oci:06280288066-06604482311,omid:br/06280288066,omid:br/06604482311
oci:0604187686-061702764942,omid:br/0604187686,omid:br/061702764942
oci:0604187686-0690723184,omid:br/0604187686,omid:br/0690723184
oci:0604187686-0690723180,omid:br/0604187686,omid:br/0690723180
oci:0604187686-0650357627,omid:br/0604187686,omid:br/0650357627
oci:0604187686-06601156659,omid:br/0604187686,omid:br/06601156659
oci:06380270842-06250874959,omid:br/06380270842,omid:br/06250874959
oci:06380270842-0604838024,omid:br/06380270842,omid:br/0604838024
oci:06380270842-062103688401,omid:br/06380270842,omid:br/062103688401
oci:06380270842-061303990761,omid:br/06380270842,omid:br/061303990761
oci:06104547628-06240865691,omid:br/06104547628,omid:br/06240865691
oci:06104547628-062101605083,omid:br/06104547628,omid:br/062101605083
oci:06104547628-06110869312,omid:br/06104547628,omid:br/06110869312
oci:06104547628-062601166920,omid:br/06104547628,omid:br/062601166920
oci:06104547628-062303711052,omid:br/06104547628,omid:br/062303711052
oci:06104547628-06240964489,omid:br/06104547628,omid:br/06240964489
oci:06104547628-06380270842,omid:br/06104547628,omid:br/06380270842
oci:06360266983-06110476973,omid:br/06360266983,omid:br/06110476973
oci:06360266983-06250874750,omid:br/06360266983,omid:br/06250874750
oci:06360266983-06403909719,omid:br/06360266983,omid:br/06403909719
oci:06360266983-06220882898,omid:br/06360266983,omid:br/06220882898
oci:06360266983-0604119273,omid:br/06360266983,omid:br/0604119273
oci:06420276837-061104110205,omid:br/06420276837,omid:br/061104110205
oci:06420276837-06404549277,omid:br/06420276837,omid:br/06404549277
oci:06504555423-0690998871,omid:br/06504555423,omid:br/0690998871
oci:06504555423-0640997067,omid:br/06504555423,omid:br/0640997067
oci:06380271570-061203720985,omid:br/06380271570,omid:br/061203720985
oci:06380271570-0660894912,omid:br/06380271570,omid:br/0660894912
oci:06380271570-06140814897,omid:br/06380271570,omid:br/06140814897
oci:06380271570-06302418904,omid:br/06380271570,omid:br/06302418904
oci:06380271570-06250856959,omid:br/06380271570,omid:br/06250856959
oci:06380271570-061303477981,omid:br/06380271570,omid:br/061303477981
oci:06380271570-06120855964,omid:br/06380271570,omid:br/06120855964
oci:06380271570-0628050748,omid:br/06380271570,omid:br/0628050748
oci:06380271570-062101199803,omid:br/06380271570,omid:br/062101199803
oci:06380271570-06120885203,omid:br/06380271570,omid:br/06120885203
oci:06380271570-06603907711,omid:br/06380271570,omid:br/06603907711
oci:06380271570-06802549443,omid:br/06380271570,omid:br/06802549443
oci:06380271570-06120857175,omid:br/06380271570,omid:br/06120857175
oci:06380271570-06140398054,omid:br/06380271570,omid:br/06140398054
oci:06380271570-06240846484,omid:br/06380271570,omid:br/06240846484
oci:06380271570-061104109282,omid:br/06380271570,omid:br/061104109282
oci:06380271570-06240846458,omid:br/06380271570,omid:br/06240846458
oci:06380271570-06430271489,omid:br/06380271570,omid:br/06430271489
oci:06310271870-0620991751,omid:br/06310271870,omid:br/0620991751
oci:06310271870-06201509696,omid:br/06310271870,omid:br/06201509696
oci:06310271870-06260900417,omid:br/06310271870,omid:br/06260900417
oci:06310271870-0604119273,omid:br/06310271870,omid:br/0604119273
oci:0604643415-061303994347,omid:br/0604643415,omid:br/061303994347
oci:0604643415-061703675229,omid:br/0604643415,omid:br/061703675229
oci:0604643415-0690907064,omid:br/0604643415,omid:br/0690907064
oci:0604643415-06160965864,omid:br/0604643415,omid:br/06160965864
oci:0604643415-06104613712,omid:br/0604643415,omid:br/06104613712
oci:06704514504-06701162076,omid:br/06704514504,omid:br/06701162076
oci:06704514504-06504575593,omid:br/06704514504,omid:br/06504575593
oci:06704514504-06804542978,omid:br/06704514504,omid:br/06804542978
oci:062104090441-06240964526,omid:br/062104090441,omid:br/06240964526
oci:062104090441-06120702633,omid:br/062104090441,omid:br/06120702633
oci:062104090441-0690723184,omid:br/062104090441,omid:br/0690723184
oci:062104090441-061104148733,omid:br/062104090441,omid:br/061104148733
oci:062104090441-06370277763,omid:br/062104090441,omid:br/06370277763
oci:062104090441-0604838045,omid:br/062104090441,omid:br/0604838045
oci:06420276836-062601166765,omid:br/06420276836,omid:br/062601166765
oci:06420276836-061102726305,omid:br/06420276836,omid:br/061102726305
oci:06420276836-06101165661,omid:br/06420276836,omid:br/06101165661
oci:06420276836-06170104096,omid:br/06420276836,omid:br/06170104096
oci:06420276836-06901162301,omid:br/06420276836,omid:br/06901162301
oci:06420276836-06240866337,omid:br/06420276836,omid:br/06240866337
oci:06420276836-06801156977,omid:br/06420276836,omid:br/06801156977
oci:06420276836-06401161943,omid:br/06420276836,omid:br/06401161943
oci:06420276836-06101165622,omid:br/06420276836,omid:br/06101165622
oci:06420276836-06250874968,omid:br/06420276836,omid:br/06250874968
oci:06420276836-0620991646,omid:br/06420276836,omid:br/0620991646
oci:06420276836-061303477778,omid:br/06420276836,omid:br/061303477778
oci:06420276836-062202118175,omid:br/06420276836,omid:br/062202118175
oci:06420276836-06250874912,omid:br/06420276836,omid:br/06250874912
oci:06420276836-06701146978,omid:br/06420276836,omid:br/06701146978
oci:06420276836-06701146970,omid:br/06420276836,omid:br/06701146970
oci:06204545309-062601005244,omid:br/06204545309,omid:br/062601005244
oci:06204545309-06601157534,omid:br/06204545309,omid:br/06601157534
oci:06360267012-062201202422,omid:br/06360267012,omid:br/062201202422
oci:06360267012-06903738743,omid:br/06360267012,omid:br/06903738743
oci:06360267012-0690273494,omid:br/06360267012,omid:br/0690273494
oci:06360267012-062601166351,omid:br/06360267012,omid:br/062601166351
oci:06360267012-0635026889,omid:br/06360267012,omid:br/0635026889
oci:06804543165-06250875425,omid:br/06804543165,omid:br/06250875425
oci:06804543165-062602153622,omid:br/06804543165,omid:br/062602153622
oci:06804543165-062602153554,omid:br/06804543165,omid:br/062602153554
oci:06804543165-06101166065,omid:br/06804543165,omid:br/06101166065
oci:06804543165-06110512601,omid:br/06804543165,omid:br/06110512601
oci:06320265564-06220983956,omid:br/06320265564,omid:br/06220983956
oci:06320265564-061404006422,omid:br/06320265564,omid:br/061404006422
oci:0604019572-06230976790,omid:br/0604019572,omid:br/06230976790
oci:0604019572-061101168426,omid:br/0604019572,omid:br/061101168426
oci:06440270570-06490355143,omid:br/06440270570,omid:br/06490355143
oci:06390281551-06103741928,omid:br/06390281551,omid:br/06103741928
oci:06390281551-0680717846,omid:br/06390281551,omid:br/0680717846
oci:06390281551-06120350945,omid:br/06390281551,omid:br/06120350945
oci:06390281551-06803513840,omid:br/06390281551,omid:br/06803513840
oci:06390281551-06503531201,omid:br/06390281551,omid:br/06503531201
oci:062204095805-06701021591,omid:br/062204095805,omid:br/06701021591
oci:062204095805-06304533082,omid:br/062204095805,omid:br/06304533082
oci:06290277416-061801863805,omid:br/06290277416,omid:br/061801863805
oci:06290277416-06404141714,omid:br/06290277416,omid:br/06404141714
oci:06504555427-06150823647,omid:br/06504555427,omid:br/06150823647
oci:06504555427-062202672071,omid:br/06504555427,omid:br/062202672071
oci:06504555427-06220814710,omid:br/06504555427,omid:br/06220814710
oci:06504555427-061102611322,omid:br/06504555427,omid:br/061102611322
oci:06504555427-061901866645,omid:br/06504555427,omid:br/061901866645
oci:06504555427-06101165632,omid:br/06504555427,omid:br/06101165632
oci:06504555427-061801863805,omid:br/06504555427,omid:br/061801863805
oci:06504555427-062403716453,omid:br/06504555427,omid:br/062403716453
oci:06504555427-06150929242,omid:br/06504555427,omid:br/06150929242
oci:06504555427-06103919008,omid:br/06504555427,omid:br/06103919008
oci:06504555427-06240866374,omid:br/06504555427,omid:br/06240866374
oci:06504555427-0680847828,omid:br/06504555427,omid:br/0680847828
oci:06504555427-06701146567,omid:br/06504555427,omid:br/06701146567
oci:06704515125-06604563207,omid:br/06704515125,omid:br/06604563207
oci:06704515125-061801152970,omid:br/06704515125,omid:br/061801152970
oci:06704515125-061801153009,omid:br/06704515125,omid:br/061801153009
oci:06704515125-062403715702,omid:br/06704515125,omid:br/062403715702
oci:06704515125-06101165797,omid:br/06704515125,omid:br/06101165797
oci:06704515125-0604032308,omid:br/06704515125,omid:br/0604032308
oci:06704515125-061704015318,omid:br/06704515125,omid:br/061704015318
oci:061303990774-062501165009,omid:br/061303990774,omid:br/062501165009
oci:061303990774-06150678522,omid:br/061303990774,omid:br/06150678522
oci:061303990774-061801394676,omid:br/061303990774,omid:br/061801394676
oci:061303990774-06101036008,omid:br/061303990774,omid:br/06101036008
oci:061303990774-061901401159,omid:br/061303990774,omid:br/061901401159
oci:061303990774-06270286537,omid:br/061303990774,omid:br/06270286537
oci:061303990774-06390281523,omid:br/061303990774,omid:br/06390281523
oci:061303990774-06104022585,omid:br/061303990774,omid:br/06104022585
oci:06280287550-06201156876,omid:br/06280287550,omid:br/06201156876
oci:06280287550-0660931746,omid:br/06280287550,omid:br/0660931746
oci:06280287550-06210354373,omid:br/06280287550,omid:br/06210354373
oci:06390282751-062603333366,omid:br/06390282751,omid:br/062603333366
oci:06390282751-061303990806,omid:br/06390282751,omid:br/061303990806
oci:06390282751-06320264861,omid:br/06390282751,omid:br/06320264861
oci:06390282751-062504112322,omid:br/06390282751,omid:br/062504112322
oci:06390282751-06701021224,omid:br/06390282751,omid:br/06701021224
oci:06404555962-064404815,omid:br/06404555962,omid:br/064404815
oci:06404555962-062101961504,omid:br/06404555962,omid:br/062101961504
oci:06404555962-06420337136,omid:br/06404555962,omid:br/06420337136
oci:06404555962-06380271926,omid:br/06404555962,omid:br/06380271926
oci:06404555962-0604643348,omid:br/06404555962,omid:br/0604643348
oci:0604006416-062201492875,omid:br/0604006416,omid:br/062201492875
oci:0604006416-06120885024,omid:br/0604006416,omid:br/06120885024
oci:0604006416-06401161363,omid:br/0604006416,omid:br/06401161363
oci:0604006416-06201156898,omid:br/0604006416,omid:br/06201156898
oci:06320264866-0604006383,omid:br/06320264866,omid:br/0604006383
oci:06380271926-061403736727,omid:br/06380271926,omid:br/061403736727
oci:06380271926-061801032349,omid:br/06380271926,omid:br/061801032349
oci:062604129580-06102519437,omid:br/062604129580,omid:br/06102519437
oci:062604129580-061504058459,omid:br/062604129580,omid:br/061504058459
oci:062604129580-06203211053,omid:br/062604129580,omid:br/06203211053
oci:062604129580-06103125901,omid:br/062604129580,omid:br/06103125901
oci:062604129580-061504058460,omid:br/062604129580,omid:br/061504058460
oci:062604129580-06430272443,omid:br/062604129580,omid:br/06430272443
oci:06204545285-06201156192,omid:br/06204545285,omid:br/06201156192
oci:06204545285-0690856135,omid:br/06204545285,omid:br/0690856135
oci:06204545285-06904085968,omid:br/06204545285,omid:br/06904085968
oci:0604187623-061301242459,omid:br/0604187623,omid:br/061301242459
oci:0604187623-06430272502,omid:br/0604187623,omid:br/06430272502
oci:06390281531-06110869747,omid:br/06390281531,omid:br/06110869747
oci:06390281531-061104113853,omid:br/06390281531,omid:br/061104113853
oci:06390281531-06210878400,omid:br/06390281531,omid:br/06210878400
oci:06390281531-06220882755,omid:br/06390281531,omid:br/06220882755
oci:06390281531-06220882198,omid:br/06390281531,omid:br/06220882198
oci:06390281531-06240865599,omid:br/06390281531,omid:br/06240865599
oci:06390281531-061104113854,omid:br/06390281531,omid:br/061104113854
oci:06390281531-06210878524,omid:br/06390281531,omid:br/06210878524
oci:06390281531-06210878384,omid:br/06390281531,omid:br/06210878384
oci:06390281531-06220882110,omid:br/06390281531,omid:br/06220882110
oci:06390281531-062601005257,omid:br/06390281531,omid:br/062601005257
oci:06390281531-06230880833,omid:br/06390281531,omid:br/06230880833
oci:06430272585-0604838023,omid:br/06430272585,omid:br/0604838023
oci:06430272585-062601166823,omid:br/06430272585,omid:br/062601166823
oci:06430272585-061802212689,omid:br/06430272585,omid:br/061802212689
oci:06430272585-0630994737,omid:br/06430272585,omid:br/0630994737
oci:06430272585-062501197508,omid:br/06430272585,omid:br/062501197508
oci:06430272585-06140814279,omid:br/06430272585,omid:br/06140814279
oci:06430272585-062601166990,omid:br/06430272585,omid:br/062601166990
oci:06430272585-062601226545,omid:br/06430272585,omid:br/062601226545
oci:06430272585-0630994433,omid:br/06430272585,omid:br/0630994433
oci:06430272585-062201493796,omid:br/06430272585,omid:br/062201493796
oci:06430272585-06320265052,omid:br/06430272585,omid:br/06320265052
oci:0604032308-06160898619,omid:br/0604032308,omid:br/06160898619
oci:06104547927-0646026351,omid:br/06104547927,omid:br/0646026351
oci:06104547927-06401161351,omid:br/06104547927,omid:br/06401161351
oci:06104547927-06140671687,omid:br/06104547927,omid:br/06140671687
oci:06410278983-06120702706,omid:br/06410278983,omid:br/06120702706
oci:06410278983-06901210521,omid:br/06410278983,omid:br/06901210521
oci:06410278983-062604129737,omid:br/06410278983,omid:br/062604129737
oci:06320265202-06102629430,omid:br/06320265202,omid:br/06102629430
oci:061704015141-06220348372,omid:br/061704015141,omid:br/06220348372
oci:061704015141-0680362785,omid:br/061704015141,omid:br/0680362785
oci:061704015141-06504135011,omid:br/061704015141,omid:br/06504135011
oci:061704015141-0630356536,omid:br/061704015141,omid:br/0630356536
oci:061704015141-061903581597,omid:br/061704015141,omid:br/061903581597
oci:06430272102-062203700895,omid:br/06430272102,omid:br/062203700895
oci:06430272102-061503646638,omid:br/06430272102,omid:br/061503646638
oci:06430272102-062501186991,omid:br/06430272102,omid:br/062501186991
oci:06430272102-06801506402,omid:br/06430272102,omid:br/06801506402
oci:06430272102-0630994662,omid:br/06430272102,omid:br/0630994662
oci:06430272102-062905122,omid:br/06430272102,omid:br/062905122
oci:06430272102-06504142086,omid:br/06430272102,omid:br/06504142086
oci:06430272102-06303908356,omid:br/06430272102,omid:br/06303908356
oci:06430272102-06104011310,omid:br/06430272102,omid:br/06104011310
oci:06430272102-062601005268,omid:br/06430272102,omid:br/062601005268
oci:06430272102-062102430790,omid:br/06430272102,omid:br/062102430790
oci:062104090439-0644027359,omid:br/062104090439,omid:br/0644027359
oci:062104090439-061203036765,omid:br/062104090439,omid:br/061203036765
oci:062104090439-06390281514,omid:br/062104090439,omid:br/06390281514
oci:062104090439-06380271369,omid:br/062104090439,omid:br/06380271369
oci:062104090439-0604006459,omid:br/062104090439,omid:br/0604006459
oci:0604006472-06480228211,omid:br/0604006472,omid:br/06480228211
oci:0604006472-06480228667,omid:br/0604006472,omid:br/06480228667
oci:0604006472-06104518256,omid:br/0604006472,omid:br/06104518256
oci:0604006472-06804542933,omid:br/0604006472,omid:br/06804542933
oci:0604006472-06360267319,omid:br/0604006472,omid:br/06360267319
oci:0604006472-06350270252,omid:br/0604006472,omid:br/06350270252
oci:0604006472-06380271381,omid:br/0604006472,omid:br/06380271381
oci:062104090418-062601005704,omid:br/062104090418,omid:br/062601005704
oci:062104090418-06230881175,omid:br/062104090418,omid:br/06230881175
oci:062104090418-06101585956,omid:br/062104090418,omid:br/06101585956
oci:062104090418-06340279472,omid:br/062104090418,omid:br/06340279472
oci:062504112254-06110869276,omid:br/062504112254,omid:br/06110869276
oci:062504112254-0650208765,omid:br/062504112254,omid:br/0650208765
oci:062504112254-06160714512,omid:br/062504112254,omid:br/06160714512
oci:062504112254-06601157201,omid:br/062504112254,omid:br/06601157201
oci:06420276317-06701162076,omid:br/06420276317,omid:br/06701162076
oci:0604187709-06380271381,omid:br/0604187709,omid:br/06380271381
oci:0604187709-06380271410,omid:br/0604187709,omid:br/06380271410
oci:06320264877-062102227858,omid:br/06320264877,omid:br/062102227858
oci:06530281227-064404758,omid:br/06530281227,omid:br/064404758
oci:06530281227-063305097,omid:br/06530281227,omid:br/063305097
oci:06530281227-062401123886,omid:br/06530281227,omid:br/062401123886
oci:06530281227-06240865702,omid:br/06530281227,omid:br/06240865702
oci:06530281227-06320264838,omid:br/06530281227,omid:br/06320264838
oci:06804543097-06604142099,omid:br/06804543097,omid:br/06604142099
oci:06804543097-06301026598,omid:br/06804543097,omid:br/06301026598
oci:06804543097-06170467073,omid:br/06804543097,omid:br/06170467073
oci:06804543097-06901162159,omid:br/06804543097,omid:br/06901162159
oci:06530281217-06901260179,omid:br/06530281217,omid:br/06901260179
oci:06530281217-062103687880,omid:br/06530281217,omid:br/062103687880
oci:06530281217-06501163547,omid:br/06530281217,omid:br/06501163547
oci:06530281217-061404028676,omid:br/06530281217,omid:br/061404028676
oci:06530281217-062401123890,omid:br/06530281217,omid:br/062401123890
oci:06530281217-0637028882,omid:br/06530281217,omid:br/0637028882
oci:06530281217-06430272482,omid:br/06530281217,omid:br/06430272482
oci:06440270562-06170482260,omid:br/06440270562,omid:br/06170482260
oci:06440270562-061603130462,omid:br/06440270562,omid:br/061603130462
oci:06440270562-062301781533,omid:br/06440270562,omid:br/062301781533
oci:06440270562-0640356040,omid:br/06440270562,omid:br/0640356040
oci:06440270562-061901505683,omid:br/06440270562,omid:br/061901505683
oci:06440270562-06220341550,omid:br/06440270562,omid:br/06220341550
oci:06440270562-06150489005,omid:br/06440270562,omid:br/06150489005
oci:06440270562-06190486659,omid:br/06440270562,omid:br/06190486659
oci:06440270562-06120667397,omid:br/06440270562,omid:br/06120667397
oci:06410278980-06904150619,omid:br/06410278980,omid:br/06904150619
oci:06410278980-06110347308,omid:br/06410278980,omid:br/06110347308
oci:06410278980-06504556186,omid:br/06410278980,omid:br/06504556186
oci:06410278980-06280288116,omid:br/06410278980,omid:br/06280288116
oci:06410278980-06904150563,omid:br/06410278980,omid:br/06904150563
oci:06410278980-06104547465,omid:br/06410278980,omid:br/06104547465
oci:06410278980-06280288287,omid:br/06410278980,omid:br/06280288287
oci:061303990767-0604006383,omid:br/061303990767,omid:br/0604006383
oci:06504555456-0680361847,omid:br/06504555456,omid:br/0680361847
oci:06504555456-06140672166,omid:br/06504555456,omid:br/06140672166
oci:06504555456-061201165135,omid:br/06504555456,omid:br/061201165135
oci:06504555456-0680718026,omid:br/06504555456,omid:br/0680718026
oci:06504555456-06250707064,omid:br/06504555456,omid:br/06250707064
oci:06504555456-062403565342,omid:br/06504555456,omid:br/062403565342
oci:06504555456-0610835511,omid:br/06504555456,omid:br/0610835511
oci:06504555456-06240172821,omid:br/06504555456,omid:br/06240172821
oci:06504555456-0640916408,omid:br/06504555456,omid:br/0640916408
oci:06504555641-06903739148,omid:br/06504555641,omid:br/06903739148
oci:06504555641-06101148281,omid:br/06504555641,omid:br/06101148281
oci:06504555641-06903739014,omid:br/06504555641,omid:br/06903739014
oci:06504555641-06703133567,omid:br/06504555641,omid:br/06703133567
oci:06504555641-06301407528,omid:br/06504555641,omid:br/06301407528
oci:06504555641-06503922354,omid:br/06504555641,omid:br/06503922354
oci:06504555641-06902733642,omid:br/06504555641,omid:br/06902733642
oci:06504555641-062601692110,omid:br/06504555641,omid:br/062601692110
oci:061704015134-06703900429,omid:br/061704015134,omid:br/06703900429
oci:061704015134-061501788038,omid:br/061704015134,omid:br/061501788038
oci:061704015134-06103773359,omid:br/061704015134,omid:br/06103773359
oci:061704015134-061103804764,omid:br/061704015134,omid:br/061103804764
oci:061704015134-062203336964,omid:br/061704015134,omid:br/062203336964
oci:061704015134-062101124837,omid:br/061704015134,omid:br/062101124837
oci:061704015134-061501789071,omid:br/061704015134,omid:br/061501789071
oci:061704015134-0620439278,omid:br/061704015134,omid:br/0620439278
oci:061704015134-062103048710,omid:br/061704015134,omid:br/062103048710
oci:061704015134-061403484267,omid:br/061704015134,omid:br/061403484267
oci:06320264859-06401161992,omid:br/06320264859,omid:br/06401161992
oci:06320264859-062601166478,omid:br/06320264859,omid:br/062601166478
oci:06320264859-06110476973,omid:br/06320264859,omid:br/06110476973
oci:06320264859-06501163455,omid:br/06320264859,omid:br/06501163455
oci:06320264859-06210472067,omid:br/06320264859,omid:br/06210472067
oci:06320264859-06170261342,omid:br/06320264859,omid:br/06170261342
oci:06320264859-0647025177,omid:br/06320264859,omid:br/0647025177
oci:06510285506-06803162053,omid:br/06510285506,omid:br/06803162053
oci:06510285506-06260855917,omid:br/06510285506,omid:br/06260855917
oci:06510285506-0604314124,omid:br/06510285506,omid:br/0604314124
oci:06510285506-061103776951,omid:br/06510285506,omid:br/061103776951
oci:06510285506-06701021236,omid:br/06510285506,omid:br/06701021236
oci:06510285506-06260855884,omid:br/06510285506,omid:br/06260855884
oci:06510285506-062201605917,omid:br/06510285506,omid:br/062201605917
oci:06510285506-06501162774,omid:br/06510285506,omid:br/06501162774
oci:06510285506-06701021231,omid:br/06510285506,omid:br/06701021231
oci:06510285506-06901162433,omid:br/06510285506,omid:br/06901162433
oci:06510285506-062104064802,omid:br/06510285506,omid:br/062104064802
oci:06510285506-062104064755,omid:br/06510285506,omid:br/062104064755
oci:06510285506-062601166468,omid:br/06510285506,omid:br/062601166468
oci:062604129863-06101005336,omid:br/062604129863,omid:br/06101005336
oci:062604129863-0660475056,omid:br/062604129863,omid:br/0660475056
oci:062604129863-062303517207,omid:br/062604129863,omid:br/062303517207
oci:062604129863-06901162259,omid:br/062604129863,omid:br/06901162259
oci:062604129863-06902733655,omid:br/062604129863,omid:br/06902733655
oci:062604129863-06603907705,omid:br/062604129863,omid:br/06603907705
oci:062604129863-0604187632,omid:br/062604129863,omid:br/0604187632
oci:062604129863-062304108555,omid:br/062604129863,omid:br/062304108555
oci:0604668830-061901250177,omid:br/0604668830,omid:br/061901250177
oci:061604011236-0630994718,omid:br/061604011236,omid:br/0630994718
oci:061604011236-06390266948,omid:br/061604011236,omid:br/06390266948
oci:061604011236-061103801754,omid:br/061604011236,omid:br/061103801754
oci:061604011236-06204177784,omid:br/061604011236,omid:br/06204177784
oci:061604011236-06410278987,omid:br/061604011236,omid:br/06410278987
oci:0604006459-061901026146,omid:br/0604006459,omid:br/061901026146
oci:0604006459-062601005346,omid:br/0604006459,omid:br/062601005346
oci:0604006459-06301152986,omid:br/0604006459,omid:br/06301152986
oci:0604006459-06220983994,omid:br/0604006459,omid:br/06220983994
oci:0604006459-0634041774,omid:br/0604006459,omid:br/0634041774
oci:0604006459-06220882829,omid:br/0604006459,omid:br/06220882829
oci:0604006459-0604187701,omid:br/0604006459,omid:br/0604187701
oci:0604006459-062504112626,omid:br/0604006459,omid:br/062504112626
oci:06390282799-0650998660,omid:br/06390282799,omid:br/0650998660
oci:06390282799-06230977056,omid:br/06390282799,omid:br/06230977056
oci:06390282799-061901152705,omid:br/06390282799,omid:br/061901152705
oci:06390282799-0604120159,omid:br/06390282799,omid:br/0604120159
oci:06390282799-06501105356,omid:br/06390282799,omid:br/06501105356
oci:0604004048-062603680748,omid:br/0604004048,omid:br/062603680748
oci:0604004048-06902733831,omid:br/0604004048,omid:br/06902733831
oci:0604004048-06210330687,omid:br/0604004048,omid:br/06210330687
oci:061803935091-062504142898,omid:br/061803935091,omid:br/062504142898
oci:061803935091-061803935090,omid:br/061803935091,omid:br/061803935090
oci:06320264869-06601214836,omid:br/06320264869,omid:br/06601214836
oci:06320264869-0636027737,omid:br/06320264869,omid:br/0636027737
oci:061704015372-061501295217,omid:br/061704015372,omid:br/061501295217
oci:061704015372-06401161943,omid:br/061704015372,omid:br/06401161943
oci:061704015372-062303711145,omid:br/061704015372,omid:br/062303711145
oci:061704015372-061601228880,omid:br/061704015372,omid:br/061601228880
oci:061704015372-06104587569,omid:br/061704015372,omid:br/06104587569
oci:061704015372-06110643827,omid:br/061704015372,omid:br/06110643827
oci:061704015372-06804182026,omid:br/061704015372,omid:br/06804182026
oci:061704015372-061702201690,omid:br/061704015372,omid:br/061702201690
oci:061704015372-062303711019,omid:br/061704015372,omid:br/062303711019
oci:06290277739-06603225355,omid:br/06290277739,omid:br/06603225355
oci:06290277739-06110807133,omid:br/06290277739,omid:br/06110807133
oci:06290277739-06603225491,omid:br/06290277739,omid:br/06603225491
oci:06390283058-06260855396,omid:br/06390283058,omid:br/06260855396
oci:06390283058-062501415058,omid:br/06390283058,omid:br/062501415058
oci:06390283058-0670471635,omid:br/06390283058,omid:br/0670471635
oci:06390283058-06250472166,omid:br/06390283058,omid:br/06250472166
oci:06390283058-06130468454,omid:br/06390283058,omid:br/06130468454
oci:06390283058-062503716826,omid:br/06390283058,omid:br/062503716826
oci:06390283058-06370277744,omid:br/06390283058,omid:br/06370277744
oci:062404117335-061401232861,omid:br/062404117335,omid:br/061401232861
oci:062404117335-0637028605,omid:br/062404117335,omid:br/0637028605
oci:062304108308-06220592873,omid:br/062304108308,omid:br/06220592873
oci:062304108308-0645026027,omid:br/062304108308,omid:br/0645026027
oci:062304108308-06530281259,omid:br/062304108308,omid:br/06530281259
oci:06104547614-0604838027,omid:br/06104547614,omid:br/0604838027
oci:06104547614-061902883874,omid:br/06104547614,omid:br/061902883874
oci:06104547614-06240822048,omid:br/06104547614,omid:br/06240822048
oci:06320264836-06250355816,omid:br/06320264836,omid:br/06250355816
oci:06320264836-0690493759,omid:br/06320264836,omid:br/0690493759
oci:06320264836-06104195998,omid:br/06320264836,omid:br/06104195998
oci:06320264836-06110712386,omid:br/06320264836,omid:br/06110712386
oci:06320264836-061201165301,omid:br/06320264836,omid:br/061201165301
oci:06410278624-06110815385,omid:br/06410278624,omid:br/06110815385
oci:06410278624-0629026642,omid:br/06410278624,omid:br/0629026642
oci:06410278624-062603333315,omid:br/06410278624,omid:br/062603333315
oci:06410278624-06701021127,omid:br/06410278624,omid:br/06701021127
oci:06410278624-06701021227,omid:br/06410278624,omid:br/06701021227
oci:062104090452-06601157334,omid:br/062104090452,omid:br/06601157334
oci:06320264854-06110869725,omid:br/06320264854,omid:br/06110869725
oci:06320264854-06110869097,omid:br/06320264854,omid:br/06110869097
oci:06320264854-061702053012,omid:br/06320264854,omid:br/061702053012
oci:06320264854-061104148740,omid:br/06320264854,omid:br/061104148740
oci:06320264854-06480273584,omid:br/06320264854,omid:br/06480273584
oci:06320264854-06490275544,omid:br/06320264854,omid:br/06490275544
oci:06320264854-06804543215,omid:br/06320264854,omid:br/06804543215
oci:06320264854-062404116768,omid:br/06320264854,omid:br/062404116768
oci:06320265127-061101152906,omid:br/06320265127,omid:br/061101152906
oci:0604040882-06240965013,omid:br/0604040882,omid:br/06240965013
oci:0604040882-0604119273,omid:br/0604040882,omid:br/0604119273
oci:0604040882-06380148086,omid:br/0604040882,omid:br/06380148086
oci:06440269609-0660596993,omid:br/06440269609,omid:br/0660596993
oci:06440269609-061303734904,omid:br/06440269609,omid:br/061303734904
oci:06440269609-0680718176,omid:br/06440269609,omid:br/0680718176
oci:06440269609-061404006343,omid:br/06440269609,omid:br/061404006343
oci:061704015316-0604838024,omid:br/061704015316,omid:br/0604838024
oci:061704015316-0604838081,omid:br/061704015316,omid:br/0604838081
oci:061704015316-061303990761,omid:br/061704015316,omid:br/061303990761
oci:062104090389-062501165009,omid:br/062104090389,omid:br/062501165009
oci:062104090389-061601178971,omid:br/062104090389,omid:br/061601178971
oci:062104090389-062303711633,omid:br/062104090389,omid:br/062303711633
oci:062104090389-062102415677,omid:br/062104090389,omid:br/062102415677
oci:062104090389-062202414748,omid:br/062104090389,omid:br/062202414748
oci:06440270578-061801152977,omid:br/06440270578,omid:br/061801152977
oci:06440270578-061403710177,omid:br/06440270578,omid:br/061403710177
oci:06440270578-061701209826,omid:br/06440270578,omid:br/061701209826
oci:06440270578-06240964486,omid:br/06440270578,omid:br/06240964486
oci:06440270578-0604006383,omid:br/06440270578,omid:br/0604006383
oci:06440270578-06280288071,omid:br/06440270578,omid:br/06280288071
oci:061603893503-06101082300,omid:br/061603893503,omid:br/06101082300
oci:061603893503-061103918086,omid:br/061603893503,omid:br/061103918086
oci:061303990788-06390281687,omid:br/061303990788,omid:br/06390281687
oci:061303990788-0680347289,omid:br/061303990788,omid:br/0680347289
oci:06304533139-06702405933,omid:br/06304533139,omid:br/06702405933
oci:06304533139-0680412416,omid:br/06304533139,omid:br/0680412416
oci:06430272092-06390281658,omid:br/06430272092,omid:br/06390281658
oci:06430272092-06280287375,omid:br/06430272092,omid:br/06280287375
oci:06410278973-06180452492,omid:br/06410278973,omid:br/06180452492
oci:06410278973-06503487402,omid:br/06410278973,omid:br/06503487402
oci:06410278973-06220882236,omid:br/06410278973,omid:br/06220882236
oci:06410278931-062202718799,omid:br/06410278931,omid:br/062202718799
oci:06410278931-06110869746,omid:br/06410278931,omid:br/06110869746
oci:06410278931-06210878490,omid:br/06410278931,omid:br/06210878490
oci:06410278931-061901026013,omid:br/06410278931,omid:br/061901026013
oci:06410278931-0604838036,omid:br/06410278931,omid:br/0604838036
oci:06410278931-06430272498,omid:br/06410278931,omid:br/06430272498
oci:06410278931-06204002622,omid:br/06410278931,omid:br/06204002622
oci:06410278931-06804542916,omid:br/06410278931,omid:br/06804542916
oci:0604643421-061301242856,omid:br/0604643421,omid:br/061301242856
oci:0604643421-0641027613,omid:br/0604643421,omid:br/0641027613
oci:061704015363-06301152694,omid:br/061704015363,omid:br/06301152694
oci:061704015363-06104039045,omid:br/061704015363,omid:br/06104039045
oci:061704015363-061501211493,omid:br/061704015363,omid:br/061501211493
oci:061704015363-061702225939,omid:br/061704015363,omid:br/061702225939
oci:06310271842-06230976827,omid:br/06310271842,omid:br/06230976827
oci:06310271842-06140811509,omid:br/06310271842,omid:br/06140811509
oci:06310271842-061303941578,omid:br/06310271842,omid:br/061303941578
oci:06290276978-061202037147,omid:br/06290276978,omid:br/061202037147
oci:06290276978-06390281565,omid:br/06290276978,omid:br/06390281565
oci:06410278939-06402616395,omid:br/06410278939,omid:br/06402616395
oci:06410278939-06110869094,omid:br/06410278939,omid:br/06110869094
oci:06410278939-062201605647,omid:br/06410278939,omid:br/062201605647
oci:06410278939-0604827084,omid:br/06410278939,omid:br/0604827084
oci:06320264920-06250352095,omid:br/06320264920,omid:br/06250352095
oci:06320264920-062603077795,omid:br/06320264920,omid:br/062603077795
oci:06320264920-06803907590,omid:br/06320264920,omid:br/06803907590
oci:06320264920-06230354037,omid:br/06320264920,omid:br/06230354037
oci:06320264920-0640353233,omid:br/06320264920,omid:br/0640353233
oci:06320264920-062303711697,omid:br/06320264920,omid:br/062303711697
oci:06320264920-06230491782,omid:br/06320264920,omid:br/06230491782
oci:06320264920-06170447815,omid:br/06320264920,omid:br/06170447815
oci:06320264920-06402857653,omid:br/06320264920,omid:br/06402857653
oci:061704015148-06301793443,omid:br/061704015148,omid:br/06301793443
oci:061704015148-061501788038,omid:br/061704015148,omid:br/061501788038
oci:061704015148-0660357011,omid:br/061704015148,omid:br/0660357011
oci:061704015148-0630356536,omid:br/061704015148,omid:br/0630356536
oci:061704015148-0680362785,omid:br/061704015148,omid:br/0680362785
oci:061704015148-06404134049,omid:br/061704015148,omid:br/06404134049
oci:061704015148-06230880352,omid:br/061704015148,omid:br/06230880352
oci:061704015148-06501162788,omid:br/061704015148,omid:br/06501162788
oci:061704015391-06230489978,omid:br/061704015391,omid:br/06230489978
oci:061704015391-06370277727,omid:br/061704015391,omid:br/06370277727
oci:061704015182-06210978816,omid:br/061704015182,omid:br/06210978816
oci:061704015182-0631028405,omid:br/061704015182,omid:br/0631028405
oci:06390281554-06201156427,omid:br/06390281554,omid:br/06201156427
oci:06390281554-06240964603,omid:br/06390281554,omid:br/06240964603
oci:06390281554-061203487040,omid:br/06390281554,omid:br/061203487040
oci:06390281554-06210354235,omid:br/06390281554,omid:br/06210354235
oci:06390281554-06460273055,omid:br/06390281554,omid:br/06460273055
oci:06420276376-061801153274,omid:br/06420276376,omid:br/061801153274
oci:06504555624-06250262094,omid:br/06504555624,omid:br/06250262094
oci:06504555624-0631028357,omid:br/06504555624,omid:br/0631028357
oci:06504555624-062503106174,omid:br/06504555624,omid:br/062503106174
oci:06504555624-06701021442,omid:br/06504555624,omid:br/06701021442
oci:06504555624-061303094758,omid:br/06504555624,omid:br/061303094758
oci:06504555624-06701021435,omid:br/06504555624,omid:br/06701021435
oci:06504555624-06701021439,omid:br/06504555624,omid:br/06701021439
oci:06504555624-06201156910,omid:br/06504555624,omid:br/06201156910
oci:06504555624-0680212585,omid:br/06504555624,omid:br/0680212585
oci:06504555624-062202428179,omid:br/06504555624,omid:br/062202428179
oci:06520268860-06101165587,omid:br/06520268860,omid:br/06101165587
oci:06604539840-06701021627,omid:br/06604539840,omid:br/06701021627
oci:06604539840-06170900400,omid:br/06604539840,omid:br/06170900400
oci:06604539840-062403716355,omid:br/06604539840,omid:br/062403716355
oci:06604539840-06104007887,omid:br/06604539840,omid:br/06104007887
oci:06604539840-0604643380,omid:br/06604539840,omid:br/0604643380
oci:06604539840-06440270007,omid:br/06604539840,omid:br/06440270007
oci:06430272020-061503591993,omid:br/06430272020,omid:br/061503591993
oci:061704015401-061801863805,omid:br/061704015401,omid:br/061801863805
oci:0604643423-06250978040,omid:br/0604643423,omid:br/06250978040
oci:0604643423-062101274061,omid:br/0604643423,omid:br/062101274061
oci:0604643423-062602252251,omid:br/0604643423,omid:br/062602252251
oci:0604643423-0604838076,omid:br/0604643423,omid:br/0604838076
oci:0604643423-0604838077,omid:br/0604643423,omid:br/0604838077
oci:0604643423-06360267320,omid:br/0604643423,omid:br/06360267320
oci:06370277898-06240965002,omid:br/06370277898,omid:br/06240965002
oci:06370277898-06104547614,omid:br/06370277898,omid:br/06104547614
oci:06370277898-0604004022,omid:br/06370277898,omid:br/0604004022
oci:06370277898-06350128585,omid:br/06370277898,omid:br/06350128585
oci:06360266976-06901260157,omid:br/06360266976,omid:br/06901260157
oci:06360266976-06230976913,omid:br/06360266976,omid:br/06230976913
oci:06360266976-062203505662,omid:br/06360266976,omid:br/062203505662
oci:06360266976-06901162439,omid:br/06360266976,omid:br/06901162439
oci:06360266976-062504142895,omid:br/06360266976,omid:br/062504142895
oci:06360266976-061403710662,omid:br/06360266976,omid:br/061403710662
oci:06360266976-06260899999,omid:br/06360266976,omid:br/06260899999
oci:06270285987-062601524340,omid:br/06270285987,omid:br/062601524340
oci:06270285987-0616075356,omid:br/06270285987,omid:br/0616075356
oci:06270285987-062601166535,omid:br/06270285987,omid:br/062601166535
oci:06280288038-06401161943,omid:br/06280288038,omid:br/06401161943
oci:06280288038-0660183664,omid:br/06280288038,omid:br/0660183664
oci:06280288038-06450290807,omid:br/06280288038,omid:br/06450290807
oci:06280288038-061704015372,omid:br/06280288038,omid:br/061704015372
oci:062403563686-062102389847,omid:br/062403563686,omid:br/062102389847
oci:062403563686-06701021436,omid:br/062403563686,omid:br/06701021436
oci:06390281523-06220882796,omid:br/06390281523,omid:br/06220882796
oci:06390281523-06230880708,omid:br/06390281523,omid:br/06230880708
oci:06390281523-06110476591,omid:br/06390281523,omid:br/06110476591
oci:06390281523-0660824477,omid:br/06390281523,omid:br/0660824477
oci:06390281523-06104195802,omid:br/06390281523,omid:br/06104195802
oci:06390281523-06270286537,omid:br/06390281523,omid:br/06270286537
oci:06390281523-06390281687,omid:br/06390281523,omid:br/06390281687
oci:06510285521-061201157292,omid:br/06510285521,omid:br/061201157292
oci:06510285521-0670712444,omid:br/06510285521,omid:br/0670712444
oci:06510285521-06160714854,omid:br/06510285521,omid:br/06160714854
oci:06510285521-06101005196,omid:br/06510285521,omid:br/06101005196
oci:06450269523-062303711547,omid:br/06450269523,omid:br/062303711547
oci:06450269523-06101165799,omid:br/06450269523,omid:br/06101165799
oci:06450269523-062504112602,omid:br/06450269523,omid:br/062504112602
oci:06330278422-0627049926,omid:br/06330278422,omid:br/0627049926
oci:06330278422-06404549256,omid:br/06330278422,omid:br/06404549256
oci:06450270473-06103773384,omid:br/06450270473,omid:br/06103773384
oci:06450270473-06503558104,omid:br/06450270473,omid:br/06503558104
oci:06450270473-061103804017,omid:br/06450270473,omid:br/061103804017
oci:06450270473-06503557506,omid:br/06450270473,omid:br/06503557506
oci:06450270473-06250349728,omid:br/06450270473,omid:br/06250349728
oci:06450270473-06704109018,omid:br/06450270473,omid:br/06704109018
oci:06450270473-061903509015,omid:br/06450270473,omid:br/061903509015
oci:06450270473-06150678305,omid:br/06450270473,omid:br/06150678305
oci:06450270473-06140480119,omid:br/06450270473,omid:br/06140480119
oci:06450270473-06250481558,omid:br/06450270473,omid:br/06250481558
oci:06450270473-06140671382,omid:br/06450270473,omid:br/06140671382
oci:06450270473-06220341766,omid:br/06450270473,omid:br/06220341766
oci:06510285577-06101005336,omid:br/06510285577,omid:br/06101005336
oci:06510285577-06301031415,omid:br/06510285577,omid:br/06301031415
oci:06510285577-0604019529,omid:br/06510285577,omid:br/0604019529
oci:06510285577-06504555639,omid:br/06510285577,omid:br/06504555639
oci:0604643369-06501163568,omid:br/0604643369,omid:br/06501163568
oci:0604643369-06601157534,omid:br/0604643369,omid:br/06601157534
oci:0604643369-06201156899,omid:br/0604643369,omid:br/06201156899
oci:0604643369-06501163414,omid:br/0604643369,omid:br/06501163414
oci:06530281170-063902210,omid:br/06530281170,omid:br/063902210
oci:06530281170-06240964486,omid:br/06530281170,omid:br/06240964486
oci:06530281170-06601157120,omid:br/06530281170,omid:br/06601157120
oci:06530281170-061404028667,omid:br/06530281170,omid:br/061404028667
oci:06530281170-06380271410,omid:br/06530281170,omid:br/06380271410
oci:06530281170-06320264876,omid:br/06530281170,omid:br/06320264876
oci:06530281170-06504555888,omid:br/06530281170,omid:br/06504555888
oci:06320264885-06390281570,omid:br/06320264885,omid:br/06390281570
oci:06320264885-06701162471,omid:br/06320264885,omid:br/06701162471
oci:06320264885-062302041635,omid:br/06320264885,omid:br/062302041635
oci:06320264885-06240964930,omid:br/06320264885,omid:br/06240964930
oci:06903615166-061201154831,omid:br/06903615166,omid:br/061201154831
oci:06903615166-062102869663,omid:br/06903615166,omid:br/062102869663
oci:06903615166-0604838064,omid:br/06903615166,omid:br/0604838064
oci:06104547556-06901162203,omid:br/06104547556,omid:br/06901162203
oci:06104547556-06401162128,omid:br/06104547556,omid:br/06401162128
oci:06390281857-06201156539,omid:br/06390281857,omid:br/06201156539
oci:06390281857-06220882403,omid:br/06390281857,omid:br/06220882403
oci:06390281857-062101605870,omid:br/06390281857,omid:br/062101605870
oci:06390281857-061801153323,omid:br/06390281857,omid:br/061801153323
oci:06390281857-062302126432,omid:br/06390281857,omid:br/062302126432
oci:06390281857-062601166288,omid:br/06390281857,omid:br/062601166288
oci:06390281857-062201143022,omid:br/06390281857,omid:br/062201143022
oci:06390281857-06240964419,omid:br/06390281857,omid:br/06240964419
oci:06390281857-06240866401,omid:br/06390281857,omid:br/06240866401
oci:06804543076-0617041372,omid:br/06804543076,omid:br/0617041372
oci:06904150377-06260662960,omid:br/06904150377,omid:br/06260662960
oci:06904150377-061101152633,omid:br/06904150377,omid:br/061101152633
oci:06904150377-061901152767,omid:br/06904150377,omid:br/061901152767
oci:06904150377-061501152334,omid:br/06904150377,omid:br/061501152334
oci:06904150377-06701769929,omid:br/06904150377,omid:br/06701769929
oci:06904150377-062103326351,omid:br/06904150377,omid:br/062103326351
oci:06904150377-061901152801,omid:br/06904150377,omid:br/061901152801
oci:06904150377-06250259142,omid:br/06904150377,omid:br/06250259142
oci:06904150377-06360349391,omid:br/06904150377,omid:br/06360349391
oci:06904150377-062503715364,omid:br/06904150377,omid:br/062503715364
oci:06904150377-06220983440,omid:br/06904150377,omid:br/06220983440
oci:06904150377-061901152884,omid:br/06904150377,omid:br/061901152884
oci:06904150377-06501163212,omid:br/06904150377,omid:br/06501163212
oci:06904150377-0640464664,omid:br/06904150377,omid:br/0640464664
oci:06904150377-06803535242,omid:br/06904150377,omid:br/06803535242
oci:06904150377-061402105960,omid:br/06904150377,omid:br/061402105960
oci:06904150377-06403169091,omid:br/06904150377,omid:br/06403169091
oci:06904150377-061502738551,omid:br/06904150377,omid:br/061502738551
oci:06904150377-061401137318,omid:br/06904150377,omid:br/061401137318
oci:0604032375-06460213120,omid:br/0604032375,omid:br/06460213120
oci:0604032375-06301152400,omid:br/0604032375,omid:br/06301152400
oci:0604032375-061401062922,omid:br/0604032375,omid:br/061401062922
oci:06804543043-061601702327,omid:br/06804543043,omid:br/061601702327
oci:0604187695-062101493534,omid:br/0604187695,omid:br/062101493534
oci:0604187695-062501196222,omid:br/0604187695,omid:br/062501196222
oci:0604187695-062501196204,omid:br/0604187695,omid:br/062501196204
oci:0604187695-06401162035,omid:br/0604187695,omid:br/06401162035
oci:0604187695-06601157149,omid:br/0604187695,omid:br/06601157149
oci:0604187695-062601215616,omid:br/0604187695,omid:br/062601215616
oci:0604187695-062601166267,omid:br/0604187695,omid:br/062601166267
oci:0604187695-06504555879,omid:br/0604187695,omid:br/06504555879
oci:06704514481-06220983850,omid:br/06704514481,omid:br/06220983850
oci:06904150403-063071798,omid:br/06904150403,omid:br/063071798
oci:06320265187-06180252133,omid:br/06320265187,omid:br/06180252133
oci:06904150871-0604471433,omid:br/06904150871,omid:br/0604471433
oci:06904150871-06401161619,omid:br/06904150871,omid:br/06401161619
oci:06904150871-062201696132,omid:br/06904150871,omid:br/062201696132
oci:06904150871-06190869487,omid:br/06904150871,omid:br/06190869487
oci:06904150871-06402857653,omid:br/06904150871,omid:br/06402857653
oci:06510285485-06901259942,omid:br/06510285485,omid:br/06901259942
oci:06510285485-061103734133,omid:br/06510285485,omid:br/061103734133
oci:06510285485-06201509648,omid:br/06510285485,omid:br/06201509648
oci:06510285485-062501498629,omid:br/06510285485,omid:br/062501498629
oci:06520268835-06204177693,omid:br/06520268835,omid:br/06204177693
oci:0604618282-061301242282,omid:br/0604618282,omid:br/061301242282
oci:0604618282-06180951147,omid:br/0604618282,omid:br/06180951147
oci:0604618282-061801194555,omid:br/0604618282,omid:br/061801194555
oci:0604618282-06902775133,omid:br/0604618282,omid:br/06902775133
oci:0604618282-062502740460,omid:br/0604618282,omid:br/062502740460
oci:0604618282-061901250172,omid:br/0604618282,omid:br/061901250172
oci:0604618282-0604838059,omid:br/0604618282,omid:br/0604838059
oci:0604618282-065206999,omid:br/0604618282,omid:br/065206999
oci:0604618282-0660164024,omid:br/0604618282,omid:br/0660164024
oci:0604618282-061802690481,omid:br/0604618282,omid:br/061802690481
oci:06460272840-06210979029,omid:br/06460272840,omid:br/06210979029
oci:06460272840-06210978863,omid:br/06460272840,omid:br/06210978863
oci:06460272840-06530281596,omid:br/06460272840,omid:br/06530281596
oci:06460272840-06602608448,omid:br/06460272840,omid:br/06602608448
oci:06304533119-061301243204,omid:br/06304533119,omid:br/061301243204
oci:06304533119-06403730668,omid:br/06304533119,omid:br/06403730668
oci:06304533119-061301243206,omid:br/06304533119,omid:br/061301243206
oci:06304533119-0650851256,omid:br/06304533119,omid:br/0650851256
oci:06304533119-06603908373,omid:br/06304533119,omid:br/06603908373
oci:06304533119-06801157017,omid:br/06304533119,omid:br/06801157017
oci:06304533119-06101005190,omid:br/06304533119,omid:br/06101005190
oci:06304533119-06301152820,omid:br/06304533119,omid:br/06301152820
oci:06304533119-06901162542,omid:br/06304533119,omid:br/06901162542
oci:06304533119-06240964447,omid:br/06304533119,omid:br/06240964447
oci:06320265535-061603130490,omid:br/06320265535,omid:br/061603130490
oci:06320265535-061702765181,omid:br/06320265535,omid:br/061702765181
oci:06320265535-061303704687,omid:br/06320265535,omid:br/061303704687
oci:06320265535-06490355143,omid:br/06320265535,omid:br/06490355143
oci:06320265535-062102869647,omid:br/06320265535,omid:br/062102869647
oci:06390282746-061802017600,omid:br/06390282746,omid:br/061802017600
oci:06390282746-06302383698,omid:br/06390282746,omid:br/06302383698
oci:06390282746-06150823400,omid:br/06390282746,omid:br/06150823400
oci:06390282746-06260177721,omid:br/06390282746,omid:br/06260177721
oci:06390282746-061802017901,omid:br/06390282746,omid:br/061802017901
oci:06390282746-061401767849,omid:br/06390282746,omid:br/061401767849
oci:06390282746-061702027707,omid:br/06390282746,omid:br/061702027707
oci:06390282746-061901785068,omid:br/06390282746,omid:br/061901785068
oci:06390282746-061702027574,omid:br/06390282746,omid:br/061702027574
oci:06390282746-06220983541,omid:br/06390282746,omid:br/06220983541
oci:06390282746-062501782695,omid:br/06390282746,omid:br/062501782695
oci:06390282746-061801782567,omid:br/06390282746,omid:br/061801782567
oci:06390282746-06220983892,omid:br/06390282746,omid:br/06220983892
oci:06390282746-062401771884,omid:br/06390282746,omid:br/062401771884
oci:06390282746-06420328407,omid:br/06390282746,omid:br/06420328407
oci:06390282746-061901785498,omid:br/06390282746,omid:br/061901785498
oci:06390282746-062501782439,omid:br/06390282746,omid:br/062501782439
oci:06390282746-062101780175,omid:br/06390282746,omid:br/062101780175
oci:06390282746-061103724906,omid:br/06390282746,omid:br/061103724906
oci:06390282746-06202421270,omid:br/06390282746,omid:br/06202421270
oci:06390282746-062301781618,omid:br/06390282746,omid:br/062301781618
oci:06390282746-061403594422,omid:br/06390282746,omid:br/061403594422
oci:0604006383-061301242400,omid:br/0604006383,omid:br/061301242400
oci:0604006383-0643027149,omid:br/0604006383,omid:br/0643027149
oci:0604006383-0647025063,omid:br/0604006383,omid:br/0647025063
oci:0604006383-0642027918,omid:br/0604006383,omid:br/0642027918
oci:0604006383-0645026354,omid:br/0604006383,omid:br/0645026354
oci:0604006383-062202093316,omid:br/0604006383,omid:br/062202093316
oci:06450269614-06201021538,omid:br/06450269614,omid:br/06201021538
oci:06290277731-06180352749,omid:br/06290277731,omid:br/06180352749
oci:06290277731-0690882364,omid:br/06290277731,omid:br/0690882364
oci:06290277731-06110869744,omid:br/06290277731,omid:br/06110869744
oci:06320264668-06903739072,omid:br/06320264668,omid:br/06903739072
oci:06320264668-061104151942,omid:br/06320264668,omid:br/061104151942
oci:06320264668-062601005412,omid:br/06320264668,omid:br/062601005412
oci:06320264668-06403909952,omid:br/06320264668,omid:br/06403909952
oci:06270285984-06504575593,omid:br/06270285984,omid:br/06504575593
oci:06270285984-06490355143,omid:br/06270285984,omid:br/06490355143
oci:061704015374-061601249615,omid:br/061704015374,omid:br/061601249615
oci:061704015374-06110869725,omid:br/061704015374,omid:br/06110869725
oci:061704015374-06240865686,omid:br/061704015374,omid:br/06240865686
oci:061704015374-06110869097,omid:br/061704015374,omid:br/06110869097
oci:061704015374-062601006030,omid:br/061704015374,omid:br/062601006030
oci:061704015374-06804543215,omid:br/061704015374,omid:br/06804543215
oci:061704015374-06390281545,omid:br/061704015374,omid:br/06390281545
oci:061704015374-06490275544,omid:br/061704015374,omid:br/06490275544
oci:06320265563-061801153175,omid:br/06320265563,omid:br/061801153175
oci:06320265563-06701021273,omid:br/06320265563,omid:br/06701021273
oci:06390282406-062403716138,omid:br/06390282406,omid:br/062403716138
oci:06280288052-0670364687,omid:br/06280288052,omid:br/0670364687
oci:06280288052-061803755801,omid:br/06280288052,omid:br/061803755801
oci:06704514502-06240964460,omid:br/06704514502,omid:br/06240964460
oci:06704514502-06101005011,omid:br/06704514502,omid:br/06101005011
oci:06704514502-0650919096,omid:br/06704514502,omid:br/0650919096
oci:06704514502-062601005295,omid:br/06704514502,omid:br/062601005295
oci:06704514502-061401063337,omid:br/06704514502,omid:br/061401063337
oci:06704514502-06110442516,omid:br/06704514502,omid:br/06110442516
oci:06704514502-061701075298,omid:br/06704514502,omid:br/061701075298
oci:06704514502-06202840392,omid:br/06704514502,omid:br/06202840392
oci:06330278373-06320264683,omid:br/06330278373,omid:br/06320264683
oci:06330278373-0620992406,omid:br/06330278373,omid:br/0620992406
oci:0604618246-061801152986,omid:br/0604618246,omid:br/061801152986
oci:0604618246-06501163568,omid:br/0604618246,omid:br/06501163568
oci:0604618246-06601157534,omid:br/0604618246,omid:br/06601157534
oci:0604618246-06180266721,omid:br/0604618246,omid:br/06180266721
oci:0604618246-0628050093,omid:br/0604618246,omid:br/0628050093
oci:0604618246-06201156899,omid:br/0604618246,omid:br/06201156899
oci:0604618246-0627050037,omid:br/0604618246,omid:br/0627050037
oci:0604618246-06901162315,omid:br/0604618246,omid:br/06901162315
oci:0604618246-0628050094,omid:br/0604618246,omid:br/0628050094
oci:0604618246-062301144999,omid:br/0604618246,omid:br/062301144999
oci:0604618246-06101005302,omid:br/0604618246,omid:br/06101005302
oci:0604618246-06801156976,omid:br/0604618246,omid:br/06801156976
oci:0604618246-06601156688,omid:br/0604618246,omid:br/06601156688
oci:0604618246-062601166951,omid:br/0604618246,omid:br/062601166951
oci:0604618246-062103564776,omid:br/0604618246,omid:br/062103564776
oci:0604618246-061504007431,omid:br/0604618246,omid:br/061504007431
oci:06460272872-0631028511,omid:br/06460272872,omid:br/0631028511
oci:06460272872-062603333170,omid:br/06460272872,omid:br/062603333170
oci:06460272872-06203920818,omid:br/06460272872,omid:br/06203920818
oci:06460272872-06401034234,omid:br/06460272872,omid:br/06401034234
oci:06460272872-0629026720,omid:br/06460272872,omid:br/0629026720
oci:06460272872-061901250260,omid:br/06460272872,omid:br/061901250260
oci:06460272872-06220670217,omid:br/06460272872,omid:br/06220670217
oci:06460272872-06701021227,omid:br/06460272872,omid:br/06701021227
oci:06280288091-061901250725,omid:br/06280288091,omid:br/061901250725
oci:06280288091-061402194699,omid:br/06280288091,omid:br/061402194699
oci:06280288091-062503506486,omid:br/06280288091,omid:br/062503506486
oci:06280288091-062101273754,omid:br/06280288091,omid:br/062101273754
oci:06370278128-06240964526,omid:br/06370278128,omid:br/06240964526
oci:06370278128-0640916952,omid:br/06370278128,omid:br/0640916952
oci:06370278128-06401161487,omid:br/06370278128,omid:br/06401161487
oci:06370278128-06804543286,omid:br/06370278128,omid:br/06804543286
oci:06370278128-06204545862,omid:br/06370278128,omid:br/06204545862
oci:06370278128-06340279490,omid:br/06370278128,omid:br/06340279490
oci:0604328703-06502430855,omid:br/0604328703,omid:br/06502430855
oci:0604328703-0680992142,omid:br/0604328703,omid:br/0680992142
oci:0604328703-0670985832,omid:br/0604328703,omid:br/0670985832
oci:0604328703-0680992303,omid:br/0604328703,omid:br/0680992303
oci:0604328703-0690999062,omid:br/0604328703,omid:br/0690999062
oci:0604328703-0670728590,omid:br/0604328703,omid:br/0670728590
oci:0604328703-06330278012,omid:br/0604328703,omid:br/06330278012
oci:0604328703-061702232202,omid:br/0604328703,omid:br/061702232202
oci:06380272575-0650292105,omid:br/06380272575,omid:br/0650292105
oci:06380272575-0650292100,omid:br/06380272575,omid:br/0650292100
oci:061704015317-062101605344,omid:br/061704015317,omid:br/062101605344
oci:06320264876-062204090145,omid:br/06320264876,omid:br/062204090145
oci:06320264876-06601157127,omid:br/06320264876,omid:br/06601157127
oci:06320264876-06601156692,omid:br/06320264876,omid:br/06601156692
oci:06320264876-06140891295,omid:br/06320264876,omid:br/06140891295
oci:06320264876-06210472289,omid:br/06320264876,omid:br/06210472289
oci:06320264876-06380148086,omid:br/06320264876,omid:br/06380148086
oci:06320264876-062104090372,omid:br/06320264876,omid:br/062104090372
oci:061604011242-06260663639,omid:br/061604011242,omid:br/06260663639
oci:061604011242-061202732026,omid:br/061604011242,omid:br/061202732026
oci:06520268792-06250875132,omid:br/06520268792,omid:br/06250875132
oci:06520268792-0680162839,omid:br/06520268792,omid:br/0680162839
oci:06530281231-06210878576,omid:br/06530281231,omid:br/06210878576
oci:06530281231-06230880388,omid:br/06530281231,omid:br/06230880388
oci:06530281231-061404028677,omid:br/06530281231,omid:br/061404028677
oci:06530281231-061102611322,omid:br/06530281231,omid:br/061102611322
oci:06530281231-0640487813,omid:br/06530281231,omid:br/0640487813
oci:06530281231-06250874566,omid:br/06530281231,omid:br/06250874566
oci:06530281231-06120702704,omid:br/06530281231,omid:br/06120702704
oci:06530281231-06170351170,omid:br/06530281231,omid:br/06170351170
oci:06530281231-06150678618,omid:br/06530281231,omid:br/06150678618
oci:06530281231-06120702706,omid:br/06530281231,omid:br/06120702706
oci:06530281231-06230881126,omid:br/06530281231,omid:br/06230881126
oci:06530281231-062403715566,omid:br/06530281231,omid:br/062403715566
oci:06530281231-062601166503,omid:br/06530281231,omid:br/062601166503
oci:06530281231-062601166813,omid:br/06530281231,omid:br/062601166813
oci:06530281231-06430272440,omid:br/06530281231,omid:br/06430272440
oci:06530281231-06320264828,omid:br/06530281231,omid:br/06320264828
oci:06510285549-06110815385,omid:br/06510285549,omid:br/06110815385
oci:06510285549-06801252786,omid:br/06510285549,omid:br/06801252786
oci:06510285549-06701021645,omid:br/06510285549,omid:br/06701021645
oci:06340279835-062303338396,omid:br/06340279835,omid:br/062303338396
oci:06340279835-06150485368,omid:br/06340279835,omid:br/06150485368
oci:06340279835-0650462373,omid:br/06340279835,omid:br/0650462373
oci:06340279835-062303338410,omid:br/06340279835,omid:br/062303338410
oci:06340279835-06701785065,omid:br/06340279835,omid:br/06701785065
oci:06340279835-061303034587,omid:br/06340279835,omid:br/061303034587
oci:06340279835-06801793839,omid:br/06340279835,omid:br/06801793839
oci:06340279835-06340198663,omid:br/06340279835,omid:br/06340198663
oci:06340279835-062203336423,omid:br/06340279835,omid:br/062203336423
oci:06104547547-061303990791,omid:br/06104547547,omid:br/061303990791
oci:06104547547-06604507491,omid:br/06104547547,omid:br/06604507491
oci:06104547547-06380270842,omid:br/06104547547,omid:br/06380270842
oci:06104547547-0604187668,omid:br/06104547547,omid:br/0604187668
oci:062104090459-06220983975,omid:br/062104090459,omid:br/06220983975
oci:062104090459-06220882898,omid:br/062104090459,omid:br/06220882898
oci:062104090459-0610271008,omid:br/062104090459,omid:br/0610271008
oci:062104090459-06403910014,omid:br/062104090459,omid:br/06403910014
oci:062104090459-06220882329,omid:br/062104090459,omid:br/06220882329
oci:062104090459-06101004625,omid:br/062104090459,omid:br/06101004625
oci:062104090459-0630263906,omid:br/062104090459,omid:br/0630263906
oci:062104090459-06601156552,omid:br/062104090459,omid:br/06601156552
oci:062104090459-06601157492,omid:br/062104090459,omid:br/06601157492
oci:062104090459-062601006075,omid:br/062104090459,omid:br/062601006075
oci:062104090459-06401161506,omid:br/062104090459,omid:br/06401161506
oci:062104090459-06601157466,omid:br/062104090459,omid:br/06601157466
oci:062104090459-06401161359,omid:br/062104090459,omid:br/06401161359
oci:062104090459-061404028671,omid:br/062104090459,omid:br/061404028671
oci:062104090459-062203701097,omid:br/062104090459,omid:br/062203701097
oci:062104090459-06470338805,omid:br/062104090459,omid:br/06470338805
oci:062104090459-06230977465,omid:br/062104090459,omid:br/06230977465
oci:06704514443-0640355934,omid:br/06704514443,omid:br/0640355934
oci:06704514443-062602153622,omid:br/06704514443,omid:br/062602153622
oci:06704514443-061503505645,omid:br/06704514443,omid:br/061503505645
oci:06704514443-06701021170,omid:br/06704514443,omid:br/06701021170
oci:061704015355-061201241323,omid:br/061704015355,omid:br/061201241323
oci:061704015355-06501177087,omid:br/061704015355,omid:br/06501177087
oci:061704015355-061703067966,omid:br/061704015355,omid:br/061703067966
oci:061704015355-0604838080,omid:br/061704015355,omid:br/0604838080
oci:061704015355-0637028201,omid:br/061704015355,omid:br/0637028201
oci:061704015355-06220349982,omid:br/061704015355,omid:br/06220349982
oci:06410278955-061301243204,omid:br/06410278955,omid:br/061301243204
oci:06410278955-06220882418,omid:br/06410278955,omid:br/06220882418
oci:06410278955-06601157488,omid:br/06410278955,omid:br/06601157488
oci:06410278955-06401161238,omid:br/06410278955,omid:br/06401161238
oci:06410278955-062502037705,omid:br/06410278955,omid:br/062502037705
oci:06904150887-06270286569,omid:br/06904150887,omid:br/06270286569
oci:06904150887-06804543001,omid:br/06904150887,omid:br/06804543001
oci:06390281565-06210979333,omid:br/06390281565,omid:br/06210979333
oci:06390281565-06210860993,omid:br/06390281565,omid:br/06210860993
oci:06390281565-062603756317,omid:br/06390281565,omid:br/062603756317
oci:06390281565-06702405744,omid:br/06390281565,omid:br/06702405744
oci:06390281565-06210724014,omid:br/06390281565,omid:br/06210724014
oci:06390281565-06130888400,omid:br/06390281565,omid:br/06130888400
oci:06390281565-06210878232,omid:br/06390281565,omid:br/06210878232
oci:0604643368-06360267324,omid:br/0604643368,omid:br/06360267324
oci:0604187638-06110869097,omid:br/0604187638,omid:br/06110869097
oci:0604187638-0653030572,omid:br/0604187638,omid:br/0653030572
oci:0604187638-061101210547,omid:br/0604187638,omid:br/061101210547
oci:0604187638-06490275544,omid:br/0604187638,omid:br/06490275544
oci:06390282755-06301031415,omid:br/06390282755,omid:br/06301031415
oci:06280288111-061201164919,omid:br/06280288111,omid:br/061201164919
oci:06280288111-06170350354,omid:br/06280288111,omid:br/06170350354
oci:06280288111-06703900300,omid:br/06280288111,omid:br/06703900300
oci:06280288111-06130668521,omid:br/06280288111,omid:br/06130668521
oci:06280288111-06130668621,omid:br/06280288111,omid:br/06130668621
oci:06280288111-0610355258,omid:br/06280288111,omid:br/0610355258
oci:06280288111-0626096440,omid:br/06280288111,omid:br/0626096440
oci:06280288111-0616083389,omid:br/06280288111,omid:br/0616083389
oci:06280288111-0623086458,omid:br/06280288111,omid:br/0623086458
oci:06280288111-061601677755,omid:br/06280288111,omid:br/061601677755
oci:06280288111-064083325,omid:br/06280288111,omid:br/064083325
oci:06280288111-061602709429,omid:br/06280288111,omid:br/061602709429
oci:06280288111-06140671978,omid:br/06280288111,omid:br/06140671978
oci:06404555407-0670266020,omid:br/06404555407,omid:br/0670266020
oci:06330278414-0620992486,omid:br/06330278414,omid:br/0620992486
oci:06330278414-062501139378,omid:br/06330278414,omid:br/062501139378
oci:06330278414-06501163568,omid:br/06330278414,omid:br/06501163568
oci:06330278414-06601157534,omid:br/06330278414,omid:br/06601157534
oci:06330278414-06180266721,omid:br/06330278414,omid:br/06180266721
oci:06330278414-06201156899,omid:br/06330278414,omid:br/06201156899
oci:06330278414-062502130972,omid:br/06330278414,omid:br/062502130972
oci:06330278414-0650998756,omid:br/06330278414,omid:br/0650998756
oci:06330278414-0630994695,omid:br/06330278414,omid:br/0630994695
oci:06330278414-06210472289,omid:br/06330278414,omid:br/06210472289
oci:06330278414-06240965002,omid:br/06330278414,omid:br/06240965002
oci:06330278414-06250875118,omid:br/06330278414,omid:br/06250875118
oci:06330278414-062103687824,omid:br/06330278414,omid:br/062103687824
oci:06330278414-062601005244,omid:br/06330278414,omid:br/062601005244
oci:06330278414-06604592157,omid:br/06330278414,omid:br/06604592157
oci:06330278414-0620992059,omid:br/06330278414,omid:br/0620992059
oci:06330278414-06260900257,omid:br/06330278414,omid:br/06260900257
oci:06330278414-06220465936,omid:br/06330278414,omid:br/06220465936
oci:06330278414-06190472114,omid:br/06330278414,omid:br/06190472114
oci:06330278414-06201156106,omid:br/06330278414,omid:br/06201156106
oci:06330278414-06904150619,omid:br/06330278414,omid:br/06904150619
oci:061303990797-061201240647,omid:br/061303990797,omid:br/061201240647
oci:0604643430-06901260307,omid:br/0604643430,omid:br/06901260307
oci:0604643430-061401232777,omid:br/0604643430,omid:br/061401232777
oci:0604643430-06601156651,omid:br/0604643430,omid:br/06601156651
oci:0604643430-06120860388,omid:br/0604643430,omid:br/06120860388
oci:0604643430-0640568204,omid:br/0604643430,omid:br/0640568204
oci:0604643430-062101191300,omid:br/0604643430,omid:br/062101191300
oci:0604643430-06104547482,omid:br/0604643430,omid:br/06104547482
oci:0604643430-062604130112,omid:br/0604643430,omid:br/062604130112
oci:06430272052-061703253734,omid:br/06430272052,omid:br/061703253734
oci:06430272052-062601005333,omid:br/06430272052,omid:br/062601005333
oci:06430272052-0614077939,omid:br/06430272052,omid:br/0614077939
oci:06420276090-061601792579,omid:br/06420276090,omid:br/061601792579
oci:06420276090-061701789508,omid:br/06420276090,omid:br/061701789508
oci:06420276090-062201772924,omid:br/06420276090,omid:br/062201772924
oci:06420276090-06190358633,omid:br/06420276090,omid:br/06190358633
oci:06420276090-061903581597,omid:br/06420276090,omid:br/061903581597
oci:06420276090-06130702914,omid:br/06420276090,omid:br/06130702914
oci:06420276090-06130703119,omid:br/06420276090,omid:br/06130703119
oci:06420276090-062103048710,omid:br/06420276090,omid:br/062103048710
oci:06420276090-061203712200,omid:br/06420276090,omid:br/061203712200
oci:061803935090-061103322458,omid:br/061803935090,omid:br/061103322458
oci:061303990765-061101793989,omid:br/061303990765,omid:br/061101793989
oci:061303990765-06230881158,omid:br/061303990765,omid:br/06230881158
oci:061303990765-0620870081,omid:br/061303990765,omid:br/0620870081
oci:061303990765-06120884537,omid:br/061303990765,omid:br/06120884537
oci:061303990765-06260942649,omid:br/061303990765,omid:br/06260942649
oci:061303990765-06150712574,omid:br/061303990765,omid:br/06150712574
oci:061303990765-062301644090,omid:br/061303990765,omid:br/062301644090
oci:061303990771-06120885447,omid:br/061303990771,omid:br/06120885447
oci:061303990771-0670406106,omid:br/061303990771,omid:br/0670406106
oci:061303990771-06160898704,omid:br/061303990771,omid:br/06160898704
oci:06350270521-0650402524,omid:br/06350270521,omid:br/0650402524
oci:06350270521-0646026596,omid:br/06350270521,omid:br/0646026596
oci:06350270521-0635026644,omid:br/06350270521,omid:br/0635026644
oci:06350270521-061803056733,omid:br/06350270521,omid:br/061803056733
oci:06350270521-061703067966,omid:br/06350270521,omid:br/061703067966
oci:06390281534-06430271676,omid:br/06390281534,omid:br/06430271676
oci:06390281534-06110807450,omid:br/06390281534,omid:br/06110807450
oci:06390281534-06110807360,omid:br/06390281534,omid:br/06110807360
oci:061704015306-06101388458,omid:br/061704015306,omid:br/06101388458
oci:061704015306-06101389048,omid:br/061704015306,omid:br/06101389048
oci:06320265527-06204131833,omid:br/06320265527,omid:br/06204131833
oci:06320265527-06804567613,omid:br/06320265527,omid:br/06804567613
oci:06320265527-061801153051,omid:br/06320265527,omid:br/061801153051
oci:06320265527-06701021274,omid:br/06320265527,omid:br/06701021274
oci:06320265527-061602887320,omid:br/06320265527,omid:br/061602887320
oci:06320265527-06303300614,omid:br/06320265527,omid:br/06303300614
oci:06320265527-061602887481,omid:br/06320265527,omid:br/061602887481
oci:0604643372-061101252105,omid:br/0604643372,omid:br/061101252105
oci:0604643372-06403909545,omid:br/0604643372,omid:br/06403909545
oci:0604643372-0639027861,omid:br/0604643372,omid:br/0639027861
oci:0604643372-06104613708,omid:br/0604643372,omid:br/06104613708
oci:0604643372-062601226400,omid:br/0604643372,omid:br/062601226400
oci:0604643372-06370277725,omid:br/0604643372,omid:br/06370277725
oci:0604643372-06360267303,omid:br/0604643372,omid:br/06360267303
oci:0604643372-06410278946,omid:br/0604643372,omid:br/06410278946
oci:06504555484-06901162458,omid:br/06504555484,omid:br/06901162458
oci:06504555484-06801156107,omid:br/06504555484,omid:br/06801156107
oci:06504555484-06170989537,omid:br/06504555484,omid:br/06170989537
oci:06504555484-06240865605,omid:br/06504555484,omid:br/06240865605
oci:06504555484-0620992232,omid:br/06504555484,omid:br/0620992232
oci:06504555484-062403716238,omid:br/06504555484,omid:br/062403716238
oci:06504555484-062403716239,omid:br/06504555484,omid:br/062403716239
oci:06504555484-06101165725,omid:br/06504555484,omid:br/06101165725
oci:06504555484-062601166805,omid:br/06504555484,omid:br/062601166805
oci:06504555484-06260900010,omid:br/06504555484,omid:br/06260900010
oci:06320265191-06110299621,omid:br/06320265191,omid:br/06110299621
oci:0604187632-062203701387,omid:br/0604187632,omid:br/062203701387
oci:0604187632-06601157522,omid:br/0604187632,omid:br/06601157522
oci:0604187632-0604838034,omid:br/0604187632,omid:br/0604838034
oci:0604187632-06904150703,omid:br/0604187632,omid:br/06904150703
oci:061104148670-0630357208,omid:br/061104148670,omid:br/0630357208
oci:061104148670-06404134231,omid:br/061104148670,omid:br/06404134231
oci:061104148670-061303768130,omid:br/061104148670,omid:br/061303768130
oci:061104148670-0650356861,omid:br/061104148670,omid:br/0650356861
oci:061104148670-06130668621,omid:br/061104148670,omid:br/06130668621
oci:061104148670-06103308368,omid:br/061104148670,omid:br/06103308368
oci:061104148670-06203295448,omid:br/061104148670,omid:br/06203295448
oci:061104148670-06304004920,omid:br/061104148670,omid:br/06304004920
oci:061104148670-06430272437,omid:br/061104148670,omid:br/06430272437
oci:06320265592-06450270435,omid:br/06320265592,omid:br/06450270435
oci:06320265592-061403559539,omid:br/06320265592,omid:br/061403559539
oci:06320265592-06490355211,omid:br/06320265592,omid:br/06490355211
oci:0604006398-061401485660,omid:br/0604006398,omid:br/061401485660
oci:0604006398-06250481633,omid:br/0604006398,omid:br/06250481633
oci:0604006398-0641067382,omid:br/0604006398,omid:br/0641067382
oci:0604006398-06250481503,omid:br/0604006398,omid:br/06250481503
oci:06440269954-06170715558,omid:br/06440269954,omid:br/06170715558
oci:06440269954-0604838075,omid:br/06440269954,omid:br/0604838075
oci:06440269954-062601005604,omid:br/06440269954,omid:br/062601005604
oci:06440269954-06201156248,omid:br/06440269954,omid:br/06201156248
oci:06440269954-06601157014,omid:br/06440269954,omid:br/06601157014
oci:06440269954-062102216899,omid:br/06440269954,omid:br/062102216899
oci:06440269954-061404006300,omid:br/06440269954,omid:br/061404006300
oci:061303990732-06170823254,omid:br/061303990732,omid:br/06170823254
oci:061303990732-062401123122,omid:br/061303990732,omid:br/062401123122
oci:061303990732-062103687895,omid:br/061303990732,omid:br/062103687895
oci:061303990732-06220882074,omid:br/061303990732,omid:br/06220882074
oci:061303990732-06601156679,omid:br/061303990732,omid:br/06601156679
oci:061303990732-06201156565,omid:br/061303990732,omid:br/06201156565
oci:061303990732-061203592024,omid:br/061303990732,omid:br/061203592024
oci:061303990732-06601157328,omid:br/061303990732,omid:br/06601157328
oci:061303990732-06201156537,omid:br/061303990732,omid:br/06201156537
oci:061303990732-06201156346,omid:br/061303990732,omid:br/06201156346
oci:061303990732-0604838073,omid:br/061303990732,omid:br/0604838073
oci:061303990732-062102430351,omid:br/061303990732,omid:br/062102430351
oci:061303990732-06380271426,omid:br/061303990732,omid:br/06380271426
oci:06460272780-06603169403,omid:br/06460272780,omid:br/06603169403
oci:06460272780-06110806749,omid:br/06460272780,omid:br/06110806749
oci:06460272780-06120800651,omid:br/06460272780,omid:br/06120800651
oci:06460272780-0627025324,omid:br/06460272780,omid:br/0627025324
oci:0604187672-06130668535,omid:br/0604187672,omid:br/06130668535
oci:0604187672-0670484528,omid:br/0604187672,omid:br/0670484528
oci:0604187672-0680718053,omid:br/0604187672,omid:br/0680718053
oci:0604187672-06160354983,omid:br/0604187672,omid:br/06160354983
oci:0604187672-061103724316,omid:br/0604187672,omid:br/061103724316
oci:062603602003-06801506102,omid:br/062603602003,omid:br/06801506102
oci:062603602003-062601166763,omid:br/062603602003,omid:br/062601166763
oci:062603602003-06501163547,omid:br/062603602003,omid:br/06501163547
oci:062603602003-063071307,omid:br/062603602003,omid:br/063071307
oci:062603602003-061103734133,omid:br/062603602003,omid:br/061103734133
oci:062603602003-06403909510,omid:br/062603602003,omid:br/06403909510
oci:062603602003-062403584117,omid:br/062603602003,omid:br/062403584117
oci:062603602003-06410278953,omid:br/062603602003,omid:br/06410278953
oci:06504555637-06120807928,omid:br/06504555637,omid:br/06120807928
oci:06504555637-06603520523,omid:br/06504555637,omid:br/06603520523
oci:06504555637-061503108874,omid:br/06504555637,omid:br/061503108874
oci:06504555637-06230952828,omid:br/06504555637,omid:br/06230952828
oci:06440270585-061803094242,omid:br/06440270585,omid:br/061803094242
oci:06530281592-06140672166,omid:br/06530281592,omid:br/06140672166
oci:06530281592-06130667946,omid:br/06530281592,omid:br/06130667946
oci:06530281592-061103804646,omid:br/06530281592,omid:br/061103804646
oci:06530281592-0630351236,omid:br/06530281592,omid:br/0630351236
oci:06404556004-061702226075,omid:br/06404556004,omid:br/061702226075
oci:06404556004-061402795927,omid:br/06404556004,omid:br/061402795927
oci:06404556004-062601005445,omid:br/06404556004,omid:br/062601005445
oci:06404556004-0646026782,omid:br/06404556004,omid:br/0646026782
oci:06404556004-062201202351,omid:br/06404556004,omid:br/062201202351
oci:0604019532-06203920357,omid:br/0604019532,omid:br/06203920357
oci:06390281560-06110869747,omid:br/06390281560,omid:br/06110869747
oci:06390281560-062201143182,omid:br/06390281560,omid:br/062201143182
oci:06390281560-061104113858,omid:br/06390281560,omid:br/061104113858
oci:06390281560-06704113533,omid:br/06390281560,omid:br/06704113533
oci:06390281560-06240865721,omid:br/06390281560,omid:br/06240865721
oci:06390281560-06230880842,omid:br/06390281560,omid:br/06230880842
oci:06390281560-061104113859,omid:br/06390281560,omid:br/061104113859
oci:06390281560-06201156239,omid:br/06390281560,omid:br/06201156239
oci:06390281560-061704015709,omid:br/06390281560,omid:br/061704015709
oci:06390281560-06804542990,omid:br/06390281560,omid:br/06804542990
oci:06390281560-06370277751,omid:br/06390281560,omid:br/06370277751
oci:062104090455-06220349813,omid:br/062104090455,omid:br/06220349813
oci:062104090455-06170715804,omid:br/062104090455,omid:br/06170715804
oci:062104090455-06703507401,omid:br/062104090455,omid:br/06703507401
oci:062104090455-06703506785,omid:br/062104090455,omid:br/06703506785
oci:062104090455-06390281577,omid:br/062104090455,omid:br/06390281577
oci:062104090455-06410278968,omid:br/062104090455,omid:br/06410278968
oci:0604618307-063305097,omid:br/0604618307,omid:br/063305097
oci:0604618307-06901259960,omid:br/0604618307,omid:br/06901259960
oci:0604618307-062102121629,omid:br/0604618307,omid:br/062102121629
oci:0604618307-06240865885,omid:br/0604618307,omid:br/06240865885
oci:0604618307-06701021450,omid:br/0604618307,omid:br/06701021450
oci:0604618307-06240865876,omid:br/0604618307,omid:br/06240865876
oci:0604618307-06101005484,omid:br/0604618307,omid:br/06101005484
oci:0604618307-0680847939,omid:br/0604618307,omid:br/0680847939
oci:0604618307-0643069670,omid:br/0604618307,omid:br/0643069670
oci:0604618307-06240865831,omid:br/0604618307,omid:br/06240865831
oci:06804543020-062202754735,omid:br/06804543020,omid:br/062202754735
oci:06530281605-06490355143,omid:br/06530281605,omid:br/06490355143
oci:06530281605-06304551860,omid:br/06530281605,omid:br/06304551860
oci:06530281605-061801153191,omid:br/06530281605,omid:br/061801153191
oci:06320265151-06260615407,omid:br/06320265151,omid:br/06260615407
oci:06704514493-061801240776,omid:br/06704514493,omid:br/061801240776
oci:06704514493-06101004688,omid:br/06704514493,omid:br/06101004688
oci:06704514493-063604673,omid:br/06704514493,omid:br/063604673
oci:0604006426-06304532850,omid:br/0604006426,omid:br/06304532850
oci:0604006426-062504112473,omid:br/0604006426,omid:br/062504112473
oci:0604006426-06520299073,omid:br/0604006426,omid:br/06520299073
oci:0604006426-06340279508,omid:br/0604006426,omid:br/06340279508
oci:061704015353-061301242382,omid:br/061704015353,omid:br/061301242382
oci:061704015353-06804543215,omid:br/061704015353,omid:br/06804543215
oci:062203566835-06530281126,omid:br/062203566835,omid:br/06530281126
oci:06410279017-061701052106,omid:br/06410279017,omid:br/061701052106
oci:06410279017-0616093527,omid:br/06410279017,omid:br/0616093527
oci:06380270824-0620991874,omid:br/06380270824,omid:br/0620991874
oci:06380270824-061904141383,omid:br/06380270824,omid:br/061904141383
oci:06380270824-062601166929,omid:br/06380270824,omid:br/062601166929
oci:06380270824-06101165883,omid:br/06380270824,omid:br/06101165883
oci:06380270824-062503041867,omid:br/06380270824,omid:br/062503041867
oci:06380270824-06250706972,omid:br/06380270824,omid:br/06250706972
oci:06380270824-06250706647,omid:br/06380270824,omid:br/06250706647
oci:0604006443-06150992972,omid:br/0604006443,omid:br/06150992972
oci:0604006443-06370246444,omid:br/0604006443,omid:br/06370246444
oci:0604006443-061104148757,omid:br/0604006443,omid:br/061104148757
oci:0604006443-06360267256,omid:br/0604006443,omid:br/06360267256
oci:0604006443-06370277749,omid:br/0604006443,omid:br/06370277749
oci:0604006443-06330277845,omid:br/0604006443,omid:br/06330277845
oci:0604006443-06390282244,omid:br/0604006443,omid:br/06390282244
oci:0604006443-06270286496,omid:br/0604006443,omid:br/06270286496
oci:061303990761-0604838024,omid:br/061303990761,omid:br/0604838024
oci:061303990761-06290277037,omid:br/061303990761,omid:br/06290277037
oci:061303990761-0604119322,omid:br/061303990761,omid:br/0604119322
oci:061303990761-06380271307,omid:br/061303990761,omid:br/06380271307
oci:061303990761-06604507491,omid:br/061303990761,omid:br/06604507491
oci:061303990761-062104090108,omid:br/061303990761,omid:br/062104090108
oci:06460272807-0620351575,omid:br/06460272807,omid:br/0620351575
oci:06460272807-06201584336,omid:br/06460272807,omid:br/06201584336
oci:06460272807-063902123,omid:br/06460272807,omid:br/063902123
oci:06460272807-0690364634,omid:br/06460272807,omid:br/0690364634
oci:06460272807-061601793257,omid:br/06460272807,omid:br/061601793257
oci:06460272807-0660528846,omid:br/06460272807,omid:br/0660528846
oci:06204545344-062403715702,omid:br/06204545344,omid:br/062403715702
oci:06330278395-06120978003,omid:br/06330278395,omid:br/06120978003
oci:06330278395-06120977977,omid:br/06330278395,omid:br/06120977977
oci:06330278395-06201509696,omid:br/06330278395,omid:br/06201509696
oci:06330278395-062501139378,omid:br/06330278395,omid:br/062501139378
oci:06330278395-06802550202,omid:br/06330278395,omid:br/06802550202
oci:06330278395-06180890814,omid:br/06330278395,omid:br/06180890814
oci:06330278395-06404549256,omid:br/06330278395,omid:br/06404549256
oci:06330278395-061104152427,omid:br/06330278395,omid:br/061104152427
oci:06330278395-0620700869,omid:br/06330278395,omid:br/0620700869
oci:06330278395-06804504209,omid:br/06330278395,omid:br/06804504209
oci:06320265584-061201779902,omid:br/06320265584,omid:br/061201779902
oci:06404555945-061901250666,omid:br/06404555945,omid:br/061901250666
oci:06404555945-061802212779,omid:br/06404555945,omid:br/061802212779
oci:06404555945-06220882370,omid:br/06404555945,omid:br/06220882370
oci:06404555945-062601005587,omid:br/06404555945,omid:br/062601005587
oci:06404555945-061802212571,omid:br/06404555945,omid:br/061802212571
oci:06404555945-06501163731,omid:br/06404555945,omid:br/06501163731
oci:06404555945-0610360285,omid:br/06404555945,omid:br/0610360285
oci:06404555945-062202428460,omid:br/06404555945,omid:br/062202428460
oci:06450270435-061403559539,omid:br/06450270435,omid:br/061403559539
oci:06360266996-06101004616,omid:br/06360266996,omid:br/06101004616
oci:06360266996-06220882669,omid:br/06360266996,omid:br/06220882669
oci:06360266996-062601215525,omid:br/06360266996,omid:br/062601215525
oci:06360266996-06220882612,omid:br/06360266996,omid:br/06220882612
oci:06360266996-06230976737,omid:br/06360266996,omid:br/06230976737
oci:06360266996-06180891373,omid:br/06360266996,omid:br/06180891373
oci:06360266996-061302692062,omid:br/06360266996,omid:br/061302692062
oci:06360266996-062601166688,omid:br/06360266996,omid:br/062601166688
oci:06360266996-062601248062,omid:br/06360266996,omid:br/062601248062
oci:06360266996-06202616991,omid:br/06360266996,omid:br/06202616991
oci:06360266996-06230881084,omid:br/06360266996,omid:br/06230881084
oci:06360266996-06801156218,omid:br/06360266996,omid:br/06801156218
oci:06360266996-062404026245,omid:br/06360266996,omid:br/062404026245
oci:061303990721-06903111216,omid:br/061303990721,omid:br/06903111216
oci:061303990721-061501295273,omid:br/061303990721,omid:br/061501295273
oci:061303990721-061102590774,omid:br/061303990721,omid:br/061102590774
oci:061303990721-0630137501,omid:br/061303990721,omid:br/0630137501
oci:061303990721-062101295906,omid:br/061303990721,omid:br/062101295906
oci:061303990721-062501196245,omid:br/061303990721,omid:br/062501196245
oci:061303990721-06804543279,omid:br/061303990721,omid:br/06804543279
oci:06804543115-06401034395,omid:br/06804543115,omid:br/06401034395
oci:06460272793-06401034209,omid:br/06460272793,omid:br/06401034209
oci:06460272793-06210978627,omid:br/06460272793,omid:br/06210978627
oci:0604040954-0690834615,omid:br/0604040954,omid:br/0690834615
oci:0604040954-06201509696,omid:br/0604040954,omid:br/06201509696
oci:0604040954-0620992486,omid:br/0604040954,omid:br/0620992486
oci:0604040954-061801153285,omid:br/0604040954,omid:br/061801153285
oci:06450269641-06601032391,omid:br/06450269641,omid:br/06601032391
oci:06390281577-06420208370,omid:br/06390281577,omid:br/06420208370
oci:06390281577-0640846250,omid:br/06390281577,omid:br/0640846250
oci:06390281577-06170715804,omid:br/06390281577,omid:br/06170715804
oci:06390281577-06190843447,omid:br/06390281577,omid:br/06190843447
oci:06360266955-06701162471,omid:br/06360266955,omid:br/06701162471
oci:06360266955-0630356493,omid:br/06360266955,omid:br/0630356493
oci:06360266955-062601041599,omid:br/06360266955,omid:br/062601041599
oci:06360266955-06170871421,omid:br/06360266955,omid:br/06170871421
oci:06360266955-0690723153,omid:br/06360266955,omid:br/0690723153
oci:06360266955-06130888842,omid:br/06360266955,omid:br/06130888842
oci:06360266955-06160898267,omid:br/06360266955,omid:br/06160898267
oci:06360266955-061603730877,omid:br/06360266955,omid:br/061603730877
oci:06360266955-06401161619,omid:br/06360266955,omid:br/06401161619
oci:06360266955-06280288196,omid:br/06360266955,omid:br/06280288196
oci:06320264853-061802672569,omid:br/06320264853,omid:br/061802672569
oci:06320264853-062303711642,omid:br/06320264853,omid:br/062303711642
oci:06320264853-062601166279,omid:br/06320264853,omid:br/062601166279
oci:06320264853-06230880393,omid:br/06320264853,omid:br/06230880393
oci:06320264853-062104090425,omid:br/06320264853,omid:br/062104090425
oci:06280287552-06701146175,omid:br/06280287552,omid:br/06701146175
oci:06280287552-06401161638,omid:br/06280287552,omid:br/06401161638
oci:06280287552-06180354849,omid:br/06280287552,omid:br/06180354849
oci:06280287552-06604526413,omid:br/06280287552,omid:br/06604526413
oci:06280287552-0630825517,omid:br/06280287552,omid:br/0630825517
oci:06280287552-0680717979,omid:br/06280287552,omid:br/0680717979
oci:06280287552-06110712227,omid:br/06280287552,omid:br/06110712227
oci:06320264669-06250262887,omid:br/06320264669,omid:br/06250262887
oci:06320264669-0634027831,omid:br/06320264669,omid:br/0634027831
oci:06320264669-061303477569,omid:br/06320264669,omid:br/061303477569
oci:06460272821-06120800651,omid:br/06460272821,omid:br/06120800651
oci:0604287747-06240965002,omid:br/0604287747,omid:br/06240965002
oci:0604287747-06270214165,omid:br/0604287747,omid:br/06270214165
oci:0604287747-06801156862,omid:br/0604287747,omid:br/06801156862
oci:0604287747-06220882426,omid:br/0604287747,omid:br/06220882426
oci:0604287747-06101165723,omid:br/0604287747,omid:br/06101165723
oci:0604287747-06501162783,omid:br/0604287747,omid:br/06501162783
oci:061604011513-062401123931,omid:br/061604011513,omid:br/062401123931
oci:061604011513-06250978986,omid:br/061604011513,omid:br/06250978986
oci:061604011513-06390281494,omid:br/061604011513,omid:br/06390281494
oci:061604011513-06280287875,omid:br/061604011513,omid:br/06280287875
oci:061604011513-06804543286,omid:br/061604011513,omid:br/06804543286
oci:06320264700-0604838078,omid:br/06320264700,omid:br/0604838078
oci:06104547586-06101289330,omid:br/06104547586,omid:br/06101289330
oci:06104547586-061502777773,omid:br/06104547586,omid:br/061502777773
oci:06104547586-061303478474,omid:br/06104547586,omid:br/061303478474
oci:06104547586-061503712422,omid:br/06104547586,omid:br/061503712422
oci:06104547586-0649026051,omid:br/06104547586,omid:br/0649026051
oci:06404555410-063905511,omid:br/06404555410,omid:br/063905511
oci:061303990724-06401033802,omid:br/061303990724,omid:br/06401033802
oci:061303990724-061101210527,omid:br/061303990724,omid:br/061101210527
oci:061303990724-06210114585,omid:br/061303990724,omid:br/06210114585
oci:061303990724-061703767384,omid:br/061303990724,omid:br/061703767384
oci:06530281646-06140811509,omid:br/06530281646,omid:br/06140811509
oci:06530281646-06140811508,omid:br/06530281646,omid:br/06140811508
oci:06530281646-062501497658,omid:br/06530281646,omid:br/062501497658
oci:06530281646-06101005336,omid:br/06530281646,omid:br/06101005336
oci:06530281646-06301031415,omid:br/06530281646,omid:br/06301031415
oci:06530281646-06170482260,omid:br/06530281646,omid:br/06170482260
oci:06530281646-06150489005,omid:br/06530281646,omid:br/06150489005
oci:06530281646-061203496088,omid:br/06530281646,omid:br/061203496088
oci:06530281646-06703900375,omid:br/06530281646,omid:br/06703900375
oci:06530281646-061403711925,omid:br/06530281646,omid:br/061403711925
oci:06530281646-061803062500,omid:br/06530281646,omid:br/061803062500
oci:06530281646-06701021250,omid:br/06530281646,omid:br/06701021250
oci:06270285893-0604120123,omid:br/06270285893,omid:br/0604120123
oci:06270285893-061801202161,omid:br/06270285893,omid:br/061801202161
oci:06270285893-0670485622,omid:br/06270285893,omid:br/0670485622
oci:06270285893-06150401489,omid:br/06270285893,omid:br/06150401489
oci:0604006402-0604838037,omid:br/0604006402,omid:br/0604838037
oci:0604006402-06240964439,omid:br/0604006402,omid:br/06240964439
oci:0604006402-06401161378,omid:br/0604006402,omid:br/06401161378
oci:0604006402-06240865711,omid:br/0604006402,omid:br/06240865711
oci:0604006402-06601157500,omid:br/0604006402,omid:br/06601157500
oci:0604006402-06104547536,omid:br/0604006402,omid:br/06104547536
oci:0604006402-06460273596,omid:br/0604006402,omid:br/06460273596
oci:0604006402-062101605618,omid:br/0604006402,omid:br/062101605618
oci:06504555688-06110712767,omid:br/06504555688,omid:br/06110712767
oci:06504555688-062601166254,omid:br/06504555688,omid:br/062601166254
oci:06504555688-062103704751,omid:br/06504555688,omid:br/062103704751
oci:06504555688-06240865837,omid:br/06504555688,omid:br/06240865837
oci:06504555688-06390281601,omid:br/06504555688,omid:br/06390281601
oci:06330278426-0650999494,omid:br/06330278426,omid:br/0650999494
oci:06330278426-06140396735,omid:br/06330278426,omid:br/06140396735
oci:06330278426-06110988996,omid:br/06330278426,omid:br/06110988996
oci:06330278426-06902066372,omid:br/06330278426,omid:br/06902066372
oci:06360266971-061301242646,omid:br/06360266971,omid:br/061301242646
oci:06360266971-0650851758,omid:br/06360266971,omid:br/0650851758
oci:06360266971-062502037493,omid:br/06360266971,omid:br/062502037493
oci:06320264893-061601250160,omid:br/06320264893,omid:br/061601250160
oci:06320264893-06210878523,omid:br/06320264893,omid:br/06210878523
oci:06320264893-062204090148,omid:br/06320264893,omid:br/062204090148
oci:06320264893-0643026785,omid:br/06320264893,omid:br/0643026785
oci:0604643389-06104039045,omid:br/0604643389,omid:br/06104039045
oci:0604643389-0644027143,omid:br/0604643389,omid:br/0644027143
oci:0604643389-062403629221,omid:br/0604643389,omid:br/062403629221
oci:0604643389-06104613709,omid:br/0604643389,omid:br/06104613709
oci:06420276329-06701021450,omid:br/06420276329,omid:br/06701021450
oci:06420276329-0604618307,omid:br/06420276329,omid:br/0604618307
oci:06904150857-062203701572,omid:br/06904150857,omid:br/062203701572
oci:06904150857-06410278948,omid:br/06904150857,omid:br/06410278948
oci:06904150857-06904150917,omid:br/06904150857,omid:br/06904150917
oci:06904150857-0604187701,omid:br/06904150857,omid:br/0604187701
oci:06340279452-06604138740,omid:br/06340279452,omid:br/06604138740
oci:06340279452-062102693342,omid:br/06340279452,omid:br/062102693342
oci:06340279452-061303056563,omid:br/06340279452,omid:br/061303056563
oci:06340279452-0670357317,omid:br/06340279452,omid:br/0670357317
oci:06340279452-061901233162,omid:br/06340279452,omid:br/061901233162
oci:06304533154-0630530685,omid:br/06304533154,omid:br/0630530685
oci:06304533154-061503970858,omid:br/06304533154,omid:br/061503970858
oci:06304533154-06250875376,omid:br/06304533154,omid:br/06250875376
oci:06304533154-06250875229,omid:br/06304533154,omid:br/06250875229
oci:06304533154-06101005584,omid:br/06304533154,omid:br/06101005584
oci:06304533154-062601005944,omid:br/06304533154,omid:br/062601005944
oci:06304533154-0620991830,omid:br/06304533154,omid:br/0620991830
oci:06304533154-06260900349,omid:br/06304533154,omid:br/06260900349
oci:06504555509-061503954376,omid:br/06504555509,omid:br/061503954376
oci:06504555509-06260280348,omid:br/06504555509,omid:br/06260280348
oci:06504555509-0670998972,omid:br/06504555509,omid:br/0670998972
oci:06504555509-062602125830,omid:br/06504555509,omid:br/062602125830
oci:06504555509-0643027025,omid:br/06504555509,omid:br/0643027025
oci:06504555509-062304168114,omid:br/06504555509,omid:br/062304168114
oci:06504555509-06250990576,omid:br/06504555509,omid:br/06250990576
oci:06504555509-062601018947,omid:br/06504555509,omid:br/062601018947
oci:06504555509-06301007516,omid:br/06504555509,omid:br/06301007516
oci:06504555509-06130996790,omid:br/06504555509,omid:br/06130996790
oci:06504555509-06601008908,omid:br/06504555509,omid:br/06601008908
oci:06504555509-06130997087,omid:br/06504555509,omid:br/06130997087
oci:06530281616-06130482403,omid:br/06530281616,omid:br/06130482403
oci:06530281616-0650462443,omid:br/06530281616,omid:br/0650462443
oci:06530281616-06801650810,omid:br/06530281616,omid:br/06801650810
oci:06530281616-062203337087,omid:br/06530281616,omid:br/062203337087
oci:0604040960-064404184,omid:br/0604040960,omid:br/064404184
oci:0604040960-061104170641,omid:br/0604040960,omid:br/061104170641
oci:061604011546-061201130646,omid:br/061604011546,omid:br/061201130646
oci:061604011546-06604131827,omid:br/061604011546,omid:br/06604131827
oci:0604643399-0650827289,omid:br/0604643399,omid:br/0650827289
oci:0604643399-06201156539,omid:br/0604643399,omid:br/06201156539
oci:0604643399-06601156912,omid:br/0604643399,omid:br/06601156912
oci:06330278374-06180890845,omid:br/06330278374,omid:br/06180890845
oci:06330278374-06150897020,omid:br/06330278374,omid:br/06150897020
oci:06330278374-0627050499,omid:br/06330278374,omid:br/0627050499
oci:06330278374-0660198923,omid:br/06330278374,omid:br/0660198923
oci:06330278374-062403050865,omid:br/06330278374,omid:br/062403050865
oci:06330278374-06150713428,omid:br/06330278374,omid:br/06150713428
oci:06330278374-061303048889,omid:br/06330278374,omid:br/061303048889
oci:06330278374-06502444322,omid:br/06330278374,omid:br/06502444322
oci:06330278374-06180891033,omid:br/06330278374,omid:br/06180891033
oci:06330278374-06150678403,omid:br/06330278374,omid:br/06150678403
oci:06330278374-06703133528,omid:br/06330278374,omid:br/06703133528
oci:06330278374-062101273855,omid:br/06330278374,omid:br/062101273855
oci:06330278374-06220349054,omid:br/06330278374,omid:br/06220349054
oci:06330278374-0628050463,omid:br/06330278374,omid:br/0628050463
oci:06330278374-06160898493,omid:br/06330278374,omid:br/06160898493
oci:06330278374-06802472108,omid:br/06330278374,omid:br/06802472108
oci:06330278374-06802422213,omid:br/06330278374,omid:br/06802422213
oci:06410278652-061801153175,omid:br/06410278652,omid:br/061801153175
oci:06504555629-06490355143,omid:br/06504555629,omid:br/06490355143
oci:06504555629-0604392612,omid:br/06504555629,omid:br/0604392612
oci:06504555629-06104570694,omid:br/06504555629,omid:br/06104570694
oci:06504555629-06504575585,omid:br/06504555629,omid:br/06504575585
oci:06504555629-061104110220,omid:br/06504555629,omid:br/061104110220
oci:06504555629-062104053686,omid:br/06504555629,omid:br/062104053686
oci:06504555629-06504575600,omid:br/06504555629,omid:br/06504575600
oci:06380271876-062601006049,omid:br/06380271876,omid:br/062601006049
oci:06380271876-06701021848,omid:br/06380271876,omid:br/06701021848
oci:06380271876-06480229063,omid:br/06380271876,omid:br/06480229063
oci:06380271876-06360267574,omid:br/06380271876,omid:br/06360267574
oci:06380271876-062604129929,omid:br/06380271876,omid:br/062604129929
oci:06380271876-06440269943,omid:br/06380271876,omid:br/06440269943
oci:06380271876-06360267320,omid:br/06380271876,omid:br/06360267320
oci:06380271876-06340279508,omid:br/06380271876,omid:br/06340279508
oci:06380271876-0604006474,omid:br/06380271876,omid:br/0604006474
oci:0604019529-061603114779,omid:br/0604019529,omid:br/061603114779
oci:06380271605-061502049571,omid:br/06380271605,omid:br/061502049571
oci:06380271605-0630849836,omid:br/06380271605,omid:br/0630849836
oci:06380271605-06804121310,omid:br/06380271605,omid:br/06804121310
oci:06380271605-06501143654,omid:br/06380271605,omid:br/06501143654
oci:06380271605-061703722066,omid:br/06380271605,omid:br/061703722066
oci:06380271605-06201710143,omid:br/06380271605,omid:br/06201710143
oci:06380271605-0620262532,omid:br/06380271605,omid:br/0620262532
oci:06380271605-06101165142,omid:br/06380271605,omid:br/06101165142
oci:06380271605-062402121805,omid:br/06380271605,omid:br/062402121805
oci:06380271605-06801157008,omid:br/06380271605,omid:br/06801157008
oci:06380271605-06190178167,omid:br/06380271605,omid:br/06190178167
oci:06380271605-06101165678,omid:br/06380271605,omid:br/06101165678
oci:06380271605-0630624216,omid:br/06380271605,omid:br/0630624216
oci:06380271605-06250875363,omid:br/06380271605,omid:br/06250875363
oci:06380271605-06240866188,omid:br/06380271605,omid:br/06240866188
oci:06380271605-06240866251,omid:br/06380271605,omid:br/06240866251
oci:06380271605-062201142399,omid:br/06380271605,omid:br/062201142399
oci:06104547634-0620992476,omid:br/06104547634,omid:br/0620992476
oci:06104547634-0630994498,omid:br/06104547634,omid:br/0630994498
oci:06104547634-06102533366,omid:br/06104547634,omid:br/06102533366
oci:06104547634-06170989541,omid:br/06104547634,omid:br/06170989541
oci:06104547634-06701021172,omid:br/06104547634,omid:br/06701021172
oci:06104547634-06701021604,omid:br/06104547634,omid:br/06701021604
oci:06104547634-061704015318,omid:br/06104547634,omid:br/061704015318
oci:06330278341-06901162454,omid:br/06330278341,omid:br/06901162454
oci:06330278341-06403909952,omid:br/06330278341,omid:br/06403909952
oci:06330278341-0620262921,omid:br/06330278341,omid:br/0620262921
oci:06330278341-06204178069,omid:br/06330278341,omid:br/06204178069
oci:06330278341-061303478211,omid:br/06330278341,omid:br/061303478211
oci:06330278341-0650851727,omid:br/06330278341,omid:br/0650851727
oci:061303990786-06460273057,omid:br/061303990786,omid:br/06460273057
oci:061303990786-06504555879,omid:br/061303990786,omid:br/06504555879
oci:06104547584-0637028633,omid:br/06104547584,omid:br/0637028633
oci:06104547584-06120482345,omid:br/06104547584,omid:br/06120482345
oci:06104547584-06701021478,omid:br/06104547584,omid:br/06701021478
oci:062604129604-06201156427,omid:br/062604129604,omid:br/06201156427
oci:062304108323-062303711582,omid:br/062304108323,omid:br/062303711582
oci:06440270572-061601793966,omid:br/06440270572,omid:br/061601793966
oci:06440270572-06160354211,omid:br/06440270572,omid:br/06160354211
oci:06440270572-06170349122,omid:br/06440270572,omid:br/06170349122
oci:06440270572-0615081076,omid:br/06440270572,omid:br/0615081076
oci:06440270572-0620351810,omid:br/06440270572,omid:br/0620351810
oci:061704015345-06603521064,omid:br/061704015345,omid:br/06603521064
oci:061803945759-061701504215,omid:br/061803945759,omid:br/061701504215
oci:061803945759-06240965021,omid:br/061803945759,omid:br/06240965021
oci:061803945759-06101005225,omid:br/061803945759,omid:br/06101005225
oci:061803945759-06220984036,omid:br/061803945759,omid:br/06220984036
oci:061803945759-06260900421,omid:br/061803945759,omid:br/06260900421
oci:06320265518-061901250177,omid:br/06320265518,omid:br/061901250177
oci:06320265518-061403711925,omid:br/06320265518,omid:br/061403711925
oci:06390281545-06480229023,omid:br/06390281545,omid:br/06480229023
oci:06390281545-06480228241,omid:br/06390281545,omid:br/06480228241
oci:06390281545-06480228205,omid:br/06390281545,omid:br/06480228205
oci:06390281545-06480228225,omid:br/06390281545,omid:br/06480228225
oci:06390281545-062603602490,omid:br/06390281545,omid:br/062603602490
oci:06390281545-06480229061,omid:br/06390281545,omid:br/06480229061
oci:06390281545-06804542933,omid:br/06390281545,omid:br/06804542933
oci:06480272878-06490355143,omid:br/06480272878,omid:br/06490355143
oci:06104547589-061503712408,omid:br/06104547589,omid:br/061503712408
oci:06104547589-06130813062,omid:br/06104547589,omid:br/06130813062
oci:06104547589-0620992244,omid:br/06104547589,omid:br/0620992244
oci:06530281240-06220882526,omid:br/06530281240,omid:br/06220882526
oci:0604643364-06240964410,omid:br/0604643364,omid:br/06240964410
oci:0604643364-062601166592,omid:br/0604643364,omid:br/062601166592
oci:0604643364-06160898327,omid:br/0604643364,omid:br/06160898327
oci:0604643364-06170900167,omid:br/0604643364,omid:br/06170900167
oci:0604643364-06250811453,omid:br/0604643364,omid:br/06250811453
oci:061303990716-06604141852,omid:br/061303990716,omid:br/06604141852
oci:061303990716-0642027650,omid:br/061303990716,omid:br/0642027650
oci:061303990716-062601166653,omid:br/061303990716,omid:br/062601166653
oci:061303990716-06480323691,omid:br/061303990716,omid:br/06480323691
oci:061303990716-062601525258,omid:br/061303990716,omid:br/062601525258
oci:061303990716-06804542933,omid:br/061303990716,omid:br/06804542933
oci:061303990716-06280287356,omid:br/061303990716,omid:br/06280287356
oci:06303992808-06302566592,omid:br/06303992808,omid:br/06302566592
oci:06303992808-062102041241,omid:br/06303992808,omid:br/062102041241
oci:06303992808-062504185246,omid:br/06303992808,omid:br/062504185246
oci:061303990806-061301242338,omid:br/061303990806,omid:br/061301242338
oci:061504005262-0619015403,omid:br/061504005262,omid:br/0619015403
oci:061504005262-06801650810,omid:br/061504005262,omid:br/06801650810
oci:061504005262-06701785325,omid:br/061504005262,omid:br/06701785325
oci:061504005262-061501152501,omid:br/061504005262,omid:br/061501152501
oci:061504005262-061301146046,omid:br/061504005262,omid:br/061301146046
oci:061504005262-06702400960,omid:br/061504005262,omid:br/06702400960
oci:061504005262-06601014159,omid:br/061504005262,omid:br/06601014159
oci:06360267028-061103322458,omid:br/06360267028,omid:br/061103322458
oci:06390281527-06260502715,omid:br/06390281527,omid:br/06260502715
oci:06390281527-061803665311,omid:br/06390281527,omid:br/061803665311
oci:06390281527-06601156625,omid:br/06390281527,omid:br/06601156625
oci:06390281527-061701225502,omid:br/06390281527,omid:br/061701225502
oci:06390281527-06501163666,omid:br/06390281527,omid:br/06501163666
oci:06390281527-06390282299,omid:br/06390281527,omid:br/06390282299
oci:062103564776-061702222974,omid:br/062103564776,omid:br/061702222974
oci:062103564776-06601157338,omid:br/062103564776,omid:br/06601157338
oci:062103564776-06601157534,omid:br/062103564776,omid:br/06601157534
oci:062103564776-06220592873,omid:br/062103564776,omid:br/06220592873
oci:062103564776-06501163568,omid:br/062103564776,omid:br/06501163568
oci:062103564776-061504007431,omid:br/062103564776,omid:br/061504007431
oci:06440269655-06401162089,omid:br/06440269655,omid:br/06401162089
oci:06440269655-06101214568,omid:br/06440269655,omid:br/06101214568
oci:06440269655-06101005393,omid:br/06440269655,omid:br/06101005393
oci:06440269655-06101165197,omid:br/06440269655,omid:br/06101165197
oci:06440269655-06801156716,omid:br/06440269655,omid:br/06801156716
oci:06440269655-06101005183,omid:br/06440269655,omid:br/06101005183
oci:06440269655-062501139007,omid:br/06440269655,omid:br/062501139007
oci:06440269655-0616075434,omid:br/06440269655,omid:br/0616075434
oci:06440269655-068078492,omid:br/06440269655,omid:br/068078492
oci:06440269655-06101165587,omid:br/06440269655,omid:br/06101165587
oci:06440269655-06801156730,omid:br/06440269655,omid:br/06801156730
oci:06440269655-0620992377,omid:br/06440269655,omid:br/0620992377
oci:06440269655-0620992151,omid:br/06440269655,omid:br/0620992151
oci:06440269655-06520268849,omid:br/06440269655,omid:br/06520268849
oci:06440269993-06801049186,omid:br/06440269993,omid:br/06801049186
oci:06440269993-06201103330,omid:br/06440269993,omid:br/06201103330
oci:06440269993-0640730539,omid:br/06440269993,omid:br/0640730539
oci:06440269993-062602443905,omid:br/06440269993,omid:br/062602443905
oci:06440269993-062102416099,omid:br/06440269993,omid:br/062102416099
oci:06104547612-06170422765,omid:br/06104547612,omid:br/06170422765
oci:06104547612-061802041976,omid:br/06104547612,omid:br/061802041976
oci:06104547612-061701209557,omid:br/06104547612,omid:br/061701209557
oci:061303990751-0650827289,omid:br/061303990751,omid:br/0650827289
oci:061303990751-06420276060,omid:br/061303990751,omid:br/06420276060
oci:06440270573-06380271413,omid:br/06440270573,omid:br/06380271413
oci:06380271160-06160961468,omid:br/06380271160,omid:br/06160961468
oci:06380271160-06360266964,omid:br/06380271160,omid:br/06360266964
oci:06380271160-06103865398,omid:br/06380271160,omid:br/06103865398
oci:06380271160-06701021765,omid:br/06380271160,omid:br/06701021765
oci:06380271160-06701021351,omid:br/06380271160,omid:br/06701021351
oci:0604004093-06190454627,omid:br/0604004093,omid:br/06190454627
oci:0604004093-061803516356,omid:br/0604004093,omid:br/061803516356
oci:0604004093-062303572521,omid:br/0604004093,omid:br/062303572521
oci:0604004093-06120482345,omid:br/0604004093,omid:br/06120482345
oci:0604004093-062103576236,omid:br/0604004093,omid:br/062103576236
oci:0604004093-0680718264,omid:br/0604004093,omid:br/0680718264
oci:0604004093-06250706647,omid:br/0604004093,omid:br/06250706647
oci:0604004093-06703133318,omid:br/0604004093,omid:br/06703133318
oci:0604004093-06150678403,omid:br/0604004093,omid:br/06150678403
oci:0604004093-06250706856,omid:br/0604004093,omid:br/06250706856
oci:0604004093-061101176088,omid:br/0604004093,omid:br/061101176088
oci:0604004093-061101176645,omid:br/0604004093,omid:br/061101176645
oci:0604004093-061101175756,omid:br/0604004093,omid:br/061101175756
oci:0604004093-06103773095,omid:br/0604004093,omid:br/06103773095
oci:0604004093-062501782393,omid:br/0604004093,omid:br/062501782393
oci:06450270485-061901026055,omid:br/06450270485,omid:br/061901026055
oci:0604032339-06704535364,omid:br/0604032339,omid:br/06704535364
oci:06804543073-062501826059,omid:br/06804543073,omid:br/062501826059
oci:06390282828-06420276317,omid:br/06390282828,omid:br/06420276317
oci:06390282828-06101224354,omid:br/06390282828,omid:br/06101224354
oci:06204545369-061201241451,omid:br/06204545369,omid:br/061201241451
oci:06204545369-06504142247,omid:br/06204545369,omid:br/06504142247
oci:0604006442-0650471765,omid:br/0604006442,omid:br/0650471765
oci:0604006442-06180452492,omid:br/0604006442,omid:br/06180452492
oci:0604006442-06110712384,omid:br/0604006442,omid:br/06110712384
oci:0604006442-0680718666,omid:br/0604006442,omid:br/0680718666
oci:0604006442-062403052477,omid:br/0604006442,omid:br/062403052477
oci:0604006442-06150992997,omid:br/0604006442,omid:br/06150992997
oci:0604006442-06440269274,omid:br/0604006442,omid:br/06440269274
oci:06480273264-06240964489,omid:br/06480273264,omid:br/06240964489
oci:06480273264-06240964390,omid:br/06480273264,omid:br/06240964390
oci:06480273264-06501163644,omid:br/06480273264,omid:br/06501163644
oci:0604019554-06240341785,omid:br/0604019554,omid:br/06240341785
oci:0604019554-062303339205,omid:br/0604019554,omid:br/062303339205
oci:0604019554-06260501626,omid:br/0604019554,omid:br/06260501626
oci:0604019554-062303338814,omid:br/0604019554,omid:br/062303338814
oci:0604019554-06110492986,omid:br/0604019554,omid:br/06110492986
oci:0604019554-06103773410,omid:br/0604019554,omid:br/06103773410
oci:0604019554-06140672166,omid:br/0604019554,omid:br/06140672166
oci:0604019554-06120667397,omid:br/0604019554,omid:br/06120667397
oci:0604019554-061202731903,omid:br/0604019554,omid:br/061202731903
oci:0604019554-06170348351,omid:br/0604019554,omid:br/06170348351
oci:0604019554-061202731629,omid:br/0604019554,omid:br/061202731629
oci:0604019554-06180354101,omid:br/0604019554,omid:br/06180354101
oci:0604019554-06120667743,omid:br/0604019554,omid:br/06120667743
oci:0604019554-06230360553,omid:br/0604019554,omid:br/06230360553
oci:0604019554-0690361570,omid:br/0604019554,omid:br/0690361570
oci:0604019554-0650351147,omid:br/0604019554,omid:br/0650351147
oci:0604019554-06260501624,omid:br/0604019554,omid:br/06260501624
oci:0604019554-06170349124,omid:br/0604019554,omid:br/06170349124
oci:0604019554-06170349122,omid:br/0604019554,omid:br/06170349122
oci:0604019554-0680362058,omid:br/0604019554,omid:br/0680362058
oci:0604019554-06180485615,omid:br/0604019554,omid:br/06180485615
oci:0604019554-0640355288,omid:br/0604019554,omid:br/0640355288
oci:0604019554-0617085828,omid:br/0604019554,omid:br/0617085828
oci:0604019554-0620351810,omid:br/0604019554,omid:br/0620351810
oci:0604019554-06220478808,omid:br/0604019554,omid:br/06220478808
oci:061604011183-06801156086,omid:br/061604011183,omid:br/06801156086
oci:061604011183-06901162140,omid:br/061604011183,omid:br/06901162140
oci:061604011183-06130986428,omid:br/061604011183,omid:br/06130986428
oci:061604011183-0610835777,omid:br/061604011183,omid:br/0610835777
oci:061604011183-061601506809,omid:br/061604011183,omid:br/061601506809
oci:061604011183-061303056809,omid:br/061604011183,omid:br/061303056809
oci:06304533091-061203972791,omid:br/06304533091,omid:br/061203972791
oci:06410278946-06601156571,omid:br/06410278946,omid:br/06601156571
oci:06270286331-061503535775,omid:br/06270286331,omid:br/061503535775
oci:06270286331-0634026923,omid:br/06270286331,omid:br/0634026923
oci:06270286331-06190268211,omid:br/06270286331,omid:br/06190268211
oci:06270286331-061203737153,omid:br/06270286331,omid:br/061203737153
oci:062604129814-061203092240,omid:br/062604129814,omid:br/061203092240
oci:062604129814-0630635824,omid:br/062604129814,omid:br/0630635824
oci:062604129814-0604838030,omid:br/062604129814,omid:br/0604838030
oci:062604129814-061801032376,omid:br/062604129814,omid:br/061801032376
oci:062604129814-06110807159,omid:br/062604129814,omid:br/06110807159
oci:062604129814-06804515633,omid:br/062604129814,omid:br/06804515633
oci:062604129814-06704488457,omid:br/062604129814,omid:br/06704488457
oci:062604129814-06704488419,omid:br/062604129814,omid:br/06704488419
oci:062604129814-06704488155,omid:br/062604129814,omid:br/06704488155
oci:062604129814-062303711629,omid:br/062604129814,omid:br/062303711629
oci:062604129814-06520268770,omid:br/062604129814,omid:br/06520268770
oci:062604129814-06520268769,omid:br/062604129814,omid:br/06520268769
oci:0604187689-06701146196,omid:br/0604187689,omid:br/06701146196
oci:0604187689-061702225899,omid:br/0604187689,omid:br/061702225899
oci:0604187689-06220882782,omid:br/0604187689,omid:br/06220882782
oci:0604187689-06104547472,omid:br/0604187689,omid:br/06104547472
oci:0604187689-06104547533,omid:br/0604187689,omid:br/06104547533
oci:062604129820-06250262887,omid:br/062604129820,omid:br/06250262887
oci:062604129820-06401033802,omid:br/062604129820,omid:br/06401033802
oci:062604129820-06703890989,omid:br/062604129820,omid:br/06703890989
oci:062604129820-06240936837,omid:br/062604129820,omid:br/06240936837
oci:06410278658-06304552400,omid:br/06410278658,omid:br/06304552400
oci:06104547283-06380271368,omid:br/06104547283,omid:br/06380271368
oci:06704514440-0670843254,omid:br/06704514440,omid:br/0670843254
oci:0604643356-0636027737,omid:br/0604643356,omid:br/0636027737
oci:062204095711-06101005110,omid:br/062204095711,omid:br/06101005110
oci:062204095711-062303710938,omid:br/062204095711,omid:br/062303710938
oci:062204095711-062403716451,omid:br/062204095711,omid:br/062403716451
oci:06530281650-0620991761,omid:br/06530281650,omid:br/0620991761
oci:06480272882-06701162076,omid:br/06480272882,omid:br/06701162076
oci:06480272882-06230976790,omid:br/06480272882,omid:br/06230976790
oci:06480272882-061701505513,omid:br/06480272882,omid:br/061701505513
oci:06480272882-06490355143,omid:br/06480272882,omid:br/06490355143
oci:06480272882-062904903,omid:br/06480272882,omid:br/062904903
oci:06480272882-0629052410,omid:br/06480272882,omid:br/0629052410
oci:06480272882-061801153051,omid:br/06480272882,omid:br/061801153051
oci:06330278055-061404006343,omid:br/06330278055,omid:br/061404006343
oci:06104547637-06130335890,omid:br/06104547637,omid:br/06130335890
oci:06104547637-062503106313,omid:br/06104547637,omid:br/062503106313
oci:06104547637-06103727309,omid:br/06104547637,omid:br/06103727309
oci:06104547637-0620439276,omid:br/06104547637,omid:br/0620439276
oci:06104547637-06130399239,omid:br/06104547637,omid:br/06130399239
oci:06104547637-062601041136,omid:br/06104547637,omid:br/062601041136
oci:06104547637-061102053277,omid:br/06104547637,omid:br/061102053277
oci:06104547637-06130399922,omid:br/06104547637,omid:br/06130399922
oci:06104547637-062203701585,omid:br/06104547637,omid:br/062203701585
oci:06904150915-06301152402,omid:br/06904150915,omid:br/06301152402
oci:06904150915-06601157352,omid:br/06904150915,omid:br/06601157352
oci:06904150915-063305041,omid:br/06904150915,omid:br/063305041
oci:06904150915-0670986163,omid:br/06904150915,omid:br/0670986163
oci:06904150915-062303710959,omid:br/06904150915,omid:br/062303710959
oci:06904150915-06401161828,omid:br/06904150915,omid:br/06401161828
oci:061604011503-06120335278,omid:br/061604011503,omid:br/06120335278
oci:061604011503-0650999462,omid:br/061604011503,omid:br/0650999462
oci:061604011503-06240865663,omid:br/061604011503,omid:br/06240865663
oci:061604011503-062102228019,omid:br/061604011503,omid:br/062102228019
oci:061604011503-062601005677,omid:br/061604011503,omid:br/062601005677
oci:061604011503-06404572680,omid:br/061604011503,omid:br/06404572680
oci:061604011503-062601166973,omid:br/061604011503,omid:br/062601166973
oci:061604011503-06904150915,omid:br/061604011503,omid:br/06904150915
oci:06340279834-06801192894,omid:br/06340279834,omid:br/06801192894
oci:062204095678-06140811509,omid:br/062204095678,omid:br/06140811509
oci:062204095678-06230976827,omid:br/062204095678,omid:br/06230976827
oci:062204095678-06404268272,omid:br/062204095678,omid:br/06404268272
oci:062204095678-061801153203,omid:br/062204095678,omid:br/061801153203
oci:062204095678-061801153266,omid:br/062204095678,omid:br/061801153266
oci:062204095678-062503868492,omid:br/062204095678,omid:br/062503868492
oci:061504005269-06250439525,omid:br/061504005269,omid:br/06250439525
oci:06530281640-06240660184,omid:br/06530281640,omid:br/06240660184
oci:06320264865-06301153138,omid:br/06320264865,omid:br/06301153138
oci:06320264865-06501163618,omid:br/06320264865,omid:br/06501163618
oci:06320264865-061303656249,omid:br/06320264865,omid:br/061303656249
oci:06320264865-06301152810,omid:br/06320264865,omid:br/06301152810
oci:06530281630-06370278132,omid:br/06530281630,omid:br/06370278132
oci:06420276350-0642027918,omid:br/06420276350,omid:br/0642027918
oci:06420276350-0647025063,omid:br/06420276350,omid:br/0647025063
oci:06420276350-0604006383,omid:br/06420276350,omid:br/0604006383
oci:06390281556-063305814,omid:br/06390281556,omid:br/063305814
oci:06390281556-06701146159,omid:br/06390281556,omid:br/06701146159
oci:06390281556-06804542933,omid:br/06390281556,omid:br/06804542933
oci:06390281556-06380271429,omid:br/06390281556,omid:br/06380271429
oci:06390281556-0604269585,omid:br/06390281556,omid:br/0604269585
oci:06390281556-0604269581,omid:br/06390281556,omid:br/0604269581
oci:06390281556-06380271443,omid:br/06390281556,omid:br/06380271443
oci:06390281556-06270286568,omid:br/06390281556,omid:br/06270286568
oci:06390281556-06804543280,omid:br/06390281556,omid:br/06804543280
oci:06380271638-06703133621,omid:br/06380271638,omid:br/06703133621
oci:06380271638-0637042274,omid:br/06380271638,omid:br/0637042274
oci:06380271638-06140775174,omid:br/06380271638,omid:br/06140775174
oci:06380271638-061103734133,omid:br/06380271638,omid:br/061103734133
oci:06380271638-06902733642,omid:br/06380271638,omid:br/06902733642
oci:06380271638-0634042659,omid:br/06380271638,omid:br/0634042659
oci:06380271638-06902733984,omid:br/06380271638,omid:br/06902733984
oci:06380271638-062201107043,omid:br/06380271638,omid:br/062201107043
oci:062104090456-06601157014,omid:br/062104090456,omid:br/06601157014
oci:062104090456-06201156427,omid:br/062104090456,omid:br/06201156427
oci:062104090456-06401161638,omid:br/062104090456,omid:br/06401161638
oci:062104090456-062403042236,omid:br/062104090456,omid:br/062403042236
oci:062104090456-06201156876,omid:br/062104090456,omid:br/06201156876
oci:062104090456-062504112550,omid:br/062104090456,omid:br/062504112550
oci:06410278988-06270286537,omid:br/06410278988,omid:br/06270286537
oci:06410278988-06370277752,omid:br/06410278988,omid:br/06370277752
oci:061204011602-062103687801,omid:br/061204011602,omid:br/062103687801
oci:061204011602-06201156397,omid:br/061204011602,omid:br/06201156397
oci:0604643428-062503699529,omid:br/0604643428,omid:br/062503699529
oci:0604643428-0690723184,omid:br/0604643428,omid:br/0690723184
oci:0604643428-0639069116,omid:br/0604643428,omid:br/0639069116
oci:0604643428-06802422289,omid:br/0604643428,omid:br/06802422289
oci:0604643428-06150896971,omid:br/0604643428,omid:br/06150896971
oci:0604643428-06250875212,omid:br/0604643428,omid:br/06250875212
oci:0604643428-06104613715,omid:br/0604643428,omid:br/06104613715
oci:0604643428-062601167007,omid:br/0604643428,omid:br/062601167007
oci:0604643428-06202421510,omid:br/0604643428,omid:br/06202421510
oci:0604643428-06701021172,omid:br/0604643428,omid:br/06701021172
oci:0604643428-06110711956,omid:br/0604643428,omid:br/06110711956
oci:0604643428-06801156066,omid:br/0604643428,omid:br/06801156066
oci:0604643428-06104547525,omid:br/0604643428,omid:br/06104547525
oci:0604643428-06104547492,omid:br/0604643428,omid:br/06104547492
oci:06530281208-061901026113,omid:br/06530281208,omid:br/061901026113
oci:06530281208-06601157014,omid:br/06530281208,omid:br/06601157014
oci:06530281208-06170408802,omid:br/06530281208,omid:br/06170408802
oci:06530281208-06404134145,omid:br/06530281208,omid:br/06404134145
oci:06530281208-06903733130,omid:br/06530281208,omid:br/06903733130
oci:06530281208-061301642309,omid:br/06530281208,omid:br/061301642309
oci:06530281208-06210878389,omid:br/06530281208,omid:br/06210878389
oci:06530281208-061404028675,omid:br/06530281208,omid:br/061404028675
oci:06530281208-06130479321,omid:br/06530281208,omid:br/06130479321
oci:06530281208-06410278974,omid:br/06530281208,omid:br/06410278974
oci:062604129900-06401161959,omid:br/062604129900,omid:br/06401161959
oci:062604129900-062501138639,omid:br/062604129900,omid:br/062501138639
oci:06704514217-061401767849,omid:br/06704514217,omid:br/061401767849
oci:06704514217-06120856473,omid:br/06704514217,omid:br/06120856473
oci:06704514217-062401771261,omid:br/06704514217,omid:br/062401771261
oci:06704514217-0630994729,omid:br/06704514217,omid:br/0630994729
oci:06280288090-062101605143,omid:br/06280288090,omid:br/062101605143
oci:06280288090-06701021765,omid:br/06280288090,omid:br/06701021765
oci:06280288090-062602252251,omid:br/06280288090,omid:br/062602252251
oci:06280288090-06701021822,omid:br/06280288090,omid:br/06701021822
oci:06280288090-06530281126,omid:br/06280288090,omid:br/06530281126
oci:06280288090-062203566835,omid:br/06280288090,omid:br/062203566835
oci:06280288090-06340279508,omid:br/06280288090,omid:br/06340279508
oci:06280288090-06480273579,omid:br/06280288090,omid:br/06480273579
oci:06280288090-06390281658,omid:br/06280288090,omid:br/06390281658
oci:06280288090-06480305770,omid:br/06280288090,omid:br/06480305770
oci:06280288090-061201475759,omid:br/06280288090,omid:br/061201475759
oci:062304108275-06403526160,omid:br/062304108275,omid:br/06403526160
oci:062304108275-06803513952,omid:br/062304108275,omid:br/06803513952
oci:062304108275-0620105900,omid:br/062304108275,omid:br/0620105900
oci:062304108275-0620105799,omid:br/062304108275,omid:br/0620105799
oci:06290277813-06350236902,omid:br/06290277813,omid:br/06350236902
oci:06290277813-062401123924,omid:br/06290277813,omid:br/062401123924
oci:06290277813-062401123928,omid:br/06290277813,omid:br/062401123928
oci:06290277813-06280287356,omid:br/06290277813,omid:br/06280287356
oci:06410278595-061403273378,omid:br/06410278595,omid:br/061403273378
oci:06410278595-061403273998,omid:br/06410278595,omid:br/061403273998
oci:06410278595-062601605952,omid:br/06410278595,omid:br/062601605952
oci:06410278595-06303469810,omid:br/06410278595,omid:br/06303469810
oci:06410278595-06303469845,omid:br/06410278595,omid:br/06303469845
oci:06410278595-061203566814,omid:br/06410278595,omid:br/061203566814
oci:06410278595-062601605924,omid:br/06410278595,omid:br/062601605924
oci:06410278595-0604838052,omid:br/06410278595,omid:br/0604838052
oci:06410278595-06250355615,omid:br/06410278595,omid:br/06250355615
oci:06410278595-06303469764,omid:br/06410278595,omid:br/06303469764
oci:06370278099-06390281570,omid:br/06370278099,omid:br/06390281570
oci:06370278099-062203701353,omid:br/06370278099,omid:br/062203701353
oci:06370278099-06220882829,omid:br/06370278099,omid:br/06220882829
oci:06370278099-061104136087,omid:br/06370278099,omid:br/061104136087
oci:06370278099-06220882762,omid:br/06370278099,omid:br/06220882762
oci:06370278099-06210877969,omid:br/06370278099,omid:br/06210877969
oci:06370278099-06601157454,omid:br/06370278099,omid:br/06601157454
oci:06370278099-06104197195,omid:br/06370278099,omid:br/06104197195
oci:06370278099-061104136088,omid:br/06370278099,omid:br/061104136088
oci:06370278099-06201156057,omid:br/06370278099,omid:br/06201156057
oci:06370278099-062303711621,omid:br/06370278099,omid:br/062303711621
oci:06370278099-06320265052,omid:br/06370278099,omid:br/06320265052
oci:06370278099-06270286560,omid:br/06370278099,omid:br/06270286560
oci:06370278099-062504112626,omid:br/06370278099,omid:br/062504112626
oci:06370278099-062604129519,omid:br/06370278099,omid:br/062604129519
oci:06370278099-062604130230,omid:br/06370278099,omid:br/062604130230
oci:06370278099-06104547522,omid:br/06370278099,omid:br/06104547522
oci:06380271565-06240964390,omid:br/06380271565,omid:br/06240964390
oci:06380271565-06220882239,omid:br/06380271565,omid:br/06220882239
oci:06380271565-061703599198,omid:br/06380271565,omid:br/061703599198
oci:06380271565-06250874559,omid:br/06380271565,omid:br/06250874559
oci:06380271565-062501138576,omid:br/06380271565,omid:br/062501138576
oci:06390282767-0630354976,omid:br/06390282767,omid:br/0630354976
oci:06390282767-06504134898,omid:br/06390282767,omid:br/06504134898
oci:06390282767-0634027044,omid:br/06390282767,omid:br/0634027044
oci:06390282767-061103070225,omid:br/06390282767,omid:br/061103070225
oci:06390282767-06504134897,omid:br/06390282767,omid:br/06504134897
oci:06390282767-06504134899,omid:br/06390282767,omid:br/06504134899
oci:06390282767-061201165310,omid:br/06390282767,omid:br/061201165310
oci:06390282767-06301214919,omid:br/06390282767,omid:br/06301214919
oci:06330278046-061503713252,omid:br/06330278046,omid:br/061503713252
oci:06330278046-0630484887,omid:br/06330278046,omid:br/0630484887
oci:06330278046-0660906625,omid:br/06330278046,omid:br/0660906625
oci:06330278046-061403041587,omid:br/06330278046,omid:br/061403041587
oci:06390281495-06240348146,omid:br/06390281495,omid:br/06240348146
oci:061104148486-06260502715,omid:br/061104148486,omid:br/06260502715
oci:061104148486-06601156625,omid:br/061104148486,omid:br/06601156625
oci:061104148486-06230489978,omid:br/061104148486,omid:br/06230489978
oci:06404556016-06901260565,omid:br/06404556016,omid:br/06901260565
oci:06404556016-06903739148,omid:br/06404556016,omid:br/06903739148
oci:06404556016-0630994290,omid:br/06404556016,omid:br/0630994290
oci:06404556016-06903739014,omid:br/06404556016,omid:br/06903739014
oci:06404556016-06260899860,omid:br/06404556016,omid:br/06260899860
oci:06404556016-061303703402,omid:br/06404556016,omid:br/061303703402
oci:06404556016-06901162107,omid:br/06404556016,omid:br/06901162107
oci:06404556016-0640353821,omid:br/06404556016,omid:br/0640353821
oci:06404556016-0650827084,omid:br/06404556016,omid:br/0650827084
oci:06404556016-0631067564,omid:br/06404556016,omid:br/0631067564
oci:06404556016-061503712408,omid:br/06404556016,omid:br/061503712408
oci:062504112322-061203642950,omid:br/062504112322,omid:br/061203642950
oci:062504112322-062202093316,omid:br/062504112322,omid:br/062202093316
oci:06104547621-06704487892,omid:br/06104547621,omid:br/06704487892
oci:06104547621-063905472,omid:br/06104547621,omid:br/063905472
oci:06904150861-06103742491,omid:br/06904150861,omid:br/06103742491
oci:06420276255-06230771614,omid:br/06420276255,omid:br/06230771614
oci:06420276255-06110815385,omid:br/06420276255,omid:br/06110815385
oci:06420276255-061901250087,omid:br/06420276255,omid:br/061901250087
oci:06420276255-06210978653,omid:br/06420276255,omid:br/06210978653
oci:06420276255-06601032681,omid:br/06420276255,omid:br/06601032681
oci:06420276255-06410278624,omid:br/06420276255,omid:br/06410278624
oci:06420276255-061704015117,omid:br/06420276255,omid:br/061704015117
oci:06420276255-061801152953,omid:br/06420276255,omid:br/061801152953
oci:06504555717-061201082238,omid:br/06504555717,omid:br/061201082238
oci:06504555717-06104481712,omid:br/06504555717,omid:br/06104481712
oci:06320265292-0620991608,omid:br/06320265292,omid:br/0620991608
oci:06320265292-06701021591,omid:br/06320265292,omid:br/06701021591
oci:06390282771-062303339164,omid:br/06390282771,omid:br/062303339164
oci:06390282771-062303338417,omid:br/06390282771,omid:br/062303338417
oci:06390282771-061502429627,omid:br/06390282771,omid:br/061502429627
oci:06390282771-06702831417,omid:br/06390282771,omid:br/06702831417
oci:06390282771-0641051884,omid:br/06390282771,omid:br/0641051884
oci:06390282771-06150216811,omid:br/06390282771,omid:br/06150216811
oci:06604539851-06240866389,omid:br/06604539851,omid:br/06240866389
oci:06604539851-06230976764,omid:br/06604539851,omid:br/06230976764
oci:06803992823-06230976828,omid:br/06803992823,omid:br/06230976828
oci:06803992823-0620991897,omid:br/06803992823,omid:br/0620991897
oci:06803992823-06320264835,omid:br/06803992823,omid:br/06320264835
oci:06420276060-06160870532,omid:br/06420276060,omid:br/06160870532
oci:06304533487-0604314201,omid:br/06304533487,omid:br/0604314201
oci:06304533487-06701021282,omid:br/06304533487,omid:br/06701021282
oci:06304533487-06504575555,omid:br/06304533487,omid:br/06504575555
oci:06404555356-061203712648,omid:br/06404555356,omid:br/061203712648
oci:06404555356-062103553360,omid:br/06404555356,omid:br/062103553360
oci:06404555356-06160990338,omid:br/06404555356,omid:br/06160990338
oci:06404555356-06403527013,omid:br/06404555356,omid:br/06403527013
oci:06404555356-0670712160,omid:br/06404555356,omid:br/0670712160
oci:06404555356-0670712346,omid:br/06404555356,omid:br/0670712346
oci:06404555356-06704003034,omid:br/06404555356,omid:br/06704003034
oci:06404555356-06403526211,omid:br/06404555356,omid:br/06403526211
oci:06504555648-06203920218,omid:br/06504555648,omid:br/06203920218
oci:06504555648-06101224228,omid:br/06504555648,omid:br/06101224228
oci:06904150397-06170989675,omid:br/06904150397,omid:br/06170989675
oci:06104547555-061702757055,omid:br/06104547555,omid:br/061702757055
oci:06104547555-0604838028,omid:br/06104547555,omid:br/0604838028
oci:06104547555-061801152973,omid:br/06104547555,omid:br/061801152973
oci:06104547555-0640848748,omid:br/06104547555,omid:br/0640848748
oci:06104547555-06404268272,omid:br/06104547555,omid:br/06404268272
oci:06104547555-0604838029,omid:br/06104547555,omid:br/0604838029
oci:06104547555-06504142247,omid:br/06104547555,omid:br/06504142247
oci:06104547555-062101273754,omid:br/06104547555,omid:br/062101273754
oci:0604004079-061102726308,omid:br/0604004079,omid:br/061102726308
oci:0604004079-0640848144,omid:br/0604004079,omid:br/0640848144
oci:0604004079-0650851728,omid:br/0604004079,omid:br/0650851728
oci:0604004079-061403725205,omid:br/0604004079,omid:br/061403725205
oci:0604004079-0643069756,omid:br/0604004079,omid:br/0643069756
oci:0604004079-061403725304,omid:br/0604004079,omid:br/061403725304
oci:0604004079-06902733480,omid:br/0604004079,omid:br/06902733480
oci:0604004079-06203920445,omid:br/0604004079,omid:br/06203920445
oci:0604004079-06130812907,omid:br/0604004079,omid:br/06130812907
oci:0604004079-0636027793,omid:br/0604004079,omid:br/0636027793
oci:0604004079-0650851216,omid:br/0604004079,omid:br/0650851216
oci:0604004079-062503506486,omid:br/0604004079,omid:br/062503506486
oci:0604004079-062202428925,omid:br/0604004079,omid:br/062202428925
oci:0604004079-061604011220,omid:br/0604004079,omid:br/061604011220
oci:06504555666-06250349480,omid:br/06504555666,omid:br/06250349480
oci:06504555666-062303339164,omid:br/06504555666,omid:br/062303339164
oci:06504555666-06103772931,omid:br/06504555666,omid:br/06103772931
oci:06504555666-0690723067,omid:br/06504555666,omid:br/0690723067
oci:06504555666-0660717246,omid:br/06504555666,omid:br/0660717246
oci:06504555666-0610446350,omid:br/06504555666,omid:br/0610446350
oci:06320264873-06701021179,omid:br/06320264873,omid:br/06701021179
oci:06320264873-06380271278,omid:br/06320264873,omid:br/06380271278
oci:06320264873-06390282313,omid:br/06320264873,omid:br/06390282313
oci:06320264873-06280287354,omid:br/06320264873,omid:br/06280287354
oci:06320264873-062104090365,omid:br/06320264873,omid:br/062104090365
oci:06320264873-06390281606,omid:br/06320264873,omid:br/06390281606
oci:06320264873-062404026245,omid:br/06320264873,omid:br/062404026245
oci:06320264873-06410278948,omid:br/06320264873,omid:br/06410278948
oci:06320264873-06904150917,omid:br/06320264873,omid:br/06904150917
oci:06320264873-06904150857,omid:br/06320264873,omid:br/06904150857
oci:06320264873-062604130246,omid:br/06320264873,omid:br/062604130246
oci:06380270775-06704003034,omid:br/06380270775,omid:br/06704003034
oci:06380270775-061703047819,omid:br/06380270775,omid:br/061703047819
oci:06380270775-062402427141,omid:br/06380270775,omid:br/062402427141
oci:06380270775-0604838025,omid:br/06380270775,omid:br/0604838025
oci:06370278117-061802421092,omid:br/06370278117,omid:br/061802421092
oci:061604011470-061701789508,omid:br/061604011470,omid:br/061701789508
oci:061604011470-062201772924,omid:br/061604011470,omid:br/062201772924
oci:061604011470-061401766629,omid:br/061604011470,omid:br/061401766629
oci:061604011470-061203712200,omid:br/061604011470,omid:br/061203712200
oci:061704015329-0636027737,omid:br/061704015329,omid:br/0636027737
oci:061704015329-06801156860,omid:br/061704015329,omid:br/06801156860
oci:061704015329-06130409437,omid:br/061704015329,omid:br/06130409437
oci:061704015329-06230880393,omid:br/061704015329,omid:br/06230880393
oci:061704015329-062602901803,omid:br/061704015329,omid:br/062602901803
oci:061704015329-062602901798,omid:br/061704015329,omid:br/062602901798
oci:06310271810-06180485615,omid:br/06310271810,omid:br/06180485615
oci:061204011810-0643026704,omid:br/061204011810,omid:br/0643026704
oci:061204011810-062302041422,omid:br/061204011810,omid:br/062302041422
oci:061204011810-0604187708,omid:br/061204011810,omid:br/0604187708
oci:061204011810-06340279472,omid:br/061204011810,omid:br/06340279472
oci:06270286369-0650827289,omid:br/06270286369,omid:br/0650827289
oci:06270286369-0620992157,omid:br/06270286369,omid:br/0620992157
oci:06270286369-06420276060,omid:br/06270286369,omid:br/06420276060
oci:06204545296-061701209826,omid:br/06204545296,omid:br/061701209826
oci:06204545296-06230976763,omid:br/06204545296,omid:br/06230976763
oci:06204545296-06220882670,omid:br/06204545296,omid:br/06220882670
oci:06204545296-06101166096,omid:br/06204545296,omid:br/06101166096
oci:06204545296-0604006383,omid:br/06204545296,omid:br/0604006383
oci:06204545296-06280288071,omid:br/06204545296,omid:br/06280288071
oci:06204545296-06440270578,omid:br/06204545296,omid:br/06440270578
oci:0604187661-061702201882,omid:br/0604187661,omid:br/061702201882
oci:0604187661-062604068565,omid:br/0604187661,omid:br/062604068565
oci:061904099528-0604618246,omid:br/061904099528,omid:br/0604618246
oci:061904099528-06270285977,omid:br/061904099528,omid:br/06270285977
oci:061904099528-06501163568,omid:br/061904099528,omid:br/06501163568
oci:061904099528-06701021349,omid:br/061904099528,omid:br/06701021349
oci:061904099528-0628050093,omid:br/061904099528,omid:br/0628050093
oci:061904099528-061801153148,omid:br/061904099528,omid:br/061801153148
oci:061704015186-064101341,omid:br/061704015186,omid:br/064101341
oci:061704015186-062601811545,omid:br/061704015186,omid:br/062601811545
oci:061704015186-06203920855,omid:br/061704015186,omid:br/06203920855
oci:061704015186-06120808295,omid:br/061704015186,omid:br/06120808295
oci:061704015186-061303703811,omid:br/061704015186,omid:br/061303703811
oci:061704015186-06220983446,omid:br/061704015186,omid:br/06220983446
oci:061704015186-06604142099,omid:br/061704015186,omid:br/06604142099
oci:061704015186-06301026598,omid:br/061704015186,omid:br/06301026598
oci:061704015186-06401033427,omid:br/061704015186,omid:br/06401033427
oci:061704015186-062501663988,omid:br/061704015186,omid:br/062501663988
oci:06380271645-062102120788,omid:br/06380271645,omid:br/062102120788
oci:06380271645-06701021576,omid:br/06380271645,omid:br/06701021576
oci:06380271645-061101176035,omid:br/06380271645,omid:br/061101176035
oci:06380271645-061803499715,omid:br/06380271645,omid:br/061803499715
oci:06380271645-061101176311,omid:br/06380271645,omid:br/061101176311
oci:06380271645-061803499695,omid:br/06380271645,omid:br/061803499695
oci:06380271645-061603510179,omid:br/06380271645,omid:br/061603510179
oci:06380271645-06250347445,omid:br/06380271645,omid:br/06250347445
oci:06304533114-061902884038,omid:br/06304533114,omid:br/061902884038
oci:06304533114-0604838057,omid:br/06304533114,omid:br/0604838057
oci:06304533114-061802188115,omid:br/06304533114,omid:br/061802188115
oci:0604187685-06301072995,omid:br/0604187685,omid:br/06301072995
oci:0604187685-061802138221,omid:br/0604187685,omid:br/061802138221
oci:0604187685-0604838035,omid:br/0604187685,omid:br/0604838035
oci:06440269957-061403720826,omid:br/06440269957,omid:br/061403720826
oci:06440269957-062402684251,omid:br/06440269957,omid:br/062402684251
oci:06440269957-06240348714,omid:br/06440269957,omid:br/06240348714
oci:06440269957-061502697823,omid:br/06440269957,omid:br/061502697823
oci:06440269957-061302685863,omid:br/06440269957,omid:br/061302685863
oci:06440269957-061901373496,omid:br/06440269957,omid:br/061901373496
oci:06440269957-06203110247,omid:br/06440269957,omid:br/06203110247
oci:06440269957-0610782673,omid:br/06440269957,omid:br/0610782673
oci:06320265197-06170480302,omid:br/06320265197,omid:br/06170480302
oci:062104090371-06503487277,omid:br/062104090371,omid:br/06503487277
oci:062104090371-061503059978,omid:br/062104090371,omid:br/061503059978
oci:062104090371-0650357201,omid:br/062104090371,omid:br/0650357201
oci:062104090371-06110712040,omid:br/062104090371,omid:br/06110712040
oci:062104090371-06250482169,omid:br/062104090371,omid:br/06250482169
oci:062104090371-0640487635,omid:br/062104090371,omid:br/0640487635
oci:062104090371-06110712469,omid:br/062104090371,omid:br/06110712469
oci:062104090371-0670712313,omid:br/062104090371,omid:br/0670712313
oci:062104090371-06110712367,omid:br/062104090371,omid:br/06110712367
oci:062104090371-0680718576,omid:br/062104090371,omid:br/0680718576
oci:062104090371-061403484276,omid:br/062104090371,omid:br/061403484276
oci:062104090371-0690722880,omid:br/062104090371,omid:br/0690722880
oci:062104090371-06703453503,omid:br/062104090371,omid:br/06703453503
oci:062104090371-0660486871,omid:br/062104090371,omid:br/0660486871
oci:062104090371-0670712472,omid:br/062104090371,omid:br/0670712472
oci:062104090371-061103804235,omid:br/062104090371,omid:br/061103804235
oci:062104090371-06120703077,omid:br/062104090371,omid:br/06120703077
oci:062104090371-06120702892,omid:br/062104090371,omid:br/06120702892
oci:062104090371-06240476889,omid:br/062104090371,omid:br/06240476889
oci:062104090371-0690722913,omid:br/062104090371,omid:br/0690722913
oci:062104090371-06110712759,omid:br/062104090371,omid:br/06110712759
oci:062104090371-061103804368,omid:br/062104090371,omid:br/061103804368
oci:062104090371-061103804369,omid:br/062104090371,omid:br/061103804369
oci:062104090371-06803908033,omid:br/062104090371,omid:br/06803908033
oci:062104090371-06120702703,omid:br/062104090371,omid:br/06120702703
oci:062104090371-0690723425,omid:br/062104090371,omid:br/0690723425
oci:062104090371-061201165526,omid:br/062104090371,omid:br/061201165526
oci:062404117337-06701021450,omid:br/062404117337,omid:br/06701021450
oci:062404117337-0604618307,omid:br/062404117337,omid:br/0604618307
oci:061604011474-061201241311,omid:br/061604011474,omid:br/061201241311
oci:061604011474-062501138646,omid:br/061604011474,omid:br/062501138646
oci:061604011474-06230771099,omid:br/061604011474,omid:br/06230771099
oci:06410278613-06220983267,omid:br/06410278613,omid:br/06220983267
oci:06410278613-061801153051,omid:br/06410278613,omid:br/061801153051
oci:06410278613-06490355143,omid:br/06410278613,omid:br/06490355143
oci:06410278613-06101224354,omid:br/06410278613,omid:br/06101224354
oci:0604294417-06901260179,omid:br/0604294417,omid:br/06901260179
oci:0604294417-06901260578,omid:br/0604294417,omid:br/06901260578
oci:0604294417-061401232852,omid:br/0604294417,omid:br/061401232852
oci:0604294417-06403481706,omid:br/0604294417,omid:br/06403481706
oci:0604294417-06201375891,omid:br/0604294417,omid:br/06201375891
oci:0604294417-06260881330,omid:br/0604294417,omid:br/06260881330
oci:0604294417-06260503702,omid:br/0604294417,omid:br/06260503702
oci:0604294417-062601166815,omid:br/0604294417,omid:br/062601166815
oci:0604294417-0637028882,omid:br/0604294417,omid:br/0637028882
oci:0604294417-06101136769,omid:br/0604294417,omid:br/06101136769
oci:0604294417-062501138567,omid:br/0604294417,omid:br/062501138567
oci:0604294417-062303711018,omid:br/0604294417,omid:br/062303711018
oci:0604294417-06401162051,omid:br/0604294417,omid:br/06401162051
oci:0604294417-06240866507,omid:br/0604294417,omid:br/06240866507
oci:0604294417-062601166637,omid:br/0604294417,omid:br/062601166637
oci:0604294417-061403736841,omid:br/0604294417,omid:br/061403736841
oci:0604294417-062303711585,omid:br/0604294417,omid:br/062303711585
oci:0604294417-0680718248,omid:br/0604294417,omid:br/0680718248
oci:0604294417-061803570399,omid:br/0604294417,omid:br/061803570399
oci:0604294417-062602901801,omid:br/0604294417,omid:br/062602901801
oci:06530281238-061501211411,omid:br/06530281238,omid:br/061501211411
oci:06530281238-0636027817,omid:br/06530281238,omid:br/0636027817
oci:06530281238-06601156878,omid:br/06530281238,omid:br/06601156878
oci:06530281238-06401161872,omid:br/06530281238,omid:br/06401161872
oci:06530281238-06390281570,omid:br/06530281238,omid:br/06390281570
oci:06530281238-06320265052,omid:br/06530281238,omid:br/06320265052
oci:06530281189-06240964799,omid:br/06530281189,omid:br/06240964799
oci:06530281189-061404028668,omid:br/06530281189,omid:br/061404028668
oci:06530281189-061404028669,omid:br/06530281189,omid:br/061404028669
oci:06530281189-061404028670,omid:br/06530281189,omid:br/061404028670
oci:06530281189-061404028671,omid:br/06530281189,omid:br/061404028671
oci:06530281189-061404028672,omid:br/06530281189,omid:br/061404028672
oci:06530281189-062303711577,omid:br/06530281189,omid:br/062303711577
oci:06530281189-061404028673,omid:br/06530281189,omid:br/061404028673
oci:06530281189-06703458825,omid:br/06530281189,omid:br/06703458825
oci:06530281189-0630624184,omid:br/06530281189,omid:br/0630624184
oci:06204545527-062103327230,omid:br/06204545527,omid:br/062103327230
oci:06204545527-0660622321,omid:br/06204545527,omid:br/0660622321
oci:06204545527-06260455567,omid:br/06204545527,omid:br/06260455567
oci:06204545527-061102749072,omid:br/06204545527,omid:br/061102749072
oci:06204545527-06902758007,omid:br/06204545527,omid:br/06902758007
oci:06204545527-061501152229,omid:br/06204545527,omid:br/061501152229
oci:06204545527-062502699791,omid:br/06204545527,omid:br/062502699791
oci:061404006422-0604838055,omid:br/061404006422,omid:br/0604838055
oci:06310271829-06904150703,omid:br/06310271829,omid:br/06904150703
oci:06204545506-06301277002,omid:br/06204545506,omid:br/06301277002
oci:06204545506-062202116223,omid:br/06204545506,omid:br/062202116223
oci:06204545506-06120916171,omid:br/06204545506,omid:br/06120916171
oci:06204545506-06130276056,omid:br/06204545506,omid:br/06130276056
oci:06204545506-06902149439,omid:br/06204545506,omid:br/06902149439
oci:06204545284-0670895500,omid:br/06204545284,omid:br/0670895500
oci:06204545284-06701021791,omid:br/06204545284,omid:br/06701021791
oci:06204545284-061201082016,omid:br/06204545284,omid:br/061201082016
oci:06204545284-062202428460,omid:br/06204545284,omid:br/062202428460
oci:06390281570-061401232861,omid:br/06390281570,omid:br/061401232861
oci:06390281570-06601157014,omid:br/06390281570,omid:br/06601157014
oci:06390281570-06220882762,omid:br/06390281570,omid:br/06220882762
oci:06390281570-062601006042,omid:br/06390281570,omid:br/062601006042
oci:06390281570-06201156876,omid:br/06390281570,omid:br/06201156876
oci:06390281570-06220882829,omid:br/06390281570,omid:br/06220882829
oci:06390281570-06601157454,omid:br/06390281570,omid:br/06601157454
oci:06390281570-0637028620,omid:br/06390281570,omid:br/0637028620
oci:06390281570-06220983994,omid:br/06390281570,omid:br/06220983994
oci:06390281570-062504112626,omid:br/06390281570,omid:br/062504112626
oci:06390281570-06320265052,omid:br/06390281570,omid:br/06320265052
oci:06390281570-06280288269,omid:br/06390281570,omid:br/06280288269
oci:06390281570-06104547522,omid:br/06390281570,omid:br/06104547522
oci:062403584117-062501497675,omid:br/062403584117,omid:br/062501497675
oci:062403584117-062501138636,omid:br/062403584117,omid:br/062501138636
oci:062403584117-06403909510,omid:br/062403584117,omid:br/06403909510
oci:062403584117-06410278953,omid:br/062403584117,omid:br/06410278953
oci:06404556008-06110712708,omid:br/06404556008,omid:br/06110712708
oci:06404556008-0680717873,omid:br/06404556008,omid:br/0680717873
oci:06404556008-062403716233,omid:br/06404556008,omid:br/062403716233
oci:06404556008-06140169259,omid:br/06404556008,omid:br/06140169259
oci:06404556008-06801156968,omid:br/06404556008,omid:br/06801156968
oci:06404556008-062601005445,omid:br/06404556008,omid:br/062601005445
oci:06404556008-06420337139,omid:br/06404556008,omid:br/06420337139
oci:06404556008-06420337140,omid:br/06404556008,omid:br/06420337140
oci:06404555939-06150534100,omid:br/06404555939,omid:br/06150534100
oci:06404555939-061803748426,omid:br/06404555939,omid:br/061803748426
oci:06410279022-06240260117,omid:br/06410279022,omid:br/06240260117
oci:06410279022-06180266943,omid:br/06410279022,omid:br/06180266943
oci:06430272206-06160488716,omid:br/06430272206,omid:br/06160488716
oci:06430272206-062303339198,omid:br/06430272206,omid:br/062303339198
oci:06280287602-06701569282,omid:br/06280287602,omid:br/06701569282
oci:06280287602-061102005724,omid:br/06280287602,omid:br/061102005724
oci:06280287602-06120860388,omid:br/06280287602,omid:br/06120860388
oci:06280287602-061104148737,omid:br/06280287602,omid:br/061104148737
oci:06280287602-06490275811,omid:br/06280287602,omid:br/06490275811
oci:06330278375-061901505559,omid:br/06330278375,omid:br/061901505559
oci:06330278375-06250874895,omid:br/06330278375,omid:br/06250874895
oci:06330278375-06301214987,omid:br/06330278375,omid:br/06301214987
oci:06330278375-062103089561,omid:br/06330278375,omid:br/062103089561
oci:06330278375-06801156147,omid:br/06330278375,omid:br/06801156147
oci:06330278375-06401162128,omid:br/06330278375,omid:br/06401162128
oci:06330278375-06101165838,omid:br/06330278375,omid:br/06101165838
oci:06330278375-06140814355,omid:br/06330278375,omid:br/06140814355
oci:06204545348-0620992540,omid:br/06204545348,omid:br/0620992540
oci:06204545348-06250978998,omid:br/06204545348,omid:br/06250978998
oci:06450270464-06604142099,omid:br/06450270464,omid:br/06604142099
oci:06450270464-061301573479,omid:br/06450270464,omid:br/061301573479
oci:06450270464-06380271605,omid:br/06450270464,omid:br/06380271605
oci:06450270464-06320264668,omid:br/06450270464,omid:br/06320264668
oci:06450270464-0620262532,omid:br/06450270464,omid:br/0620262532
oci:06450270464-061902884294,omid:br/06450270464,omid:br/061902884294
oci:06450270464-06604493931,omid:br/06450270464,omid:br/06604493931
oci:06450270464-062104053781,omid:br/06450270464,omid:br/062104053781
oci:06450270464-062104053910,omid:br/06450270464,omid:br/062104053910
oci:06450270464-0628050094,omid:br/06450270464,omid:br/0628050094
oci:061904099587-06330278426,omid:br/061904099587,omid:br/06330278426
oci:061904099587-062501015690,omid:br/061904099587,omid:br/062501015690
oci:06410277586-061403961088,omid:br/06410277586,omid:br/061403961088
oci:06410277586-06360267026,omid:br/06410277586,omid:br/06360267026
oci:06104547554-061303471464,omid:br/06104547554,omid:br/061303471464
oci:06430272028-0642028010,omid:br/06430272028,omid:br/0642028010
oci:06430272028-061701576555,omid:br/06430272028,omid:br/061701576555
oci:06430272028-061403700646,omid:br/06430272028,omid:br/061403700646
oci:06430272028-06804542926,omid:br/06430272028,omid:br/06804542926
oci:0604643365-06240865636,omid:br/0604643365,omid:br/06240865636
oci:0604643365-06250978322,omid:br/0604643365,omid:br/06250978322
oci:0604643365-06250978317,omid:br/0604643365,omid:br/06250978317
oci:0604643365-062103687780,omid:br/0604643365,omid:br/062103687780
oci:0604643365-06380271460,omid:br/0604643365,omid:br/06380271460
oci:06404556007-06170955606,omid:br/06404556007,omid:br/06170955606
oci:06404556007-06901162467,omid:br/06404556007,omid:br/06901162467
oci:06404556007-061703954306,omid:br/06404556007,omid:br/061703954306
oci:0604314192-061801241142,omid:br/0604314192,omid:br/061801241142
oci:0604314192-061801240933,omid:br/0604314192,omid:br/061801240933
oci:061904099567-061801241142,omid:br/061904099567,omid:br/061801241142
oci:061904099567-06903737231,omid:br/061904099567,omid:br/06903737231
oci:061904099567-06401033918,omid:br/061904099567,omid:br/06401033918
oci:061904099567-06101005046,omid:br/061904099567,omid:br/06101005046
oci:061904099567-0690834446,omid:br/061904099567,omid:br/0690834446
oci:061904099567-06130813031,omid:br/061904099567,omid:br/06130813031
oci:061904099567-0630262941,omid:br/061904099567,omid:br/0630262941
oci:061904099567-062604129774,omid:br/061904099567,omid:br/062604129774
oci:061904099567-06701021121,omid:br/061904099567,omid:br/06701021121
oci:061904099567-06490275544,omid:br/061904099567,omid:br/06490275544
oci:061904099567-06701021388,omid:br/061904099567,omid:br/06701021388
oci:061303990798-06903111216,omid:br/061303990798,omid:br/06903111216
oci:061303990798-061501295273,omid:br/061303990798,omid:br/061501295273
oci:06280287571-06260855562,omid:br/06280287571,omid:br/06260855562
oci:06280287571-06201375766,omid:br/06280287571,omid:br/06201375766
oci:06280287571-06140101772,omid:br/06280287571,omid:br/06140101772
oci:0604004055-063902210,omid:br/0604004055,omid:br/063902210
oci:0604004055-06704488105,omid:br/0604004055,omid:br/06704488105
oci:0604004055-06360267319,omid:br/0604004055,omid:br/06360267319
oci:0604004055-06404555400,omid:br/0604004055,omid:br/06404555400
oci:0604004055-061104148721,omid:br/0604004055,omid:br/061104148721
oci:06204545311-06403909510,omid:br/06204545311,omid:br/06403909510
oci:06204545311-06140811509,omid:br/06204545311,omid:br/06140811509
oci:06320264913-06601202113,omid:br/06320264913,omid:br/06601202113
oci:06320264913-06480273579,omid:br/06320264913,omid:br/06480273579
oci:06430272216-06403909545,omid:br/06430272216,omid:br/06403909545
oci:06430272216-06503922133,omid:br/06430272216,omid:br/06503922133
oci:06430272216-06203920419,omid:br/06430272216,omid:br/06203920419
oci:06430272216-06201215165,omid:br/06430272216,omid:br/06201215165
oci:06430272216-0604838019,omid:br/06430272216,omid:br/0604838019
oci:06340279830-061801805167,omid:br/06340279830,omid:br/061801805167
oci:06340279830-06601032362,omid:br/06340279830,omid:br/06601032362
oci:06340279830-06902859271,omid:br/06340279830,omid:br/06902859271
oci:06340279830-06701021139,omid:br/06340279830,omid:br/06701021139
oci:06340279830-06250832132,omid:br/06340279830,omid:br/06250832132
oci:06340279830-06601032579,omid:br/06340279830,omid:br/06601032579
oci:06340279830-062201142502,omid:br/06340279830,omid:br/062201142502
oci:06340279830-062503017424,omid:br/06340279830,omid:br/062503017424
oci:06340279830-06240683045,omid:br/06340279830,omid:br/06240683045
oci:06340279830-061202721205,omid:br/06340279830,omid:br/061202721205
oci:06340279830-06603492228,omid:br/06340279830,omid:br/06603492228
oci:06340279830-061801805309,omid:br/06340279830,omid:br/061801805309
oci:06340279830-06240682848,omid:br/06340279830,omid:br/06240682848
oci:06340279830-061501152463,omid:br/06340279830,omid:br/061501152463
oci:06340279830-062401158498,omid:br/06340279830,omid:br/062401158498
oci:06340279830-06601032429,omid:br/06340279830,omid:br/06601032429
oci:06340279830-061902757471,omid:br/06340279830,omid:br/061902757471
oci:06340279830-06210978462,omid:br/06340279830,omid:br/06210978462
oci:06340279830-061701152612,omid:br/06340279830,omid:br/061701152612
oci:06340279830-06601032363,omid:br/06340279830,omid:br/06601032363
oci:06340279830-06601032358,omid:br/06340279830,omid:br/06601032358
oci:06340279830-061301146314,omid:br/06340279830,omid:br/061301146314
oci:06350270481-061703538449,omid:br/06350270481,omid:br/061703538449
oci:06350270481-06901162362,omid:br/06350270481,omid:br/06901162362
oci:0604040933-06703151503,omid:br/0604040933,omid:br/06703151503
oci:0604040933-06220758887,omid:br/0604040933,omid:br/06220758887
oci:0604040933-06380271605,omid:br/0604040933,omid:br/06380271605
oci:06320265580-06101005077,omid:br/06320265580,omid:br/06101005077
oci:06320265580-0604838045,omid:br/06320265580,omid:br/0604838045
oci:06320265580-06410278610,omid:br/06320265580,omid:br/06410278610
oci:06280288053-0690881473,omid:br/06280288053,omid:br/0690881473
oci:06280288053-061303478453,omid:br/06280288053,omid:br/061303478453
oci:06280288053-062203701117,omid:br/06280288053,omid:br/062203701117
oci:06280288053-061404009045,omid:br/06280288053,omid:br/061404009045
oci:06280288053-06604539714,omid:br/06280288053,omid:br/06604539714
oci:06280288053-06390281529,omid:br/06280288053,omid:br/06390281529
oci:06320264661-06240965275,omid:br/06320264661,omid:br/06240965275
oci:06320264661-06230977273,omid:br/06320264661,omid:br/06230977273
oci:06320264661-06140813949,omid:br/06320264661,omid:br/06140813949
oci:06320264661-06270286540,omid:br/06320264661,omid:br/06270286540
oci:06320264661-061504005820,omid:br/06320264661,omid:br/061504005820
oci:06320264661-06104547456,omid:br/06320264661,omid:br/06104547456
oci:061604011239-062203505662,omid:br/061604011239,omid:br/062203505662
oci:0604314124-061802098533,omid:br/0604314124,omid:br/061802098533
oci:0604314124-062104064762,omid:br/0604314124,omid:br/062104064762
oci:0604314124-06240865851,omid:br/0604314124,omid:br/06240865851
oci:0604314124-0627025422,omid:br/0604314124,omid:br/0627025422
oci:061503587333-06490355143,omid:br/061503587333,omid:br/06490355143
oci:06390282819-062401107626,omid:br/06390282819,omid:br/062401107626
oci:06390281536-06210815961,omid:br/06390281536,omid:br/06210815961
oci:06390281536-06210860765,omid:br/06390281536,omid:br/06210860765
oci:06390281536-06160714854,omid:br/06390281536,omid:br/06160714854
oci:06390281536-06230881154,omid:br/06390281536,omid:br/06230881154
oci:06390281536-06210354373,omid:br/06390281536,omid:br/06210354373
oci:06390281536-062401001642,omid:br/06390281536,omid:br/062401001642
oci:06390281536-06601157014,omid:br/06390281536,omid:br/06601157014
oci:061704015402-0604838020,omid:br/061704015402,omid:br/0604838020
oci:061704015402-06601214836,omid:br/061704015402,omid:br/06601214836
oci:061704015402-062401181483,omid:br/061704015402,omid:br/062401181483
oci:06204546058-0620991986,omid:br/06204546058,omid:br/0620991986
oci:06204546058-06803484485,omid:br/06204546058,omid:br/06803484485
oci:06204546058-061801001529,omid:br/06204546058,omid:br/061801001529
oci:06204546058-06301581053,omid:br/06204546058,omid:br/06301581053
oci:06204546058-06130668609,omid:br/06204546058,omid:br/06130668609
oci:06204546058-06230491821,omid:br/06204546058,omid:br/06230491821
oci:06204546058-06230491968,omid:br/06204546058,omid:br/06230491968
oci:06204546058-061101176182,omid:br/06204546058,omid:br/061101176182
oci:06204546058-06802849355,omid:br/06204546058,omid:br/06802849355
oci:06204546058-061501739539,omid:br/06204546058,omid:br/061501739539
oci:0604187627-06250352095,omid:br/0604187627,omid:br/06250352095
oci:0604187627-06190358132,omid:br/0604187627,omid:br/06190358132
oci:0604187627-06704108740,omid:br/0604187627,omid:br/06704108740
oci:0604187627-06130668393,omid:br/0604187627,omid:br/06130668393
oci:0604187627-06404134010,omid:br/0604187627,omid:br/06404134010
oci:0604187627-06240865657,omid:br/0604187627,omid:br/06240865657
oci:0604187627-06201156876,omid:br/0604187627,omid:br/06201156876
oci:0604187627-06603475071,omid:br/0604187627,omid:br/06603475071
oci:06504555670-06104574034,omid:br/06504555670,omid:br/06104574034
oci:06504555670-062601692000,omid:br/06504555670,omid:br/062601692000
oci:06504555670-06902620422,omid:br/06504555670,omid:br/06902620422
oci:06480272850-061803857444,omid:br/06480272850,omid:br/061803857444
oci:06480272850-06160266093,omid:br/06480272850,omid:br/06160266093
oci:06480272850-0640169977,omid:br/06480272850,omid:br/0640169977
oci:06480272850-062101274432,omid:br/06480272850,omid:br/062101274432
oci:06204545562-0610607997,omid:br/06204545562,omid:br/0610607997
oci:06450270408-061901250052,omid:br/06450270408,omid:br/061901250052
oci:06450270408-06140811509,omid:br/06450270408,omid:br/06140811509
oci:06450270408-06101004910,omid:br/06450270408,omid:br/06101004910
oci:06450270408-062503868492,omid:br/06450270408,omid:br/062503868492
oci:06450270408-06220882409,omid:br/06450270408,omid:br/06220882409
oci:062104090391-0604187684,omid:br/062104090391,omid:br/0604187684
oci:062104090391-062504112473,omid:br/062104090391,omid:br/062504112473
oci:062104090391-0604119273,omid:br/062104090391,omid:br/0604119273
oci:062104090391-062404117151,omid:br/062104090391,omid:br/062404117151
oci:062104090391-06370277711,omid:br/062104090391,omid:br/06370277711
oci:06430272040-0604536682,omid:br/06430272040,omid:br/0604536682
oci:06430272040-061704015368,omid:br/06430272040,omid:br/061704015368
oci:06430272040-0604643421,omid:br/06430272040,omid:br/0604643421
oci:06430272040-06360266971,omid:br/06430272040,omid:br/06360266971
oci:06430272040-06240937275,omid:br/06430272040,omid:br/06240937275
oci:061904099580-061103321727,omid:br/061904099580,omid:br/061103321727
oci:061904099580-062202428179,omid:br/061904099580,omid:br/062202428179
oci:061904099580-061103322458,omid:br/061904099580,omid:br/061103322458
oci:061904099580-0630197266,omid:br/061904099580,omid:br/0630197266
oci:061904099580-061902884327,omid:br/061904099580,omid:br/061902884327
oci:061904099580-061303094758,omid:br/061904099580,omid:br/061303094758
oci:061904099580-06303527032,omid:br/061904099580,omid:br/06303527032
oci:061904099580-0690216955,omid:br/061904099580,omid:br/0690216955
oci:061904099580-0680212585,omid:br/061904099580,omid:br/0680212585
oci:061904099580-06110900744,omid:br/061904099580,omid:br/06110900744
oci:06304533153-061503970857,omid:br/06304533153,omid:br/061503970857
oci:06304533153-06250874748,omid:br/06304533153,omid:br/06250874748
oci:06304533153-061801153009,omid:br/06304533153,omid:br/061801153009
oci:06304533153-06901162499,omid:br/06304533153,omid:br/06901162499
oci:06604539889-06220349024,omid:br/06604539889,omid:br/06220349024
oci:06604539889-06150993160,omid:br/06604539889,omid:br/06150993160
oci:06604539889-0690723227,omid:br/06604539889,omid:br/0690723227
oci:06604539889-061103804190,omid:br/06604539889,omid:br/061103804190
oci:06604539889-061103804236,omid:br/06604539889,omid:br/061103804236
oci:06604539889-06260900013,omid:br/06604539889,omid:br/06260900013
oci:06604539889-06801156747,omid:br/06604539889,omid:br/06801156747
oci:06604539889-061102726612,omid:br/06604539889,omid:br/061102726612
oci:06604539889-06801157040,omid:br/06604539889,omid:br/06801157040
oci:06604539889-06260899940,omid:br/06604539889,omid:br/06260899940
oci:06604539889-062103576236,omid:br/06604539889,omid:br/062103576236
oci:06604539889-0680900359,omid:br/06604539889,omid:br/0680900359
oci:06604539889-0610835614,omid:br/06604539889,omid:br/0610835614
oci:06604539889-062303572521,omid:br/06604539889,omid:br/062303572521
oci:06204545363-06230976969,omid:br/06204545363,omid:br/06230976969
oci:06204545363-06230976971,omid:br/06204545363,omid:br/06230976971
oci:06204545363-06404313674,omid:br/06204545363,omid:br/06404313674
oci:06204545363-06101004863,omid:br/06204545363,omid:br/06101004863
oci:06204545363-06101004949,omid:br/06204545363,omid:br/06101004949
oci:06204545363-06101004702,omid:br/06204545363,omid:br/06101004702
oci:06204545363-06230977076,omid:br/06204545363,omid:br/06230977076
oci:06204545363-06240757372,omid:br/06204545363,omid:br/06240757372
oci:06204545363-06230976828,omid:br/06204545363,omid:br/06230976828
oci:06204545363-06230977039,omid:br/06204545363,omid:br/06230977039
oci:06204545363-06230977050,omid:br/06204545363,omid:br/06230977050
oci:06204545363-06101004727,omid:br/06204545363,omid:br/06101004727
oci:06204545363-0620992364,omid:br/06204545363,omid:br/0620992364
oci:06204545363-06101004741,omid:br/06204545363,omid:br/06101004741
oci:06204545363-06230977049,omid:br/06204545363,omid:br/06230977049
oci:06204545363-06140811516,omid:br/06204545363,omid:br/06140811516
oci:06204545363-06101004952,omid:br/06204545363,omid:br/06101004952
oci:06204545363-062301144356,omid:br/06204545363,omid:br/062301144356
oci:061904099594-0604314140,omid:br/061904099594,omid:br/0604314140
oci:061904099594-06202840410,omid:br/061904099594,omid:br/06202840410
oci:061904099594-061801153101,omid:br/061904099594,omid:br/061801153101
oci:061904099594-062201143131,omid:br/061904099594,omid:br/062201143131
oci:06104007887-06220814710,omid:br/06104007887,omid:br/06220814710
oci:06704514498-0620991878,omid:br/06704514498,omid:br/0620991878
oci:06704514498-06210979240,omid:br/06704514498,omid:br/06210979240
oci:06704514498-06404549206,omid:br/06704514498,omid:br/06404549206
oci:06704514498-06120977977,omid:br/06704514498,omid:br/06120977977
oci:06704514498-06120978003,omid:br/06704514498,omid:br/06120978003
oci:06304533165-062403716172,omid:br/06304533165,omid:br/062403716172
oci:06304533165-06704263713,omid:br/06304533165,omid:br/06704263713
oci:06304533165-06802549402,omid:br/06304533165,omid:br/06802549402
oci:06304533165-0610551863,omid:br/06304533165,omid:br/0610551863
oci:06304533165-0690999352,omid:br/06304533165,omid:br/0690999352
oci:061504005229-062501303512,omid:br/061504005229,omid:br/062501303512
oci:06320264888-06510219045,omid:br/06320264888,omid:br/06510219045
oci:06320264888-06390281299,omid:br/06320264888,omid:br/06390281299
oci:06320264888-06904150641,omid:br/06320264888,omid:br/06904150641
oci:06440270000-06601157344,omid:br/06440270000,omid:br/06601157344
oci:06440270000-061303478211,omid:br/06440270000,omid:br/061303478211
oci:06440270000-062401182026,omid:br/06440270000,omid:br/062401182026
oci:06204545367-061303471464,omid:br/06204545367,omid:br/061303471464
oci:06204545367-06104547554,omid:br/06204545367,omid:br/06104547554
oci:06904150869-0690881819,omid:br/06904150869,omid:br/0690881819
oci:06904150869-06120885024,omid:br/06904150869,omid:br/06120885024
oci:06904150869-06101165278,omid:br/06904150869,omid:br/06101165278
oci:06904150869-06160898269,omid:br/06904150869,omid:br/06160898269
oci:06904150869-06104570084,omid:br/06904150869,omid:br/06104570084
oci:06904150869-062403052477,omid:br/06904150869,omid:br/062403052477
oci:06904150869-061201811933,omid:br/06904150869,omid:br/061201811933
oci:06520268848-0690882177,omid:br/06520268848,omid:br/0690882177
oci:06520268848-06110868867,omid:br/06520268848,omid:br/06110868867
oci:06520268848-06604142006,omid:br/06520268848,omid:br/06604142006
oci:06520268848-061601211846,omid:br/06520268848,omid:br/061601211846
oci:06520268848-062601226539,omid:br/06520268848,omid:br/062601226539
oci:06520268848-0603988581,omid:br/06520268848,omid:br/0603988581
oci:06520268848-06501163429,omid:br/06520268848,omid:br/06501163429
oci:06520268848-06220882362,omid:br/06520268848,omid:br/06220882362
oci:06520268848-06520241104,omid:br/06520268848,omid:br/06520241104
oci:06520268848-061701209560,omid:br/06520268848,omid:br/061701209560
oci:06520268848-061303990733,omid:br/06520268848,omid:br/061303990733
oci:06520268848-061104148753,omid:br/06520268848,omid:br/061104148753
oci:06520268848-06370277715,omid:br/06520268848,omid:br/06370277715
oci:06320265158-06240423349,omid:br/06320265158,omid:br/06240423349
oci:06360266973-062102431202,omid:br/06360266973,omid:br/062102431202
oci:06904150919-061104094645,omid:br/06904150919,omid:br/061104094645
oci:06904150919-06201573076,omid:br/06904150919,omid:br/06201573076
oci:06904150919-06220882647,omid:br/06904150919,omid:br/06220882647
oci:06904150919-0639027157,omid:br/06904150919,omid:br/0639027157
oci:06904150919-06101585956,omid:br/06904150919,omid:br/06101585956
oci:061103587805-06230976828,omid:br/061103587805,omid:br/06230976828
oci:061103587805-061901026055,omid:br/061103587805,omid:br/061901026055
oci:061103587805-06401161515,omid:br/061103587805,omid:br/06401161515
oci:061103587805-06101166096,omid:br/061103587805,omid:br/06101166096
oci:061103587805-062201605917,omid:br/061103587805,omid:br/062201605917
oci:061103587805-061802212430,omid:br/061103587805,omid:br/061802212430
oci:061103587805-062604129880,omid:br/061103587805,omid:br/062604129880
oci:06330278347-062601166823,omid:br/06330278347,omid:br/062601166823
oci:06330278347-0640848891,omid:br/06330278347,omid:br/0640848891
oci:06330278347-06303729689,omid:br/06330278347,omid:br/06303729689
oci:06330278347-0670843254,omid:br/06330278347,omid:br/0670843254
oci:0604314195-062303338365,omid:br/0604314195,omid:br/062303338365
oci:0604314195-061103512275,omid:br/0604314195,omid:br/061103512275
oci:06380271608-06902775133,omid:br/06380271608,omid:br/06902775133
oci:06380271608-0604838059,omid:br/06380271608,omid:br/0604838059
oci:06380271608-062502740460,omid:br/06380271608,omid:br/062502740460
oci:06380271608-06101165136,omid:br/06380271608,omid:br/06101165136
oci:06380271608-0620846179,omid:br/06380271608,omid:br/0620846179
oci:06380271608-06390282425,omid:br/06380271608,omid:br/06390282425
oci:06330278334-061503712408,omid:br/06330278334,omid:br/061503712408
oci:06330278334-061801153014,omid:br/06330278334,omid:br/061801153014
oci:06330278334-06101165159,omid:br/06330278334,omid:br/06101165159
oci:06330278334-061801152994,omid:br/06330278334,omid:br/061801152994
oci:06330278334-0616075792,omid:br/06330278334,omid:br/0616075792
oci:06330278334-06901517588,omid:br/06330278334,omid:br/06901517588
oci:06330278334-062402121434,omid:br/06330278334,omid:br/062402121434
oci:06330278334-06701504694,omid:br/06330278334,omid:br/06701504694
oci:06330278334-062601166670,omid:br/06330278334,omid:br/062601166670
oci:062304108587-061302039525,omid:br/062304108587,omid:br/061302039525
oci:06390281529-06201156122,omid:br/06390281529,omid:br/06201156122
oci:06390281529-0690881473,omid:br/06390281529,omid:br/0690881473
oci:06390281529-061104113847,omid:br/06390281529,omid:br/061104113847
oci:06390281529-062301145145,omid:br/06390281529,omid:br/062301145145
oci:06390281529-061104113848,omid:br/06390281529,omid:br/061104113848
oci:06390281529-061104113849,omid:br/06390281529,omid:br/061104113849
oci:06390281529-062203701117,omid:br/06390281529,omid:br/062203701117
oci:06390281529-061104113850,omid:br/06390281529,omid:br/061104113850
oci:06390281529-061104113851,omid:br/06390281529,omid:br/061104113851
oci:06390281529-061104113852,omid:br/06390281529,omid:br/061104113852
oci:06390281529-06310271713,omid:br/06390281529,omid:br/06310271713
oci:06390281529-06604539714,omid:br/06390281529,omid:br/06604539714
oci:06430271489-062102869700,omid:br/06430271489,omid:br/062102869700
oci:06390281532-0604838020,omid:br/06390281532,omid:br/0604838020
oci:06390281532-0647025041,omid:br/06390281532,omid:br/0647025041
oci:06390281532-06104547477,omid:br/06390281532,omid:br/06104547477
oci:06390281532-062202428460,omid:br/06390281532,omid:br/062202428460
oci:06530281204-06140671575,omid:br/06530281204,omid:br/06140671575
oci:06530281204-061201165246,omid:br/06530281204,omid:br/061201165246
oci:06370278103-061104136089,omid:br/06370278103,omid:br/061104136089
oci:06370278103-06220882829,omid:br/06370278103,omid:br/06220882829
oci:06370278103-06210877969,omid:br/06370278103,omid:br/06210877969
oci:06370278103-06240866489,omid:br/06370278103,omid:br/06240866489
oci:06370278103-062303711621,omid:br/06370278103,omid:br/062303711621
oci:06370278103-062601005692,omid:br/06370278103,omid:br/062601005692
oci:06370278103-06260900388,omid:br/06370278103,omid:br/06260900388
oci:06370278103-062601005510,omid:br/06370278103,omid:br/062601005510
oci:06370278103-06220882762,omid:br/06370278103,omid:br/06220882762
oci:06370278103-06250874532,omid:br/06370278103,omid:br/06250874532
oci:06370278103-061104136088,omid:br/06370278103,omid:br/061104136088
oci:06370278103-06390281570,omid:br/06370278103,omid:br/06390281570
oci:06370278103-06430272482,omid:br/06370278103,omid:br/06430272482
oci:06520268770-061103707384,omid:br/06520268770,omid:br/061103707384
oci:06520268770-06390282425,omid:br/06520268770,omid:br/06390282425
oci:06420276217-06260281090,omid:br/06420276217,omid:br/06260281090
oci:06420276217-06110815399,omid:br/06420276217,omid:br/06110815399
oci:06704514429-0610857535,omid:br/06704514429,omid:br/0610857535
oci:06704514429-06701021450,omid:br/06704514429,omid:br/06701021450
oci:06410278962-06601202113,omid:br/06410278962,omid:br/06601202113
oci:06410278962-06480229072,omid:br/06410278962,omid:br/06480229072
oci:06410278962-06201575066,omid:br/06410278962,omid:br/06201575066
oci:06410278962-061703094445,omid:br/06410278962,omid:br/061703094445
oci:061303990749-06704002877,omid:br/061303990749,omid:br/06704002877
oci:061303990749-06190699503,omid:br/061303990749,omid:br/06190699503
oci:061303990749-06230698123,omid:br/061303990749,omid:br/06230698123
oci:061303990749-06190933394,omid:br/061303990749,omid:br/06190933394
oci:06330278342-0690364634,omid:br/06330278342,omid:br/0690364634
oci:06330278342-06703900306,omid:br/06330278342,omid:br/06703900306
oci:06330278342-06302418873,omid:br/06330278342,omid:br/06302418873
oci:06390282794-06390282799,omid:br/06390282794,omid:br/06390282799
oci:061704015331-061101638292,omid:br/061704015331,omid:br/061101638292
oci:061704015331-06701146197,omid:br/061704015331,omid:br/06701146197
oci:061704015331-062601166765,omid:br/061704015331,omid:br/062601166765
oci:061704015331-06240865636,omid:br/061704015331,omid:br/06240865636
oci:061704015331-062301145062,omid:br/061704015331,omid:br/062301145062
oci:061704015331-062603888163,omid:br/061704015331,omid:br/062603888163
oci:061704015331-06401161946,omid:br/061704015331,omid:br/06401161946
oci:06280287517-061301242785,omid:br/06280287517,omid:br/061301242785
oci:06280287517-0649026057,omid:br/06280287517,omid:br/0649026057
oci:06450270449-06220983454,omid:br/06450270449,omid:br/06220983454
oci:06450270449-06101004684,omid:br/06450270449,omid:br/06101004684
oci:06450270449-06210979025,omid:br/06450270449,omid:br/06210979025
oci:06450270449-0604040910,omid:br/06450270449,omid:br/0604040910
oci:06450270449-06101380873,omid:br/06450270449,omid:br/06101380873
oci:06450270449-0620351274,omid:br/06450270449,omid:br/0620351274
oci:06450270449-06110358270,omid:br/06450270449,omid:br/06110358270
oci:06450270449-06701021139,omid:br/06450270449,omid:br/06701021139
oci:06450270449-06701021141,omid:br/06450270449,omid:br/06701021141
oci:06450270449-0621089165,omid:br/06450270449,omid:br/0621089165
oci:06450270449-0610835822,omid:br/06450270449,omid:br/0610835822
oci:06450270449-067089696,omid:br/06450270449,omid:br/067089696
oci:06450270449-0660717672,omid:br/06450270449,omid:br/0660717672
oci:06450270449-0660717505,omid:br/06450270449,omid:br/0660717505
oci:06360267202-06370277703,omid:br/06360267202,omid:br/06370277703
oci:06104547616-0604643354,omid:br/06104547616,omid:br/0604643354
oci:061904099555-061401232793,omid:br/061904099555,omid:br/061401232793
oci:061904099555-0610857141,omid:br/061904099555,omid:br/0610857141
oci:061904099555-0620262529,omid:br/061904099555,omid:br/0620262529
oci:061904099555-06403730753,omid:br/061904099555,omid:br/06403730753
oci:061904099555-061103322352,omid:br/061904099555,omid:br/061103322352
oci:062104090372-06301152400,omid:br/062104090372,omid:br/06301152400
oci:062104090372-062303710961,omid:br/062104090372,omid:br/062303710961
oci:062104090372-06201156569,omid:br/062104090372,omid:br/06201156569
oci:062104090372-06230880591,omid:br/062104090372,omid:br/06230880591
oci:062104090372-062602162675,omid:br/062104090372,omid:br/062602162675
oci:062104090372-0604119273,omid:br/062104090372,omid:br/0604119273
oci:062104090372-06380148086,omid:br/062104090372,omid:br/06380148086
oci:062104090372-06380271403,omid:br/062104090372,omid:br/06380271403
oci:06430272037-0616082830,omid:br/06430272037,omid:br/0616082830
oci:06430272037-06101165716,omid:br/06430272037,omid:br/06101165716
oci:06430272037-06250707179,omid:br/06430272037,omid:br/06250707179
oci:0604040919-0604618239,omid:br/0604040919,omid:br/0604618239
oci:0604040919-06504555497,omid:br/0604040919,omid:br/06504555497
oci:0604040919-0604004020,omid:br/0604040919,omid:br/0604004020
oci:06360267035-062403629793,omid:br/06360267035,omid:br/062403629793
oci:06360267035-06360267326,omid:br/06360267035,omid:br/06360267326
oci:06360267022-0640474628,omid:br/06360267022,omid:br/0640474628
oci:06360267022-062504142900,omid:br/06360267022,omid:br/062504142900
oci:06360267022-06210472067,omid:br/06360267022,omid:br/06210472067
oci:0604006438-061301242400,omid:br/0604006438,omid:br/061301242400
oci:0604006438-061503710159,omid:br/0604006438,omid:br/061503710159
oci:0604006438-062403629221,omid:br/0604006438,omid:br/062403629221
oci:0604006438-0647025056,omid:br/0604006438,omid:br/0647025056
oci:0604006438-06270286525,omid:br/0604006438,omid:br/06270286525
oci:06303993131-062403716331,omid:br/06303993131,omid:br/062403716331
oci:06303993131-0604040882,omid:br/06303993131,omid:br/0604040882
oci:06330278097-062503715321,omid:br/06330278097,omid:br/062503715321
oci:06330278097-0633028054,omid:br/06330278097,omid:br/0633028054
oci:06330278097-06150730999,omid:br/06330278097,omid:br/06150730999
oci:06504555646-061801153241,omid:br/06504555646,omid:br/061801153241
oci:06360267006-06603168659,omid:br/06360267006,omid:br/06603168659
oci:06360267006-061403291821,omid:br/06360267006,omid:br/061403291821
oci:06360267006-0650851189,omid:br/06360267006,omid:br/0650851189
oci:06360267006-06104197394,omid:br/06360267006,omid:br/06104197394
oci:06410278966-06170391079,omid:br/06410278966,omid:br/06170391079
oci:06410278966-061403736176,omid:br/06410278966,omid:br/061403736176
oci:06410278966-0690881469,omid:br/06410278966,omid:br/0690881469
oci:06410278966-06101721650,omid:br/06410278966,omid:br/06101721650
oci:06410278966-0690856135,omid:br/06410278966,omid:br/0690856135
oci:06410278966-062404077220,omid:br/06410278966,omid:br/062404077220
oci:06410278966-06201156192,omid:br/06410278966,omid:br/06201156192
oci:06440269202-06301276881,omid:br/06440269202,omid:br/06301276881
oci:06440269202-06180880316,omid:br/06440269202,omid:br/06180880316
oci:06440269202-062402702341,omid:br/06440269202,omid:br/062402702341
oci:06320264921-06190454306,omid:br/06320264921,omid:br/06190454306
oci:06320264921-061901025881,omid:br/06320264921,omid:br/061901025881
oci:06320264921-061803719936,omid:br/06320264921,omid:br/061803719936
oci:06320264921-0690723184,omid:br/06320264921,omid:br/0690723184
oci:06320264921-0604838074,omid:br/06320264921,omid:br/0604838074
oci:06280288071-063704447,omid:br/06280288071,omid:br/063704447
oci:06280288071-062601226539,omid:br/06280288071,omid:br/062601226539
oci:06280288071-061403710177,omid:br/06280288071,omid:br/061403710177
oci:06280288071-06101165935,omid:br/06280288071,omid:br/06101165935
oci:06280288071-062303711042,omid:br/06280288071,omid:br/062303711042
oci:06280288071-06260280482,omid:br/06280288071,omid:br/06260280482
oci:06280288071-06260900159,omid:br/06280288071,omid:br/06260900159
oci:06280288071-06260900040,omid:br/06280288071,omid:br/06260900040
oci:06280288071-06260900143,omid:br/06280288071,omid:br/06260900143
oci:06280288071-0620991874,omid:br/06280288071,omid:br/0620991874
oci:06280288071-06601215691,omid:br/06280288071,omid:br/06601215691
oci:06280288071-06101165594,omid:br/06280288071,omid:br/06101165594
oci:06280288071-06260899859,omid:br/06280288071,omid:br/06260899859
oci:06280288071-063604673,omid:br/06280288071,omid:br/063604673
oci:06280288071-061604011534,omid:br/06280288071,omid:br/061604011534
oci:0604004052-061801152994,omid:br/0604004052,omid:br/061801152994
oci:06604539812-0604643397,omid:br/06604539812,omid:br/0604643397
oci:062104090423-0630206252,omid:br/062104090423,omid:br/0630206252
oci:062104090423-06170482804,omid:br/062104090423,omid:br/06170482804
oci:062104090423-06160858092,omid:br/062104090423,omid:br/06160858092
oci:06203998669-06120800959,omid:br/06203998669,omid:br/06120800959
oci:06203998669-0604838083,omid:br/06203998669,omid:br/0604838083
oci:06203998669-062201605105,omid:br/06203998669,omid:br/062201605105
oci:06203998669-061704015316,omid:br/06203998669,omid:br/061704015316
oci:0604040961-0604838068,omid:br/0604040961,omid:br/0604838068
oci:0604040961-0604838069,omid:br/0604040961,omid:br/0604838069
oci:0604040961-062404117312,omid:br/0604040961,omid:br/062404117312
oci:06320264907-06120262101,omid:br/06320264907,omid:br/06120262101
oci:06320264907-06301214270,omid:br/06320264907,omid:br/06301214270
oci:06320264861-06501163300,omid:br/06320264861,omid:br/06501163300
oci:06320264861-0653025749,omid:br/06320264861,omid:br/0653025749
oci:06320264861-06401161887,omid:br/06320264861,omid:br/06401161887
oci:06320264861-0638027167,omid:br/06320264861,omid:br/0638027167
oci:06320264861-0635027356,omid:br/06320264861,omid:br/0635027356
oci:06320264861-0637028603,omid:br/06320264861,omid:br/0637028603
oci:06320264861-062504112322,omid:br/06320264861,omid:br/062504112322
oci:06480272852-062601005296,omid:br/06480272852,omid:br/062601005296
oci:06480272852-062101605083,omid:br/06480272852,omid:br/062101605083
oci:06480272852-062303711052,omid:br/06480272852,omid:br/062303711052
oci:06480272852-06104547547,omid:br/06480272852,omid:br/06104547547
oci:06450269690-06140831371,omid:br/06450269690,omid:br/06140831371
oci:06460272865-062604129828,omid:br/06460272865,omid:br/062604129828
oci:06460272865-061404006422,omid:br/06460272865,omid:br/061404006422
oci:06460272865-0604838055,omid:br/06460272865,omid:br/0604838055
oci:06320264847-063905472,omid:br/06320264847,omid:br/063905472
oci:06320264847-06401161831,omid:br/06320264847,omid:br/06401161831
oci:06320264847-0650473173,omid:br/06320264847,omid:br/0650473173
oci:06320264847-06420276055,omid:br/06320264847,omid:br/06420276055
oci:06320264847-062504112272,omid:br/06320264847,omid:br/062504112272
oci:06520268819-06401161658,omid:br/06520268819,omid:br/06401161658
oci:0604032288-06140351510,omid:br/0604032288,omid:br/06140351510
oci:0604032288-062203505662,omid:br/0604032288,omid:br/062203505662
oci:0604032288-06250874277,omid:br/0604032288,omid:br/06250874277
oci:0604032288-0620461233,omid:br/0604032288,omid:br/0620461233
oci:06360266984-06602425245,omid:br/06360266984,omid:br/06602425245
oci:06360266984-06602425087,omid:br/06360266984,omid:br/06602425087
oci:06360266984-061102053545,omid:br/06360266984,omid:br/061102053545
oci:06360266984-06160898763,omid:br/06360266984,omid:br/06160898763
oci:06270286380-062601005906,omid:br/06270286380,omid:br/062601005906
oci:06270286380-062601005400,omid:br/06270286380,omid:br/062601005400
oci:06270286380-06210979187,omid:br/06270286380,omid:br/06210979187
oci:06270286380-06101004625,omid:br/06270286380,omid:br/06101004625
oci:06270286380-06101005059,omid:br/06270286380,omid:br/06101005059
oci:06270286380-06703458825,omid:br/06270286380,omid:br/06703458825
oci:06704332516-06401161487,omid:br/06704332516,omid:br/06401161487
oci:06704332516-06301152851,omid:br/06704332516,omid:br/06301152851
oci:06704332516-06804543286,omid:br/06704332516,omid:br/06804543286
oci:06704332516-06904150683,omid:br/06704332516,omid:br/06904150683
oci:06704332516-06804543209,omid:br/06704332516,omid:br/06804543209
oci:06450270457-061101168534,omid:br/06450270457,omid:br/061101168534
oci:06450270457-06603520249,omid:br/06450270457,omid:br/06603520249
oci:06450270457-06902067095,omid:br/06450270457,omid:br/06902067095
oci:06450270457-06260225601,omid:br/06450270457,omid:br/06260225601
oci:06450270457-06150897343,omid:br/06450270457,omid:br/06150897343
oci:06310272275-062601150990,omid:br/06310272275,omid:br/062601150990
oci:06310272275-062501122427,omid:br/06310272275,omid:br/062501122427
oci:06270285977-06501163568,omid:br/06270285977,omid:br/06501163568
oci:06270285977-062202222836,omid:br/06270285977,omid:br/062202222836
oci:06270285977-061503954478,omid:br/06270285977,omid:br/061503954478
oci:06270285977-0604377627,omid:br/06270285977,omid:br/0604377627
oci:06270285977-061503965466,omid:br/06270285977,omid:br/061503965466
oci:06270285977-0627050037,omid:br/06270285977,omid:br/0627050037
oci:06330278388-0620992462,omid:br/06330278388,omid:br/0620992462
oci:06330278388-061701504215,omid:br/06330278388,omid:br/061701504215
oci:06330278388-062601005672,omid:br/06330278388,omid:br/062601005672
oci:06330278388-06210878131,omid:br/06330278388,omid:br/06210878131
oci:06330278388-06604592154,omid:br/06330278388,omid:br/06604592154
oci:06330278388-06201156569,omid:br/06330278388,omid:br/06201156569
oci:06330278388-062403716331,omid:br/06330278388,omid:br/062403716331
oci:06330278388-062303710961,omid:br/06330278388,omid:br/062303710961
oci:06330278388-06250875284,omid:br/06330278388,omid:br/06250875284
oci:06330278388-0660824477,omid:br/06330278388,omid:br/0660824477
oci:06330278388-06250874768,omid:br/06330278388,omid:br/06250874768
oci:06330278388-06901162366,omid:br/06330278388,omid:br/06901162366
oci:06330278388-0620991985,omid:br/06330278388,omid:br/0620991985
oci:06330278388-0620992183,omid:br/06330278388,omid:br/0620992183
oci:06330278388-061601584083,omid:br/06330278388,omid:br/061601584083
oci:06330278388-06301153027,omid:br/06330278388,omid:br/06301153027
oci:06330278388-06604592155,omid:br/06330278388,omid:br/06604592155
oci:06330278388-06801156779,omid:br/06330278388,omid:br/06801156779
oci:06330278388-0627050037,omid:br/06330278388,omid:br/0627050037
oci:06330278388-06210472289,omid:br/06330278388,omid:br/06210472289
oci:06330278388-0640475109,omid:br/06330278388,omid:br/0640475109
oci:06330278388-06210471992,omid:br/06330278388,omid:br/06210471992
oci:06330278388-06101005351,omid:br/06330278388,omid:br/06101005351
oci:0604006448-06210878523,omid:br/0604006448,omid:br/06210878523
oci:06504555430-062403716111,omid:br/06504555430,omid:br/062403716111
oci:06504555430-06170734841,omid:br/06504555430,omid:br/06170734841
oci:06504555430-062203478483,omid:br/06504555430,omid:br/062203478483
oci:06504555430-062402416493,omid:br/06504555430,omid:br/062402416493
oci:06370278134-06380271410,omid:br/06370278134,omid:br/06380271410
oci:06370278134-0604838051,omid:br/06370278134,omid:br/0604838051
oci:06504555638-06301031415,omid:br/06504555638,omid:br/06301031415
oci:06504555638-06101005336,omid:br/06504555638,omid:br/06101005336
oci:06504555638-06104196424,omid:br/06504555638,omid:br/06104196424
oci:06504555638-06101165800,omid:br/06504555638,omid:br/06101165800
oci:06504555638-061403710662,omid:br/06504555638,omid:br/061403710662
oci:06504555638-061801241208,omid:br/06504555638,omid:br/061801241208
oci:0604006476-06101518999,omid:br/0604006476,omid:br/06101518999
oci:0604006476-06190454302,omid:br/0604006476,omid:br/06190454302
oci:0604006476-06180452800,omid:br/0604006476,omid:br/06180452800
oci:0604006476-06120703077,omid:br/0604006476,omid:br/06120703077
oci:0604006476-0680718280,omid:br/0604006476,omid:br/0680718280
oci:0604006476-06401162034,omid:br/0604006476,omid:br/06401162034
oci:0604006476-06403909510,omid:br/0604006476,omid:br/06403909510
oci:0604006476-06370246450,omid:br/0604006476,omid:br/06370246450
oci:06420276356-06170317033,omid:br/06420276356,omid:br/06170317033
oci:06310271523-06904150619,omid:br/06310271523,omid:br/06904150619
oci:06310271523-06904150563,omid:br/06310271523,omid:br/06904150563
oci:06310271523-06270286568,omid:br/06310271523,omid:br/06270286568
oci:06310271523-06410278980,omid:br/06310271523,omid:br/06410278980
oci:06310271523-06104547465,omid:br/06310271523,omid:br/06104547465
oci:06310271523-06280288287,omid:br/06310271523,omid:br/06280288287
oci:06450269577-062402121017,omid:br/06450269577,omid:br/062402121017
oci:06450269577-061902126526,omid:br/06450269577,omid:br/061902126526
oci:06450269577-06260280482,omid:br/06450269577,omid:br/06260280482
oci:06450269577-062301144392,omid:br/06450269577,omid:br/062301144392
oci:06450269577-062303711604,omid:br/06450269577,omid:br/062303711604
oci:06340279443-061403643312,omid:br/06340279443,omid:br/061403643312
oci:06340279443-06203162946,omid:br/06340279443,omid:br/06203162946
oci:06340279443-06230676243,omid:br/06340279443,omid:br/06230676243
oci:06340279443-06602615048,omid:br/06340279443,omid:br/06602615048
oci:061604011507-0643026702,omid:br/061604011507,omid:br/0643026702
oci:061604011507-061601250202,omid:br/061604011507,omid:br/061601250202
oci:061604011507-061701245902,omid:br/061604011507,omid:br/061701245902
oci:061604011507-0647025009,omid:br/061604011507,omid:br/0647025009
oci:062104090379-06601156856,omid:br/062104090379,omid:br/06601156856
oci:062104090379-062104090456,omid:br/062104090379,omid:br/062104090456
oci:061604011611-062303338694,omid:br/061604011611,omid:br/062303338694
oci:061604011611-062303338993,omid:br/061604011611,omid:br/062303338993
oci:061604011611-062303338996,omid:br/061604011611,omid:br/062303338996
oci:061604011611-06170348385,omid:br/061604011611,omid:br/06170348385
oci:061604011611-06130347247,omid:br/061604011611,omid:br/06130347247
oci:061604011611-0690360847,omid:br/061604011611,omid:br/0690360847
oci:061604011611-062303339205,omid:br/061604011611,omid:br/062303339205
oci:061604011611-06170349363,omid:br/061604011611,omid:br/06170349363
oci:061604011611-06170349292,omid:br/061604011611,omid:br/06170349292
oci:061704015396-06480228205,omid:br/061704015396,omid:br/06480228205
oci:061704015396-06804542933,omid:br/061704015396,omid:br/06804542933
oci:06270286324-061801153241,omid:br/06270286324,omid:br/061801153241
oci:0604040936-06701162076,omid:br/0604040936,omid:br/06701162076
oci:0604040936-061801152978,omid:br/0604040936,omid:br/061801152978
oci:0604040936-06440270007,omid:br/0604040936,omid:br/06440270007
oci:0604314171-0632031244,omid:br/0604314171,omid:br/0632031244
oci:0604314171-06170734607,omid:br/0604314171,omid:br/06170734607
oci:0604314171-062203478355,omid:br/0604314171,omid:br/062203478355
oci:06320265534-062604197956,omid:br/06320265534,omid:br/062604197956
oci:06410278592-061701791055,omid:br/06410278592,omid:br/061701791055
oci:06410278592-0620356910,omid:br/06410278592,omid:br/0620356910
oci:06410278592-06120350883,omid:br/06410278592,omid:br/06120350883
oci:06410278592-061090444,omid:br/06410278592,omid:br/061090444
oci:061704015187-06401033676,omid:br/061704015187,omid:br/06401033676
oci:0604006429-0660994870,omid:br/0604006429,omid:br/0660994870
oci:0604006429-0680992235,omid:br/0604006429,omid:br/0680992235
oci:0604006429-062503727164,omid:br/0604006429,omid:br/062503727164
oci:0604006429-06140891093,omid:br/0604006429,omid:br/06140891093
oci:0604006429-062604130104,omid:br/0604006429,omid:br/062604130104
oci:06360267048-062601005450,omid:br/06360267048,omid:br/062601005450
oci:06360267048-061602228911,omid:br/06360267048,omid:br/061602228911
oci:06360267048-062601166871,omid:br/06360267048,omid:br/062601166871
oci:06360267048-061704015368,omid:br/06360267048,omid:br/061704015368
oci:06360267048-061303990806,omid:br/06360267048,omid:br/061303990806
oci:061704015318-06140891612,omid:br/061704015318,omid:br/06140891612
oci:061704015318-06210472289,omid:br/061704015318,omid:br/06210472289
oci:061704015318-06380271403,omid:br/061704015318,omid:br/06380271403
oci:06480273091-061104094705,omid:br/06480273091,omid:br/061104094705
oci:06480273091-062303901074,omid:br/06480273091,omid:br/062303901074
oci:06480273091-06204177997,omid:br/06480273091,omid:br/06204177997
oci:06480273091-061303990806,omid:br/06480273091,omid:br/061303990806
oci:06320265598-062303338690,omid:br/06320265598,omid:br/062303338690
oci:06320265598-0620351274,omid:br/06320265598,omid:br/0620351274
oci:06320265598-06250349480,omid:br/06320265598,omid:br/06250349480
oci:06320265598-06240343940,omid:br/06320265598,omid:br/06240343940
oci:06370278145-061104136093,omid:br/06370278145,omid:br/061104136093
oci:06370278145-061104136094,omid:br/06370278145,omid:br/061104136094
oci:06370278145-061901025810,omid:br/06370278145,omid:br/061901025810
oci:06370278145-061104136095,omid:br/06370278145,omid:br/061104136095
oci:06370278145-061104136096,omid:br/06370278145,omid:br/061104136096
oci:06370278145-061104136097,omid:br/06370278145,omid:br/061104136097
oci:06504555507-0620674636,omid:br/06504555507,omid:br/0620674636
oci:06504555507-06701021574,omid:br/06504555507,omid:br/06701021574
oci:06504555507-06701695478,omid:br/06504555507,omid:br/06701695478
oci:06390282759-06101004907,omid:br/06390282759,omid:br/06101004907
oci:06390282759-06504575593,omid:br/06390282759,omid:br/06504575593
oci:06390282759-06490355143,omid:br/06390282759,omid:br/06490355143
oci:06390282759-06250856556,omid:br/06390282759,omid:br/06250856556
oci:06390282759-0620992486,omid:br/06390282759,omid:br/0620992486
oci:06504555636-06303729847,omid:br/06504555636,omid:br/06303729847
oci:06504555636-0646066243,omid:br/06504555636,omid:br/0646066243
oci:06504555636-0640141704,omid:br/06504555636,omid:br/0640141704
oci:06504555636-061601211047,omid:br/06504555636,omid:br/061601211047
oci:06420276028-0604006402,omid:br/06420276028,omid:br/0604006402
oci:06420276028-06380271429,omid:br/06420276028,omid:br/06380271429
oci:06304533178-06170349122,omid:br/06304533178,omid:br/06170349122
oci:06304533178-06250763934,omid:br/06304533178,omid:br/06250763934
oci:06304533178-061202731340,omid:br/06304533178,omid:br/061202731340
oci:06304533178-0620439606,omid:br/06304533178,omid:br/0620439606
oci:06304533178-061803588127,omid:br/06304533178,omid:br/061803588127
oci:06304533178-0631067685,omid:br/06304533178,omid:br/0631067685
oci:06304533178-061703512099,omid:br/06304533178,omid:br/061703512099
oci:06304533178-061503970859,omid:br/06304533178,omid:br/061503970859
oci:06304533178-061803516431,omid:br/06304533178,omid:br/061803516431
oci:06304533178-06110361966,omid:br/06304533178,omid:br/06110361966
oci:06304533178-06702454216,omid:br/06304533178,omid:br/06702454216
oci:06304533178-062303339102,omid:br/06304533178,omid:br/062303339102
oci:06304533178-061503970860,omid:br/06304533178,omid:br/061503970860
oci:06304533178-06201029614,omid:br/06304533178,omid:br/06201029614
oci:06304533178-06601811000,omid:br/06304533178,omid:br/06601811000
oci:06330277762-061802873948,omid:br/06330277762,omid:br/061802873948
oci:06330277762-061804074999,omid:br/06330277762,omid:br/061804074999
oci:06320264683-06404139881,omid:br/06320264683,omid:br/06404139881
oci:06320264683-062601166469,omid:br/06320264683,omid:br/062601166469
oci:06320264683-062601005675,omid:br/06320264683,omid:br/062601005675
oci:06320264683-062501138638,omid:br/06320264683,omid:br/062501138638
oci:06320264683-06250978998,omid:br/06320264683,omid:br/06250978998
oci:06320264683-061804094609,omid:br/06320264683,omid:br/061804094609
oci:0604187684-062504112473,omid:br/0604187684,omid:br/062504112473
oci:0604187684-062404117151,omid:br/0604187684,omid:br/062404117151
oci:0604187684-06370277668,omid:br/0604187684,omid:br/06370277668
oci:0604187684-0604119273,omid:br/0604187684,omid:br/0604119273
oci:0604187684-06370277711,omid:br/0604187684,omid:br/06370277711
oci:0604187684-06480273491,omid:br/0604187684,omid:br/06480273491
oci:0604643416-062904964,omid:br/0604643416,omid:br/062904964
oci:0604643416-06220261075,omid:br/0604643416,omid:br/06220261075
oci:06380271659-061802212585,omid:br/06380271659,omid:br/061802212585
oci:06380271659-0620845915,omid:br/06380271659,omid:br/0620845915
oci:06380271659-06504555436,omid:br/06380271659,omid:br/06504555436
oci:06270285897-062201838887,omid:br/06270285897,omid:br/062201838887
oci:06270285897-06230201455,omid:br/06270285897,omid:br/06230201455
oci:06270285897-06170447874,omid:br/06270285897,omid:br/06170447874
oci:06270285897-061101487827,omid:br/06270285897,omid:br/061101487827
oci:06270285897-06140815017,omid:br/06270285897,omid:br/06140815017
oci:06270285897-063408140,omid:br/06270285897,omid:br/063408140
oci:06270285897-061902425105,omid:br/06270285897,omid:br/061902425105
oci:06390281512-06220882913,omid:br/06390281512,omid:br/06220882913
oci:06390281512-06370277744,omid:br/06390281512,omid:br/06370277744
oci:06390281512-061704015731,omid:br/06390281512,omid:br/061704015731
oci:06440269959-06201509164,omid:br/06440269959,omid:br/06201509164
oci:06440269959-06504078783,omid:br/06440269959,omid:br/06504078783
oci:06440269959-061301498460,omid:br/06440269959,omid:br/061301498460
oci:06440269959-062601166670,omid:br/06440269959,omid:br/062601166670
oci:06440269959-062103043957,omid:br/06440269959,omid:br/062103043957
oci:06440269959-062204138857,omid:br/06440269959,omid:br/062204138857
oci:06440269959-062602443416,omid:br/06440269959,omid:br/062602443416
oci:06390282778-0631028511,omid:br/06390282778,omid:br/0631028511
oci:06304533117-0660906676,omid:br/06304533117,omid:br/0660906676
oci:06304533117-0640269618,omid:br/06304533117,omid:br/0640269618
oci:06304533117-061902126078,omid:br/06304533117,omid:br/061902126078
oci:0604618330-061501077070,omid:br/0604618330,omid:br/061501077070
oci:0604618330-061401062922,omid:br/0604618330,omid:br/061401062922
oci:0604618330-06602425378,omid:br/0604618330,omid:br/06602425378
oci:0604618330-06104158610,omid:br/0604618330,omid:br/06104158610
oci:0604618330-061104110155,omid:br/0604618330,omid:br/061104110155
oci:0604618330-06202840392,omid:br/0604618330,omid:br/06202840392
oci:06330278369-06430272040,omid:br/06330278369,omid:br/06430272040
oci:06330278369-062604102084,omid:br/06330278369,omid:br/062604102084
oci:06330278369-0604838061,omid:br/06330278369,omid:br/0604838061
oci:06340279490-06240964526,omid:br/06340279490,omid:br/06240964526
oci:06340279490-06190356582,omid:br/06340279490,omid:br/06190356582
oci:06340279490-06240865721,omid:br/06340279490,omid:br/06240865721
oci:06340279490-062302698031,omid:br/06340279490,omid:br/062302698031
oci:06340279490-061702703930,omid:br/06340279490,omid:br/061702703930
oci:06340279490-06230880683,omid:br/06340279490,omid:br/06230880683
oci:06340279490-06480273556,omid:br/06340279490,omid:br/06480273556
oci:061704015373-0604838082,omid:br/061704015373,omid:br/0604838082
oci:061704015373-061303990791,omid:br/061704015373,omid:br/061303990791
oci:061704015373-06360267320,omid:br/061704015373,omid:br/06360267320
oci:06390283113-06101165979,omid:br/06390283113,omid:br/06101165979
oci:06390283113-061102766259,omid:br/06390283113,omid:br/061102766259
oci:06390283113-06803162563,omid:br/06390283113,omid:br/06803162563
oci:06390283113-0620992441,omid:br/06390283113,omid:br/0620992441
oci:06390283113-062501322988,omid:br/06390283113,omid:br/062501322988
oci:06390283113-061802745141,omid:br/06390283113,omid:br/061802745141
oci:06390283113-0604838022,omid:br/06390283113,omid:br/0604838022
oci:06390283113-062402121805,omid:br/06390283113,omid:br/062402121805
oci:06390283113-06101165443,omid:br/06390283113,omid:br/06101165443
oci:06390283113-0670472107,omid:br/06390283113,omid:br/0670472107
oci:0604006382-061101251919,omid:br/0604006382,omid:br/061101251919
oci:0604006382-0604838038,omid:br/0604006382,omid:br/0604838038
oci:0604006382-061701460923,omid:br/0604006382,omid:br/061701460923
oci:0604006382-06101388458,omid:br/0604006382,omid:br/06101388458
oci:0604006382-06201156876,omid:br/0604006382,omid:br/06201156876
oci:0604006382-06230880527,omid:br/0604006382,omid:br/06230880527
oci:0604006382-06604138740,omid:br/0604006382,omid:br/06604138740
oci:0604006382-0670528404,omid:br/0604006382,omid:br/0670528404
oci:0604006382-0640489272,omid:br/0604006382,omid:br/0640489272
oci:0604006382-06402858121,omid:br/0604006382,omid:br/06402858121
oci:0604006382-06104547444,omid:br/0604006382,omid:br/06104547444
oci:0604006382-06804542965,omid:br/0604006382,omid:br/06804542965
oci:06330278059-06101004688,omid:br/06330278059,omid:br/06101004688
oci:06330278059-06401033918,omid:br/06330278059,omid:br/06401033918
oci:06104547595-06404572422,omid:br/06104547595,omid:br/06404572422
oci:061904099539-06401033597,omid:br/061904099539,omid:br/06401033597
oci:0604004022-06240965324,omid:br/0604004022,omid:br/06240965324
oci:0604004022-062501138576,omid:br/0604004022,omid:br/062501138576
oci:06904150426-0690357995,omid:br/06904150426,omid:br/0690357995
oci:06370278081-061301242642,omid:br/06370278081,omid:br/061301242642
oci:06370278081-061401232649,omid:br/06370278081,omid:br/061401232649
oci:06370278081-06110869675,omid:br/06370278081,omid:br/06110869675
oci:06370278081-061501734431,omid:br/06370278081,omid:br/061501734431
oci:06370278081-0647025000,omid:br/06370278081,omid:br/0647025000
oci:06370278081-061203487670,omid:br/06370278081,omid:br/061203487670
oci:06370278081-0636027311,omid:br/06370278081,omid:br/0636027311
oci:06370278081-06403909545,omid:br/06370278081,omid:br/06403909545
oci:06370278081-06104197236,omid:br/06370278081,omid:br/06104197236
oci:06370278081-0637028309,omid:br/06370278081,omid:br/0637028309
oci:06204545337-061303954165,omid:br/06204545337,omid:br/061303954165
oci:06204545337-06404572440,omid:br/06204545337,omid:br/06404572440
oci:061303990764-06104196791,omid:br/061303990764,omid:br/06104196791
oci:061303990764-06104197219,omid:br/061303990764,omid:br/06104197219
oci:0604019527-06704535348,omid:br/0604019527,omid:br/06704535348
oci:0604019527-06804561840,omid:br/0604019527,omid:br/06804561840
oci:0604019527-06703900306,omid:br/0604019527,omid:br/06703900306
oci:062303578253-06130811958,omid:br/062303578253,omid:br/06130811958
oci:062303578253-0620992023,omid:br/062303578253,omid:br/0620992023
oci:062303578253-06240865628,omid:br/062303578253,omid:br/06240865628
oci:062504112285-06370246444,omid:br/062504112285,omid:br/06370246444
oci:062504112285-061104148757,omid:br/062504112285,omid:br/061104148757
oci:062504112285-06360267256,omid:br/062504112285,omid:br/06360267256
